hyperparameter_set,average_roc_auc,model_path,timestamp
"{'learning_rate': 0.01, 'num_leaves': 150, 'max_depth': -1, 'min_data_in_leaf': 50, 'feature_fraction': 1.0, 'lambda_l1': 0.1, 'lambda_l2': 1.0, 'min_gain_to_split': 0.1, 'max_bin': 255, 'boosting_type': 'gbdt', 'bagging_fraction': 0.8, 'bagging_freq': 10, 'bagging_seed': 100}",0.4953734186174608,C:\Users\CsP\Desktop\stock_project_king_of_the_hill\saved_models\final_lightgbm_model_delta_t_12.pkl,20241102_125828
"{'learning_rate': 0.01, 'num_leaves': 150, 'max_depth': -1, 'min_data_in_leaf': 50, 'feature_fraction': 1.0, 'lambda_l1': 0.1, 'lambda_l2': 1.0, 'min_gain_to_split': 0.1, 'max_bin': 255, 'boosting_type': 'gbdt', 'bagging_fraction': 0.8, 'bagging_freq': 10, 'bagging_seed': 100}",0.47345505897761697,C:\Users\CsP\Desktop\stock_project_king_of_the_hill\saved_models\final_lightgbm_model_delta_t_15.pkl,20241102_125835
"{'learning_rate': 0.01, 'num_leaves': 150, 'max_depth': -1, 'min_data_in_leaf': 50, 'feature_fraction': 1.0, 'lambda_l1': 0.1, 'lambda_l2': 1.0, 'min_gain_to_split': 0.1, 'max_bin': 255, 'boosting_type': 'gbdt', 'bagging_fraction': 0.8, 'bagging_freq': 10, 'bagging_seed': 100}",0.4919466520852625,C:\Users\CsP\Desktop\stock_project_king_of_the_hill\saved_models\final_lightgbm_model_delta_t_16.pkl,20241102_125841
"{'learning_rate': 0.01, 'num_leaves': 150, 'max_depth': -1, 'min_data_in_leaf': 50, 'feature_fraction': 1.0, 'lambda_l1': 0.1, 'lambda_l2': 1.0, 'min_gain_to_split': 0.1, 'max_bin': 255, 'boosting_type': 'gbdt', 'bagging_fraction': 0.8, 'bagging_freq': 10, 'bagging_seed': 100}",0.46439082332923753,C:\Users\CsP\Desktop\stock_project_king_of_the_hill\saved_models\final_lightgbm_model_delta_t_17.pkl,20241102_125847
"{'learning_rate': 0.01, 'num_leaves': 150, 'max_depth': -1, 'min_data_in_leaf': 50, 'feature_fraction': 1.0, 'lambda_l1': 0.1, 'lambda_l2': 1.0, 'min_gain_to_split': 0.1, 'max_bin': 255, 'boosting_type': 'gbdt', 'bagging_fraction': 0.8, 'bagging_freq': 10, 'bagging_seed': 100}",0.4634779344182497,C:\Users\CsP\Desktop\stock_project_king_of_the_hill\saved_models\final_lightgbm_model_delta_t_18.pkl,20241102_125853
"{'learning_rate': 0.01, 'num_leaves': 150, 'max_depth': -1, 'min_data_in_leaf': 50, 'feature_fraction': 1.0, 'lambda_l1': 0.1, 'lambda_l2': 1.0, 'min_gain_to_split': 0.1, 'max_bin': 255, 'boosting_type': 'gbdt', 'bagging_fraction': 0.8, 'bagging_freq': 10, 'bagging_seed': 100}",0.44210064535925964,C:\Users\CsP\Desktop\stock_project_king_of_the_hill\saved_models\final_lightgbm_model_delta_t_19.pkl,20241102_125859
"{'learning_rate': 0.01, 'num_leaves': 150, 'max_depth': -1, 'min_data_in_leaf': 50, 'feature_fraction': 1.0, 'lambda_l1': 0.1, 'lambda_l2': 1.0, 'min_gain_to_split': 0.1, 'max_bin': 255, 'boosting_type': 'gbdt', 'bagging_fraction': 0.8, 'bagging_freq': 10, 'bagging_seed': 100}",0.4705358099038975,C:\Users\CsP\Desktop\stock_project_king_of_the_hill\saved_models\final_lightgbm_model_delta_t_25.pkl,20241102_125905
"{'learning_rate': 0.01, 'num_leaves': 150, 'max_depth': -1, 'min_data_in_leaf': 50, 'feature_fraction': 1.0, 'lambda_l1': 0.1, 'lambda_l2': 1.0, 'min_gain_to_split': 0.1, 'max_bin': 255, 'boosting_type': 'gbdt', 'bagging_fraction': 0.8, 'bagging_freq': 10, 'bagging_seed': 100}",0.4842680058990867,C:\Users\CsP\Desktop\stock_project_king_of_the_hill\saved_models\final_lightgbm_model_delta_t_30.pkl,20241102_125911
"{'learning_rate': 0.01, 'num_leaves': 150, 'max_depth': -1, 'min_data_in_leaf': 50, 'feature_fraction': 1.0, 'lambda_l1': 0.1, 'lambda_l2': 1.0, 'min_gain_to_split': 0.1, 'max_bin': 255, 'boosting_type': 'gbdt', 'bagging_fraction': 0.8, 'bagging_freq': 10, 'bagging_seed': 100}",0.44552109573113335,C:\Users\CsP\Desktop\stock_project_king_of_the_hill\saved_models\final_lightgbm_model_delta_t_32.pkl,20241102_125918
"{'learning_rate': 0.01, 'num_leaves': 150, 'max_depth': -1, 'min_data_in_leaf': 50, 'feature_fraction': 1.0, 'lambda_l1': 0.1, 'lambda_l2': 1.0, 'min_gain_to_split': 0.1, 'max_bin': 255, 'boosting_type': 'gbdt', 'bagging_fraction': 0.8, 'bagging_freq': 10, 'bagging_seed': 100}",0.49421838300592225,C:\Users\CsP\Desktop\stock_project_king_of_the_hill\saved_models\final_lightgbm_model_delta_t_35.pkl,20241102_125924
"{'learning_rate': 0.01, 'num_leaves': 150, 'max_depth': -1, 'min_data_in_leaf': 50, 'feature_fraction': 1.0, 'lambda_l1': 0.1, 'lambda_l2': 1.0, 'min_gain_to_split': 0.1, 'max_bin': 255, 'boosting_type': 'gbdt', 'bagging_fraction': 0.8, 'bagging_freq': 10, 'bagging_seed': 100}",0.4467106616011211,C:\Users\CsP\Desktop\stock_project_king_of_the_hill\saved_models\final_lightgbm_model_delta_t_36.pkl,20241102_125930
"{'learning_rate': 0.01, 'num_leaves': 150, 'max_depth': -1, 'min_data_in_leaf': 50, 'feature_fraction': 1.0, 'lambda_l1': 0.1, 'lambda_l2': 1.0, 'min_gain_to_split': 0.1, 'max_bin': 255, 'boosting_type': 'gbdt', 'bagging_fraction': 0.8, 'bagging_freq': 10, 'bagging_seed': 100}",0.5085414181991063,C:\Users\CsP\Desktop\stock_project_king_of_the_hill\saved_models\final_lightgbm_model_delta_t_38.pkl,20241102_125937
"{'learning_rate': 0.01, 'num_leaves': 150, 'max_depth': -1, 'min_data_in_leaf': 50, 'feature_fraction': 1.0, 'lambda_l1': 0.1, 'lambda_l2': 1.0, 'min_gain_to_split': 0.1, 'max_bin': 255, 'boosting_type': 'gbdt', 'bagging_fraction': 0.8, 'bagging_freq': 10, 'bagging_seed': 100}",0.5116113050967416,C:\Users\CsP\Desktop\stock_project_king_of_the_hill\saved_models\final_lightgbm_model_delta_t_40.pkl,20241102_125943
"{'learning_rate': 0.2, 'num_leaves': 31, 'max_depth': -1, 'min_data_in_leaf': 20, 'feature_fraction': 0.6, 'lambda_l1': 0, 'lambda_l2': 0.1, 'min_gain_to_split': 1.0, 'max_bin': 500, 'boosting_type': 'gbdt', 'bagging_fraction': 0.6, 'bagging_freq': 5, 'bagging_seed': 100}",0.46346982828118166,C:\Users\CsP\Desktop\stock_project_king_of_the_hill\saved_models\final_lightgbm_model_delta_t_12.pkl,20241102_125954
"{'learning_rate': 0.2, 'num_leaves': 31, 'max_depth': -1, 'min_data_in_leaf': 20, 'feature_fraction': 0.6, 'lambda_l1': 0, 'lambda_l2': 0.1, 'min_gain_to_split': 1.0, 'max_bin': 500, 'boosting_type': 'gbdt', 'bagging_fraction': 0.6, 'bagging_freq': 5, 'bagging_seed': 100}",0.47720798875497106,C:\Users\CsP\Desktop\stock_project_king_of_the_hill\saved_models\final_lightgbm_model_delta_t_15.pkl,20241102_130000
"{'learning_rate': 0.2, 'num_leaves': 31, 'max_depth': -1, 'min_data_in_leaf': 20, 'feature_fraction': 0.6, 'lambda_l1': 0, 'lambda_l2': 0.1, 'min_gain_to_split': 1.0, 'max_bin': 500, 'boosting_type': 'gbdt', 'bagging_fraction': 0.6, 'bagging_freq': 5, 'bagging_seed': 100}",0.4296778565566875,C:\Users\CsP\Desktop\stock_project_king_of_the_hill\saved_models\final_lightgbm_model_delta_t_16.pkl,20241102_130006
"{'learning_rate': 0.2, 'num_leaves': 31, 'max_depth': -1, 'min_data_in_leaf': 20, 'feature_fraction': 0.6, 'lambda_l1': 0, 'lambda_l2': 0.1, 'min_gain_to_split': 1.0, 'max_bin': 500, 'boosting_type': 'gbdt', 'bagging_fraction': 0.6, 'bagging_freq': 5, 'bagging_seed': 100}",0.44868571841726224,C:\Users\CsP\Desktop\stock_project_king_of_the_hill\saved_models\final_lightgbm_model_delta_t_17.pkl,20241102_130012
"{'learning_rate': 0.2, 'num_leaves': 31, 'max_depth': -1, 'min_data_in_leaf': 20, 'feature_fraction': 0.6, 'lambda_l1': 0, 'lambda_l2': 0.1, 'min_gain_to_split': 1.0, 'max_bin': 500, 'boosting_type': 'gbdt', 'bagging_fraction': 0.6, 'bagging_freq': 5, 'bagging_seed': 100}",0.4954084318889289,C:\Users\CsP\Desktop\stock_project_king_of_the_hill\saved_models\final_lightgbm_model_delta_t_18.pkl,20241102_130019
"{'learning_rate': 0.2, 'num_leaves': 31, 'max_depth': -1, 'min_data_in_leaf': 20, 'feature_fraction': 0.6, 'lambda_l1': 0, 'lambda_l2': 0.1, 'min_gain_to_split': 1.0, 'max_bin': 500, 'boosting_type': 'gbdt', 'bagging_fraction': 0.6, 'bagging_freq': 5, 'bagging_seed': 100}",0.46576733521649505,C:\Users\CsP\Desktop\stock_project_king_of_the_hill\saved_models\final_lightgbm_model_delta_t_19.pkl,20241102_130025
"{'learning_rate': 0.2, 'num_leaves': 31, 'max_depth': -1, 'min_data_in_leaf': 20, 'feature_fraction': 0.6, 'lambda_l1': 0, 'lambda_l2': 0.1, 'min_gain_to_split': 1.0, 'max_bin': 500, 'boosting_type': 'gbdt', 'bagging_fraction': 0.6, 'bagging_freq': 5, 'bagging_seed': 100}",0.5075617768816423,C:\Users\CsP\Desktop\stock_project_king_of_the_hill\saved_models\final_lightgbm_model_delta_t_25.pkl,20241102_130031
"{'learning_rate': 0.2, 'num_leaves': 31, 'max_depth': -1, 'min_data_in_leaf': 20, 'feature_fraction': 0.6, 'lambda_l1': 0, 'lambda_l2': 0.1, 'min_gain_to_split': 1.0, 'max_bin': 500, 'boosting_type': 'gbdt', 'bagging_fraction': 0.6, 'bagging_freq': 5, 'bagging_seed': 100}",0.5022911582415556,C:\Users\CsP\Desktop\stock_project_king_of_the_hill\saved_models\final_lightgbm_model_delta_t_30.pkl,20241102_130037
"{'learning_rate': 0.2, 'num_leaves': 31, 'max_depth': -1, 'min_data_in_leaf': 20, 'feature_fraction': 0.6, 'lambda_l1': 0, 'lambda_l2': 0.1, 'min_gain_to_split': 1.0, 'max_bin': 500, 'boosting_type': 'gbdt', 'bagging_fraction': 0.6, 'bagging_freq': 5, 'bagging_seed': 100}",0.45822236953357975,C:\Users\CsP\Desktop\stock_project_king_of_the_hill\saved_models\final_lightgbm_model_delta_t_32.pkl,20241102_130043
"{'learning_rate': 0.2, 'num_leaves': 31, 'max_depth': -1, 'min_data_in_leaf': 20, 'feature_fraction': 0.6, 'lambda_l1': 0, 'lambda_l2': 0.1, 'min_gain_to_split': 1.0, 'max_bin': 500, 'boosting_type': 'gbdt', 'bagging_fraction': 0.6, 'bagging_freq': 5, 'bagging_seed': 100}",0.534754098148593,C:\Users\CsP\Desktop\stock_project_king_of_the_hill\saved_models\final_lightgbm_model_delta_t_35.pkl,20241102_130049
"{'learning_rate': 0.2, 'num_leaves': 31, 'max_depth': -1, 'min_data_in_leaf': 20, 'feature_fraction': 0.6, 'lambda_l1': 0, 'lambda_l2': 0.1, 'min_gain_to_split': 1.0, 'max_bin': 500, 'boosting_type': 'gbdt', 'bagging_fraction': 0.6, 'bagging_freq': 5, 'bagging_seed': 100}",0.4772930693244152,C:\Users\CsP\Desktop\stock_project_king_of_the_hill\saved_models\final_lightgbm_model_delta_t_36.pkl,20241102_130055
"{'learning_rate': 0.2, 'num_leaves': 31, 'max_depth': -1, 'min_data_in_leaf': 20, 'feature_fraction': 0.6, 'lambda_l1': 0, 'lambda_l2': 0.1, 'min_gain_to_split': 1.0, 'max_bin': 500, 'boosting_type': 'gbdt', 'bagging_fraction': 0.6, 'bagging_freq': 5, 'bagging_seed': 100}",0.5395293006695239,C:\Users\CsP\Desktop\stock_project_king_of_the_hill\saved_models\final_lightgbm_model_delta_t_38.pkl,20241102_130102
"{'learning_rate': 0.2, 'num_leaves': 31, 'max_depth': -1, 'min_data_in_leaf': 20, 'feature_fraction': 0.6, 'lambda_l1': 0, 'lambda_l2': 0.1, 'min_gain_to_split': 1.0, 'max_bin': 500, 'boosting_type': 'gbdt', 'bagging_fraction': 0.6, 'bagging_freq': 5, 'bagging_seed': 100}",0.5984656990662207,C:\Users\CsP\Desktop\stock_project_king_of_the_hill\saved_models\final_lightgbm_model_delta_t_40.pkl,20241102_130108
"{'learning_rate': 0.1, 'num_leaves': 31, 'max_depth': 30, 'min_data_in_leaf': 20, 'feature_fraction': 1.0, 'lambda_l1': 0.1, 'lambda_l2': 0, 'min_gain_to_split': 0, 'max_bin': 500, 'boosting_type': 'dart', 'bagging_fraction': 0.8, 'bagging_freq': 10, 'bagging_seed': 42}",0.4932625034418267,C:\Users\CsP\Desktop\stock_project_king_of_the_hill\saved_models\final_lightgbm_model_delta_t_12.pkl,20241102_130119
"{'learning_rate': 0.1, 'num_leaves': 31, 'max_depth': 30, 'min_data_in_leaf': 20, 'feature_fraction': 1.0, 'lambda_l1': 0.1, 'lambda_l2': 0, 'min_gain_to_split': 0, 'max_bin': 500, 'boosting_type': 'dart', 'bagging_fraction': 0.8, 'bagging_freq': 10, 'bagging_seed': 42}",0.45557614715719275,C:\Users\CsP\Desktop\stock_project_king_of_the_hill\saved_models\final_lightgbm_model_delta_t_15.pkl,20241102_130125
"{'learning_rate': 0.1, 'num_leaves': 31, 'max_depth': 30, 'min_data_in_leaf': 20, 'feature_fraction': 1.0, 'lambda_l1': 0.1, 'lambda_l2': 0, 'min_gain_to_split': 0, 'max_bin': 500, 'boosting_type': 'dart', 'bagging_fraction': 0.8, 'bagging_freq': 10, 'bagging_seed': 42}",0.4460011918477821,C:\Users\CsP\Desktop\stock_project_king_of_the_hill\saved_models\final_lightgbm_model_delta_t_16.pkl,20241102_130132
"{'learning_rate': 0.1, 'num_leaves': 31, 'max_depth': 30, 'min_data_in_leaf': 20, 'feature_fraction': 1.0, 'lambda_l1': 0.1, 'lambda_l2': 0, 'min_gain_to_split': 0, 'max_bin': 500, 'boosting_type': 'dart', 'bagging_fraction': 0.8, 'bagging_freq': 10, 'bagging_seed': 42}",0.46519475845868197,C:\Users\CsP\Desktop\stock_project_king_of_the_hill\saved_models\final_lightgbm_model_delta_t_17.pkl,20241102_130138
"{'learning_rate': 0.1, 'num_leaves': 31, 'max_depth': 30, 'min_data_in_leaf': 20, 'feature_fraction': 1.0, 'lambda_l1': 0.1, 'lambda_l2': 0, 'min_gain_to_split': 0, 'max_bin': 500, 'boosting_type': 'dart', 'bagging_fraction': 0.8, 'bagging_freq': 10, 'bagging_seed': 42}",0.46738570352402337,C:\Users\CsP\Desktop\stock_project_king_of_the_hill\saved_models\final_lightgbm_model_delta_t_18.pkl,20241102_130144
"{'learning_rate': 0.1, 'num_leaves': 31, 'max_depth': 30, 'min_data_in_leaf': 20, 'feature_fraction': 1.0, 'lambda_l1': 0.1, 'lambda_l2': 0, 'min_gain_to_split': 0, 'max_bin': 500, 'boosting_type': 'dart', 'bagging_fraction': 0.8, 'bagging_freq': 10, 'bagging_seed': 42}",0.46278767175103824,C:\Users\CsP\Desktop\stock_project_king_of_the_hill\saved_models\final_lightgbm_model_delta_t_19.pkl,20241102_130150
"{'learning_rate': 0.1, 'num_leaves': 31, 'max_depth': 30, 'min_data_in_leaf': 20, 'feature_fraction': 1.0, 'lambda_l1': 0.1, 'lambda_l2': 0, 'min_gain_to_split': 0, 'max_bin': 500, 'boosting_type': 'dart', 'bagging_fraction': 0.8, 'bagging_freq': 10, 'bagging_seed': 42}",0.5106464188283664,C:\Users\CsP\Desktop\stock_project_king_of_the_hill\saved_models\final_lightgbm_model_delta_t_25.pkl,20241102_130157
"{'learning_rate': 0.1, 'num_leaves': 31, 'max_depth': 30, 'min_data_in_leaf': 20, 'feature_fraction': 1.0, 'lambda_l1': 0.1, 'lambda_l2': 0, 'min_gain_to_split': 0, 'max_bin': 500, 'boosting_type': 'dart', 'bagging_fraction': 0.8, 'bagging_freq': 10, 'bagging_seed': 42}",0.5418780249152927,C:\Users\CsP\Desktop\stock_project_king_of_the_hill\saved_models\final_lightgbm_model_delta_t_30.pkl,20241102_130203
"{'learning_rate': 0.1, 'num_leaves': 31, 'max_depth': 30, 'min_data_in_leaf': 20, 'feature_fraction': 1.0, 'lambda_l1': 0.1, 'lambda_l2': 0, 'min_gain_to_split': 0, 'max_bin': 500, 'boosting_type': 'dart', 'bagging_fraction': 0.8, 'bagging_freq': 10, 'bagging_seed': 42}",0.5146716083919919,C:\Users\CsP\Desktop\stock_project_king_of_the_hill\saved_models\final_lightgbm_model_delta_t_32.pkl,20241102_130209
"{'learning_rate': 0.1, 'num_leaves': 31, 'max_depth': 30, 'min_data_in_leaf': 20, 'feature_fraction': 1.0, 'lambda_l1': 0.1, 'lambda_l2': 0, 'min_gain_to_split': 0, 'max_bin': 500, 'boosting_type': 'dart', 'bagging_fraction': 0.8, 'bagging_freq': 10, 'bagging_seed': 42}",0.5354936159478965,C:\Users\CsP\Desktop\stock_project_king_of_the_hill\saved_models\final_lightgbm_model_delta_t_35.pkl,20241102_130216
"{'learning_rate': 0.1, 'num_leaves': 31, 'max_depth': 30, 'min_data_in_leaf': 20, 'feature_fraction': 1.0, 'lambda_l1': 0.1, 'lambda_l2': 0, 'min_gain_to_split': 0, 'max_bin': 500, 'boosting_type': 'dart', 'bagging_fraction': 0.8, 'bagging_freq': 10, 'bagging_seed': 42}",0.5009721653095612,C:\Users\CsP\Desktop\stock_project_king_of_the_hill\saved_models\final_lightgbm_model_delta_t_36.pkl,20241102_130222
"{'learning_rate': 0.1, 'num_leaves': 31, 'max_depth': 30, 'min_data_in_leaf': 20, 'feature_fraction': 1.0, 'lambda_l1': 0.1, 'lambda_l2': 0, 'min_gain_to_split': 0, 'max_bin': 500, 'boosting_type': 'dart', 'bagging_fraction': 0.8, 'bagging_freq': 10, 'bagging_seed': 42}",0.544784849711389,C:\Users\CsP\Desktop\stock_project_king_of_the_hill\saved_models\final_lightgbm_model_delta_t_38.pkl,20241102_130228
"{'learning_rate': 0.1, 'num_leaves': 31, 'max_depth': 30, 'min_data_in_leaf': 20, 'feature_fraction': 1.0, 'lambda_l1': 0.1, 'lambda_l2': 0, 'min_gain_to_split': 0, 'max_bin': 500, 'boosting_type': 'dart', 'bagging_fraction': 0.8, 'bagging_freq': 10, 'bagging_seed': 42}",0.5421712946816707,C:\Users\CsP\Desktop\stock_project_king_of_the_hill\saved_models\final_lightgbm_model_delta_t_40.pkl,20241102_130234
"{'learning_rate': 0.1, 'num_leaves': 50, 'max_depth': 20, 'min_data_in_leaf': 50, 'feature_fraction': 0.6, 'lambda_l1': 10.0, 'lambda_l2': 0, 'min_gain_to_split': 0, 'max_bin': 255, 'boosting_type': 'gbdt', 'bagging_fraction': 0.6, 'bagging_freq': 10, 'bagging_seed': 42}",0.4735737257939898,C:\Users\CsP\Desktop\stock_project_king_of_the_hill\saved_models\final_lightgbm_model_delta_t_12.pkl,20241102_130245
"{'learning_rate': 0.1, 'num_leaves': 50, 'max_depth': 20, 'min_data_in_leaf': 50, 'feature_fraction': 0.6, 'lambda_l1': 10.0, 'lambda_l2': 0, 'min_gain_to_split': 0, 'max_bin': 255, 'boosting_type': 'gbdt', 'bagging_fraction': 0.6, 'bagging_freq': 10, 'bagging_seed': 42}",0.4598781223399483,C:\Users\CsP\Desktop\stock_project_king_of_the_hill\saved_models\final_lightgbm_model_delta_t_15.pkl,20241102_130251
"{'learning_rate': 0.1, 'num_leaves': 50, 'max_depth': 20, 'min_data_in_leaf': 50, 'feature_fraction': 0.6, 'lambda_l1': 10.0, 'lambda_l2': 0, 'min_gain_to_split': 0, 'max_bin': 255, 'boosting_type': 'gbdt', 'bagging_fraction': 0.6, 'bagging_freq': 10, 'bagging_seed': 42}",0.4608990325349068,C:\Users\CsP\Desktop\stock_project_king_of_the_hill\saved_models\final_lightgbm_model_delta_t_16.pkl,20241102_130258
"{'learning_rate': 0.1, 'num_leaves': 50, 'max_depth': 20, 'min_data_in_leaf': 50, 'feature_fraction': 0.6, 'lambda_l1': 10.0, 'lambda_l2': 0, 'min_gain_to_split': 0, 'max_bin': 255, 'boosting_type': 'gbdt', 'bagging_fraction': 0.6, 'bagging_freq': 10, 'bagging_seed': 42}",0.465559505693228,C:\Users\CsP\Desktop\stock_project_king_of_the_hill\saved_models\final_lightgbm_model_delta_t_17.pkl,20241102_130304
"{'learning_rate': 0.1, 'num_leaves': 50, 'max_depth': 20, 'min_data_in_leaf': 50, 'feature_fraction': 0.6, 'lambda_l1': 10.0, 'lambda_l2': 0, 'min_gain_to_split': 0, 'max_bin': 255, 'boosting_type': 'gbdt', 'bagging_fraction': 0.6, 'bagging_freq': 10, 'bagging_seed': 42}",0.4597056591206405,C:\Users\CsP\Desktop\stock_project_king_of_the_hill\saved_models\final_lightgbm_model_delta_t_18.pkl,20241102_130310
"{'learning_rate': 0.1, 'num_leaves': 50, 'max_depth': 20, 'min_data_in_leaf': 50, 'feature_fraction': 0.6, 'lambda_l1': 10.0, 'lambda_l2': 0, 'min_gain_to_split': 0, 'max_bin': 255, 'boosting_type': 'gbdt', 'bagging_fraction': 0.6, 'bagging_freq': 10, 'bagging_seed': 42}",0.45007528394655927,C:\Users\CsP\Desktop\stock_project_king_of_the_hill\saved_models\final_lightgbm_model_delta_t_19.pkl,20241102_130316
"{'learning_rate': 0.1, 'num_leaves': 50, 'max_depth': 20, 'min_data_in_leaf': 50, 'feature_fraction': 0.6, 'lambda_l1': 10.0, 'lambda_l2': 0, 'min_gain_to_split': 0, 'max_bin': 255, 'boosting_type': 'gbdt', 'bagging_fraction': 0.6, 'bagging_freq': 10, 'bagging_seed': 42}",0.4884417941785718,C:\Users\CsP\Desktop\stock_project_king_of_the_hill\saved_models\final_lightgbm_model_delta_t_25.pkl,20241102_130322
"{'learning_rate': 0.1, 'num_leaves': 50, 'max_depth': 20, 'min_data_in_leaf': 50, 'feature_fraction': 0.6, 'lambda_l1': 10.0, 'lambda_l2': 0, 'min_gain_to_split': 0, 'max_bin': 255, 'boosting_type': 'gbdt', 'bagging_fraction': 0.6, 'bagging_freq': 10, 'bagging_seed': 42}",0.525834628586036,C:\Users\CsP\Desktop\stock_project_king_of_the_hill\saved_models\final_lightgbm_model_delta_t_30.pkl,20241102_130328
"{'learning_rate': 0.1, 'num_leaves': 50, 'max_depth': 20, 'min_data_in_leaf': 50, 'feature_fraction': 0.6, 'lambda_l1': 10.0, 'lambda_l2': 0, 'min_gain_to_split': 0, 'max_bin': 255, 'boosting_type': 'gbdt', 'bagging_fraction': 0.6, 'bagging_freq': 10, 'bagging_seed': 42}",0.5274111351533076,C:\Users\CsP\Desktop\stock_project_king_of_the_hill\saved_models\final_lightgbm_model_delta_t_32.pkl,20241102_130333
"{'learning_rate': 0.1, 'num_leaves': 50, 'max_depth': 20, 'min_data_in_leaf': 50, 'feature_fraction': 0.6, 'lambda_l1': 10.0, 'lambda_l2': 0, 'min_gain_to_split': 0, 'max_bin': 255, 'boosting_type': 'gbdt', 'bagging_fraction': 0.6, 'bagging_freq': 10, 'bagging_seed': 42}",0.5225236948765214,C:\Users\CsP\Desktop\stock_project_king_of_the_hill\saved_models\final_lightgbm_model_delta_t_35.pkl,20241102_130339
"{'learning_rate': 0.1, 'num_leaves': 50, 'max_depth': 20, 'min_data_in_leaf': 50, 'feature_fraction': 0.6, 'lambda_l1': 10.0, 'lambda_l2': 0, 'min_gain_to_split': 0, 'max_bin': 255, 'boosting_type': 'gbdt', 'bagging_fraction': 0.6, 'bagging_freq': 10, 'bagging_seed': 42}",0.5140265343635176,C:\Users\CsP\Desktop\stock_project_king_of_the_hill\saved_models\final_lightgbm_model_delta_t_36.pkl,20241102_130345
"{'learning_rate': 0.1, 'num_leaves': 50, 'max_depth': 20, 'min_data_in_leaf': 50, 'feature_fraction': 0.6, 'lambda_l1': 10.0, 'lambda_l2': 0, 'min_gain_to_split': 0, 'max_bin': 255, 'boosting_type': 'gbdt', 'bagging_fraction': 0.6, 'bagging_freq': 10, 'bagging_seed': 42}",0.4891103599953504,C:\Users\CsP\Desktop\stock_project_king_of_the_hill\saved_models\final_lightgbm_model_delta_t_38.pkl,20241102_130351
"{'learning_rate': 0.1, 'num_leaves': 50, 'max_depth': 20, 'min_data_in_leaf': 50, 'feature_fraction': 0.6, 'lambda_l1': 10.0, 'lambda_l2': 0, 'min_gain_to_split': 0, 'max_bin': 255, 'boosting_type': 'gbdt', 'bagging_fraction': 0.6, 'bagging_freq': 10, 'bagging_seed': 42}",0.556020139171604,C:\Users\CsP\Desktop\stock_project_king_of_the_hill\saved_models\final_lightgbm_model_delta_t_40.pkl,20241102_130357
"{'learning_rate': 0.01, 'num_leaves': 150, 'max_depth': 30, 'min_data_in_leaf': 100, 'feature_fraction': 0.8, 'lambda_l1': 1.0, 'lambda_l2': 0.1, 'min_gain_to_split': 0, 'max_bin': 255, 'boosting_type': 'gbdt', 'bagging_fraction': 0.8, 'bagging_freq': 10, 'bagging_seed': 100}",0.49649799773923836,C:\Users\CsP\Desktop\stock_project_king_of_the_hill\saved_models\final_lightgbm_model_delta_t_12.pkl,20241102_130408
"{'learning_rate': 0.01, 'num_leaves': 150, 'max_depth': 30, 'min_data_in_leaf': 100, 'feature_fraction': 0.8, 'lambda_l1': 1.0, 'lambda_l2': 0.1, 'min_gain_to_split': 0, 'max_bin': 255, 'boosting_type': 'gbdt', 'bagging_fraction': 0.8, 'bagging_freq': 10, 'bagging_seed': 100}",0.4638759725647949,C:\Users\CsP\Desktop\stock_project_king_of_the_hill\saved_models\final_lightgbm_model_delta_t_15.pkl,20241102_130414
"{'learning_rate': 0.01, 'num_leaves': 150, 'max_depth': 30, 'min_data_in_leaf': 100, 'feature_fraction': 0.8, 'lambda_l1': 1.0, 'lambda_l2': 0.1, 'min_gain_to_split': 0, 'max_bin': 255, 'boosting_type': 'gbdt', 'bagging_fraction': 0.8, 'bagging_freq': 10, 'bagging_seed': 100}",0.4770206032539165,C:\Users\CsP\Desktop\stock_project_king_of_the_hill\saved_models\final_lightgbm_model_delta_t_16.pkl,20241102_130420
"{'learning_rate': 0.01, 'num_leaves': 150, 'max_depth': 30, 'min_data_in_leaf': 100, 'feature_fraction': 0.8, 'lambda_l1': 1.0, 'lambda_l2': 0.1, 'min_gain_to_split': 0, 'max_bin': 255, 'boosting_type': 'gbdt', 'bagging_fraction': 0.8, 'bagging_freq': 10, 'bagging_seed': 100}",0.44093953105975253,C:\Users\CsP\Desktop\stock_project_king_of_the_hill\saved_models\final_lightgbm_model_delta_t_17.pkl,20241102_130427
"{'learning_rate': 0.01, 'num_leaves': 150, 'max_depth': 30, 'min_data_in_leaf': 100, 'feature_fraction': 0.8, 'lambda_l1': 1.0, 'lambda_l2': 0.1, 'min_gain_to_split': 0, 'max_bin': 255, 'boosting_type': 'gbdt', 'bagging_fraction': 0.8, 'bagging_freq': 10, 'bagging_seed': 100}",0.46097611371138736,C:\Users\CsP\Desktop\stock_project_king_of_the_hill\saved_models\final_lightgbm_model_delta_t_18.pkl,20241102_130433
"{'learning_rate': 0.01, 'num_leaves': 150, 'max_depth': 30, 'min_data_in_leaf': 100, 'feature_fraction': 0.8, 'lambda_l1': 1.0, 'lambda_l2': 0.1, 'min_gain_to_split': 0, 'max_bin': 255, 'boosting_type': 'gbdt', 'bagging_fraction': 0.8, 'bagging_freq': 10, 'bagging_seed': 100}",0.5164281196719175,C:\Users\CsP\Desktop\stock_project_king_of_the_hill\saved_models\final_lightgbm_model_delta_t_19.pkl,20241102_130439
"{'learning_rate': 0.01, 'num_leaves': 150, 'max_depth': 30, 'min_data_in_leaf': 100, 'feature_fraction': 0.8, 'lambda_l1': 1.0, 'lambda_l2': 0.1, 'min_gain_to_split': 0, 'max_bin': 255, 'boosting_type': 'gbdt', 'bagging_fraction': 0.8, 'bagging_freq': 10, 'bagging_seed': 100}",0.48825759901397525,C:\Users\CsP\Desktop\stock_project_king_of_the_hill\saved_models\final_lightgbm_model_delta_t_25.pkl,20241102_130445
"{'learning_rate': 0.01, 'num_leaves': 150, 'max_depth': 30, 'min_data_in_leaf': 100, 'feature_fraction': 0.8, 'lambda_l1': 1.0, 'lambda_l2': 0.1, 'min_gain_to_split': 0, 'max_bin': 255, 'boosting_type': 'gbdt', 'bagging_fraction': 0.8, 'bagging_freq': 10, 'bagging_seed': 100}",0.5486743556031835,C:\Users\CsP\Desktop\stock_project_king_of_the_hill\saved_models\final_lightgbm_model_delta_t_30.pkl,20241102_130451
"{'learning_rate': 0.01, 'num_leaves': 150, 'max_depth': 30, 'min_data_in_leaf': 100, 'feature_fraction': 0.8, 'lambda_l1': 1.0, 'lambda_l2': 0.1, 'min_gain_to_split': 0, 'max_bin': 255, 'boosting_type': 'gbdt', 'bagging_fraction': 0.8, 'bagging_freq': 10, 'bagging_seed': 100}",0.5219031081396382,C:\Users\CsP\Desktop\stock_project_king_of_the_hill\saved_models\final_lightgbm_model_delta_t_32.pkl,20241102_130457
"{'learning_rate': 0.01, 'num_leaves': 150, 'max_depth': 30, 'min_data_in_leaf': 100, 'feature_fraction': 0.8, 'lambda_l1': 1.0, 'lambda_l2': 0.1, 'min_gain_to_split': 0, 'max_bin': 255, 'boosting_type': 'gbdt', 'bagging_fraction': 0.8, 'bagging_freq': 10, 'bagging_seed': 100}",0.5030091680074007,C:\Users\CsP\Desktop\stock_project_king_of_the_hill\saved_models\final_lightgbm_model_delta_t_35.pkl,20241102_130503
"{'learning_rate': 0.01, 'num_leaves': 150, 'max_depth': 30, 'min_data_in_leaf': 100, 'feature_fraction': 0.8, 'lambda_l1': 1.0, 'lambda_l2': 0.1, 'min_gain_to_split': 0, 'max_bin': 255, 'boosting_type': 'gbdt', 'bagging_fraction': 0.8, 'bagging_freq': 10, 'bagging_seed': 100}",0.5428625401687045,C:\Users\CsP\Desktop\stock_project_king_of_the_hill\saved_models\final_lightgbm_model_delta_t_36.pkl,20241102_130510
"{'learning_rate': 0.01, 'num_leaves': 150, 'max_depth': 30, 'min_data_in_leaf': 100, 'feature_fraction': 0.8, 'lambda_l1': 1.0, 'lambda_l2': 0.1, 'min_gain_to_split': 0, 'max_bin': 255, 'boosting_type': 'gbdt', 'bagging_fraction': 0.8, 'bagging_freq': 10, 'bagging_seed': 100}",0.5248269266762865,C:\Users\CsP\Desktop\stock_project_king_of_the_hill\saved_models\final_lightgbm_model_delta_t_38.pkl,20241102_130516
"{'learning_rate': 0.01, 'num_leaves': 150, 'max_depth': 30, 'min_data_in_leaf': 100, 'feature_fraction': 0.8, 'lambda_l1': 1.0, 'lambda_l2': 0.1, 'min_gain_to_split': 0, 'max_bin': 255, 'boosting_type': 'gbdt', 'bagging_fraction': 0.8, 'bagging_freq': 10, 'bagging_seed': 100}",0.5414154885238288,C:\Users\CsP\Desktop\stock_project_king_of_the_hill\saved_models\final_lightgbm_model_delta_t_40.pkl,20241102_130522
"{'learning_rate': 0.2, 'num_leaves': 50, 'max_depth': 30, 'min_data_in_leaf': 50, 'feature_fraction': 1.0, 'lambda_l1': 10.0, 'lambda_l2': 0, 'min_gain_to_split': 0.5, 'max_bin': 1000, 'boosting_type': 'gbdt', 'bagging_fraction': 0.8, 'bagging_freq': 5, 'bagging_seed': 999}",0.4942191666850536,C:\Users\CsP\Desktop\stock_project_king_of_the_hill\saved_models\final_lightgbm_model_delta_t_12.pkl,20241102_130533
"{'learning_rate': 0.2, 'num_leaves': 50, 'max_depth': 30, 'min_data_in_leaf': 50, 'feature_fraction': 1.0, 'lambda_l1': 10.0, 'lambda_l2': 0, 'min_gain_to_split': 0.5, 'max_bin': 1000, 'boosting_type': 'gbdt', 'bagging_fraction': 0.8, 'bagging_freq': 5, 'bagging_seed': 999}",0.4913428757672894,C:\Users\CsP\Desktop\stock_project_king_of_the_hill\saved_models\final_lightgbm_model_delta_t_15.pkl,20241102_130539
"{'learning_rate': 0.2, 'num_leaves': 50, 'max_depth': 30, 'min_data_in_leaf': 50, 'feature_fraction': 1.0, 'lambda_l1': 10.0, 'lambda_l2': 0, 'min_gain_to_split': 0.5, 'max_bin': 1000, 'boosting_type': 'gbdt', 'bagging_fraction': 0.8, 'bagging_freq': 5, 'bagging_seed': 999}",0.45455028882270926,C:\Users\CsP\Desktop\stock_project_king_of_the_hill\saved_models\final_lightgbm_model_delta_t_16.pkl,20241102_130545
"{'learning_rate': 0.2, 'num_leaves': 50, 'max_depth': 30, 'min_data_in_leaf': 50, 'feature_fraction': 1.0, 'lambda_l1': 10.0, 'lambda_l2': 0, 'min_gain_to_split': 0.5, 'max_bin': 1000, 'boosting_type': 'gbdt', 'bagging_fraction': 0.8, 'bagging_freq': 5, 'bagging_seed': 999}",0.43824801567122923,C:\Users\CsP\Desktop\stock_project_king_of_the_hill\saved_models\final_lightgbm_model_delta_t_17.pkl,20241102_130551
"{'learning_rate': 0.2, 'num_leaves': 50, 'max_depth': 30, 'min_data_in_leaf': 50, 'feature_fraction': 1.0, 'lambda_l1': 10.0, 'lambda_l2': 0, 'min_gain_to_split': 0.5, 'max_bin': 1000, 'boosting_type': 'gbdt', 'bagging_fraction': 0.8, 'bagging_freq': 5, 'bagging_seed': 999}",0.44040510642467223,C:\Users\CsP\Desktop\stock_project_king_of_the_hill\saved_models\final_lightgbm_model_delta_t_18.pkl,20241102_130557
"{'learning_rate': 0.2, 'num_leaves': 50, 'max_depth': 30, 'min_data_in_leaf': 50, 'feature_fraction': 1.0, 'lambda_l1': 10.0, 'lambda_l2': 0, 'min_gain_to_split': 0.5, 'max_bin': 1000, 'boosting_type': 'gbdt', 'bagging_fraction': 0.8, 'bagging_freq': 5, 'bagging_seed': 999}",0.43314170862782386,C:\Users\CsP\Desktop\stock_project_king_of_the_hill\saved_models\final_lightgbm_model_delta_t_19.pkl,20241102_130603
"{'learning_rate': 0.2, 'num_leaves': 50, 'max_depth': 30, 'min_data_in_leaf': 50, 'feature_fraction': 1.0, 'lambda_l1': 10.0, 'lambda_l2': 0, 'min_gain_to_split': 0.5, 'max_bin': 1000, 'boosting_type': 'gbdt', 'bagging_fraction': 0.8, 'bagging_freq': 5, 'bagging_seed': 999}",0.45268683501292994,C:\Users\CsP\Desktop\stock_project_king_of_the_hill\saved_models\final_lightgbm_model_delta_t_25.pkl,20241102_130609
"{'learning_rate': 0.2, 'num_leaves': 50, 'max_depth': 30, 'min_data_in_leaf': 50, 'feature_fraction': 1.0, 'lambda_l1': 10.0, 'lambda_l2': 0, 'min_gain_to_split': 0.5, 'max_bin': 1000, 'boosting_type': 'gbdt', 'bagging_fraction': 0.8, 'bagging_freq': 5, 'bagging_seed': 999}",0.4875064193303258,C:\Users\CsP\Desktop\stock_project_king_of_the_hill\saved_models\final_lightgbm_model_delta_t_30.pkl,20241102_130616
"{'learning_rate': 0.2, 'num_leaves': 50, 'max_depth': 30, 'min_data_in_leaf': 50, 'feature_fraction': 1.0, 'lambda_l1': 10.0, 'lambda_l2': 0, 'min_gain_to_split': 0.5, 'max_bin': 1000, 'boosting_type': 'gbdt', 'bagging_fraction': 0.8, 'bagging_freq': 5, 'bagging_seed': 999}",0.5282467502449125,C:\Users\CsP\Desktop\stock_project_king_of_the_hill\saved_models\final_lightgbm_model_delta_t_32.pkl,20241102_130622
"{'learning_rate': 0.2, 'num_leaves': 50, 'max_depth': 30, 'min_data_in_leaf': 50, 'feature_fraction': 1.0, 'lambda_l1': 10.0, 'lambda_l2': 0, 'min_gain_to_split': 0.5, 'max_bin': 1000, 'boosting_type': 'gbdt', 'bagging_fraction': 0.8, 'bagging_freq': 5, 'bagging_seed': 999}",0.49115705281351846,C:\Users\CsP\Desktop\stock_project_king_of_the_hill\saved_models\final_lightgbm_model_delta_t_35.pkl,20241102_130628
"{'learning_rate': 0.2, 'num_leaves': 50, 'max_depth': 30, 'min_data_in_leaf': 50, 'feature_fraction': 1.0, 'lambda_l1': 10.0, 'lambda_l2': 0, 'min_gain_to_split': 0.5, 'max_bin': 1000, 'boosting_type': 'gbdt', 'bagging_fraction': 0.8, 'bagging_freq': 5, 'bagging_seed': 999}",0.4853085284046858,C:\Users\CsP\Desktop\stock_project_king_of_the_hill\saved_models\final_lightgbm_model_delta_t_36.pkl,20241102_130633
"{'learning_rate': 0.2, 'num_leaves': 50, 'max_depth': 30, 'min_data_in_leaf': 50, 'feature_fraction': 1.0, 'lambda_l1': 10.0, 'lambda_l2': 0, 'min_gain_to_split': 0.5, 'max_bin': 1000, 'boosting_type': 'gbdt', 'bagging_fraction': 0.8, 'bagging_freq': 5, 'bagging_seed': 999}",0.4477663550731698,C:\Users\CsP\Desktop\stock_project_king_of_the_hill\saved_models\final_lightgbm_model_delta_t_38.pkl,20241102_130639
"{'learning_rate': 0.2, 'num_leaves': 50, 'max_depth': 30, 'min_data_in_leaf': 50, 'feature_fraction': 1.0, 'lambda_l1': 10.0, 'lambda_l2': 0, 'min_gain_to_split': 0.5, 'max_bin': 1000, 'boosting_type': 'gbdt', 'bagging_fraction': 0.8, 'bagging_freq': 5, 'bagging_seed': 999}",0.5017043496719488,C:\Users\CsP\Desktop\stock_project_king_of_the_hill\saved_models\final_lightgbm_model_delta_t_40.pkl,20241102_130645
"{'learning_rate': 0.01, 'num_leaves': 50, 'max_depth': 30, 'min_data_in_leaf': 100, 'feature_fraction': 1.0, 'lambda_l1': 0, 'lambda_l2': 1.0, 'min_gain_to_split': 1.0, 'max_bin': 255, 'boosting_type': 'dart', 'bagging_fraction': 1.0, 'bagging_freq': 10, 'bagging_seed': 999}",0.46120142653145757,C:\Users\CsP\Desktop\stock_project_king_of_the_hill\saved_models\final_lightgbm_model_delta_t_12.pkl,20241102_130657
"{'learning_rate': 0.01, 'num_leaves': 50, 'max_depth': 30, 'min_data_in_leaf': 100, 'feature_fraction': 1.0, 'lambda_l1': 0, 'lambda_l2': 1.0, 'min_gain_to_split': 1.0, 'max_bin': 255, 'boosting_type': 'dart', 'bagging_fraction': 1.0, 'bagging_freq': 10, 'bagging_seed': 999}",0.47511192211793496,C:\Users\CsP\Desktop\stock_project_king_of_the_hill\saved_models\final_lightgbm_model_delta_t_15.pkl,20241102_130703
"{'learning_rate': 0.01, 'num_leaves': 50, 'max_depth': 30, 'min_data_in_leaf': 100, 'feature_fraction': 1.0, 'lambda_l1': 0, 'lambda_l2': 1.0, 'min_gain_to_split': 1.0, 'max_bin': 255, 'boosting_type': 'dart', 'bagging_fraction': 1.0, 'bagging_freq': 10, 'bagging_seed': 999}",0.46932731624386426,C:\Users\CsP\Desktop\stock_project_king_of_the_hill\saved_models\final_lightgbm_model_delta_t_16.pkl,20241102_130709
"{'learning_rate': 0.01, 'num_leaves': 50, 'max_depth': 30, 'min_data_in_leaf': 100, 'feature_fraction': 1.0, 'lambda_l1': 0, 'lambda_l2': 1.0, 'min_gain_to_split': 1.0, 'max_bin': 255, 'boosting_type': 'dart', 'bagging_fraction': 1.0, 'bagging_freq': 10, 'bagging_seed': 999}",0.4704802792478465,C:\Users\CsP\Desktop\stock_project_king_of_the_hill\saved_models\final_lightgbm_model_delta_t_17.pkl,20241102_130716
"{'learning_rate': 0.01, 'num_leaves': 50, 'max_depth': 30, 'min_data_in_leaf': 100, 'feature_fraction': 1.0, 'lambda_l1': 0, 'lambda_l2': 1.0, 'min_gain_to_split': 1.0, 'max_bin': 255, 'boosting_type': 'dart', 'bagging_fraction': 1.0, 'bagging_freq': 10, 'bagging_seed': 999}",0.45721928875272677,C:\Users\CsP\Desktop\stock_project_king_of_the_hill\saved_models\final_lightgbm_model_delta_t_18.pkl,20241102_130722
"{'learning_rate': 0.01, 'num_leaves': 50, 'max_depth': 30, 'min_data_in_leaf': 100, 'feature_fraction': 1.0, 'lambda_l1': 0, 'lambda_l2': 1.0, 'min_gain_to_split': 1.0, 'max_bin': 255, 'boosting_type': 'dart', 'bagging_fraction': 1.0, 'bagging_freq': 10, 'bagging_seed': 999}",0.4640873124015334,C:\Users\CsP\Desktop\stock_project_king_of_the_hill\saved_models\final_lightgbm_model_delta_t_19.pkl,20241102_130729
"{'learning_rate': 0.01, 'num_leaves': 50, 'max_depth': 30, 'min_data_in_leaf': 100, 'feature_fraction': 1.0, 'lambda_l1': 0, 'lambda_l2': 1.0, 'min_gain_to_split': 1.0, 'max_bin': 255, 'boosting_type': 'dart', 'bagging_fraction': 1.0, 'bagging_freq': 10, 'bagging_seed': 999}",0.46655854730883284,C:\Users\CsP\Desktop\stock_project_king_of_the_hill\saved_models\final_lightgbm_model_delta_t_25.pkl,20241102_130735
"{'learning_rate': 0.01, 'num_leaves': 50, 'max_depth': 30, 'min_data_in_leaf': 100, 'feature_fraction': 1.0, 'lambda_l1': 0, 'lambda_l2': 1.0, 'min_gain_to_split': 1.0, 'max_bin': 255, 'boosting_type': 'dart', 'bagging_fraction': 1.0, 'bagging_freq': 10, 'bagging_seed': 999}",0.5042607767750561,C:\Users\CsP\Desktop\stock_project_king_of_the_hill\saved_models\final_lightgbm_model_delta_t_30.pkl,20241102_130740
"{'learning_rate': 0.01, 'num_leaves': 50, 'max_depth': 30, 'min_data_in_leaf': 100, 'feature_fraction': 1.0, 'lambda_l1': 0, 'lambda_l2': 1.0, 'min_gain_to_split': 1.0, 'max_bin': 255, 'boosting_type': 'dart', 'bagging_fraction': 1.0, 'bagging_freq': 10, 'bagging_seed': 999}",0.5515958847249472,C:\Users\CsP\Desktop\stock_project_king_of_the_hill\saved_models\final_lightgbm_model_delta_t_32.pkl,20241102_130747
"{'learning_rate': 0.01, 'num_leaves': 50, 'max_depth': 30, 'min_data_in_leaf': 100, 'feature_fraction': 1.0, 'lambda_l1': 0, 'lambda_l2': 1.0, 'min_gain_to_split': 1.0, 'max_bin': 255, 'boosting_type': 'dart', 'bagging_fraction': 1.0, 'bagging_freq': 10, 'bagging_seed': 999}",0.5160721211290227,C:\Users\CsP\Desktop\stock_project_king_of_the_hill\saved_models\final_lightgbm_model_delta_t_35.pkl,20241102_130753
"{'learning_rate': 0.01, 'num_leaves': 50, 'max_depth': 30, 'min_data_in_leaf': 100, 'feature_fraction': 1.0, 'lambda_l1': 0, 'lambda_l2': 1.0, 'min_gain_to_split': 1.0, 'max_bin': 255, 'boosting_type': 'dart', 'bagging_fraction': 1.0, 'bagging_freq': 10, 'bagging_seed': 999}",0.4647851312381294,C:\Users\CsP\Desktop\stock_project_king_of_the_hill\saved_models\final_lightgbm_model_delta_t_36.pkl,20241102_130759
"{'learning_rate': 0.01, 'num_leaves': 50, 'max_depth': 30, 'min_data_in_leaf': 100, 'feature_fraction': 1.0, 'lambda_l1': 0, 'lambda_l2': 1.0, 'min_gain_to_split': 1.0, 'max_bin': 255, 'boosting_type': 'dart', 'bagging_fraction': 1.0, 'bagging_freq': 10, 'bagging_seed': 999}",0.5122359402508776,C:\Users\CsP\Desktop\stock_project_king_of_the_hill\saved_models\final_lightgbm_model_delta_t_38.pkl,20241102_130805
"{'learning_rate': 0.01, 'num_leaves': 50, 'max_depth': 30, 'min_data_in_leaf': 100, 'feature_fraction': 1.0, 'lambda_l1': 0, 'lambda_l2': 1.0, 'min_gain_to_split': 1.0, 'max_bin': 255, 'boosting_type': 'dart', 'bagging_fraction': 1.0, 'bagging_freq': 10, 'bagging_seed': 999}",0.5116448579918704,C:\Users\CsP\Desktop\stock_project_king_of_the_hill\saved_models\final_lightgbm_model_delta_t_40.pkl,20241102_130811
"{'learning_rate': 0.2, 'num_leaves': 100, 'max_depth': 30, 'min_data_in_leaf': 100, 'feature_fraction': 0.6, 'lambda_l1': 10.0, 'lambda_l2': 10.0, 'min_gain_to_split': 0.5, 'max_bin': 255, 'boosting_type': 'dart', 'bagging_fraction': 0.6, 'bagging_freq': 15, 'bagging_seed': 100}",0.4765345703928987,C:\Users\CsP\Desktop\stock_project_king_of_the_hill\saved_models\final_lightgbm_model_delta_t_12.pkl,20241102_130822
"{'learning_rate': 0.2, 'num_leaves': 100, 'max_depth': 30, 'min_data_in_leaf': 100, 'feature_fraction': 0.6, 'lambda_l1': 10.0, 'lambda_l2': 10.0, 'min_gain_to_split': 0.5, 'max_bin': 255, 'boosting_type': 'dart', 'bagging_fraction': 0.6, 'bagging_freq': 15, 'bagging_seed': 100}",0.46133251081451065,C:\Users\CsP\Desktop\stock_project_king_of_the_hill\saved_models\final_lightgbm_model_delta_t_15.pkl,20241102_130829
"{'learning_rate': 0.2, 'num_leaves': 100, 'max_depth': 30, 'min_data_in_leaf': 100, 'feature_fraction': 0.6, 'lambda_l1': 10.0, 'lambda_l2': 10.0, 'min_gain_to_split': 0.5, 'max_bin': 255, 'boosting_type': 'dart', 'bagging_fraction': 0.6, 'bagging_freq': 15, 'bagging_seed': 100}",0.46760762120510047,C:\Users\CsP\Desktop\stock_project_king_of_the_hill\saved_models\final_lightgbm_model_delta_t_16.pkl,20241102_130835
"{'learning_rate': 0.2, 'num_leaves': 100, 'max_depth': 30, 'min_data_in_leaf': 100, 'feature_fraction': 0.6, 'lambda_l1': 10.0, 'lambda_l2': 10.0, 'min_gain_to_split': 0.5, 'max_bin': 255, 'boosting_type': 'dart', 'bagging_fraction': 0.6, 'bagging_freq': 15, 'bagging_seed': 100}",0.47478925117269277,C:\Users\CsP\Desktop\stock_project_king_of_the_hill\saved_models\final_lightgbm_model_delta_t_17.pkl,20241102_130841
"{'learning_rate': 0.2, 'num_leaves': 100, 'max_depth': 30, 'min_data_in_leaf': 100, 'feature_fraction': 0.6, 'lambda_l1': 10.0, 'lambda_l2': 10.0, 'min_gain_to_split': 0.5, 'max_bin': 255, 'boosting_type': 'dart', 'bagging_fraction': 0.6, 'bagging_freq': 15, 'bagging_seed': 100}",0.4711734049815222,C:\Users\CsP\Desktop\stock_project_king_of_the_hill\saved_models\final_lightgbm_model_delta_t_18.pkl,20241102_130847
"{'learning_rate': 0.2, 'num_leaves': 100, 'max_depth': 30, 'min_data_in_leaf': 100, 'feature_fraction': 0.6, 'lambda_l1': 10.0, 'lambda_l2': 10.0, 'min_gain_to_split': 0.5, 'max_bin': 255, 'boosting_type': 'dart', 'bagging_fraction': 0.6, 'bagging_freq': 15, 'bagging_seed': 100}",0.46771499450236176,C:\Users\CsP\Desktop\stock_project_king_of_the_hill\saved_models\final_lightgbm_model_delta_t_19.pkl,20241102_130853
"{'learning_rate': 0.2, 'num_leaves': 100, 'max_depth': 30, 'min_data_in_leaf': 100, 'feature_fraction': 0.6, 'lambda_l1': 10.0, 'lambda_l2': 10.0, 'min_gain_to_split': 0.5, 'max_bin': 255, 'boosting_type': 'dart', 'bagging_fraction': 0.6, 'bagging_freq': 15, 'bagging_seed': 100}",0.4947798022428758,C:\Users\CsP\Desktop\stock_project_king_of_the_hill\saved_models\final_lightgbm_model_delta_t_25.pkl,20241102_130859
"{'learning_rate': 0.2, 'num_leaves': 100, 'max_depth': 30, 'min_data_in_leaf': 100, 'feature_fraction': 0.6, 'lambda_l1': 10.0, 'lambda_l2': 10.0, 'min_gain_to_split': 0.5, 'max_bin': 255, 'boosting_type': 'dart', 'bagging_fraction': 0.6, 'bagging_freq': 15, 'bagging_seed': 100}",0.518955347276418,C:\Users\CsP\Desktop\stock_project_king_of_the_hill\saved_models\final_lightgbm_model_delta_t_30.pkl,20241102_130905
"{'learning_rate': 0.2, 'num_leaves': 100, 'max_depth': 30, 'min_data_in_leaf': 100, 'feature_fraction': 0.6, 'lambda_l1': 10.0, 'lambda_l2': 10.0, 'min_gain_to_split': 0.5, 'max_bin': 255, 'boosting_type': 'dart', 'bagging_fraction': 0.6, 'bagging_freq': 15, 'bagging_seed': 100}",0.5040608894274918,C:\Users\CsP\Desktop\stock_project_king_of_the_hill\saved_models\final_lightgbm_model_delta_t_32.pkl,20241102_130911
"{'learning_rate': 0.2, 'num_leaves': 100, 'max_depth': 30, 'min_data_in_leaf': 100, 'feature_fraction': 0.6, 'lambda_l1': 10.0, 'lambda_l2': 10.0, 'min_gain_to_split': 0.5, 'max_bin': 255, 'boosting_type': 'dart', 'bagging_fraction': 0.6, 'bagging_freq': 15, 'bagging_seed': 100}",0.5350027933205291,C:\Users\CsP\Desktop\stock_project_king_of_the_hill\saved_models\final_lightgbm_model_delta_t_35.pkl,20241102_130917
"{'learning_rate': 0.2, 'num_leaves': 100, 'max_depth': 30, 'min_data_in_leaf': 100, 'feature_fraction': 0.6, 'lambda_l1': 10.0, 'lambda_l2': 10.0, 'min_gain_to_split': 0.5, 'max_bin': 255, 'boosting_type': 'dart', 'bagging_fraction': 0.6, 'bagging_freq': 15, 'bagging_seed': 100}",0.5317669016255021,C:\Users\CsP\Desktop\stock_project_king_of_the_hill\saved_models\final_lightgbm_model_delta_t_36.pkl,20241102_130923
"{'learning_rate': 0.2, 'num_leaves': 100, 'max_depth': 30, 'min_data_in_leaf': 100, 'feature_fraction': 0.6, 'lambda_l1': 10.0, 'lambda_l2': 10.0, 'min_gain_to_split': 0.5, 'max_bin': 255, 'boosting_type': 'dart', 'bagging_fraction': 0.6, 'bagging_freq': 15, 'bagging_seed': 100}",0.5492423123486622,C:\Users\CsP\Desktop\stock_project_king_of_the_hill\saved_models\final_lightgbm_model_delta_t_38.pkl,20241102_130929
"{'learning_rate': 0.2, 'num_leaves': 100, 'max_depth': 30, 'min_data_in_leaf': 100, 'feature_fraction': 0.6, 'lambda_l1': 10.0, 'lambda_l2': 10.0, 'min_gain_to_split': 0.5, 'max_bin': 255, 'boosting_type': 'dart', 'bagging_fraction': 0.6, 'bagging_freq': 15, 'bagging_seed': 100}",0.5573105127136847,C:\Users\CsP\Desktop\stock_project_king_of_the_hill\saved_models\final_lightgbm_model_delta_t_40.pkl,20241102_130935
"{'learning_rate': 0.2, 'num_leaves': 31, 'max_depth': 20, 'min_data_in_leaf': 100, 'feature_fraction': 0.8, 'lambda_l1': 1.0, 'lambda_l2': 0.1, 'min_gain_to_split': 1.0, 'max_bin': 500, 'boosting_type': 'gbdt', 'bagging_fraction': 0.8, 'bagging_freq': 10, 'bagging_seed': 999}",0.509173560252858,C:\Users\CsP\Desktop\stock_project_king_of_the_hill\saved_models\final_lightgbm_model_delta_t_12.pkl,20241102_130946
"{'learning_rate': 0.2, 'num_leaves': 31, 'max_depth': 20, 'min_data_in_leaf': 100, 'feature_fraction': 0.8, 'lambda_l1': 1.0, 'lambda_l2': 0.1, 'min_gain_to_split': 1.0, 'max_bin': 500, 'boosting_type': 'gbdt', 'bagging_fraction': 0.8, 'bagging_freq': 10, 'bagging_seed': 999}",0.4693928434743532,C:\Users\CsP\Desktop\stock_project_king_of_the_hill\saved_models\final_lightgbm_model_delta_t_15.pkl,20241102_130952
"{'learning_rate': 0.2, 'num_leaves': 31, 'max_depth': 20, 'min_data_in_leaf': 100, 'feature_fraction': 0.8, 'lambda_l1': 1.0, 'lambda_l2': 0.1, 'min_gain_to_split': 1.0, 'max_bin': 500, 'boosting_type': 'gbdt', 'bagging_fraction': 0.8, 'bagging_freq': 10, 'bagging_seed': 999}",0.4650827022538381,C:\Users\CsP\Desktop\stock_project_king_of_the_hill\saved_models\final_lightgbm_model_delta_t_16.pkl,20241102_130959
"{'learning_rate': 0.2, 'num_leaves': 31, 'max_depth': 20, 'min_data_in_leaf': 100, 'feature_fraction': 0.8, 'lambda_l1': 1.0, 'lambda_l2': 0.1, 'min_gain_to_split': 1.0, 'max_bin': 500, 'boosting_type': 'gbdt', 'bagging_fraction': 0.8, 'bagging_freq': 10, 'bagging_seed': 999}",0.4792749818012821,C:\Users\CsP\Desktop\stock_project_king_of_the_hill\saved_models\final_lightgbm_model_delta_t_17.pkl,20241102_131005
"{'learning_rate': 0.2, 'num_leaves': 31, 'max_depth': 20, 'min_data_in_leaf': 100, 'feature_fraction': 0.8, 'lambda_l1': 1.0, 'lambda_l2': 0.1, 'min_gain_to_split': 1.0, 'max_bin': 500, 'boosting_type': 'gbdt', 'bagging_fraction': 0.8, 'bagging_freq': 10, 'bagging_seed': 999}",0.4409828742784324,C:\Users\CsP\Desktop\stock_project_king_of_the_hill\saved_models\final_lightgbm_model_delta_t_18.pkl,20241102_131011
"{'learning_rate': 0.2, 'num_leaves': 31, 'max_depth': 20, 'min_data_in_leaf': 100, 'feature_fraction': 0.8, 'lambda_l1': 1.0, 'lambda_l2': 0.1, 'min_gain_to_split': 1.0, 'max_bin': 500, 'boosting_type': 'gbdt', 'bagging_fraction': 0.8, 'bagging_freq': 10, 'bagging_seed': 999}",0.49013606824915296,C:\Users\CsP\Desktop\stock_project_king_of_the_hill\saved_models\final_lightgbm_model_delta_t_19.pkl,20241102_131017
"{'learning_rate': 0.2, 'num_leaves': 31, 'max_depth': 20, 'min_data_in_leaf': 100, 'feature_fraction': 0.8, 'lambda_l1': 1.0, 'lambda_l2': 0.1, 'min_gain_to_split': 1.0, 'max_bin': 500, 'boosting_type': 'gbdt', 'bagging_fraction': 0.8, 'bagging_freq': 10, 'bagging_seed': 999}",0.48371477961692255,C:\Users\CsP\Desktop\stock_project_king_of_the_hill\saved_models\final_lightgbm_model_delta_t_25.pkl,20241102_131023
"{'learning_rate': 0.2, 'num_leaves': 31, 'max_depth': 20, 'min_data_in_leaf': 100, 'feature_fraction': 0.8, 'lambda_l1': 1.0, 'lambda_l2': 0.1, 'min_gain_to_split': 1.0, 'max_bin': 500, 'boosting_type': 'gbdt', 'bagging_fraction': 0.8, 'bagging_freq': 10, 'bagging_seed': 999}",0.5241123339788187,C:\Users\CsP\Desktop\stock_project_king_of_the_hill\saved_models\final_lightgbm_model_delta_t_30.pkl,20241102_131029
"{'learning_rate': 0.2, 'num_leaves': 31, 'max_depth': 20, 'min_data_in_leaf': 100, 'feature_fraction': 0.8, 'lambda_l1': 1.0, 'lambda_l2': 0.1, 'min_gain_to_split': 1.0, 'max_bin': 500, 'boosting_type': 'gbdt', 'bagging_fraction': 0.8, 'bagging_freq': 10, 'bagging_seed': 999}",0.5947911216533055,C:\Users\CsP\Desktop\stock_project_king_of_the_hill\saved_models\final_lightgbm_model_delta_t_32.pkl,20241102_131035
"{'learning_rate': 0.2, 'num_leaves': 31, 'max_depth': 20, 'min_data_in_leaf': 100, 'feature_fraction': 0.8, 'lambda_l1': 1.0, 'lambda_l2': 0.1, 'min_gain_to_split': 1.0, 'max_bin': 500, 'boosting_type': 'gbdt', 'bagging_fraction': 0.8, 'bagging_freq': 10, 'bagging_seed': 999}",0.5445836450721065,C:\Users\CsP\Desktop\stock_project_king_of_the_hill\saved_models\final_lightgbm_model_delta_t_35.pkl,20241102_131041
"{'learning_rate': 0.2, 'num_leaves': 31, 'max_depth': 20, 'min_data_in_leaf': 100, 'feature_fraction': 0.8, 'lambda_l1': 1.0, 'lambda_l2': 0.1, 'min_gain_to_split': 1.0, 'max_bin': 500, 'boosting_type': 'gbdt', 'bagging_fraction': 0.8, 'bagging_freq': 10, 'bagging_seed': 999}",0.5176721692914759,C:\Users\CsP\Desktop\stock_project_king_of_the_hill\saved_models\final_lightgbm_model_delta_t_36.pkl,20241102_131047
"{'learning_rate': 0.2, 'num_leaves': 31, 'max_depth': 20, 'min_data_in_leaf': 100, 'feature_fraction': 0.8, 'lambda_l1': 1.0, 'lambda_l2': 0.1, 'min_gain_to_split': 1.0, 'max_bin': 500, 'boosting_type': 'gbdt', 'bagging_fraction': 0.8, 'bagging_freq': 10, 'bagging_seed': 999}",0.48310913655296533,C:\Users\CsP\Desktop\stock_project_king_of_the_hill\saved_models\final_lightgbm_model_delta_t_38.pkl,20241102_131053
"{'learning_rate': 0.2, 'num_leaves': 31, 'max_depth': 20, 'min_data_in_leaf': 100, 'feature_fraction': 0.8, 'lambda_l1': 1.0, 'lambda_l2': 0.1, 'min_gain_to_split': 1.0, 'max_bin': 500, 'boosting_type': 'gbdt', 'bagging_fraction': 0.8, 'bagging_freq': 10, 'bagging_seed': 999}",0.6016130062522563,C:\Users\CsP\Desktop\stock_project_king_of_the_hill\saved_models\final_lightgbm_model_delta_t_40.pkl,20241102_131100
"{'learning_rate': 0.1, 'num_leaves': 100, 'max_depth': -1, 'min_data_in_leaf': 20, 'feature_fraction': 0.6, 'lambda_l1': 0.1, 'lambda_l2': 0.1, 'min_gain_to_split': 0, 'max_bin': 500, 'boosting_type': 'gbdt', 'bagging_fraction': 0.6, 'bagging_freq': 10, 'bagging_seed': 42}",0.47933356316918907,C:\Users\CsP\Desktop\stock_project_king_of_the_hill\saved_models\final_lightgbm_model_delta_t_12.pkl,20241102_131111
"{'learning_rate': 0.1, 'num_leaves': 100, 'max_depth': -1, 'min_data_in_leaf': 20, 'feature_fraction': 0.6, 'lambda_l1': 0.1, 'lambda_l2': 0.1, 'min_gain_to_split': 0, 'max_bin': 500, 'boosting_type': 'gbdt', 'bagging_fraction': 0.6, 'bagging_freq': 10, 'bagging_seed': 42}",0.5015545533282341,C:\Users\CsP\Desktop\stock_project_king_of_the_hill\saved_models\final_lightgbm_model_delta_t_15.pkl,20241102_131117
"{'learning_rate': 0.1, 'num_leaves': 100, 'max_depth': -1, 'min_data_in_leaf': 20, 'feature_fraction': 0.6, 'lambda_l1': 0.1, 'lambda_l2': 0.1, 'min_gain_to_split': 0, 'max_bin': 500, 'boosting_type': 'gbdt', 'bagging_fraction': 0.6, 'bagging_freq': 10, 'bagging_seed': 42}",0.46428711187944316,C:\Users\CsP\Desktop\stock_project_king_of_the_hill\saved_models\final_lightgbm_model_delta_t_16.pkl,20241102_131124
"{'learning_rate': 0.1, 'num_leaves': 100, 'max_depth': -1, 'min_data_in_leaf': 20, 'feature_fraction': 0.6, 'lambda_l1': 0.1, 'lambda_l2': 0.1, 'min_gain_to_split': 0, 'max_bin': 500, 'boosting_type': 'gbdt', 'bagging_fraction': 0.6, 'bagging_freq': 10, 'bagging_seed': 42}",0.5180588490282316,C:\Users\CsP\Desktop\stock_project_king_of_the_hill\saved_models\final_lightgbm_model_delta_t_17.pkl,20241102_131130
"{'learning_rate': 0.1, 'num_leaves': 100, 'max_depth': -1, 'min_data_in_leaf': 20, 'feature_fraction': 0.6, 'lambda_l1': 0.1, 'lambda_l2': 0.1, 'min_gain_to_split': 0, 'max_bin': 500, 'boosting_type': 'gbdt', 'bagging_fraction': 0.6, 'bagging_freq': 10, 'bagging_seed': 42}",0.49627205081370124,C:\Users\CsP\Desktop\stock_project_king_of_the_hill\saved_models\final_lightgbm_model_delta_t_18.pkl,20241102_131136
"{'learning_rate': 0.1, 'num_leaves': 100, 'max_depth': -1, 'min_data_in_leaf': 20, 'feature_fraction': 0.6, 'lambda_l1': 0.1, 'lambda_l2': 0.1, 'min_gain_to_split': 0, 'max_bin': 500, 'boosting_type': 'gbdt', 'bagging_fraction': 0.6, 'bagging_freq': 10, 'bagging_seed': 42}",0.4785291768286939,C:\Users\CsP\Desktop\stock_project_king_of_the_hill\saved_models\final_lightgbm_model_delta_t_19.pkl,20241102_131143
"{'learning_rate': 0.1, 'num_leaves': 100, 'max_depth': -1, 'min_data_in_leaf': 20, 'feature_fraction': 0.6, 'lambda_l1': 0.1, 'lambda_l2': 0.1, 'min_gain_to_split': 0, 'max_bin': 500, 'boosting_type': 'gbdt', 'bagging_fraction': 0.6, 'bagging_freq': 10, 'bagging_seed': 42}",0.45241817172365284,C:\Users\CsP\Desktop\stock_project_king_of_the_hill\saved_models\final_lightgbm_model_delta_t_25.pkl,20241102_131149
"{'learning_rate': 0.1, 'num_leaves': 100, 'max_depth': -1, 'min_data_in_leaf': 20, 'feature_fraction': 0.6, 'lambda_l1': 0.1, 'lambda_l2': 0.1, 'min_gain_to_split': 0, 'max_bin': 500, 'boosting_type': 'gbdt', 'bagging_fraction': 0.6, 'bagging_freq': 10, 'bagging_seed': 42}",0.5256206495596488,C:\Users\CsP\Desktop\stock_project_king_of_the_hill\saved_models\final_lightgbm_model_delta_t_30.pkl,20241102_131155
"{'learning_rate': 0.1, 'num_leaves': 100, 'max_depth': -1, 'min_data_in_leaf': 20, 'feature_fraction': 0.6, 'lambda_l1': 0.1, 'lambda_l2': 0.1, 'min_gain_to_split': 0, 'max_bin': 500, 'boosting_type': 'gbdt', 'bagging_fraction': 0.6, 'bagging_freq': 10, 'bagging_seed': 42}",0.4433393477442117,C:\Users\CsP\Desktop\stock_project_king_of_the_hill\saved_models\final_lightgbm_model_delta_t_32.pkl,20241102_131201
"{'learning_rate': 0.1, 'num_leaves': 100, 'max_depth': -1, 'min_data_in_leaf': 20, 'feature_fraction': 0.6, 'lambda_l1': 0.1, 'lambda_l2': 0.1, 'min_gain_to_split': 0, 'max_bin': 500, 'boosting_type': 'gbdt', 'bagging_fraction': 0.6, 'bagging_freq': 10, 'bagging_seed': 42}",0.5446173519030528,C:\Users\CsP\Desktop\stock_project_king_of_the_hill\saved_models\final_lightgbm_model_delta_t_35.pkl,20241102_131207
"{'learning_rate': 0.1, 'num_leaves': 100, 'max_depth': -1, 'min_data_in_leaf': 20, 'feature_fraction': 0.6, 'lambda_l1': 0.1, 'lambda_l2': 0.1, 'min_gain_to_split': 0, 'max_bin': 500, 'boosting_type': 'gbdt', 'bagging_fraction': 0.6, 'bagging_freq': 10, 'bagging_seed': 42}",0.48956431461009775,C:\Users\CsP\Desktop\stock_project_king_of_the_hill\saved_models\final_lightgbm_model_delta_t_36.pkl,20241102_131214
"{'learning_rate': 0.1, 'num_leaves': 100, 'max_depth': -1, 'min_data_in_leaf': 20, 'feature_fraction': 0.6, 'lambda_l1': 0.1, 'lambda_l2': 0.1, 'min_gain_to_split': 0, 'max_bin': 500, 'boosting_type': 'gbdt', 'bagging_fraction': 0.6, 'bagging_freq': 10, 'bagging_seed': 42}",0.5335266271330495,C:\Users\CsP\Desktop\stock_project_king_of_the_hill\saved_models\final_lightgbm_model_delta_t_38.pkl,20241102_131220
"{'learning_rate': 0.1, 'num_leaves': 100, 'max_depth': -1, 'min_data_in_leaf': 20, 'feature_fraction': 0.6, 'lambda_l1': 0.1, 'lambda_l2': 0.1, 'min_gain_to_split': 0, 'max_bin': 500, 'boosting_type': 'gbdt', 'bagging_fraction': 0.6, 'bagging_freq': 10, 'bagging_seed': 42}",0.5721168913847454,C:\Users\CsP\Desktop\stock_project_king_of_the_hill\saved_models\final_lightgbm_model_delta_t_40.pkl,20241102_131226
"{'learning_rate': 0.01, 'num_leaves': 100, 'max_depth': 30, 'min_data_in_leaf': 50, 'feature_fraction': 1.0, 'lambda_l1': 10.0, 'lambda_l2': 0.1, 'min_gain_to_split': 0.5, 'max_bin': 255, 'boosting_type': 'dart', 'bagging_fraction': 1.0, 'bagging_freq': 15, 'bagging_seed': 999}",0.47950073217618633,C:\Users\CsP\Desktop\stock_project_king_of_the_hill\saved_models\final_lightgbm_model_delta_t_12.pkl,20241102_131237
"{'learning_rate': 0.01, 'num_leaves': 100, 'max_depth': 30, 'min_data_in_leaf': 50, 'feature_fraction': 1.0, 'lambda_l1': 10.0, 'lambda_l2': 0.1, 'min_gain_to_split': 0.5, 'max_bin': 255, 'boosting_type': 'dart', 'bagging_fraction': 1.0, 'bagging_freq': 15, 'bagging_seed': 999}",0.4741700835608963,C:\Users\CsP\Desktop\stock_project_king_of_the_hill\saved_models\final_lightgbm_model_delta_t_15.pkl,20241102_131244
"{'learning_rate': 0.01, 'num_leaves': 100, 'max_depth': 30, 'min_data_in_leaf': 50, 'feature_fraction': 1.0, 'lambda_l1': 10.0, 'lambda_l2': 0.1, 'min_gain_to_split': 0.5, 'max_bin': 255, 'boosting_type': 'dart', 'bagging_fraction': 1.0, 'bagging_freq': 15, 'bagging_seed': 999}",0.4713561759204422,C:\Users\CsP\Desktop\stock_project_king_of_the_hill\saved_models\final_lightgbm_model_delta_t_16.pkl,20241102_131250
"{'learning_rate': 0.01, 'num_leaves': 100, 'max_depth': 30, 'min_data_in_leaf': 50, 'feature_fraction': 1.0, 'lambda_l1': 10.0, 'lambda_l2': 0.1, 'min_gain_to_split': 0.5, 'max_bin': 255, 'boosting_type': 'dart', 'bagging_fraction': 1.0, 'bagging_freq': 15, 'bagging_seed': 999}",0.4351351353140009,C:\Users\CsP\Desktop\stock_project_king_of_the_hill\saved_models\final_lightgbm_model_delta_t_17.pkl,20241102_131257
"{'learning_rate': 0.01, 'num_leaves': 100, 'max_depth': 30, 'min_data_in_leaf': 50, 'feature_fraction': 1.0, 'lambda_l1': 10.0, 'lambda_l2': 0.1, 'min_gain_to_split': 0.5, 'max_bin': 255, 'boosting_type': 'dart', 'bagging_fraction': 1.0, 'bagging_freq': 15, 'bagging_seed': 999}",0.45933610362031374,C:\Users\CsP\Desktop\stock_project_king_of_the_hill\saved_models\final_lightgbm_model_delta_t_18.pkl,20241102_131303
"{'learning_rate': 0.01, 'num_leaves': 100, 'max_depth': 30, 'min_data_in_leaf': 50, 'feature_fraction': 1.0, 'lambda_l1': 10.0, 'lambda_l2': 0.1, 'min_gain_to_split': 0.5, 'max_bin': 255, 'boosting_type': 'dart', 'bagging_fraction': 1.0, 'bagging_freq': 15, 'bagging_seed': 999}",0.46431886618776674,C:\Users\CsP\Desktop\stock_project_king_of_the_hill\saved_models\final_lightgbm_model_delta_t_19.pkl,20241102_131309
"{'learning_rate': 0.01, 'num_leaves': 100, 'max_depth': 30, 'min_data_in_leaf': 50, 'feature_fraction': 1.0, 'lambda_l1': 10.0, 'lambda_l2': 0.1, 'min_gain_to_split': 0.5, 'max_bin': 255, 'boosting_type': 'dart', 'bagging_fraction': 1.0, 'bagging_freq': 15, 'bagging_seed': 999}",0.46218488849044326,C:\Users\CsP\Desktop\stock_project_king_of_the_hill\saved_models\final_lightgbm_model_delta_t_25.pkl,20241102_131315
"{'learning_rate': 0.01, 'num_leaves': 100, 'max_depth': 30, 'min_data_in_leaf': 50, 'feature_fraction': 1.0, 'lambda_l1': 10.0, 'lambda_l2': 0.1, 'min_gain_to_split': 0.5, 'max_bin': 255, 'boosting_type': 'dart', 'bagging_fraction': 1.0, 'bagging_freq': 15, 'bagging_seed': 999}",0.4798655676435585,C:\Users\CsP\Desktop\stock_project_king_of_the_hill\saved_models\final_lightgbm_model_delta_t_30.pkl,20241102_131321
"{'learning_rate': 0.01, 'num_leaves': 100, 'max_depth': 30, 'min_data_in_leaf': 50, 'feature_fraction': 1.0, 'lambda_l1': 10.0, 'lambda_l2': 0.1, 'min_gain_to_split': 0.5, 'max_bin': 255, 'boosting_type': 'dart', 'bagging_fraction': 1.0, 'bagging_freq': 15, 'bagging_seed': 999}",0.5158719250382806,C:\Users\CsP\Desktop\stock_project_king_of_the_hill\saved_models\final_lightgbm_model_delta_t_32.pkl,20241102_131327
"{'learning_rate': 0.01, 'num_leaves': 100, 'max_depth': 30, 'min_data_in_leaf': 50, 'feature_fraction': 1.0, 'lambda_l1': 10.0, 'lambda_l2': 0.1, 'min_gain_to_split': 0.5, 'max_bin': 255, 'boosting_type': 'dart', 'bagging_fraction': 1.0, 'bagging_freq': 15, 'bagging_seed': 999}",0.4676736404977021,C:\Users\CsP\Desktop\stock_project_king_of_the_hill\saved_models\final_lightgbm_model_delta_t_35.pkl,20241102_131334
"{'learning_rate': 0.01, 'num_leaves': 100, 'max_depth': 30, 'min_data_in_leaf': 50, 'feature_fraction': 1.0, 'lambda_l1': 10.0, 'lambda_l2': 0.1, 'min_gain_to_split': 0.5, 'max_bin': 255, 'boosting_type': 'dart', 'bagging_fraction': 1.0, 'bagging_freq': 15, 'bagging_seed': 999}",0.47484968102722436,C:\Users\CsP\Desktop\stock_project_king_of_the_hill\saved_models\final_lightgbm_model_delta_t_36.pkl,20241102_131341
"{'learning_rate': 0.01, 'num_leaves': 100, 'max_depth': 30, 'min_data_in_leaf': 50, 'feature_fraction': 1.0, 'lambda_l1': 10.0, 'lambda_l2': 0.1, 'min_gain_to_split': 0.5, 'max_bin': 255, 'boosting_type': 'dart', 'bagging_fraction': 1.0, 'bagging_freq': 15, 'bagging_seed': 999}",0.4735057917501776,C:\Users\CsP\Desktop\stock_project_king_of_the_hill\saved_models\final_lightgbm_model_delta_t_38.pkl,20241102_131347
"{'learning_rate': 0.01, 'num_leaves': 100, 'max_depth': 30, 'min_data_in_leaf': 50, 'feature_fraction': 1.0, 'lambda_l1': 10.0, 'lambda_l2': 0.1, 'min_gain_to_split': 0.5, 'max_bin': 255, 'boosting_type': 'dart', 'bagging_fraction': 1.0, 'bagging_freq': 15, 'bagging_seed': 999}",0.46712069976941645,C:\Users\CsP\Desktop\stock_project_king_of_the_hill\saved_models\final_lightgbm_model_delta_t_40.pkl,20241102_131353
"{'learning_rate': 0.2, 'num_leaves': 150, 'max_depth': 10, 'min_data_in_leaf': 200, 'feature_fraction': 1.0, 'lambda_l1': 10.0, 'lambda_l2': 0, 'min_gain_to_split': 0.5, 'max_bin': 1000, 'boosting_type': 'gbdt', 'bagging_fraction': 0.6, 'bagging_freq': 15, 'bagging_seed': 42}",0.4604655888213042,C:\Users\CsP\Desktop\stock_project_king_of_the_hill\saved_models\final_lightgbm_model_delta_t_12.pkl,20241102_131404
"{'learning_rate': 0.2, 'num_leaves': 150, 'max_depth': 10, 'min_data_in_leaf': 200, 'feature_fraction': 1.0, 'lambda_l1': 10.0, 'lambda_l2': 0, 'min_gain_to_split': 0.5, 'max_bin': 1000, 'boosting_type': 'gbdt', 'bagging_fraction': 0.6, 'bagging_freq': 15, 'bagging_seed': 42}",0.4793189634591659,C:\Users\CsP\Desktop\stock_project_king_of_the_hill\saved_models\final_lightgbm_model_delta_t_15.pkl,20241102_131410
"{'learning_rate': 0.2, 'num_leaves': 150, 'max_depth': 10, 'min_data_in_leaf': 200, 'feature_fraction': 1.0, 'lambda_l1': 10.0, 'lambda_l2': 0, 'min_gain_to_split': 0.5, 'max_bin': 1000, 'boosting_type': 'gbdt', 'bagging_fraction': 0.6, 'bagging_freq': 15, 'bagging_seed': 42}",0.48365241499563155,C:\Users\CsP\Desktop\stock_project_king_of_the_hill\saved_models\final_lightgbm_model_delta_t_16.pkl,20241102_131416
"{'learning_rate': 0.2, 'num_leaves': 150, 'max_depth': 10, 'min_data_in_leaf': 200, 'feature_fraction': 1.0, 'lambda_l1': 10.0, 'lambda_l2': 0, 'min_gain_to_split': 0.5, 'max_bin': 1000, 'boosting_type': 'gbdt', 'bagging_fraction': 0.6, 'bagging_freq': 15, 'bagging_seed': 42}",0.4582978029679152,C:\Users\CsP\Desktop\stock_project_king_of_the_hill\saved_models\final_lightgbm_model_delta_t_17.pkl,20241102_131422
"{'learning_rate': 0.2, 'num_leaves': 150, 'max_depth': 10, 'min_data_in_leaf': 200, 'feature_fraction': 1.0, 'lambda_l1': 10.0, 'lambda_l2': 0, 'min_gain_to_split': 0.5, 'max_bin': 1000, 'boosting_type': 'gbdt', 'bagging_fraction': 0.6, 'bagging_freq': 15, 'bagging_seed': 42}",0.48957131549805794,C:\Users\CsP\Desktop\stock_project_king_of_the_hill\saved_models\final_lightgbm_model_delta_t_18.pkl,20241102_131428
"{'learning_rate': 0.2, 'num_leaves': 150, 'max_depth': 10, 'min_data_in_leaf': 200, 'feature_fraction': 1.0, 'lambda_l1': 10.0, 'lambda_l2': 0, 'min_gain_to_split': 0.5, 'max_bin': 1000, 'boosting_type': 'gbdt', 'bagging_fraction': 0.6, 'bagging_freq': 15, 'bagging_seed': 42}",0.4434383421257439,C:\Users\CsP\Desktop\stock_project_king_of_the_hill\saved_models\final_lightgbm_model_delta_t_19.pkl,20241102_131434
"{'learning_rate': 0.2, 'num_leaves': 150, 'max_depth': 10, 'min_data_in_leaf': 200, 'feature_fraction': 1.0, 'lambda_l1': 10.0, 'lambda_l2': 0, 'min_gain_to_split': 0.5, 'max_bin': 1000, 'boosting_type': 'gbdt', 'bagging_fraction': 0.6, 'bagging_freq': 15, 'bagging_seed': 42}",0.4595134037986586,C:\Users\CsP\Desktop\stock_project_king_of_the_hill\saved_models\final_lightgbm_model_delta_t_25.pkl,20241102_131440
"{'learning_rate': 0.2, 'num_leaves': 150, 'max_depth': 10, 'min_data_in_leaf': 200, 'feature_fraction': 1.0, 'lambda_l1': 10.0, 'lambda_l2': 0, 'min_gain_to_split': 0.5, 'max_bin': 1000, 'boosting_type': 'gbdt', 'bagging_fraction': 0.6, 'bagging_freq': 15, 'bagging_seed': 42}",0.48507418710780303,C:\Users\CsP\Desktop\stock_project_king_of_the_hill\saved_models\final_lightgbm_model_delta_t_30.pkl,20241102_131446
"{'learning_rate': 0.2, 'num_leaves': 150, 'max_depth': 10, 'min_data_in_leaf': 200, 'feature_fraction': 1.0, 'lambda_l1': 10.0, 'lambda_l2': 0, 'min_gain_to_split': 0.5, 'max_bin': 1000, 'boosting_type': 'gbdt', 'bagging_fraction': 0.6, 'bagging_freq': 15, 'bagging_seed': 42}",0.44371276102416896,C:\Users\CsP\Desktop\stock_project_king_of_the_hill\saved_models\final_lightgbm_model_delta_t_32.pkl,20241102_131452
"{'learning_rate': 0.2, 'num_leaves': 150, 'max_depth': 10, 'min_data_in_leaf': 200, 'feature_fraction': 1.0, 'lambda_l1': 10.0, 'lambda_l2': 0, 'min_gain_to_split': 0.5, 'max_bin': 1000, 'boosting_type': 'gbdt', 'bagging_fraction': 0.6, 'bagging_freq': 15, 'bagging_seed': 42}",0.4744780824204001,C:\Users\CsP\Desktop\stock_project_king_of_the_hill\saved_models\final_lightgbm_model_delta_t_35.pkl,20241102_131458
"{'learning_rate': 0.2, 'num_leaves': 150, 'max_depth': 10, 'min_data_in_leaf': 200, 'feature_fraction': 1.0, 'lambda_l1': 10.0, 'lambda_l2': 0, 'min_gain_to_split': 0.5, 'max_bin': 1000, 'boosting_type': 'gbdt', 'bagging_fraction': 0.6, 'bagging_freq': 15, 'bagging_seed': 42}",0.45182634235131475,C:\Users\CsP\Desktop\stock_project_king_of_the_hill\saved_models\final_lightgbm_model_delta_t_36.pkl,20241102_131504
"{'learning_rate': 0.2, 'num_leaves': 150, 'max_depth': 10, 'min_data_in_leaf': 200, 'feature_fraction': 1.0, 'lambda_l1': 10.0, 'lambda_l2': 0, 'min_gain_to_split': 0.5, 'max_bin': 1000, 'boosting_type': 'gbdt', 'bagging_fraction': 0.6, 'bagging_freq': 15, 'bagging_seed': 42}",0.4705009698902831,C:\Users\CsP\Desktop\stock_project_king_of_the_hill\saved_models\final_lightgbm_model_delta_t_38.pkl,20241102_131511
"{'learning_rate': 0.2, 'num_leaves': 150, 'max_depth': 10, 'min_data_in_leaf': 200, 'feature_fraction': 1.0, 'lambda_l1': 10.0, 'lambda_l2': 0, 'min_gain_to_split': 0.5, 'max_bin': 1000, 'boosting_type': 'gbdt', 'bagging_fraction': 0.6, 'bagging_freq': 15, 'bagging_seed': 42}",0.435524682618773,C:\Users\CsP\Desktop\stock_project_king_of_the_hill\saved_models\final_lightgbm_model_delta_t_40.pkl,20241102_131518
"{'learning_rate': 0.2, 'num_leaves': 50, 'max_depth': 10, 'min_data_in_leaf': 50, 'feature_fraction': 0.6, 'lambda_l1': 10.0, 'lambda_l2': 0.1, 'min_gain_to_split': 0.1, 'max_bin': 255, 'boosting_type': 'gbdt', 'bagging_fraction': 0.6, 'bagging_freq': 15, 'bagging_seed': 999}",0.4772601369422704,C:\Users\CsP\Desktop\stock_project_king_of_the_hill\saved_models\final_lightgbm_model_delta_t_12.pkl,20241102_131529
"{'learning_rate': 0.2, 'num_leaves': 50, 'max_depth': 10, 'min_data_in_leaf': 50, 'feature_fraction': 0.6, 'lambda_l1': 10.0, 'lambda_l2': 0.1, 'min_gain_to_split': 0.1, 'max_bin': 255, 'boosting_type': 'gbdt', 'bagging_fraction': 0.6, 'bagging_freq': 15, 'bagging_seed': 999}",0.45968800499439466,C:\Users\CsP\Desktop\stock_project_king_of_the_hill\saved_models\final_lightgbm_model_delta_t_15.pkl,20241102_131536
"{'learning_rate': 0.2, 'num_leaves': 50, 'max_depth': 10, 'min_data_in_leaf': 50, 'feature_fraction': 0.6, 'lambda_l1': 10.0, 'lambda_l2': 0.1, 'min_gain_to_split': 0.1, 'max_bin': 255, 'boosting_type': 'gbdt', 'bagging_fraction': 0.6, 'bagging_freq': 15, 'bagging_seed': 999}",0.479316916210098,C:\Users\CsP\Desktop\stock_project_king_of_the_hill\saved_models\final_lightgbm_model_delta_t_16.pkl,20241102_131543
"{'learning_rate': 0.2, 'num_leaves': 50, 'max_depth': 10, 'min_data_in_leaf': 50, 'feature_fraction': 0.6, 'lambda_l1': 10.0, 'lambda_l2': 0.1, 'min_gain_to_split': 0.1, 'max_bin': 255, 'boosting_type': 'gbdt', 'bagging_fraction': 0.6, 'bagging_freq': 15, 'bagging_seed': 999}",0.5285600388573716,C:\Users\CsP\Desktop\stock_project_king_of_the_hill\saved_models\final_lightgbm_model_delta_t_17.pkl,20241102_131549
"{'learning_rate': 0.2, 'num_leaves': 50, 'max_depth': 10, 'min_data_in_leaf': 50, 'feature_fraction': 0.6, 'lambda_l1': 10.0, 'lambda_l2': 0.1, 'min_gain_to_split': 0.1, 'max_bin': 255, 'boosting_type': 'gbdt', 'bagging_fraction': 0.6, 'bagging_freq': 15, 'bagging_seed': 999}",0.4997647988079835,C:\Users\CsP\Desktop\stock_project_king_of_the_hill\saved_models\final_lightgbm_model_delta_t_18.pkl,20241102_131556
"{'learning_rate': 0.2, 'num_leaves': 50, 'max_depth': 10, 'min_data_in_leaf': 50, 'feature_fraction': 0.6, 'lambda_l1': 10.0, 'lambda_l2': 0.1, 'min_gain_to_split': 0.1, 'max_bin': 255, 'boosting_type': 'gbdt', 'bagging_fraction': 0.6, 'bagging_freq': 15, 'bagging_seed': 999}",0.46089786272442074,C:\Users\CsP\Desktop\stock_project_king_of_the_hill\saved_models\final_lightgbm_model_delta_t_19.pkl,20241102_131603
"{'learning_rate': 0.2, 'num_leaves': 50, 'max_depth': 10, 'min_data_in_leaf': 50, 'feature_fraction': 0.6, 'lambda_l1': 10.0, 'lambda_l2': 0.1, 'min_gain_to_split': 0.1, 'max_bin': 255, 'boosting_type': 'gbdt', 'bagging_fraction': 0.6, 'bagging_freq': 15, 'bagging_seed': 999}",0.5006827255858466,C:\Users\CsP\Desktop\stock_project_king_of_the_hill\saved_models\final_lightgbm_model_delta_t_25.pkl,20241102_131609
"{'learning_rate': 0.2, 'num_leaves': 50, 'max_depth': 10, 'min_data_in_leaf': 50, 'feature_fraction': 0.6, 'lambda_l1': 10.0, 'lambda_l2': 0.1, 'min_gain_to_split': 0.1, 'max_bin': 255, 'boosting_type': 'gbdt', 'bagging_fraction': 0.6, 'bagging_freq': 15, 'bagging_seed': 999}",0.4657733092419167,C:\Users\CsP\Desktop\stock_project_king_of_the_hill\saved_models\final_lightgbm_model_delta_t_30.pkl,20241102_131616
"{'learning_rate': 0.2, 'num_leaves': 50, 'max_depth': 10, 'min_data_in_leaf': 50, 'feature_fraction': 0.6, 'lambda_l1': 10.0, 'lambda_l2': 0.1, 'min_gain_to_split': 0.1, 'max_bin': 255, 'boosting_type': 'gbdt', 'bagging_fraction': 0.6, 'bagging_freq': 15, 'bagging_seed': 999}",0.49121658213607233,C:\Users\CsP\Desktop\stock_project_king_of_the_hill\saved_models\final_lightgbm_model_delta_t_32.pkl,20241102_131623
"{'learning_rate': 0.2, 'num_leaves': 50, 'max_depth': 10, 'min_data_in_leaf': 50, 'feature_fraction': 0.6, 'lambda_l1': 10.0, 'lambda_l2': 0.1, 'min_gain_to_split': 0.1, 'max_bin': 255, 'boosting_type': 'gbdt', 'bagging_fraction': 0.6, 'bagging_freq': 15, 'bagging_seed': 999}",0.5541262017109388,C:\Users\CsP\Desktop\stock_project_king_of_the_hill\saved_models\final_lightgbm_model_delta_t_35.pkl,20241102_131629
"{'learning_rate': 0.2, 'num_leaves': 50, 'max_depth': 10, 'min_data_in_leaf': 50, 'feature_fraction': 0.6, 'lambda_l1': 10.0, 'lambda_l2': 0.1, 'min_gain_to_split': 0.1, 'max_bin': 255, 'boosting_type': 'gbdt', 'bagging_fraction': 0.6, 'bagging_freq': 15, 'bagging_seed': 999}",0.5043865355434658,C:\Users\CsP\Desktop\stock_project_king_of_the_hill\saved_models\final_lightgbm_model_delta_t_36.pkl,20241102_131635
"{'learning_rate': 0.2, 'num_leaves': 50, 'max_depth': 10, 'min_data_in_leaf': 50, 'feature_fraction': 0.6, 'lambda_l1': 10.0, 'lambda_l2': 0.1, 'min_gain_to_split': 0.1, 'max_bin': 255, 'boosting_type': 'gbdt', 'bagging_fraction': 0.6, 'bagging_freq': 15, 'bagging_seed': 999}",0.4809290335262942,C:\Users\CsP\Desktop\stock_project_king_of_the_hill\saved_models\final_lightgbm_model_delta_t_38.pkl,20241102_131641
"{'learning_rate': 0.2, 'num_leaves': 50, 'max_depth': 10, 'min_data_in_leaf': 50, 'feature_fraction': 0.6, 'lambda_l1': 10.0, 'lambda_l2': 0.1, 'min_gain_to_split': 0.1, 'max_bin': 255, 'boosting_type': 'gbdt', 'bagging_fraction': 0.6, 'bagging_freq': 15, 'bagging_seed': 999}",0.5280382176988662,C:\Users\CsP\Desktop\stock_project_king_of_the_hill\saved_models\final_lightgbm_model_delta_t_40.pkl,20241102_131648
"{'learning_rate': 0.01, 'num_leaves': 31, 'max_depth': 30, 'min_data_in_leaf': 200, 'feature_fraction': 0.6, 'lambda_l1': 1.0, 'lambda_l2': 0.1, 'min_gain_to_split': 0, 'max_bin': 255, 'boosting_type': 'gbdt', 'bagging_fraction': 1.0, 'bagging_freq': 15, 'bagging_seed': 42}",0.46330025850581774,C:\Users\CsP\Desktop\stock_project_king_of_the_hill\saved_models\final_lightgbm_model_delta_t_12.pkl,20241102_131700
"{'learning_rate': 0.01, 'num_leaves': 31, 'max_depth': 30, 'min_data_in_leaf': 200, 'feature_fraction': 0.6, 'lambda_l1': 1.0, 'lambda_l2': 0.1, 'min_gain_to_split': 0, 'max_bin': 255, 'boosting_type': 'gbdt', 'bagging_fraction': 1.0, 'bagging_freq': 15, 'bagging_seed': 42}",0.45746863313738845,C:\Users\CsP\Desktop\stock_project_king_of_the_hill\saved_models\final_lightgbm_model_delta_t_15.pkl,20241102_131706
"{'learning_rate': 0.01, 'num_leaves': 31, 'max_depth': 30, 'min_data_in_leaf': 200, 'feature_fraction': 0.6, 'lambda_l1': 1.0, 'lambda_l2': 0.1, 'min_gain_to_split': 0, 'max_bin': 255, 'boosting_type': 'gbdt', 'bagging_fraction': 1.0, 'bagging_freq': 15, 'bagging_seed': 42}",0.4982477108011725,C:\Users\CsP\Desktop\stock_project_king_of_the_hill\saved_models\final_lightgbm_model_delta_t_16.pkl,20241102_131714
"{'learning_rate': 0.01, 'num_leaves': 31, 'max_depth': 30, 'min_data_in_leaf': 200, 'feature_fraction': 0.6, 'lambda_l1': 1.0, 'lambda_l2': 0.1, 'min_gain_to_split': 0, 'max_bin': 255, 'boosting_type': 'gbdt', 'bagging_fraction': 1.0, 'bagging_freq': 15, 'bagging_seed': 42}",0.48944348294787127,C:\Users\CsP\Desktop\stock_project_king_of_the_hill\saved_models\final_lightgbm_model_delta_t_17.pkl,20241102_131720
"{'learning_rate': 0.01, 'num_leaves': 31, 'max_depth': 30, 'min_data_in_leaf': 200, 'feature_fraction': 0.6, 'lambda_l1': 1.0, 'lambda_l2': 0.1, 'min_gain_to_split': 0, 'max_bin': 255, 'boosting_type': 'gbdt', 'bagging_fraction': 1.0, 'bagging_freq': 15, 'bagging_seed': 42}",0.4934117432168906,C:\Users\CsP\Desktop\stock_project_king_of_the_hill\saved_models\final_lightgbm_model_delta_t_18.pkl,20241102_131727
"{'learning_rate': 0.01, 'num_leaves': 31, 'max_depth': 30, 'min_data_in_leaf': 200, 'feature_fraction': 0.6, 'lambda_l1': 1.0, 'lambda_l2': 0.1, 'min_gain_to_split': 0, 'max_bin': 255, 'boosting_type': 'gbdt', 'bagging_fraction': 1.0, 'bagging_freq': 15, 'bagging_seed': 42}",0.45013590863554614,C:\Users\CsP\Desktop\stock_project_king_of_the_hill\saved_models\final_lightgbm_model_delta_t_19.pkl,20241102_131734
"{'learning_rate': 0.01, 'num_leaves': 31, 'max_depth': 30, 'min_data_in_leaf': 200, 'feature_fraction': 0.6, 'lambda_l1': 1.0, 'lambda_l2': 0.1, 'min_gain_to_split': 0, 'max_bin': 255, 'boosting_type': 'gbdt', 'bagging_fraction': 1.0, 'bagging_freq': 15, 'bagging_seed': 42}",0.5121128151671464,C:\Users\CsP\Desktop\stock_project_king_of_the_hill\saved_models\final_lightgbm_model_delta_t_25.pkl,20241102_131740
"{'learning_rate': 0.01, 'num_leaves': 31, 'max_depth': 30, 'min_data_in_leaf': 200, 'feature_fraction': 0.6, 'lambda_l1': 1.0, 'lambda_l2': 0.1, 'min_gain_to_split': 0, 'max_bin': 255, 'boosting_type': 'gbdt', 'bagging_fraction': 1.0, 'bagging_freq': 15, 'bagging_seed': 42}",0.5581464366811392,C:\Users\CsP\Desktop\stock_project_king_of_the_hill\saved_models\final_lightgbm_model_delta_t_30.pkl,20241102_131747
"{'learning_rate': 0.01, 'num_leaves': 31, 'max_depth': 30, 'min_data_in_leaf': 200, 'feature_fraction': 0.6, 'lambda_l1': 1.0, 'lambda_l2': 0.1, 'min_gain_to_split': 0, 'max_bin': 255, 'boosting_type': 'gbdt', 'bagging_fraction': 1.0, 'bagging_freq': 15, 'bagging_seed': 42}",0.6061994250475242,C:\Users\CsP\Desktop\stock_project_king_of_the_hill\saved_models\final_lightgbm_model_delta_t_32.pkl,20241102_131753
"{'learning_rate': 0.01, 'num_leaves': 31, 'max_depth': 30, 'min_data_in_leaf': 200, 'feature_fraction': 0.6, 'lambda_l1': 1.0, 'lambda_l2': 0.1, 'min_gain_to_split': 0, 'max_bin': 255, 'boosting_type': 'gbdt', 'bagging_fraction': 1.0, 'bagging_freq': 15, 'bagging_seed': 42}",0.5678435806944541,C:\Users\CsP\Desktop\stock_project_king_of_the_hill\saved_models\final_lightgbm_model_delta_t_35.pkl,20241102_131800
"{'learning_rate': 0.01, 'num_leaves': 31, 'max_depth': 30, 'min_data_in_leaf': 200, 'feature_fraction': 0.6, 'lambda_l1': 1.0, 'lambda_l2': 0.1, 'min_gain_to_split': 0, 'max_bin': 255, 'boosting_type': 'gbdt', 'bagging_fraction': 1.0, 'bagging_freq': 15, 'bagging_seed': 42}",0.5546203670442471,C:\Users\CsP\Desktop\stock_project_king_of_the_hill\saved_models\final_lightgbm_model_delta_t_36.pkl,20241102_131806
"{'learning_rate': 0.01, 'num_leaves': 31, 'max_depth': 30, 'min_data_in_leaf': 200, 'feature_fraction': 0.6, 'lambda_l1': 1.0, 'lambda_l2': 0.1, 'min_gain_to_split': 0, 'max_bin': 255, 'boosting_type': 'gbdt', 'bagging_fraction': 1.0, 'bagging_freq': 15, 'bagging_seed': 42}",0.5542907618036855,C:\Users\CsP\Desktop\stock_project_king_of_the_hill\saved_models\final_lightgbm_model_delta_t_38.pkl,20241102_131812
"{'learning_rate': 0.01, 'num_leaves': 31, 'max_depth': 30, 'min_data_in_leaf': 200, 'feature_fraction': 0.6, 'lambda_l1': 1.0, 'lambda_l2': 0.1, 'min_gain_to_split': 0, 'max_bin': 255, 'boosting_type': 'gbdt', 'bagging_fraction': 1.0, 'bagging_freq': 15, 'bagging_seed': 42}",0.5494648041042345,C:\Users\CsP\Desktop\stock_project_king_of_the_hill\saved_models\final_lightgbm_model_delta_t_40.pkl,20241102_131818
"{'learning_rate': 0.1, 'num_leaves': 150, 'max_depth': -1, 'min_data_in_leaf': 50, 'feature_fraction': 0.6, 'lambda_l1': 0.1, 'lambda_l2': 0.1, 'min_gain_to_split': 1.0, 'max_bin': 1000, 'boosting_type': 'gbdt', 'bagging_fraction': 0.8, 'bagging_freq': 10, 'bagging_seed': 999}",0.4797102330954547,C:\Users\CsP\Desktop\stock_project_king_of_the_hill\saved_models\final_lightgbm_model_delta_t_12.pkl,20241102_131829
"{'learning_rate': 0.1, 'num_leaves': 150, 'max_depth': -1, 'min_data_in_leaf': 50, 'feature_fraction': 0.6, 'lambda_l1': 0.1, 'lambda_l2': 0.1, 'min_gain_to_split': 1.0, 'max_bin': 1000, 'boosting_type': 'gbdt', 'bagging_fraction': 0.8, 'bagging_freq': 10, 'bagging_seed': 999}",0.4619742192575543,C:\Users\CsP\Desktop\stock_project_king_of_the_hill\saved_models\final_lightgbm_model_delta_t_15.pkl,20241102_131836
"{'learning_rate': 0.1, 'num_leaves': 150, 'max_depth': -1, 'min_data_in_leaf': 50, 'feature_fraction': 0.6, 'lambda_l1': 0.1, 'lambda_l2': 0.1, 'min_gain_to_split': 1.0, 'max_bin': 1000, 'boosting_type': 'gbdt', 'bagging_fraction': 0.8, 'bagging_freq': 10, 'bagging_seed': 999}",0.4714973600963125,C:\Users\CsP\Desktop\stock_project_king_of_the_hill\saved_models\final_lightgbm_model_delta_t_16.pkl,20241102_131842
"{'learning_rate': 0.1, 'num_leaves': 150, 'max_depth': -1, 'min_data_in_leaf': 50, 'feature_fraction': 0.6, 'lambda_l1': 0.1, 'lambda_l2': 0.1, 'min_gain_to_split': 1.0, 'max_bin': 1000, 'boosting_type': 'gbdt', 'bagging_fraction': 0.8, 'bagging_freq': 10, 'bagging_seed': 999}",0.47900166954575585,C:\Users\CsP\Desktop\stock_project_king_of_the_hill\saved_models\final_lightgbm_model_delta_t_17.pkl,20241102_131849
"{'learning_rate': 0.1, 'num_leaves': 150, 'max_depth': -1, 'min_data_in_leaf': 50, 'feature_fraction': 0.6, 'lambda_l1': 0.1, 'lambda_l2': 0.1, 'min_gain_to_split': 1.0, 'max_bin': 1000, 'boosting_type': 'gbdt', 'bagging_fraction': 0.8, 'bagging_freq': 10, 'bagging_seed': 999}",0.4853600558605261,C:\Users\CsP\Desktop\stock_project_king_of_the_hill\saved_models\final_lightgbm_model_delta_t_18.pkl,20241102_131855
"{'learning_rate': 0.1, 'num_leaves': 150, 'max_depth': -1, 'min_data_in_leaf': 50, 'feature_fraction': 0.6, 'lambda_l1': 0.1, 'lambda_l2': 0.1, 'min_gain_to_split': 1.0, 'max_bin': 1000, 'boosting_type': 'gbdt', 'bagging_fraction': 0.8, 'bagging_freq': 10, 'bagging_seed': 999}",0.449371545369844,C:\Users\CsP\Desktop\stock_project_king_of_the_hill\saved_models\final_lightgbm_model_delta_t_19.pkl,20241102_131902
"{'learning_rate': 0.1, 'num_leaves': 150, 'max_depth': -1, 'min_data_in_leaf': 50, 'feature_fraction': 0.6, 'lambda_l1': 0.1, 'lambda_l2': 0.1, 'min_gain_to_split': 1.0, 'max_bin': 1000, 'boosting_type': 'gbdt', 'bagging_fraction': 0.8, 'bagging_freq': 10, 'bagging_seed': 999}",0.5093940732983799,C:\Users\CsP\Desktop\stock_project_king_of_the_hill\saved_models\final_lightgbm_model_delta_t_25.pkl,20241102_131909
"{'learning_rate': 0.1, 'num_leaves': 150, 'max_depth': -1, 'min_data_in_leaf': 50, 'feature_fraction': 0.6, 'lambda_l1': 0.1, 'lambda_l2': 0.1, 'min_gain_to_split': 1.0, 'max_bin': 1000, 'boosting_type': 'gbdt', 'bagging_fraction': 0.8, 'bagging_freq': 10, 'bagging_seed': 999}",0.5023361417879,C:\Users\CsP\Desktop\stock_project_king_of_the_hill\saved_models\final_lightgbm_model_delta_t_30.pkl,20241102_131915
"{'learning_rate': 0.1, 'num_leaves': 150, 'max_depth': -1, 'min_data_in_leaf': 50, 'feature_fraction': 0.6, 'lambda_l1': 0.1, 'lambda_l2': 0.1, 'min_gain_to_split': 1.0, 'max_bin': 1000, 'boosting_type': 'gbdt', 'bagging_fraction': 0.8, 'bagging_freq': 10, 'bagging_seed': 999}",0.4877789349875964,C:\Users\CsP\Desktop\stock_project_king_of_the_hill\saved_models\final_lightgbm_model_delta_t_32.pkl,20241102_131922
"{'learning_rate': 0.1, 'num_leaves': 150, 'max_depth': -1, 'min_data_in_leaf': 50, 'feature_fraction': 0.6, 'lambda_l1': 0.1, 'lambda_l2': 0.1, 'min_gain_to_split': 1.0, 'max_bin': 1000, 'boosting_type': 'gbdt', 'bagging_fraction': 0.8, 'bagging_freq': 10, 'bagging_seed': 999}",0.5503848232647566,C:\Users\CsP\Desktop\stock_project_king_of_the_hill\saved_models\final_lightgbm_model_delta_t_35.pkl,20241102_131929
"{'learning_rate': 0.1, 'num_leaves': 150, 'max_depth': -1, 'min_data_in_leaf': 50, 'feature_fraction': 0.6, 'lambda_l1': 0.1, 'lambda_l2': 0.1, 'min_gain_to_split': 1.0, 'max_bin': 1000, 'boosting_type': 'gbdt', 'bagging_fraction': 0.8, 'bagging_freq': 10, 'bagging_seed': 999}",0.5431040811551404,C:\Users\CsP\Desktop\stock_project_king_of_the_hill\saved_models\final_lightgbm_model_delta_t_36.pkl,20241102_131935
"{'learning_rate': 0.1, 'num_leaves': 150, 'max_depth': -1, 'min_data_in_leaf': 50, 'feature_fraction': 0.6, 'lambda_l1': 0.1, 'lambda_l2': 0.1, 'min_gain_to_split': 1.0, 'max_bin': 1000, 'boosting_type': 'gbdt', 'bagging_fraction': 0.8, 'bagging_freq': 10, 'bagging_seed': 999}",0.48782733619551477,C:\Users\CsP\Desktop\stock_project_king_of_the_hill\saved_models\final_lightgbm_model_delta_t_38.pkl,20241102_131941
"{'learning_rate': 0.1, 'num_leaves': 150, 'max_depth': -1, 'min_data_in_leaf': 50, 'feature_fraction': 0.6, 'lambda_l1': 0.1, 'lambda_l2': 0.1, 'min_gain_to_split': 1.0, 'max_bin': 1000, 'boosting_type': 'gbdt', 'bagging_fraction': 0.8, 'bagging_freq': 10, 'bagging_seed': 999}",0.5362410727477908,C:\Users\CsP\Desktop\stock_project_king_of_the_hill\saved_models\final_lightgbm_model_delta_t_40.pkl,20241102_131947
"{'learning_rate': 0.2, 'num_leaves': 50, 'max_depth': 10, 'min_data_in_leaf': 50, 'feature_fraction': 0.6, 'lambda_l1': 0, 'lambda_l2': 0, 'min_gain_to_split': 0.5, 'max_bin': 500, 'boosting_type': 'gbdt', 'bagging_fraction': 0.6, 'bagging_freq': 10, 'bagging_seed': 42}",0.4605351501558128,C:\Users\CsP\Desktop\stock_project_king_of_the_hill\saved_models\final_lightgbm_model_delta_t_12.pkl,20241102_131958
"{'learning_rate': 0.2, 'num_leaves': 50, 'max_depth': 10, 'min_data_in_leaf': 50, 'feature_fraction': 0.6, 'lambda_l1': 0, 'lambda_l2': 0, 'min_gain_to_split': 0.5, 'max_bin': 500, 'boosting_type': 'gbdt', 'bagging_fraction': 0.6, 'bagging_freq': 10, 'bagging_seed': 42}",0.46443076436901476,C:\Users\CsP\Desktop\stock_project_king_of_the_hill\saved_models\final_lightgbm_model_delta_t_15.pkl,20241102_132005
"{'learning_rate': 0.2, 'num_leaves': 50, 'max_depth': 10, 'min_data_in_leaf': 50, 'feature_fraction': 0.6, 'lambda_l1': 0, 'lambda_l2': 0, 'min_gain_to_split': 0.5, 'max_bin': 500, 'boosting_type': 'gbdt', 'bagging_fraction': 0.6, 'bagging_freq': 10, 'bagging_seed': 42}",0.44515719734040954,C:\Users\CsP\Desktop\stock_project_king_of_the_hill\saved_models\final_lightgbm_model_delta_t_16.pkl,20241102_132011
"{'learning_rate': 0.2, 'num_leaves': 50, 'max_depth': 10, 'min_data_in_leaf': 50, 'feature_fraction': 0.6, 'lambda_l1': 0, 'lambda_l2': 0, 'min_gain_to_split': 0.5, 'max_bin': 500, 'boosting_type': 'gbdt', 'bagging_fraction': 0.6, 'bagging_freq': 10, 'bagging_seed': 42}",0.4695036681944263,C:\Users\CsP\Desktop\stock_project_king_of_the_hill\saved_models\final_lightgbm_model_delta_t_17.pkl,20241102_132018
"{'learning_rate': 0.2, 'num_leaves': 50, 'max_depth': 10, 'min_data_in_leaf': 50, 'feature_fraction': 0.6, 'lambda_l1': 0, 'lambda_l2': 0, 'min_gain_to_split': 0.5, 'max_bin': 500, 'boosting_type': 'gbdt', 'bagging_fraction': 0.6, 'bagging_freq': 10, 'bagging_seed': 42}",0.47740120629744165,C:\Users\CsP\Desktop\stock_project_king_of_the_hill\saved_models\final_lightgbm_model_delta_t_18.pkl,20241102_132024
"{'learning_rate': 0.2, 'num_leaves': 50, 'max_depth': 10, 'min_data_in_leaf': 50, 'feature_fraction': 0.6, 'lambda_l1': 0, 'lambda_l2': 0, 'min_gain_to_split': 0.5, 'max_bin': 500, 'boosting_type': 'gbdt', 'bagging_fraction': 0.6, 'bagging_freq': 10, 'bagging_seed': 42}",0.5186442018384378,C:\Users\CsP\Desktop\stock_project_king_of_the_hill\saved_models\final_lightgbm_model_delta_t_19.pkl,20241102_132030
"{'learning_rate': 0.2, 'num_leaves': 50, 'max_depth': 10, 'min_data_in_leaf': 50, 'feature_fraction': 0.6, 'lambda_l1': 0, 'lambda_l2': 0, 'min_gain_to_split': 0.5, 'max_bin': 500, 'boosting_type': 'gbdt', 'bagging_fraction': 0.6, 'bagging_freq': 10, 'bagging_seed': 42}",0.4705108388805604,C:\Users\CsP\Desktop\stock_project_king_of_the_hill\saved_models\final_lightgbm_model_delta_t_25.pkl,20241102_132036
"{'learning_rate': 0.2, 'num_leaves': 50, 'max_depth': 10, 'min_data_in_leaf': 50, 'feature_fraction': 0.6, 'lambda_l1': 0, 'lambda_l2': 0, 'min_gain_to_split': 0.5, 'max_bin': 500, 'boosting_type': 'gbdt', 'bagging_fraction': 0.6, 'bagging_freq': 10, 'bagging_seed': 42}",0.49578350471629856,C:\Users\CsP\Desktop\stock_project_king_of_the_hill\saved_models\final_lightgbm_model_delta_t_30.pkl,20241102_132042
"{'learning_rate': 0.2, 'num_leaves': 50, 'max_depth': 10, 'min_data_in_leaf': 50, 'feature_fraction': 0.6, 'lambda_l1': 0, 'lambda_l2': 0, 'min_gain_to_split': 0.5, 'max_bin': 500, 'boosting_type': 'gbdt', 'bagging_fraction': 0.6, 'bagging_freq': 10, 'bagging_seed': 42}",0.46029098561293846,C:\Users\CsP\Desktop\stock_project_king_of_the_hill\saved_models\final_lightgbm_model_delta_t_32.pkl,20241102_132048
"{'learning_rate': 0.2, 'num_leaves': 50, 'max_depth': 10, 'min_data_in_leaf': 50, 'feature_fraction': 0.6, 'lambda_l1': 0, 'lambda_l2': 0, 'min_gain_to_split': 0.5, 'max_bin': 500, 'boosting_type': 'gbdt', 'bagging_fraction': 0.6, 'bagging_freq': 10, 'bagging_seed': 42}",0.5533540874840301,C:\Users\CsP\Desktop\stock_project_king_of_the_hill\saved_models\final_lightgbm_model_delta_t_35.pkl,20241102_132054
"{'learning_rate': 0.2, 'num_leaves': 50, 'max_depth': 10, 'min_data_in_leaf': 50, 'feature_fraction': 0.6, 'lambda_l1': 0, 'lambda_l2': 0, 'min_gain_to_split': 0.5, 'max_bin': 500, 'boosting_type': 'gbdt', 'bagging_fraction': 0.6, 'bagging_freq': 10, 'bagging_seed': 42}",0.5512744822911284,C:\Users\CsP\Desktop\stock_project_king_of_the_hill\saved_models\final_lightgbm_model_delta_t_36.pkl,20241102_132100
"{'learning_rate': 0.2, 'num_leaves': 50, 'max_depth': 10, 'min_data_in_leaf': 50, 'feature_fraction': 0.6, 'lambda_l1': 0, 'lambda_l2': 0, 'min_gain_to_split': 0.5, 'max_bin': 500, 'boosting_type': 'gbdt', 'bagging_fraction': 0.6, 'bagging_freq': 10, 'bagging_seed': 42}",0.49202392351047564,C:\Users\CsP\Desktop\stock_project_king_of_the_hill\saved_models\final_lightgbm_model_delta_t_38.pkl,20241102_132107
"{'learning_rate': 0.2, 'num_leaves': 50, 'max_depth': 10, 'min_data_in_leaf': 50, 'feature_fraction': 0.6, 'lambda_l1': 0, 'lambda_l2': 0, 'min_gain_to_split': 0.5, 'max_bin': 500, 'boosting_type': 'gbdt', 'bagging_fraction': 0.6, 'bagging_freq': 10, 'bagging_seed': 42}",0.5786741277167314,C:\Users\CsP\Desktop\stock_project_king_of_the_hill\saved_models\final_lightgbm_model_delta_t_40.pkl,20241102_132112
"{'learning_rate': 0.2, 'num_leaves': 100, 'max_depth': 10, 'min_data_in_leaf': 100, 'feature_fraction': 0.8, 'lambda_l1': 10.0, 'lambda_l2': 0.1, 'min_gain_to_split': 0.1, 'max_bin': 255, 'boosting_type': 'gbdt', 'bagging_fraction': 0.8, 'bagging_freq': 15, 'bagging_seed': 100}",0.4986675150403258,C:\Users\CsP\Desktop\stock_project_king_of_the_hill\saved_models\final_lightgbm_model_delta_t_12.pkl,20241102_132123
"{'learning_rate': 0.2, 'num_leaves': 100, 'max_depth': 10, 'min_data_in_leaf': 100, 'feature_fraction': 0.8, 'lambda_l1': 10.0, 'lambda_l2': 0.1, 'min_gain_to_split': 0.1, 'max_bin': 255, 'boosting_type': 'gbdt', 'bagging_fraction': 0.8, 'bagging_freq': 15, 'bagging_seed': 100}",0.49317071995643647,C:\Users\CsP\Desktop\stock_project_king_of_the_hill\saved_models\final_lightgbm_model_delta_t_15.pkl,20241102_132130
"{'learning_rate': 0.2, 'num_leaves': 100, 'max_depth': 10, 'min_data_in_leaf': 100, 'feature_fraction': 0.8, 'lambda_l1': 10.0, 'lambda_l2': 0.1, 'min_gain_to_split': 0.1, 'max_bin': 255, 'boosting_type': 'gbdt', 'bagging_fraction': 0.8, 'bagging_freq': 15, 'bagging_seed': 100}",0.45602677203764796,C:\Users\CsP\Desktop\stock_project_king_of_the_hill\saved_models\final_lightgbm_model_delta_t_16.pkl,20241102_132136
"{'learning_rate': 0.2, 'num_leaves': 100, 'max_depth': 10, 'min_data_in_leaf': 100, 'feature_fraction': 0.8, 'lambda_l1': 10.0, 'lambda_l2': 0.1, 'min_gain_to_split': 0.1, 'max_bin': 255, 'boosting_type': 'gbdt', 'bagging_fraction': 0.8, 'bagging_freq': 15, 'bagging_seed': 100}",0.4736431336861995,C:\Users\CsP\Desktop\stock_project_king_of_the_hill\saved_models\final_lightgbm_model_delta_t_17.pkl,20241102_132142
"{'learning_rate': 0.2, 'num_leaves': 100, 'max_depth': 10, 'min_data_in_leaf': 100, 'feature_fraction': 0.8, 'lambda_l1': 10.0, 'lambda_l2': 0.1, 'min_gain_to_split': 0.1, 'max_bin': 255, 'boosting_type': 'gbdt', 'bagging_fraction': 0.8, 'bagging_freq': 15, 'bagging_seed': 100}",0.4707283253387732,C:\Users\CsP\Desktop\stock_project_king_of_the_hill\saved_models\final_lightgbm_model_delta_t_18.pkl,20241102_132148
"{'learning_rate': 0.2, 'num_leaves': 100, 'max_depth': 10, 'min_data_in_leaf': 100, 'feature_fraction': 0.8, 'lambda_l1': 10.0, 'lambda_l2': 0.1, 'min_gain_to_split': 0.1, 'max_bin': 255, 'boosting_type': 'gbdt', 'bagging_fraction': 0.8, 'bagging_freq': 15, 'bagging_seed': 100}",0.4824068270430978,C:\Users\CsP\Desktop\stock_project_king_of_the_hill\saved_models\final_lightgbm_model_delta_t_19.pkl,20241102_132154
"{'learning_rate': 0.2, 'num_leaves': 100, 'max_depth': 10, 'min_data_in_leaf': 100, 'feature_fraction': 0.8, 'lambda_l1': 10.0, 'lambda_l2': 0.1, 'min_gain_to_split': 0.1, 'max_bin': 255, 'boosting_type': 'gbdt', 'bagging_fraction': 0.8, 'bagging_freq': 15, 'bagging_seed': 100}",0.4781300744046349,C:\Users\CsP\Desktop\stock_project_king_of_the_hill\saved_models\final_lightgbm_model_delta_t_25.pkl,20241102_132201
"{'learning_rate': 0.2, 'num_leaves': 100, 'max_depth': 10, 'min_data_in_leaf': 100, 'feature_fraction': 0.8, 'lambda_l1': 10.0, 'lambda_l2': 0.1, 'min_gain_to_split': 0.1, 'max_bin': 255, 'boosting_type': 'gbdt', 'bagging_fraction': 0.8, 'bagging_freq': 15, 'bagging_seed': 100}",0.541787061321745,C:\Users\CsP\Desktop\stock_project_king_of_the_hill\saved_models\final_lightgbm_model_delta_t_30.pkl,20241102_132206
"{'learning_rate': 0.2, 'num_leaves': 100, 'max_depth': 10, 'min_data_in_leaf': 100, 'feature_fraction': 0.8, 'lambda_l1': 10.0, 'lambda_l2': 0.1, 'min_gain_to_split': 0.1, 'max_bin': 255, 'boosting_type': 'gbdt', 'bagging_fraction': 0.8, 'bagging_freq': 15, 'bagging_seed': 100}",0.47792330545756057,C:\Users\CsP\Desktop\stock_project_king_of_the_hill\saved_models\final_lightgbm_model_delta_t_32.pkl,20241102_132212
"{'learning_rate': 0.2, 'num_leaves': 100, 'max_depth': 10, 'min_data_in_leaf': 100, 'feature_fraction': 0.8, 'lambda_l1': 10.0, 'lambda_l2': 0.1, 'min_gain_to_split': 0.1, 'max_bin': 255, 'boosting_type': 'gbdt', 'bagging_fraction': 0.8, 'bagging_freq': 15, 'bagging_seed': 100}",0.5289991481361795,C:\Users\CsP\Desktop\stock_project_king_of_the_hill\saved_models\final_lightgbm_model_delta_t_35.pkl,20241102_132218
"{'learning_rate': 0.2, 'num_leaves': 100, 'max_depth': 10, 'min_data_in_leaf': 100, 'feature_fraction': 0.8, 'lambda_l1': 10.0, 'lambda_l2': 0.1, 'min_gain_to_split': 0.1, 'max_bin': 255, 'boosting_type': 'gbdt', 'bagging_fraction': 0.8, 'bagging_freq': 15, 'bagging_seed': 100}",0.5105371213633768,C:\Users\CsP\Desktop\stock_project_king_of_the_hill\saved_models\final_lightgbm_model_delta_t_36.pkl,20241102_132224
"{'learning_rate': 0.2, 'num_leaves': 100, 'max_depth': 10, 'min_data_in_leaf': 100, 'feature_fraction': 0.8, 'lambda_l1': 10.0, 'lambda_l2': 0.1, 'min_gain_to_split': 0.1, 'max_bin': 255, 'boosting_type': 'gbdt', 'bagging_fraction': 0.8, 'bagging_freq': 15, 'bagging_seed': 100}",0.4812300460115792,C:\Users\CsP\Desktop\stock_project_king_of_the_hill\saved_models\final_lightgbm_model_delta_t_38.pkl,20241102_132230
"{'learning_rate': 0.2, 'num_leaves': 100, 'max_depth': 10, 'min_data_in_leaf': 100, 'feature_fraction': 0.8, 'lambda_l1': 10.0, 'lambda_l2': 0.1, 'min_gain_to_split': 0.1, 'max_bin': 255, 'boosting_type': 'gbdt', 'bagging_fraction': 0.8, 'bagging_freq': 15, 'bagging_seed': 100}",0.5259612372699259,C:\Users\CsP\Desktop\stock_project_king_of_the_hill\saved_models\final_lightgbm_model_delta_t_40.pkl,20241102_132236
"{'learning_rate': 0.01, 'num_leaves': 31, 'max_depth': 20, 'min_data_in_leaf': 20, 'feature_fraction': 0.8, 'lambda_l1': 0.1, 'lambda_l2': 1.0, 'min_gain_to_split': 1.0, 'max_bin': 255, 'boosting_type': 'dart', 'bagging_fraction': 0.8, 'bagging_freq': 5, 'bagging_seed': 42}",0.48490953382338553,C:\Users\CsP\Desktop\stock_project_king_of_the_hill\saved_models\final_lightgbm_model_delta_t_12.pkl,20241102_132248
"{'learning_rate': 0.01, 'num_leaves': 31, 'max_depth': 20, 'min_data_in_leaf': 20, 'feature_fraction': 0.8, 'lambda_l1': 0.1, 'lambda_l2': 1.0, 'min_gain_to_split': 1.0, 'max_bin': 255, 'boosting_type': 'dart', 'bagging_fraction': 0.8, 'bagging_freq': 5, 'bagging_seed': 42}",0.45829022753830256,C:\Users\CsP\Desktop\stock_project_king_of_the_hill\saved_models\final_lightgbm_model_delta_t_15.pkl,20241102_132254
"{'learning_rate': 0.01, 'num_leaves': 31, 'max_depth': 20, 'min_data_in_leaf': 20, 'feature_fraction': 0.8, 'lambda_l1': 0.1, 'lambda_l2': 1.0, 'min_gain_to_split': 1.0, 'max_bin': 255, 'boosting_type': 'dart', 'bagging_fraction': 0.8, 'bagging_freq': 5, 'bagging_seed': 42}",0.4447828579315777,C:\Users\CsP\Desktop\stock_project_king_of_the_hill\saved_models\final_lightgbm_model_delta_t_16.pkl,20241102_132300
"{'learning_rate': 0.01, 'num_leaves': 31, 'max_depth': 20, 'min_data_in_leaf': 20, 'feature_fraction': 0.8, 'lambda_l1': 0.1, 'lambda_l2': 1.0, 'min_gain_to_split': 1.0, 'max_bin': 255, 'boosting_type': 'dart', 'bagging_fraction': 0.8, 'bagging_freq': 5, 'bagging_seed': 42}",0.45773778569615614,C:\Users\CsP\Desktop\stock_project_king_of_the_hill\saved_models\final_lightgbm_model_delta_t_17.pkl,20241102_132307
"{'learning_rate': 0.01, 'num_leaves': 31, 'max_depth': 20, 'min_data_in_leaf': 20, 'feature_fraction': 0.8, 'lambda_l1': 0.1, 'lambda_l2': 1.0, 'min_gain_to_split': 1.0, 'max_bin': 255, 'boosting_type': 'dart', 'bagging_fraction': 0.8, 'bagging_freq': 5, 'bagging_seed': 42}",0.4599280080099657,C:\Users\CsP\Desktop\stock_project_king_of_the_hill\saved_models\final_lightgbm_model_delta_t_18.pkl,20241102_132313
"{'learning_rate': 0.01, 'num_leaves': 31, 'max_depth': 20, 'min_data_in_leaf': 20, 'feature_fraction': 0.8, 'lambda_l1': 0.1, 'lambda_l2': 1.0, 'min_gain_to_split': 1.0, 'max_bin': 255, 'boosting_type': 'dart', 'bagging_fraction': 0.8, 'bagging_freq': 5, 'bagging_seed': 42}",0.46980198633878006,C:\Users\CsP\Desktop\stock_project_king_of_the_hill\saved_models\final_lightgbm_model_delta_t_19.pkl,20241102_132319
"{'learning_rate': 0.01, 'num_leaves': 31, 'max_depth': 20, 'min_data_in_leaf': 20, 'feature_fraction': 0.8, 'lambda_l1': 0.1, 'lambda_l2': 1.0, 'min_gain_to_split': 1.0, 'max_bin': 255, 'boosting_type': 'dart', 'bagging_fraction': 0.8, 'bagging_freq': 5, 'bagging_seed': 42}",0.4751478457317468,C:\Users\CsP\Desktop\stock_project_king_of_the_hill\saved_models\final_lightgbm_model_delta_t_25.pkl,20241102_132325
"{'learning_rate': 0.01, 'num_leaves': 31, 'max_depth': 20, 'min_data_in_leaf': 20, 'feature_fraction': 0.8, 'lambda_l1': 0.1, 'lambda_l2': 1.0, 'min_gain_to_split': 1.0, 'max_bin': 255, 'boosting_type': 'dart', 'bagging_fraction': 0.8, 'bagging_freq': 5, 'bagging_seed': 42}",0.5239296994944512,C:\Users\CsP\Desktop\stock_project_king_of_the_hill\saved_models\final_lightgbm_model_delta_t_30.pkl,20241102_132331
"{'learning_rate': 0.01, 'num_leaves': 31, 'max_depth': 20, 'min_data_in_leaf': 20, 'feature_fraction': 0.8, 'lambda_l1': 0.1, 'lambda_l2': 1.0, 'min_gain_to_split': 1.0, 'max_bin': 255, 'boosting_type': 'dart', 'bagging_fraction': 0.8, 'bagging_freq': 5, 'bagging_seed': 42}",0.5454430400041348,C:\Users\CsP\Desktop\stock_project_king_of_the_hill\saved_models\final_lightgbm_model_delta_t_32.pkl,20241102_132337
"{'learning_rate': 0.01, 'num_leaves': 31, 'max_depth': 20, 'min_data_in_leaf': 20, 'feature_fraction': 0.8, 'lambda_l1': 0.1, 'lambda_l2': 1.0, 'min_gain_to_split': 1.0, 'max_bin': 255, 'boosting_type': 'dart', 'bagging_fraction': 0.8, 'bagging_freq': 5, 'bagging_seed': 42}",0.4736519031015236,C:\Users\CsP\Desktop\stock_project_king_of_the_hill\saved_models\final_lightgbm_model_delta_t_35.pkl,20241102_132344
"{'learning_rate': 0.01, 'num_leaves': 31, 'max_depth': 20, 'min_data_in_leaf': 20, 'feature_fraction': 0.8, 'lambda_l1': 0.1, 'lambda_l2': 1.0, 'min_gain_to_split': 1.0, 'max_bin': 255, 'boosting_type': 'dart', 'bagging_fraction': 0.8, 'bagging_freq': 5, 'bagging_seed': 42}",0.5033522761220204,C:\Users\CsP\Desktop\stock_project_king_of_the_hill\saved_models\final_lightgbm_model_delta_t_36.pkl,20241102_132350
"{'learning_rate': 0.01, 'num_leaves': 31, 'max_depth': 20, 'min_data_in_leaf': 20, 'feature_fraction': 0.8, 'lambda_l1': 0.1, 'lambda_l2': 1.0, 'min_gain_to_split': 1.0, 'max_bin': 255, 'boosting_type': 'dart', 'bagging_fraction': 0.8, 'bagging_freq': 5, 'bagging_seed': 42}",0.514139436391896,C:\Users\CsP\Desktop\stock_project_king_of_the_hill\saved_models\final_lightgbm_model_delta_t_38.pkl,20241102_132356
"{'learning_rate': 0.01, 'num_leaves': 31, 'max_depth': 20, 'min_data_in_leaf': 20, 'feature_fraction': 0.8, 'lambda_l1': 0.1, 'lambda_l2': 1.0, 'min_gain_to_split': 1.0, 'max_bin': 255, 'boosting_type': 'dart', 'bagging_fraction': 0.8, 'bagging_freq': 5, 'bagging_seed': 42}",0.5132829389904606,C:\Users\CsP\Desktop\stock_project_king_of_the_hill\saved_models\final_lightgbm_model_delta_t_40.pkl,20241102_132402
"{'learning_rate': 0.2, 'num_leaves': 50, 'max_depth': 20, 'min_data_in_leaf': 200, 'feature_fraction': 1.0, 'lambda_l1': 1.0, 'lambda_l2': 0, 'min_gain_to_split': 0, 'max_bin': 255, 'boosting_type': 'gbdt', 'bagging_fraction': 0.6, 'bagging_freq': 15, 'bagging_seed': 42}",0.46578853996405256,C:\Users\CsP\Desktop\stock_project_king_of_the_hill\saved_models\final_lightgbm_model_delta_t_12.pkl,20241102_132412
"{'learning_rate': 0.2, 'num_leaves': 50, 'max_depth': 20, 'min_data_in_leaf': 200, 'feature_fraction': 1.0, 'lambda_l1': 1.0, 'lambda_l2': 0, 'min_gain_to_split': 0, 'max_bin': 255, 'boosting_type': 'gbdt', 'bagging_fraction': 0.6, 'bagging_freq': 15, 'bagging_seed': 42}",0.4543555188901319,C:\Users\CsP\Desktop\stock_project_king_of_the_hill\saved_models\final_lightgbm_model_delta_t_15.pkl,20241102_132419
"{'learning_rate': 0.2, 'num_leaves': 50, 'max_depth': 20, 'min_data_in_leaf': 200, 'feature_fraction': 1.0, 'lambda_l1': 1.0, 'lambda_l2': 0, 'min_gain_to_split': 0, 'max_bin': 255, 'boosting_type': 'gbdt', 'bagging_fraction': 0.6, 'bagging_freq': 15, 'bagging_seed': 42}",0.479725213307964,C:\Users\CsP\Desktop\stock_project_king_of_the_hill\saved_models\final_lightgbm_model_delta_t_16.pkl,20241102_132425
"{'learning_rate': 0.2, 'num_leaves': 50, 'max_depth': 20, 'min_data_in_leaf': 200, 'feature_fraction': 1.0, 'lambda_l1': 1.0, 'lambda_l2': 0, 'min_gain_to_split': 0, 'max_bin': 255, 'boosting_type': 'gbdt', 'bagging_fraction': 0.6, 'bagging_freq': 15, 'bagging_seed': 42}",0.4440299508555555,C:\Users\CsP\Desktop\stock_project_king_of_the_hill\saved_models\final_lightgbm_model_delta_t_17.pkl,20241102_132431
"{'learning_rate': 0.2, 'num_leaves': 50, 'max_depth': 20, 'min_data_in_leaf': 200, 'feature_fraction': 1.0, 'lambda_l1': 1.0, 'lambda_l2': 0, 'min_gain_to_split': 0, 'max_bin': 255, 'boosting_type': 'gbdt', 'bagging_fraction': 0.6, 'bagging_freq': 15, 'bagging_seed': 42}",0.45637994485243183,C:\Users\CsP\Desktop\stock_project_king_of_the_hill\saved_models\final_lightgbm_model_delta_t_18.pkl,20241102_132437
"{'learning_rate': 0.2, 'num_leaves': 50, 'max_depth': 20, 'min_data_in_leaf': 200, 'feature_fraction': 1.0, 'lambda_l1': 1.0, 'lambda_l2': 0, 'min_gain_to_split': 0, 'max_bin': 255, 'boosting_type': 'gbdt', 'bagging_fraction': 0.6, 'bagging_freq': 15, 'bagging_seed': 42}",0.4330261494462314,C:\Users\CsP\Desktop\stock_project_king_of_the_hill\saved_models\final_lightgbm_model_delta_t_19.pkl,20241102_132443
"{'learning_rate': 0.2, 'num_leaves': 50, 'max_depth': 20, 'min_data_in_leaf': 200, 'feature_fraction': 1.0, 'lambda_l1': 1.0, 'lambda_l2': 0, 'min_gain_to_split': 0, 'max_bin': 255, 'boosting_type': 'gbdt', 'bagging_fraction': 0.6, 'bagging_freq': 15, 'bagging_seed': 42}",0.4724461921772818,C:\Users\CsP\Desktop\stock_project_king_of_the_hill\saved_models\final_lightgbm_model_delta_t_25.pkl,20241102_132449
"{'learning_rate': 0.2, 'num_leaves': 50, 'max_depth': 20, 'min_data_in_leaf': 200, 'feature_fraction': 1.0, 'lambda_l1': 1.0, 'lambda_l2': 0, 'min_gain_to_split': 0, 'max_bin': 255, 'boosting_type': 'gbdt', 'bagging_fraction': 0.6, 'bagging_freq': 15, 'bagging_seed': 42}",0.4756513683407487,C:\Users\CsP\Desktop\stock_project_king_of_the_hill\saved_models\final_lightgbm_model_delta_t_30.pkl,20241102_132455
"{'learning_rate': 0.2, 'num_leaves': 50, 'max_depth': 20, 'min_data_in_leaf': 200, 'feature_fraction': 1.0, 'lambda_l1': 1.0, 'lambda_l2': 0, 'min_gain_to_split': 0, 'max_bin': 255, 'boosting_type': 'gbdt', 'bagging_fraction': 0.6, 'bagging_freq': 15, 'bagging_seed': 42}",0.49779320237255575,C:\Users\CsP\Desktop\stock_project_king_of_the_hill\saved_models\final_lightgbm_model_delta_t_32.pkl,20241102_132501
"{'learning_rate': 0.2, 'num_leaves': 50, 'max_depth': 20, 'min_data_in_leaf': 200, 'feature_fraction': 1.0, 'lambda_l1': 1.0, 'lambda_l2': 0, 'min_gain_to_split': 0, 'max_bin': 255, 'boosting_type': 'gbdt', 'bagging_fraction': 0.6, 'bagging_freq': 15, 'bagging_seed': 42}",0.5128690237618988,C:\Users\CsP\Desktop\stock_project_king_of_the_hill\saved_models\final_lightgbm_model_delta_t_35.pkl,20241102_132507
"{'learning_rate': 0.2, 'num_leaves': 50, 'max_depth': 20, 'min_data_in_leaf': 200, 'feature_fraction': 1.0, 'lambda_l1': 1.0, 'lambda_l2': 0, 'min_gain_to_split': 0, 'max_bin': 255, 'boosting_type': 'gbdt', 'bagging_fraction': 0.6, 'bagging_freq': 15, 'bagging_seed': 42}",0.47924847247307384,C:\Users\CsP\Desktop\stock_project_king_of_the_hill\saved_models\final_lightgbm_model_delta_t_36.pkl,20241102_132513
"{'learning_rate': 0.2, 'num_leaves': 50, 'max_depth': 20, 'min_data_in_leaf': 200, 'feature_fraction': 1.0, 'lambda_l1': 1.0, 'lambda_l2': 0, 'min_gain_to_split': 0, 'max_bin': 255, 'boosting_type': 'gbdt', 'bagging_fraction': 0.6, 'bagging_freq': 15, 'bagging_seed': 42}",0.4636864539285071,C:\Users\CsP\Desktop\stock_project_king_of_the_hill\saved_models\final_lightgbm_model_delta_t_38.pkl,20241102_132519
"{'learning_rate': 0.2, 'num_leaves': 50, 'max_depth': 20, 'min_data_in_leaf': 200, 'feature_fraction': 1.0, 'lambda_l1': 1.0, 'lambda_l2': 0, 'min_gain_to_split': 0, 'max_bin': 255, 'boosting_type': 'gbdt', 'bagging_fraction': 0.6, 'bagging_freq': 15, 'bagging_seed': 42}",0.49835033225663433,C:\Users\CsP\Desktop\stock_project_king_of_the_hill\saved_models\final_lightgbm_model_delta_t_40.pkl,20241102_132525
"{'learning_rate': 0.2, 'num_leaves': 100, 'max_depth': 10, 'min_data_in_leaf': 50, 'feature_fraction': 0.8, 'lambda_l1': 10.0, 'lambda_l2': 10.0, 'min_gain_to_split': 0.5, 'max_bin': 1000, 'boosting_type': 'gbdt', 'bagging_fraction': 0.6, 'bagging_freq': 10, 'bagging_seed': 100}",0.4676262714705405,C:\Users\CsP\Desktop\stock_project_king_of_the_hill\saved_models\final_lightgbm_model_delta_t_12.pkl,20241102_132536
"{'learning_rate': 0.2, 'num_leaves': 100, 'max_depth': 10, 'min_data_in_leaf': 50, 'feature_fraction': 0.8, 'lambda_l1': 10.0, 'lambda_l2': 10.0, 'min_gain_to_split': 0.5, 'max_bin': 1000, 'boosting_type': 'gbdt', 'bagging_fraction': 0.6, 'bagging_freq': 10, 'bagging_seed': 100}",0.4930283561794086,C:\Users\CsP\Desktop\stock_project_king_of_the_hill\saved_models\final_lightgbm_model_delta_t_15.pkl,20241102_132543
"{'learning_rate': 0.2, 'num_leaves': 100, 'max_depth': 10, 'min_data_in_leaf': 50, 'feature_fraction': 0.8, 'lambda_l1': 10.0, 'lambda_l2': 10.0, 'min_gain_to_split': 0.5, 'max_bin': 1000, 'boosting_type': 'gbdt', 'bagging_fraction': 0.6, 'bagging_freq': 10, 'bagging_seed': 100}",0.4787512126154151,C:\Users\CsP\Desktop\stock_project_king_of_the_hill\saved_models\final_lightgbm_model_delta_t_16.pkl,20241102_132549
"{'learning_rate': 0.2, 'num_leaves': 100, 'max_depth': 10, 'min_data_in_leaf': 50, 'feature_fraction': 0.8, 'lambda_l1': 10.0, 'lambda_l2': 10.0, 'min_gain_to_split': 0.5, 'max_bin': 1000, 'boosting_type': 'gbdt', 'bagging_fraction': 0.6, 'bagging_freq': 10, 'bagging_seed': 100}",0.47345509312091394,C:\Users\CsP\Desktop\stock_project_king_of_the_hill\saved_models\final_lightgbm_model_delta_t_17.pkl,20241102_132555
"{'learning_rate': 0.2, 'num_leaves': 100, 'max_depth': 10, 'min_data_in_leaf': 50, 'feature_fraction': 0.8, 'lambda_l1': 10.0, 'lambda_l2': 10.0, 'min_gain_to_split': 0.5, 'max_bin': 1000, 'boosting_type': 'gbdt', 'bagging_fraction': 0.6, 'bagging_freq': 10, 'bagging_seed': 100}",0.5157296647711131,C:\Users\CsP\Desktop\stock_project_king_of_the_hill\saved_models\final_lightgbm_model_delta_t_18.pkl,20241102_132602
"{'learning_rate': 0.2, 'num_leaves': 100, 'max_depth': 10, 'min_data_in_leaf': 50, 'feature_fraction': 0.8, 'lambda_l1': 10.0, 'lambda_l2': 10.0, 'min_gain_to_split': 0.5, 'max_bin': 1000, 'boosting_type': 'gbdt', 'bagging_fraction': 0.6, 'bagging_freq': 10, 'bagging_seed': 100}",0.44286658248318755,C:\Users\CsP\Desktop\stock_project_king_of_the_hill\saved_models\final_lightgbm_model_delta_t_19.pkl,20241102_132608
"{'learning_rate': 0.2, 'num_leaves': 100, 'max_depth': 10, 'min_data_in_leaf': 50, 'feature_fraction': 0.8, 'lambda_l1': 10.0, 'lambda_l2': 10.0, 'min_gain_to_split': 0.5, 'max_bin': 1000, 'boosting_type': 'gbdt', 'bagging_fraction': 0.6, 'bagging_freq': 10, 'bagging_seed': 100}",0.48317487827460576,C:\Users\CsP\Desktop\stock_project_king_of_the_hill\saved_models\final_lightgbm_model_delta_t_25.pkl,20241102_132614
"{'learning_rate': 0.2, 'num_leaves': 100, 'max_depth': 10, 'min_data_in_leaf': 50, 'feature_fraction': 0.8, 'lambda_l1': 10.0, 'lambda_l2': 10.0, 'min_gain_to_split': 0.5, 'max_bin': 1000, 'boosting_type': 'gbdt', 'bagging_fraction': 0.6, 'bagging_freq': 10, 'bagging_seed': 100}",0.5226822717985365,C:\Users\CsP\Desktop\stock_project_king_of_the_hill\saved_models\final_lightgbm_model_delta_t_30.pkl,20241102_132620
"{'learning_rate': 0.2, 'num_leaves': 100, 'max_depth': 10, 'min_data_in_leaf': 50, 'feature_fraction': 0.8, 'lambda_l1': 10.0, 'lambda_l2': 10.0, 'min_gain_to_split': 0.5, 'max_bin': 1000, 'boosting_type': 'gbdt', 'bagging_fraction': 0.6, 'bagging_freq': 10, 'bagging_seed': 100}",0.48473611272320405,C:\Users\CsP\Desktop\stock_project_king_of_the_hill\saved_models\final_lightgbm_model_delta_t_32.pkl,20241102_132626
"{'learning_rate': 0.2, 'num_leaves': 100, 'max_depth': 10, 'min_data_in_leaf': 50, 'feature_fraction': 0.8, 'lambda_l1': 10.0, 'lambda_l2': 10.0, 'min_gain_to_split': 0.5, 'max_bin': 1000, 'boosting_type': 'gbdt', 'bagging_fraction': 0.6, 'bagging_freq': 10, 'bagging_seed': 100}",0.5525180168323923,C:\Users\CsP\Desktop\stock_project_king_of_the_hill\saved_models\final_lightgbm_model_delta_t_35.pkl,20241102_132632
"{'learning_rate': 0.2, 'num_leaves': 100, 'max_depth': 10, 'min_data_in_leaf': 50, 'feature_fraction': 0.8, 'lambda_l1': 10.0, 'lambda_l2': 10.0, 'min_gain_to_split': 0.5, 'max_bin': 1000, 'boosting_type': 'gbdt', 'bagging_fraction': 0.6, 'bagging_freq': 10, 'bagging_seed': 100}",0.5094714011018628,C:\Users\CsP\Desktop\stock_project_king_of_the_hill\saved_models\final_lightgbm_model_delta_t_36.pkl,20241102_132638
"{'learning_rate': 0.2, 'num_leaves': 100, 'max_depth': 10, 'min_data_in_leaf': 50, 'feature_fraction': 0.8, 'lambda_l1': 10.0, 'lambda_l2': 10.0, 'min_gain_to_split': 0.5, 'max_bin': 1000, 'boosting_type': 'gbdt', 'bagging_fraction': 0.6, 'bagging_freq': 10, 'bagging_seed': 100}",0.4975674019509449,C:\Users\CsP\Desktop\stock_project_king_of_the_hill\saved_models\final_lightgbm_model_delta_t_38.pkl,20241102_132644
"{'learning_rate': 0.2, 'num_leaves': 100, 'max_depth': 10, 'min_data_in_leaf': 50, 'feature_fraction': 0.8, 'lambda_l1': 10.0, 'lambda_l2': 10.0, 'min_gain_to_split': 0.5, 'max_bin': 1000, 'boosting_type': 'gbdt', 'bagging_fraction': 0.6, 'bagging_freq': 10, 'bagging_seed': 100}",0.5333838579926005,C:\Users\CsP\Desktop\stock_project_king_of_the_hill\saved_models\final_lightgbm_model_delta_t_40.pkl,20241102_132650
"{'learning_rate': 0.1, 'num_leaves': 100, 'max_depth': 30, 'min_data_in_leaf': 50, 'feature_fraction': 0.8, 'lambda_l1': 0, 'lambda_l2': 0.1, 'min_gain_to_split': 0.1, 'max_bin': 255, 'boosting_type': 'dart', 'bagging_fraction': 0.8, 'bagging_freq': 15, 'bagging_seed': 42}",0.4975954354512752,C:\Users\CsP\Desktop\stock_project_king_of_the_hill\saved_models\final_lightgbm_model_delta_t_12.pkl,20241102_132701
"{'learning_rate': 0.1, 'num_leaves': 100, 'max_depth': 30, 'min_data_in_leaf': 50, 'feature_fraction': 0.8, 'lambda_l1': 0, 'lambda_l2': 0.1, 'min_gain_to_split': 0.1, 'max_bin': 255, 'boosting_type': 'dart', 'bagging_fraction': 0.8, 'bagging_freq': 15, 'bagging_seed': 42}",0.447235254072668,C:\Users\CsP\Desktop\stock_project_king_of_the_hill\saved_models\final_lightgbm_model_delta_t_15.pkl,20241102_132708
"{'learning_rate': 0.1, 'num_leaves': 100, 'max_depth': 30, 'min_data_in_leaf': 50, 'feature_fraction': 0.8, 'lambda_l1': 0, 'lambda_l2': 0.1, 'min_gain_to_split': 0.1, 'max_bin': 255, 'boosting_type': 'dart', 'bagging_fraction': 0.8, 'bagging_freq': 15, 'bagging_seed': 42}",0.45509899211116445,C:\Users\CsP\Desktop\stock_project_king_of_the_hill\saved_models\final_lightgbm_model_delta_t_16.pkl,20241102_132714
"{'learning_rate': 0.1, 'num_leaves': 100, 'max_depth': 30, 'min_data_in_leaf': 50, 'feature_fraction': 0.8, 'lambda_l1': 0, 'lambda_l2': 0.1, 'min_gain_to_split': 0.1, 'max_bin': 255, 'boosting_type': 'dart', 'bagging_fraction': 0.8, 'bagging_freq': 15, 'bagging_seed': 42}",0.4757257260320696,C:\Users\CsP\Desktop\stock_project_king_of_the_hill\saved_models\final_lightgbm_model_delta_t_17.pkl,20241102_132720
"{'learning_rate': 0.1, 'num_leaves': 100, 'max_depth': 30, 'min_data_in_leaf': 50, 'feature_fraction': 0.8, 'lambda_l1': 0, 'lambda_l2': 0.1, 'min_gain_to_split': 0.1, 'max_bin': 255, 'boosting_type': 'dart', 'bagging_fraction': 0.8, 'bagging_freq': 15, 'bagging_seed': 42}",0.4642846901641494,C:\Users\CsP\Desktop\stock_project_king_of_the_hill\saved_models\final_lightgbm_model_delta_t_18.pkl,20241102_132726
"{'learning_rate': 0.1, 'num_leaves': 100, 'max_depth': 30, 'min_data_in_leaf': 50, 'feature_fraction': 0.8, 'lambda_l1': 0, 'lambda_l2': 0.1, 'min_gain_to_split': 0.1, 'max_bin': 255, 'boosting_type': 'dart', 'bagging_fraction': 0.8, 'bagging_freq': 15, 'bagging_seed': 42}",0.46403199518244637,C:\Users\CsP\Desktop\stock_project_king_of_the_hill\saved_models\final_lightgbm_model_delta_t_19.pkl,20241102_132733
"{'learning_rate': 0.1, 'num_leaves': 100, 'max_depth': 30, 'min_data_in_leaf': 50, 'feature_fraction': 0.8, 'lambda_l1': 0, 'lambda_l2': 0.1, 'min_gain_to_split': 0.1, 'max_bin': 255, 'boosting_type': 'dart', 'bagging_fraction': 0.8, 'bagging_freq': 15, 'bagging_seed': 42}",0.48705611047352243,C:\Users\CsP\Desktop\stock_project_king_of_the_hill\saved_models\final_lightgbm_model_delta_t_25.pkl,20241102_132740
"{'learning_rate': 0.1, 'num_leaves': 100, 'max_depth': 30, 'min_data_in_leaf': 50, 'feature_fraction': 0.8, 'lambda_l1': 0, 'lambda_l2': 0.1, 'min_gain_to_split': 0.1, 'max_bin': 255, 'boosting_type': 'dart', 'bagging_fraction': 0.8, 'bagging_freq': 15, 'bagging_seed': 42}",0.5286009438347296,C:\Users\CsP\Desktop\stock_project_king_of_the_hill\saved_models\final_lightgbm_model_delta_t_30.pkl,20241102_132746
"{'learning_rate': 0.1, 'num_leaves': 100, 'max_depth': 30, 'min_data_in_leaf': 50, 'feature_fraction': 0.8, 'lambda_l1': 0, 'lambda_l2': 0.1, 'min_gain_to_split': 0.1, 'max_bin': 255, 'boosting_type': 'dart', 'bagging_fraction': 0.8, 'bagging_freq': 15, 'bagging_seed': 42}",0.4950980945691156,C:\Users\CsP\Desktop\stock_project_king_of_the_hill\saved_models\final_lightgbm_model_delta_t_32.pkl,20241102_132752
"{'learning_rate': 0.1, 'num_leaves': 100, 'max_depth': 30, 'min_data_in_leaf': 50, 'feature_fraction': 0.8, 'lambda_l1': 0, 'lambda_l2': 0.1, 'min_gain_to_split': 0.1, 'max_bin': 255, 'boosting_type': 'dart', 'bagging_fraction': 0.8, 'bagging_freq': 15, 'bagging_seed': 42}",0.5389087190396447,C:\Users\CsP\Desktop\stock_project_king_of_the_hill\saved_models\final_lightgbm_model_delta_t_35.pkl,20241102_132759
"{'learning_rate': 0.1, 'num_leaves': 100, 'max_depth': 30, 'min_data_in_leaf': 50, 'feature_fraction': 0.8, 'lambda_l1': 0, 'lambda_l2': 0.1, 'min_gain_to_split': 0.1, 'max_bin': 255, 'boosting_type': 'dart', 'bagging_fraction': 0.8, 'bagging_freq': 15, 'bagging_seed': 42}",0.5198924624262524,C:\Users\CsP\Desktop\stock_project_king_of_the_hill\saved_models\final_lightgbm_model_delta_t_36.pkl,20241102_132805
"{'learning_rate': 0.1, 'num_leaves': 100, 'max_depth': 30, 'min_data_in_leaf': 50, 'feature_fraction': 0.8, 'lambda_l1': 0, 'lambda_l2': 0.1, 'min_gain_to_split': 0.1, 'max_bin': 255, 'boosting_type': 'dart', 'bagging_fraction': 0.8, 'bagging_freq': 15, 'bagging_seed': 42}",0.5237853289171112,C:\Users\CsP\Desktop\stock_project_king_of_the_hill\saved_models\final_lightgbm_model_delta_t_38.pkl,20241102_132811
"{'learning_rate': 0.1, 'num_leaves': 100, 'max_depth': 30, 'min_data_in_leaf': 50, 'feature_fraction': 0.8, 'lambda_l1': 0, 'lambda_l2': 0.1, 'min_gain_to_split': 0.1, 'max_bin': 255, 'boosting_type': 'dart', 'bagging_fraction': 0.8, 'bagging_freq': 15, 'bagging_seed': 42}",0.5316129562033286,C:\Users\CsP\Desktop\stock_project_king_of_the_hill\saved_models\final_lightgbm_model_delta_t_40.pkl,20241102_132817
"{'learning_rate': 0.2, 'num_leaves': 150, 'max_depth': 20, 'min_data_in_leaf': 200, 'feature_fraction': 0.6, 'lambda_l1': 10.0, 'lambda_l2': 0, 'min_gain_to_split': 0.5, 'max_bin': 500, 'boosting_type': 'goss'}",0.46329965176753846,C:\Users\CsP\Desktop\stock_project_king_of_the_hill\saved_models\final_lightgbm_model_delta_t_12.pkl,20241102_132829
"{'learning_rate': 0.2, 'num_leaves': 150, 'max_depth': 20, 'min_data_in_leaf': 200, 'feature_fraction': 0.6, 'lambda_l1': 10.0, 'lambda_l2': 0, 'min_gain_to_split': 0.5, 'max_bin': 500, 'boosting_type': 'goss'}",0.47342092954363374,C:\Users\CsP\Desktop\stock_project_king_of_the_hill\saved_models\final_lightgbm_model_delta_t_15.pkl,20241102_132835
"{'learning_rate': 0.2, 'num_leaves': 150, 'max_depth': 20, 'min_data_in_leaf': 200, 'feature_fraction': 0.6, 'lambda_l1': 10.0, 'lambda_l2': 0, 'min_gain_to_split': 0.5, 'max_bin': 500, 'boosting_type': 'goss'}",0.48315335255829944,C:\Users\CsP\Desktop\stock_project_king_of_the_hill\saved_models\final_lightgbm_model_delta_t_16.pkl,20241102_132841
"{'learning_rate': 0.2, 'num_leaves': 150, 'max_depth': 20, 'min_data_in_leaf': 200, 'feature_fraction': 0.6, 'lambda_l1': 10.0, 'lambda_l2': 0, 'min_gain_to_split': 0.5, 'max_bin': 500, 'boosting_type': 'goss'}",0.44784605785780107,C:\Users\CsP\Desktop\stock_project_king_of_the_hill\saved_models\final_lightgbm_model_delta_t_17.pkl,20241102_132847
"{'learning_rate': 0.2, 'num_leaves': 150, 'max_depth': 20, 'min_data_in_leaf': 200, 'feature_fraction': 0.6, 'lambda_l1': 10.0, 'lambda_l2': 0, 'min_gain_to_split': 0.5, 'max_bin': 500, 'boosting_type': 'goss'}",0.4922426670546091,C:\Users\CsP\Desktop\stock_project_king_of_the_hill\saved_models\final_lightgbm_model_delta_t_18.pkl,20241102_132853
"{'learning_rate': 0.2, 'num_leaves': 150, 'max_depth': 20, 'min_data_in_leaf': 200, 'feature_fraction': 0.6, 'lambda_l1': 10.0, 'lambda_l2': 0, 'min_gain_to_split': 0.5, 'max_bin': 500, 'boosting_type': 'goss'}",0.4891097870683403,C:\Users\CsP\Desktop\stock_project_king_of_the_hill\saved_models\final_lightgbm_model_delta_t_19.pkl,20241102_132859
"{'learning_rate': 0.2, 'num_leaves': 150, 'max_depth': 20, 'min_data_in_leaf': 200, 'feature_fraction': 0.6, 'lambda_l1': 10.0, 'lambda_l2': 0, 'min_gain_to_split': 0.5, 'max_bin': 500, 'boosting_type': 'goss'}",0.5111720018420645,C:\Users\CsP\Desktop\stock_project_king_of_the_hill\saved_models\final_lightgbm_model_delta_t_25.pkl,20241102_132905
"{'learning_rate': 0.2, 'num_leaves': 150, 'max_depth': 20, 'min_data_in_leaf': 200, 'feature_fraction': 0.6, 'lambda_l1': 10.0, 'lambda_l2': 0, 'min_gain_to_split': 0.5, 'max_bin': 500, 'boosting_type': 'goss'}",0.5092781335858092,C:\Users\CsP\Desktop\stock_project_king_of_the_hill\saved_models\final_lightgbm_model_delta_t_30.pkl,20241102_132911
"{'learning_rate': 0.2, 'num_leaves': 150, 'max_depth': 20, 'min_data_in_leaf': 200, 'feature_fraction': 0.6, 'lambda_l1': 10.0, 'lambda_l2': 0, 'min_gain_to_split': 0.5, 'max_bin': 500, 'boosting_type': 'goss'}",0.5181425429494455,C:\Users\CsP\Desktop\stock_project_king_of_the_hill\saved_models\final_lightgbm_model_delta_t_32.pkl,20241102_132916
"{'learning_rate': 0.2, 'num_leaves': 150, 'max_depth': 20, 'min_data_in_leaf': 200, 'feature_fraction': 0.6, 'lambda_l1': 10.0, 'lambda_l2': 0, 'min_gain_to_split': 0.5, 'max_bin': 500, 'boosting_type': 'goss'}",0.5052733367484469,C:\Users\CsP\Desktop\stock_project_king_of_the_hill\saved_models\final_lightgbm_model_delta_t_35.pkl,20241102_132922
"{'learning_rate': 0.2, 'num_leaves': 150, 'max_depth': 20, 'min_data_in_leaf': 200, 'feature_fraction': 0.6, 'lambda_l1': 10.0, 'lambda_l2': 0, 'min_gain_to_split': 0.5, 'max_bin': 500, 'boosting_type': 'goss'}",0.5563550666260848,C:\Users\CsP\Desktop\stock_project_king_of_the_hill\saved_models\final_lightgbm_model_delta_t_36.pkl,20241102_132928
"{'learning_rate': 0.2, 'num_leaves': 150, 'max_depth': 20, 'min_data_in_leaf': 200, 'feature_fraction': 0.6, 'lambda_l1': 10.0, 'lambda_l2': 0, 'min_gain_to_split': 0.5, 'max_bin': 500, 'boosting_type': 'goss'}",0.5002388209380338,C:\Users\CsP\Desktop\stock_project_king_of_the_hill\saved_models\final_lightgbm_model_delta_t_38.pkl,20241102_132934
"{'learning_rate': 0.2, 'num_leaves': 150, 'max_depth': 20, 'min_data_in_leaf': 200, 'feature_fraction': 0.6, 'lambda_l1': 10.0, 'lambda_l2': 0, 'min_gain_to_split': 0.5, 'max_bin': 500, 'boosting_type': 'goss'}",0.6109292111106509,C:\Users\CsP\Desktop\stock_project_king_of_the_hill\saved_models\final_lightgbm_model_delta_t_40.pkl,20241102_132939
"{'learning_rate': 0.01, 'num_leaves': 150, 'max_depth': 10, 'min_data_in_leaf': 20, 'feature_fraction': 1.0, 'lambda_l1': 0.1, 'lambda_l2': 0.1, 'min_gain_to_split': 1.0, 'max_bin': 255, 'boosting_type': 'gbdt', 'bagging_fraction': 0.6, 'bagging_freq': 5, 'bagging_seed': 100}",0.48710200575219575,C:\Users\CsP\Desktop\stock_project_king_of_the_hill\saved_models\final_lightgbm_model_delta_t_12.pkl,20241102_132951
"{'learning_rate': 0.01, 'num_leaves': 150, 'max_depth': 10, 'min_data_in_leaf': 20, 'feature_fraction': 1.0, 'lambda_l1': 0.1, 'lambda_l2': 0.1, 'min_gain_to_split': 1.0, 'max_bin': 255, 'boosting_type': 'gbdt', 'bagging_fraction': 0.6, 'bagging_freq': 5, 'bagging_seed': 100}",0.4727623826162029,C:\Users\CsP\Desktop\stock_project_king_of_the_hill\saved_models\final_lightgbm_model_delta_t_15.pkl,20241102_132957
"{'learning_rate': 0.01, 'num_leaves': 150, 'max_depth': 10, 'min_data_in_leaf': 20, 'feature_fraction': 1.0, 'lambda_l1': 0.1, 'lambda_l2': 0.1, 'min_gain_to_split': 1.0, 'max_bin': 255, 'boosting_type': 'gbdt', 'bagging_fraction': 0.6, 'bagging_freq': 5, 'bagging_seed': 100}",0.44083228652332807,C:\Users\CsP\Desktop\stock_project_king_of_the_hill\saved_models\final_lightgbm_model_delta_t_16.pkl,20241102_133003
"{'learning_rate': 0.01, 'num_leaves': 150, 'max_depth': 10, 'min_data_in_leaf': 20, 'feature_fraction': 1.0, 'lambda_l1': 0.1, 'lambda_l2': 0.1, 'min_gain_to_split': 1.0, 'max_bin': 255, 'boosting_type': 'gbdt', 'bagging_fraction': 0.6, 'bagging_freq': 5, 'bagging_seed': 100}",0.4941358232380509,C:\Users\CsP\Desktop\stock_project_king_of_the_hill\saved_models\final_lightgbm_model_delta_t_17.pkl,20241102_133009
"{'learning_rate': 0.01, 'num_leaves': 150, 'max_depth': 10, 'min_data_in_leaf': 20, 'feature_fraction': 1.0, 'lambda_l1': 0.1, 'lambda_l2': 0.1, 'min_gain_to_split': 1.0, 'max_bin': 255, 'boosting_type': 'gbdt', 'bagging_fraction': 0.6, 'bagging_freq': 5, 'bagging_seed': 100}",0.4198393318509505,C:\Users\CsP\Desktop\stock_project_king_of_the_hill\saved_models\final_lightgbm_model_delta_t_18.pkl,20241102_133015
"{'learning_rate': 0.01, 'num_leaves': 150, 'max_depth': 10, 'min_data_in_leaf': 20, 'feature_fraction': 1.0, 'lambda_l1': 0.1, 'lambda_l2': 0.1, 'min_gain_to_split': 1.0, 'max_bin': 255, 'boosting_type': 'gbdt', 'bagging_fraction': 0.6, 'bagging_freq': 5, 'bagging_seed': 100}",0.47289021255047026,C:\Users\CsP\Desktop\stock_project_king_of_the_hill\saved_models\final_lightgbm_model_delta_t_19.pkl,20241102_133021
"{'learning_rate': 0.01, 'num_leaves': 150, 'max_depth': 10, 'min_data_in_leaf': 20, 'feature_fraction': 1.0, 'lambda_l1': 0.1, 'lambda_l2': 0.1, 'min_gain_to_split': 1.0, 'max_bin': 255, 'boosting_type': 'gbdt', 'bagging_fraction': 0.6, 'bagging_freq': 5, 'bagging_seed': 100}",0.4775808102123401,C:\Users\CsP\Desktop\stock_project_king_of_the_hill\saved_models\final_lightgbm_model_delta_t_25.pkl,20241102_133027
"{'learning_rate': 0.01, 'num_leaves': 150, 'max_depth': 10, 'min_data_in_leaf': 20, 'feature_fraction': 1.0, 'lambda_l1': 0.1, 'lambda_l2': 0.1, 'min_gain_to_split': 1.0, 'max_bin': 255, 'boosting_type': 'gbdt', 'bagging_fraction': 0.6, 'bagging_freq': 5, 'bagging_seed': 100}",0.47510502106876534,C:\Users\CsP\Desktop\stock_project_king_of_the_hill\saved_models\final_lightgbm_model_delta_t_30.pkl,20241102_133033
"{'learning_rate': 0.01, 'num_leaves': 150, 'max_depth': 10, 'min_data_in_leaf': 20, 'feature_fraction': 1.0, 'lambda_l1': 0.1, 'lambda_l2': 0.1, 'min_gain_to_split': 1.0, 'max_bin': 255, 'boosting_type': 'gbdt', 'bagging_fraction': 0.6, 'bagging_freq': 5, 'bagging_seed': 100}",0.46599162282694373,C:\Users\CsP\Desktop\stock_project_king_of_the_hill\saved_models\final_lightgbm_model_delta_t_32.pkl,20241102_133039
"{'learning_rate': 0.01, 'num_leaves': 150, 'max_depth': 10, 'min_data_in_leaf': 20, 'feature_fraction': 1.0, 'lambda_l1': 0.1, 'lambda_l2': 0.1, 'min_gain_to_split': 1.0, 'max_bin': 255, 'boosting_type': 'gbdt', 'bagging_fraction': 0.6, 'bagging_freq': 5, 'bagging_seed': 100}",0.4879667943164341,C:\Users\CsP\Desktop\stock_project_king_of_the_hill\saved_models\final_lightgbm_model_delta_t_35.pkl,20241102_133045
