Datetime,Open,High,Low,Close,Adj Close,Volume,Higher
2022.09.21 9:30,157.33999633789062,158.39999389648438,156.52099609375,157.38999938964844,157.38999938964844,18034331,0
2022.09.21 10:30,157.3917999267578,157.4250030517578,155.9199981689453,156.13499450683594,156.13499450683594,8075424,1
2022.09.21 11:30,156.13999938964844,157.19000244140625,156.11500549316406,157.14739990234375,157.14739990234375,6426388,1
2022.09.21 12:30,157.13999938964844,157.37120056152344,156.96200561523438,157.23199462890625,157.23199462890625,5823498,0
2022.09.21 13:30,157.22999572753906,158.0500030517578,154.44000244140625,155.1009979248047,155.1009979248047,16360872,1
2022.09.21 14:30,155.10000610351562,158.74000549316406,154.69000244140625,155.7100067138672,155.7100067138672,25057741,0
2022.09.21 15:30,155.7050018310547,155.9600067138672,153.60000610351562,153.7100067138672,153.7100067138672,12991960,0
2022.09.22 9:30,153.0,153.52999877929688,151.66000366210938,152.4199981689453,152.4199981689453,22307163,0
2022.09.22 10:30,152.41099548339844,152.80999755859375,150.91000366210938,151.22000122070312,151.22000122070312,12456903,1
2022.09.22 11:30,151.22999572753906,152.41000366210938,151.16000366210938,152.0330047607422,152.0330047607422,8220925,1
2022.09.22 12:30,152.0399932861328,152.91000366210938,151.8800048828125,152.4062042236328,152.4062042236328,7917730,0
2022.09.22 13:30,152.39999389648438,152.97999572753906,152.0,152.10000610351562,152.10000610351562,7593559,1
2022.09.22 14:30,152.11000061035156,153.97000122070312,151.9698028564453,153.6699981689453,153.6699981689453,11042606,0
2022.09.22 15:30,153.67999267578125,154.47000122070312,152.61000061035156,152.6999969482422,152.6999969482422,10425264,0
2022.09.23 9:30,151.0,151.47000122070312,149.31199645996094,150.4398956298828,150.4398956298828,28339242,0
2022.09.23 10:30,150.42999267578125,150.64999389648438,149.61000061035156,150.0500030517578,150.0500030517578,11400267,0
2022.09.23 11:30,150.05499267578125,150.5500030517578,149.4499969482422,149.5,149.5,9990164,1
2022.09.23 12:30,149.47500610351562,150.3699951171875,149.41000366210938,149.68130493164062,149.68130493164062,7781715,0
2022.09.23 13:30,149.67999267578125,150.0,148.92999267578125,149.22000122070312,149.22000122070312,8608513,1
2022.09.23 14:30,149.21499633789062,149.8800048828125,148.55999755859375,149.77000427246094,149.77000427246094,11333332,1
2022.09.23 15:30,149.75,150.66000366210938,149.67999267578125,150.50999450683594,150.50999450683594,11644991,1
2022.09.26 9:30,150.41799926757812,153.7700958251953,150.13999938964844,153.58729553222656,153.58729553222656,23584395,0
2022.09.26 10:30,153.57969665527344,153.6999969482422,151.6999969482422,151.71499633789062,151.71499633789062,12468456,0
2022.09.26 11:30,151.71499633789062,152.08999633789062,150.8000030517578,150.86720275878906,150.86720275878906,11755840,0
2022.09.26 12:30,150.86000061035156,151.5399932861328,150.39999389648438,150.75,150.75,7995351,0
2022.09.26 13:30,150.74000549316406,151.3000030517578,150.0399932861328,150.64999389648438,150.64999389648438,8281154,1
2022.09.26 14:30,150.64999389648438,151.86000061035156,150.3000030517578,151.6750030517578,151.6750030517578,9570308,0
2022.09.26 15:30,151.67999267578125,152.0,150.55999755859375,150.8699951171875,150.8699951171875,10188206,1
2022.09.27 9:30,152.89999389648438,154.72000122070312,152.5,152.78990173339844,152.78990173339844,20286606,0
2022.09.27 10:30,152.7895050048828,153.72000122070312,151.57000732421875,151.7550048828125,151.7550048828125,10804703,0
2022.09.27 11:30,151.7550048828125,152.38999938964844,149.94500732421875,150.8455047607422,150.8455047607422,11723307,1
2022.09.27 12:30,150.85000610351562,151.82000732421875,150.7449951171875,151.29600524902344,151.29600524902344,9505780,0
2022.09.27 13:30,151.2899932861328,151.6300048828125,150.72000122070312,151.11590576171875,151.11590576171875,6548094,1
2022.09.27 14:30,151.1199951171875,152.4499969482422,150.92999267578125,151.52000427246094,151.52000427246094,9241224,1
2022.09.27 15:30,151.52000427246094,152.19000244140625,151.02999877929688,151.75,151.75,8325653,0
2022.09.28 9:30,147.63999938964844,148.3699951171875,144.83999633789062,147.36990356445312,147.36990356445312,46429912,0
2022.09.28 10:30,147.35499572753906,147.42880249023438,146.05999755859375,146.85000610351562,146.85000610351562,19021163,1
2022.09.28 11:30,146.86000061035156,147.6999969482422,146.33999633789062,147.14999389648438,147.14999389648438,14416388,1
2022.09.28 12:30,147.14999389648438,148.3800048828125,147.0500030517578,147.91000366210938,147.91000366210938,13068925,0
2022.09.28 13:30,147.91270446777344,148.08230590820312,147.2100067138672,147.90769958496094,147.90769958496094,11635718,1
2022.09.28 14:30,147.90499877929688,149.7899932861328,147.8800048828125,149.4199981689453,149.4199981689453,16836958,1
2022.09.28 15:30,149.4250030517578,150.6414031982422,149.41290283203125,149.7899932861328,149.7899932861328,13496819,0
2022.09.29 9:30,146.10000610351562,146.72000122070312,142.72999572753906,143.4300994873047,143.4300994873047,36051043,0
2022.09.29 10:30,143.42999267578125,143.6300048828125,142.35000610351562,142.8800048828125,142.8800048828125,15665083,0
2022.09.29 11:30,142.8800048828125,143.94000244140625,142.75,142.86500549316406,142.86500549316406,11796971,0
2022.09.29 12:30,142.86000061035156,142.875,141.97000122070312,142.31500244140625,142.31500244140625,8992074,0
2022.09.29 13:30,142.31100463867188,142.72999572753906,140.67999267578125,141.27000427246094,141.27000427246094,13710696,1
2022.09.29 14:30,141.27000427246094,141.85000610351562,140.7100067138672,141.48739624023438,141.48739624023438,15364818,1
2022.09.29 15:30,141.47999572753906,142.64999389648438,141.44500732421875,142.58999633789062,142.58999633789062,15229540,0
2022.09.30 9:30,141.68080139160156,142.6300048828125,140.61000061035156,142.22000122070312,142.22000122070312,24991973,1
2022.09.30 10:30,142.22000122070312,143.10000610351562,141.85499572753906,142.61880493164062,142.61880493164062,14145376,0
2022.09.30 11:30,142.62030029296875,142.74000549316406,140.85000610351562,141.2899932861328,141.2899932861328,10494221,0
2022.09.30 12:30,141.2899932861328,141.75999450683594,140.69000244140625,141.05999755859375,141.05999755859375,7803895,0
2022.09.30 13:30,141.06500244140625,141.15989685058594,140.16000366210938,140.44039916992188,140.44039916992188,9339217,0
2022.09.30 14:30,140.4499053955078,140.85000610351562,139.47999572753906,140.07000732421875,140.07000732421875,15289180,0
2022.09.30 15:30,140.07000732421875,140.2899932861328,138.0,138.0,138.0,21127855,1
2022.10.03 9:30,138.2100067138672,141.05999755859375,137.68499755859375,140.89999389648438,140.89999389648438,30857431,0
2022.10.03 10:30,140.91000366210938,141.5850067138672,140.77000427246094,140.82220458984375,140.82220458984375,14648705,1
2022.10.03 11:30,140.82229614257812,141.25999450683594,140.0800018310547,140.9199981689453,140.9199981689453,10113895,1
2022.10.03 12:30,140.91000366210938,142.17999267578125,140.80889892578125,142.0,142.0,11395010,1
2022.10.03 13:30,142.0,142.97000122070312,141.8800048828125,142.88499450683594,142.88499450683594,9769829,1
2022.10.03 14:30,142.8800048828125,143.07000732421875,142.4499969482422,142.90499877929688,142.90499877929688,14343788,0
2022.10.03 15:30,142.89999389648438,143.02000427246094,142.22000122070312,142.52000427246094,142.52000427246094,10864983,1
2022.10.04 9:30,145.0,146.10000610351562,144.5,145.72000122070312,145.72000122070312,22873405,0
2022.10.04 10:30,145.72000122070312,146.22000122070312,145.0399932861328,145.22999572753906,145.22999572753906,13686825,1
2022.10.04 11:30,145.22999572753906,145.7899932861328,144.97000122070312,145.47500610351562,145.47500610351562,8523497,0
2022.10.04 12:30,145.4709014892578,145.60000610351562,144.25999450683594,144.88999938964844,144.88999938964844,7221759,1
2022.10.04 13:30,144.88009643554688,145.52999877929688,144.6300048828125,145.10789489746094,145.10789489746094,6514479,1
2022.10.04 14:30,145.10220336914062,146.08999633789062,145.0399932861328,145.72999572753906,145.72999572753906,8556836,1
2022.10.04 15:30,145.72999572753906,146.22000122070312,145.52000427246094,146.16000366210938,146.16000366210938,8956216,0
2022.10.05 9:30,144.2657012939453,145.3300018310547,143.3509979248047,143.41000366210938,143.41000366210938,18734253,1
2022.10.05 10:30,143.4149932861328,144.42999267578125,143.00999450683594,144.13999938964844,144.13999938964844,11287485,1
2022.10.05 11:30,144.14999389648438,145.5299072265625,143.86000061035156,145.08999633789062,145.08999633789062,8991061,1
2022.10.05 12:30,145.08999633789062,146.25999450683594,144.94000244140625,145.86549377441406,145.86549377441406,7623186,1
2022.10.05 13:30,145.86000061035156,146.10000610351562,145.2794952392578,145.95989990234375,145.95989990234375,6475065,1
2022.10.05 14:30,145.9600067138672,147.3800048828125,145.74000549316406,146.76499938964844,146.76499938964844,10505168,0
2022.10.05 15:30,146.77000427246094,147.08999633789062,145.8699951171875,146.4199981689453,146.4199981689453,9762832,0
2022.10.06 9:30,146.25390625,147.5399932861328,145.61000061035156,145.72889709472656,145.72889709472656,20434586,1
2022.10.06 10:30,145.72999572753906,146.69000244140625,145.60000610351562,146.52999877929688,146.52999877929688,9442069,0
2022.10.06 11:30,146.52999877929688,146.94000244140625,145.56500244140625,146.07000732421875,146.07000732421875,7985695,1
2022.10.06 12:30,146.05999755859375,146.52999877929688,145.82000732421875,146.4801025390625,146.4801025390625,5881933,0
2022.10.06 13:30,146.49000549316406,146.5399932861328,145.72000122070312,145.88400268554688,145.88400268554688,5117142,0
2022.10.06 14:30,145.8800048828125,146.16000366210938,145.25,145.8699951171875,145.8699951171875,7314648,0
2022.10.06 15:30,146.0063934326172,146.01499938964844,145.22000122070312,145.49000549316406,145.49000549316406,7135438,0
2022.10.07 9:30,142.2899932861328,143.10000610351562,141.07000732421875,141.1199951171875,141.1199951171875,18756043,1
2022.10.07 10:30,141.1199951171875,141.6999969482422,140.8800048828125,141.22999572753906,141.22999572753906,10860061,0
2022.10.07 11:30,141.24000549316406,141.47999572753906,140.63900756835938,140.6750030517578,140.6750030517578,7405620,0
2022.10.07 12:30,140.6699981689453,140.72000122070312,139.94000244140625,140.27999877929688,140.27999877929688,7685803,0
2022.10.07 13:30,140.14500427246094,140.60000610351562,140.03500366210938,140.07789611816406,140.07789611816406,6175166,0
2022.10.07 14:30,140.07000732421875,140.53500366210938,139.60000610351562,139.72189331054688,139.72189331054688,8536199,1
2022.10.07 15:30,139.72000122070312,140.49000549316406,139.44500732421875,140.0800018310547,140.0800018310547,13306374,0
2022.10.10 9:30,140.33999633789062,140.49000549316406,138.57290649414062,140.0500030517578,140.0500030517578,18501975,0
2022.10.10 10:30,140.04330444335938,140.31500244140625,139.10000610351562,140.02000427246094,140.02000427246094,9885158,0
2022.10.10 11:30,140.02000427246094,140.82000732421875,139.64999389648438,139.74749755859375,139.74749755859375,7226056,1
2022.10.10 12:30,139.75,140.02999877929688,139.05499267578125,139.9499969482422,139.9499969482422,6892335,1
2022.10.10 13:30,139.9499969482422,141.88999938964844,139.9199981689453,140.91000366210938,140.91000366210938,10133302,1
2022.10.10 14:30,140.90499877929688,141.50999450683594,140.5449981689453,141.06500244140625,141.06500244140625,8272193,0
2022.10.10 15:30,141.0800018310547,141.5399932861328,140.1199951171875,140.35000610351562,140.35000610351562,7359483,0
2022.10.11 9:30,139.58999633789062,140.07020568847656,138.36000061035156,138.97999572753906,138.97999572753906,17308267,1
2022.10.11 10:30,138.97999572753906,140.22000122070312,138.72000122070312,139.86000061035156,139.86000061035156,10099191,1
2022.10.11 11:30,139.86000061035156,141.25,139.72000122070312,140.69259643554688,140.69259643554688,8737035,0
2022.10.11 12:30,140.6999969482422,141.35000610351562,140.02999877929688,140.08999633789062,140.08999633789062,7233380,0
2022.10.11 13:30,140.08999633789062,140.63999938964844,139.65280151367188,140.0850067138672,140.0850067138672,6900764,0
2022.10.11 14:30,140.0800018310547,140.30499267578125,138.22000122070312,138.77999877929688,138.77999877929688,11371460,1
2022.10.11 15:30,138.7899932861328,139.25,138.4600067138672,138.9499969482422,138.9499969482422,8480219,1
2022.10.12 9:30,139.1300048828125,140.36000061035156,138.65069580078125,139.6750030517578,139.6750030517578,16803410,1
2022.10.12 10:30,139.6699981689453,139.9600067138672,138.83099365234375,139.67999267578125,139.67999267578125,9534727,0
2022.10.12 11:30,139.6999969482422,140.13999938964844,139.11000061035156,139.16000366210938,139.16000366210938,7067938,0
2022.10.12 12:30,139.15179443359375,139.60000610351562,138.94000244140625,139.10499572753906,139.10499572753906,5314554,1
2022.10.12 13:30,139.10499572753906,139.3300018310547,138.25,139.22000122070312,139.22000122070312,9869113,0
2022.10.12 14:30,139.22000122070312,139.36000061035156,138.16000366210938,138.49099731445312,138.49099731445312,7347709,0
2022.10.12 15:30,138.5,138.8000030517578,138.25,138.3000030517578,138.3000030517578,7269205,0
2022.10.13 9:30,135.52000427246094,136.88999938964844,134.8101043701172,135.77999877929688,135.77999877929688,25980984,1
2022.10.13 10:30,135.77040100097656,140.69000244140625,135.6199951171875,139.6905059814453,139.6905059814453,18413035,1
2022.10.13 11:30,140.00999450683594,142.61000061035156,136.3800048828125,140.3000030517578,140.3000030517578,17313359,1
2022.10.13 12:30,140.3000030517578,141.93499755859375,140.07000732421875,141.6999969482422,141.6999969482422,9554323,0
2022.10.13 13:30,141.72000122070312,142.3699951171875,140.89999389648438,141.0,141.0,8156763,1
2022.10.13 14:30,141.00999450683594,143.42410278320312,141.00999450683594,142.49000549316406,142.49000549316406,12733231,1
2022.10.13 15:30,142.47999572753906,143.58999633789062,142.0709991455078,142.91000366210938,142.91000366210938,12010380,0
2022.10.14 9:30,144.30999755859375,144.52000427246094,139.97000122070312,140.63999938964844,140.63999938964844,24273877,0
2022.10.14 10:30,140.6300048828125,140.94000244140625,139.50999450683594,140.3800048828125,140.3800048828125,11239441,0
2022.10.14 11:30,140.38999938964844,140.41000366210938,138.97999572753906,139.45010375976562,139.45010375976562,8251072,0
2022.10.14 12:30,139.44000244140625,139.92999267578125,138.9499969482422,139.25,139.25,5711629,0
2022.10.14 13:30,139.26499938964844,139.57400512695312,138.5,138.74000549316406,138.74000549316406,6514143,1
2022.10.14 14:30,138.72999572753906,139.16000366210938,138.30999755859375,138.8249969482422,138.8249969482422,9499323,0
2022.10.14 15:30,138.82000732421875,139.11000061035156,138.19000244140625,138.2899932861328,138.2899932861328,11584674,1
2022.10.17 9:30,141.06500244140625,142.69000244140625,140.9199981689453,141.625,141.625,23594569,0
2022.10.17 10:30,141.6199951171875,142.0,140.27000427246094,141.15499877929688,141.15499877929688,12490365,1
2022.10.17 11:30,141.13999938964844,141.88999938964844,141.0222930908203,141.7100067138672,141.7100067138672,8023746,1
2022.10.17 12:30,141.71029663085938,142.47000122070312,141.38999938964844,142.4250030517578,142.4250030517578,7010587,0
2022.10.17 13:30,142.4199981689453,142.6199951171875,142.14999389648438,142.35000610351562,142.35000610351562,7111086,1
2022.10.17 14:30,142.35000610351562,142.8300018310547,142.27999877929688,142.57000732421875,142.57000732421875,7599365,0
2022.10.17 15:30,142.57000732421875,142.89999389648438,142.11000061035156,142.41000366210938,142.41000366210938,7637674,1
2022.10.18 9:30,146.11000061035156,146.6999969482422,145.13999938964844,145.32000732421875,145.32000732421875,19335646,0
2022.10.18 10:30,145.32000732421875,145.78700256347656,143.27999877929688,143.60000610351562,143.60000610351562,10888753,1
2022.10.18 11:30,143.59890747070312,144.69659423828125,142.96499633789062,144.35000610351562,144.35000610351562,9243272,1
2022.10.18 12:30,144.36000061035156,145.3000030517578,144.13999938964844,144.9600067138672,144.9600067138672,8706311,1
2022.10.18 13:30,144.9600067138672,145.6300048828125,144.83009338378906,145.35000610351562,145.35000610351562,6451689,0
2022.10.18 14:30,145.33999633789062,145.36000061035156,140.61000061035156,142.76499938964844,142.76499938964844,27061965,1
2022.10.18 15:30,142.77999877929688,143.88999938964844,142.6199951171875,143.7899932861328,143.7899932861328,10182949,1
2022.10.19 9:30,141.69000244140625,144.94920349121094,141.5,144.80039978027344,144.80039978027344,16147243,0
2022.10.19 10:30,144.80999755859375,144.89999389648438,143.27499389648438,143.50999450683594,143.50999450683594,8021570,0
2022.10.19 11:30,143.52000427246094,144.33999633789062,143.22999572753906,143.46499633789062,143.46499633789062,6129498,0
2022.10.19 12:30,143.4600067138672,143.9207000732422,142.1699981689453,142.69000244140625,142.69000244140625,7070907,1
2022.10.19 13:30,142.67999267578125,143.58999633789062,142.27000427246094,143.43499755859375,143.43499755859375,5970285,0
2022.10.19 14:30,143.43789672851562,143.75999450683594,142.8300018310547,143.38999938964844,143.38999938964844,6488684,1
2022.10.19 15:30,143.39500427246094,143.9600067138672,143.07000732421875,143.91000366210938,143.91000366210938,6141284,1
2022.10.20 9:30,143.02000427246094,145.88999938964844,142.91000366210938,145.49000549316406,145.49000549316406,16990930,0
2022.10.20 10:30,145.48500061035156,145.77999877929688,144.8300018310547,145.11000061035156,145.11000061035156,7378038,0
2022.10.20 11:30,145.11500549316406,145.8300018310547,144.6999969482422,144.86019897460938,144.86019897460938,6950316,0
2022.10.20 12:30,144.8699951171875,145.0500030517578,143.8000030517578,144.27999877929688,144.27999877929688,6388398,0
2022.10.20 13:30,144.28500366210938,144.35000610351562,142.8300018310547,142.85000610351562,142.85000610351562,6809566,1
2022.10.20 14:30,142.83999633789062,143.7100067138672,142.64999389648438,143.3800048828125,143.3800048828125,7070417,0
2022.10.20 15:30,143.3874969482422,143.77999877929688,143.0,143.3300018310547,143.3300018310547,5726798,1
2022.10.21 9:30,143.25,145.33999633789062,142.6490020751953,144.56080627441406,144.56080627441406,22262474,0
2022.10.21 10:30,144.5749969482422,145.1300048828125,143.5500030517578,144.25,144.25,11839350,1
2022.10.21 11:30,144.25010681152344,146.10000610351562,144.22999572753906,145.07000732421875,145.07000732421875,10310701,1
2022.10.21 12:30,145.0749969482422,146.2100067138672,145.05999755859375,145.86549377441406,145.86549377441406,6881533,1
2022.10.21 13:30,145.8699951171875,146.52000427246094,145.77000427246094,146.15499877929688,146.15499877929688,6391706,1
2022.10.21 14:30,146.14999389648438,147.847900390625,146.05999755859375,147.82000732421875,147.82000732421875,10644704,0
2022.10.21 15:30,147.82009887695312,147.8300018310547,147.24000549316406,147.27000427246094,147.27000427246094,9538998,0
2022.10.24 9:30,147.25,148.35000610351562,146.0,146.6302032470703,146.6302032470703,20169319,1
2022.10.24 10:30,146.63009643554688,148.4499969482422,146.47000122070312,148.2100067138672,148.2100067138672,10131448,1
2022.10.24 11:30,148.2198944091797,148.82000732421875,147.52999877929688,148.43609619140625,148.43609619140625,7921370,0
2022.10.24 12:30,148.43499755859375,148.72999572753906,147.91000366210938,148.0800018310547,148.0800018310547,6399968,1
2022.10.24 13:30,148.07000732421875,149.36500549316406,147.92999267578125,149.28500366210938,149.28500366210938,5909741,1
2022.10.24 14:30,149.27999877929688,150.22999572753906,149.24000549316406,149.97999572753906,149.97999572753906,9936733,0
2022.10.24 15:30,149.97500610351562,150.0399932861328,149.1300048828125,149.55999755859375,149.55999755859375,7331278,1
2022.10.25 9:30,150.08999633789062,151.49000549316406,149.36000061035156,151.14999389648438,151.14999389648438,20143408,1
2022.10.25 10:30,151.15499877929688,151.6300048828125,150.77499389648438,151.5850067138672,151.5850067138672,9083504,1
2022.10.25 11:30,151.58099365234375,151.8800048828125,151.4600067138672,151.8000030517578,151.8000030517578,8160370,0
2022.10.25 12:30,151.7899932861328,151.83999633789062,151.14999389648438,151.4949951171875,151.4949951171875,5889941,1
2022.10.25 13:30,151.49000549316406,152.0500030517578,151.15499877929688,152.04930114746094,152.04930114746094,6496406,1
2022.10.25 14:30,152.0449981689453,152.3000030517578,151.75999450683594,152.26870727539062,152.26870727539062,6861939,1
2022.10.25 15:30,152.26499938964844,152.49000549316406,152.02000427246094,152.3800048828125,152.3800048828125,7608674,0
2022.10.26 9:30,150.9600067138672,151.32000732421875,149.52999877929688,150.66000366210938,150.66000366210938,22487941,1
2022.10.26 10:30,150.60400390625,151.77000427246094,150.3000030517578,151.47000122070312,151.47000122070312,9744837,1
2022.10.26 11:30,151.47000122070312,151.99000549316406,151.3699951171875,151.52999877929688,151.52999877929688,7818754,0
2022.10.26 12:30,151.52000427246094,151.9199981689453,149.44000244140625,149.47999572753906,149.47999572753906,9341974,0
2022.10.26 13:30,149.48989868164062,149.52000427246094,148.0399932861328,148.25,148.25,9690025,1
2022.10.26 14:30,148.25,149.35000610351562,148.08999633789062,149.24209594726562,149.24209594726562,9132019,1
2022.10.26 15:30,149.24000549316406,149.52999877929688,148.80999755859375,149.50999450683594,149.50999450683594,9325134,0
2022.10.27 9:30,148.07000732421875,149.04600524902344,145.5399932861328,147.97000122070312,147.97000122070312,20703959,0
2022.10.27 10:30,147.9691925048828,148.24000549316406,146.1999969482422,146.27999877929688,146.27999877929688,9461196,0
2022.10.27 11:30,146.25,146.69000244140625,145.38499450683594,145.38999938964844,145.38999938964844,8599869,0
2022.10.27 12:30,145.3800048828125,145.80419921875,144.875,145.1300048828125,145.1300048828125,9398856,0
2022.10.27 13:30,145.13400268554688,145.3699951171875,144.1300048828125,144.5850067138672,144.5850067138672,9244840,1
2022.10.27 14:30,144.5850067138672,145.1199951171875,144.2100067138672,145.11019897460938,145.11019897460938,10496071,0
2022.10.27 15:30,145.11000061035156,145.3800048828125,144.5,145.0,145.0,11090988,1
2022.10.28 9:30,149.9727020263672,155.3000030517578,149.3800048828125,154.60000610351562,154.60000610351562,49891110,1
2022.10.28 10:30,154.5998992919922,156.47999572753906,154.14999389648438,155.63999938964844,155.63999938964844,29307800,1
2022.10.28 11:30,155.63999938964844,156.1699981689453,154.75,155.89500427246094,155.89500427246094,16666470,1
2022.10.28 12:30,155.89089965820312,157.0,155.83999633789062,156.7100067138672,156.7100067138672,14725594,0
2022.10.28 13:30,156.71499633789062,157.5,155.60000610351562,155.7698974609375,155.7698974609375,14608168,0
2022.10.28 14:30,155.75999450683594,156.58999633789062,155.36000061035156,155.72000122070312,155.72000122070312,13516863,0
2022.10.28 15:30,155.72500610351562,156.25,155.5800018310547,155.7100067138672,155.7100067138672,14059061,0
2022.10.31 9:30,153.6300048828125,154.07000732421875,151.9199981689453,152.47000122070312,152.47000122070312,29002719,1
2022.10.31 10:30,152.4600067138672,153.55999755859375,152.24110412597656,153.3000030517578,153.3000030517578,11571171,1
2022.10.31 11:30,153.3000030517578,154.14990234375,152.82000732421875,153.97999572753906,153.97999572753906,9588858,0
2022.10.31 12:30,153.98500061035156,154.1199951171875,153.08999633789062,153.9499969482422,153.9499969482422,6954450,0
2022.10.31 13:30,153.9698944091797,154.08999633789062,153.2899932861328,153.77000427246094,153.77000427246094,6334035,0
2022.10.31 14:30,153.77000427246094,154.24000549316406,152.6199951171875,153.33999633789062,153.33999633789062,8775568,1
2022.10.31 15:30,153.33999633789062,153.60000610351562,152.77999877929688,153.4499969482422,153.4499969482422,9286905,0
2022.11.01 9:30,155.0800018310547,155.4499969482422,150.3699951171875,151.0399932861328,151.0399932861328,22440154,0
2022.11.01 10:30,151.0399932861328,151.0399932861328,149.55999755859375,149.90289306640625,149.90289306640625,12998215,1
2022.11.01 11:30,149.91000366210938,150.5,149.1300048828125,150.0800018310547,150.0800018310547,9248723,0
2022.11.01 12:30,150.07000732421875,150.3699951171875,149.61000061035156,150.01499938964844,150.01499938964844,5869571,1
2022.11.01 13:30,150.00999450683594,150.5800018310547,149.61500549316406,150.55999755859375,150.55999755859375,6031255,1
2022.11.01 14:30,150.5500030517578,151.08999633789062,150.23500061035156,150.58999633789062,150.58999633789062,8142748,0
2022.11.01 15:30,150.60000610351562,151.0500030517578,150.42100524902344,150.57000732421875,150.57000732421875,7009704,0
2022.11.02 9:30,148.94500732421875,150.60000610351562,148.6699981689453,148.99000549316406,148.99000549316406,14353549,0
2022.11.02 10:30,149.0,149.60000610351562,148.625,148.86000061035156,148.86000061035156,6749494,0
2022.11.02 11:30,148.8675994873047,149.10000610351562,148.3300018310547,148.52999877929688,148.52999877929688,6741045,1
2022.11.02 12:30,148.53500366210938,149.25999450683594,148.19000244140625,148.80999755859375,148.80999755859375,4970103,1
2022.11.02 13:30,148.82000732421875,151.99000549316406,148.08999633789062,151.72000122070312,151.72000122070312,13761053,0
2022.11.02 14:30,151.7100067138672,152.1699981689453,145.5,145.9600067138672,145.9600067138672,22369966,0
2022.11.02 15:30,145.95919799804688,146.50999450683594,145.0,145.0,145.0,13031758,0
2022.11.03 9:30,142.05999755859375,142.8000030517578,139.360107421875,140.97999572753906,140.97999572753906,28196601,0
2022.11.03 10:30,140.99000549316406,141.3280029296875,139.74000549316406,139.75,139.75,13454664,1
2022.11.03 11:30,139.75,140.5399932861328,139.25999450683594,140.22279357910156,140.22279357910156,9874763,0
2022.11.03 12:30,140.22000122070312,140.7899932861328,139.86000061035156,140.05499267578125,140.05499267578125,6953136,1
2022.11.03 13:30,140.0500030517578,140.1999969482422,139.0850067138672,140.0850067138672,140.0850067138672,10009868,0
2022.11.03 14:30,140.0850067138672,140.35000610351562,139.64999389648438,139.77000427246094,139.77000427246094,8452643,0
2022.11.03 15:30,139.76499938964844,140.02999877929688,138.75,138.8800048828125,138.8800048828125,11501225,1
2022.11.04 9:30,142.08999633789062,142.6699981689453,136.5800018310547,139.75,139.75,36653054,0
2022.11.04 10:30,139.32000732421875,139.72999572753906,136.39999389648438,136.55020141601562,136.55020141601562,20764190,0
2022.11.04 11:30,136.55999755859375,136.82000732421875,134.5500030517578,136.30569458007812,136.30569458007812,20670166,0
2022.11.04 12:30,136.3000030517578,136.41000366210938,134.4499969482422,134.85989379882812,134.85989379882812,13060616,1
2022.11.04 13:30,134.85000610351562,135.72999572753906,134.3800048828125,135.3699951171875,135.3699951171875,9377302,1
2022.11.04 14:30,135.3800048828125,137.82000732421875,135.2095947265625,137.27999877929688,137.27999877929688,16841622,1
2022.11.04 15:30,137.28500366210938,138.5,136.89999389648438,138.39999389648438,138.39999389648438,12011449,0
2022.11.07 9:30,137.11000061035156,138.22000122070312,135.67100524902344,136.69000244140625,136.69000244140625,23768821,1
2022.11.07 10:30,136.6999969482422,137.7917938232422,136.22000122070312,137.63650512695312,137.63650512695312,11812771,0
2022.11.07 11:30,137.6300048828125,137.82000732421875,136.25,137.32080078125,137.32080078125,8449259,0
2022.11.07 12:30,137.3249969482422,137.64999389648438,136.92999267578125,137.09339904785156,137.09339904785156,7382671,1
2022.11.07 13:30,137.0988006591797,138.30999755859375,136.84500122070312,138.22500610351562,138.22500610351562,7057573,1
2022.11.07 14:30,138.25999450683594,138.8800048828125,137.7100067138672,138.76499938964844,138.76499938964844,10041871,1
2022.11.07 15:30,138.76800537109375,139.14500427246094,138.61000061035156,138.9600067138672,138.9600067138672,7232719,0
2022.11.08 9:30,139.5782928466797,139.75,138.0399932861328,138.44000244140625,138.44000244140625,21999770,1
2022.11.08 10:30,138.4499969482422,140.30999755859375,138.38499450683594,140.2678985595703,140.2678985595703,9506478,1
2022.11.08 11:30,140.27000427246094,141.14999389648438,140.1699981689453,140.80999755859375,140.80999755859375,9411470,0
2022.11.08 12:30,140.8000030517578,141.42999267578125,139.4499969482422,139.63999938964844,139.63999938964844,9268899,0
2022.11.08 13:30,139.63999938964844,140.12969970703125,137.63999938964844,137.68089294433594,137.68089294433594,10771658,1
2022.11.08 14:30,137.69000244140625,139.92999267578125,137.49000549316406,139.9145050048828,139.9145050048828,10127939,0
2022.11.08 15:30,139.91000366210938,140.63999938964844,139.3699951171875,139.50999450683594,139.50999450683594,7821945,0
2022.11.09 9:30,138.5,138.5500030517578,136.97999572753906,137.1697998046875,137.1697998046875,14660636,0
2022.11.09 10:30,137.17889404296875,137.46009826660156,136.14500427246094,136.9550018310547,136.9550018310547,8588114,0
2022.11.09 11:30,136.9499969482422,137.41000366210938,136.1300048828125,136.24899291992188,136.24899291992188,6203004,0
2022.11.09 12:30,136.24400329589844,136.60000610351562,135.76100158691406,135.91000366210938,135.91000366210938,6132161,0
2022.11.09 13:30,135.89999389648438,135.9080047607422,135.0,135.3800048828125,135.3800048828125,8269260,0
2022.11.09 14:30,135.3800048828125,135.4799041748047,134.6999969482422,135.09500122070312,135.09500122070312,8995005,0
2022.11.09 15:30,135.11000061035156,135.19000244140625,134.5933074951172,134.8699951171875,134.8699951171875,9644300,1
2022.11.10 9:30,141.875,143.6999969482422,140.39999389648438,143.4499969482422,143.4499969482422,31213223,0
2022.11.10 10:30,143.4600067138672,143.50999450683594,142.14999389648438,143.08999633789062,143.08999633789062,11128737,1
2022.11.10 11:30,143.10000610351562,143.64999389648438,142.74000549316406,143.22999572753906,143.22999572753906,8561508,1
2022.11.10 12:30,143.22000122070312,143.72999572753906,142.7200927734375,143.6199951171875,143.6199951171875,7640515,1
2022.11.10 13:30,143.6300048828125,144.22999572753906,143.3800048828125,144.1820068359375,144.1820068359375,7917979,1
2022.11.10 14:30,144.18499755859375,145.1699981689453,144.0,145.16000366210938,145.16000366210938,10462443,1
2022.11.10 15:30,145.1551055908203,146.8699951171875,145.0500030517578,146.8300018310547,146.8300018310547,18655523,1
2022.11.11 9:30,145.625,148.0225067138672,144.3699951171875,147.60000610351562,147.60000610351562,23072835,0
2022.11.11 10:30,147.60000610351562,148.75,146.6999969482422,146.6999969482422,146.6999969482422,12422678,1
2022.11.11 11:30,146.71499633789062,148.22500610351562,146.42999267578125,148.20570373535156,148.20570373535156,9381719,1
2022.11.11 12:30,148.2100067138672,149.3000030517578,147.91000366210938,149.1999969482422,149.1999969482422,8070890,1
2022.11.11 13:30,149.19000244140625,150.00999450683594,149.02000427246094,149.61000061035156,149.61000061035156,8986591,0
2022.11.11 14:30,149.64500427246094,150.0,148.7602996826172,149.30169677734375,149.30169677734375,10323009,1
2022.11.11 15:30,149.3000030517578,149.92999267578125,149.0,149.6649932861328,149.6649932861328,9803160,0
2022.11.14 9:30,148.97000122070312,149.4600067138672,147.42999267578125,148.125,148.125,16592140,0
2022.11.14 10:30,148.122802734375,148.41000366210938,147.6199951171875,147.63999938964844,147.63999938964844,7828758,1
2022.11.14 11:30,147.63999938964844,149.25,147.53990173339844,148.96009826660156,148.96009826660156,8263810,1
2022.11.14 12:30,148.97000122070312,149.8000030517578,148.7010040283203,149.71499633789062,149.71499633789062,6882713,1
2022.11.14 13:30,149.72000122070312,150.27999877929688,149.4499969482422,150.0,150.0,6485638,0
2022.11.14 14:30,150.0,150.2100067138672,149.11000061035156,149.32000732421875,149.32000732421875,7506909,0
2022.11.14 15:30,149.3115997314453,149.43499755859375,148.07000732421875,148.3699951171875,148.3699951171875,7624770,1
2022.11.15 9:30,152.21499633789062,153.58999633789062,151.67999267578125,153.1699981689453,153.1699981689453,21958202,0
2022.11.15 10:30,153.17799377441406,153.2100067138672,151.7899932861328,152.15499877929688,152.15499877929688,9503930,0
2022.11.15 11:30,152.16000366210938,153.02999877929688,151.89999389648438,151.97000122070312,151.97000122070312,8461641,0
2022.11.15 12:30,151.9600067138672,152.11000061035156,149.68499755859375,149.8699951171875,149.8699951171875,9912209,1
2022.11.15 13:30,149.8699951171875,150.61000061035156,148.56129455566406,150.36900329589844,150.36900329589844,13455401,1
2022.11.15 14:30,150.3876953125,150.88999938964844,149.77999877929688,150.55499267578125,150.55499267578125,9190129,0
2022.11.15 15:30,150.55999755859375,150.60000610351562,149.6300048828125,150.05999755859375,150.05999755859375,7242046,0
2022.11.16 9:30,149.1300048828125,149.8699951171875,147.2899932861328,148.2050018310547,148.2050018310547,17913700,1
2022.11.16 10:30,148.20849609375,148.89999389648438,147.63999938964844,148.3582000732422,148.3582000732422,8917293,1
2022.11.16 11:30,148.35000610351562,148.8800048828125,148.1699981689453,148.77589416503906,148.77589416503906,6343496,1
2022.11.16 12:30,148.77999877929688,149.5,148.52999877929688,149.1699981689453,149.1699981689453,6241920,0
2022.11.16 13:30,149.17999267578125,149.3300018310547,148.5,148.6300048828125,148.6300048828125,4134436,1
2022.11.16 14:30,148.63999938964844,149.07659912109375,148.27999877929688,148.7100067138672,148.7100067138672,5497414,1
2022.11.16 15:30,148.7100067138672,149.25,148.42010498046875,148.77999877929688,148.77999877929688,6195587,0
2022.11.17 9:30,146.42999267578125,148.80999755859375,146.14999389648438,148.74119567871094,148.74119567871094,13877388,1
2022.11.17 10:30,148.74000549316406,148.97999572753906,148.00999450683594,148.80999755859375,148.80999755859375,7606551,1
2022.11.17 11:30,148.81900024414062,150.05540466308594,148.68040466308594,149.72500610351562,149.72500610351562,8646763,1
2022.11.17 12:30,149.72999572753906,151.47999572753906,149.61000061035156,151.2899932861328,151.2899932861328,9682325,0
2022.11.17 13:30,151.3000030517578,151.47999572753906,149.80999755859375,150.0,150.0,9098657,0
2022.11.17 14:30,149.99000549316406,150.44000244140625,149.52999877929688,149.93499755859375,149.93499755859375,10570158,1
2022.11.17 15:30,149.92999267578125,150.85000610351562,149.85000610351562,150.75,150.75,7613242,0
2022.11.18 9:30,152.0,152.05999755859375,149.97000122070312,150.5500030517578,150.5500030517578,16452623,1
2022.11.18 10:30,150.55360412597656,151.82000732421875,150.27999877929688,151.6199951171875,151.6199951171875,9731283,0
2022.11.18 11:30,151.6199951171875,151.97999572753906,150.4600067138672,150.77000427246094,150.77000427246094,8741343,1
2022.11.18 12:30,150.75999450683594,151.21499633789062,150.35000610351562,151.19000244140625,151.19000244140625,6236992,0
2022.11.18 13:30,151.19000244140625,151.2799072265625,150.77999877929688,151.02000427246094,151.02000427246094,4976364,1
2022.11.18 14:30,151.02999877929688,151.74000549316406,150.86000061035156,151.72000122070312,151.72000122070312,7670527,0
2022.11.18 15:30,151.72999572753906,151.91000366210938,150.77999877929688,151.30999755859375,151.30999755859375,9783621,0
2022.11.21 9:30,150.16000366210938,150.3699951171875,148.2100067138672,148.35000610351562,148.35000610351562,14950131,0
2022.11.21 10:30,148.35000610351562,148.74000549316406,147.77999877929688,148.35000610351562,148.35000610351562,8106037,0
2022.11.21 11:30,148.35000610351562,148.49000549316406,147.71499633789062,147.781005859375,147.781005859375,5599571,1
2022.11.21 12:30,147.7899932861328,148.6479949951172,147.760498046875,148.55999755859375,148.55999755859375,6106089,0
2022.11.21 13:30,148.55999755859375,149.02999877929688,148.27999877929688,148.3300018310547,148.3300018310547,5033018,0
2022.11.21 14:30,148.35000610351562,148.60000610351562,148.0800018310547,148.19500732421875,148.19500732421875,4865070,0
2022.11.21 15:30,148.1999969482422,148.44000244140625,147.8800048828125,148.02000427246094,148.02000427246094,6303542,1
2022.11.22 9:30,148.25,148.50999450683594,146.9250030517578,148.25999450683594,148.25999450683594,11349872,1
2022.11.22 10:30,148.25,148.97999572753906,147.99000549316406,148.9499969482422,148.9499969482422,6425092,1
2022.11.22 11:30,148.9600067138672,149.44110107421875,148.50999450683594,149.25,149.25,5347571,1
2022.11.22 12:30,149.24000549316406,149.77000427246094,149.0399932861328,149.67999267578125,149.67999267578125,4433435,0
2022.11.22 13:30,149.6750030517578,150.0500030517578,149.4600067138672,149.65269470214844,149.65269470214844,5050883,1
2022.11.22 14:30,149.64999389648438,150.14999389648438,149.50999450683594,150.0449981689453,150.0449981689453,5299889,1
2022.11.22 15:30,150.0449981689453,150.4199981689453,149.96499633789062,150.22999572753906,150.22999572753906,5883034,1
2022.11.23 9:30,149.4499969482422,151.47000122070312,149.3881072998047,151.36500549316406,151.36500549316406,13829807,0
2022.11.23 10:30,151.36500549316406,151.8300018310547,151.08999633789062,151.3000030517578,151.3000030517578,7034504,0
2022.11.23 11:30,151.2899932861328,151.2899932861328,149.7899932861328,150.19500732421875,150.19500732421875,6463398,0
2022.11.23 12:30,150.19000244140625,150.2899932861328,149.33999633789062,150.1199951171875,150.1199951171875,4717514,1
2022.11.23 13:30,150.1300048828125,151.30999755859375,149.75999450683594,151.0363006591797,151.0363006591797,6955462,1
2022.11.23 14:30,151.0384979248047,151.4199981689453,150.52999877929688,151.1750030517578,151.1750030517578,7214553,0
2022.11.23 15:30,151.1699981689453,151.1708984375,150.6300048828125,151.13999938964844,151.13999938964844,5674052,0
2022.11.25 9:30,148.30499267578125,148.8800048828125,147.1199951171875,148.39990234375,148.39990234375,14640551,0
2022.11.25 10:30,148.38180541992188,148.39999389648438,147.75,147.82550048828125,147.82550048828125,5463832,1
2022.11.25 11:30,147.82000732421875,148.40989685058594,147.60000610351562,148.1699981689453,148.1699981689453,6310238,0
2022.11.28 9:30,145.25,146.63999938964844,144.82989501953125,145.1300048828125,145.1300048828125,17178566,0
2022.11.28 10:30,145.1300048828125,145.57000732421875,144.77000427246094,145.10000610351562,145.10000610351562,8024681,1
2022.11.28 11:30,145.093994140625,145.75559997558594,144.74000549316406,145.17999267578125,145.17999267578125,6406761,0
2022.11.28 12:30,145.1750030517578,145.42990112304688,144.6999969482422,144.91700744628906,144.91700744628906,4906299,0
2022.11.28 13:30,144.91000366210938,144.9499969482422,143.3800048828125,143.5399932861328,143.5399932861328,7399169,1
2022.11.28 14:30,143.5449981689453,144.08230590820312,143.48500061035156,143.8000946044922,143.8000946044922,7208983,1
2022.11.28 15:30,143.80999755859375,144.4600067138672,143.64999389648438,144.2100067138672,144.2100067138672,8137752,1
2022.11.29 9:30,144.2899932861328,144.38999938964844,142.9600067138672,144.33990478515625,144.33990478515625,16021970,0
2022.11.29 10:30,144.3350067138672,144.80999755859375,141.1999969482422,141.80999755859375,141.80999755859375,18563940,0
2022.11.29 11:30,141.80999755859375,142.3800048828125,141.3155059814453,141.3800048828125,141.3800048828125,10360491,0
2022.11.29 12:30,141.389892578125,141.6999969482422,140.52999877929688,140.53500366210938,140.53500366210938,7542355,1
2022.11.29 13:30,140.5399932861328,141.61000061035156,140.4958038330078,140.86000061035156,140.86000061035156,7171079,0
2022.11.29 14:30,140.8699951171875,140.91000366210938,140.38999938964844,140.58999633789062,140.58999633789062,8001130,1
2022.11.29 15:30,140.59320068359375,141.33999633789062,140.35499572753906,141.16000366210938,141.16000366210938,8906211,1
2022.11.30 9:30,141.39500427246094,142.3699951171875,140.5500030517578,141.5,141.5,14716115,1
2022.11.30 10:30,141.50999450683594,141.91000366210938,140.99000549316406,141.7899932861328,141.7899932861328,7634251,0
2022.11.30 11:30,141.7899932861328,142.01499938964844,140.75,140.9199981689453,140.9199981689453,5848332,1
2022.11.30 12:30,140.91000366210938,141.72000122070312,140.67999267578125,141.55999755859375,141.55999755859375,5078997,1
2022.11.30 13:30,141.55499267578125,146.52999877929688,141.1300048828125,146.29429626464844,146.29429626464844,19177034,1
2022.11.30 14:30,146.28759765625,147.10000610351562,145.64500427246094,147.0800018310547,147.0800018310547,12567179,1
2022.11.30 15:30,147.0749969482422,148.02999877929688,147.0500030517578,148.02999877929688,148.02999877929688,14139009,0
2022.12.01 9:30,147.5,149.1300048828125,146.6999969482422,146.77999877929688,146.77999877929688,18141842,1
2022.12.01 10:30,146.77999877929688,148.25999450683594,146.6199951171875,147.8300018310547,147.8300018310547,11407973,0
2022.12.01 11:30,147.8249969482422,148.10519409179688,147.10000610351562,147.5449981689453,147.5449981689453,6496874,1
2022.12.01 12:30,147.5500030517578,148.31500244140625,147.5399932861328,147.91879272460938,147.91879272460938,5733469,1
2022.12.01 13:30,147.91000366210938,148.63999938964844,147.86000061035156,148.55999755859375,148.55999755859375,5992982,0
2022.12.01 14:30,148.55059814453125,148.97000122070312,148.27999877929688,148.33999633789062,148.33999633789062,6779301,0
2022.12.01 15:30,148.33999633789062,149.0,148.30999755859375,148.32000732421875,148.32000732421875,6896796,0
2022.12.02 9:30,145.9600067138672,146.89999389648438,145.64999389648438,146.22999572753906,146.22999572753906,14383952,1
2022.12.02 10:30,146.2299041748047,146.66000366210938,145.8800048828125,146.4600067138672,146.4600067138672,8250888,0
2022.12.02 11:30,146.46499633789062,146.97999572753906,146.3800048828125,146.4499053955078,146.4499053955078,7321868,0
2022.12.02 12:30,146.44619750976562,146.5500030517578,146.0500030517578,146.41000366210938,146.41000366210938,3666983,0
2022.12.02 13:30,146.41250610351562,146.60000610351562,146.08999633789062,146.28500366210938,146.28500366210938,3547440,1
2022.12.02 14:30,146.2884063720703,148.0,146.14999389648438,147.4407958984375,147.4407958984375,8900675,1
2022.12.02 15:30,147.44500732421875,147.94000244140625,146.9748992919922,147.8000030517578,147.8000030517578,7118414,1
2022.12.05 9:30,147.77000427246094,150.91990661621094,147.5,148.48080444335938,148.48080444335938,22202031,0
2022.12.05 10:30,148.47999572753906,148.75,146.82000732421875,146.8800048828125,146.8800048828125,9532365,1
2022.12.05 11:30,146.88009643554688,147.27999877929688,146.3699951171875,147.19000244140625,147.19000244140625,6139154,0
2022.12.05 12:30,147.17979431152344,147.27999877929688,146.53500366210938,146.69000244140625,146.69000244140625,4718828,0
2022.12.05 13:30,146.69000244140625,146.89999389648438,145.99000549316406,146.10000610351562,146.10000610351562,5656046,0
2022.12.05 14:30,146.11000061035156,146.2100067138672,145.77000427246094,145.86090087890625,145.86090087890625,5808604,1
2022.12.05 15:30,145.8603973388672,146.8000030517578,145.85000610351562,146.60000610351562,146.60000610351562,6394946,0
2022.12.06 9:30,147.0749969482422,147.3000030517578,144.32000732421875,144.5500030517578,144.5500030517578,12427462,1
2022.12.06 10:30,144.5500030517578,144.8300018310547,143.55999755859375,144.74000549316406,144.74000549316406,8212265,0
2022.12.06 11:30,144.73500061035156,145.01499938964844,144.02000427246094,144.30999755859375,144.30999755859375,5763882,0
2022.12.06 12:30,144.3000030517578,144.44000244140625,143.47999572753906,143.8195037841797,143.8195037841797,5675536,0
2022.12.06 13:30,143.82000732421875,143.96499633789062,142.30999755859375,142.30999755859375,142.30999755859375,7334245,0
2022.12.06 14:30,142.30799865722656,142.91000366210938,141.9199981689453,142.08999633789062,142.08999633789062,8177007,1
2022.12.06 15:30,142.09080505371094,143.00999450683594,142.05999755859375,142.9199981689453,142.9199981689453,7803588,0
2022.12.07 9:30,142.19000244140625,143.3699951171875,140.5800018310547,141.88999938964844,141.88999938964844,18684320,0
2022.12.07 10:30,141.88999938964844,142.22999572753906,140.6199951171875,140.6699981689453,140.6699981689453,8958658,1
2022.12.07 11:30,140.6750030517578,141.35890197753906,140.60000610351562,140.8061065673828,140.8061065673828,6158470,1
2022.12.07 12:30,140.8000030517578,141.42999267578125,140.69000244140625,141.35899353027344,141.35899353027344,5228188,0
2022.12.07 13:30,141.35000610351562,141.39999389648438,140.6300048828125,141.14999389648438,141.14999389648438,5040035,0
2022.12.07 14:30,141.14500427246094,141.4499969482422,140.0,140.19520568847656,140.19520568847656,8382181,1
2022.12.07 15:30,140.19000244140625,141.14999389648438,140.17999267578125,140.94000244140625,140.94000244140625,7189694,1
2022.12.08 9:30,142.36000061035156,143.36000061035156,141.10000610351562,143.14999389648438,143.14999389648438,13831865,0
2022.12.08 10:30,143.15499877929688,143.52000427246094,142.14999389648438,142.69500732421875,142.69500732421875,8313935,0
2022.12.08 11:30,142.69000244140625,143.0800018310547,142.0399932861328,142.11000061035156,142.11000061035156,5690285,1
2022.12.08 12:30,142.10000610351562,142.77000427246094,141.8800048828125,142.75999450683594,142.75999450683594,4334773,0
2022.12.08 13:30,142.76499938964844,143.27000427246094,141.5500030517578,142.01499938964844,142.01499938964844,8113963,1
2022.12.08 14:30,142.01499938964844,142.94000244140625,141.82000732421875,142.85009765625,142.85009765625,6529086,0
2022.12.08 15:30,142.85499572753906,142.99989318847656,142.07000732421875,142.6699981689453,142.6699981689453,5720964,0
2022.12.09 9:30,142.33999633789062,142.5500030517578,140.89999389648438,142.41940307617188,142.41940307617188,13763092,1
2022.12.09 10:30,142.42990112304688,144.64999389648438,142.3800048828125,144.58200073242188,144.58200073242188,11598826,1
2022.12.09 11:30,144.5800018310547,145.57000732421875,144.2200927734375,144.8300018310547,144.8300018310547,9177286,0
2022.12.09 12:30,144.8300018310547,145.0800018310547,143.83999633789062,144.11000061035156,144.11000061035156,6302164,1
2022.12.09 13:30,144.11659240722656,144.47000122070312,143.75,144.21499633789062,144.21499633789062,5222620,0
2022.12.09 14:30,144.22000122070312,144.2667999267578,143.58999633789062,143.60000610351562,143.60000610351562,5759594,0
2022.12.09 15:30,143.595703125,143.72999572753906,142.07000732421875,142.19000244140625,142.19000244140625,8286193,0
2022.12.12 9:30,142.75,142.8800048828125,141.63999938964844,142.125,142.125,12413959,1
2022.12.12 10:30,142.125,142.47000122070312,141.05999755859375,142.1300048828125,142.1300048828125,9867207,0
2022.12.12 11:30,142.13999938964844,142.27999877929688,141.8000030517578,142.0399932861328,142.0399932861328,5238796,1
2022.12.12 12:30,142.02999877929688,142.69000244140625,141.9499969482422,142.36500549316406,142.36500549316406,5214483,1
2022.12.12 13:30,142.36000061035156,142.88499450683594,142.22000122070312,142.65499877929688,142.65499877929688,5334032,1
2022.12.12 14:30,142.65960693359375,144.14999389648438,142.57000732421875,143.9123992919922,143.9123992919922,9056679,1
2022.12.12 15:30,143.9199981689453,144.5,143.66000366210938,144.4949951171875,144.4949951171875,9819817,1
2022.12.13 9:30,149.5,149.9691925048828,147.94000244140625,148.08999633789062,148.08999633789062,23245776,0
2022.12.13 10:30,148.08009338378906,148.34959411621094,146.91000366210938,147.55999755859375,147.55999755859375,11839138,0
2022.12.13 11:30,147.56500244140625,148.1082000732422,144.61000061035156,144.8000030517578,144.8000030517578,12016715,1
2022.12.13 12:30,144.7949981689453,145.6300048828125,144.24000549316406,145.5449981689453,145.5449981689453,8694450,0
2022.12.13 13:30,145.5399932861328,145.77000427246094,144.27999877929688,145.10000610351562,145.10000610351562,8659301,1
2022.12.13 14:30,145.08999633789062,146.13999938964844,144.32000732421875,145.41000366210938,145.41000366210938,9450143,1
2022.12.13 15:30,145.39999389648438,145.97000122070312,145.1300048828125,145.47000122070312,145.47000122070312,6959153,1
2022.12.14 9:30,145.35000610351562,146.65499877929688,145.07000732421875,146.0,146.0,9784672,1
2022.12.14 10:30,146.00999450683594,146.38499450683594,145.5800018310547,146.0749969482422,146.0749969482422,8606074,0
2022.12.14 11:30,146.07000732421875,146.22999572753906,145.42010498046875,145.5,145.5,4660299,1
2022.12.14 12:30,145.50140380859375,145.83999633789062,145.25950622558594,145.8000030517578,145.8000030517578,5065634,0
2022.12.14 13:30,145.8000030517578,146.6300048828125,142.63999938964844,143.10000610351562,143.10000610351562,14547436,0
2022.12.14 14:30,143.1199951171875,145.0800018310547,141.16000366210938,142.60980224609375,142.60980224609375,19187303,1
2022.12.14 15:30,142.58999633789062,143.83929443359375,142.19000244140625,143.22000122070312,143.22000122070312,8986997,0
2022.12.15 9:30,141.5,141.6699981689453,138.49000549316406,138.87010192871094,138.87010192871094,19310473,0
2022.12.15 10:30,138.8699951171875,139.3800048828125,137.94000244140625,138.2490997314453,138.2490997314453,12784988,0
2022.12.15 11:30,138.25,138.39999389648438,137.7100067138672,137.89999389648438,137.89999389648438,8186495,0
2022.12.15 12:30,137.88999938964844,138.17999267578125,136.67999267578125,136.96499633789062,136.96499633789062,8902524,0
2022.12.15 13:30,136.9600067138672,137.22000122070312,136.19000244140625,136.38999938964844,136.38999938964844,8979255,1
2022.12.15 14:30,136.39999389648438,137.25,136.3800048828125,137.125,137.125,11916866,0
2022.12.15 15:30,137.12989807128906,137.14500427246094,136.02499389648438,136.44000244140625,136.44000244140625,11862602,0
2022.12.16 9:30,136.375,137.64999389648438,134.8430938720703,135.05999755859375,135.05999755859375,33746412,0
2022.12.16 10:30,135.07000732421875,135.37399291992188,134.4199981689453,134.63999938964844,134.63999938964844,10071464,1
2022.12.16 11:30,134.63999938964844,135.17999267578125,134.36000061035156,134.8699951171875,134.8699951171875,7525742,0
2022.12.16 12:30,134.8800048828125,135.33990478515625,133.94000244140625,134.01280212402344,134.01280212402344,7947354,0
2022.12.16 13:30,134.01499938964844,134.47999572753906,133.94500732421875,134.0050048828125,134.0050048828125,8501690,1
2022.12.16 14:30,134.0050048828125,134.99000549316406,133.72999572753906,134.8780975341797,134.8780975341797,9495252,0
2022.12.16 15:30,134.8800048828125,135.4499969482422,134.4499969482422,134.52000427246094,134.52000427246094,13605365,0
2022.12.19 9:30,134.64500427246094,134.75,132.3300018310547,132.6300048828125,132.6300048828125,15427791,0
2022.12.19 10:30,132.6199951171875,132.639892578125,131.45489501953125,132.02499389648438,132.02499389648438,11396429,1
2022.12.19 11:30,132.02000427246094,133.0,131.74000549316406,132.6488037109375,132.6488037109375,7998924,0
2022.12.19 12:30,132.64889526367188,133.25,132.50999450683594,132.64529418945312,132.64529418945312,6476131,0
2022.12.19 13:30,132.63999938964844,132.69000244140625,132.00999450683594,132.02999877929688,132.02999877929688,6082332,0
2022.12.19 14:30,132.03500366210938,132.69000244140625,131.45010375976562,131.4600067138672,131.4600067138672,9367738,1
2022.12.19 15:30,131.45750427246094,132.60000610351562,131.32000732421875,132.35000610351562,132.35000610351562,9993054,1
2022.12.20 9:30,131.38999938964844,133.02000427246094,129.88999938964844,132.85000610351562,132.85000610351562,23901135,0
2022.12.20 10:30,132.85800170898438,133.25,130.84500122070312,131.0117950439453,131.0117950439453,10612513,1
2022.12.20 11:30,131.02000427246094,132.72000122070312,131.0,132.3800048828125,132.3800048828125,8507975,0
2022.12.20 12:30,132.38999938964844,132.67999267578125,131.77000427246094,132.2899932861328,132.2899932861328,6477134,0
2022.12.20 13:30,132.28500366210938,132.75999450683594,131.75999450683594,131.92999267578125,131.92999267578125,7456843,1
2022.12.20 14:30,131.92999267578125,132.14999389648438,131.52000427246094,132.10000610351562,132.10000610351562,6339925,1
2022.12.20 15:30,132.10130310058594,132.44000244140625,131.97000122070312,132.2899932861328,132.2899932861328,6062410,1
2022.12.21 9:30,133.65130615234375,135.0753936767578,133.10000610351562,134.88999938964844,134.88999938964844,17128912,1
2022.12.21 10:30,134.88999938964844,136.80999755859375,134.77999877929688,135.9409942626953,135.9409942626953,15051048,0
2022.12.21 11:30,135.94500732421875,136.16000366210938,135.0800018310547,135.16200256347656,135.16200256347656,10308001,1
2022.12.21 12:30,135.16000366210938,136.1699981689453,135.14999389648438,135.19000244140625,135.19000244140625,8044729,1
2022.12.21 13:30,135.19000244140625,136.11990356445312,135.16009521484375,135.4949951171875,135.4949951171875,7042077,0
2022.12.21 14:30,135.49000549316406,135.7899932861328,135.11000061035156,135.35000610351562,135.35000610351562,6292729,1
2022.12.21 15:30,135.36000061035156,135.77000427246094,135.00999450683594,135.5,135.5,7363103,0
2022.12.22 9:30,134.3520050048828,134.55999755859375,131.86000061035156,131.9199981689453,131.9199981689453,16648390,0
2022.12.22 10:30,131.9199981689453,132.00999450683594,131.13499450683594,131.6199951171875,131.6199951171875,9910027,0
2022.12.22 11:30,131.6300048828125,131.77499389648438,130.6999969482422,130.7899932861328,130.7899932861328,8015633,0
2022.12.22 12:30,130.77000427246094,131.08999633789062,130.35000610351562,130.4788055419922,130.4788055419922,6433999,1
2022.12.22 13:30,130.4600067138672,131.35000610351562,130.3000030517578,131.25,131.25,7280922,1
2022.12.22 14:30,131.25,132.1999969482422,131.00999450683594,132.11000061035156,132.11000061035156,9688776,1
2022.12.22 15:30,132.11500549316406,132.36000061035156,131.36500549316406,132.22999572753906,132.22999572753906,9707827,0
2022.12.23 9:30,130.9199981689453,131.76890563964844,129.63999938964844,131.38999938964844,131.38999938964844,19807195,0
2022.12.23 10:30,131.39500427246094,132.4149932861328,130.2530975341797,131.0084991455078,131.0084991455078,10916782,1
2022.12.23 11:30,131.00999450683594,131.72999572753906,130.72999572753906,131.4886932373047,131.4886932373047,6436819,0
2022.12.23 12:30,131.48500061035156,131.75999450683594,130.860107421875,131.30999755859375,131.30999755859375,5212133,0
2022.12.23 13:30,131.32000732421875,131.5,130.80999755859375,131.23500061035156,131.23500061035156,4829374,1
2022.12.23 14:30,131.25,131.99899291992188,131.22999572753906,131.4199981689453,131.4199981689453,6357574,1
2022.12.23 15:30,131.4199981689453,131.89999389648438,131.1999969482422,131.86000061035156,131.86000061035156,5771418,0
2022.12.27 9:30,131.3800048828125,131.41000366210938,128.72000122070312,130.1652069091797,130.1652069091797,19654999,0
2022.12.27 10:30,130.16000366210938,130.38999938964844,129.17999267578125,129.72569274902344,129.72569274902344,10795118,1
2022.12.27 11:30,129.72000122070312,130.5299072265625,129.50999450683594,129.92999267578125,129.92999267578125,7518424,1
2022.12.27 12:30,129.9250030517578,130.3699951171875,129.67999267578125,130.0050048828125,130.0050048828125,5515019,0
2022.12.27 13:30,129.9949951171875,130.16000366210938,129.6199951171875,129.92990112304688,129.92990112304688,6673932,1
2022.12.27 14:30,129.92030334472656,130.41000366210938,129.8800048828125,130.25999450683594,130.25999450683594,6153779,0
2022.12.27 15:30,130.27000427246094,130.58999633789062,129.94000244140625,130.02999877929688,130.02999877929688,5793716,0
2022.12.28 9:30,129.6699981689453,131.02749633789062,129.22000122070312,129.65499877929688,129.65499877929688,14651701,0
2022.12.28 10:30,129.63999938964844,129.96499633789062,127.3000030517578,127.61000061035156,127.61000061035156,14643306,0
2022.12.28 11:30,127.62000274658205,127.87999725341795,126.41000366210938,126.79000091552734,126.79000091552734,13086075,1
2022.12.28 12:30,126.80999755859376,128.38999938964844,126.79000091552734,127.43699645996094,127.43699645996094,10109451,0
2022.12.28 13:30,127.43000030517578,127.44000244140624,126.83999633789062,127.03820037841795,127.03820037841795,6644687,0
2022.12.28 14:30,127.04000091552734,127.5,125.91999816894533,126.19000244140624,126.19000244140624,10496016,0
2022.12.28 15:30,126.18499755859376,126.2699966430664,125.87000274658205,126.0500030517578,126.0500030517578,8962152,1
2022.12.29 9:30,127.98999786376952,129.77000427246094,127.7300033569336,129.38999938964844,129.38999938964844,23509750,1
2022.12.29 10:30,129.38999938964844,130.05999755859375,129.1300048828125,129.85000610351562,129.85000610351562,10890066,1
2022.12.29 11:30,129.86000061035156,130.4813995361328,129.7899932861328,129.99830627441406,129.99830627441406,8760543,0
2022.12.29 12:30,129.99240112304688,130.09829711914062,129.3249969482422,129.52000427246094,129.52000427246094,6897882,1
2022.12.29 13:30,129.52000427246094,130.24000549316406,129.40499877929688,130.0,130.0,6114981,0
2022.12.29 14:30,130.0019989013672,130.10000610351562,129.6999969482422,129.9499969482422,129.9499969482422,6437197,0
2022.12.29 15:30,129.9499969482422,130.22000122070312,129.55999755859375,129.60000610351562,129.60000610351562,6308537,0
2022.12.30 9:30,128.41000366210938,128.69000244140625,127.43000030517578,128.4250030517578,128.4250030517578,15927353,0
2022.12.30 10:30,128.4250030517578,129.25,128.0800018310547,128.30999755859375,128.30999755859375,10929791,1
2022.12.30 11:30,128.32000732421875,129.0800018310547,128.2100067138672,128.81500244140625,128.81500244140625,7048763,0
2022.12.30 12:30,128.81500244140625,129.02999877929688,128.02000427246094,128.3300018310547,128.3300018310547,5931448,0
2022.12.30 13:30,128.3300018310547,128.6699981689453,127.97000122070312,128.22000122070312,128.22000122070312,6151192,1
2022.12.30 14:30,128.22500610351562,129.17999267578125,128.0800018310547,128.91000366210938,128.91000366210938,8598240,1
2022.12.30 15:30,128.9199981689453,129.9499969482422,128.86000061035156,129.9499969482422,129.9499969482422,11542723,0
2023.01.03 9:30,130.27999877929688,130.89999389648438,125.2300033569336,125.45999908447266,125.45999908447266,27775505,0
2023.01.03 10:30,125.45999908447266,125.87000274658205,124.7300033569336,125.34500122070312,125.34500122070312,18104999,0
2023.01.03 11:30,125.3501968383789,125.37000274658205,124.3490982055664,124.66000366210938,124.66000366210938,11248777,0
2023.01.03 12:30,124.66000366210938,124.94000244140624,124.19000244140624,124.64990234375,124.64990234375,8860080,0
2023.01.03 13:30,124.6698989868164,125.0,124.19000244140624,124.56999969482422,124.56999969482422,8388062,1
2023.01.03 14:30,124.5780029296875,125.33000183105467,124.16999816894533,124.62000274658205,124.62000274658205,11718707,1
2023.01.03 15:30,124.62999725341795,125.41999816894533,124.625,125.0500030517578,125.0500030517578,10631332,1
2023.01.04 9:30,126.88999938964844,127.55500030517578,125.08000183105467,125.99829864501952,125.99829864501952,25459455,1
2023.01.04 10:30,125.98999786376952,127.5,125.33399963378906,127.37999725341795,127.37999725341795,11053975,1
2023.01.04 11:30,127.38999938964844,128.65570068359375,127.37999725341795,128.06500244140625,128.06500244140625,9666212,0
2023.01.04 12:30,128.0749969482422,128.22000122070312,126.93000030517578,127.26010131835938,127.26010131835938,5544069,0
2023.01.04 13:30,127.26499938964844,127.87000274658205,125.62000274658205,125.7249984741211,125.7249984741211,9752574,1
2023.01.04 14:30,125.72000122070312,126.8499984741211,125.37999725341795,125.83000183105467,125.83000183105467,10742232,1
2023.01.04 15:30,125.83989715576172,126.4800033569336,125.27999877929688,126.37999725341795,126.37999725341795,8384124,1
2023.01.05 9:30,127.12999725341795,127.7699966430664,125.31999969482422,126.7699966430664,126.7699966430664,21850724,0
2023.01.05 10:30,126.76000213623048,127.02999877929688,126.16000366210938,126.55989837646484,126.55989837646484,9990903,0
2023.01.05 11:30,126.5500030517578,127.08000183105467,126.1999969482422,126.5031967163086,126.5031967163086,7404291,0
2023.01.05 12:30,126.5,126.87000274658205,125.80010223388672,126.4800033569336,126.4800033569336,7045330,0
2023.01.05 13:30,126.48999786376952,127.04000091552734,125.80999755859376,125.88870239257812,125.88870239257812,6003993,0
2023.01.05 14:30,125.88999938964844,126.37999725341795,125.02999877929688,125.16000366210938,125.16000366210938,10075109,0
2023.01.05 15:30,125.16999816894533,125.3000030517578,124.76000213623048,125.0199966430664,125.0199966430664,9464321,1
2023.01.06 9:30,126.01000213623048,127.3499984741211,124.88999938964844,126.375,126.375,21496694,1
2023.01.06 10:30,126.375,128.0399932861328,126.34010314941406,127.24500274658205,127.24500274658205,10581541,1
2023.01.06 11:30,127.25,128.47999572753906,127.01000213623048,128.32989501953125,128.32989501953125,8905736,0
2023.01.06 12:30,128.3217010498047,128.39999389648438,127.77999877929688,128.25,128.25,6641033,1
2023.01.06 13:30,128.24000549316406,129.5500030517578,128.24000549316406,129.3350067138672,129.3350067138672,8218980,1
2023.01.06 14:30,129.33999633789062,130.2899932861328,129.30499267578125,129.80999755859375,129.80999755859375,10559575,0
2023.01.06 15:30,129.81500244140625,130.0500030517578,129.33999633789062,129.52000427246094,129.52000427246094,9922349,1
2023.01.09 9:30,130.46499633789062,132.73500061035156,130.46499633789062,132.56500244140625,132.56500244140625,18383099,1
2023.01.09 10:30,132.5749969482422,133.41000366210938,132.46359252929688,133.0850067138672,133.0850067138672,10329185,0
2023.01.09 11:30,133.08999633789062,133.17999267578125,132.57000732421875,132.7449951171875,132.7449951171875,6642253,0
2023.01.09 12:30,132.74000549316406,132.8300018310547,132.25,132.4949951171875,132.4949951171875,5968816,0
2023.01.09 13:30,132.4949951171875,132.51010131835938,131.19000244140625,131.4949951171875,131.4949951171875,8728941,0
2023.01.09 14:30,131.49000549316406,131.5666961669922,130.33999633789062,130.4499969482422,130.4499969482422,6861497,0
2023.01.09 15:30,130.44500732421875,130.57000732421875,129.88999938964844,130.19000244140625,130.19000244140625,6115920,0
2023.01.10 9:30,130.25999450683594,131.2635955810547,129.3300018310547,129.41000366210938,129.41000366210938,16552534,0
2023.01.10 10:30,129.4001007080078,129.4001007080078,128.1199951171875,129.02999877929688,129.02999877929688,10716462,1
2023.01.10 11:30,129.02000427246094,129.24000549316406,128.4499969482422,129.1199951171875,129.1199951171875,6613647,1
2023.01.10 12:30,129.11000061035156,130.0,129.05169677734375,129.65989685058594,129.65989685058594,6298095,1
2023.01.10 13:30,129.6501007080078,130.69000244140625,129.57000732421875,130.3612060546875,130.3612060546875,7107016,0
2023.01.10 14:30,130.3699951171875,130.4199981689453,129.75999450683594,130.14999389648438,130.14999389648438,5775215,1
2023.01.10 15:30,130.14999389648438,130.75,130.00999450683594,130.75,130.75,5478675,1
2023.01.11 9:30,131.25,132.1083984375,130.4600067138672,132.02000427246094,132.02000427246094,16473035,0
2023.01.11 10:30,132.02000427246094,132.07000732421875,131.08999633789062,131.68499755859375,131.68499755859375,8848759,1
2023.01.11 11:30,131.67999267578125,132.86000061035156,131.47000122070312,132.8000030517578,132.8000030517578,7425343,0
2023.01.11 12:30,132.8000030517578,133.24000549316406,132.41000366210938,132.8000030517578,132.8000030517578,6775223,0
2023.01.11 13:30,132.80799865722656,132.875,132.1649932861328,132.40499877929688,132.40499877929688,5207985,1
2023.01.11 14:30,132.40890502929688,133.05999755859375,132.32000732421875,132.9217987060547,132.9217987060547,6183876,1
2023.01.11 15:30,132.92999267578125,133.50999450683594,132.66000366210938,133.47999572753906,133.47999572753906,8493592,0
2023.01.12 9:30,133.8800048828125,134.25999450683594,131.44000244140625,132.97030639648438,132.97030639648438,21050637,0
2023.01.12 10:30,132.97999572753906,133.42999267578125,131.99000549316406,132.4149932861328,132.4149932861328,8543552,1
2023.01.12 11:30,132.4199981689453,134.0850067138672,132.07000732421875,134.00999450683594,134.00999450683594,6934494,0
2023.01.12 12:30,134.00999450683594,134.22000122070312,132.75999450683594,132.80999755859375,132.80999755859375,7706908,1
2023.01.12 13:30,132.8000030517578,134.19000244140625,132.4199981689453,133.19749450683594,133.19749450683594,7425868,0
2023.01.12 14:30,133.19749450683594,133.55990600585938,132.8300018310547,133.18499755859375,133.18499755859375,6559278,1
2023.01.12 15:30,133.19000244140625,133.55999755859375,132.77000427246094,133.38999938964844,133.38999938964844,5739468,1
2023.01.13 9:30,132.02999877929688,133.5500030517578,131.66000366210938,133.50999450683594,133.50999450683594,14794088,0
2023.01.13 10:30,133.50999450683594,133.97000122070312,132.97000122070312,133.02999877929688,133.02999877929688,8734602,1
2023.01.13 11:30,133.0399932861328,133.60000610351562,132.7550048828125,133.51010131835938,133.51010131835938,4899301,1
2023.01.13 12:30,133.52000427246094,133.7100067138672,133.16000366210938,133.64500427246094,133.64500427246094,4397703,1
2023.01.13 13:30,133.66000366210938,134.3800048828125,133.6300048828125,134.24569702148438,134.24569702148438,6066325,1
2023.01.13 14:30,134.25,134.61000061035156,134.0399932861328,134.60049438476562,134.60049438476562,5635520,1
2023.01.13 15:30,134.60499572753906,134.9199981689453,134.4600067138672,134.6999969482422,134.6999969482422,6662632,1
2023.01.17 9:30,134.75,137.2899932861328,134.2050018310547,136.69000244140625,136.69000244140625,18958546,0
2023.01.17 10:30,136.6999969482422,136.7899932861328,134.67999267578125,135.39500427246094,135.39500427246094,10659894,1
2023.01.17 11:30,135.38999938964844,136.13999938964844,135.30999755859375,135.58999633789062,135.58999633789062,5683922,1
2023.01.17 12:30,135.58999633789062,136.30999755859375,135.55999755859375,136.0500030517578,136.0500030517578,5066835,0
2023.01.17 13:30,136.05999755859375,136.39999389648438,135.39999389648438,135.6605987548828,135.6605987548828,4414004,1
2023.01.17 14:30,135.6649932861328,136.0800018310547,135.60000610351562,135.7050018310547,135.7050018310547,4807866,1
2023.01.17 15:30,135.69500732421875,136.0,135.61000061035156,135.9499969482422,135.9499969482422,6239495,1
2023.01.18 9:30,136.81500244140625,138.61000061035156,136.67999267578125,137.98190307617188,137.98190307617188,19196155,0
2023.01.18 10:30,137.99000549316406,138.0,136.39999389648438,136.67999267578125,136.67999267578125,9464466,0
2023.01.18 11:30,136.67999267578125,136.72999572753906,135.44000244140625,135.58299255371094,135.58299255371094,7842650,1
2023.01.18 12:30,135.5800018310547,135.9600067138672,135.3300018310547,135.72000122070312,135.72000122070312,5350022,1
2023.01.18 13:30,135.72999572753906,136.27000427246094,135.3800048828125,136.07000732421875,136.07000732421875,5633754,0
2023.01.18 14:30,136.05999755859375,136.16000366210938,135.63999938964844,135.76150512695312,135.76150512695312,5789557,0
2023.01.18 15:30,135.75999450683594,135.82000732421875,135.02999877929688,135.2100067138672,135.2100067138672,6130226,0
2023.01.19 9:30,134.0800018310547,135.3249969482422,133.86000061035156,134.4499969482422,134.4499969482422,13589396,1
2023.01.19 10:30,134.47000122070312,135.38999938964844,133.77000427246094,134.49000549316406,134.49000549316406,8837583,0
2023.01.19 11:30,134.47999572753906,134.8300018310547,134.19000244140625,134.44090270996094,134.44090270996094,5275168,1
2023.01.19 12:30,134.44180297851562,135.11000061035156,134.27000427246094,134.75,134.75,4548508,1
2023.01.19 13:30,134.75999450683594,136.0500030517578,134.75999450683594,135.88499450683594,135.88499450683594,6027420,0
2023.01.19 14:30,135.8800048828125,136.25,135.50999450683594,135.70970153808594,135.70970153808594,6417867,0
2023.01.19 15:30,135.7100067138672,135.8300018310547,135.10000610351562,135.3000030517578,135.3000030517578,5918984,0
2023.01.20 9:30,134.8300018310547,135.1999969482422,134.22000122070312,135.0500030517578,135.0500030517578,18833398,1
2023.01.20 10:30,135.05999755859375,135.57000732421875,134.9499969482422,135.5399932861328,135.5399932861328,8038396,1
2023.01.20 11:30,135.5399932861328,135.75999450683594,135.0399932861328,135.64500427246094,135.64500427246094,5886939,1
2023.01.20 12:30,135.64210510253906,136.05999755859375,135.3800048828125,135.69000244140625,135.69000244140625,5560274,1
2023.01.20 13:30,135.6999969482422,136.99000549316406,135.69500732421875,136.94500732421875,136.94500732421875,6970362,1
2023.01.20 14:30,136.94500732421875,137.88999938964844,136.88999938964844,137.47500610351562,137.47500610351562,8217897,1
2023.01.20 15:30,137.47999572753906,138.02000427246094,137.26060485839844,137.83999633789062,137.83999633789062,9878805,1
2023.01.23 9:30,138.1199951171875,140.63999938964844,137.89999389648438,140.46749877929688,140.46749877929688,17129317,1
2023.01.23 10:30,140.46499633789062,142.8000030517578,140.46499633789062,142.33999633789062,142.33999633789062,14450008,1
2023.01.23 11:30,142.33999633789062,143.31500244140625,142.16000366210938,142.45249938964844,142.45249938964844,10812509,0
2023.01.23 12:30,142.4600067138672,142.52000427246094,141.94000244140625,142.27000427246094,142.27000427246094,7576774,0
2023.01.23 13:30,142.27000427246094,142.3300018310547,141.50999450683594,141.75999450683594,141.75999450683594,7150685,0
2023.01.23 14:30,141.77999877929688,141.9499969482422,140.36000061035156,140.5850067138672,140.5850067138672,9852935,1
2023.01.23 15:30,140.58999633789062,141.25999450683594,140.39999389648438,141.11000061035156,141.11000061035156,7326406,1
2023.01.24 9:30,140.30499267578125,142.27000427246094,140.3000030517578,141.91000366210938,141.91000366210938,19350978,1
2023.01.24 10:30,141.90499877929688,142.47000122070312,141.28570556640625,142.45350646972656,142.45350646972656,7750958,1
2023.01.24 11:30,142.4600067138672,142.8699951171875,141.80999755859375,142.7050018310547,142.7050018310547,8321002,1
2023.01.24 12:30,142.6999969482422,142.9199981689453,142.04800415039062,142.91000366210938,142.91000366210938,5147459,0
2023.01.24 13:30,142.9199981689453,143.16000366210938,142.1999969482422,142.6634979248047,142.6634979248047,6493802,0
2023.01.24 14:30,142.66009521484375,142.8000030517578,142.19000244140625,142.42019653320312,142.42019653320312,5266527,1
2023.01.24 15:30,142.42999267578125,142.72000122070312,141.90499877929688,142.52999877929688,142.52999877929688,6031661,0
2023.01.25 9:30,140.0,140.8000030517578,139.4600067138672,139.82000732421875,139.82000732421875,17164855,1
2023.01.25 10:30,139.8300018310547,140.42999267578125,138.80999755859375,140.10000610351562,140.10000610351562,10423253,1
2023.01.25 11:30,140.10000610351562,140.83999633789062,139.89999389648438,140.22000122070312,140.22000122070312,7037671,1
2023.01.25 12:30,140.22999572753906,141.1199951171875,140.14999389648438,141.07989501953125,141.07989501953125,4471550,1
2023.01.25 13:30,141.0800018310547,141.97000122070312,140.85000610351562,141.60000610351562,141.60000610351562,6263579,1
2023.01.25 14:30,141.60000610351562,142.42999267578125,141.3699951171875,141.8300018310547,141.8300018310547,8008251,1
2023.01.25 15:30,141.8354034423828,141.9499969482422,141.27499389648438,141.85000610351562,141.85000610351562,5601835,1
2023.01.26 9:30,143.1699981689453,144.25,142.6699981689453,143.52499389648438,143.52499389648438,14281273,0
2023.01.26 10:30,143.52499389648438,143.64999389648438,141.89999389648438,142.36000061035156,142.36000061035156,6984718,1
2023.01.26 11:30,142.35000610351562,143.27000427246094,142.19000244140625,142.8699951171875,142.8699951171875,4829127,0
2023.01.26 12:30,142.86000061035156,143.0800018310547,142.49000549316406,142.86000061035156,142.86000061035156,3765959,1
2023.01.26 13:30,142.8699951171875,143.83250427246094,142.8699951171875,143.5301055908203,143.5301055908203,5382072,0
2023.01.26 14:30,143.53500366210938,143.75999450683594,143.25,143.52000427246094,143.52000427246094,4884505,1
2023.01.26 15:30,143.51499938964844,144.0399932861328,143.32000732421875,143.94000244140625,143.94000244140625,6619001,1
2023.01.27 9:30,143.15499877929688,145.5,143.0800018310547,145.42999267578125,145.42999267578125,14582887,0
2023.01.27 10:30,145.42999267578125,145.52499389648438,144.3800048828125,145.25,145.25,8296505,1
2023.01.27 11:30,145.25999450683594,146.88999938964844,145.1699981689453,146.36219787597656,146.36219787597656,8921295,0
2023.01.27 12:30,146.3778076171875,146.8249969482422,145.99000549316406,146.18499755859375,146.18499755859375,5256673,1
2023.01.27 13:30,146.1999969482422,146.9499969482422,146.16000366210938,146.77149963378906,146.77149963378906,7702095,1
2023.01.27 14:30,146.77999877929688,147.16000366210938,146.50999450683594,146.9600067138672,146.9600067138672,8446803,0
2023.01.27 15:30,146.9499969482422,147.22999572753906,145.8000030517578,145.97000122070312,145.97000122070312,8420616,0
2023.01.30 9:30,144.9550018310547,145.5500030517578,143.85000610351562,144.19000244140625,144.19000244140625,13901478,0
2023.01.30 10:30,144.19000244140625,144.32000732421875,143.3699951171875,143.8800048828125,143.8800048828125,7590500,0
2023.01.30 11:30,143.8699951171875,144.25999450683594,143.14999389648438,143.6750030517578,143.6750030517578,5936729,0
2023.01.30 12:30,143.6750030517578,143.82000732421875,143.1699981689453,143.497802734375,143.497802734375,5194773,0
2023.01.30 13:30,143.49000549316406,143.58990478515625,143.00999450683594,143.14999389648438,143.14999389648438,5611784,0
2023.01.30 14:30,143.15499877929688,143.51699829101562,142.88099670410156,143.05499267578125,143.05499267578125,7635052,0
2023.01.30 15:30,143.05999755859375,143.52000427246094,142.85000610351562,143.00999450683594,143.00999450683594,7361646,1
2023.01.31 9:30,142.6999969482422,143.75,142.27999877929688,143.1699981689453,143.1699981689453,13897777,1
2023.01.31 10:30,143.19000244140625,143.58999633789062,142.8000030517578,143.52499389648438,143.52499389648438,6094808,1
2023.01.31 11:30,143.53500366210938,143.63999938964844,142.97999572753906,143.53500366210938,143.53500366210938,4771951,0
2023.01.31 12:30,143.52000427246094,143.66000366210938,143.16000366210938,143.4149932861328,143.4149932861328,3376057,1
2023.01.31 13:30,143.4199981689453,143.91000366210938,143.29989624023438,143.8249969482422,143.8249969482422,3694091,0
2023.01.31 14:30,143.8300018310547,144.0399932861328,143.25999450683594,143.30499267578125,143.30499267578125,5273359,1
2023.01.31 15:30,143.3000030517578,144.33999633789062,143.1199951171875,144.2899932861328,144.2899932861328,8519107,0
2023.02.01 9:30,143.86000061035156,143.8699951171875,142.58999633789062,142.9600067138672,142.9600067138672,11912462,0
2023.02.01 10:30,142.97000122070312,143.27499389648438,142.3300018310547,142.91000366210938,142.91000366210938,7542626,0
2023.02.01 11:30,142.91000366210938,143.0050048828125,141.72000122070312,141.9600067138672,141.9600067138672,6492856,1
2023.02.01 12:30,141.9517059326172,142.27000427246094,141.83999633789062,142.00999450683594,142.00999450683594,4542380,1
2023.02.01 13:30,142.02000427246094,143.19000244140625,141.52000427246094,142.38999938964844,142.38999938964844,7713862,1
2023.02.01 14:30,142.38999938964844,145.60000610351562,141.32000732421875,145.52999877929688,145.52999877929688,17228593,0
2023.02.01 15:30,145.53500366210938,146.61000061035156,145.1300048828125,145.4600067138672,145.4600067138672,11475417,1
2023.02.02 9:30,149.3125,149.50999450683594,148.1699981689453,148.97000122070312,148.97000122070312,20864893,1
2023.02.02 10:30,148.97999572753906,150.5,148.94000244140625,150.03399658203125,150.03399658203125,18836671,0
2023.02.02 11:30,150.0399932861328,150.44000244140625,149.42999267578125,149.9156036376953,149.9156036376953,8783555,1
2023.02.02 12:30,149.9199981689453,150.30499267578125,149.6300048828125,149.9499969482422,149.9499969482422,7965694,1
2023.02.02 13:30,149.9499969482422,151.17999267578125,149.91270446777344,150.22999572753906,150.22999572753906,9743731,0
2023.02.02 14:30,150.22999572753906,150.30999755859375,148.72000122070312,149.59500122070312,149.59500122070312,12655171,1
2023.02.02 15:30,149.59500122070312,150.9199981689453,149.4600067138672,150.91000366210938,150.91000366210938,11000533,1
2023.02.03 9:30,149.25,156.77000427246094,148.99000549316406,156.22000122070312,156.22000122070312,54883974,1
2023.02.03 10:30,156.22500610351562,157.3800048828125,155.30499267578125,156.49209594726562,156.49209594726562,24235107,0
2023.02.03 11:30,156.5,157.1999969482422,155.49000549316406,156.27999877929688,156.27999877929688,15694873,0
2023.02.03 12:30,156.2899932861328,156.41000366210938,154.26499938964844,155.05999755859375,155.05999755859375,11647019,1
2023.02.03 13:30,155.02999877929688,155.83999633789062,154.38999938964844,155.17999267578125,155.17999267578125,11586022,0
2023.02.03 14:30,155.17709350585938,155.69000244140625,154.08999633789062,154.90499877929688,154.90499877929688,11381156,0
2023.02.03 15:30,154.89999389648438,155.14999389648438,154.3000030517578,154.5,154.5,9470588,0
2023.02.06 9:30,152.7032012939453,153.10000610351562,151.33990478515625,151.3699951171875,151.3699951171875,20867801,1
2023.02.06 10:30,151.3800048828125,153.05999755859375,150.89999389648438,152.89010620117188,152.89010620117188,9330799,0
2023.02.06 11:30,152.89999389648438,153.10000610351562,151.80999755859375,152.2100067138672,152.2100067138672,5735783,0
2023.02.06 12:30,152.20050048828125,152.7899932861328,151.8000030517578,151.80999755859375,151.80999755859375,5495889,1
2023.02.06 13:30,151.81500244140625,152.52000427246094,151.5850067138672,152.36000061035156,152.36000061035156,5410941,0
2023.02.06 14:30,152.36000061035156,152.3699951171875,150.97500610351562,150.99000549316406,150.99000549316406,6877993,1
2023.02.06 15:30,150.99000549316406,151.8800048828125,150.77999877929688,151.67999267578125,151.67999267578125,6625473,1
2023.02.07 9:30,150.63999938964844,152.9250030517578,150.63999938964844,152.13839721679688,152.13839721679688,17771975,1
2023.02.07 10:30,152.135498046875,153.36500549316406,152.10009765625,153.18739318847656,153.18739318847656,8491407,0
2023.02.07 11:30,153.19000244140625,153.5998992919922,152.52000427246094,152.6300048828125,152.6300048828125,4700526,1
2023.02.07 12:30,152.6300048828125,155.22999572753906,152.3800048828125,152.8800048828125,152.8800048828125,12540851,1
2023.02.07 13:30,152.8800048828125,153.92999267578125,151.36000061035156,153.64999389648438,153.64999389648438,10254069,1
2023.02.07 14:30,153.67999267578125,154.5800018310547,153.42999267578125,154.2998046875,154.2998046875,7891728,1
2023.02.07 15:30,154.29490661621094,155.22000122070312,154.07000732421875,154.63999938964844,154.63999938964844,9987136,0
2023.02.08 9:30,153.8800048828125,154.5800018310547,152.76010131835938,152.9600067138672,152.9600067138672,13451943,0
2023.02.08 10:30,152.9499969482422,153.4501953125,151.7100067138672,152.0449981689453,152.0449981689453,9540908,0
2023.02.08 11:30,152.0399932861328,152.30999755859375,151.4600067138672,152.02999877929688,152.02999877929688,7178370,0
2023.02.08 12:30,152.03500366210938,152.13999938964844,151.16799926757812,151.66000366210938,151.66000366210938,5053884,1
2023.02.08 13:30,151.66000366210938,152.30999755859375,151.22000122070312,151.9199981689453,151.9199981689453,4939326,0
2023.02.08 14:30,151.92160034179688,152.3000030517578,151.56500244140625,151.63999938964844,151.63999938964844,5550754,1
2023.02.08 15:30,151.63999938964844,152.16000366210938,151.49000549316406,151.97000122070312,151.97000122070312,7809358,1
2023.02.09 9:30,153.77499389648438,154.3300018310547,152.64999389648438,152.82000732421875,152.82000732421875,12097075,1
2023.02.09 10:30,152.82009887695312,153.49000549316406,152.60000610351562,152.8699951171875,152.8699951171875,7669585,1
2023.02.09 11:30,152.889892578125,153.61000061035156,152.72999572753906,153.11000061035156,153.11000061035156,5297646,0
2023.02.09 12:30,153.1125946044922,153.17999267578125,152.10000610351562,152.44000244140625,152.44000244140625,5059737,0
2023.02.09 13:30,152.46400451660156,152.75999450683594,151.86000061035156,151.9600067138672,151.9600067138672,4075026,0
2023.02.09 14:30,151.9499969482422,152.19000244140625,150.88999938964844,150.97000122070312,150.97000122070312,5347497,0
2023.02.09 15:30,150.9600067138672,151.47999572753906,150.4199981689453,150.8800048828125,150.8800048828125,6910407,0
2023.02.10 9:30,149.4600067138672,151.34010314941406,149.22000122070312,150.77999877929688,150.77999877929688,13142989,0
2023.02.10 10:30,150.77999877929688,150.91000366210938,150.0,150.285400390625,150.285400390625,6544760,0
2023.02.10 11:30,150.3000030517578,150.3498992919922,149.42999267578125,149.76300048828125,149.76300048828125,5297795,1
2023.02.10 12:30,149.75999450683594,151.11500549316406,149.6999969482422,150.75999450683594,150.75999450683594,4795662,0
2023.02.10 13:30,150.77000427246094,150.82240295410156,150.22999572753906,150.23500061035156,150.23500061035156,4697046,1
2023.02.10 14:30,150.24000549316406,150.82000732421875,150.01010131835938,150.47000122070312,150.47000122070312,10144994,1
2023.02.10 15:30,150.47000122070312,151.15499877929688,150.4600067138672,151.02000427246094,151.02000427246094,5473908,1
2023.02.13 9:30,150.95199584960938,152.5800018310547,150.9199981689453,152.42999267578125,152.42999267578125,10399473,1
2023.02.13 10:30,152.36000061035156,153.2100067138672,152.00999450683594,153.14500427246094,153.14500427246094,8021968,1
2023.02.13 11:30,153.14230346679688,154.25999450683594,152.96780395507812,154.0699005126953,154.0699005126953,7625166,0
2023.02.13 12:30,154.07000732421875,154.25230407714844,153.47000122070312,153.9600067138672,153.9600067138672,7099146,0
2023.02.13 13:30,153.96499633789062,154.1699981689453,153.3000030517578,153.3800048828125,153.3800048828125,4465162,1
2023.02.13 14:30,153.3800048828125,153.63999938964844,152.75999450683594,153.63150024414062,153.63150024414062,6576720,1
2023.02.13 15:30,153.6302032470703,153.97999572753906,153.4499969482422,153.83999633789062,153.83999633789062,7284051,0
2023.02.14 9:30,151.375,153.77000427246094,151.0,152.94000244140625,152.94000244140625,16759731,0
2023.02.14 10:30,152.94000244140625,153.0800018310547,150.86000061035156,151.5417938232422,151.5417938232422,9556671,1
2023.02.14 11:30,151.5500030517578,152.22999572753906,151.0399932861328,151.889892578125,151.889892578125,6071721,1
2023.02.14 12:30,151.8852996826172,153.22000122070312,151.75,152.75,152.75,5258398,1
2023.02.14 13:30,152.77000427246094,153.3000030517578,152.42999267578125,153.13499450683594,153.13499450683594,4533964,1
2023.02.14 14:30,153.1300048828125,153.57000732421875,152.9499053955078,153.2696075439453,153.2696075439453,4288542,0
2023.02.14 15:30,153.26499938964844,153.72999572753906,153.13999938964844,153.16000366210938,153.16000366210938,5069230,1
2023.02.15 9:30,153.11000061035156,154.52000427246094,152.8800048828125,153.72000122070312,153.72000122070312,17518299,1
2023.02.15 10:30,153.72999572753906,154.7100067138672,153.57000732421875,154.64500427246094,154.64500427246094,7944390,1
2023.02.15 11:30,154.64500427246094,155.5,154.36000061035156,154.64999389648438,154.64999389648438,8318793,0
2023.02.15 12:30,154.65020751953125,154.97999572753906,153.5,154.375,154.375,9116165,1
2023.02.15 13:30,154.3800048828125,155.32550048828125,154.14999389648438,155.2321014404297,155.2321014404297,6005631,0
2023.02.15 14:30,155.24000549316406,155.47000122070312,154.72169494628906,154.8498992919922,154.8498992919922,5836076,1
2023.02.15 15:30,154.85000610351562,155.3800048828125,154.6699981689453,155.36000061035156,155.36000061035156,5077901,0
2023.02.16 9:30,153.50999450683594,154.9250030517578,153.34750366210938,154.75,154.75,14372084,1
2023.02.16 10:30,154.7449951171875,155.4600067138672,154.55999755859375,155.24989318847656,155.24989318847656,7543852,1
2023.02.16 11:30,155.25,155.5,154.75,155.41000366210938,155.41000366210938,5845277,1
2023.02.16 12:30,155.41949462890625,156.19000244140625,155.36000061035156,155.8498992919922,155.8498992919922,6957037,1
2023.02.16 13:30,155.86000061035156,156.24000549316406,155.72000122070312,156.14739990234375,156.14739990234375,4991437,0
2023.02.16 14:30,156.14500427246094,156.3300018310547,154.30999755859375,154.30999755859375,154.30999755859375,7747850,0
2023.02.16 15:30,154.30999755859375,154.39999389648438,153.58999633789062,153.69000244140625,153.69000244140625,8129389,0
2023.02.17 9:30,152.5,153.0,151.5,152.02000427246094,152.02000427246094,14954345,0
2023.02.17 10:30,152.0,152.67999267578125,151.49000549316406,151.6501007080078,151.6501007080078,6446297,1
2023.02.17 11:30,151.66000366210938,152.1699981689453,151.3699951171875,151.7100067138672,151.7100067138672,7663522,0
2023.02.17 12:30,151.7050018310547,151.7949981689453,150.85000610351562,150.99000549316406,150.99000549316406,4674409,1
2023.02.17 13:30,151.0,151.9949951171875,150.85000610351562,151.67999267578125,151.67999267578125,4544771,1
2023.02.17 14:30,151.68299865722656,152.6300048828125,151.68299865722656,152.03500366210938,152.03500366210938,6262859,1
2023.02.17 15:30,152.02499389648438,152.5500030517578,151.96499633789062,152.5399932861328,152.5399932861328,6163775,0
2023.02.21 9:30,150.1999969482422,151.3000030517578,149.64999389648438,149.6907958984375,149.6907958984375,13401333,0
2023.02.21 10:30,149.69000244140625,150.3000030517578,149.4199981689453,149.50999450683594,149.50999450683594,6080759,1
2023.02.21 11:30,149.5050048828125,149.99000549316406,149.36000061035156,149.6824951171875,149.6824951171875,11282822,0
2023.02.21 12:30,149.69000244140625,150.14999389648438,149.30999755859375,149.4600067138672,149.4600067138672,4008993,0
2023.02.21 13:30,149.47000122070312,149.6699981689453,148.86000061035156,148.88499450683594,148.88499450683594,4355696,0
2023.02.21 14:30,148.88499450683594,149.17999267578125,148.40499877929688,148.58999633789062,148.58999633789062,5258657,0
2023.02.21 15:30,148.58999633789062,148.94000244140625,148.41000366210938,148.47999572753906,148.47999572753906,6257434,0
2023.02.22 9:30,149.1529998779297,149.3000030517578,147.17999267578125,147.49000549316406,147.49000549316406,12261014,1
2023.02.22 10:30,147.47999572753906,148.39999389648438,147.16000366210938,147.86000061035156,147.86000061035156,4923309,1
2023.02.22 11:30,147.8800048828125,148.33999633789062,147.69000244140625,148.110107421875,148.110107421875,3430459,1
2023.02.22 12:30,148.1221923828125,149.42999267578125,148.1221923828125,149.375,149.375,5593234,0
2023.02.22 13:30,149.3800048828125,149.9499969482422,148.57000732421875,148.9600067138672,148.9600067138672,6387735,0
2023.02.22 14:30,148.9600067138672,149.08999633789062,148.2100067138672,148.3800048828125,148.3800048828125,5855631,1
2023.02.22 15:30,148.38499450683594,149.00999450683594,148.18499755859375,148.92999267578125,148.92999267578125,4863776,0
2023.02.23 9:30,150.08999633789062,150.33999633789062,148.7200927734375,148.8498992919922,148.8498992919922,11048319,0
2023.02.23 10:30,148.8350067138672,149.03990173339844,147.64999389648438,147.80999755859375,147.80999755859375,6934642,0
2023.02.23 11:30,147.82000732421875,147.99000549316406,147.24000549316406,147.4665985107422,147.4665985107422,5903380,1
2023.02.23 12:30,147.4600067138672,147.8350067138672,147.42999267578125,147.79299926757812,147.79299926757812,3491078,1
2023.02.23 13:30,147.8000030517578,149.27999877929688,147.64999389648438,149.1999969482422,149.1999969482422,4822876,1
2023.02.23 14:30,149.22000122070312,149.86000061035156,149.10499572753906,149.7949981689453,149.7949981689453,5088130,0
2023.02.23 15:30,149.7949981689453,149.92999267578125,149.3300018310547,149.4199981689453,149.4199981689453,4784040,0
2023.02.24 9:30,147.11000061035156,147.19000244140625,146.1199951171875,146.2899932861328,146.2899932861328,13191997,1
2023.02.24 10:30,146.2899932861328,146.5800018310547,145.8699951171875,146.38999938964844,146.38999938964844,7016244,0
2023.02.24 11:30,146.39999389648438,146.89999389648438,146.05999755859375,146.25100708007812,146.25100708007812,4694128,0
2023.02.24 12:30,146.25999450683594,146.43820190429688,145.72019958496094,146.21499633789062,146.21499633789062,4256702,0
2023.02.24 13:30,146.22000122070312,146.3699951171875,145.88999938964844,146.11000061035156,146.11000061035156,4236554,1
2023.02.24 14:30,146.1199951171875,146.69000244140625,145.77000427246094,146.1199951171875,146.1199951171875,5418948,1
2023.02.24 15:30,146.11500549316406,146.8000030517578,145.80499267578125,146.7100067138672,146.7100067138672,7118032,1
2023.02.27 9:30,147.7100067138672,149.1699981689453,147.6999969482422,148.7100067138672,148.7100067138672,10241803,0
2023.02.27 10:30,148.72000122070312,148.75900268554688,147.57009887695312,147.8498992919922,147.8498992919922,6487458,1
2023.02.27 11:30,147.85000610351562,148.16000366210938,147.4499969482422,148.10000610351562,148.10000610351562,4242081,1
2023.02.27 12:30,148.10000610351562,148.64999389648438,147.95700073242188,148.4550018310547,148.4550018310547,3829430,0
2023.02.27 13:30,148.47000122070312,148.79010009765625,148.0500946044922,148.41000366210938,148.41000366210938,4292739,0
2023.02.27 14:30,148.40499877929688,148.58999633789062,147.85499572753906,148.1501007080078,148.1501007080078,3966879,0
2023.02.27 15:30,148.15890502929688,148.1699981689453,147.6999969482422,147.9199981689453,147.9199981689453,4927027,0
2023.02.28 9:30,147.0500030517578,148.0,146.8300018310547,147.25999450683594,147.25999450683594,9811555,1
2023.02.28 10:30,147.26499938964844,148.17999267578125,147.0800018310547,147.9199981689453,147.9199981689453,4745552,1
2023.02.28 11:30,147.91000366210938,148.41000366210938,147.6199951171875,148.3159942626953,148.3159942626953,3345779,1
2023.02.28 12:30,148.32000732421875,148.97000122070312,148.2100067138672,148.9600067138672,148.9600067138672,3807007,0
2023.02.28 13:30,148.95750427246094,149.0800018310547,148.52999877929688,148.6199951171875,148.6199951171875,3495507,0
2023.02.28 14:30,148.6199951171875,148.75999450683594,148.00999450683594,148.07000732421875,148.07000732421875,4017257,0
2023.02.28 15:30,148.0800018310547,148.1199951171875,147.3699951171875,147.39999389648438,147.39999389648438,6697301,0
2023.03.01 9:30,146.89500427246094,147.22850036621094,145.49000549316406,145.6699981689453,145.6699981689453,11988279,1
2023.03.01 10:30,145.66000366210938,146.77000427246094,145.41000366210938,145.9499969482422,145.9499969482422,8160193,1
2023.03.01 11:30,145.9550018310547,146.8800048828125,145.74000549316406,146.4199981689453,146.4199981689453,4800965,0
2023.03.01 12:30,146.42999267578125,146.61000061035156,145.9499969482422,145.97000122070312,145.97000122070312,3283961,0
2023.03.01 13:30,145.97000122070312,146.01499938964844,145.35000610351562,145.36000061035156,145.36000061035156,3845998,0
2023.03.01 14:30,145.3699951171875,145.68600463867188,145.17999267578125,145.22500610351562,145.22500610351562,5940132,1
2023.03.01 15:30,145.22500610351562,145.67999267578125,145.00999450683594,145.32000732421875,145.32000732421875,7316984,0
2023.03.02 9:30,144.3800048828125,144.7899932861328,143.89999389648438,144.5500030517578,144.5500030517578,11433306,0
2023.03.02 10:30,144.55999755859375,144.73150634765625,144.1300048828125,144.2100067138672,144.2100067138672,5188570,1
2023.03.02 11:30,144.1999969482422,144.61839294433594,143.97140502929688,144.36000061035156,144.36000061035156,3840456,1
2023.03.02 12:30,144.36000061035156,144.66000366210938,144.22149658203125,144.55999755859375,144.55999755859375,3689055,1
2023.03.02 13:30,144.5500030517578,145.99000549316406,144.5399932861328,145.8740997314453,145.8740997314453,6814616,1
2023.03.02 14:30,145.8800048828125,146.30999755859375,145.564697265625,146.19419860839844,146.19419860839844,5203158,0
2023.03.02 15:30,146.19000244140625,146.7100067138672,145.72999572753906,145.9199981689453,145.9199981689453,6892951,1
2023.03.03 9:30,147.62989807128906,150.16000366210938,147.4499969482422,150.14999389648438,150.14999389648438,18325087,0
2023.03.03 10:30,150.13999938964844,150.1699981689453,149.375,149.57000732421875,149.57000732421875,7392346,1
2023.03.03 11:30,149.5749969482422,150.02999877929688,149.25999450683594,149.91419982910156,149.91419982910156,6663071,1
2023.03.03 12:30,149.9149932861328,150.32000732421875,149.60009765625,150.1013946533203,150.1013946533203,6588836,1
2023.03.03 13:30,150.10499572753906,150.80999755859375,149.91000366210938,150.75999450683594,150.75999450683594,5696300,1
2023.03.03 14:30,150.75999450683594,150.97000122070312,150.6201934814453,150.9199981689453,150.9199981689453,6227515,1
2023.03.03 15:30,150.91000366210938,151.11000061035156,150.52999877929688,151.10000610351562,151.10000610351562,7447622,1
2023.03.06 9:30,153.78500366210938,155.25,153.4600067138672,155.02999877929688,155.02999877929688,24176158,1
2023.03.06 10:30,155.031005859375,156.07000732421875,154.75999450683594,155.39999389648438,155.39999389648438,14445246,1
2023.03.06 11:30,155.39500427246094,156.3000030517578,155.31350708007812,155.90499877929688,155.90499877929688,9117520,0
2023.03.06 12:30,155.9001007080078,155.9001007080078,154.8415069580078,155.10989379882812,155.10989379882812,9004771,0
2023.03.06 13:30,155.10000610351562,155.17999267578125,154.00999450683594,154.27000427246094,154.27000427246094,8207483,0
2023.03.06 14:30,154.25999450683594,154.5,153.8000030517578,153.94000244140625,153.94000244140625,8073065,0
2023.03.06 15:30,153.9499969482422,154.19000244140625,153.6999969482422,153.8699951171875,153.8699951171875,6458258,0
2023.03.07 9:30,153.6999969482422,154.0299072265625,151.77999877929688,152.44500732421875,152.44500732421875,13856837,0
2023.03.07 10:30,152.4510040283203,153.6300048828125,152.0800018310547,152.2550048828125,152.2550048828125,8148638,1
2023.03.07 11:30,152.25,153.08990478515625,151.8000030517578,152.64990234375,152.64990234375,7494087,0
2023.03.07 12:30,152.6490936279297,152.72999572753906,152.10000610351562,152.49169921875,152.49169921875,4502109,0
2023.03.07 13:30,152.48170471191406,152.69000244140625,151.4622039794922,151.4989013671875,151.4989013671875,5383014,0
2023.03.07 14:30,151.49000549316406,151.6649932861328,151.1300048828125,151.19000244140625,151.19000244140625,5085163,1
2023.03.07 15:30,151.18499755859375,151.77000427246094,151.16000366210938,151.5800018310547,151.5800018310547,5417717,1
2023.03.08 9:30,152.80999755859375,153.10000610351562,151.8300018310547,152.6392059326172,152.6392059326172,12650535,0
2023.03.08 10:30,152.63999938964844,153.2100067138672,152.3300018310547,152.58999633789062,152.58999633789062,5894074,1
2023.03.08 11:30,152.60000610351562,153.47000122070312,152.35000610351562,152.75,152.75,5428318,0
2023.03.08 12:30,152.72999572753906,153.05499267578125,152.25,152.3350067138672,152.3350067138672,4530420,1
2023.03.08 13:30,152.33999633789062,152.80999755859375,152.0500030517578,152.8000030517578,152.8000030517578,3976027,0
2023.03.08 14:30,152.7906036376953,152.98959350585938,152.07000732421875,152.24000549316406,152.24000549316406,4687956,1
2023.03.08 15:30,152.25,153.25999450683594,152.2100067138672,152.88999938964844,152.88999938964844,5494277,1
2023.03.09 9:30,153.5590057373047,154.53500366210938,152.9488067626953,153.9853057861328,153.9853057861328,11083107,1
2023.03.09 10:30,154.0,154.5,153.85000610351562,154.09500122070312,154.09500122070312,5840997,1
2023.03.09 11:30,154.10000610351562,154.4512939453125,153.5688934326172,154.1302032470703,154.1302032470703,4590630,0
2023.03.09 12:30,154.13999938964844,154.19500732421875,152.52000427246094,152.64739990234375,152.64739990234375,5143486,0
2023.03.09 13:30,152.63999938964844,152.63999938964844,151.50999450683594,151.6291046142578,151.6291046142578,6196535,0
2023.03.09 14:30,151.63499450683594,151.89999389648438,150.22500610351562,150.4300994873047,150.4300994873047,7095795,1
2023.03.09 15:30,150.4582977294922,151.17990112304688,150.27999877929688,150.5500030517578,150.5500030517578,6866717,0
2023.03.10 9:30,150.25,150.49000549316406,148.88999938964844,149.4532012939453,149.4532012939453,14801756,1
2023.03.10 10:30,149.46499633789062,150.6199951171875,149.1699981689453,150.44000244140625,150.44000244140625,8235266,0
2023.03.10 11:30,150.44000244140625,150.94000244140625,149.0399932861328,149.4199981689453,149.4199981689453,6395381,0
2023.03.10 12:30,149.4199981689453,150.0,148.19000244140625,148.39999389648438,148.39999389648438,6154939,0
2023.03.10 13:30,148.39999389648438,148.83999633789062,147.83999633789062,147.92999267578125,147.92999267578125,7827750,1
2023.03.10 14:30,147.9199981689453,149.0,147.9199981689453,148.3800048828125,148.3800048828125,8724811,1
2023.03.10 15:30,148.3800048828125,148.66000366210938,147.60960388183594,148.47999572753906,148.47999572753906,7694963,1
2023.03.13 9:30,147.80499267578125,151.47000122070312,147.6999969482422,150.85000610351562,150.85000610351562,19414091,1
2023.03.13 10:30,150.8699951171875,152.66000366210938,150.19000244140625,152.55999755859375,152.55999755859375,14034018,0
2023.03.13 11:30,152.55999755859375,153.13999938964844,151.97999572753906,152.24000549316406,152.24000549316406,10554648,0
2023.03.13 12:30,152.22999572753906,152.5845947265625,150.99000549316406,151.24000549316406,151.24000549316406,7754303,1
2023.03.13 13:30,151.22999572753906,152.5399932861328,150.8800048828125,152.22999572753906,152.22999572753906,7277370,0
2023.03.13 14:30,152.22000122070312,152.6999969482422,150.82000732421875,151.02999877929688,151.02999877929688,8326041,0
2023.03.13 15:30,151.0500030517578,151.6199951171875,150.35000610351562,150.4600067138672,150.4600067138672,7584423,1
2023.03.14 9:30,151.72000122070312,153.02999877929688,151.3800048828125,152.77999877929688,152.77999877929688,13096773,1
2023.03.14 10:30,152.77000427246094,153.32000732421875,152.61000061035156,153.07000732421875,153.07000732421875,6615878,0
2023.03.14 11:30,153.05999755859375,153.39999389648438,152.5012969970703,152.7100067138672,152.7100067138672,5963721,0
2023.03.14 12:30,152.7050018310547,152.90499877929688,151.22999572753906,151.81500244140625,151.81500244140625,8382202,0
2023.03.14 13:30,151.80999755859375,152.16000366210938,150.42999267578125,151.3634033203125,151.3634033203125,9334131,0
2023.03.14 14:30,151.36000061035156,151.63999938964844,150.10000610351562,150.86500549316406,150.86500549316406,7044880,1
2023.03.14 15:30,150.86000061035156,152.80999755859375,150.69000244140625,152.52000427246094,152.52000427246094,9862257,0
2023.03.15 9:30,151.19000244140625,151.8000030517578,150.4600067138672,150.60000610351562,150.60000610351562,15164766,1
2023.03.15 10:30,150.5399932861328,151.2899932861328,149.9199981689453,150.82000732421875,150.82000732421875,9484639,0
2023.03.15 11:30,150.82000732421875,151.84840393066406,150.43499755859375,150.80999755859375,150.80999755859375,7017158,1
2023.03.15 12:30,150.80999755859375,151.66000366210938,150.4492950439453,151.58999633789062,151.58999633789062,5879273,1
2023.03.15 13:30,151.58999633789062,153.08999633789062,151.33999633789062,152.5,152.5,8293601,1
2023.03.15 14:30,152.47999572753906,153.2449951171875,152.24000549316406,152.66000366210938,152.66000366210938,10325055,1
2023.03.15 15:30,152.64999389648438,153.00999450683594,151.6199951171875,152.99000549316406,152.99000549316406,8340050,1
2023.03.16 9:30,152.16000366210938,153.52999877929688,151.63999938964844,153.22999572753906,153.22999572753906,11604691,1
2023.03.16 10:30,153.2100067138672,154.58999633789062,152.83999633789062,154.36000061035156,154.36000061035156,11385991,1
2023.03.16 11:30,154.38670349121094,155.49000549316406,154.0500030517578,154.80999755859375,154.80999755859375,10591266,1
2023.03.16 12:30,154.80999755859375,155.25999450683594,154.36000061035156,155.0,155.0,7843624,1
2023.03.16 13:30,155.0,155.5,154.75,155.476806640625,155.476806640625,5875030,1
2023.03.16 14:30,155.47000122070312,156.4600067138672,155.05999755859375,156.2550048828125,156.2550048828125,9260800,0
2023.03.16 15:30,156.2550048828125,156.32000732421875,155.60000610351562,155.91000366210938,155.91000366210938,9093390,0
2023.03.17 9:30,156.0800018310547,156.74000549316406,154.8800048828125,155.1199951171875,155.1199951171875,30972964,0
2023.03.17 10:30,155.1300048828125,155.5,154.27999877929688,154.6649932861328,154.6649932861328,8460679,1
2023.03.17 11:30,154.67999267578125,155.39999389648438,154.3800048828125,155.22999572753906,155.22999572753906,5681335,1
2023.03.17 12:30,155.24000549316406,155.85000610351562,154.9550018310547,155.55999755859375,155.55999755859375,5547154,0
2023.03.17 13:30,155.5500030517578,156.0299072265625,154.8800048828125,154.97999572753906,154.97999572753906,5076463,1
2023.03.17 14:30,154.97999572753906,155.22000122070312,154.38999938964844,155.1199951171875,155.1199951171875,7384205,0
2023.03.17 15:30,155.11000061035156,155.42999267578125,154.75999450683594,155.0050048828125,155.0050048828125,7054936,1
2023.03.20 9:30,155.24639892578125,155.42999267578125,154.14999389648438,155.34669494628906,155.34669494628906,13652367,1
2023.03.20 10:30,155.3300018310547,156.8800048828125,155.0800018310547,156.83009338378906,156.83009338378906,9976813,0
2023.03.20 11:30,156.8300018310547,156.8800048828125,155.73500061035156,155.9600067138672,155.9600067138672,7070531,1
2023.03.20 12:30,155.9499969482422,157.5500030517578,155.9149932861328,157.41990661621094,157.41990661621094,8434442,1
2023.03.20 13:30,157.41250610351562,157.80499267578125,157.08299255371094,157.5312957763672,157.5312957763672,6977359,0
2023.03.20 14:30,157.53500366210938,157.82000732421875,157.1199951171875,157.3404998779297,157.3404998779297,6896937,1
2023.03.20 15:30,157.3300018310547,157.82000732421875,157.1999969482422,157.4600067138672,157.4600067138672,7352791,0
2023.03.21 9:30,157.32000732421875,158.38999938964844,157.0,157.38499450683594,157.38499450683594,14981632,1
2023.03.21 10:30,157.38499450683594,157.69000244140625,156.5399932861328,157.55999755859375,157.55999755859375,8617572,1
2023.03.21 11:30,157.57000732421875,158.10000610351562,157.0449981689453,157.99000549316406,157.99000549316406,6896404,1
2023.03.21 12:30,157.99000549316406,158.82000732421875,157.64999389648438,158.68499755859375,158.68499755859375,7188415,0
2023.03.21 13:30,158.69000244140625,159.10000610351562,158.3300018310547,158.47500610351562,158.47500610351562,6305694,1
2023.03.21 14:30,158.47999572753906,159.05999755859375,158.41000366210938,158.9149932861328,158.9149932861328,7470334,1
2023.03.21 15:30,158.9199981689453,159.39999389648438,158.7700958251953,159.39999389648438,159.39999389648438,7347690,1
2023.03.22 9:30,159.3000030517578,160.39999389648438,159.1179962158203,160.06419372558594,160.06419372558594,11872282,1
2023.03.22 10:30,160.05999755859375,160.41000366210938,159.88999938964844,160.22000122070312,160.22000122070312,6851002,0
2023.03.22 11:30,160.22000122070312,160.52000427246094,159.6103973388672,159.61500549316406,159.61500549316406,5343144,1
2023.03.22 12:30,159.61500549316406,160.0500030517578,159.47000122070312,160.0399932861328,160.0399932861328,4210593,1
2023.03.22 13:30,160.0500030517578,161.52000427246094,159.9499969482422,161.19000244140625,161.19000244140625,8902691,0
2023.03.22 14:30,161.19500732421875,162.13999938964844,159.02000427246094,160.5561065673828,160.5561065673828,15372506,0
2023.03.22 15:30,160.5399932861328,160.67999267578125,157.80999755859375,157.80999755859375,157.80999755859375,11325259,1
2023.03.23 9:30,158.8300018310547,160.6999969482422,158.72999572753906,160.3699951171875,160.3699951171875,13390625,1
2023.03.23 10:30,160.37869262695312,161.5500946044922,160.1199951171875,160.61000061035156,160.61000061035156,7860417,1
2023.03.23 11:30,160.6199951171875,161.0,160.36000061035156,160.8690948486328,160.8690948486328,7999254,0
2023.03.23 12:30,160.86749267578125,161.02000427246094,159.6199951171875,159.82000732421875,159.82000732421875,5687272,0
2023.03.23 13:30,159.82000732421875,160.27000427246094,158.6750030517578,158.67999267578125,158.67999267578125,5106818,0
2023.03.23 14:30,158.67999267578125,159.5,157.67999267578125,158.36000061035156,158.36000061035156,10771785,1
2023.03.23 15:30,158.35000610351562,159.63999938964844,158.08999633789062,158.88999938964844,158.88999938964844,8035519,1
2023.03.24 9:30,158.86000061035156,159.55999755859375,157.85000610351562,159.02000427246094,159.02000427246094,13919150,0
2023.03.24 10:30,159.02999877929688,159.39999389648438,158.11000061035156,158.2899932861328,158.2899932861328,7847307,1
2023.03.24 11:30,158.2949981689453,159.47000122070312,158.0500030517578,158.39999389648438,158.39999389648438,6354109,1
2023.03.24 12:30,158.39999389648438,159.44000244140625,158.2899932861328,159.3300018310547,159.3300018310547,4832442,1
2023.03.24 13:30,159.32000732421875,159.6699981689453,158.9199981689453,159.55999755859375,159.55999755859375,5226881,1
2023.03.24 14:30,159.56910705566406,160.05999755859375,159.36000061035156,159.83999633789062,159.83999633789062,6036315,1
2023.03.24 15:30,159.84500122070312,160.33999633789062,159.72999572753906,160.25,160.25,5565818,0
2023.03.27 9:30,159.94000244140625,160.77000427246094,159.4499969482422,159.92999267578125,159.92999267578125,12048609,0
2023.03.27 10:30,159.9199981689453,160.0800018310547,159.38999938964844,159.49000549316406,159.49000549316406,5700418,0
2023.03.27 11:30,159.49769592285156,159.55999755859375,158.22000122070312,158.7698974609375,158.7698974609375,5977826,0
2023.03.27 12:30,158.76870727539062,158.8300018310547,157.8699951171875,158.35000610351562,158.35000610351562,4900803,1
2023.03.27 13:30,158.3699951171875,158.83999633789062,158.11000061035156,158.635498046875,158.635498046875,4043390,1
2023.03.27 14:30,158.63999938964844,159.2100067138672,158.63340759277344,158.92999267578125,158.92999267578125,4975454,0
2023.03.27 15:30,158.92999267578125,158.97000122070312,157.97000122070312,158.3000030517578,158.3000030517578,5420026,0
2023.03.28 9:30,157.97000122070312,158.49000549316406,156.5500030517578,157.02499389648438,157.02499389648438,10602770,0
2023.03.28 10:30,157.02999877929688,157.02999877929688,156.0800018310547,156.60000610351562,156.60000610351562,6359762,1
2023.03.28 11:30,156.60000610351562,157.02999877929688,156.5399932861328,156.7760009765625,156.7760009765625,4469906,0
2023.03.28 12:30,156.77999877929688,156.8300018310547,156.3800048828125,156.4550018310547,156.4550018310547,3376398,1
2023.03.28 13:30,156.4499969482422,156.57080078125,155.97999572753906,156.51499938964844,156.51499938964844,4772436,1
2023.03.28 14:30,156.52000427246094,157.17999267578125,156.34500122070312,157.00999450683594,157.00999450683594,4631311,1
2023.03.28 15:30,157.0050048828125,157.72999572753906,156.7949981689453,157.6699981689453,157.6699981689453,5217589,1
2023.03.29 9:30,159.3699951171875,160.3000030517578,159.35000610351562,159.80599975585938,159.80599975585938,12500844,1
2023.03.29 10:30,159.80499267578125,160.0,159.35000610351562,159.8719024658203,159.8719024658203,5313066,1
2023.03.29 11:30,159.8800048828125,160.05999755859375,159.50999450683594,159.92999267578125,159.92999267578125,4204303,1
2023.03.29 12:30,159.92129516601562,160.4600067138672,159.8000030517578,160.4199981689453,160.4199981689453,4571850,0
2023.03.29 13:30,160.42999267578125,160.44000244140625,159.89999389648438,160.19500732421875,160.19500732421875,3991973,1
2023.03.29 14:30,160.1999969482422,160.9199981689453,160.10000610351562,160.8300018310547,160.8300018310547,6295750,0
2023.03.29 15:30,160.82000732421875,161.0500030517578,160.5500030517578,160.77999877929688,160.77999877929688,6140298,1
2023.03.30 9:30,161.52999877929688,162.42999267578125,161.27099609375,162.33999633789062,162.33999633789062,11996383,0
2023.03.30 10:30,162.3350067138672,162.47000122070312,161.97999572753906,162.08999633789062,162.08999633789062,6120263,0
2023.03.30 11:30,162.08999633789062,162.22500610351562,161.89999389648438,162.00599670410156,162.00599670410156,4894361,0
2023.03.30 12:30,162.00999450683594,162.08999633789062,161.6199951171875,161.83999633789062,161.83999633789062,3941896,1
2023.03.30 13:30,161.83999633789062,162.17999267578125,161.35000610351562,162.15420532226562,162.15420532226562,4893782,0
2023.03.30 14:30,162.16000366210938,162.33180236816406,161.86000061035156,162.1300048828125,162.1300048828125,4277487,1
2023.03.30 15:30,162.125,162.3800048828125,161.99000549316406,162.3699951171875,162.3699951171875,4577619,1
2023.03.31 9:30,162.44000244140625,163.08999633789062,161.91000366210938,162.55999755859375,162.55999755859375,10075277,1
2023.03.31 10:30,162.56500244140625,163.1699981689453,162.52000427246094,163.09620666503906,163.09620666503906,5734423,1
2023.03.31 11:30,163.09750366210938,163.89999389648438,162.9199981689453,163.88999938964844,163.88999938964844,4921522,0
2023.03.31 12:30,163.88499450683594,164.0749969482422,163.57000732421875,163.88499450683594,163.88499450683594,6106203,1
2023.03.31 13:30,163.8800048828125,164.1750030517578,163.64999389648438,164.0749969482422,164.0749969482422,4040886,1
2023.03.31 14:30,164.0749969482422,164.94000244140625,164.0,164.8800048828125,164.8800048828125,8018199,0
2023.03.31 15:30,164.8800048828125,165.0,164.125,164.83999633789062,164.83999633789062,12697522,1
2023.04.03 9:30,164.27000427246094,165.88999938964844,164.22000122070312,165.36000061035156,165.36000061035156,13675305,0
2023.04.03 10:30,165.36000061035156,165.6300048828125,164.33999633789062,164.6300048828125,164.6300048828125,6706007,0
2023.04.03 11:30,164.63999938964844,164.78900146484375,164.38999938964844,164.60000610351562,164.60000610351562,3712297,0
2023.04.03 12:30,164.60000610351562,164.8000030517578,164.30999755859375,164.5500030517578,164.5500030517578,5969870,1
2023.04.03 13:30,164.5449981689453,164.9499969482422,164.47999572753906,164.9134979248047,164.9134979248047,3700243,1
2023.04.03 14:30,164.91000366210938,165.8800048828125,164.89999389648438,165.69500732421875,165.69500732421875,6979786,1
2023.04.03 15:30,165.69000244140625,166.2899932861328,165.6750030517578,166.10000610351562,166.10000610351562,7698972,1
2023.04.04 9:30,166.59500122070312,166.83999633789062,165.41799926757812,166.25,166.25,10581474,0
2023.04.04 10:30,166.25999450683594,166.49000549316406,165.75,166.14999389648438,166.14999389648438,5649946,0
2023.04.04 11:30,166.13999938964844,166.4156036376953,165.59010314941406,165.8300018310547,165.8300018310547,5053437,1
2023.04.04 12:30,165.82000732421875,166.22999572753906,165.71499633789062,166.07989501953125,166.07989501953125,3564877,0
2023.04.04 13:30,166.07009887695312,166.2100067138672,165.75999450683594,165.76010131835938,165.76010131835938,3446184,0
2023.04.04 14:30,165.76499938964844,165.89999389648438,165.3300018310547,165.34800720214844,165.34800720214844,4209995,1
2023.04.04 15:30,165.33999633789062,165.66000366210938,165.11000061035156,165.66000366210938,165.66000366210938,4728239,0
2023.04.05 9:30,164.74000549316406,165.0500030517578,163.97999572753906,164.12010192871094,164.12010192871094,11569841,0
2023.04.05 10:30,164.1199951171875,164.1800994873047,163.2100067138672,163.27999877929688,163.27999877929688,6399365,0
2023.04.05 11:30,163.27999877929688,163.52000427246094,162.11000061035156,162.22999572753906,162.22999572753906,6697154,1
2023.04.05 12:30,162.1999969482422,162.97000122070312,161.8000030517578,162.8699951171875,162.8699951171875,5932860,0
2023.04.05 13:30,162.8699951171875,163.11920166015625,162.64999389648438,162.69760131835938,162.69760131835938,4269002,1
2023.04.05 14:30,162.69000244140625,163.39999389648438,162.6699981689453,163.2550048828125,163.2550048828125,4789126,1
2023.04.05 15:30,163.25999450683594,163.9499969482422,163.2100067138672,163.75,163.75,5867999,0
2023.04.06 9:30,162.42999267578125,163.3300018310547,162.0,163.32000732421875,163.32000732421875,10141310,1
2023.04.06 10:30,163.31680297851562,164.3699951171875,163.10000610351562,164.23179626464844,164.23179626464844,6580732,1
2023.04.06 11:30,164.24000549316406,164.95840454101562,164.00999450683594,164.5800018310547,164.5800018310547,5322915,0
2023.04.06 12:30,164.5800018310547,164.8699951171875,164.3000030517578,164.33999633789062,164.33999633789062,3647754,1
2023.04.06 13:30,164.33999633789062,164.8699951171875,164.33999633789062,164.80999755859375,164.80999755859375,3602132,0
2023.04.06 14:30,164.80999755859375,164.94000244140625,164.47000122070312,164.51499938964844,164.51499938964844,3861450,1
2023.04.06 15:30,164.52000427246094,164.75990295410156,164.32000732421875,164.64999389648438,164.64999389648438,4488051,0
2023.04.10 9:30,161.4199981689453,162.0,160.0800018310547,160.15499877929688,160.15499877929688,15225797,1
2023.04.10 10:30,160.16000366210938,161.39999389648438,160.14500427246094,161.13499450683594,161.13499450683594,6669628,0
2023.04.10 11:30,161.1407928466797,161.61000061035156,160.60000610351562,160.82080078125,160.82080078125,4330948,1
2023.04.10 12:30,160.8300018310547,161.61309814453125,160.82000732421875,161.5699005126953,161.5699005126953,4302297,1
2023.04.10 13:30,161.57000732421875,161.83999633789062,161.30999755859375,161.71499633789062,161.71499633789062,3461730,0
2023.04.10 14:30,161.72000122070312,161.7989959716797,161.42999267578125,161.58920288085938,161.58920288085938,3666530,1
2023.04.10 15:30,161.58999633789062,162.02999877929688,161.5500030517578,162.02999877929688,162.02999877929688,4775505,0
2023.04.11 9:30,162.0,162.1199951171875,160.55999755859375,161.14999389648438,161.14999389648438,11628279,0
2023.04.11 10:30,161.16000366210938,161.1999969482422,160.58999633789062,160.90989685058594,160.90989685058594,6083197,1
2023.04.11 11:30,160.89999389648438,161.2301025390625,160.50999450683594,161.11990356445312,161.11990356445312,4322884,1
2023.04.11 12:30,161.1199951171875,161.52000427246094,160.83999633789062,161.4116973876953,161.4116973876953,4141413,1
2023.04.11 13:30,161.4156036376953,161.8300018310547,161.30999755859375,161.710693359375,161.710693359375,4299346,0
2023.04.11 14:30,161.7100067138672,161.80999755859375,161.27830505371094,161.3300018310547,161.3300018310547,3765072,0
2023.04.11 15:30,161.3300018310547,161.38499450683594,160.5500030517578,160.8000030517578,160.8000030517578,6308637,1
2023.04.12 9:30,161.22000122070312,162.05999755859375,160.49000549316406,161.9149932861328,161.9149932861328,12008831,0
2023.04.12 10:30,161.9199981689453,162.0500030517578,160.26499938964844,160.9600067138672,160.9600067138672,6593856,1
2023.04.12 11:30,160.9499969482422,161.72000122070312,160.80999755859375,161.47999572753906,161.47999572753906,4709788,1
2023.04.12 12:30,161.47999572753906,161.80189514160156,161.2707061767578,161.52999877929688,161.52999877929688,3538109,0
2023.04.12 13:30,161.5399932861328,161.74000549316406,160.77000427246094,160.91000366210938,160.91000366210938,4032320,0
2023.04.12 14:30,160.91000366210938,160.97999572753906,159.77999877929688,159.85000610351562,159.85000610351562,6326656,1
2023.04.12 15:30,159.84500122070312,160.3459930419922,159.77999877929688,160.11000061035156,160.11000061035156,6026074,1
2023.04.13 9:30,161.6300048828125,163.5800018310547,161.4199981689453,163.43780517578125,163.43780517578125,15143920,0
2023.04.13 10:30,163.44000244140625,163.67999267578125,163.11000061035156,163.42999267578125,163.42999267578125,5808095,1
2023.04.13 11:30,163.42999267578125,163.99000549316406,163.30999755859375,163.9499053955078,163.9499053955078,5060795,1
2023.04.13 12:30,163.9449005126953,164.42999267578125,163.88999938964844,164.4250030517578,164.4250030517578,6469241,1
2023.04.13 13:30,164.42999267578125,165.3800048828125,164.42999267578125,165.19000244140625,165.19000244140625,7870488,1
2023.04.13 14:30,165.19000244140625,165.5800018310547,164.9499969482422,165.47000122070312,165.47000122070312,6680634,1
2023.04.13 15:30,165.47000122070312,165.8000030517578,165.2200927734375,165.58999633789062,165.58999633789062,9225390,0
2023.04.14 9:30,164.58999633789062,166.32000732421875,164.52000427246094,164.97000122070312,164.97000122070312,14134119,1
2023.04.14 10:30,164.99000549316406,165.4799041748047,164.5749969482422,165.02810668945312,165.02810668945312,5369066,0
2023.04.14 11:30,165.02999877929688,165.10499572753906,164.32000732421875,164.42999267578125,164.42999267578125,3895128,0
2023.04.14 12:30,164.4199981689453,164.60000610351562,163.82000732421875,164.28500366210938,164.28500366210938,4287182,1
2023.04.14 13:30,164.28500366210938,164.99000549316406,164.0,164.9600067138672,164.9600067138672,4127390,0
2023.04.14 14:30,164.96499633789062,165.57000732421875,164.39999389648438,164.93499755859375,164.93499755859375,5419636,1
2023.04.14 15:30,164.94000244140625,165.27999877929688,164.8300018310547,165.22999572753906,165.22999572753906,4814166,0
2023.04.17 9:30,165.08999633789062,165.38999938964844,164.02999877929688,164.50999450683594,164.50999450683594,12067415,1
2023.04.17 10:30,164.51499938964844,164.9499969482422,164.07449340820312,164.58999633789062,164.58999633789062,4924943,0
2023.04.17 11:30,164.57000732421875,164.61000061035156,164.0500030517578,164.24009704589844,164.24009704589844,4002080,1
2023.04.17 12:30,164.25,164.75,164.14500427246094,164.6298065185547,164.6298065185547,2941467,0
2023.04.17 13:30,164.62120056152344,164.75999450683594,164.2449951171875,164.39999389648438,164.39999389648438,2486878,1
2023.04.17 14:30,164.38999938964844,165.1999969482422,164.24009704589844,165.18020629882812,165.18020629882812,4421143,1
2023.04.17 15:30,165.18479919433594,165.33999633789062,165.10000610351562,165.26499938964844,165.26499938964844,4670528,1
2023.04.18 9:30,166.03909301757812,167.41000366210938,165.85000610351562,166.22500610351562,166.22500610351562,14246097,0
2023.04.18 10:30,166.22999572753906,166.27000427246094,165.7899932861328,166.07000732421875,166.07000732421875,5461209,1
2023.04.18 11:30,166.0800018310547,166.22500610351562,165.64999389648438,166.19500732421875,166.19500732421875,4350934,0
2023.04.18 12:30,166.1999969482422,166.32000732421875,165.67999267578125,165.9250030517578,165.9250030517578,3733289,1
2023.04.18 13:30,165.9199981689453,166.74000549316406,165.86000061035156,166.63999938964844,166.63999938964844,4311261,0
2023.04.18 14:30,166.63999938964844,166.74000549316406,166.0,166.3800048828125,166.3800048828125,4426921,1
2023.04.18 15:30,166.3699951171875,166.69009399414062,166.0500030517578,166.44140625,166.44140625,4662103,1
2023.04.19 9:30,165.8000030517578,166.64999389648438,165.5399932861328,166.63999938964844,166.63999938964844,9851524,1
2023.04.19 10:30,166.63949584960938,167.3800048828125,166.5800018310547,167.14230346679688,167.14230346679688,7155057,1
2023.04.19 11:30,167.13999938964844,167.88999938964844,167.0028076171875,167.81500244140625,167.81500244140625,7213880,1
2023.04.19 12:30,167.82000732421875,168.16000366210938,167.6300048828125,167.9199981689453,167.9199981689453,4103769,0
2023.04.19 13:30,167.92999267578125,168.0500030517578,167.58999633789062,167.89999389648438,167.89999389648438,3833227,0
2023.04.19 14:30,167.89999389648438,168.0800018310547,167.6699981689453,167.77000427246094,167.77000427246094,4234353,0
2023.04.19 15:30,167.75999450683594,167.86000061035156,167.1699981689453,167.6199951171875,167.6199951171875,5147022,0
2023.04.20 9:30,166.47000122070312,167.39999389648438,166.3419952392578,167.0399932861328,167.0399932861328,11948379,1
2023.04.20 10:30,167.0399932861328,167.27000427246094,166.50999450683594,167.13999938964844,167.13999938964844,5560495,1
2023.04.20 11:30,167.14239501953125,167.5399932861328,166.89999389648438,167.41000366210938,167.41000366210938,4665466,1
2023.04.20 12:30,167.41000366210938,167.8699951171875,167.3800048828125,167.6009063720703,167.6009063720703,4255283,0
2023.04.20 13:30,167.61000061035156,167.75,166.8300018310547,166.8699951171875,166.8699951171875,4191123,0
2023.04.20 14:30,166.86000061035156,166.88999938964844,165.55999755859375,165.6199951171875,165.6199951171875,7583842,1
2023.04.20 15:30,165.625,166.6699981689453,165.625,166.65060424804688,166.65060424804688,6040920,0
2023.04.21 9:30,165.27000427246094,166.4521026611328,164.6699981689453,165.3798065185547,165.3798065185547,18055917,0
2023.04.21 10:30,165.3699951171875,165.4600067138672,164.49000549316406,165.08999633789062,165.08999633789062,7489581,0
2023.04.21 11:30,165.10000610351562,165.4199981689453,164.80999755859375,164.92909240722656,164.92909240722656,4492081,0
2023.04.21 12:30,164.9250030517578,165.2100067138672,164.67999267578125,164.79750061035156,164.79750061035156,3937902,1
2023.04.21 13:30,164.79989624023438,165.36500549316406,164.7100067138672,165.27499389648438,165.27499389648438,4894574,0
2023.04.21 14:30,165.27850341796875,165.36000061035156,164.71499633789062,164.95750427246094,164.95750427246094,5904830,1
2023.04.21 15:30,164.9550018310547,165.05999755859375,164.69000244140625,165.02000427246094,165.02000427246094,5729815,1
2023.04.24 9:30,165.0,165.47000122070312,164.41000366210938,165.29879760742188,165.29879760742188,8559176,0
2023.04.24 10:30,165.24000549316406,165.3699951171875,163.9499969482422,164.17999267578125,164.17999267578125,6297320,1
2023.04.24 11:30,164.17999267578125,164.35000610351562,164.0,164.33999633789062,164.33999633789062,3753516,1
2023.04.24 12:30,164.3300018310547,164.8800048828125,164.28900146484375,164.77999877929688,164.77999877929688,3552991,1
2023.04.24 13:30,164.77999877929688,165.44000244140625,164.72999572753906,165.1721954345703,165.1721954345703,4027919,1
2023.04.24 14:30,165.17999267578125,165.44000244140625,164.97999572753906,165.34500122070312,165.34500122070312,3545167,1
2023.04.24 15:30,165.34500122070312,165.60000610351562,165.08999633789062,165.35000610351562,165.35000610351562,5466874,0
2023.04.25 9:30,165.19000244140625,166.30499267578125,165.0500030517578,165.33999633789062,165.33999633789062,11065224,0
2023.04.25 10:30,165.33999633789062,165.64999389648438,164.99000549316406,165.22000122070312,165.22000122070312,5593846,0
2023.04.25 11:30,165.2100067138672,165.2281951904297,164.5800018310547,164.6313018798828,164.6313018798828,4738786,0
2023.04.25 12:30,164.64999389648438,164.82000732421875,163.8000030517578,164.33999633789062,164.33999633789062,4814784,0
2023.04.25 13:30,164.3300018310547,164.4600067138672,163.75,164.3206024169922,164.3206024169922,4086358,0
2023.04.25 14:30,164.3300018310547,164.52999877929688,163.97999572753906,164.1199951171875,164.1199951171875,4444143,0
2023.04.25 15:30,164.1199951171875,164.24029541015625,163.72999572753906,163.8000030517578,163.8000030517578,6241008,0
2023.04.26 9:30,163.05499267578125,164.26930236816406,162.8000030517578,163.3105926513672,163.3105926513672,10929371,1
2023.04.26 10:30,163.30999755859375,164.88499450683594,163.27000427246094,164.6199951171875,164.6199951171875,5346521,1
2023.04.26 11:30,164.6199951171875,165.27999877929688,164.39999389648438,165.02999877929688,165.02999877929688,4267382,0
2023.04.26 12:30,165.02999877929688,165.0399932861328,164.04100036621094,164.17999267578125,164.17999267578125,3322966,0
2023.04.26 13:30,164.17999267578125,164.19000244140625,163.35000610351562,163.75999450683594,163.75999450683594,3810347,0
2023.04.26 14:30,163.7550048828125,163.8000030517578,163.30999755859375,163.6300048828125,163.6300048828125,3759754,1
2023.04.26 15:30,163.63999938964844,164.19000244140625,163.36099243164062,163.72999572753906,163.72999572753906,6388204,1
2023.04.27 9:30,165.19000244140625,166.41000366210938,165.19000244140625,166.2550048828125,166.2550048828125,13198033,1
2023.04.27 10:30,166.27000427246094,166.90499877929688,166.1199951171875,166.6898956298828,166.6898956298828,6481024,1
2023.04.27 11:30,166.7100067138672,167.08999633789062,166.39999389648438,166.76499938964844,166.76499938964844,5197075,1
2023.04.27 12:30,166.77000427246094,167.34500122070312,166.71499633789062,167.2899932861328,167.2899932861328,3999650,1
2023.04.27 13:30,167.2899932861328,167.49000549316406,167.13999938964844,167.4499969482422,167.4499969482422,4938962,1
2023.04.27 14:30,167.4550018310547,168.52999877929688,167.44000244140625,168.28500366210938,168.28500366210938,8267350,1
2023.04.27 15:30,168.28500366210938,168.55999755859375,168.22000122070312,168.42999267578125,168.42999267578125,9301827,1
2023.04.28 9:30,168.49000549316406,169.85000610351562,167.88009643554688,169.8385009765625,169.8385009765625,12916118,0
2023.04.28 10:30,169.8300018310547,169.85000610351562,168.02999877929688,168.2899932861328,168.2899932861328,8034793,1
2023.04.28 11:30,168.3000030517578,168.97000122070312,168.1999969482422,168.6699981689453,168.6699981689453,4346847,1
2023.04.28 12:30,168.66200256347656,168.88999938964844,168.3300018310547,168.75999450683594,168.75999450683594,3941944,0
2023.04.28 13:30,168.75999450683594,168.76229858398438,168.14999389648438,168.2949981689453,168.2949981689453,4261421,1
2023.04.28 14:30,168.2949981689453,169.02999877929688,168.1199951171875,168.81500244140625,168.81500244140625,5164773,1
2023.04.28 15:30,168.82000732421875,169.7100067138672,168.7899932861328,169.69000244140625,169.69000244140625,6355413,0
2023.05.01 9:30,169.27999877929688,170.2899932861328,169.02000427246094,169.0449981689453,169.0449981689453,13041318,1
2023.05.01 10:30,169.0449981689453,169.8300018310547,168.63999938964844,169.1300048828125,169.1300048828125,6766083,1
2023.05.01 11:30,169.13999938964844,170.19000244140625,169.05099487304688,169.97500610351562,169.97500610351562,4752404,1
2023.05.01 12:30,169.98500061035156,170.4499969482422,169.98500061035156,170.13999938964844,170.13999938964844,5044388,0
2023.05.01 13:30,170.1300048828125,170.41000366210938,169.82000732421875,169.91990661621094,169.91990661621094,3838143,0
2023.05.01 14:30,169.89999389648438,169.9600067138672,169.1999969482422,169.6909942626953,169.6909942626953,5042479,0
2023.05.01 15:30,169.6999969482422,169.89999389648438,169.25,169.55999755859375,169.55999755859375,5100536,0
2023.05.02 9:30,170.08999633789062,170.35000610351562,168.48500061035156,168.49000549316406,168.49000549316406,11147933,0
2023.05.02 10:30,168.66990661621094,168.72999572753906,167.6999969482422,167.81689453125,167.81689453125,7632086,1
2023.05.02 11:30,167.82000732421875,168.2299041748047,167.5399932861328,168.110107421875,168.110107421875,5390529,1
2023.05.02 12:30,168.11000061035156,168.92990112304688,168.085205078125,168.80999755859375,168.80999755859375,4457949,0
2023.05.02 13:30,168.8000030517578,168.9499969482422,168.34500122070312,168.47000122070312,168.47000122070312,3490502,1
2023.05.02 14:30,168.47000122070312,169.27999877929688,168.4600067138672,168.96499633789062,168.96499633789062,4149482,0
2023.05.02 15:30,168.97000122070312,168.97999572753906,168.38999938964844,168.5500030517578,168.5500030517578,4533993,1
2023.05.03 9:30,169.5,170.9199981689453,169.49000549316406,170.08009338378906,170.08009338378906,13862984,0
2023.05.03 10:30,170.0800018310547,170.27999877929688,169.17999267578125,169.30499267578125,169.30499267578125,5450759,1
2023.05.03 11:30,169.30999755859375,169.9499969482422,169.22999572753906,169.6999969482422,169.6999969482422,3962052,1
2023.05.03 12:30,169.7100067138672,170.2899932861328,169.57000732421875,170.16000366210938,170.16000366210938,4108514,1
2023.05.03 13:30,170.15989685058594,170.60000610351562,169.3699951171875,170.2449951171875,170.2449951171875,5903150,0
2023.05.03 14:30,170.25,170.75999450683594,168.1199951171875,168.14999389648438,168.14999389648438,11104300,0
2023.05.03 15:30,168.13999938964844,168.2198944091797,167.16000366210938,167.4600067138672,167.4600067138672,6914097,0
2023.05.04 9:30,164.88999938964844,165.77000427246094,164.30999755859375,165.25,165.25,16477924,1
2023.05.04 10:30,165.2550048828125,166.8800048828125,165.1302947998047,165.93499755859375,165.93499755859375,9036370,1
2023.05.04 11:30,165.94000244140625,166.22999572753906,165.42999267578125,166.2100067138672,166.2100067138672,5049232,1
2023.05.04 12:30,166.2100067138672,167.0399932861328,165.9499969482422,166.672607421875,166.672607421875,5244652,0
2023.05.04 13:30,166.6750030517578,166.90499877929688,165.51010131835938,165.53280639648438,165.53280639648438,5400963,1
2023.05.04 14:30,165.52999877929688,165.97000122070312,165.0800018310547,165.67340087890625,165.67340087890625,7567595,1
2023.05.04 15:30,165.6750030517578,166.33999633789062,165.38209533691406,165.7899932861328,165.7899932861328,9133137,1
2023.05.05 9:30,170.97500610351562,173.75,170.75999450683594,173.36500549316406,173.36500549316406,40825650,1
2023.05.05 10:30,173.3699951171875,174.1999969482422,173.17999267578125,173.83770751953125,173.83770751953125,17046322,0
2023.05.05 11:30,173.83999633789062,174.0500030517578,173.22999572753906,173.25999450683594,173.25999450683594,9463520,1
2023.05.05 12:30,173.26499938964844,173.63999938964844,173.2100067138672,173.63999938964844,173.63999938964844,8365498,1
2023.05.05 13:30,173.64500427246094,174.09249877929688,173.64239501953125,174.0800018310547,174.0800018310547,7436685,0
2023.05.05 14:30,174.0749969482422,174.3000030517578,173.3000030517578,173.7449951171875,173.7449951171875,9440655,0
2023.05.05 15:30,173.7449951171875,174.0,173.35000610351562,173.5850067138672,173.5850067138672,7919161,0
2023.05.08 9:30,172.47999572753906,173.82000732421875,172.11000061035156,173.36000061035156,173.36000061035156,17533770,0
2023.05.08 10:30,173.3699951171875,173.6300048828125,172.7200927734375,173.22059631347656,173.22059631347656,7348273,1
2023.05.08 11:30,173.22999572753906,173.82000732421875,173.14999389648438,173.7449951171875,173.7449951171875,4562793,0
2023.05.08 12:30,173.75,173.77000427246094,173.35000610351562,173.6300048828125,173.6300048828125,3478646,0
2023.05.08 13:30,173.63999938964844,173.85000610351562,172.9600067138672,173.5998992919922,173.5998992919922,4800282,0
2023.05.08 14:30,173.59500122070312,173.8000030517578,173.2100067138672,173.40499877929688,173.40499877929688,4103527,1
2023.05.08 15:30,173.39999389648438,173.67999267578125,173.3699951171875,173.52499389648438,173.52499389648438,4325310,0
2023.05.09 9:30,173.0500030517578,173.5399932861328,172.25999450683594,172.52000427246094,172.52000427246094,13477160,0
2023.05.09 10:30,172.52999877929688,172.61500549316406,172.14500427246094,172.2803955078125,172.2803955078125,5289924,0
2023.05.09 11:30,172.2899932861328,172.39990234375,171.80999755859375,172.05909729003906,172.05909729003906,4358537,1
2023.05.09 12:30,172.05499267578125,172.47999572753906,172.02000427246094,172.2050018310547,172.2050018310547,3808782,1
2023.05.09 13:30,172.2100067138672,172.3397979736328,171.9600067138672,172.27000427246094,172.27000427246094,3038422,0
2023.05.09 14:30,172.27000427246094,172.35760498046875,171.85000610351562,171.96499633789062,171.96499633789062,3458267,0
2023.05.09 15:30,171.97000122070312,172.23500061035156,171.60000610351562,171.77999877929688,171.77999877929688,6242059,1
2023.05.10 9:30,173.02000427246094,174.02999877929688,172.5500030517578,173.0500030517578,173.0500030517578,12961687,1
2023.05.10 10:30,173.05189514160156,173.4199981689453,172.2899932861328,173.29010009765625,173.29010009765625,6608451,0
2023.05.10 11:30,173.3000030517578,173.8300018310547,172.7899932861328,173.17750549316406,173.17750549316406,5283039,0
2023.05.10 12:30,173.17210388183594,173.3000030517578,171.97999572753906,172.02999877929688,172.02999877929688,4412739,1
2023.05.10 13:30,172.02000427246094,172.83999633789062,171.89999389648438,172.6199951171875,172.6199951171875,4067612,1
2023.05.10 14:30,172.625,173.83999633789062,172.61000061035156,173.6300048828125,173.6300048828125,6304643,0
2023.05.10 15:30,173.63999938964844,173.91000366210938,173.33999633789062,173.55499267578125,173.55499267578125,5349524,0
2023.05.11 9:30,173.85000610351562,173.9600067138672,172.1699981689453,172.6699981689453,172.6699981689453,11552802,1
2023.05.11 10:30,172.6699981689453,173.6999969482422,172.3000030517578,173.6999969482422,173.6999969482422,6827208,0
2023.05.11 11:30,173.69500732421875,173.9149932861328,173.25999450683594,173.66000366210938,173.66000366210938,5325734,0
2023.05.11 12:30,173.6699981689453,174.02499389648438,173.3800048828125,173.47000122070312,173.47000122070312,4415832,1
2023.05.11 13:30,173.47000122070312,174.0,173.05999755859375,173.99009704589844,173.99009704589844,4089255,1
2023.05.11 14:30,173.99989318847656,174.58999633789062,173.86000061035156,174.08999633789062,174.08999633789062,6007254,0
2023.05.11 15:30,174.0749969482422,174.14999389648438,173.5,173.80999755859375,173.80999755859375,4250305,0
2023.05.12 9:30,173.67999267578125,174.05999755859375,172.50999450683594,172.69000244140625,172.69000244140625,9900225,0
2023.05.12 10:30,172.69000244140625,172.97500610351562,172.3300018310547,172.47999572753906,172.47999572753906,5603315,0
2023.05.12 11:30,172.48500061035156,172.72000122070312,171.92999267578125,171.94500732421875,171.94500732421875,4830042,0
2023.05.12 12:30,171.92999267578125,172.19000244140625,171.31500244140625,171.77499389648438,171.77499389648438,4545315,0
2023.05.12 13:30,171.77000427246094,171.97500610351562,171.0,171.3300018310547,171.3300018310547,4597136,1
2023.05.12 14:30,171.3300018310547,171.92999267578125,171.17999267578125,171.9001007080078,171.9001007080078,5318972,1
2023.05.12 15:30,171.91000366210938,172.6199951171875,171.90499877929688,172.55999755859375,172.55999755859375,5265382,0
2023.05.15 9:30,173.16000366210938,173.2100067138672,171.47000122070312,171.8428955078125,171.8428955078125,9423023,1
2023.05.15 10:30,171.83999633789062,172.4199981689453,171.8000946044922,172.27000427246094,172.27000427246094,5670696,0
2023.05.15 11:30,172.25999450683594,172.42999267578125,171.97000122070312,172.17869567871094,172.17869567871094,3028790,0
2023.05.15 12:30,172.17300415039062,172.3000030517578,171.8300018310547,171.85000610351562,171.85000610351562,3243442,0
2023.05.15 13:30,171.82949829101562,172.02000427246094,171.52499389648438,171.81500244140625,171.81500244140625,3550691,0
2023.05.15 14:30,171.8249969482422,171.91000366210938,171.66000366210938,171.81219482421875,171.81219482421875,2998745,1
2023.05.15 15:30,171.80999755859375,172.18499755859375,171.75270080566406,172.1300048828125,172.1300048828125,3742603,1
2023.05.16 9:30,171.99000549316406,173.1383056640625,171.98500061035156,172.41000366210938,172.41000366210938,12609254,0
2023.05.16 10:30,172.41000366210938,172.57000732421875,171.8800048828125,172.30999755859375,172.30999755859375,5885074,0
2023.05.16 11:30,172.30999755859375,172.50999450683594,171.8300018310547,172.25,172.25,3982831,0
2023.05.16 12:30,172.24899291992188,172.35499572753906,171.97000122070312,172.16110229492188,172.16110229492188,2846276,0
2023.05.16 13:30,172.16000366210938,172.35000610351562,171.79910278320312,171.89999389648438,171.89999389648438,2879231,1
2023.05.16 14:30,171.89999389648438,172.72500610351562,171.8677978515625,172.6649932861328,172.6649932861328,4941525,0
2023.05.16 15:30,172.66000366210938,172.69700622558594,172.02999877929688,172.0800018310547,172.0800018310547,4450643,0
2023.05.17 9:30,171.75999450683594,172.14999389648438,170.42010498046875,171.02169799804688,171.02169799804688,13804752,0
2023.05.17 10:30,171.02999877929688,171.16000366210938,170.47000122070312,170.84669494628906,170.84669494628906,5895961,1
2023.05.17 11:30,170.83999633789062,171.27000427246094,170.72999572753906,171.13499450683594,171.13499450683594,3931938,1
2023.05.17 12:30,171.13999938964844,172.1199951171875,170.9600067138672,172.0399932861328,172.0399932861328,6324707,1
2023.05.17 13:30,172.0399932861328,172.86000061035156,171.86000061035156,172.4084930419922,172.4084930419922,7086324,0
2023.05.17 14:30,172.4199981689453,172.58999633789062,171.94000244140625,172.35000610351562,172.35000610351562,5049559,1
2023.05.17 15:30,172.36000061035156,172.9250030517578,172.32000732421875,172.64999389648438,172.64999389648438,5302466,1
2023.05.18 9:30,173.0,173.85499572753906,172.5800018310547,173.6699981689453,173.6699981689453,13910631,1
2023.05.18 10:30,173.67999267578125,174.72000122070312,173.55999755859375,174.66000366210938,174.66000366210938,8639422,0
2023.05.18 11:30,174.6649932861328,175.00999450683594,174.16000366210938,174.36000061035156,174.36000061035156,7994440,0
2023.05.18 12:30,174.3699951171875,174.85000610351562,174.1300048828125,174.27999877929688,174.27999877929688,4949014,0
2023.05.18 13:30,174.27999877929688,174.44000244140625,173.67999267578125,174.11000061035156,174.11000061035156,4395642,1
2023.05.18 14:30,174.11000061035156,174.69000244140625,174.11000061035156,174.5,174.5,5800615,1
2023.05.18 15:30,174.50999450683594,175.24000549316406,174.47999572753906,175.06619262695312,175.06619262695312,9507299,1
2023.05.19 9:30,176.05999755859375,176.13999938964844,175.4199981689453,175.8800048828125,175.8800048828125,12660382,0
2023.05.19 10:30,175.875,176.25,175.39999389648438,175.4759063720703,175.4759063720703,7583858,0
2023.05.19 11:30,175.4600067138672,175.97999572753906,175.2100067138672,175.44000244140625,175.44000244140625,6329706,1
2023.05.19 12:30,175.42999267578125,175.7899932861328,175.0850067138672,175.73500061035156,175.73500061035156,5485062,0
2023.05.19 13:30,175.74000549316406,175.88999938964844,175.10000610351562,175.23219299316406,175.23219299316406,3935160,0
2023.05.19 14:30,175.24119567871094,175.60000610351562,175.12109375,175.1300048828125,175.1300048828125,4243260,1
2023.05.19 15:30,175.13999938964844,175.36000061035156,174.94000244140625,175.19000244140625,175.19000244140625,5450597,0
2023.05.22 9:30,173.97999572753906,174.7100067138672,173.4499969482422,174.19200134277344,174.19200134277344,12346138,1
2023.05.22 10:30,174.1999969482422,174.60000610351562,173.60000610351562,174.48880004882812,174.48880004882812,5485289,0
2023.05.22 11:30,174.47999572753906,174.5500030517578,173.92999267578125,174.16000366210938,174.16000366210938,4041203,1
2023.05.22 12:30,174.14500427246094,174.38999938964844,173.8699951171875,174.22000122070312,174.22000122070312,4605162,1
2023.05.22 13:30,174.22999572753906,174.52000427246094,174.08999633789062,174.32000732421875,174.32000732421875,3217043,0
2023.05.22 14:30,174.32000732421875,174.6199951171875,174.10000610351562,174.22000122070312,174.22000122070312,4006348,1
2023.05.22 15:30,174.22999572753906,174.5,174.03500366210938,174.24000549316406,174.24000549316406,4235027,0
2023.05.23 9:30,173.1300048828125,173.37939453125,172.5500030517578,172.85000610351562,172.85000610351562,9736295,1
2023.05.23 10:30,172.85000610351562,173.17999267578125,172.68499755859375,173.01499938964844,173.01499938964844,4405099,0
2023.05.23 11:30,173.02000427246094,173.0399932861328,172.52000427246094,172.60000610351562,172.60000610351562,4741797,0
2023.05.23 12:30,172.58999633789062,172.6486053466797,171.77000427246094,172.0749969482422,172.0749969482422,5091724,0
2023.05.23 13:30,172.07000732421875,172.3397979736328,171.5,171.65499877929688,171.65499877929688,5434710,0
2023.05.23 14:30,171.65499877929688,171.94000244140625,171.27499389648438,171.6195068359375,171.6195068359375,4832024,0
2023.05.23 15:30,171.6199951171875,172.02000427246094,171.49000549316406,171.5500030517578,171.5500030517578,7035036,0
2023.05.24 9:30,171.08999633789062,172.27000427246094,170.52000427246094,171.16000366210938,171.16000366210938,10301421,1
2023.05.24 10:30,171.16000366210938,171.67999267578125,170.94000244140625,171.3699951171875,171.3699951171875,5316124,0
2023.05.24 11:30,171.3699951171875,171.42999267578125,170.58999633789062,170.63499450683594,170.63499450683594,4092197,1
2023.05.24 12:30,170.63499450683594,171.3800048828125,170.53500366210938,171.1750030517578,171.1750030517578,4633934,1
2023.05.24 13:30,171.17999267578125,171.8000030517578,171.10009765625,171.19000244140625,171.19000244140625,3712102,1
2023.05.24 14:30,171.17999267578125,172.1999969482422,171.02999877929688,172.10499572753906,172.10499572753906,4470318,0
2023.05.24 15:30,172.11000061035156,172.41830444335938,171.64999389648438,171.8300018310547,171.8300018310547,5226602,1
2023.05.25 9:30,172.41000366210938,173.22000122070312,171.69000244140625,171.92999267578125,171.92999267578125,12361185,1
2023.05.25 10:30,171.93499755859375,172.8000030517578,171.69500732421875,172.27000427246094,172.27000427246094,5758310,1
2023.05.25 11:30,172.27499389648438,173.60499572753906,171.7550048828125,173.60009765625,173.60009765625,5506892,0
2023.05.25 12:30,173.60000610351562,173.72999572753906,172.83999633789062,173.1999969482422,173.1999969482422,5212827,1
2023.05.25 13:30,173.1999969482422,173.89500427246094,173.08999633789062,173.35000610351562,173.35000610351562,4088982,1
2023.05.25 14:30,173.35000610351562,173.6999969482422,172.6999969482422,173.63499450683594,173.63499450683594,4964268,0
2023.05.25 15:30,173.63710021972656,173.85879516601562,172.86000061035156,173.01499938964844,173.01499938964844,5345327,1
2023.05.26 9:30,173.32000732421875,175.38999938964844,173.11000061035156,175.34500122070312,175.34500122070312,11044886,0
2023.05.26 10:30,175.36000061035156,175.77000427246094,174.8800048828125,175.02999877929688,175.02999877929688,7373339,1
2023.05.26 11:30,175.02999877929688,175.5399932861328,175.0,175.30870056152344,175.30870056152344,5019851,1
2023.05.26 12:30,175.30499267578125,175.52999877929688,175.05999755859375,175.38499450683594,175.38499450683594,3991301,0
2023.05.26 13:30,175.38999938964844,175.48500061035156,174.83999633789062,175.01499938964844,175.01499938964844,5378105,1
2023.05.26 14:30,175.01499938964844,175.4499969482422,174.96009826660156,175.3800048828125,175.3800048828125,4818859,0
2023.05.26 15:30,175.375,175.6649932861328,175.2100067138672,175.3800048828125,175.3800048828125,6954668,1
2023.05.30 9:30,176.6999969482422,178.99000549316406,176.61720275878906,177.61109924316406,177.61109924316406,17259163,0
2023.05.30 10:30,177.6300048828125,177.8199005126953,176.75039672851562,177.24000549316406,177.24000549316406,6189177,0
2023.05.30 11:30,177.23500061035156,177.77999877929688,177.08999633789062,177.22219848632812,177.22219848632812,4148445,0
2023.05.30 12:30,177.22999572753906,177.97500610351562,177.13999938964844,177.14999389648438,177.14999389648438,5398241,1
2023.05.30 13:30,177.14999389648438,177.66000366210938,176.58999633789062,177.59010314941406,177.59010314941406,4515429,0
2023.05.30 14:30,177.59739685058594,177.85000610351562,177.25,177.52000427246094,177.52000427246094,4423073,0
2023.05.30 15:30,177.52999877929688,177.68499755859375,176.80999755859375,177.3300018310547,177.3300018310547,5728683,1
2023.05.31 9:30,177.67999267578125,179.35000610351562,177.50999450683594,177.89500427246094,177.89500427246094,15606000,1
2023.05.31 10:30,177.89999389648438,178.60000610351562,177.4199981689453,178.32000732421875,178.32000732421875,7763406,1
2023.05.31 11:30,178.32000732421875,179.0399932861328,178.24000549316406,178.74270629882812,178.74270629882812,5713382,1
2023.05.31 12:30,178.75,179.0,178.4600067138672,178.88999938964844,178.88999938964844,4280363,1
2023.05.31 13:30,178.89999389648438,179.3000030517578,178.74000549316406,179.16990661621094,179.16990661621094,5884978,0
2023.05.31 14:30,179.16990661621094,179.1999969482422,178.29200744628906,178.7178955078125,178.7178955078125,5736214,0
2023.05.31 15:30,178.72000122070312,179.3000030517578,176.75999450683594,177.4199981689453,177.4199981689453,15136509,1
2023.06.01 9:30,177.6999969482422,178.36000061035156,176.93060302734375,178.10000610351562,178.10000610351562,11739353,1
2023.06.01 10:30,178.11000061035156,179.64500427246094,178.0,179.47999572753906,179.47999572753906,9190897,1
2023.06.01 11:30,179.48500061035156,179.96670532226562,179.2100067138672,179.8000030517578,179.8000030517578,5769853,0
2023.06.01 12:30,179.8000030517578,180.0,179.46499633789062,179.61000061035156,179.61000061035156,6109540,1
2023.06.01 13:30,179.61309814453125,180.0,179.47999572753906,179.875,179.875,5404967,0
2023.06.01 14:30,179.8800048828125,180.1199951171875,179.55999755859375,179.77999877929688,179.77999877929688,7700902,1
2023.06.01 15:30,179.7899932861328,180.1199951171875,179.22000122070312,180.11000061035156,180.11000061035156,7887639,0
2023.06.02 9:30,181.02999877929688,181.77999877929688,179.25999450683594,179.72999572753906,179.72999572753906,17788376,1
2023.06.02 10:30,179.74000549316406,180.63999938964844,179.63999938964844,180.5,180.5,6783430,1
2023.06.02 11:30,180.50999450683597,181.0498962402344,180.41000366210935,180.6699981689453,180.6699981689453,5864150,0
2023.06.02 12:30,180.6750030517578,181.00999450683597,180.52999877929688,180.58999633789065,180.58999633789065,4243206,0
2023.06.02 13:30,180.58670043945312,180.7700042724609,180.05999755859375,180.45989990234372,180.45989990234372,4856063,1
2023.06.02 14:30,180.4499969482422,181.0399932861328,180.3999938964844,180.7550048828125,180.7550048828125,5691505,1
2023.06.02 15:30,180.75,181.1000061035156,180.6100006103516,180.9600067138672,180.9600067138672,6889023,1
2023.06.05 9:30,182.33999633789065,183.9900054931641,182.25999450683597,183.7100067138672,183.7100067138672,22093278,1
2023.06.05 10:30,183.72000122070312,184.3600006103516,183.6300048828125,184.22999572753903,184.22999572753903,11622832,1
2023.06.05 11:30,184.2250061035156,184.72000122070312,183.9900054931641,184.55039978027344,184.55039978027344,9277523,0
2023.06.05 12:30,184.55999755859372,184.9510040283203,183.91000366210935,184.11399841308597,184.11399841308597,10792850,0
2023.06.05 13:30,184.1150054931641,184.31500244140625,182.02999877929688,183.06829833984372,183.06829833984372,18354521,0
2023.06.05 14:30,183.07000732421875,183.16000366210935,178.03500366210938,179.52499389648438,179.52499389648438,32366050,1
2023.06.05 15:30,179.52999877929688,179.7899932861328,178.77000427246094,179.60000610351562,179.60000610351562,10221616,0
2023.06.06 9:30,179.96499633789062,180.1199951171875,177.42999267578125,178.94000244140625,178.94000244140625,19961232,0
2023.06.06 10:30,178.9499969482422,179.21229553222656,177.6649932861328,177.7899932861328,177.7899932861328,9164963,1
2023.06.06 11:30,177.7949981689453,179.11000061035156,177.75010681152344,178.69000244140625,178.69000244140625,6983928,1
2023.06.06 12:30,178.68499755859375,178.7899932861328,178.02999877929688,178.71499633789062,178.71499633789062,6695641,1
2023.06.06 13:30,178.718505859375,179.39999389648438,178.6103973388672,179.32000732421875,179.32000732421875,6019459,1
2023.06.06 14:30,179.3249969482422,179.6999969482422,179.1300048828125,179.41000366210938,179.41000366210938,4416033,0
2023.06.06 15:30,179.4199981689453,179.55990600585938,179.0500030517578,179.16000366210938,179.16000366210938,5394387,1
2023.06.07 9:30,178.44000244140625,181.2100067138672,178.22000122070312,179.27999877929688,179.27999877929688,15472050,0
2023.06.07 10:30,179.27999877929688,179.52000427246094,178.49000549316406,178.97500610351562,178.97500610351562,7288454,0
2023.06.07 11:30,178.97500610351562,179.61000061035156,178.17999267578125,178.3699951171875,178.3699951171875,5282564,0
2023.06.07 12:30,178.3699951171875,178.72000122070312,177.61000061035156,177.69000244140625,177.69000244140625,6202735,1
2023.06.07 13:30,177.6999969482422,178.28500366210938,177.32000732421875,178.02999877929688,178.02999877929688,4518693,1
2023.06.07 14:30,178.02999877929688,178.5,177.60000610351562,178.06500244140625,178.06500244140625,4820318,0
2023.06.07 15:30,178.05999755859375,178.1999969482422,177.4239044189453,177.82000732421875,177.82000732421875,7942141,1
2023.06.08 9:30,177.89500427246094,178.75,177.4600067138672,178.47000122070312,178.47000122070312,10752927,1
2023.06.08 10:30,178.49000549316406,179.42999267578125,178.38999938964844,179.23910522460938,179.23910522460938,5780209,1
2023.06.08 11:30,179.23939514160156,180.0,179.13999938964844,179.9698944091797,179.9698944091797,5797046,0
2023.06.08 12:30,179.9600067138672,179.97000122070312,179.39999389648438,179.47000122070312,179.47000122070312,3341042,1
2023.06.08 13:30,179.46499633789062,179.97999572753906,179.00999450683594,179.94500732421875,179.94500732421875,3800213,1
2023.06.08 14:30,179.9499969482422,180.2899932861328,179.72999572753906,180.2550048828125,180.2550048828125,5929021,1
2023.06.08 15:30,180.25,180.83999633789065,180.2100067138672,180.5399932861328,180.5399932861328,6364520,1
2023.06.09 9:30,181.5,182.19000244140625,181.2400054931641,181.9199981689453,181.9199981689453,11693845,0
2023.06.09 10:30,181.9199981689453,182.1000061035156,180.97999572753903,181.22999572753903,181.22999572753903,6831450,0
2023.06.09 11:30,181.2250061035156,181.5301055908203,180.6300048828125,181.16000366210935,181.16000366210935,5180506,1
2023.06.09 12:30,181.1699981689453,181.6999969482422,180.94000244140625,181.66000366210935,181.66000366210935,3456759,1
2023.06.09 13:30,181.6699981689453,182.22999572753903,181.6000061035156,182.0099029541016,182.0099029541016,3856950,0
2023.06.09 14:30,182.00999450683597,182.08999633789065,181.30999755859372,181.4900054931641,181.4900054931641,4584495,0
2023.06.09 15:30,181.47999572753903,181.52999877929688,180.72999572753903,181.0399932861328,181.0399932861328,5566987,1
2023.06.12 9:30,181.5,182.0399932861328,180.97000122070312,181.6000061035156,181.6000061035156,8944353,1
2023.06.12 10:30,181.6000061035156,182.1100006103516,181.4300994873047,182.01499938964844,182.01499938964844,5201184,1
2023.06.12 11:30,182.0200042724609,182.52999877929688,182.0200042724609,182.2749938964844,182.2749938964844,4522372,1
2023.06.12 12:30,182.28500366210935,182.66000366210935,182.2729949951172,182.5399932861328,182.5399932861328,3437292,1
2023.06.12 13:30,182.53990173339844,182.80999755859372,182.4199981689453,182.7100067138672,182.7100067138672,3217543,1
2023.06.12 14:30,182.71499633789065,183.47999572753903,182.6999969482422,183.3090057373047,183.3090057373047,5613491,1
2023.06.12 15:30,183.3000030517578,183.88999938964844,183.19000244140625,183.83999633789065,183.83999633789065,7125628,0
2023.06.13 9:30,183.19000244140625,184.1499938964844,182.6199951171875,182.75999450683597,182.75999450683597,15976204,1
2023.06.13 10:30,182.7700042724609,183.75050354003903,182.4600067138672,183.3999938964844,183.3999938964844,6083400,0
2023.06.13 11:30,183.3999938964844,183.468994140625,182.9600982666016,183.1699981689453,183.1699981689453,5328589,0
2023.06.13 12:30,183.17999267578125,183.5500030517578,182.88499450683597,183.0207977294922,183.0207977294922,4892930,0
2023.06.13 13:30,183.02999877929688,183.13999938964844,182.72000122070312,182.83999633789065,182.83999633789065,4160728,1
2023.06.13 14:30,182.83999633789065,183.1300048828125,182.44000244140625,182.97999572753903,182.97999572753903,5788039,1
2023.06.13 15:30,182.9750061035156,183.3800048828125,182.9199981689453,183.30999755859372,183.30999755859372,4278763,1
2023.06.14 9:30,183.3699951171875,184.27999877929688,182.91000366210935,184.2250061035156,184.2250061035156,11407710,0
2023.06.14 10:30,184.22999572753903,184.38999938964844,183.5200042724609,184.2100067138672,184.2100067138672,6301964,0
2023.06.14 11:30,184.1999969482422,184.38999938964844,183.83999633789065,184.1150054931641,184.1150054931641,3624409,0
2023.06.14 12:30,184.11990356445312,184.16000366210935,183.50999450683597,183.72999572753903,183.72999572753903,3219852,0
2023.06.14 13:30,183.72999572753903,183.8800048828125,182.0200042724609,182.6499938964844,182.6499938964844,6767181,1
2023.06.14 14:30,182.6499938964844,184.2050018310547,182.4199981689453,183.50999450683597,183.50999450683597,9483802,1
2023.06.14 15:30,183.5200042724609,183.97000122070312,182.9499969482422,183.9600067138672,183.9600067138672,5980488,1
2023.06.15 9:30,183.9600067138672,185.83999633789065,183.77999877929688,185.83999633789065,185.83999633789065,15625447,0
2023.06.15 10:30,185.83999633789065,185.8600006103516,185.1100006103516,185.83999633789065,185.83999633789065,6764169,0
2023.06.15 11:30,185.8300018310547,185.95849609375,185.0800018310547,185.1999969482422,185.1999969482422,5704999,0
2023.06.15 12:30,185.1999969482422,185.3800048828125,184.5500030517578,185.08999633789065,185.08999633789065,4056078,1
2023.06.15 13:30,185.08999633789065,185.8500061035156,185.07000732421875,185.80499267578125,185.80499267578125,5120742,1
2023.06.15 14:30,185.80999755859372,186.5200042724609,185.69000244140625,186.17999267578125,186.17999267578125,8988386,0
2023.06.15 15:30,186.1750030517578,186.3699951171875,185.69000244140625,186.0200042724609,186.0200042724609,7305976,0
2023.06.16 9:30,186.72999572753903,186.9900054931641,184.9600067138672,185.908203125,185.908203125,28647546,0
2023.06.16 10:30,185.9001007080078,186.1300048828125,185.33999633789065,185.47999572753903,185.47999572753903,6021545,1
2023.06.16 11:30,185.47999572753903,185.8300018310547,185.3000030517578,185.7301025390625,185.7301025390625,4063413,1
2023.06.16 12:30,185.7400054931641,186.0299072265625,185.5666046142578,185.8000030517578,185.8000030517578,3300447,0
2023.06.16 13:30,185.80999755859372,185.8999938964844,185.1999969482422,185.30999755859372,185.30999755859372,3533783,0
2023.06.16 14:30,185.3000030517578,185.3000030517578,184.7100067138672,184.9149932861328,184.9149932861328,7609584,1
2023.06.16 15:30,184.9199981689453,185.3500061035156,184.2700042724609,185.0200042724609,185.0200042724609,8222976,0
2023.06.20 9:30,184.7899932861328,186.1000061035156,184.6999969482422,184.80999755859372,184.80999755859372,12001675,1
2023.06.20 10:30,184.82000732421875,185.3600006103516,184.50999450683597,185.0601043701172,185.0601043701172,5764406,1
2023.06.20 11:30,185.07000732421875,185.6000061035156,184.8999938964844,185.55499267578125,185.55499267578125,4348851,1
2023.06.20 12:30,185.5500030517578,186.08999633789065,185.4900054931641,185.92999267578125,185.92999267578125,4413993,0
2023.06.20 13:30,185.9199981689453,186.02999877929688,185.4149932861328,185.7700042724609,185.7700042724609,3535526,0
2023.06.20 14:30,185.7700042724609,185.84500122070312,185.1300048828125,185.33999633789065,185.33999633789065,3522844,0
2023.06.20 15:30,185.33999633789065,185.5,184.80999755859372,185.0200042724609,185.0200042724609,4861772,0
2023.06.21 9:30,184.8999938964844,185.41000366210935,183.8699951171875,184.1199951171875,184.1199951171875,10433342,0
2023.06.21 10:30,184.1100006103516,184.13999938964844,182.5901031494141,183.13999938964844,183.13999938964844,7350639,1
2023.06.21 11:30,183.1300048828125,184.0800018310547,183.0850067138672,184.06500244140625,184.06500244140625,4681627,1
2023.06.21 12:30,184.07000732421875,184.33999633789065,183.8699951171875,184.1300048828125,184.1300048828125,3492541,1
2023.06.21 13:30,184.1103057861328,185.1100006103516,184.1100006103516,185.1000061035156,185.1000061035156,3581891,0
2023.06.21 14:30,185.1000061035156,185.1992034912109,184.3699951171875,184.5050048828125,184.5050048828125,3768476,0
2023.06.21 15:30,184.5,184.5399932861328,183.7899932861328,183.9600067138672,183.9600067138672,4489739,1
2023.06.22 9:30,183.7400054931641,185.8800048828125,183.6699981689453,185.7700042724609,185.7700042724609,11517552,1
2023.06.22 10:30,185.7700042724609,186.6699981689453,185.41000366210935,186.25,186.25,8181446,0
2023.06.22 11:30,186.2400054931641,186.72999572753903,185.73199462890625,186.07000732421875,186.07000732421875,5147460,0
2023.06.22 12:30,186.07000732421875,186.2400054931641,185.6000061035156,185.75,185.75,3135640,1
2023.06.22 13:30,185.75,186.57000732421875,185.610595703125,186.4250030517578,186.4250030517578,3775701,0
2023.06.22 14:30,186.4250030517578,186.72999572753903,186.2100067138672,186.4149932861328,186.4149932861328,4345608,1
2023.06.22 15:30,186.4199981689453,187.0449981689453,186.283203125,186.97000122070312,186.97000122070312,6367886,0
2023.06.23 9:30,185.5500030517578,186.17999267578125,185.00999450683597,185.8300018310547,185.8300018310547,11222649,1
2023.06.23 10:30,185.82000732421875,186.38999938964844,185.66000366210935,186.0800018310547,186.0800018310547,5322110,1
2023.06.23 11:30,186.0861968994141,187.1000061035156,185.94000244140625,186.94000244140625,186.94000244140625,4878533,1
2023.06.23 12:30,186.94000244140625,187.47000122070312,186.80999755859372,187.3370056152344,187.3370056152344,4696023,0
2023.06.23 13:30,187.3300018310547,187.55999755859372,187.10499572753903,187.2400054931641,187.2400054931641,3569247,0
2023.06.23 14:30,187.22999572753903,187.2700042724609,186.3800048828125,186.81500244140625,186.81500244140625,5161426,0
2023.06.23 15:30,186.8300018310547,187.25,186.50999450683597,186.69000244140625,186.69000244140625,6097018,1
2023.06.26 9:30,186.8300018310547,188.0500030517578,186.33999633789065,187.7498016357422,187.7498016357422,9851788,0
2023.06.26 10:30,187.75,187.83999633789065,186.41000366210935,186.52999877929688,186.52999877929688,6070361,0
2023.06.26 11:30,186.52999877929688,187.0500030517578,185.97000122070312,186.25,186.25,5254170,0
2023.06.26 12:30,186.2400054931641,186.3800048828125,185.6100006103516,185.9850006103516,185.9850006103516,4231923,1
2023.06.26 13:30,186.0,186.1699981689453,185.7200927734375,185.9900054931641,185.9900054931641,3433029,1
2023.06.26 14:30,185.97999572753903,186.41000366210935,185.92999267578125,186.0749969482422,186.0749969482422,4404264,0
2023.06.26 15:30,186.07000732421875,186.1800994873047,185.22999572753903,185.3000030517578,185.3000030517578,6606964,1
2023.06.27 9:30,185.88999938964844,187.0442047119141,185.6699981689453,186.8500061035156,186.8500061035156,10462350,1
2023.06.27 10:30,186.83999633789065,186.9600067138672,186.0500030517578,186.9499969482422,186.9499969482422,5300640,1
2023.06.27 11:30,186.9600067138672,187.5,186.7899932861328,187.47999572753903,187.47999572753903,5104192,1
2023.06.27 12:30,187.47000122070312,187.93670654296875,187.4501037597656,187.78500366210935,187.78500366210935,5008131,1
2023.06.27 13:30,187.7899932861328,188.2400054931641,187.7899932861328,188.19500732421875,188.19500732421875,4551155,1
2023.06.27 14:30,188.1999969482422,188.38999938964844,188.00999450683597,188.30499267578125,188.30499267578125,4845018,0
2023.06.27 15:30,188.30499267578125,188.35499572753903,187.9600067138672,188.0399932861328,188.0399932861328,5700927,1
2023.06.28 9:30,187.92999267578125,188.6300048828125,187.6000061035156,188.4199981689453,188.4199981689453,10639016,1
2023.06.28 10:30,188.4199981689453,189.42970275878903,188.26499938964844,189.01499938964844,189.01499938964844,7112288,1
2023.06.28 11:30,189.0200042724609,189.8999938964844,188.9600067138672,189.30499267578125,189.30499267578125,5291226,0
2023.06.28 12:30,189.30499267578125,189.30499267578125,188.28500366210935,189.07000732421875,189.07000732421875,5155494,1
2023.06.28 13:30,189.0800018310547,189.52999877929688,188.80999755859372,189.3650054931641,189.3650054931641,3627949,0
2023.06.28 14:30,189.3699951171875,189.4499969482422,188.3650054931641,189.0200042724609,189.0200042724609,4548141,1
2023.06.28 15:30,189.00999450683597,189.2899932861328,188.6199951171875,189.27999877929688,189.27999877929688,7056821,1
2023.06.29 9:30,189.0800018310547,190.07000732421875,189.0500030517578,189.47000122070312,189.47000122070312,14305988,1
2023.06.29 10:30,189.4600067138672,189.8999938964844,188.94000244140625,189.88999938964844,189.88999938964844,5669341,0
2023.06.29 11:30,189.88999938964844,189.91000366210935,189.2100067138672,189.6750030517578,189.6750030517578,3916975,0
2023.06.29 12:30,189.6699981689453,189.72000122070312,189.1100006103516,189.4900054931641,189.4900054931641,2849181,1
2023.06.29 13:30,189.4900054931641,189.72999572753903,189.17999267578125,189.65060424804688,189.65060424804688,3426306,0
2023.06.29 14:30,189.66000366210935,189.7899932861328,189.32000732421875,189.47760009765625,189.47760009765625,3553394,1
2023.06.29 15:30,189.47000122070312,189.6199951171875,189.1699981689453,189.58999633789065,189.58999633789065,5234026,1
2023.06.30 9:30,191.6300048828125,193.1499938964844,191.25999450683597,192.69000244140625,192.69000244140625,19512129,0
2023.06.30 10:30,192.68499755859372,192.8600006103516,192.3350067138672,192.38499450683597,192.38499450683597,7580238,1
2023.06.30 11:30,192.38499450683597,192.6499938964844,191.97999572753903,192.58999633789065,192.58999633789065,6754890,1
2023.06.30 12:30,192.5850067138672,192.9850006103516,192.5,192.9250030517578,192.9250030517578,4763101,1
2023.06.30 13:30,192.92970275878903,193.18499755859372,192.81500244140625,193.0249938964844,193.0249938964844,5792298,1
2023.06.30 14:30,193.02999877929688,193.53990173339844,192.88999938964844,193.4900054931641,193.4900054931641,7037910,1
2023.06.30 15:30,193.4900054931641,194.47999572753903,193.27999877929688,193.8000030517578,193.8000030517578,13053197,0
2023.07.03 9:30,193.77999877929688,193.8800048828125,192.8000030517578,192.9149932861328,192.9149932861328,12730490,0
2023.07.03 10:30,192.9149932861328,192.92999267578125,191.75999450683597,192.35499572753903,192.35499572753903,8267008,0
2023.07.03 11:30,192.3600006103516,192.5,192.0399932861328,192.1150054931641,192.1150054931641,3819693,1
2023.07.05 9:30,191.9499969482422,192.97999572753903,191.8999938964844,192.3500061035156,192.3500061035156,12086842,0
2023.07.05 10:30,192.3500061035156,192.73989868164065,191.38999938964844,191.43499755859372,191.43499755859372,5613022,0
2023.07.05 11:30,191.44000244140625,191.66000366210935,190.6779022216797,191.1416015625,191.1416015625,5537328,0
2023.07.05 12:30,191.1499938964844,191.30499267578125,190.8699951171875,190.9900054931641,190.9900054931641,4563014,0
2023.07.05 13:30,190.9850006103516,191.10499572753903,190.6199951171875,190.9499969482422,190.9499969482422,3822763,1
2023.07.05 14:30,190.9499969482422,191.44000244140625,190.91000366210935,191.35499572753903,191.35499572753903,3543211,0
2023.07.05 15:30,191.3600006103516,191.48989868164065,191.2350006103516,191.32000732421875,191.32000732421875,3919002,0
2023.07.06 9:30,189.83999633789065,190.4600067138672,189.1999969482422,189.94000244140625,189.94000244140625,11170339,1
2023.07.06 10:30,189.94000244140625,190.25999450683597,189.5,190.1699981689453,190.1699981689453,5352517,1
2023.07.06 11:30,190.16009521484372,191.00999450683597,190.16000366210935,190.93499755859372,190.93499755859372,4710270,1
2023.07.06 12:30,190.93499755859372,191.22999572753903,190.8800048828125,191.1100006103516,191.1100006103516,3347231,0
2023.07.06 13:30,191.10989379882807,191.44000244140625,190.7400054931641,191.02999877929688,191.02999877929688,3683383,1
2023.07.06 14:30,191.0200042724609,191.68499755859372,190.9900054931641,191.63999938964844,191.63999938964844,3838019,1
2023.07.06 15:30,191.6499938964844,192.0200042724609,191.47000122070312,191.77999877929688,191.77999877929688,5150657,0
2023.07.07 9:30,191.41000366210935,191.72000122070312,190.6199951171875,190.6199951171875,190.6199951171875,10430202,1
2023.07.07 10:30,190.6199951171875,191.2899932861328,190.2400054931641,191.20950317382807,191.20950317382807,5013111,1
2023.07.07 11:30,191.2100067138672,192.25,191.18499755859372,192.12989807128903,192.12989807128903,5436113,1
2023.07.07 12:30,192.125,192.58999633789065,192.1199951171875,192.55999755859372,192.55999755859372,4409437,0
2023.07.07 13:30,192.55999755859372,192.6699981689453,192.16000366210935,192.3999938964844,192.3999938964844,3374342,0
2023.07.07 14:30,192.40499877929688,192.4900054931641,191.7400054931641,191.75,191.75,3801246,0
2023.07.07 15:30,191.7400054931641,191.92999267578125,190.6000061035156,190.7100067138672,190.7100067138672,6160106,0
2023.07.10 9:30,189.25999450683597,189.9900054931641,187.1499938964844,188.95989990234372,188.95989990234372,17984222,0
2023.07.10 10:30,188.94009399414065,189.0455017089844,187.63999938964844,187.8600006103516,187.8600006103516,7459938,0
2023.07.10 11:30,187.8600006103516,188.45140075683597,187.03500366210935,187.5619964599609,187.5619964599609,6907364,1
2023.07.10 12:30,187.5500030517578,188.3500061035156,187.5,188.08999633789065,188.08999633789065,4559778,1
2023.07.10 13:30,188.1000061035156,188.6999969482422,187.9199981689453,188.6150054931641,188.6150054931641,3814590,0
2023.07.10 14:30,188.6100006103516,188.6499938964844,188.1000061035156,188.3000030517578,188.3000030517578,4050702,1
2023.07.10 15:30,188.2899932861328,188.7899932861328,188.2400054931641,188.6300048828125,188.6300048828125,5920823,0
2023.07.11 9:30,189.16000366210935,189.3000030517578,187.4499969482422,188.1100006103516,188.1100006103516,10238697,0
2023.07.11 10:30,188.09500122070312,188.5601043701172,187.65499877929688,187.71499633789065,187.71499633789065,4788400,0
2023.07.11 11:30,187.7156982421875,188.3800048828125,187.25999450683597,187.6150054931641,187.6150054931641,5419136,0
2023.07.11 12:30,187.6199951171875,187.78689575195312,187.33999633789065,187.41000366210935,187.41000366210935,3590478,0
2023.07.11 13:30,187.406005859375,187.5478057861328,186.7001037597656,186.8809967041016,186.8809967041016,5978219,1
2023.07.11 14:30,186.88499450683597,187.3950042724609,186.6000061035156,187.13720703125,187.13720703125,4325125,1
2023.07.11 15:30,187.1300048828125,188.2700042724609,186.97000122070312,188.05050659179688,188.05050659179688,6257248,1
2023.07.12 9:30,189.67999267578125,191.6999969482422,189.4499969482422,190.3500061035156,190.3500061035156,17951283,0
2023.07.12 10:30,190.3500061035156,190.66000366210935,189.22000122070312,189.52999877929688,189.52999877929688,7649026,0
2023.07.12 11:30,189.52999877929688,189.69500732421875,188.47000122070312,189.15499877929688,189.15499877929688,5926745,1
2023.07.12 12:30,189.15499877929688,189.9600067138672,189.1000061035156,189.8600006103516,189.8600006103516,4258281,1
2023.07.12 13:30,189.85989379882807,190.38999938964844,189.75,190.33999633789065,190.33999633789065,3367158,0
2023.07.12 14:30,190.3300018310547,190.40269470214844,189.6999969482422,189.8600006103516,189.8600006103516,4608750,0
2023.07.12 15:30,189.8699951171875,190.0200042724609,189.57000732421875,189.80999755859372,189.80999755859372,5646874,1
2023.07.13 9:30,190.5,191.09500122070312,189.77999877929688,189.97999572753903,189.97999572753903,10603557,1
2023.07.13 10:30,189.9850006103516,190.7749938964844,189.9600067138672,190.1699981689453,190.1699981689453,4503519,1
2023.07.13 11:30,190.1750030517578,190.7700042724609,190.0399932861328,190.6750030517578,190.6750030517578,3357584,0
2023.07.13 12:30,190.6699981689453,190.84500122070312,190.3300018310547,190.6649932861328,190.6649932861328,2845853,0
2023.07.13 13:30,190.6649932861328,190.8791961669922,190.52999877929688,190.5800018310547,190.5800018310547,2663247,1
2023.07.13 14:30,190.58999633789065,191.19000244140625,190.5,190.8950042724609,190.8950042724609,4282478,0
2023.07.13 15:30,190.88999938964844,191.0800018310547,190.52999877929688,190.5399932861328,190.5399932861328,5590090,1
2023.07.14 9:30,190.22999572753903,191.17990112304688,190.1000061035156,190.8500061035156,190.8500061035156,10294954,0
2023.07.14 10:30,190.8500061035156,191.0399932861328,190.2949981689453,190.3600006103516,190.3600006103516,5107634,0
2023.07.14 11:30,190.3650054931641,190.6199951171875,189.88999938964844,189.9499969482422,189.9499969482422,3844882,1
2023.07.14 12:30,189.9499969482422,190.1499938964844,189.6300048828125,190.01499938964844,190.01499938964844,3352688,1
2023.07.14 13:30,190.01010131835935,190.56500244140625,189.9501037597656,190.19000244140625,190.19000244140625,3213789,1
2023.07.14 14:30,190.1999969482422,190.4199981689453,189.77999877929688,190.2749938964844,190.2749938964844,4052940,1
2023.07.14 15:30,190.2749938964844,190.7400054931641,190.16000366210935,190.72999572753903,190.72999572753903,5002552,1
2023.07.17 9:30,191.8999938964844,193.4499969482422,191.80999755859372,192.76499938964844,192.76499938964844,13716689,1
2023.07.17 10:30,192.76499938964844,193.13999938964844,192.7050018310547,193.0050048828125,193.0050048828125,4817119,0
2023.07.17 11:30,193.0,193.2899932861328,192.71499633789065,192.75,192.75,3902109,1
2023.07.17 12:30,192.7400054931641,193.08009338378903,192.3999938964844,193.0800018310547,193.0800018310547,3253397,1
2023.07.17 13:30,193.0800018310547,193.75999450683597,192.9528961181641,193.6649932861328,193.6649932861328,5083166,1
2023.07.17 14:30,193.6649932861328,194.32000732421875,193.5800018310547,194.1499938964844,194.1499938964844,5312402,0
2023.07.17 15:30,194.13999938964844,194.25,193.6999969482422,193.97999572753903,193.97999572753903,6569725,0
2023.07.18 9:30,193.3500061035156,193.5800018310547,192.7949981689453,192.9850006103516,192.9850006103516,9908873,1
2023.07.18 10:30,193.0,193.65499877929688,192.88999938964844,193.1450042724609,193.1450042724609,4922994,0
2023.07.18 11:30,193.1450042724609,193.25999450683597,192.57000732421875,192.7050018310547,192.7050018310547,6601926,1
2023.07.18 12:30,192.6999969482422,192.9398956298828,192.4149932861328,192.93499755859372,192.93499755859372,4179318,1
2023.07.18 13:30,192.94000244140625,193.7899932861328,192.8999938964844,193.75999450683597,193.75999450683597,3752506,1
2023.07.18 14:30,193.7700042724609,194.147705078125,193.53140258789065,193.94000244140625,193.94000244140625,5030580,0
2023.07.18 15:30,193.9199981689453,194.3300018310547,193.5399932861328,193.72999572753903,193.72999572753903,6945845,0
2023.07.19 9:30,193.1000061035156,193.5399932861328,192.6499938964844,192.77999877929688,192.77999877929688,9832539,1
2023.07.19 10:30,192.77999877929688,193.38999938964844,192.6999969482422,193.1309967041016,193.1309967041016,6477212,1
2023.07.19 11:30,193.1300048828125,198.22999572753903,193.1000061035156,195.1100006103516,195.1100006103516,26832033,0
2023.07.19 12:30,195.1100006103516,195.6999969482422,194.30999755859372,194.33999633789065,194.33999633789065,9643363,1
2023.07.19 13:30,194.33999633789065,194.9300994873047,194.0652008056641,194.6450042724609,194.6450042724609,5334040,1
2023.07.19 14:30,194.6499938964844,195.72000122070312,194.63999938964844,195.3800048828125,195.3800048828125,5464164,0
2023.07.19 15:30,195.3699951171875,195.4499969482422,194.92999267578125,195.0850067138672,195.0850067138672,4574533,0
2023.07.20 9:30,195.08999633789065,196.47000122070312,194.70199584960935,194.9080047607422,194.9080047607422,14270108,0
2023.07.20 10:30,194.9026031494141,194.96499633789065,193.9501037597656,194.6000061035156,194.6000061035156,7582116,1
2023.07.20 11:30,194.6100006103516,195.58990478515625,194.25999450683597,194.6199951171875,194.6199951171875,7531649,0
2023.07.20 12:30,194.5800018310547,194.97999572753903,193.8800048828125,194.25999450683597,194.25999450683597,5336329,0
2023.07.20 13:30,194.25,194.5500030517578,193.1199951171875,193.19009399414065,193.19009399414065,4183300,0
2023.07.20 14:30,193.19000244140625,193.4900054931641,192.4949951171875,192.5449981689453,192.5449981689453,5840450,1
2023.07.20 15:30,192.5449981689453,193.41000366210935,192.5200042724609,193.13999938964844,193.13999938964844,6715192,0
2023.07.21 9:30,194.1000061035156,194.97000122070312,192.8300018310547,192.8699951171875,192.8699951171875,13229329,1
2023.07.21 10:30,192.86129760742188,193.80999755859372,192.80999755859372,193.59500122070312,193.59500122070312,5063006,0
2023.07.21 11:30,193.59500122070312,193.7700042724609,192.5800018310547,192.6082000732422,192.6082000732422,5628413,1
2023.07.21 12:30,192.62469482421875,192.72000122070312,191.9600067138672,192.6999969482422,192.6999969482422,4075783,1
2023.07.21 13:30,192.6999969482422,193.22000122070312,192.38999938964844,192.7250061035156,192.7250061035156,4254936,0
2023.07.21 14:30,192.72999572753903,193.0399932861328,192.1300048828125,192.3999938964844,192.3999938964844,3551173,0
2023.07.21 15:30,192.41000366210935,192.4600067138672,191.22999572753903,191.92999267578125,191.92999267578125,8490066,1
2023.07.24 9:30,193.41000366210935,194.91000366210935,192.9600067138672,193.72999572753903,193.72999572753903,12627793,0
2023.07.24 10:30,193.7277984619141,193.82000732421875,192.97999572753903,193.2700042724609,193.2700042724609,4240973,0
2023.07.24 11:30,193.25999450683597,193.42010498046875,192.8300018310547,193.1649932861328,193.1649932861328,8403353,0
2023.07.24 12:30,193.17999267578125,193.25,192.88999938964844,192.97999572753903,192.97999572753903,2855093,1
2023.07.24 13:30,192.97000122070312,193.45989990234372,192.76499938964844,193.2449951171875,193.2449951171875,3096938,0
2023.07.24 14:30,193.24249267578125,193.25,192.3500061035156,192.3699951171875,192.3699951171875,3938200,1
2023.07.24 15:30,192.37229919433597,192.7899932861328,192.25,192.7350006103516,192.7350006103516,3506994,1
2023.07.25 9:30,193.3600006103516,194.1999969482422,192.9149932861328,193.3950042724609,193.3950042724609,7751435,1
2023.07.25 10:30,193.3950042724609,193.97999572753903,193.22999572753903,193.82000732421875,193.82000732421875,3846276,0
2023.07.25 11:30,193.8300018310547,194.1300048828125,193.6100006103516,193.7646942138672,193.7646942138672,3122238,1
2023.07.25 12:30,193.75,194.22999572753903,193.6150054931641,194.1999969482422,194.1999969482422,2658117,0
2023.07.25 13:30,194.2100067138672,194.25999450683597,193.8699951171875,194.12120056152344,194.12120056152344,2495488,1
2023.07.25 14:30,194.1300048828125,194.44000244140625,193.91000366210935,194.2749938964844,194.2749938964844,5108157,0
2023.07.25 15:30,194.2700042724609,194.32000732421875,193.6000061035156,193.6300048828125,193.6300048828125,4388854,1
2023.07.26 9:30,193.6699981689453,194.17999267578125,193.32000732421875,193.97999572753903,193.97999572753903,7467392,1
2023.07.26 10:30,193.9723052978516,194.72000122070312,193.92999267578125,194.2400054931641,194.2400054931641,5368084,1
2023.07.26 11:30,194.2400054931641,194.94000244140625,194.2200927734375,194.50999450683597,194.50999450683597,2946172,0
2023.07.26 12:30,194.5,194.75,194.18499755859372,194.3600006103516,194.3600006103516,3037029,0
2023.07.26 13:30,194.33999633789065,194.7400054931641,193.94000244140625,194.2700042724609,194.2700042724609,3468186,0
2023.07.26 14:30,194.25,195.63999938964844,193.66000366210935,194.21499633789065,194.21499633789065,8674836,1
2023.07.26 15:30,194.2100067138672,194.8500061035156,193.8600006103516,194.5200042724609,194.5200042724609,5099963,1
2023.07.27 9:30,196.0200042724609,197.1999969482422,195.82000732421875,195.97000122070312,195.97000122070312,10214797,1
2023.07.27 10:30,195.97999572753903,196.64990234375,195.4499969482422,196.13999938964844,196.13999938964844,5564699,1
2023.07.27 11:30,196.1499938964844,196.44000244140625,195.7100067138672,196.30499267578125,196.30499267578125,4042621,0
2023.07.27 12:30,196.30799865722656,196.42999267578125,194.9600067138672,195.00999450683597,195.00999450683597,4224652,0
2023.07.27 13:30,195.0,195.11019897460935,193.72000122070312,193.72999572753903,193.72999572753903,5380238,0
2023.07.27 14:30,193.7250061035156,193.91000366210935,192.8300018310547,193.00999450683597,193.00999450683597,6333315,1
2023.07.27 15:30,193.0200042724609,193.55999755859372,192.5500030517578,193.22999572753903,193.22999572753903,5973921,1
2023.07.28 9:30,194.6699981689453,196.05999755859372,194.13999938964844,195.6199951171875,195.6199951171875,10400275,1
2023.07.28 10:30,195.6199951171875,196.44790649414065,195.30999755859372,196.1999969482422,196.1999969482422,5771139,1
2023.07.28 11:30,196.1999969482422,196.62600708007807,196.08999633789065,196.4210968017578,196.4210968017578,3974600,0
2023.07.28 12:30,196.4199981689453,196.42990112304688,195.5500030517578,195.58999633789065,195.58999633789065,3638525,1
2023.07.28 13:30,195.5800018310547,196.1416931152344,195.02999877929688,196.09019470214844,196.09019470214844,4708664,0
2023.07.28 14:30,196.08999633789065,196.1999969482422,195.5449981689453,195.76499938964844,195.76499938964844,4068031,1
2023.07.28 15:30,195.76499938964844,196.0,195.4199981689453,195.83999633789065,195.83999633789065,5907577,1
2023.07.31 9:30,196.05999755859372,196.3800048828125,195.25999450683597,196.2400054931641,196.2400054931641,8917920,0
2023.07.31 10:30,196.25,196.4900054931641,195.8809967041016,196.1750030517578,196.1750030517578,4350087,0
2023.07.31 11:30,196.19000244140625,196.3699951171875,195.7700042724609,196.1544952392578,196.1544952392578,3557921,0
2023.07.31 12:30,196.1499938964844,196.25,195.77999877929688,196.12989807128903,196.12989807128903,2730653,1
2023.07.31 13:30,196.125,196.38999938964844,196.07000732421875,196.16000366210935,196.16000366210935,2806909,0
2023.07.31 14:30,196.1750030517578,196.3500061035156,195.93499755859372,196.0876007080078,196.0876007080078,3009785,1
2023.07.31 15:30,196.0800018310547,196.4900054931641,195.7899932861328,196.4900054931641,196.4900054931641,5194547,0
2023.08.01 9:30,196.2350006103516,196.72999572753903,195.27999877929688,195.4750061035156,195.4750061035156,9552101,1
2023.08.01 10:30,195.47999572753903,196.17999267578125,195.3300018310547,196.1150054931641,196.1150054931641,4389743,0
2023.08.01 11:30,196.1100006103516,196.1450042724609,195.41000366210935,195.49729919433597,195.49729919433597,2991657,1
2023.08.01 12:30,195.47999572753903,196.0399932861328,195.3500061035156,195.72950744628903,195.72950744628903,2445951,1
2023.08.01 13:30,195.7350006103516,196.2700958251953,195.52999877929688,196.0532989501953,196.0532989501953,3075209,0
2023.08.01 14:30,196.05499267578125,196.1199951171875,195.67999267578125,195.80999755859372,195.80999755859372,2743032,0
2023.08.01 15:30,195.81500244140625,195.9900054931641,195.5,195.6000061035156,195.6000061035156,3929736,0
2023.08.02 9:30,195.0399932861328,195.17999267578125,192.9499969482422,193.2781982421875,193.2781982421875,10753790,0
2023.08.02 10:30,193.2700042724609,193.30999755859372,192.5200042724609,193.00999450683597,193.00999450683597,5724940,0
2023.08.02 11:30,193.00489807128903,193.2711944580078,191.85069274902344,191.92999267578125,191.92999267578125,5580357,1
2023.08.02 12:30,191.9326019287109,193.1199951171875,191.8600006103516,192.9900054931641,192.9900054931641,4102063,0
2023.08.02 13:30,192.9900054931641,193.25999450683597,192.7100067138672,192.97000122070312,192.97000122070312,3262475,0
2023.08.02 14:30,192.97000122070312,193.02999877929688,192.25010681152344,192.3000030517578,192.3000030517578,3971080,1
2023.08.02 15:30,192.3000030517578,192.97999572753903,192.22000122070312,192.58999633789065,192.58999633789065,5998415,0
2023.08.03 9:30,192.0,192.27999877929688,190.83999633789065,190.88999938964844,190.88999938964844,10722471,1
2023.08.03 10:30,190.8950042724609,192.3699951171875,190.8500061035156,192.1000061035156,192.1000061035156,6507567,0
2023.08.03 11:30,192.1100006103516,192.1999969482422,191.6100006103516,191.82640075683597,191.82640075683597,4232707,1
2023.08.03 12:30,191.8347930908203,192.3600006103516,191.72000122070312,191.88499450683597,191.88499450683597,3726909,0
2023.08.03 13:30,191.8800048828125,191.9600067138672,191.1999969482422,191.7350006103516,191.7350006103516,4770788,0
2023.08.03 14:30,191.7400054931641,191.9499969482422,191.07000732421875,191.16000366210935,191.16000366210935,5711558,0
2023.08.03 15:30,191.1585998535156,191.72999572753903,190.9900054931641,191.0099029541016,191.0099029541016,7921604,0
2023.08.04 9:30,184.625,187.3800048828125,184.2700042724609,185.1100006103516,185.1100006103516,38359717,1
2023.08.04 10:30,185.1000061035156,186.375,184.92999267578125,185.30999755859372,185.30999755859372,11146174,1
2023.08.04 11:30,185.31500244140625,185.77999877929688,184.92999267578125,185.47999572753903,185.47999572753903,8214884,0
2023.08.04 12:30,185.47999572753903,185.4949951171875,184.7899932861328,184.97999572753903,184.97999572753903,6937705,0
2023.08.04 13:30,184.97999572753903,185.1699981689453,183.17999267578125,183.3650054931641,183.3650054931641,12486440,0
2023.08.04 14:30,183.3650054931641,183.5500030517578,182.07000732421875,182.69000244140625,182.69000244140625,14200786,0
2023.08.04 15:30,182.6999969482422,182.8800048828125,181.9199981689453,182.0,182.0,11958133,0
2023.08.07 9:30,182.1300048828125,183.1300048828125,178.21009826660156,179.03500366210938,179.03500366210938,33752946,0
2023.08.07 10:30,179.02999877929688,179.30999755859375,177.55999755859375,177.77000427246094,177.77000427246094,14565264,1
2023.08.07 11:30,177.76499938964844,178.8300018310547,177.35000610351562,178.36500549316406,178.36500549316406,9796158,0
2023.08.07 12:30,178.36500549316406,178.47000122070312,177.74000549316406,178.3350067138672,178.3350067138672,7158027,1
2023.08.07 13:30,178.33999633789062,179.0399932861328,178.0500030517578,178.4499969482422,178.4499969482422,7271723,1
2023.08.07 14:30,178.47000122070312,178.7100067138672,178.22000122070312,178.4801025390625,178.4801025390625,5824274,1
2023.08.07 15:30,178.48500061035156,179.22000122070312,178.38999938964844,178.8000030517578,178.8000030517578,10179669,1
2023.08.08 9:30,179.375,179.4656982421875,177.5800018310547,179.17999267578125,179.17999267578125,21892224,0
2023.08.08 10:30,179.19000244140625,179.22000122070312,177.93499755859375,178.0399932861328,178.0399932861328,8911585,1
2023.08.08 11:30,178.0399932861328,178.80499267578125,177.8249969482422,178.69000244140625,178.69000244140625,5710443,1
2023.08.08 12:30,178.67999267578125,179.47999572753906,178.5800018310547,178.89329528808594,178.89329528808594,6004228,1
2023.08.08 13:30,178.88999938964844,179.4199981689453,178.6999969482422,179.16000366210938,179.16000366210938,4572073,1
2023.08.08 14:30,179.1699981689453,179.94000244140625,179.0399932861328,179.80999755859375,179.80999755859375,6486734,0
2023.08.08 15:30,179.81500244140625,180.2700042724609,179.55499267578125,179.8000030517578,179.8000030517578,8031483,0
2023.08.09 9:30,180.8699951171875,180.92999267578125,178.13999938964844,178.6999053955078,178.6999053955078,12630855,0
2023.08.09 10:30,178.69149780273438,178.8350067138672,177.00999450683594,177.47999572753906,177.47999572753906,9507753,1
2023.08.09 11:30,177.47000122070312,178.11000061035156,177.24000549316406,178.0050048828125,178.0050048828125,6732462,1
2023.08.09 12:30,178.0,178.77000427246094,177.99000549316406,178.66000366210938,178.66000366210938,4980367,1
2023.08.09 13:30,178.65899658203125,179.36000061035156,178.55299377441406,179.2949981689453,179.2949981689453,5273087,0
2023.08.09 14:30,179.2949981689453,179.58999633789062,178.78909301757812,179.02999877929688,179.02999877929688,5760641,0
2023.08.09 15:30,179.02999877929688,179.08999633789062,177.99000549316406,178.17999267578125,178.17999267578125,6307783,1
2023.08.10 9:30,179.47999572753906,180.75,178.86000061035156,180.10000610351562,180.10000610351562,12566820,0
2023.08.10 10:30,180.09800720214844,180.42999267578125,178.69000244140625,179.13999938964844,179.13999938964844,8122194,0
2023.08.10 11:30,179.13999938964844,179.44000244140625,177.97000122070312,178.3800048828125,178.3800048828125,6203521,0
2023.08.10 12:30,178.36000061035156,178.91990661621094,177.8000030517578,178.0449981689453,178.0449981689453,5210753,1
2023.08.10 13:30,178.0399932861328,178.69039916992188,177.60000610351562,178.235107421875,178.235107421875,5437225,0
2023.08.10 14:30,178.24000549316406,178.6999969482422,177.9033966064453,178.22000122070312,178.22000122070312,5214615,0
2023.08.10 15:30,178.22000122070312,178.27000427246094,177.72000122070312,178.00999450683594,178.00999450683594,5175086,1
2023.08.11 9:30,177.32000732421875,178.6199951171875,176.5500030517578,178.27000427246094,178.27000427246094,12921445,0
2023.08.11 10:30,178.2899932861328,178.60499572753906,177.42999267578125,177.47000122070312,177.47000122070312,6461113,1
2023.08.11 11:30,177.47000122070312,178.09500122070312,177.281005859375,177.56350708007812,177.56350708007812,4703683,1
2023.08.11 12:30,177.55999755859375,177.97000122070312,177.20010375976562,177.90499877929688,177.90499877929688,3873234,1
2023.08.11 13:30,177.89999389648438,178.3300018310547,177.5,178.30999755859375,178.30999755859375,4393899,0
2023.08.11 14:30,178.2989959716797,178.5500030517578,177.860107421875,178.10000610351562,178.10000610351562,6497650,0
2023.08.11 15:30,178.09500122070312,178.27000427246094,177.66990661621094,177.86000061035156,177.86000061035156,6647317,1
2023.08.14 9:30,177.97000122070312,178.86000061035156,177.30499267578125,178.27000427246094,178.27000427246094,10812784,1
2023.08.14 10:30,178.27000427246094,179.69000244140625,178.25999450683594,179.35000610351562,179.35000610351562,5992774,0
2023.08.14 11:30,179.35000610351562,179.48800659179688,178.6199951171875,178.71449279785156,178.71449279785156,4378348,1
2023.08.14 12:30,178.7100067138672,179.44000244140625,178.58999633789062,179.2279052734375,179.2279052734375,2818584,0
2023.08.14 13:30,179.22999572753906,179.35000610351562,178.90960693359375,179.08999633789062,179.08999633789062,3509102,0
2023.08.14 14:30,179.10000610351562,179.14500427246094,178.6999969482422,178.96499633789062,178.96499633789062,3630382,1
2023.08.14 15:30,178.9600067138672,179.52000427246094,178.86000061035156,179.50999450683594,179.50999450683594,4432031,0
2023.08.15 9:30,178.8800048828125,179.47999572753906,177.52999877929688,177.81190490722656,177.81190490722656,12703499,1
2023.08.15 10:30,177.81500244140625,178.22999572753906,177.3800048828125,178.14990234375,178.14990234375,5402195,1
2023.08.15 11:30,178.14500427246094,178.44000244140625,177.85000610351562,178.1699981689453,178.1699981689453,3458252,0
2023.08.15 12:30,178.1699981689453,178.24000549316406,177.781005859375,178.12989807128906,178.12989807128906,2516771,0
2023.08.15 13:30,178.1300048828125,178.16000366210938,177.6199951171875,177.88999938964844,177.88999938964844,2642967,0
2023.08.15 14:30,177.89999389648438,178.23500061035156,177.27000427246094,177.28500366210938,177.28500366210938,3564304,1
2023.08.15 15:30,177.27999877929688,177.72000122070312,177.0500030517578,177.47999572753906,177.47999572753906,5373129,1
2023.08.16 9:30,177.1300048828125,178.5399932861328,176.83999633789062,177.82000732421875,177.82000732421875,12297530,0
2023.08.16 10:30,177.80999755859375,178.3350067138672,177.67999267578125,177.80999755859375,177.80999755859375,4532188,0
2023.08.16 11:30,177.8000030517578,177.91000366210938,177.30499267578125,177.4199981689453,177.4199981689453,4300138,1
2023.08.16 12:30,177.41000366210938,177.9499969482422,177.32000732421875,177.86500549316406,177.86500549316406,3446585,1
2023.08.16 13:30,177.86000061035156,178.37710571289062,177.30999755859375,178.10000610351562,178.10000610351562,4313172,0
2023.08.16 14:30,178.10000610351562,178.30999755859375,176.85000610351562,177.1199951171875,177.1199951171875,5075697,0
2023.08.16 15:30,177.1300048828125,177.3092041015625,176.5,176.55859375,176.55859375,5360973,0
2023.08.17 9:30,177.13999938964844,177.50540161132812,174.28500366210938,174.74000549316406,174.74000549316406,16587675,0
2023.08.17 10:30,174.72999572753906,175.0,173.8300018310547,174.27000427246094,174.27000427246094,7807453,1
2023.08.17 11:30,174.27000427246094,175.02000427246094,174.10000610351562,174.95140075683594,174.95140075683594,4754168,0
2023.08.17 12:30,174.9600067138672,175.08999633789062,174.52000427246094,174.55999755859375,174.55999755859375,4392989,0
2023.08.17 13:30,174.55999755859375,174.55999755859375,173.94500732421875,174.25,174.25,4360074,0
2023.08.17 14:30,174.2550048828125,174.27999877929688,173.47999572753906,174.0800018310547,174.0800018310547,8816597,0
2023.08.17 15:30,174.07000732421875,174.88999938964844,173.66000366210938,173.99000549316406,173.99000549316406,6915442,0
2023.08.18 9:30,172.3000030517578,173.36000061035156,171.9600067138672,172.8000030517578,172.8000030517578,14023663,1
2023.08.18 10:30,172.80999755859375,173.9499969482422,172.75999450683594,173.4600067138672,173.4600067138672,7390073,1
2023.08.18 11:30,173.4600067138672,174.44000244140625,173.281005859375,173.82000732421875,173.82000732421875,5382625,1
2023.08.18 12:30,173.82000732421875,174.36500549316406,173.8000030517578,174.27499389648438,174.27499389648438,5780233,1
2023.08.18 13:30,174.27499389648438,174.74989318847656,174.125,174.5500030517578,174.5500030517578,4439646,0
2023.08.18 14:30,174.53500366210938,174.8800048828125,174.09500122070312,174.4949951171875,174.4949951171875,4570049,0
2023.08.18 15:30,174.49000549316406,175.10000610351562,174.14999389648438,174.49000549316406,174.49000549316406,6239136,0
2023.08.21 9:30,175.07000732421875,175.57000732421875,173.9499969482422,174.02000427246094,174.02000427246094,10340812,0
2023.08.21 10:30,174.02999877929688,174.6199951171875,173.73500061035156,173.99000549316406,173.99000549316406,5012600,1
2023.08.21 11:30,173.99000549316406,174.82000732421875,173.860107421875,174.77499389648438,174.77499389648438,3779769,1
2023.08.21 12:30,174.77999877929688,175.52499389648438,174.67999267578125,175.36000061035156,175.36000061035156,4332537,1
2023.08.21 13:30,175.3572998046875,175.75,175.1199951171875,175.5399932861328,175.5399932861328,3394041,1
2023.08.21 14:30,175.5500030517578,175.9781951904297,175.472900390625,175.74000549316406,175.74000549316406,3913477,1
2023.08.21 15:30,175.74000549316406,176.1300048828125,175.63999938964844,175.8000030517578,175.8000030517578,4636842,1
2023.08.22 9:30,177.05999755859375,177.08999633789062,176.25,176.92999267578125,176.92999267578125,8840402,1
2023.08.22 10:30,176.9228973388672,177.42999267578125,176.25999450683594,177.21499633789062,177.21499633789062,6823573,0
2023.08.22 11:30,177.22999572753906,177.32000732421875,176.27000427246094,176.81410217285156,176.81410217285156,4127719,1
2023.08.22 12:30,176.8300018310547,177.37989807128906,176.77000427246094,177.1300048828125,177.1300048828125,4129353,1
2023.08.22 13:30,177.1300048828125,177.2550048828125,176.8031005859375,177.2100067138672,177.2100067138672,3198271,1
2023.08.22 14:30,177.21499633789062,177.67999267578125,177.02000427246094,177.30999755859375,177.30999755859375,4195297,0
2023.08.22 15:30,177.30999755859375,177.4600067138672,177.0800018310547,177.22000122070312,177.22000122070312,4830774,1
2023.08.23 9:30,178.52000427246094,180.38999938964844,178.3249969482422,180.10499572753906,180.10499572753906,13320694,1
2023.08.23 10:30,180.11000061035156,181.3311004638672,180.07000732421875,181.1499938964844,181.1499938964844,7840729,0
2023.08.23 11:30,181.1499938964844,181.30999755859372,180.6300048828125,180.72999572753903,180.72999572753903,5073177,1
2023.08.23 12:30,180.72999572753903,181.2899932861328,180.6300048828125,181.2400054931641,181.2400054931641,3589783,0
2023.08.23 13:30,181.2321014404297,181.5500030517578,180.89059448242188,181.05999755859372,181.05999755859372,4297276,1
2023.08.23 14:30,181.0691070556641,181.5399932861328,180.8000030517578,181.53500366210935,181.53500366210935,4033888,0
2023.08.23 15:30,181.53500366210935,181.5399932861328,181.0,181.13999938964844,181.13999938964844,5637981,0
2023.08.24 9:30,180.6739959716797,181.10400390625,178.38999938964844,178.40199279785156,178.40199279785156,11377763,0
2023.08.24 10:30,178.40989685058594,178.45620727539062,177.64999389648438,178.125,178.125,7199973,0
2023.08.24 11:30,178.1199951171875,178.3000030517578,177.5,178.05990600585938,178.05990600585938,4445092,0
2023.08.24 12:30,178.0500030517578,178.30999755859375,177.68060302734375,177.74000549316406,177.74000549316406,2987748,0
2023.08.24 13:30,177.72999572753906,177.92999267578125,177.42999267578125,177.5240020751953,177.5240020751953,3324350,0
2023.08.24 14:30,177.52000427246094,177.63999938964844,176.8000030517578,176.82000732421875,176.82000732421875,5186796,0
2023.08.24 15:30,176.82000732421875,176.88999938964844,176.00999450683594,176.3300018310547,176.3300018310547,7256991,1
2023.08.25 9:30,177.3800048828125,178.6300048828125,176.82000732421875,177.00999450683594,177.00999450683594,9715105,1
2023.08.25 10:30,177.01499938964844,177.41000366210938,175.8699951171875,177.36000061035156,177.36000061035156,7324319,1
2023.08.25 11:30,177.36000061035156,177.77000427246094,176.5500030517578,177.75,177.75,4074608,0
2023.08.25 12:30,177.75,177.83999633789062,177.08999633789062,177.39990234375,177.39990234375,3100211,1
2023.08.25 13:30,177.3800048828125,178.49000549316406,176.94000244140625,178.4499969482422,178.4499969482422,3646868,1
2023.08.25 14:30,178.4600067138672,179.13999938964844,178.1300048828125,179.125,179.125,5163636,0
2023.08.25 15:30,179.12240600585938,179.14999389648438,178.44000244140625,178.60000610351562,178.60000610351562,6092552,1
2023.08.28 9:30,180.08999633789062,180.1999969482422,178.7899932861328,179.7899932861328,179.7899932861328,8960343,0
2023.08.28 10:30,179.8000030517578,179.8000030517578,178.67999267578125,178.7781982421875,178.7781982421875,4693449,1
2023.08.28 11:30,178.77000427246094,179.11500549316406,178.5449981689453,178.80999755859375,178.80999755859375,3748464,1
2023.08.28 12:30,178.82000732421875,180.139892578125,178.75,179.9550018310547,179.9550018310547,3845609,0
2023.08.28 13:30,179.9600067138672,180.08990478515625,179.13839721679688,179.53939819335938,179.53939819335938,3839420,1
2023.08.28 14:30,179.5500030517578,180.00999450683594,179.35000610351562,179.90499877929688,179.90499877929688,3598477,1
2023.08.28 15:30,179.88999938964844,180.58999633789065,179.80499267578125,180.2100067138672,180.2100067138672,5793020,1
2023.08.29 9:30,179.69500732421875,182.57000732421875,179.5,182.3999938964844,182.3999938964844,10483972,1
2023.08.29 10:30,182.41000366210935,183.1199951171875,182.2100067138672,183.02999877929688,183.02999877929688,6426605,1
2023.08.29 11:30,183.02999877929688,183.58999633789065,183.00999450683597,183.5850067138672,183.5850067138672,5387501,1
2023.08.29 12:30,183.5850067138672,183.8101043701172,183.39010620117188,183.7400054931641,183.7400054931641,4098578,1
2023.08.29 13:30,183.7400054931641,184.3699951171875,183.4900054931641,184.33009338378903,184.33009338378903,4916618,1
2023.08.29 14:30,184.3300018310547,184.84750366210935,184.1800994873047,184.81500244140625,184.81500244140625,5827045,0
2023.08.29 15:30,184.81500244140625,184.8999938964844,184.0200042724609,184.1199951171875,184.1199951171875,6977115,1
2023.08.30 9:30,184.94000244140625,187.6699981689453,184.7400054931641,186.18499755859372,186.18499755859372,19124821,1
2023.08.30 10:30,186.19000244140625,186.8000030517578,186.1300048828125,186.6300048828125,186.6300048828125,6789360,1
2023.08.30 11:30,186.6300048828125,187.4900054931641,186.6100006103516,187.42999267578125,187.42999267578125,5270270,0
2023.08.30 12:30,187.44000244140625,187.7700042724609,187.1999969482422,187.29010009765625,187.29010009765625,4476042,0
2023.08.30 13:30,187.3000030517578,187.58999633789065,186.6499938964844,186.8500061035156,186.8500061035156,5268054,1
2023.08.30 14:30,186.8500061035156,187.67999267578125,186.77999877929688,187.38499450683597,187.38499450683597,5148496,1
2023.08.30 15:30,187.38999938964844,187.7899932861328,187.32000732421875,187.6699981689453,187.6699981689453,7064215,1
2023.08.31 9:30,187.83999633789065,188.5099029541016,187.6499938964844,188.3300018310547,188.3300018310547,9863175,1
2023.08.31 10:30,188.33999633789065,188.75999450683597,188.1150054931641,188.4900054931641,188.4900054931641,5013288,0
2023.08.31 11:30,188.4850006103516,188.64810180664065,187.77999877929688,187.97999572753903,187.97999572753903,4094095,1
2023.08.31 12:30,187.97999572753903,188.1699981689453,187.47999572753903,188.13999938964844,188.13999938964844,4773378,1
2023.08.31 13:30,188.13999938964844,188.67999267578125,187.82980346679688,188.59500122070312,188.59500122070312,3665165,1
2023.08.31 14:30,188.59500122070312,189.05999755859372,188.4149932861328,188.91009521484372,188.91009521484372,5624889,0
2023.08.31 15:30,188.9199981689453,189.1199951171875,187.75,187.8699951171875,187.8699951171875,9079211,1
2023.09.01 9:30,189.4850006103516,189.9199981689453,188.27999877929688,189.27999877929688,189.27999877929688,12242102,0
2023.09.01 10:30,189.2700042724609,189.27999877929688,188.31100463867188,188.66000366210935,188.66000366210935,5217745,1
2023.09.01 11:30,188.67999267578125,189.2100067138672,188.360107421875,189.1150054931641,189.1150054931641,4230174,0
2023.09.01 12:30,189.1100006103516,189.32000732421875,188.83999633789065,189.0,189.0,3233746,0
2023.09.01 13:30,188.9900054931641,189.2250061035156,188.6300048828125,188.7200927734375,188.7200927734375,3052530,1
2023.09.01 14:30,188.72000122070312,189.0800018310547,188.5200042724609,189.0500030517578,189.0500030517578,3627574,1
2023.09.01 15:30,189.0500030517578,189.5399932861328,188.94000244140625,189.47000122070312,189.47000122070312,4793086,0
2023.09.05 9:30,188.27999877929688,189.07000732421875,187.6100006103516,188.6699981689453,188.6699981689453,13565557,1
2023.09.05 10:30,188.6649932861328,189.6100006103516,188.2899932861328,189.1499938964844,189.1499938964844,7398289,1
2023.09.05 11:30,189.1649932861328,189.75999450683597,188.97999572753903,189.58729553222656,189.58729553222656,3666857,0
2023.09.05 12:30,189.58999633789065,189.80999755859372,189.19500732421875,189.22999572753903,189.22999572753903,3751400,1
2023.09.05 13:30,189.22999572753903,189.8800048828125,189.16000366210935,189.83999633789065,189.83999633789065,2548172,0
2023.09.05 14:30,189.84500122070312,189.9499969482422,189.47000122070312,189.5478057861328,189.5478057861328,3515932,1
2023.09.05 15:30,189.5449981689453,189.97999572753903,189.5200042724609,189.69000244140625,189.69000244140625,4426456,0
2023.09.06 9:30,188.5200042724609,188.7350006103516,183.92999267578125,184.1699981689453,184.1699981689453,21161767,0
2023.09.06 10:30,184.1499938964844,184.6499938964844,183.52999877929688,184.0200042724609,184.0200042724609,9791448,0
2023.09.06 11:30,184.02999877929688,184.32000732421875,183.16000366210935,183.2104034423828,183.2104034423828,7041474,0
2023.09.06 12:30,183.2100067138672,183.4199981689453,182.7700042724609,182.9154052734375,182.9154052734375,6669291,0
2023.09.06 13:30,182.91000366210935,183.1699981689453,182.1300048828125,182.63429260253903,182.63429260253903,6995038,0
2023.09.06 14:30,182.63499450683597,182.8999938964844,181.47000122070312,181.5200042724609,181.5200042724609,9282024,1
2023.09.06 15:30,181.52999877929688,183.0200042724609,181.4900054931641,182.88999938964844,182.88999938964844,11908074,0
2023.09.07 9:30,175.17999267578125,177.7198944091797,173.67999267578125,176.25,176.25,46268048,1
2023.09.07 10:30,176.08999633789062,178.2100067138672,175.72999572753906,177.3300018310547,177.3300018310547,14542878,0
2023.09.07 11:30,177.17999267578125,177.7100067138672,176.64999389648438,177.25999450683594,177.25999450683594,9294593,0
2023.09.07 12:30,177.25,177.67999267578125,175.9499969482422,176.5814971923828,176.5814971923828,7789750,0
2023.09.07 13:30,176.58999633789062,177.14999389648438,176.2830047607422,176.52499389648438,176.52499389648438,7294225,1
2023.09.07 14:30,176.52000427246094,177.4600067138672,176.49000549316406,177.4600067138672,177.4600067138672,7666558,1
2023.09.07 15:30,177.468994140625,178.13999938964844,177.44000244140625,177.55999755859375,177.55999755859375,10212878,1
2023.09.08 9:30,178.35000610351562,180.23899841308597,178.3300018310547,179.52499389648438,179.52499389648438,18465837,1
2023.09.08 10:30,179.52999877929688,179.8800048828125,178.6999969482422,179.81179809570312,179.81179809570312,9907577,0
2023.09.08 11:30,179.82000732421875,180.1999969482422,179.27999877929688,179.55499267578125,179.55499267578125,6904523,1
2023.09.08 12:30,179.5500030517578,179.7949981689453,179.2100067138672,179.5850067138672,179.5850067138672,4543261,0
2023.09.08 13:30,179.58999633789062,179.91000366210938,178.74009704589844,178.8802032470703,178.8802032470703,5928016,0
2023.09.08 14:30,178.88499450683594,179.05499267578125,177.80999755859375,177.94500732421875,177.94500732421875,7905873,1
2023.09.08 15:30,177.94000244140625,178.33999633789062,177.7899932861328,178.19000244140625,178.19000244140625,6222769,0
2023.09.11 9:30,180.0677032470703,180.3000030517578,177.39999389648438,177.88999938964844,177.88999938964844,17201323,1
2023.09.11 10:30,177.89999389648438,178.9499969482422,177.33999633789062,178.75,178.75,7795305,0
2023.09.11 11:30,178.75,178.86000061035156,178.21009826660156,178.68499755859375,178.68499755859375,5391092,1
2023.09.11 12:30,178.68910217285156,179.30239868164062,178.3300018310547,179.26499938964844,179.26499938964844,4906207,1
2023.09.11 13:30,179.27000427246094,179.5500030517578,179.00999450683594,179.51499938964844,179.51499938964844,4669579,1
2023.09.11 14:30,179.51499938964844,179.92999267578125,179.36000061035156,179.69500732421875,179.69500732421875,5243855,0
2023.09.11 15:30,179.6999969482422,179.9499969482422,179.16000366210938,179.3800048828125,179.3800048828125,6113050,0
2023.09.12 9:30,179.49000549316406,180.1300048828125,177.4600067138672,177.5500030517578,177.5500030517578,14031054,0
2023.09.12 10:30,177.5500030517578,177.77999877929688,176.22999572753906,176.6999969482422,176.6999969482422,11245527,0
2023.09.12 11:30,176.71200561523438,177.18020629882812,176.52000427246094,176.60499572753906,176.60499572753906,7173805,1
2023.09.12 12:30,176.61000061035156,177.8699951171875,176.39500427246094,177.5699005126953,177.5699005126953,7438948,0
2023.09.12 13:30,177.57000732421875,177.85009765625,174.82000732421875,176.10000610351562,176.10000610351562,20649861,0
2023.09.12 14:30,176.11000061035156,176.75,175.00039672851562,175.72000122070312,175.72000122070312,12509398,1
2023.09.12 15:30,175.72000122070312,176.4600067138672,175.49009704589844,176.30999755859375,176.30999755859375,9412994,0
2023.09.13 9:30,176.50999450683594,177.3000030517578,174.07000732421875,175.18960571289062,175.18960571289062,21766845,1
2023.09.13 10:30,175.19000244140625,175.5,174.6699981689453,175.2165069580078,175.2165069580078,12005313,1
2023.09.13 11:30,175.1999969482422,176.22000122070312,174.8699951171875,175.72000122070312,175.72000122070312,8109672,0
2023.09.13 12:30,175.72999572753906,175.77000427246094,175.25999450683594,175.32130432128906,175.32130432128906,5648279,0
2023.09.13 13:30,175.3300018310547,175.5,174.75,174.83999633789062,174.83999633789062,5865480,1
2023.09.13 14:30,174.83999633789062,175.19000244140625,174.36000061035156,175.05999755859375,175.05999755859375,8235325,0
2023.09.13 15:30,175.06500244140625,175.19940185546875,173.97999572753906,174.16000366210938,174.16000366210938,11235045,1
2023.09.14 9:30,174.0,175.6300048828125,173.5800018310547,174.80999755859375,174.80999755859375,15837677,1
2023.09.14 10:30,174.80999755859375,175.75999450683594,174.80999755859375,175.38999938964844,175.38999938964844,8766723,1
2023.09.14 11:30,175.38999938964844,176.0,174.8300018310547,175.52000427246094,175.52000427246094,5558002,1
2023.09.14 12:30,175.50999450683594,175.97000122070312,175.02000427246094,175.7946014404297,175.7946014404297,5541936,0
2023.09.14 13:30,175.8000030517578,176.0399932861328,175.3000030517578,175.3699951171875,175.3699951171875,5192134,1
2023.09.14 14:30,175.36500549316406,176.10000610351562,175.30999755859375,175.6699981689453,175.6699981689453,5023774,1
2023.09.14 15:30,175.6699981689453,175.86000061035156,175.55999755859375,175.67999267578125,175.67999267578125,5327480,0
2023.09.15 9:30,175.85000610351562,176.05999755859375,174.5500030517578,175.16000366210938,175.16000366210938,28875723,0
2023.09.15 10:30,175.14999389648438,175.3800048828125,174.52499389648438,174.86570739746094,174.86570739746094,8301989,0
2023.09.15 11:30,174.86000061035156,175.14999389648438,174.58999633789062,174.74000549316406,174.74000549316406,5925317,0
2023.09.15 12:30,174.72999572753906,175.0399932861328,174.00999450683594,174.0800018310547,174.0800018310547,5505065,1
2023.09.15 13:30,174.07000732421875,174.6300048828125,173.82000732421875,174.2449951171875,174.2449951171875,6242467,1
2023.09.15 14:30,174.24000549316406,174.8000030517578,174.13870239257812,174.76499938964844,174.76499938964844,6186199,1
2023.09.15 15:30,174.77000427246094,175.1199951171875,174.6300048828125,174.9600067138672,174.9600067138672,9404404,1
2023.09.18 9:30,176.47999572753906,178.97999572753906,176.1699981689453,177.0218963623047,177.0218963623047,22986329,1
2023.09.18 10:30,177.0319061279297,177.83999633789062,176.44000244140625,177.80999755859375,177.80999755859375,7649414,1
2023.09.18 11:30,177.8000030517578,178.64999389648438,177.7449951171875,178.5449981689453,178.5449981689453,5913851,1
2023.09.18 12:30,178.5449981689453,179.2100067138672,178.5449981689453,179.11500549316406,179.11500549316406,6522049,0
2023.09.18 13:30,179.1199951171875,179.3800048828125,178.8699951171875,178.9600067138672,178.9600067138672,4692584,0
2023.09.18 14:30,178.96499633789062,179.07000732421875,178.27000427246094,178.41909790039062,178.41909790039062,5151407,0
2023.09.18 15:30,178.4149932861328,178.4149932861328,177.77499389648438,177.97999572753906,177.97999572753906,6221950,0
2023.09.19 9:30,177.52000427246094,178.6699981689453,177.1300048828125,177.75999450683594,177.75999450683594,13717340,0
2023.09.19 10:30,177.77000427246094,177.77000427246094,177.14999389648438,177.5850067138672,177.5850067138672,4986178,1
2023.09.19 11:30,177.5800018310547,178.1999969482422,177.5,178.13499450683594,178.13499450683594,4831585,1
2023.09.19 12:30,178.13999938964844,178.5800018310547,177.77999877929688,178.5800018310547,178.5800018310547,4485361,1
2023.09.19 13:30,178.5800018310547,179.38999938964844,178.57000732421875,179.13499450683594,179.13499450683594,5953775,0
2023.09.19 14:30,179.1300048828125,179.6300048828125,178.74000549316406,179.10499572753906,179.10499572753906,5357277,0
2023.09.19 15:30,179.10000610351562,179.44000244140625,178.92999267578125,179.08999633789062,179.08999633789062,4759565,0
2023.09.20 9:30,179.25999450683594,179.69500732421875,177.25999450683594,177.5800018310547,177.5800018310547,11888750,0
2023.09.20 10:30,177.58999633789062,178.02000427246094,176.86000061035156,176.98500061035156,176.98500061035156,6443832,1
2023.09.20 11:30,176.98500061035156,177.63999938964844,176.94500732421875,177.63999938964844,177.63999938964844,3895126,0
2023.09.20 12:30,177.64999389648438,177.75999450683594,177.30999755859375,177.5,177.5,2860366,0
2023.09.20 13:30,177.5,177.79510498046875,176.5800018310547,177.1699981689453,177.1699981689453,7442547,0
2023.09.20 14:30,177.1699981689453,177.77999877929688,176.33999633789062,176.75999450683594,176.75999450683594,7722325,0
2023.09.20 15:30,176.77000427246094,176.8300018310547,175.39999389648438,175.49000549316406,175.49000549316406,8164723,0
2023.09.21 9:30,175.1699981689453,176.05999755859375,174.58999633789062,175.39520263671875,175.39520263671875,16014441,0
2023.09.21 10:30,175.3946990966797,176.3000030517578,174.82000732421875,174.9199981689453,174.9199981689453,6964271,1
2023.09.21 11:30,174.9199981689453,175.6999969482422,174.8300018310547,175.11500549316406,175.11500549316406,7618030,1
2023.09.21 12:30,175.11000061035156,175.4949951171875,174.86000061035156,175.30999755859375,175.30999755859375,5142611,0
2023.09.21 13:30,175.3101043701172,175.5399932861328,174.6300048828125,174.66000366210938,174.66000366210938,4546305,0
2023.09.21 14:30,174.66000366210938,175.0,174.22000122070312,174.27000427246094,174.27000427246094,5610628,0
2023.09.21 15:30,174.26499938964844,174.5449981689453,173.86000061035156,173.92999267578125,173.92999267578125,7023086,1
2023.09.22 9:30,174.6699981689453,175.38999938964844,174.0500030517578,175.2758026123047,175.2758026123047,10497072,1
2023.09.22 10:30,175.2899932861328,176.6199951171875,175.2823944091797,176.3800048828125,176.3800048828125,8923173,1
2023.09.22 11:30,176.3800048828125,176.75,175.94000244140625,176.61000061035156,176.61000061035156,5882339,0
2023.09.22 12:30,176.6199951171875,177.07899475097656,175.5800018310547,175.6999969482422,175.6999969482422,6590040,0
2023.09.22 13:30,175.67999267578125,175.67999267578125,174.9600067138672,175.1300048828125,175.1300048828125,5107772,1
2023.09.22 14:30,175.1199951171875,175.99000549316406,174.80999755859375,175.69000244140625,175.69000244140625,5389547,0
2023.09.22 15:30,175.68499755859375,175.78500366210938,174.6199951171875,174.74000549316406,174.74000549316406,6325268,0
2023.09.25 9:30,174.1999969482422,175.5500030517578,174.14999389648438,174.47000122070312,174.47000122070312,10347795,1
2023.09.25 10:30,174.4600067138672,176.5399932861328,174.3699951171875,176.27000427246094,176.27000427246094,6689826,1
2023.09.25 11:30,176.28799438476562,176.97000122070312,175.8800048828125,176.8800048828125,176.8800048828125,5521525,0
2023.09.25 12:30,176.88499450683594,176.91000366210938,176.0399932861328,176.1300048828125,176.1300048828125,4345407,0
2023.09.25 13:30,176.14999389648438,176.3675994873047,175.67999267578125,175.77499389648438,175.77499389648438,4024629,0
2023.09.25 14:30,175.7700958251953,176.12899780273438,174.97000122070312,175.61050415039062,175.61050415039062,5475304,1
2023.09.25 15:30,175.61000061035156,176.14999389648438,175.3699951171875,176.08999633789062,176.08999633789062,4708932,0
2023.09.26 9:30,174.82000732421875,175.1999969482422,172.47999572753906,173.10000610351562,173.10000610351562,15789905,0
2023.09.26 10:30,173.08999633789062,173.64999389648438,172.4149932861328,172.57000732421875,172.57000732421875,7904418,1
2023.09.26 11:30,172.5800018310547,173.19000244140625,172.52000427246094,173.00999450683594,173.00999450683594,5378958,0
2023.09.26 12:30,173.00999450683594,173.52999877929688,172.84500122070312,172.84500122070312,172.84500122070312,4194456,0
2023.09.26 13:30,172.85499572753906,173.0050048828125,172.22000122070312,172.30020141601562,172.30020141601562,5275716,0
2023.09.26 14:30,172.30499267578125,172.44000244140625,171.66000366210938,171.74000549316406,171.74000549316406,7371366,1
2023.09.26 15:30,171.74000549316406,172.3300018310547,171.72000122070312,171.89999389648438,171.89999389648438,8556952,0
2023.09.27 9:30,172.6199951171875,173.0399932861328,170.30999755859375,171.27000427246094,171.27000427246094,14619741,0
2023.09.27 10:30,171.25,171.47999572753906,170.27000427246094,170.97500610351562,170.97500610351562,6917499,0
2023.09.27 11:30,170.97999572753906,171.0800018310547,169.63999938964844,169.83999633789062,169.83999633789062,6897103,0
2023.09.27 12:30,169.85000610351562,170.1999969482422,169.2899932861328,169.3000030517578,169.3000030517578,6176660,1
2023.09.27 13:30,169.29989624023438,170.10000610351562,169.0500030517578,170.07000732421875,170.07000732421875,5755630,1
2023.09.27 14:30,170.06500244140625,170.9600067138672,170.02999877929688,170.16000366210938,170.16000366210938,8680644,1
2023.09.27 15:30,170.16000366210938,170.47999572753906,169.75999450683594,170.42999267578125,170.42999267578125,8671175,0
2023.09.28 9:30,169.33999633789062,170.00999450683594,167.6199951171875,169.1300048828125,169.1300048828125,15189658,1
2023.09.28 10:30,169.13999938964844,170.67999267578125,168.69000244140625,170.5,170.5,8618775,1
2023.09.28 11:30,170.5,172.02999877929688,170.47079467773438,171.88999938964844,171.88999938964844,7088514,0
2023.09.28 12:30,171.88999938964844,171.9149932861328,170.86000061035156,170.88999938964844,170.88999938964844,4825213,1
2023.09.28 13:30,170.8820037841797,171.1649932861328,170.42999267578125,171.1300048828125,171.1300048828125,4681956,1
2023.09.28 14:30,171.13499450683594,171.67999267578125,170.30999755859375,171.5800018310547,171.5800018310547,4835316,0
2023.09.28 15:30,171.5800018310547,171.63999938964844,170.44000244140625,170.69000244140625,170.69000244140625,5724842,1
2023.09.29 9:30,172.02000427246094,173.07000732421875,171.77000427246094,172.25,172.25,11049307,0
2023.09.29 10:30,172.27000427246094,172.77000427246094,172.02000427246094,172.05999755859375,172.05999755859375,5432567,0
2023.09.29 11:30,172.05999755859375,172.08999633789062,171.5301055908203,171.8350067138672,171.8350067138672,3810317,0
2023.09.29 12:30,171.83999633789062,171.92999267578125,170.72999572753906,171.22999572753906,171.22999572753906,3723090,0
2023.09.29 13:30,171.22999572753906,171.3000030517578,170.3800048828125,170.5399932861328,170.5399932861328,3930145,1
2023.09.29 14:30,170.5449981689453,171.7100067138672,170.34100341796875,171.28990173339844,171.28990173339844,5505006,0
2023.09.29 15:30,171.27999877929688,171.9199981689453,170.75999450683594,171.22000122070312,171.22000122070312,6445307,1
2023.10.02 9:30,171.22000122070312,174.0399932861328,170.92999267578125,173.3300018310547,173.3300018310547,12402556,1
2023.10.02 10:30,173.35000610351562,174.3000030517578,172.83999633789062,174.10459899902344,174.10459899902344,6937293,0
2023.10.02 11:30,174.1199951171875,174.2100067138672,172.82000732421875,173.35000610351562,173.35000610351562,5325939,0
2023.10.02 12:30,173.36000061035156,173.47000122070312,172.72999572753906,173.30999755859375,173.30999755859375,3752202,0
2023.10.02 13:30,173.30999755859375,173.7100067138672,172.77000427246094,172.78990173339844,172.78990173339844,4113658,1
2023.10.02 14:30,172.78199768066406,173.2100067138672,172.5330047607422,173.0,173.0,4726767,1
2023.10.02 15:30,173.0,173.77999877929688,172.75,173.75,173.75,6420476,0
2023.10.03 9:30,172.2550048828125,173.6300048828125,170.82000732421875,171.1717987060547,171.1717987060547,11761888,1
2023.10.03 10:30,171.17999267578125,171.98500061035156,171.07000732421875,171.6300048828125,171.6300048828125,6639286,1
2023.10.03 11:30,171.63999938964844,172.36500549316406,171.36000061035156,172.26400756835938,172.26400756835938,4492914,0
2023.10.03 12:30,172.27999877929688,172.80499267578125,171.96490478515625,172.00180053710938,172.00180053710938,4727540,0
2023.10.03 13:30,172.00999450683594,172.1300048828125,171.55099487304688,171.85000610351562,171.85000610351562,3774205,1
2023.10.03 14:30,171.85000610351562,172.39999389648438,171.7899932861328,171.86000061035156,171.86000061035156,4821504,1
2023.10.03 15:30,171.85499572753906,172.52000427246094,171.77999877929688,172.4600067138672,172.4600067138672,6252137,0
2023.10.04 9:30,171.08999633789062,172.74000549316406,170.97000122070312,172.38999938964844,172.38999938964844,13074765,1
2023.10.04 10:30,172.39500427246094,173.49000549316406,172.1300048828125,172.86000061035156,172.86000061035156,8356128,1
2023.10.04 11:30,172.86000061035156,173.2899932861328,172.5,173.1699981689453,173.1699981689453,4452327,0
2023.10.04 12:30,173.1699981689453,173.25999450683594,172.64500427246094,172.67999267578125,172.67999267578125,3158072,1
2023.10.04 13:30,172.67999267578125,172.9199981689453,172.35000610351562,172.74000549316406,172.74000549316406,3835275,1
2023.10.04 14:30,172.74000549316406,173.81500244140625,172.61000061035156,173.7698974609375,173.7698974609375,5119455,0
2023.10.04 15:30,173.77000427246094,174.2100067138672,173.3699951171875,173.63999938964844,173.63999938964844,7816168,1
2023.10.05 9:30,173.7899932861328,174.4080047607422,173.07000732421875,173.69000244140625,173.69000244140625,9578634,0
2023.10.05 10:30,173.69000244140625,173.75619506835938,172.67999267578125,173.60000610351562,173.60000610351562,6597067,1
2023.10.05 11:30,173.60499572753906,174.02999877929688,173.26499938964844,173.97000122070312,173.97000122070312,5261407,1
2023.10.05 12:30,173.96009826660156,174.16000366210938,173.6199951171875,174.158203125,174.158203125,4292030,1
2023.10.05 13:30,174.14999389648438,175.1999969482422,173.9600067138672,174.95989990234375,174.95989990234375,6318028,1
2023.10.05 14:30,174.9499969482422,175.4499969482422,174.8699951171875,175.1199951171875,175.1199951171875,4890794,0
2023.10.05 15:30,175.1199951171875,175.22000122070312,174.83999633789062,174.97999572753906,174.97999572753906,4853082,0
2023.10.06 9:30,173.8000030517578,175.05999755859375,173.17999267578125,174.80999755859375,174.80999755859375,11096512,1
2023.10.06 10:30,174.8000030517578,175.6699981689453,174.72999572753906,175.4499969482422,175.4499969482422,7955406,1
2023.10.06 11:30,175.4499969482422,177.0500030517578,175.42999267578125,176.67010498046875,176.67010498046875,7166594,1
2023.10.06 12:30,176.67999267578125,177.36000061035156,176.4499969482422,177.16000366210938,177.16000366210938,5056666,1
2023.10.06 13:30,177.1699981689453,177.5399932861328,177.10000610351562,177.5290985107422,177.5290985107422,4054867,1
2023.10.06 14:30,177.52999877929688,177.9550018310547,177.4199981689453,177.94000244140625,177.94000244140625,5634496,0
2023.10.06 15:30,177.93499755859375,177.99000549316406,177.39999389648438,177.49000549316406,177.49000549316406,7319309,0
2023.10.09 9:30,176.80999755859375,177.36000061035156,175.8000030517578,176.8699951171875,176.8699951171875,9359311,1
2023.10.09 10:30,176.8699951171875,177.125,176.19000244140625,177.0850067138672,177.0850067138672,4686689,1
2023.10.09 11:30,177.0749969482422,178.07000732421875,176.8699951171875,177.61000061035156,177.61000061035156,4765690,1
2023.10.09 12:30,177.60000610351562,177.97000122070312,177.43499755859375,177.9499969482422,177.9499969482422,2606059,1
2023.10.09 13:30,177.9600067138672,178.97000122070312,177.94000244140625,178.83999633789062,178.83999633789062,5257785,1
2023.10.09 14:30,178.84500122070312,179.0500030517578,178.4199981689453,178.89999389648438,178.89999389648438,5031854,1
2023.10.09 15:30,178.89999389648438,179.0500030517578,178.6649932861328,178.99000549316406,178.99000549316406,5217876,1
2023.10.10 9:30,178.10000610351562,179.30999755859375,178.10000610351562,179.1851043701172,179.1851043701172,9164127,1
2023.10.10 10:30,179.1909942626953,179.67999267578125,179.0399932861328,179.47999572753906,179.47999572753906,5374796,1
2023.10.10 11:30,179.48500061035156,179.72000122070312,179.33999633789062,179.610107421875,179.610107421875,3098344,0
2023.10.10 12:30,179.6199951171875,179.69000244140625,178.13999938964844,178.4499969482422,178.4499969482422,4901581,0
2023.10.10 13:30,178.4600067138672,178.57589721679688,177.9499969482422,178.1699981689453,178.1699981689453,4369971,1
2023.10.10 14:30,178.19000244140625,178.90989685058594,177.9600067138672,178.7899932861328,178.7899932861328,4901034,0
2023.10.10 15:30,178.7899932861328,178.8000030517578,178.1199951171875,178.41000366210938,178.41000366210938,5623523,0
2023.10.11 9:30,178.1999969482422,178.9575958251953,177.60000610351562,178.27999877929688,178.27999877929688,9911043,1
2023.10.11 10:30,178.27999877929688,179.32000732421875,178.13099670410156,178.5883026123047,178.5883026123047,6752681,0
2023.10.11 11:30,178.58999633789062,178.9499969482422,178.36500549316406,178.57009887695312,178.57009887695312,3901012,1
2023.10.11 12:30,178.5800018310547,178.74200439453125,178.27000427246094,178.5906982421875,178.5906982421875,3560007,1
2023.10.11 13:30,178.58999633789062,179.3800048828125,178.36000061035156,178.9499969482422,178.9499969482422,3720449,1
2023.10.11 14:30,178.9499969482422,179.2899932861328,178.89999389648438,179.1699981689453,179.1699981689453,5572352,1
2023.10.11 15:30,179.1699981689453,179.85000610351562,179.13999938964844,179.75,179.75,5787619,1
2023.10.12 9:30,180.07000732421875,182.14990234375,179.83999633789062,181.72000122070312,181.72000122070312,13432759,1
2023.10.12 10:30,181.72999572753903,182.33999633789065,181.4600067138672,181.7700042724609,181.7700042724609,8055060,1
2023.10.12 11:30,181.76499938964844,182.2899932861328,181.50999450683597,182.2700042724609,182.2700042724609,5426017,0
2023.10.12 12:30,182.27999877929688,182.27999877929688,180.3300018310547,180.3549041748047,180.3549041748047,5641539,0
2023.10.12 13:30,180.33999633789065,180.6300048828125,179.0399932861328,179.63999938964844,179.63999938964844,6607337,1
2023.10.12 14:30,179.63499450683594,180.47999572753903,179.49000549316406,180.3999938964844,180.3999938964844,4772922,1
2023.10.12 15:30,180.3999938964844,180.81500244140625,180.38999938964844,180.72999572753903,180.72999572753903,5779607,0
2023.10.13 9:30,181.4199981689453,181.92999267578125,180.3600006103516,180.52999877929688,180.52999877929688,9761566,0
2023.10.13 10:30,180.5200042724609,180.76499938964844,178.9499969482422,179.19000244140625,179.19000244140625,6274151,1
2023.10.13 11:30,179.19000244140625,179.3625030517578,178.47000122070312,179.2550048828125,179.2550048828125,5900854,0
2023.10.13 12:30,179.25999450683594,179.47000122070312,178.22000122070312,178.25999450683594,178.25999450683594,4418100,1
2023.10.13 13:30,178.26100158691406,179.30999755859375,178.13999938964844,179.24000549316406,179.24000549316406,5205186,0
2023.10.13 14:30,179.2449951171875,179.74000549316406,178.85000610351562,178.93499755859375,178.93499755859375,5632908,0
2023.10.13 15:30,178.94000244140625,179.08999633789062,178.52000427246094,178.8699951171875,178.8699951171875,5735444,0
2023.10.16 9:30,176.75,178.54750061035156,176.50999450683594,178.44500732421875,178.44500732421875,13685450,1
2023.10.16 10:30,178.44400024414062,178.99000549316406,178.2949981689453,178.50900268554688,178.50900268554688,6155862,0
2023.10.16 11:30,178.52000427246094,178.69000244140625,177.625,177.82000732421875,177.82000732421875,4772017,0
2023.10.16 12:30,177.8300018310547,177.94000244140625,176.85000610351562,177.46499633789062,177.46499633789062,5480319,1
2023.10.16 13:30,177.47000122070312,178.35459899902344,177.4300994873047,178.1300048828125,178.1300048828125,4678814,1
2023.10.16 14:30,178.125,178.82000732421875,177.89999389648438,178.7899932861328,178.7899932861328,4680497,0
2023.10.16 15:30,178.7899932861328,179.0,178.39999389648438,178.6750030517578,178.6750030517578,6982113,0
2023.10.17 9:30,176.64500427246094,176.99000549316406,174.8000030517578,176.4499969482422,176.4499969482422,15753761,1
2023.10.17 10:30,176.4499969482422,177.25,176.32000732421875,177.08999633789062,177.08999633789062,7402615,1
2023.10.17 11:30,177.0800018310547,178.30999755859375,177.0800018310547,178.22500610351562,178.22500610351562,5269444,0
2023.10.17 12:30,178.22999572753906,178.4199981689453,177.66000366210938,177.6678009033203,177.6678009033203,4501217,0
2023.10.17 13:30,177.66099548339844,177.8300018310547,176.9499969482422,177.09890747070312,177.09890747070312,5642528,0
2023.10.17 14:30,177.08999633789062,177.33999633789062,176.36500549316406,176.77000427246094,176.77000427246094,6304509,1
2023.10.17 15:30,176.77999877929688,177.3000030517578,176.44500732421875,177.13999938964844,177.13999938964844,6288297,0
2023.10.18 9:30,175.5800018310547,177.5749969482422,175.4199981689453,176.6199951171875,176.6199951171875,11694290,1
2023.10.18 10:30,176.60499572753906,177.1199951171875,175.7550048828125,176.72999572753906,176.72999572753906,7097323,1
2023.10.18 11:30,176.72999572753906,177.52999877929688,176.63009643554688,176.82000732421875,176.82000732421875,5348489,1
2023.10.18 12:30,176.82000732421875,177.3699951171875,176.22500610351562,177.1199951171875,177.1199951171875,5355115,0
2023.10.18 13:30,177.1199951171875,177.1300048828125,176.22000122070312,176.69500732421875,176.69500732421875,4533374,0
2023.10.18 14:30,176.68499755859375,176.9149932861328,175.77999877929688,175.87989807128906,175.87989807128906,5250110,0
2023.10.18 15:30,175.8800048828125,176.08999633789062,175.11000061035156,175.781005859375,175.781005859375,6442293,1
2023.10.19 9:30,176.0399932861328,177.3300018310547,175.84500122070312,176.2100067138672,176.2100067138672,11060282,1
2023.10.19 10:30,176.2100067138672,176.8699951171875,175.63499450683594,176.24989318847656,176.24989318847656,5651756,1
2023.10.19 11:30,176.25,177.5399932861328,176.10000610351562,176.67999267578125,176.67999267578125,7386700,1
2023.10.19 12:30,176.69000244140625,177.83999633789062,175.4600067138672,177.77999877929688,177.77999877929688,6868129,0
2023.10.19 13:30,177.8000030517578,177.8300018310547,176.50999450683594,176.58999633789062,176.58999633789062,5131914,0
2023.10.19 14:30,176.58999633789062,176.58999633789062,175.52000427246094,175.74000549316406,175.74000549316406,7026256,0
2023.10.19 15:30,175.72999572753906,176.05999755859375,175.19000244140625,175.4499969482422,175.4499969482422,4705299,0
2023.10.20 9:30,175.30999755859375,175.4199981689453,174.07000732421875,174.24000549316406,174.24000549316406,13576409,0
2023.10.20 10:30,174.24000549316406,174.25999450683594,172.63999938964844,172.86990356445312,172.86990356445312,9848621,1
2023.10.20 11:30,172.8800048828125,173.83999633789062,172.6699981689453,173.55999755859375,173.55999755859375,6364462,1
2023.10.20 12:30,173.57000732421875,174.72000122070312,173.55999755859375,174.17999267578125,174.17999267578125,6019902,0
2023.10.20 13:30,174.18499755859375,174.38999938964844,173.4600067138672,173.5800018310547,173.5800018310547,4406928,0
2023.10.20 14:30,173.55999755859375,173.86000061035156,173.125,173.3800048828125,173.3800048828125,5284310,0
2023.10.20 15:30,173.3699951171875,173.49000549316406,172.8000030517578,172.83999633789062,172.83999633789062,6774830,0
2023.10.23 9:30,171.58999633789062,171.91000366210938,169.92999267578125,171.58999633789062,171.58999633789062,15939825,1
2023.10.23 10:30,171.58999633789062,172.91029357910156,171.1699981689453,172.80999755859375,172.80999755859375,6828633,1
2023.10.23 11:30,172.80999755859375,172.98500061035156,172.27999877929688,172.83999633789062,172.83999633789062,5567383,1
2023.10.23 12:30,172.86000061035156,173.63999938964844,172.63999938964844,173.30999755859375,173.30999755859375,4597769,1
2023.10.23 13:30,173.30999755859375,174.00999450683594,173.13900756835938,173.3800048828125,173.3800048828125,4849773,0
2023.10.23 14:30,173.38999938964844,173.72500610351562,173.0850067138672,173.13299560546875,173.13299560546875,5131178,0
2023.10.23 15:30,173.14500427246094,173.25999450683594,172.75999450683594,172.9600067138672,172.9600067138672,5236992,0
2023.10.24 9:30,173.0500030517578,173.30999755859375,171.80999755859375,172.8300018310547,172.8300018310547,10973848,0
2023.10.24 10:30,172.8249053955078,172.88999938964844,172.1300048828125,172.30499267578125,172.30499267578125,5390228,0
2023.10.24 11:30,172.30999755859375,173.02000427246094,171.98280334472656,172.0800018310547,172.0800018310547,4403856,1
2023.10.24 12:30,172.10000610351562,172.1999969482422,171.4499969482422,172.19000244140625,172.19000244140625,3752948,1
2023.10.24 13:30,172.1999053955078,172.75999450683594,171.9199981689453,172.75999450683594,172.75999450683594,3410631,1
2023.10.24 14:30,172.75,173.6699981689453,172.67999267578125,173.5850067138672,173.5850067138672,5963929,0
2023.10.24 15:30,173.5850067138672,173.6649932861328,173.22999572753906,173.38999938964844,173.38999938964844,4601374,0
2023.10.25 9:30,171.8800048828125,172.24000549316406,170.8300018310547,172.1300048828125,172.1300048828125,11042020,1
2023.10.25 10:30,172.1300048828125,173.05999755859375,171.8800048828125,172.44500732421875,172.44500732421875,7738217,0
2023.10.25 11:30,172.44500732421875,172.60000610351562,171.5399932861328,171.76499938964844,171.76499938964844,4440866,0
2023.10.25 12:30,171.75999450683594,172.0500030517578,171.05999755859375,171.14500427246094,171.14500427246094,5032990,1
2023.10.25 13:30,171.13999938964844,171.6197967529297,170.77000427246094,171.4199981689453,171.4199981689453,5060830,0
2023.10.25 14:30,171.42999267578125,171.5399932861328,170.64999389648438,171.1750030517578,171.1750030517578,4546917,0
2023.10.25 15:30,171.17779541015625,171.42999267578125,170.86000061035156,171.08999633789062,171.08999633789062,6991582,0
2023.10.26 9:30,170.3699951171875,171.37750244140625,168.1300048828125,168.66000366210938,168.66000366210938,13990133,0
2023.10.26 10:30,168.64999389648438,168.9499969482422,166.83999633789062,166.94960021972656,166.94960021972656,10641541,0
2023.10.26 11:30,166.94500732421875,167.52999877929688,165.97000122070312,166.29739379882812,166.29739379882812,8539868,0
2023.10.26 12:30,166.2899932861328,166.6999969482422,165.72000122070312,165.9499969482422,165.9499969482422,5923516,1
2023.10.26 13:30,165.9499969482422,167.38290405273438,165.6699981689453,167.17999267578125,167.17999267578125,6261731,1
2023.10.26 14:30,167.1699981689453,167.94000244140625,166.89999389648438,167.31430053710938,167.31430053710938,6614410,0
2023.10.26 15:30,167.30999755859375,167.44000244140625,166.375,166.75999450683594,166.75999450683594,8082422,1
2023.10.27 9:30,166.91000366210938,168.77000427246094,166.19000244140625,168.16000366210938,168.16000366210938,13125053,1
2023.10.27 10:30,168.16000366210938,168.9600067138672,167.38999938964844,168.73500061035156,168.73500061035156,6386633,0
2023.10.27 11:30,168.75,168.81809997558594,167.52000427246094,167.75999450683594,167.75999450683594,3987468,0
2023.10.27 12:30,167.77000427246094,167.96310424804688,166.8300018310547,167.19000244140625,167.19000244140625,4730969,1
2023.10.27 13:30,167.17999267578125,167.97999572753906,166.92999267578125,167.69500732421875,167.69500732421875,6106335,1
2023.10.27 14:30,167.6999969482422,168.24000549316406,167.4499969482422,167.99000549316406,167.99000549316406,6000178,1
2023.10.27 15:30,167.99000549316406,168.33999633789062,167.49000549316406,168.28500366210938,168.28500366210938,6380136,1
2023.10.30 9:30,169.02000427246094,171.1699981689453,168.8699951171875,169.375,169.375,12638771,1
2023.10.30 10:30,169.37989807128906,170.1999969482422,169.2100067138672,169.6699981689453,169.6699981689453,6708135,0
2023.10.30 11:30,169.6699981689453,170.16000366210938,169.41000366210938,169.46609497070312,169.46609497070312,3707282,1
2023.10.30 12:30,169.46499633789062,170.0500030517578,169.0500030517578,169.91990661621094,169.91990661621094,4478492,1
2023.10.30 13:30,169.9199981689453,170.49000549316406,169.8800048828125,170.36000061035156,170.36000061035156,4232265,0
2023.10.30 14:30,170.35000610351562,170.82000732421875,169.84019470214844,169.85499572753906,169.85499572753906,6108040,1
2023.10.30 15:30,169.85000610351562,170.47999572753906,169.84500122070312,170.24000549316406,170.24000549316406,5989283,0
2023.10.31 9:30,169.35000610351562,169.5500030517578,167.89999389648438,169.1300048828125,169.1300048828125,9517172,1
2023.10.31 10:30,169.14999389648438,169.8699951171875,168.75,169.22999572753906,169.22999572753906,5158750,1
2023.10.31 11:30,169.22999572753906,169.7899932861328,168.84500122070312,169.5500030517578,169.5500030517578,4428156,1
2023.10.31 12:30,169.5500030517578,170.2949981689453,169.27000427246094,170.28199768066406,170.28199768066406,3888208,0
2023.10.31 13:30,170.2899932861328,170.75,169.9499969482422,169.9600067138672,169.9600067138672,4143238,1
2023.10.31 14:30,169.94000244140625,170.77000427246094,169.93099975585938,170.64500427246094,170.64500427246094,3494370,1
2023.10.31 15:30,170.63999938964844,170.89999389648438,170.3800048828125,170.7899932861328,170.7899932861328,4547702,1
2023.11.01 9:30,171.0,171.97000122070312,170.1199951171875,171.8300018310547,171.8300018310547,10298739,0
2023.11.01 10:30,171.8300018310547,172.0800018310547,171.0,171.42999267578125,171.42999267578125,6770956,1
2023.11.01 11:30,171.42999267578125,172.0,171.19500732421875,171.89999389648438,171.89999389648438,3513567,1
2023.11.01 12:30,171.91000366210938,172.3800048828125,171.6300048828125,172.16200256347656,172.16200256347656,3736963,1
2023.11.01 13:30,172.16000366210938,172.7100067138672,171.94000244140625,172.61000061035156,172.61000061035156,4819939,1
2023.11.01 14:30,172.625,174.1199951171875,172.10000610351562,173.91000366210938,173.91000366210938,10052004,1
2023.11.01 15:30,173.91000366210938,174.22999572753906,173.61000061035156,173.9199981689453,173.9199981689453,7382594,1
2023.11.02 9:30,175.52000427246094,177.08999633789062,175.4600067138672,176.8699951171875,176.8699951171875,12660603,0
2023.11.02 10:30,176.8800048828125,177.66000366210938,176.6199951171875,176.7740020751953,176.7740020751953,9566990,1
2023.11.02 11:30,176.77000427246094,177.10000610351562,176.41000366210938,176.97999572753906,176.97999572753906,6002941,1
2023.11.02 12:30,176.97999572753906,177.31500244140625,176.77999877929688,177.08799743652344,177.08799743652344,5823586,1
2023.11.02 13:30,177.0800018310547,177.61000061035156,177.0800018310547,177.30999755859375,177.30999755859375,5561287,0
2023.11.02 14:30,177.30209350585938,177.72000122070312,177.19000244140625,177.22999572753906,177.22999572753906,7714957,1
2023.11.02 15:30,177.23500061035156,177.77999877929688,177.1699981689453,177.77999877929688,177.77999877929688,9466400,0
2023.11.03 9:30,174.24000549316406,176.39999389648438,173.35000610351562,174.7100067138672,174.7100067138672,28550758,1
2023.11.03 10:30,174.6999969482422,175.94000244140625,174.66000366210938,174.8000030517578,174.8000030517578,9711814,1
2023.11.03 11:30,174.8000030517578,176.49000549316406,174.60000610351562,176.33999633789062,176.33999633789062,7570993,0
2023.11.03 12:30,176.35000610351562,176.4499969482422,175.7100067138672,175.7678985595703,175.7678985595703,5533801,1
2023.11.03 13:30,175.76170349121094,175.88999938964844,175.07000732421875,175.78990173339844,175.78990173339844,6023082,1
2023.11.03 14:30,175.77999877929688,176.46749877929688,175.67999267578125,176.04010009765625,176.04010009765625,6461456,1
2023.11.03 15:30,176.0399932861328,176.82000732421875,175.9499969482422,176.6300048828125,176.6300048828125,7080006,1
2023.11.06 9:30,176.3800048828125,178.86000061035156,176.2100067138672,178.25999450683594,178.25999450683594,19458592,1
2023.11.06 10:30,178.25999450683594,179.42999267578125,178.2100067138672,179.08999633789062,179.08999633789062,8179075,0
2023.11.06 11:30,179.08999633789062,179.38999938964844,178.7100067138672,178.889892578125,178.889892578125,5026147,0
2023.11.06 12:30,178.88499450683594,179.05999755859375,178.00999450683594,178.3300018310547,178.3300018310547,4910582,1
2023.11.06 13:30,178.3249969482422,178.76499938964844,178.02000427246094,178.75990295410156,178.75990295410156,4555749,1
2023.11.06 14:30,178.75,179.32000732421875,178.67999267578125,179.10000610351562,179.10000610351562,5086313,1
2023.11.06 15:30,179.11000061035156,179.3300018310547,178.6999969482422,179.2899932861328,179.2899932861328,6666486,1
2023.11.07 9:30,179.17999267578125,180.82000732421875,179.00999450683594,180.7100067138672,180.7100067138672,16268674,1
2023.11.07 10:30,180.69500732421875,181.59500122070312,180.52999877929688,181.4550018310547,181.4550018310547,8190077,0
2023.11.07 11:30,181.4550018310547,181.63999938964844,180.5200042724609,181.1750030517578,181.1750030517578,7493420,1
2023.11.07 12:30,181.1750030517578,182.16000366210935,180.93499755859372,182.01499938964844,182.01499938964844,6208182,1
2023.11.07 13:30,182.01849365234372,182.44000244140625,181.92999267578125,182.3408966064453,182.3408966064453,5219872,0
2023.11.07 14:30,182.3500061035156,182.42999267578125,181.8999938964844,182.19830322265625,182.19830322265625,5513486,0
2023.11.07 15:30,182.19500732421875,182.33999633789065,181.5500030517578,181.8800048828125,181.8800048828125,8142789,1
2023.11.08 9:30,182.3500061035156,183.4499969482422,182.17999267578125,182.49850463867188,182.49850463867188,13792847,0
2023.11.08 10:30,182.4900054931641,182.9850006103516,182.0,182.1499938964844,182.1499938964844,6325309,0
2023.11.08 11:30,182.1499938964844,182.5,181.58999633789065,181.88999938964844,181.88999938964844,5030995,1
2023.11.08 12:30,181.8999938964844,182.5800018310547,181.7400054931641,182.50999450683597,182.50999450683597,4014911,1
2023.11.08 13:30,182.50999450683597,182.88999938964844,182.4600067138672,182.7749938964844,182.7749938964844,3100003,1
2023.11.08 14:30,182.77999877929688,182.8500061035156,182.3699951171875,182.78500366210935,182.78500366210935,4758437,1
2023.11.08 15:30,182.7899932861328,183.00999450683597,182.62249755859372,182.88999938964844,182.88999938964844,5331712,0
2023.11.09 9:30,182.9600067138672,183.5500030517578,182.6000061035156,182.6300048828125,182.6300048828125,9703743,1
2023.11.09 10:30,182.63499450683597,183.97970581054688,182.47999572753903,183.53500366210935,183.53500366210935,6858126,1
2023.11.09 11:30,183.5399932861328,184.1199951171875,183.47999572753903,183.57000732421875,183.57000732421875,5025374,1
2023.11.09 12:30,183.5800018310547,184.01499938964844,182.69000244140625,183.6999969482422,183.6999969482422,5877391,0
2023.11.09 13:30,183.6999969482422,183.72999572753903,182.33999633789065,182.82000732421875,182.82000732421875,7012436,0
2023.11.09 14:30,182.82000732421875,182.8300018310547,181.80999755859372,181.8600006103516,181.8600006103516,5497017,1
2023.11.09 15:30,181.8500061035156,182.47999572753903,181.8300018310547,182.44000244140625,182.44000244140625,5102309,1
2023.11.10 9:30,183.71099853515625,184.7899932861328,183.52999877929688,183.7799072265625,183.7799072265625,13042014,1
2023.11.10 10:30,183.77999877929688,184.94000244140625,183.6150054931641,184.75,184.75,6727223,1
2023.11.10 11:30,184.75999450683597,185.0,184.42999267578125,184.94000244140625,184.94000244140625,4269310,1
2023.11.10 12:30,184.94009399414065,185.50999450683597,184.8800048828125,185.40499877929688,185.40499877929688,6479424,1
2023.11.10 13:30,185.40499877929688,185.9750061035156,185.3999938964844,185.8500061035156,185.8500061035156,5159113,1
2023.11.10 14:30,185.8500061035156,186.1300048828125,185.55499267578125,186.1199951171875,186.1199951171875,6857111,1
2023.11.10 15:30,186.1100006103516,186.56500244140625,185.9550018310547,186.33999633789065,186.33999633789065,9456815,0
2023.11.13 9:30,185.82000732421875,186.02999877929688,184.2100067138672,184.7660980224609,184.7660980224609,11087334,1
2023.11.13 10:30,184.7700042724609,185.13999938964844,184.38999938964844,184.9600067138672,184.9600067138672,5748681,0
2023.11.13 11:30,184.9600067138672,185.13499450683597,184.5,184.56500244140625,184.56500244140625,5079289,0
2023.11.13 12:30,184.57000732421875,184.92990112304688,184.38999938964844,184.55999755859372,184.55999755859372,2665925,1
2023.11.13 13:30,184.57000732421875,185.00999450683597,184.4600067138672,184.99009704589844,184.99009704589844,2982413,0
2023.11.13 14:30,184.9900054931641,185.0800018310547,184.7299041748047,184.9499969482422,184.9499969482422,3878074,0
2023.11.13 15:30,184.9600067138672,185.00999450683597,184.61050415039065,184.7700042724609,184.7700042724609,4422642,1
2023.11.14 9:30,187.33999633789065,187.5200042724609,186.3000030517578,187.4499969482422,187.4499969482422,16941276,0
2023.11.14 10:30,187.44000244140625,187.47999572753903,186.67999267578125,186.9259033203125,186.9259033203125,5319775,1
2023.11.14 11:30,186.9250030517578,187.22000122070312,186.41000366210935,187.05499267578125,187.05499267578125,4868237,1
2023.11.14 12:30,187.05999755859372,187.5,187.00999450683597,187.4600067138672,187.4600067138672,3663476,0
2023.11.14 13:30,187.4600067138672,187.4900054931641,186.82000732421875,187.4136962890625,187.4136962890625,4558716,1
2023.11.14 14:30,187.4149932861328,188.1100006103516,187.4149932861328,187.91200256347656,187.91200256347656,7317327,0
2023.11.14 15:30,187.9199981689453,188.02999877929688,187.2100067138672,187.44000244140625,187.44000244140625,6872181,1
2023.11.15 9:30,187.84500122070312,188.6999969482422,187.8000030517578,188.1499938964844,188.1499938964844,11861855,1
2023.11.15 10:30,188.16000366210935,189.5,188.1100006103516,189.4149932861328,189.4149932861328,8051018,0
2023.11.15 11:30,189.4149932861328,189.4499053955078,188.52999877929688,189.1199951171875,189.1199951171875,5324873,0
2023.11.15 12:30,189.1199951171875,189.1699981689453,188.46499633789065,189.03500366210935,189.03500366210935,4164889,0
2023.11.15 13:30,189.031005859375,189.0800018310547,188.3999938964844,188.7700042724609,188.7700042724609,4508244,0
2023.11.15 14:30,188.7700042724609,188.77999877929688,187.9550018310547,188.19500732421875,188.19500732421875,3069538,0
2023.11.15 15:30,188.1999969482422,188.55999755859372,187.77999877929688,188.08999633789065,188.08999633789065,5901858,1
2023.11.16 9:30,189.92999267578125,190.9600067138672,189.63999938964844,190.0854034423828,190.0854034423828,18705132,0
2023.11.16 10:30,190.1000061035156,190.2100067138672,188.80999755859372,189.00999450683597,189.00999450683597,6893426,1
2023.11.16 11:30,189.00999450683597,189.66000366210935,188.72000122070312,189.6450042724609,189.6450042724609,4821908,0
2023.11.16 12:30,189.63999938964844,189.97999572753903,188.6499938964844,189.3300018310547,189.3300018310547,3843638,1
2023.11.16 13:30,189.3249969482422,189.57000732421875,188.97999572753903,189.35499572753903,189.35499572753903,3451913,1
2023.11.16 14:30,189.3500061035156,189.7350006103516,189.22000122070312,189.4250030517578,189.4250030517578,4436262,1
2023.11.16 15:30,189.4250030517578,189.8699951171875,189.33999633789065,189.76890563964844,189.76890563964844,5829780,0
2023.11.17 9:30,190.25,190.3800048828125,188.57000732421875,189.5800018310547,189.5800018310547,14964688,0
2023.11.17 10:30,189.5850067138672,189.75999450683597,188.8699951171875,189.05149841308597,189.05149841308597,5463980,0
2023.11.17 11:30,189.05999755859372,189.4600067138672,188.82000732421875,188.9676055908203,188.9676055908203,3598292,1
2023.11.17 12:30,188.96499633789065,189.6100006103516,188.8999938964844,189.4850006103516,189.4850006103516,3093549,1
2023.11.17 13:30,189.4900054931641,189.8999938964844,189.3500061035156,189.7350006103516,189.7350006103516,3674072,1
2023.11.17 14:30,189.7350006103516,190.17999267578125,189.5800018310547,189.88800048828125,189.88800048828125,4775134,0
2023.11.17 15:30,189.88499450683597,189.9600067138672,189.5200042724609,189.7100067138672,189.7100067138672,5381674,1
2023.11.20 9:30,189.88999938964844,191.66900634765625,189.8800048828125,190.71499633789065,190.71499633789065,10886688,1
2023.11.20 10:30,190.72000122070312,191.3699951171875,190.52999877929688,191.1649932861328,191.1649932861328,5212746,1
2023.11.20 11:30,191.1699981689453,191.5500030517578,191.08999633789065,191.22999572753903,191.22999572753903,3453437,1
2023.11.20 12:30,191.25,191.8000030517578,191.0800018310547,191.625,191.625,4827400,0
2023.11.20 13:30,191.6199951171875,191.7700042724609,191.3300018310547,191.5198974609375,191.5198974609375,3173051,1
2023.11.20 14:30,191.50999450683597,191.90499877929688,191.5,191.875,191.875,3980122,0
2023.11.20 15:30,191.875,191.875,191.16000366210935,191.49099731445312,191.49099731445312,5319166,0
2023.11.21 9:30,191.41000366210935,191.5200042724609,190.2700042724609,190.34750366210935,190.34750366210935,8992766,0
2023.11.21 10:30,190.3500061035156,190.47000122070312,189.7400054931641,189.94200134277344,189.94200134277344,5681421,1
2023.11.21 11:30,189.94000244140625,190.32000732421875,189.8300018310547,190.2749938964844,190.2749938964844,3359800,0
2023.11.21 12:30,190.2769927978516,190.6000061035156,190.0399932861328,190.1199951171875,190.1199951171875,3112369,1
2023.11.21 13:30,190.1199951171875,190.6150054931641,190.0850067138672,190.3800048828125,190.3800048828125,2874142,1
2023.11.21 14:30,190.3827972412109,190.7100067138672,190.2899932861328,190.6499938964844,190.6499938964844,3442863,1
2023.11.21 15:30,190.6450042724609,190.72999572753903,190.2899932861328,190.66000366210935,190.66000366210935,5535871,1
2023.11.22 9:30,192.3600006103516,192.92999267578125,191.42999267578125,191.93150329589844,191.93150329589844,11546645,0
2023.11.22 10:30,191.9499969482422,192.3699951171875,191.38999938964844,191.66000366210935,191.66000366210935,4786188,1
2023.11.22 11:30,191.66000366210935,191.9600067138672,191.47999572753903,191.9149932861328,191.9149932861328,3340080,1
2023.11.22 12:30,191.9149932861328,192.08999633789065,191.63999938964844,192.0050048828125,192.0050048828125,3467320,0
2023.11.22 13:30,192.00999450683597,192.03030395507807,191.4900054931641,191.63499450683597,191.63499450683597,3409564,0
2023.11.22 14:30,191.63999938964844,191.63999938964844,190.8249969482422,191.5124969482422,191.5124969482422,3992146,0
2023.11.22 15:30,191.5200042724609,191.6999969482422,191.22000122070312,191.3000030517578,191.3000030517578,3537662,0
2023.11.24 9:30,190.8699951171875,190.8999938964844,189.3000030517578,189.4600067138672,189.4600067138672,7873135,1
2023.11.24 10:30,189.47000122070312,189.6699981689453,189.25,189.6100006103516,189.6100006103516,4853829,0
2023.11.24 11:30,189.6000061035156,189.7888946533203,189.3500061035156,189.5399932861328,189.5399932861328,3827135,0
2023.11.27 9:30,190.25070190429688,190.2998962402344,188.8999938964844,189.05999755859372,189.05999755859372,8344466,1
2023.11.27 10:30,189.07000732421875,189.5,189.00999450683597,189.4949951171875,189.4949951171875,3959357,1
2023.11.27 11:30,189.4900054931641,190.50999450683597,189.44000244140625,190.3699951171875,190.3699951171875,4866435,0
2023.11.27 12:30,190.3789978027344,190.6699981689453,190.25579833984372,190.3650054931641,190.3650054931641,2958636,0
2023.11.27 13:30,190.3650054931641,190.3650054931641,189.9499969482422,190.07000732421875,190.07000732421875,2711904,0
2023.11.27 14:30,190.0749969482422,190.0749969482422,189.5200042724609,189.83999633789065,189.83999633789065,3148374,0
2023.11.27 15:30,189.8500061035156,190.05999755859372,189.60499572753903,189.7700042724609,189.7700042724609,4637560,1
2023.11.28 9:30,189.77999877929688,190.2700042724609,189.3999938964844,189.97999572753903,189.97999572753903,7575785,1
2023.11.28 10:30,189.98129272460935,190.6100006103516,189.94000244140625,190.5850067138672,190.5850067138672,4971867,0
2023.11.28 11:30,190.5800018310547,191.0800018310547,190.4900054931641,190.5200042724609,190.5200042724609,3957042,0
2023.11.28 12:30,190.51010131835935,190.5200042724609,189.75999450683597,189.9700927734375,189.9700927734375,3610946,0
2023.11.28 13:30,189.9750061035156,190.1199951171875,189.66000366210935,189.81399536132807,189.81399536132807,3305993,1
2023.11.28 14:30,189.80999755859372,190.1100006103516,189.5850067138672,189.8300018310547,189.8300018310547,3364115,1
2023.11.28 15:30,189.82000732421875,190.3999938964844,189.77999877929688,190.38999938964844,190.38999938964844,4808968,1
2023.11.29 9:30,190.8999938964844,192.08999633789065,190.6000061035156,190.8800048828125,190.8800048828125,9347732,0
2023.11.29 10:30,190.88999938964844,191.0749969482422,190.0500030517578,190.09739685058597,190.09739685058597,4753727,0
2023.11.29 11:30,190.1000061035156,190.2749938964844,189.5200042724609,189.8999938964844,189.8999938964844,4186819,0
2023.11.29 12:30,189.88999938964844,189.92999267578125,189.27999877929688,189.50030517578125,189.50030517578125,2949200,0
2023.11.29 13:30,189.5050048828125,189.50999450683597,189.17999267578125,189.2635040283203,189.2635040283203,2911454,0
2023.11.29 14:30,189.26499938964844,189.40499877929688,189.00999450683597,189.01499938964844,189.01499938964844,3344970,1
2023.11.29 15:30,189.00999450683597,189.44500732421875,188.97000122070312,189.35499572753903,189.35499572753903,4438836,0
2023.11.30 9:30,189.83999633789065,190.32000732421875,188.66000366210935,188.82589721679688,188.82589721679688,8749839,0
2023.11.30 10:30,188.8300018310547,188.9900054931641,188.33999633789065,188.47999572753903,188.47999572753903,4576249,0
2023.11.30 11:30,188.47999572753903,188.6100006103516,188.19000244140625,188.3500061035156,188.3500061035156,3433969,0
2023.11.30 12:30,188.3500061035156,188.75950622558597,188.2700042724609,188.3300018310547,188.3300018310547,2774969,1
2023.11.30 13:30,188.3350067138672,188.8300018310547,188.2899932861328,188.7899932861328,188.7899932861328,2750590,0
2023.11.30 14:30,188.7879943847656,189.2100067138672,188.63999938964844,188.77999877929688,188.77999877929688,3353372,1
2023.11.30 15:30,188.76499938964844,190.1999969482422,188.75999450683597,189.97999572753903,189.97999572753903,7329917,1
2023.12.01 9:30,190.3300018310547,190.5,189.22999572753903,190.05999755859372,190.05999755859372,8588385,1
2023.12.01 10:30,190.05999755859372,190.9900054931641,189.9199981689453,190.83009338378903,190.83009338378903,5955415,1
2023.12.01 11:30,190.83999633789065,191.4501953125,190.6000061035156,191.44500732421875,191.44500732421875,5188633,0
2023.12.01 12:30,191.44000244140625,191.55999755859372,191.0399932861328,191.05999755859372,191.05999755859372,3380700,1
2023.12.01 13:30,191.0500030517578,191.2899932861328,190.82009887695312,191.27870178222656,191.27870178222656,3259102,0
2023.12.01 14:30,191.27999877929688,191.33999633789065,190.9199981689453,191.1199951171875,191.1199951171875,3998274,1
2023.12.01 15:30,191.12240600585935,191.3800048828125,190.8816070556641,191.25999450683597,191.25999450683597,5182498,0
2023.12.04 9:30,189.8249969482422,190.0,188.08999633789065,188.16000366210935,188.16000366210935,10608539,0
2023.12.04 10:30,188.16000366210935,188.27999877929688,187.4510955810547,187.97000122070312,187.97000122070312,6707290,1
2023.12.04 11:30,187.9600067138672,188.57000732421875,187.8350067138672,188.4541931152344,188.4541931152344,3813425,1
2023.12.04 12:30,188.4600067138672,188.80999755859372,188.4199981689453,188.5498962402344,188.5498962402344,2820690,1
2023.12.04 13:30,188.5449981689453,188.96499633789065,188.4900054931641,188.8500061035156,188.8500061035156,2892130,1
2023.12.04 14:30,188.83999633789065,189.1300048828125,188.72000122070312,189.05999755859372,189.05999755859372,3402787,1
2023.12.04 15:30,189.06500244140625,189.66000366210935,188.97999572753903,189.4499969482422,189.4499969482422,5548831,1
2023.12.05 9:30,190.2100067138672,194.30999755859372,190.17999267578125,193.58999633789065,193.58999633789065,22073030,0
2023.12.05 10:30,193.5845947265625,194.3999938964844,193.47000122070312,193.55999755859372,193.55999755859372,8331133,1
2023.12.05 11:30,193.55999755859372,193.8000030517578,192.6199951171875,193.75999450683597,193.75999450683597,6074350,0
2023.12.05 12:30,193.7700042724609,193.8300018310547,192.9499969482422,193.13999938964844,193.13999938964844,4164417,0
2023.12.05 13:30,193.1450042724609,193.30999755859372,192.75,192.9900054931641,192.9900054931641,5223621,1
2023.12.05 14:30,193.0,193.47000122070312,192.7700042724609,193.1916961669922,193.1916961669922,4787623,1
2023.12.05 15:30,193.19500732421875,193.5399932861328,192.8699951171875,193.5,193.5,6418486,0
2023.12.06 9:30,194.4499969482422,194.75999450683597,192.2050018310547,192.4199981689453,192.4199981689453,11260893,1
2023.12.06 10:30,192.4199981689453,193.33999633789065,192.360107421875,193.09500122070312,193.09500122070312,4374474,0
2023.12.06 11:30,193.1000061035156,193.1300048828125,192.47000122070312,192.8300018310547,192.8300018310547,3252326,1
2023.12.06 12:30,192.83999633789065,192.97999572753903,192.3699951171875,192.9058990478516,192.9058990478516,3389634,0
2023.12.06 13:30,192.91000366210935,193.2350006103516,192.7400054931641,192.77999877929688,192.77999877929688,2713794,0
2023.12.06 14:30,192.77999877929688,193.0500030517578,192.33999633789065,192.42599487304688,192.42599487304688,3147189,0
2023.12.06 15:30,192.42999267578125,192.55999755859372,192.1100006103516,192.30999755859372,192.30999755859372,5184527,1
2023.12.07 9:30,193.6300048828125,194.9199981689453,193.58999633789065,194.7250061035156,194.7250061035156,11958910,0
2023.12.07 10:30,194.7250061035156,194.97999572753903,194.0200042724609,194.3000030517578,194.3000030517578,5216520,1
2023.12.07 11:30,194.2899932861328,195.0,194.21499633789065,194.94000244140625,194.94000244140625,4611066,0
2023.12.07 12:30,194.94000244140625,194.97000122070312,194.31309509277344,194.42999267578125,194.42999267578125,4481336,1
2023.12.07 13:30,194.42999267578125,194.52999877929688,194.1699981689453,194.47000122070312,194.47000122070312,3233037,0
2023.12.07 14:30,194.47000122070312,194.4750061035156,194.1199951171875,194.1699981689453,194.1699981689453,3026122,1
2023.12.07 15:30,194.1699981689453,194.3500061035156,194.00999450683597,194.2400054931641,194.2400054931641,4479168,1
2023.12.08 9:30,194.1999969482422,195.0,193.6699981689453,194.64990234375,194.64990234375,11185810,1
2023.12.08 10:30,194.6499938964844,195.0,194.17999267578125,194.75999450683597,194.75999450683597,5158425,1
2023.12.08 11:30,194.75999450683597,195.19000244140625,194.27099609375,195.1000061035156,195.1000061035156,5398492,1
2023.12.08 12:30,195.09930419921875,195.3600006103516,194.9199981689453,195.2400054931641,195.2400054931641,4520094,1
2023.12.08 13:30,195.2400054931641,195.72000122070312,195.15499877929688,195.71499633789065,195.71499633789065,3904469,1
2023.12.08 14:30,195.71499633789065,195.97999572753903,195.41000366210935,195.7400054931641,195.7400054931641,5640599,0
2023.12.08 15:30,195.7350006103516,195.9900054931641,195.6199951171875,195.72000122070312,195.72000122070312,5190666,0
2023.12.11 9:30,193.218994140625,193.41000366210935,192.0200042724609,192.1100006103516,192.1100006103516,18453650,0
2023.12.11 10:30,192.1199951171875,192.42999267578125,191.4199981689453,191.80999755859372,191.80999755859372,9504078,1
2023.12.11 11:30,191.80999755859372,192.38999938964844,191.4900054931641,192.1000061035156,192.1000061035156,4471150,1
2023.12.11 12:30,192.10989379882807,192.58999633789065,192.05999755859372,192.4550018310547,192.4550018310547,3798928,1
2023.12.11 13:30,192.47000122070312,192.97000122070312,192.47000122070312,192.7917938232422,192.7917938232422,3897170,1
2023.12.11 14:30,192.7949981689453,193.125,192.75,192.8699951171875,192.8699951171875,4731090,1
2023.12.11 15:30,192.8699951171875,193.30999755859372,192.8300018310547,193.17999267578125,193.17999267578125,5215874,0
2023.12.12 9:30,193.0800018310547,193.38999938964844,191.7209930419922,192.8350067138672,192.8350067138672,11344243,1
2023.12.12 10:30,192.83999633789065,193.6199951171875,192.7550048828125,193.2400054931641,193.2400054931641,5934316,1
2023.12.12 11:30,193.25,193.49989318847656,193.07000732421875,193.4658050537109,193.4658050537109,3481895,1
2023.12.12 12:30,193.47999572753903,193.80999755859372,193.25999450683597,193.66000366210935,193.66000366210935,4224679,1
2023.12.12 13:30,193.6699981689453,194.3300018310547,193.6300048828125,194.22000122070312,194.22000122070312,4270270,1
2023.12.12 14:30,194.22000122070312,194.55999755859372,194.1450042724609,194.38499450683597,194.38499450683597,4304737,1
2023.12.12 15:30,194.3800048828125,194.72000122070312,194.2100067138672,194.6699981689453,194.6699981689453,5381974,1
2023.12.13 9:30,195.08999633789065,196.6300048828125,194.8500061035156,196.5200958251953,196.5200958251953,12404139,0
2023.12.13 10:30,196.5249938964844,196.73809814453125,195.6499938964844,195.9600067138672,195.9600067138672,6786044,0
2023.12.13 11:30,195.96499633789065,196.27999877929688,195.69500732421875,195.7700042724609,195.7700042724609,4074995,1
2023.12.13 12:30,195.76629638671875,196.6199951171875,195.47999572753903,196.55499267578125,196.55499267578125,4814751,1
2023.12.13 13:30,196.55499267578125,197.4499969482422,196.42999267578125,197.2975006103516,197.2975006103516,9131091,0
2023.12.13 14:30,197.2949981689453,198.0,196.57000732421875,196.9750061035156,196.9750061035156,10813120,1
2023.12.13 15:30,196.9750061035156,197.88999938964844,196.6699981689453,197.8699951171875,197.8699951171875,8132395,1
2023.12.14 9:30,198.67999267578125,199.6199951171875,198.58999633789065,198.7899932861328,198.7899932861328,18480165,0
2023.12.14 10:30,198.8000030517578,199.38499450683597,198.1450042724609,198.3600006103516,198.3600006103516,9432288,1
2023.12.14 11:30,198.35499572753903,198.55999755859372,197.58999633789065,198.3999938964844,198.3999938964844,5791822,0
2023.12.14 12:30,198.38999938964844,198.55999755859372,196.71499633789065,196.85499572753903,196.85499572753903,5584658,1
2023.12.14 13:30,196.8500061035156,197.8999938964844,196.16000366210935,197.8950042724609,197.8950042724609,4865005,1
2023.12.14 14:30,197.8950042724609,198.07989501953125,197.2350006103516,197.91009521484372,197.91009521484372,5349291,1
2023.12.14 15:30,197.91000366210935,198.16000366210935,197.55999755859372,198.13999938964844,198.13999938964844,7132229,0
2023.12.15 9:30,197.75,198.39990234375,197.0800018310547,198.02999877929688,198.02999877929688,27708449,0
2023.12.15 10:30,198.0399932861328,198.15899658203125,197.3500061035156,197.625,197.625,6069219,1
2023.12.15 11:30,197.6300048828125,198.0200042724609,197.53500366210935,197.72999572753903,197.72999572753903,4016473,0
2023.12.15 12:30,197.7400054931641,197.7400054931641,197.1000061035156,197.375,197.375,4909415,0
2023.12.15 13:30,197.3800048828125,197.6649932861328,197.0200042724609,197.2700042724609,197.2700042724609,4612469,1
2023.12.15 14:30,197.2908935546875,198.08999633789065,197.27999877929688,197.9900054931641,197.9900054931641,3896083,0
2023.12.15 15:30,197.99400329589844,198.1999969482422,197.0,197.1199951171875,197.1199951171875,9086193,0
2023.12.18 9:30,196.08999633789065,196.6300048828125,194.41000366210935,195.3650054931641,195.3650054931641,16633548,0
2023.12.18 10:30,195.3600006103516,195.5249938964844,194.6199951171875,194.92999267578125,194.92999267578125,6011735,1
2023.12.18 11:30,194.92999267578125,195.3500061035156,194.69500732421875,195.25010681152344,195.25010681152344,4447711,1
2023.12.18 12:30,195.25,196.16329956054688,195.15499877929688,196.1450042724609,196.1450042724609,3772276,1
2023.12.18 13:30,196.1499938964844,196.47999572753903,195.9949951171875,196.20989990234372,196.20989990234372,3900936,0
2023.12.18 14:30,196.2100067138672,196.4499969482422,196.1000061035156,196.1999969482422,196.1999969482422,3915676,0
2023.12.18 15:30,196.2100067138672,196.44000244140625,195.77999877929688,195.8623046875,195.8623046875,5129751,1
2023.12.19 9:30,196.16000366210935,196.65499877929688,195.88999938964844,196.5399932861328,196.5399932861328,9236022,1
2023.12.19 10:30,196.5500030517578,196.9499969482422,196.27749633789065,196.6000061035156,196.6000061035156,4831194,0
2023.12.19 11:30,196.59500122070312,196.7400054931641,195.97000122070312,196.22999572753903,196.22999572753903,3463432,1
2023.12.19 12:30,196.22999572753903,196.3300018310547,195.97000122070312,196.2449951171875,196.2449951171875,2379955,0
2023.12.19 13:30,196.25,196.2899932861328,195.9900054931641,196.07000732421875,196.07000732421875,2263009,1
2023.12.19 14:30,196.0800018310547,196.47000122070312,195.97999572753903,196.4499969482422,196.4499969482422,2992125,1
2023.12.19 15:30,196.4499969482422,196.9499969482422,196.3249969482422,196.92999267578125,196.92999267578125,4003318,1
2023.12.20 9:30,196.92999267578125,197.67999267578125,196.69000244140625,197.38499450683597,197.38499450683597,9234134,0
2023.12.20 10:30,197.38499450683597,197.59500122070312,197.13999938964844,197.22999572753903,197.22999572753903,4183100,1
2023.12.20 11:30,197.22999572753903,197.44000244140625,197.00999450683597,197.3583068847656,197.3583068847656,3204045,1
2023.12.20 12:30,197.3500061035156,197.45260620117188,197.2230987548828,197.3999938964844,197.3999938964844,2564829,0
2023.12.20 13:30,197.41000366210935,197.57000732421875,197.1150054931641,197.18499755859372,197.18499755859372,3246347,0
2023.12.20 14:30,197.19000244140625,197.2350006103516,195.16000366210935,195.1999969482422,195.1999969482422,8708764,0
2023.12.20 15:30,195.2100067138672,195.75,194.83999633789065,194.83999633789065,194.83999633789065,7046047,1
2023.12.21 9:30,196.1000061035156,197.0800018310547,194.82000732421875,195.12969970703125,195.12969970703125,9854488,0
2023.12.21 10:30,195.1300048828125,195.1999969482422,194.2899932861328,194.8600006103516,194.8600006103516,5694052,0
2023.12.21 11:30,194.8600006103516,194.97000122070312,193.91000366210935,194.0399932861328,194.0399932861328,4574715,1
2023.12.21 12:30,194.0500030517578,194.25999450683597,193.5,194.05999755859372,194.05999755859372,4316193,0
2023.12.21 13:30,194.07000732421875,194.2400054931641,193.7700042724609,194.0,194.0,3625960,1
2023.12.21 14:30,193.9949951171875,194.4199981689453,193.75999450683597,194.4051055908203,194.4051055908203,4415883,1
2023.12.21 15:30,194.41000366210935,194.97999572753903,194.3321075439453,194.67999267578125,194.67999267578125,5015136,0
2023.12.22 9:30,195.17999267578125,195.41000366210935,194.4250030517578,194.6649932861328,194.6649932861328,7689027,0
2023.12.22 10:30,194.6649932861328,194.7411956787109,194.00999450683597,194.1750030517578,194.1750030517578,4730474,0
2023.12.22 11:30,194.1699981689453,194.3500061035156,193.83999633789065,194.0500030517578,194.0500030517578,3433322,1
2023.12.22 12:30,194.05999755859372,194.4600067138672,193.9499969482422,194.1300048828125,194.1300048828125,3020351,0
2023.12.22 13:30,194.125,194.2949981689453,193.0800018310547,193.1195068359375,193.1195068359375,3592914,1
2023.12.22 14:30,193.1150054931641,193.97999572753903,192.97000122070312,193.97999572753903,193.97999572753903,4274216,0
2023.12.22 15:30,193.9750061035156,193.9900054931641,193.4850006103516,193.52999877929688,193.52999877929688,4377805,0
2023.12.26 9:30,193.6100006103516,193.88999938964844,192.88999938964844,193.07000732421875,193.07000732421875,6773942,0
2023.12.26 10:30,193.0749969482422,193.44000244140625,192.88999938964844,192.96499633789065,192.96499633789065,3334201,1
2023.12.26 11:30,192.96499633789065,193.3000030517578,192.9600067138672,193.09500122070312,193.09500122070312,2510474,1
2023.12.26 12:30,193.09500122070312,193.3600006103516,193.02999877929688,193.13999938964844,193.13999938964844,2356084,0
2023.12.26 13:30,193.1450042724609,193.16000366210935,192.8300018310547,193.0800018310547,193.0800018310547,2499981,1
2023.12.26 14:30,193.08999633789065,193.4600067138672,192.9600067138672,193.4120941162109,193.4120941162109,2934413,0
2023.12.26 15:30,193.4199981689453,193.4900054931641,192.9199981689453,193.0399932861328,193.0399932861328,3715355,0
2023.12.27 9:30,192.4900054931641,192.89720153808597,191.44500732421875,191.6385040283203,191.6385040283203,8800358,1
2023.12.27 10:30,191.63499450683597,191.7749938964844,191.08999633789065,191.68040466308597,191.68040466308597,5823979,1
2023.12.27 11:30,191.67999267578125,192.52999877929688,191.5500030517578,192.47999572753903,192.47999572753903,5827388,1
2023.12.27 12:30,192.4750061035156,193.1499938964844,192.4600067138672,192.9759979248047,192.9759979248047,5731943,1
2023.12.27 13:30,192.97900390625,193.5,192.77999877929688,193.1499938964844,193.1499938964844,4552245,0
2023.12.27 14:30,193.1699981689453,193.2400054931641,192.75999450683597,192.92999267578125,192.92999267578125,3255762,1
2023.12.27 15:30,192.92999267578125,193.22000122070312,192.72999572753903,193.1699981689453,193.1699981689453,5694099,1
2023.12.28 9:30,194.13999938964844,194.66000366210935,193.72999572753903,194.2490997314453,194.2490997314453,8051158,0
2023.12.28 10:30,194.25,194.47999572753903,193.88999938964844,194.0500030517578,194.0500030517578,4231835,1
2023.12.28 11:30,194.05499267578125,194.42999267578125,193.9900054931641,194.16000366210935,194.16000366210935,2553278,0
2023.12.28 12:30,194.1649932861328,194.19000244140625,193.5800018310547,193.6999969482422,193.6999969482422,3732168,1
2023.12.28 13:30,193.6999969482422,194.07000732421875,193.6699981689453,194.01499938964844,194.01499938964844,2478139,0
2023.12.28 14:30,194.01499938964844,194.08999633789065,193.5500030517578,193.6750030517578,193.6750030517578,3023980,0
2023.12.28 15:30,193.6699981689453,193.8596954345703,193.1699981689453,193.5800018310547,193.5800018310547,5075432,0
2023.12.29 9:30,193.8999938964844,194.3999938964844,193.2203063964844,193.50999450683597,193.50999450683597,5115085,0
2023.12.29 10:30,193.50999450683597,193.5500030517578,191.90989685058597,191.9600067138672,191.9600067138672,4269845,0
2023.12.29 11:30,191.96499633789065,192.47999572753903,191.7250061035156,191.8999938964844,191.8999938964844,4320986,0
2023.12.29 12:30,191.90499877929688,192.22999572753903,191.77999877929688,191.8999938964844,191.8999938964844,3916853,1
2023.12.29 13:30,191.90499877929688,192.4499969482422,191.8999938964844,192.1199951171875,192.1199951171875,2809737,1
2023.12.29 14:30,192.1150054931641,192.72999572753903,192.1100006103516,192.67999267578125,192.67999267578125,4109754,0
2023.12.29 15:30,192.6750030517578,193.1300048828125,192.0200042724609,192.5200042724609,192.5200042724609,7753795,0
2024.01.02 9:30,187.80099487304688,188.44000244140625,186.00999450683597,186.1898956298828,186.1898956298828,21173291,1
2024.01.02 10:30,186.17999267578125,186.90499877929688,185.18429565429688,186.80499267578125,186.80499267578125,9010595,0
2024.01.02 11:30,186.8000030517578,187.3500061035156,186.57000732421875,186.6150054931641,186.6150054931641,6143754,0
2024.01.02 12:30,186.6150054931641,187.0399932861328,185.25999450683597,185.2949981689453,185.2949981689453,5381701,0
2024.01.02 13:30,185.2899932861328,185.5399932861328,184.22999572753903,184.4949951171875,184.4949951171875,7228643,0
2024.01.02 14:30,184.4900054931641,184.67999267578125,183.88499450683597,184.4199981689453,184.4199981689453,8238940,1
2024.01.02 15:30,184.4199981689453,185.63999938964844,184.4149932861328,185.5249938964844,185.5249938964844,9447841,0
2024.01.03 9:30,184.66799926757807,185.8800048828125,183.6300048828125,183.9586944580078,183.9586944580078,15935130,1
2024.01.03 10:30,183.9550018310547,184.2700042724609,183.4499969482422,184.1999969482422,184.1999969482422,7040280,0
2024.01.03 11:30,184.19000244140625,184.3800048828125,183.42999267578125,183.92999267578125,183.92999267578125,5295920,1
2024.01.03 12:30,183.92709350585935,184.5500030517578,183.8516998291016,184.4730987548828,184.4730987548828,3968490,1
2024.01.03 13:30,184.4750061035156,184.82000732421875,183.80499267578125,184.7400054931641,184.7400054931641,4500805,0
2024.01.03 14:30,184.7494964599609,184.94000244140625,184.2100982666016,184.38999938964844,184.38999938964844,4256338,0
2024.01.03 15:30,184.38999938964844,184.5200042724609,183.75,184.25,184.25,5053608,0
2024.01.04 9:30,182.1499938964844,183.0872039794922,181.22760009765625,181.67999267578125,181.67999267578125,16075231,1
2024.01.04 10:30,181.6699981689453,182.35499572753903,180.8800048828125,182.125,182.125,10313237,1
2024.01.04 11:30,182.1269989013672,182.44000244140625,181.32000732421875,182.13999938964844,182.13999938964844,7509793,1
2024.01.04 12:30,182.1300048828125,182.9900054931641,181.9600067138672,182.9149932861328,182.9149932861328,4961844,0
2024.01.04 13:30,182.91000366210935,183.07000732421875,182.4199981689453,182.5,182.5,4172442,0
2024.01.04 14:30,182.5,182.66000366210935,181.87210083007807,181.94009399414065,181.94009399414065,6011068,0
2024.01.04 15:30,181.94500732421875,182.4149932861328,181.42999267578125,181.9199981689453,181.9199981689453,7594098,1
2024.01.05 9:30,181.9900054931641,182.75999450683597,181.5200042724609,182.07000732421875,182.07000732421875,13194900,1
2024.01.05 10:30,182.06629943847656,182.7400054931641,181.96499633789065,182.0876007080078,182.0876007080078,5524889,0
2024.01.05 11:30,182.0800018310547,182.2250061035156,181.32000732421875,181.3650054931641,181.3650054931641,4494198,1
2024.01.05 12:30,181.3600006103516,181.8600006103516,181.2100067138672,181.7400054931641,181.7400054931641,4262774,0
2024.01.05 13:30,181.7449951171875,182.22999572753903,180.4199981689453,181.1199951171875,181.1199951171875,9901415,0
2024.01.05 14:30,181.1100006103516,181.38999938964844,180.1699981689453,180.27999877929688,180.27999877929688,7993182,1
2024.01.05 15:30,180.2799072265625,181.25999450683597,180.23809814453125,181.1699981689453,181.1699981689453,6775472,1
2024.01.08 9:30,182.0850067138672,183.88499450683597,181.5,183.80999755859372,183.80999755859372,13311025,0
2024.01.08 10:30,183.82000732421875,183.8800048828125,183.2100067138672,183.2449951171875,183.2449951171875,5198974,1
2024.01.08 11:30,183.2449951171875,184.57000732421875,183.2350006103516,183.99009704589844,183.99009704589844,5720535,1
2024.01.08 12:30,184.0,184.47000122070312,183.9600067138672,184.1150054931641,184.1150054931641,4151910,1
2024.01.08 13:30,184.1199951171875,184.875,184.0500030517578,184.8325042724609,184.8325042724609,3724042,1
2024.01.08 14:30,184.83999633789065,185.4199981689453,184.6999969482422,185.22000122070312,185.22000122070312,5370765,1
2024.01.08 15:30,185.21499633789065,185.6000061035156,184.91000366210935,185.5500030517578,185.5500030517578,6759299,0
2024.01.09 9:30,183.9199981689453,184.22999572753903,182.72999572753903,183.5249938964844,183.5249938964844,10523629,1
2024.01.09 10:30,183.52999877929688,184.25999450683597,183.2100067138672,184.22999572753903,184.22999572753903,4602813,1
2024.01.09 11:30,184.22999572753903,184.8300018310547,184.1499938964844,184.44000244140625,184.44000244140625,3908469,0
2024.01.09 12:30,184.44000244140625,184.9199981689453,184.38999938964844,184.3999938964844,184.3999938964844,2818553,0
2024.01.09 13:30,184.3999938964844,184.72999572753903,184.0399932861328,184.31500244140625,184.31500244140625,3180445,1
2024.01.09 14:30,184.3101043701172,184.8999938964844,184.3002014160156,184.7700042724609,184.7700042724609,3646429,1
2024.01.09 15:30,184.77999877929688,185.1499938964844,184.41000366210935,185.1100006103516,185.1100006103516,6123108,0
2024.01.10 9:30,184.3500061035156,184.9600067138672,183.9199981689453,184.5500030517578,184.5500030517578,8558186,0
2024.01.10 10:30,184.5449981689453,185.00999450683597,184.22250366210935,184.50999450683597,184.50999450683597,5574178,0
2024.01.10 11:30,184.51499938964844,184.5500030517578,184.0500030517578,184.2700042724609,184.2700042724609,3427864,1
2024.01.10 12:30,184.2700042724609,184.5749969482422,184.0800018310547,184.375,184.375,3133102,1
2024.01.10 13:30,184.3800048828125,185.67999267578125,184.35499572753903,185.625,185.625,3976057,1
2024.01.10 14:30,185.6300048828125,186.3999938964844,185.6199951171875,185.8249969482422,185.8249969482422,7533201,1
2024.01.10 15:30,185.8300018310547,186.2700042724609,185.2700042724609,186.13999938964844,186.13999938964844,5937690,0
2024.01.11 9:30,186.5399932861328,187.0500030517578,183.6199951171875,184.3699951171875,184.3699951171875,13337967,0
2024.01.11 10:30,184.3650054931641,184.8800048828125,183.8350067138672,184.19000244140625,184.19000244140625,5619114,0
2024.01.11 11:30,184.18499755859372,184.4499969482422,183.8350067138672,184.0500030517578,184.0500030517578,3849444,1
2024.01.11 12:30,184.0749969482422,184.77720642089844,184.0749969482422,184.65499877929688,184.65499877929688,4000614,1
2024.01.11 13:30,184.6699981689453,185.5399932861328,184.55999755859372,185.51499938964844,185.51499938964844,3924789,0
2024.01.11 14:30,185.5200042724609,185.6999969482422,184.7550048828125,185.3699951171875,185.3699951171875,4502053,1
2024.01.11 15:30,185.3699951171875,185.7700042724609,185.32000732421875,185.5800018310547,185.5800018310547,5030776,1
2024.01.12 9:30,186.05999755859372,186.7400054931641,185.4850006103516,185.7899932861328,185.7899932861328,8367726,1
2024.01.12 10:30,185.8000030517578,186.05999755859372,185.19000244140625,185.875,185.875,4645419,0
2024.01.12 11:30,185.875,185.9250030517578,185.38999938964844,185.6199951171875,185.6199951171875,3521446,1
2024.01.12 12:30,185.6150054931641,185.83999633789065,185.42999267578125,185.79379272460935,185.79379272460935,2308362,0
2024.01.12 13:30,185.8000030517578,186.06689453125,185.6000061035156,185.6100006103516,185.6100006103516,2732716,0
2024.01.12 14:30,185.60330200195312,185.6100006103516,185.22000122070312,185.51499938964844,185.51499938964844,3823230,1
2024.01.12 15:30,185.5200042724609,185.97999572753903,185.4658966064453,185.9199981689453,185.9199981689453,4865441,0
2024.01.16 9:30,182.5,182.8500061035156,180.9340057373047,182.75999450683597,182.75999450683597,16725135,1
2024.01.16 10:30,182.7700042724609,184.25999450683597,182.5200042724609,183.9499969482422,183.9499969482422,11408997,0
2024.01.16 11:30,183.9600067138672,184.16000366210935,182.3800048828125,182.4149932861328,182.4149932861328,5404103,1
2024.01.16 12:30,182.4199981689453,182.92999267578125,182.2100067138672,182.7350006103516,182.7350006103516,4292807,0
2024.01.16 13:30,182.75,182.9499053955078,182.13999938964844,182.45860290527344,182.45860290527344,6561011,1
2024.01.16 14:30,182.4550018310547,183.25999450683597,182.2700042724609,183.1699981689453,183.1699981689453,4502430,1
2024.01.16 15:30,183.17999267578125,183.6300048828125,183.13499450683597,183.6100006103516,183.6100006103516,4776796,0
2024.01.17 9:30,181.2700042724609,181.83999633789065,180.3000030517578,181.6999969482422,181.6999969482422,12537805,1
2024.01.17 10:30,181.68499755859372,182.06500244140625,181.3000030517578,181.80499267578125,181.80499267578125,5778219,1
2024.01.17 11:30,181.80999755859372,182.3300018310547,181.48800659179688,182.1199951171875,182.1199951171875,4248713,0
2024.01.17 12:30,182.1199951171875,182.53500366210935,181.8300018310547,182.1199951171875,182.1199951171875,3345645,1
2024.01.17 13:30,182.1150054931641,182.5500030517578,181.3699951171875,182.5355987548828,182.5355987548828,5569336,0
2024.01.17 14:30,182.5377960205078,182.6800994873047,182.0500946044922,182.20550537109372,182.20550537109372,4778525,1
2024.01.17 15:30,182.2050018310547,182.92999267578125,182.17999267578125,182.66000366210935,182.66000366210935,4353739,1
2024.01.18 9:30,186.08999633789065,187.6499938964844,185.8300018310547,187.4501037597656,187.4501037597656,19756876,1
2024.01.18 10:30,187.4600067138672,188.9600067138672,187.2700042724609,188.7700042724609,188.7700042724609,11697457,0
2024.01.18 11:30,188.76499938964844,188.77999877929688,187.67999267578125,187.92999267578125,187.92999267578125,8302899,0
2024.01.18 12:30,187.92999267578125,187.92999267578125,186.75010681152344,186.9250030517578,186.9250030517578,5973240,1
2024.01.18 13:30,186.92999267578125,188.9499969482422,186.9199981689453,188.92449951171875,188.92449951171875,6516026,1
2024.01.18 14:30,188.9250030517578,189.13999938964844,188.7050018310547,188.95989990234372,188.95989990234372,7066159,0
2024.01.18 15:30,188.9600067138672,188.9900054931641,188.50999450683597,188.72999572753903,188.72999572753903,6982801,1
2024.01.19 9:30,189.3300018310547,189.96499633789065,188.82000732421875,189.94009399414065,189.94009399414065,16382763,0
2024.01.19 10:30,189.94000244140625,190.16000366210935,189.5800018310547,189.91000366210935,189.91000366210935,7573154,1
2024.01.19 11:30,189.8999938964844,190.42999267578125,189.33009338378903,190.31500244140625,190.31500244140625,5987140,1
2024.01.19 12:30,190.32000732421875,190.9900054931641,190.27999877929688,190.93499755859372,190.93499755859372,7184895,1
2024.01.19 13:30,190.9344940185547,191.9499969482422,190.9250030517578,191.47000122070312,191.47000122070312,6850175,0
2024.01.19 14:30,191.47999572753903,191.7400054931641,191.1699981689453,191.43499755859372,191.43499755859372,6438261,1
2024.01.19 15:30,191.43429565429688,191.82000732421875,191.32000732421875,191.5800018310547,191.5800018310547,5716572,1
2024.01.22 9:30,192.42999267578125,194.9499969482422,192.42999267578125,194.75,194.75,14810964,0
2024.01.22 10:30,194.7700042724609,195.3300018310547,193.1499938964844,193.77999877929688,193.77999877929688,10776514,0
2024.01.22 11:30,193.7899932861328,193.85499572753903,193.02999877929688,193.66749572753903,193.66749572753903,5000034,1
2024.01.22 12:30,193.66319274902344,194.13999938964844,193.50999450683597,193.75729370117188,193.75729370117188,5093193,1
2024.01.22 13:30,193.75999450683597,194.5,193.7449951171875,194.3800048828125,194.3800048828125,4701837,0
2024.01.22 14:30,194.38999938964844,194.57000732421875,193.7050018310547,193.9001007080078,193.9001007080078,4425371,0
2024.01.22 15:30,193.8999938964844,193.9199981689453,193.4600067138672,193.8699951171875,193.8699951171875,4882197,1
2024.01.23 9:30,195.0200042724609,195.75,193.82989501953125,194.19500732421875,194.19500732421875,10604009,1
2024.01.23 10:30,194.1999969482422,194.57000732421875,194.0,194.32000732421875,194.32000732421875,5112775,1
2024.01.23 11:30,194.32000732421875,194.77999877929688,194.2001037597656,194.6649932861328,194.6649932861328,3643345,1
2024.01.23 12:30,194.6699981689453,195.2400054931641,194.4949951171875,195.05499267578125,195.05499267578125,3772811,0
2024.01.23 13:30,195.0500030517578,195.1499938964844,194.57000732421875,194.73399353027344,194.73399353027344,3816695,1
2024.01.23 14:30,194.6450042724609,195.19000244140625,194.57000732421875,194.8350067138672,194.8350067138672,4587060,1
2024.01.23 15:30,194.8350067138672,195.25,194.65989685058597,195.16000366210935,195.16000366210935,5178142,1
2024.01.24 9:30,195.4199981689453,196.3800048828125,194.66000366210935,196.0,196.0,11411670,0
2024.01.24 10:30,195.99009704589844,196.33999633789065,195.2700042724609,195.3999938964844,195.3999938964844,6599536,1
2024.01.24 11:30,195.41000366210935,195.8999938964844,195.34500122070312,195.75,195.75,6119557,0
2024.01.24 12:30,195.7527008056641,196.0800018310547,195.21499633789065,195.65499877929688,195.65499877929688,5360074,0
2024.01.24 13:30,195.66000366210935,195.66009521484372,194.69000244140625,194.80999755859372,194.80999755859372,4601531,0
2024.01.24 14:30,194.80999755859372,195.21820068359372,194.5500030517578,194.6566925048828,194.6566925048828,4745911,0
2024.01.24 15:30,194.65989685058597,195.1000061035156,194.33999633789065,194.50999450683597,194.50999450683597,4950346,1
2024.01.25 9:30,195.30499267578125,195.58999633789065,194.6300048828125,195.35499572753903,195.35499572753903,9104188,1
2024.01.25 10:30,195.3600006103516,195.8699951171875,195.13999938964844,195.83999633789065,195.83999633789065,6222253,0
2024.01.25 11:30,195.83999633789065,196.2675018310547,195.52999877929688,195.7400054931641,195.7400054931641,5865883,0
2024.01.25 12:30,195.75,195.9573974609375,194.1000061035156,194.7100067138672,194.7100067138672,7792813,0
2024.01.25 13:30,194.7050018310547,194.93499755859372,193.75169372558597,193.91110229492188,193.91110229492188,5786472,0
2024.01.25 14:30,193.9149932861328,194.1300048828125,193.1125030517578,193.8535003662109,193.8535003662109,5204479,1
2024.01.25 15:30,193.85499572753903,194.30999755859372,193.75999450683597,194.19000244140625,194.19000244140625,5031642,1
2024.01.26 9:30,194.2700042724609,194.75999450683597,193.75,194.68499755859372,194.68499755859372,8196843,0
2024.01.26 10:30,194.69000244140625,194.7449951171875,194.3600006103516,194.38999938964844,194.38999938964844,3865162,0
2024.01.26 11:30,194.3999938964844,194.4750061035156,193.6000061035156,193.72000122070312,193.72000122070312,3732100,0
2024.01.26 12:30,193.7001037597656,193.7100067138672,192.2700042724609,192.66000366210935,192.66000366210935,6154152,0
2024.01.26 13:30,192.66000366210935,192.72999572753903,192.2700042724609,192.47509765625,192.47509765625,3375089,0
2024.01.26 14:30,192.47999572753903,192.9750061035156,192.33999633789065,192.4250030517578,192.4250030517578,3467304,0
2024.01.26 15:30,192.4250030517578,192.58999633789065,191.94000244140625,192.3699951171875,192.3699951171875,6951830,0
2024.01.29 9:30,192.00999450683597,192.1779937744141,189.5800018310547,190.8699951171875,190.8699951171875,11790966,0
2024.01.29 10:30,190.8699951171875,191.1499938964844,190.40499877929688,190.69000244140625,190.69000244140625,4793101,1
2024.01.29 11:30,190.68499755859372,191.13890075683597,190.3999938964844,191.02999877929688,191.02999877929688,4112191,1
2024.01.29 12:30,191.03500366210935,191.2899932861328,190.77999877929688,191.25,191.25,2704473,1
2024.01.29 13:30,191.25999450683597,191.6199951171875,191.2100067138672,191.53500366210935,191.53500366210935,3065266,1
2024.01.29 14:30,191.5355987548828,192.1999969482422,191.27999877929688,191.93499755859372,191.93499755859372,5766967,0
2024.01.29 15:30,191.93499755859372,192.10499572753903,191.38999938964844,191.77999877929688,191.77999877929688,5062975,0
2024.01.30 9:30,190.94000244140625,191.8000030517578,189.4600067138672,189.9499969482422,189.9499969482422,10879513,0
2024.01.30 10:30,189.92999267578125,190.25,187.8650054931641,188.6531982421875,188.6531982421875,12493978,0
2024.01.30 11:30,188.65499877929688,188.94000244140625,188.22999572753903,188.41000366210935,188.41000366210935,4796471,1
2024.01.30 12:30,188.3999938964844,188.57000732421875,187.67999267578125,188.56399536132807,188.56399536132807,4738358,0
2024.01.30 13:30,188.55999755859372,188.639892578125,187.47000122070312,187.84500122070312,187.84500122070312,4840030,1
2024.01.30 14:30,187.84500122070312,188.27999877929688,187.7700042724609,188.07000732421875,188.07000732421875,4500321,0
2024.01.30 15:30,188.06500244140625,188.13999938964844,187.8000030517578,187.97999572753903,187.97999572753903,5122448,0
2024.01.31 9:30,187.0399932861328,187.09500122070312,184.7899932861328,185.01499938964844,185.01499938964844,12426052,1
2024.01.31 10:30,185.0200042724609,185.8699951171875,184.8999938964844,185.7198944091797,185.7198944091797,5060007,1
2024.01.31 11:30,185.72000122070312,186.1100006103516,185.4199981689453,186.08999633789065,186.08999633789065,3731068,1
2024.01.31 12:30,186.0800018310547,186.44000244140625,185.8332977294922,186.16000366210935,186.16000366210935,3297036,0
2024.01.31 13:30,186.1699981689453,186.52999877929688,185.25999450683597,185.6699981689453,185.6699981689453,4331208,0
2024.01.31 14:30,185.6699981689453,186.94000244140625,185.03500366210935,185.5200042724609,185.5200042724609,6707892,0
2024.01.31 15:30,185.5200042724609,185.5886993408203,184.3500061035156,184.3600006103516,184.3600006103516,6428646,1
2024.02.01 9:30,184.25,186.17999267578125,183.9600067138672,186.10499572753903,186.10499572753903,12493823,0
2024.02.01 10:30,186.1199951171875,186.30999755859372,185.2899932861328,185.3950042724609,185.3950042724609,5815982,1
2024.02.01 11:30,185.38999938964844,186.2949981689453,185.3600006103516,185.88999938964844,185.88999938964844,4622455,0
2024.02.01 12:30,185.88999938964844,186.44000244140625,185.57000732421875,185.72999572753903,185.72999572753903,4421852,1
2024.02.01 13:30,185.7400054931641,186.15499877929688,185.25999450683597,185.9750061035156,185.9750061035156,4416220,1
2024.02.01 14:30,185.9799041748047,186.8000030517578,185.881103515625,186.66000366210935,186.66000366210935,5947190,1
2024.02.01 15:30,186.6499938964844,186.9499969482422,186.3600006103516,186.88999938964844,186.88999938964844,6843756,0
2024.02.02 9:30,180.4499969482422,184.1699981689453,180.0500030517578,183.31500244140625,183.31500244140625,35096943,1
2024.02.02 10:30,183.3300018310547,187.3300018310547,183.16000366210935,187.0,187.0,15943080,1
2024.02.02 11:30,187.00999450683597,187.1000061035156,185.8300018310547,187.0209045410156,187.0209045410156,8987019,0
2024.02.02 12:30,187.02999877929688,187.1199951171875,184.85400390625,186.03500366210935,186.03500366210935,8500269,1
2024.02.02 13:30,186.0399932861328,186.2400054931641,185.58999633789065,186.0800018310547,186.0800018310547,5735681,1
2024.02.02 14:30,186.08999633789065,187.07000732421875,186.0800018310547,186.72999572753903,186.72999572753903,7311261,0
2024.02.02 15:30,186.7350006103516,186.88999938964844,185.8300018310547,185.83999633789065,185.83999633789065,7701037,1
2024.02.05 9:30,187.125,188.3600006103516,185.83999633789065,186.6999969482422,186.6999969482422,21074171,1
2024.02.05 10:30,186.6699981689453,187.75999450683597,186.1100006103516,187.25,187.25,7579937,1
2024.02.05 11:30,187.25,188.4900054931641,187.2301025390625,188.42999267578125,188.42999267578125,6730072,1
2024.02.05 12:30,188.42999267578125,189.25,188.4199981689453,188.54010009765625,188.54010009765625,7252942,0
2024.02.05 13:30,188.54010009765625,189.0200042724609,188.38499450683597,188.46499633789065,188.46499633789065,4527382,0
2024.02.05 14:30,188.48699951171875,188.83999633789065,188.02999877929688,188.3500061035156,188.3500061035156,6093208,0
2024.02.05 15:30,188.33999633789065,188.4199981689453,187.63999938964844,187.6699981689453,187.6699981689453,5767234,1
2024.02.06 9:30,186.8600006103516,188.6300048828125,186.76950073242188,187.92999267578125,187.92999267578125,11081527,1
2024.02.06 10:30,187.91000366210935,188.8600006103516,187.2700042724609,188.81500244140625,188.81500244140625,6268747,1
2024.02.06 11:30,188.82000732421875,189.13999938964844,188.41000366210935,188.83999633789065,188.83999633789065,4757028,1
2024.02.06 12:30,188.83999633789065,189.0,188.42999267578125,188.88999938964844,188.88999938964844,3663298,0
2024.02.06 13:30,188.8950042724609,188.94000244140625,188.3610992431641,188.4485015869141,188.4485015869141,2989009,0
2024.02.06 14:30,188.4499969482422,188.6383056640625,188.22999572753903,188.35499572753903,188.35499572753903,3103015,1
2024.02.06 15:30,188.3600006103516,189.30999755859372,188.1699981689453,189.2899932861328,189.2899932861328,4836714,1
2024.02.07 9:30,190.63999938964844,191.0500030517578,188.6100006103516,190.3710021972656,190.3710021972656,13070939,0
2024.02.07 10:30,190.3800048828125,190.3999938964844,188.80599975585935,189.0749969482422,189.0749969482422,6941625,0
2024.02.07 11:30,189.0749969482422,189.2700042724609,188.80999755859372,188.9949951171875,188.9949951171875,4142050,1
2024.02.07 12:30,189.0,189.1750030517578,188.6499938964844,189.1199951171875,189.1199951171875,4225096,0
2024.02.07 13:30,189.1300048828125,189.2949981689453,188.8600006103516,188.9734039306641,188.9734039306641,3634993,1
2024.02.07 14:30,188.97999572753903,189.41000366210935,188.88999938964844,189.1750030517578,189.1750030517578,4428203,1
2024.02.07 15:30,189.1750030517578,189.4199981689453,188.93499755859372,189.41000366210935,189.41000366210935,5356489,0
2024.02.08 9:30,189.38499450683597,189.53500366210935,187.7700042724609,187.79640197753903,187.79640197753903,9404735,1
2024.02.08 10:30,187.8000030517578,188.22000122070312,187.3500061035156,188.0050048828125,188.0050048828125,5999088,1
2024.02.08 11:30,187.9907073974609,188.7198944091797,187.93499755859372,188.6999969482422,188.6999969482422,3704042,0
2024.02.08 12:30,188.70899963378903,188.75,188.0,188.22999572753903,188.22999572753903,3684608,0
2024.02.08 13:30,188.22999572753903,188.3500061035156,187.9900054931641,188.0200042724609,188.0200042724609,2950677,1
2024.02.08 14:30,188.01499938964844,188.44500732421875,187.9900054931641,188.33999633789065,188.33999633789065,3130920,0
2024.02.08 15:30,188.35499572753903,188.4199981689453,188.07000732421875,188.33999633789065,188.33999633789065,4392367,1
2024.02.09 9:30,188.6499938964844,188.92999267578125,188.0,188.4900054931641,188.4900054931641,7269191,1
2024.02.09 10:30,188.4900054931641,189.8600006103516,188.3999938964844,189.58580017089844,189.58580017089844,7262095,0
2024.02.09 11:30,189.58839416503903,189.9900054931641,189.10009765625,189.33999633789065,189.33999633789065,5933174,1
2024.02.09 12:30,189.3350067138672,189.67999267578125,189.1499938964844,189.4700927734375,189.4700927734375,3946336,0
2024.02.09 13:30,189.47999572753903,189.52999877929688,188.6999969482422,188.8500061035156,188.8500061035156,3957939,0
2024.02.09 14:30,188.8406982421875,189.02999877929688,188.56500244140625,188.80999755859372,188.80999755859372,3908875,1
2024.02.09 15:30,188.80999755859372,188.91000366210935,188.57000732421875,188.82000732421875,188.82000732421875,4247081,0
2024.02.12 9:30,188.4149932861328,188.6699981689453,187.44000244140625,187.46859741210935,187.46859741210935,9188512,1
2024.02.12 10:30,187.47000122070312,188.05999755859372,187.38009643554688,187.9900054931641,187.9900054931641,5040878,0
2024.02.12 11:30,187.9900054931641,188.17999267578125,187.6999969482422,187.8650054931641,187.8650054931641,3034871,1
2024.02.12 12:30,187.8603057861328,188.3699951171875,187.86019897460935,187.9750061035156,187.9750061035156,3095209,0
2024.02.12 13:30,187.9750061035156,188.1096954345703,187.41000366210935,187.4499969482422,187.4499969482422,3735143,0
2024.02.12 14:30,187.44500732421875,187.5,186.7899932861328,187.1100006103516,187.1100006103516,3698293,1
2024.02.12 15:30,187.10890197753903,187.4499969482422,186.8800048828125,187.17999267578125,187.17999267578125,4927400,0
2024.02.13 9:30,185.7700042724609,186.2100067138672,184.17999267578125,185.4707946777344,185.4707946777344,13054284,1
2024.02.13 10:30,185.4799041748047,186.11990356445312,185.3600006103516,185.6100006103516,185.6100006103516,5752805,0
2024.02.13 11:30,185.59500122070312,185.7393951416016,185.2516021728516,185.4750061035156,185.4750061035156,3585593,0
2024.02.13 12:30,185.47999572753903,185.7700042724609,185.1100006103516,185.2949981689453,185.2949981689453,3022354,0
2024.02.13 13:30,185.2899932861328,185.3800048828125,184.19000244140625,184.28500366210935,184.28500366210935,4531260,0
2024.02.13 14:30,184.27999877929688,184.59500122070312,183.51280212402344,183.7299041748047,183.7299041748047,5652730,1
2024.02.13 15:30,183.7250061035156,185.1999969482422,183.69000244140625,185.02999877929688,185.02999877929688,7155981,0
2024.02.14 9:30,185.32000732421875,185.52999877929688,183.4199981689453,183.8000030517578,183.8000030517578,10773002,0
2024.02.14 10:30,183.80499267578125,183.9600067138672,182.80349731445312,183.4900054931641,183.4900054931641,7267868,0
2024.02.14 11:30,183.4900054931641,183.6000061035156,182.50999450683597,182.8000030517578,182.8000030517578,5070640,0
2024.02.14 12:30,182.8000030517578,182.92739868164065,182.44000244140625,182.57000732421875,182.57000732421875,4266603,1
2024.02.14 13:30,182.5800018310547,183.19000244140625,182.4900054931641,183.1499938964844,183.1499938964844,4242351,1
2024.02.14 14:30,183.16000366210935,183.55999755859372,182.80999755859372,183.5249938964844,183.5249938964844,4560865,1
2024.02.14 15:30,183.52999877929688,184.2700042724609,183.42449951171875,184.0200042724609,184.0200042724609,6170787,0
2024.02.15 9:30,183.5500030517578,184.0894012451172,181.3500061035156,181.8800048828125,181.8800048828125,15865879,1
2024.02.15 10:30,181.8999938964844,182.1199951171875,181.44000244140625,181.9900054931641,181.9900054931641,7072846,1
2024.02.15 11:30,182.0,182.24989318847656,181.55999755859372,182.0249938964844,182.0249938964844,4268275,1
2024.02.15 12:30,182.02999877929688,182.19500732421875,181.6649932861328,182.0500030517578,182.0500030517578,4337741,0
2024.02.15 13:30,182.0458984375,182.4600067138672,181.8600006103516,181.97889709472656,181.97889709472656,5128374,1
2024.02.15 14:30,181.97000122070312,182.6499938964844,181.7400054931641,182.38009643554688,182.38009643554688,5376205,1
2024.02.15 15:30,182.38690185546875,184.4900054931641,182.2100067138672,183.9499969482422,183.9499969482422,11866107,0
2024.02.16 9:30,183.75,184.8500061035156,181.8600006103516,182.5449981689453,182.5449981689453,14074668,1
2024.02.16 10:30,182.5500030517578,183.44729614257807,182.4199981689453,183.1499938964844,183.1499938964844,5935048,0
2024.02.16 11:30,183.15499877929688,183.2899932861328,182.72000122070312,182.94009399414065,182.94009399414065,3563098,0
2024.02.16 12:30,182.9499969482422,183.00999450683597,182.47999572753903,182.6499938964844,182.6499938964844,3133873,1
2024.02.16 13:30,182.6569976806641,183.17999267578125,182.4850006103516,183.14300537109372,183.14300537109372,3501742,0
2024.02.16 14:30,183.1488037109375,183.19749450683597,182.02999877929688,182.2559967041016,182.2559967041016,4414931,1
2024.02.16 15:30,182.25999450683597,182.30999755859372,181.6649932861328,182.2899932861328,182.2899932861328,5087964,0
2024.02.20 9:30,182.0,182.42999267578125,180.2449951171875,180.4600067138672,180.4600067138672,11558221,1
2024.02.20 10:30,180.4600067138672,181.1649932861328,180.0,181.125,181.125,6406312,0
2024.02.20 11:30,181.1300048828125,181.3699951171875,180.6000061035156,180.7449951171875,180.7449951171875,5338226,0
2024.02.20 12:30,180.7449951171875,180.9499969482422,180.44000244140625,180.50999450683597,180.50999450683597,3708310,1
2024.02.20 13:30,180.5050048828125,180.83999633789065,180.3999938964844,180.69000244140625,180.69000244140625,3193463,1
2024.02.20 14:30,180.69000244140625,181.4600067138672,180.47000122070312,181.38270568847656,181.38270568847656,3858975,1
2024.02.20 15:30,181.38999938964844,181.66000366210935,180.8600006103516,181.6100006103516,181.6100006103516,6301252,1
2024.02.21 9:30,181.6000061035156,182.8887939453125,181.55499267578125,182.55999755859372,182.55999755859372,9104336,0
2024.02.21 10:30,182.55999755859372,182.6499938964844,182.07000732421875,182.15499877929688,182.15499877929688,4359759,0
2024.02.21 11:30,182.1499938964844,182.3300018310547,181.3600006103516,181.38999938964844,181.38999938964844,3729837,1
2024.02.21 12:30,181.38999938964844,181.7250061035156,181.05999755859372,181.4199981689453,181.4199981689453,3311637,0
2024.02.21 13:30,181.42999267578125,181.5200042724609,180.66000366210935,180.9499969482422,180.9499969482422,3555971,1
2024.02.21 14:30,180.9499969482422,181.30499267578125,180.76499938964844,181.2050018310547,181.2050018310547,3885929,1
2024.02.21 15:30,181.2100067138672,182.38999938964844,181.2050018310547,182.3300018310547,182.3300018310547,4689099,1
2024.02.22 9:30,183.83999633789065,184.0399932861328,182.5240020751953,183.05499267578125,183.05499267578125,11857133,0
2024.02.22 10:30,183.05999755859372,183.2967987060547,182.4600067138672,183.03500366210935,183.03500366210935,4961137,1
2024.02.22 11:30,183.0399932861328,183.25999450683597,182.7400054931641,183.05999755859372,183.05999755859372,3670959,1
2024.02.22 12:30,183.07000732421875,184.1100006103516,183.0,184.0399932861328,184.0399932861328,4935398,1
2024.02.22 13:30,184.0500030517578,184.9499969482422,183.94000244140625,184.94000244140625,184.94000244140625,4540628,0
2024.02.22 14:30,184.94000244140625,184.9550018310547,184.38999938964844,184.55999755859372,184.55999755859372,5171492,0
2024.02.22 15:30,184.56739807128903,184.6199951171875,184.17999267578125,184.3699951171875,184.3699951171875,7964831,0
2024.02.23 9:30,185.00999450683597,185.0399932861328,183.2949981689453,183.3000030517578,183.3000030517578,8567439,0
2024.02.23 10:30,183.2949981689453,183.55599975585935,182.63999938964844,183.0590057373047,183.0590057373047,5717230,0
2024.02.23 11:30,183.05499267578125,183.1150054931641,182.39010620117188,182.55999755859372,182.55999755859372,4001601,1
2024.02.23 12:30,182.55499267578125,182.9600067138672,182.30999755859372,182.9550018310547,182.9550018310547,6905673,0
2024.02.23 13:30,182.9550018310547,182.97000122070312,182.4302978515625,182.47000122070312,182.47000122070312,2955884,1
2024.02.23 14:30,182.47999572753903,182.69500732421875,182.44000244140625,182.5850067138672,182.5850067138672,4028588,0
2024.02.23 15:30,182.58999633789065,182.82000732421875,182.22999572753903,182.50999450683597,182.50999450683597,5352894,0
2024.02.26 9:30,182.3999938964844,182.75999450683597,181.14840698242188,181.60220336914065,181.60220336914065,8939120,0
2024.02.26 10:30,181.6100006103516,181.8500061035156,180.7400054931641,180.94000244140625,180.94000244140625,5659166,1
2024.02.26 11:30,180.94000244140625,181.25999450683597,180.8350067138672,180.97000122070312,180.97000122070312,3653300,1
2024.02.26 12:30,180.9730987548828,181.3300018310547,180.6499938964844,180.9850006103516,180.9850006103516,3721259,1
2024.02.26 13:30,180.9900054931641,181.72999572753903,180.8500061035156,181.7120056152344,181.7120056152344,3813825,0
2024.02.26 14:30,181.7100067138672,181.77999877929688,181.25999450683597,181.3800048828125,181.3800048828125,3361670,0
2024.02.26 15:30,181.3800048828125,181.47000122070312,181.0749969482422,181.13999938964844,181.13999938964844,4001708,1
2024.02.27 9:30,181.25,181.6699981689453,180.3000030517578,181.1699981689453,181.1699981689453,8245225,0
2024.02.27 10:30,181.16009521484372,181.2700042724609,180.75999450683597,180.86279296875,180.86279296875,3681857,0
2024.02.27 11:30,180.8600006103516,181.01010131835935,180.5500030517578,180.69000244140625,180.69000244140625,2764462,0
2024.02.27 12:30,180.68499755859372,180.7899932861328,180.04010009765625,180.06539916992188,180.06539916992188,3614103,1
2024.02.27 13:30,180.07000732421875,182.6000061035156,179.55999755859375,182.6000061035156,182.6000061035156,10154303,1
2024.02.27 14:30,182.597900390625,183.9225006103516,182.17999267578125,182.60499572753903,182.60499572753903,12441282,1
2024.02.27 15:30,182.6000061035156,182.75,182.27999877929688,182.6300048828125,182.6300048828125,6563443,0
2024.02.28 9:30,182.50999450683597,183.1199951171875,181.1100006103516,181.16000366210935,181.16000366210935,11442944,1
2024.02.28 10:30,181.16000366210935,181.76499938964844,180.9600067138672,181.60150146484372,181.60150146484372,5720266,0
2024.02.28 11:30,181.6199951171875,181.6699981689453,180.6000061035156,180.7010040283203,180.7010040283203,6240997,0
2024.02.28 12:30,180.70469665527344,180.70469665527344,180.1300048828125,180.60220336914065,180.60220336914065,5735191,1
2024.02.28 13:30,180.6100006103516,180.92999267578125,180.5301055908203,180.61990356445312,180.61990356445312,3681788,1
2024.02.28 14:30,180.60499572753903,180.8600006103516,180.3500061035156,180.8350067138672,180.8350067138672,4490821,1
2024.02.28 15:30,180.8350067138672,181.47000122070312,180.8350067138672,181.4199981689453,181.4199981689453,5579634,1
2024.02.29 9:30,182.0,182.3600006103516,181.2899932861328,181.6199951171875,181.6199951171875,12685419,0
2024.02.29 10:30,181.62530517578125,181.7100067138672,180.4199981689453,180.42999267578125,180.42999267578125,7277897,0
2024.02.29 11:30,180.4250030517578,180.42999267578125,179.52999877929688,179.82000732421875,179.82000732421875,8149732,1
2024.02.29 12:30,179.82000732421875,180.8000030517578,179.64999389648438,180.3800048828125,180.3800048828125,7795890,0
2024.02.29 13:30,180.3800048828125,180.4900054931641,179.67999267578125,180.11000061035156,180.11000061035156,6547702,1
2024.02.29 14:30,180.1199951171875,180.6999969482422,179.86000061035156,180.5850067138672,180.5850067138672,6246756,1
2024.02.29 15:30,180.5850067138672,181.1100006103516,179.57000732421875,180.7700042724609,180.7700042724609,13220925,0
2024.03.01 9:30,180.10000610351562,180.43310546875,178.29600524902344,178.30850219726562,178.30850219726562,11740393,0
2024.03.01 10:30,178.30999755859375,178.47000122070312,177.6699981689453,178.22999572753906,178.22999572753906,18570130,0
2024.03.01 11:30,178.25,178.25,177.3800048828125,178.0399932861328,178.0399932861328,8174326,1
2024.03.01 12:30,178.04220581054688,178.8000030517578,177.9499969482422,178.70010375976562,178.70010375976562,6896281,1
2024.03.01 13:30,178.7050018310547,180.22000122070312,178.55999755859375,180.1999969482422,180.1999969482422,7669052,0
2024.03.01 14:30,180.1999969482422,180.2050018310547,179.5500030517578,179.67999267578125,179.67999267578125,6521136,0
2024.03.01 15:30,179.67999267578125,179.8000030517578,179.4149932861328,179.63999938964844,179.63999938964844,5971790,0
2024.03.04 9:30,175.8000030517578,176.8300018310547,173.92999267578125,174.1699981689453,174.1699981689453,24053178,1
2024.03.04 10:30,174.19000244140625,175.02000427246094,173.89999389648438,174.81500244140625,174.81500244140625,0,0
2024.03.04 11:30,174.82000732421875,175.0050048828125,174.00999450683594,174.6269989013672,174.6269989013672,5211390,0
2024.03.04 12:30,174.6300048828125,174.67999267578125,173.79010009765625,173.90499877929688,173.90499877929688,4979309,1
2024.03.04 13:30,173.89999389648438,174.5050048828125,173.7949981689453,174.35000610351562,174.35000610351562,4710827,1
2024.03.04 14:30,174.35629272460938,175.64500427246094,174.35499572753906,175.44000244140625,175.44000244140625,5373792,0
2024.03.04 15:30,175.44500732421875,175.5,174.9499969482422,175.08999633789062,175.08999633789062,28556373,0
2024.03.05 9:30,171.0,171.97000122070312,169.89999389648438,169.91000366210938,169.91000366210938,28565817,1
2024.03.05 10:30,169.9199981689453,170.82000732421875,169.6199951171875,170.61000061035156,170.61000061035156,11409729,1
2024.03.05 11:30,170.07000732421875,170.89500427246094,169.86000061035156,170.78500366210938,170.78500366210938,0,0
2024.03.05 12:30,170.78500366210938,170.82870483398438,170.14999389648438,170.47000122070312,170.47000122070312,4315788,0
2024.03.05 13:30,170.4600067138672,170.4720001220703,169.94000244140625,170.04400634765625,170.04400634765625,5130323,0
2024.03.05 14:30,170.04989624023438,170.24830627441406,169.7899932861328,169.97999572753906,169.97999572753906,5324135,1
2024.03.05 15:30,169.99000549316406,170.1999969482422,169.8300018310547,170.1699981689453,170.1699981689453,32406499,0
2024.03.06 9:30,170.42999267578125,171.07000732421875,168.92999267578125,169.5800018310547,169.5800018310547,20056778,1
2024.03.06 10:30,169.58999633789062,170.0500030517578,169.27000427246094,169.77999877929688,169.77999877929688,0,1
2024.03.06 11:30,169.77499389648438,170.3000030517578,169.3350067138672,170.17990112304688,170.17990112304688,5004145,0
2024.03.06 12:30,170.1750030517578,170.35000610351562,169.91000366210938,169.9915008544922,169.9915008544922,3526171,0
2024.03.06 13:30,169.9949951171875,170.0449981689453,168.67999267578125,169.10000610351562,169.10000610351562,4963027,0
2024.03.06 14:30,169.11000061035156,169.24000549316406,168.6999969482422,169.0,169.0,4147280,1
2024.03.06 15:30,169.00999450683594,169.39500427246094,168.8699951171875,169.1199951171875,169.1199951171875,21763131,0
2024.03.07 9:30,169.14999389648438,169.77999877929688,168.49000549316406,168.97000122070312,168.97000122070312,15511305,1
2024.03.07 10:30,168.97999572753906,169.52999877929688,168.61000061035156,169.27999877929688,169.27999877929688,8462490,0
2024.03.07 11:30,169.2899932861328,169.60000610351562,168.9199981689453,169.16000366210938,169.16000366210938,6669342,1
2024.03.07 12:30,169.1699981689453,169.64999389648438,168.99000549316406,169.625,169.625,5894598,1
2024.03.07 13:30,169.6300048828125,170.72999572753906,169.5500030517578,170.10000610351562,170.10000610351562,9957544,0
2024.03.07 14:30,170.08999633789062,170.44000244140625,169.60049438476562,169.610107421875,169.610107421875,6424710,0
2024.03.07 15:30,169.61500549316406,169.66000366210938,168.89999389648438,168.97999572753906,168.97999572753906,7405147,1
2024.03.08 9:30,169.0,171.8489990234375,168.94000244140625,171.77999877929688,171.77999877929688,16160343,0
2024.03.08 10:30,171.77999877929688,172.0500030517578,171.02000427246094,171.6199951171875,171.6199951171875,9142498,1
2024.03.08 11:30,171.6199951171875,172.77000427246094,170.92999267578125,172.71499633789062,172.71499633789062,10400918,0
2024.03.08 12:30,172.72000122070312,172.7899932861328,171.7100067138672,172.22999572753906,172.22999572753906,6861688,1
2024.03.08 13:30,172.23500061035156,173.5,172.08999633789062,173.47000122070312,173.47000122070312,7762851,0
2024.03.08 14:30,173.47000122070312,173.6999969482422,171.34500122070312,171.39999389648438,171.39999389648438,8844545,0
2024.03.08 15:30,171.41000366210938,171.73280334472656,170.72000122070312,170.74000549316406,170.74000549316406,8836925,1
2024.03.11 9:30,173.25,174.25,172.8300018310547,173.35000610351562,173.35000610351562,17506196,0
2024.03.11 10:30,173.34890747070312,173.63999938964844,172.2899932861328,172.673095703125,172.673095703125,7509998,1
2024.03.11 11:30,172.67799377441406,173.32960510253906,172.5399932861328,172.82000732421875,172.82000732421875,5417242,0
2024.03.11 12:30,172.8249969482422,172.97999572753906,172.0500030517578,172.38999938964844,172.38999938964844,3959687,1
2024.03.11 13:30,172.38499450683594,173.4199981689453,172.22000122070312,172.625,172.625,5585359,1
2024.03.11 14:30,172.6300048828125,172.94000244140625,172.43499755859375,172.6999969482422,172.6999969482422,4048971,1
2024.03.11 15:30,172.7100067138672,173.0699005126953,172.4499969482422,172.7899932861328,172.7899932861328,5939837,0
2024.03.12 9:30,173.14999389648438,173.47000122070312,171.00999450683594,172.63499450683594,172.63499450683594,13927121,1
2024.03.12 10:30,172.63999938964844,172.91000366210938,172.32009887695312,172.67990112304688,172.67990112304688,6625420,0
2024.03.12 11:30,172.6750030517578,173.10000610351562,172.21499633789062,172.52000427246094,172.52000427246094,5867479,1
2024.03.12 12:30,172.52999877929688,173.25999450683594,171.94000244140625,173.0399932861328,173.0399932861328,6672048,1
2024.03.12 13:30,173.0449981689453,173.83999633789062,173.00999450683594,173.79989624023438,173.79989624023438,5308038,1
2024.03.12 14:30,173.7949981689453,174.00999450683594,173.35000610351562,173.84500122070312,173.84500122070312,5389586,0
2024.03.12 15:30,173.85499572753906,174.02999877929688,173.14999389648438,173.22000122070312,173.22000122070312,6368886,0
2024.03.13 9:30,172.77000427246094,173.18499755859375,170.75999450683594,170.98500061035156,170.98500061035156,11960722,1
2024.03.13 10:30,170.98500061035156,171.35000610351562,170.86500549316406,170.9949951171875,170.9949951171875,6130049,1
2024.03.13 11:30,171.0,171.17999267578125,170.8527069091797,171.05999755859375,171.05999755859375,4316300,1
2024.03.13 12:30,171.07000732421875,171.4600067138672,170.94000244140625,171.43499755859375,171.43499755859375,5621506,1
2024.03.13 13:30,171.42999267578125,171.75999450683594,171.16000366210938,171.5800018310547,171.5800018310547,3845695,0
2024.03.13 14:30,171.5800018310547,171.8000030517578,171.02999877929688,171.27999877929688,171.27999877929688,4228485,0
2024.03.13 15:30,171.27999877929688,171.7050018310547,171.0399932861328,171.1699981689453,171.1699981689453,5993931,1
2024.03.14 9:30,172.32000732421875,173.8249969482422,172.0500030517578,173.6649932861328,173.6649932861328,14937836,0
2024.03.14 10:30,173.6699981689453,174.30780029296875,173.3000030517578,173.33999633789062,173.33999633789062,8727021,0
2024.03.14 11:30,173.34500122070312,173.49000549316406,172.39999389648438,172.6699981689453,172.6699981689453,6752491,1
2024.03.14 12:30,172.67999267578125,173.36920166015625,172.24000549316406,172.96299743652344,172.96299743652344,9628933,1
2024.03.14 13:30,172.96890258789062,174.0,172.89999389648438,173.8249969482422,173.8249969482422,7128040,0
2024.03.14 14:30,173.8300018310547,173.83999633789062,172.22000122070312,172.66000366210938,172.66000366210938,6609776,1
2024.03.14 15:30,172.66000366210938,173.28250122070312,172.5032958984375,173.0800018310547,173.0800018310547,7750362,0
2024.03.15 9:30,171.0,172.47000122070312,170.56399536132812,170.610107421875,170.610107421875,21995996,1
2024.03.15 10:30,170.61810302734375,171.1699981689453,170.2899932861328,170.9550018310547,170.9550018310547,5599492,1
2024.03.15 11:30,170.9550018310547,171.47999572753906,170.73199462890625,171.31500244140625,171.31500244140625,3771263,0
2024.03.15 12:30,171.31500244140625,171.51499938964844,170.60000610351562,170.69500732421875,170.69500732421875,3721006,1
2024.03.15 13:30,170.6999969482422,171.25,170.52499389648438,171.21499633789062,171.21499633789062,3679425,1
2024.03.15 14:30,171.21499633789062,171.99000549316406,171.08990478515625,171.86500549316406,171.86500549316406,4328832,1
2024.03.15 15:30,171.8560028076172,172.60000610351562,171.47799682617188,172.57000732421875,172.57000732421875,6260589,1
2024.03.18 9:30,175.60000610351562,177.5800018310547,174.89059448242188,177.35000610351562,177.35000610351562,22893626,0
2024.03.18 10:30,177.3699951171875,177.7100067138672,176.55999755859375,176.82000732421875,176.82000732421875,8667055,0
2024.03.18 11:30,176.82000732421875,176.90499877929688,175.1999969482422,175.25830078125,175.25830078125,7068789,1
2024.03.18 12:30,175.2550048828125,175.6199951171875,174.75,175.39500427246094,175.39500427246094,5477904,1
2024.03.18 13:30,175.39999389648438,175.5399932861328,174.99000549316406,175.5301055908203,175.5301055908203,4053801,0
2024.03.18 14:30,175.53599548339844,175.5399932861328,174.82000732421875,175.06500244140625,175.06500244140625,5777258,0
2024.03.18 15:30,175.07000732421875,175.1750030517578,173.52000427246094,173.6999969482422,173.6999969482422,7286587,1
2024.03.19 9:30,174.08999633789062,175.0399932861328,173.02999877929688,174.7050018310547,174.7050018310547,11721089,1
2024.03.19 10:30,174.6999969482422,175.3699951171875,174.55999755859375,174.83999633789062,174.83999633789062,6172012,1
2024.03.19 11:30,174.83999633789062,175.41000366210938,174.83999633789062,175.30999755859375,175.30999755859375,4206842,1
2024.03.19 12:30,175.31500244140625,175.85000610351562,175.17129516601562,175.64500427246094,175.64500427246094,4140302,1
2024.03.19 13:30,175.64999389648438,176.43499755859375,175.63999938964844,176.4250030517578,176.4250030517578,5001221,0
2024.03.19 14:30,176.4217071533203,176.60499572753906,176.0,176.3300018310547,176.3300018310547,5274655,0
2024.03.19 15:30,176.3350067138672,176.5399932861328,175.7899932861328,176.0800018310547,176.0800018310547,6908180,1
2024.03.20 9:30,175.72999572753906,176.1699981689453,175.08999633789062,176.16050720214844,176.16050720214844,8587629,0
2024.03.20 10:30,176.1649932861328,176.3800048828125,175.72000122070312,176.05990600585938,176.05990600585938,4488283,1
2024.03.20 11:30,176.05929565429688,176.50999450683594,175.94500732421875,176.38009643554688,176.38009643554688,3092842,0
2024.03.20 12:30,176.3800048828125,176.77499389648438,176.30999755859375,176.3249969482422,176.3249969482422,3578644,1
2024.03.20 13:30,176.30999755859375,177.38999938964844,176.27999877929688,177.00750732421875,177.00750732421875,6092320,1
2024.03.20 14:30,177.00999450683594,178.42999267578125,176.72000122070312,178.21499633789062,178.21499633789062,9778064,1
2024.03.20 15:30,178.2100067138672,178.6699981689453,177.94500732421875,178.66000366210938,178.66000366210938,7696922,0
2024.03.21 9:30,177.0,177.49000549316406,175.00999450683594,175.0218048095703,175.0218048095703,15825386,0
2024.03.21 10:30,175.02999877929688,175.05999755859375,171.8300018310547,172.82130432128906,172.82130432128906,27939112,0
2024.03.21 11:30,172.82000732421875,173.23500061035156,171.86000061035156,172.56500244140625,172.56500244140625,13930077,0
2024.03.21 12:30,172.57000732421875,172.60000610351562,171.9499969482422,172.10830688476562,172.10830688476562,7139429,0
2024.03.21 13:30,172.10009765625,172.1300048828125,170.91000366210938,171.0749969482422,171.0749969482422,10317094,1
2024.03.21 14:30,171.0800018310547,171.3300018310547,170.85000610351562,171.25,171.25,9119635,1
2024.03.21 15:30,171.24000549316406,171.57000732421875,170.83999633789062,171.39999389648438,171.39999389648438,9723209,1
2024.03.22 9:30,171.86000061035156,172.32000732421875,170.05999755859375,171.78570556640625,171.78570556640625,22009712,1
2024.03.22 10:30,171.7949981689453,172.55999755859375,171.58999633789062,172.25999450683594,172.25999450683594,9035728,1
2024.03.22 11:30,172.27000427246094,172.88999938964844,172.07000732421875,172.36500549316406,172.36500549316406,5763015,1
2024.03.22 12:30,172.3699951171875,172.94000244140625,172.08999633789062,172.61399841308594,172.61399841308594,5023927,1
2024.03.22 13:30,172.6199951171875,172.67999267578125,172.36000061035156,172.625,172.625,4107617,1
2024.03.22 14:30,172.62759399414062,172.99000549316406,172.6199951171875,172.9868927001953,172.9868927001953,5786041,0
2024.03.22 15:30,172.98159790039062,173.0500030517578,172.24000549316406,172.25,172.25,7983892,0
2024.03.25 9:30,170.52999877929688,170.69000244140625,169.4499969482422,170.0399932861328,170.0399932861328,13738571,1
2024.03.25 10:30,170.0399932861328,170.72999572753906,169.97000122070312,170.1199951171875,170.1199951171875,6645377,1
2024.03.25 11:30,170.1199951171875,170.82000732421875,170.09500122070312,170.73789978027344,170.73789978027344,4597520,1
2024.03.25 12:30,170.73500061035156,171.47000122070312,170.64500427246094,171.36500549316406,171.36500549316406,4742467,0
2024.03.25 13:30,171.36000061035156,171.6096954345703,171.15499877929688,171.3300018310547,171.3300018310547,3830333,1
2024.03.25 14:30,171.3249969482422,171.6300048828125,171.23500061035156,171.55799865722656,171.55799865722656,3617953,0
2024.03.25 15:30,171.55999755859375,171.94000244140625,170.7899932861328,170.86000061035156,170.86000061035156,6913173,0
2024.03.26 9:30,170.0,171.068603515625,169.64999389648438,170.72000122070312,170.72000122070312,12465952,0
2024.03.26 10:30,170.72000122070312,170.88999938964844,170.36000061035156,170.6510009765625,170.6510009765625,5336353,1
2024.03.26 11:30,170.65499877929688,171.25,170.4949951171875,171.2346954345703,171.2346954345703,5311150,0
2024.03.26 12:30,171.23109436035156,171.4199981689453,170.6750030517578,170.82000732421875,170.82000732421875,4667926,0
2024.03.26 13:30,170.82400512695312,170.88999938964844,170.16000366210938,170.52000427246094,170.52000427246094,4370611,1
2024.03.26 14:30,170.5124969482422,170.68499755859375,170.3300018310547,170.5399932861328,170.5399932861328,4054402,0
2024.03.26 15:30,170.5399932861328,170.5500030517578,169.60000610351562,169.81500244140625,169.81500244140625,9108998,1
2024.03.27 9:30,170.4199981689453,173.11000061035156,170.11000061035156,172.0449981689453,172.0449981689453,16062624,1
2024.03.27 10:30,172.0399932861328,172.75999450683594,171.94009399414062,172.4550018310547,172.4550018310547,5913439,0
2024.03.27 11:30,172.4600067138672,172.6999969482422,171.86000061035156,172.0467987060547,172.0467987060547,4655107,1
2024.03.27 12:30,172.0500030517578,172.38999938964844,172.0,172.25999450683594,172.25999450683594,3604513,1
2024.03.27 13:30,172.27000427246094,172.82000732421875,172.13999938964844,172.75,172.75,3957014,1
2024.03.27 14:30,172.7550048828125,173.10000610351562,172.42630004882812,172.99000549316406,172.99000549316406,5418271,1
2024.03.27 15:30,173.0,173.60000610351562,172.8800048828125,173.41000366210938,173.41000366210938,8611965,0
2024.03.28 9:30,171.6999969482422,171.93499755859375,170.72000122070312,171.19500732421875,171.19500732421875,14682071,0
2024.03.28 10:30,171.1999969482422,171.2100067138672,170.50999450683594,170.8350067138672,170.8350067138672,7903177,1
2024.03.28 11:30,170.83999633789062,171.1999969482422,170.72999572753906,171.16920471191406,171.16920471191406,5070981,0
2024.03.28 12:30,171.1699981689453,171.3699951171875,170.9499969482422,170.96499633789062,170.96499633789062,4292029,1
2024.03.28 13:30,170.9600067138672,171.810302734375,170.88999938964844,171.7801055908203,171.7801055908203,4247361,1
2024.03.28 14:30,171.7899932861328,172.22999572753906,171.61000061035156,172.139892578125,172.139892578125,4699109,0
2024.03.28 15:30,172.13999938964844,172.22999572753906,171.25999450683594,171.52000427246094,171.52000427246094,6848121,0
2024.04.01 9:30,171.1875,171.22000122070312,169.8350067138672,170.08990478515625,170.08990478515625,12016910,0
2024.04.01 10:30,170.08900451660156,170.16000366210938,169.47999572753906,169.84500122070312,169.84500122070312,5566284,1
2024.04.01 11:30,169.83999633789062,170.0800018310547,169.5850067138672,169.89500427246094,169.89500427246094,4325649,1
2024.04.01 12:30,169.89500427246094,170.02000427246094,169.75999450683594,169.9156951904297,169.9156951904297,2857559,1
2024.04.01 13:30,169.9199981689453,170.08999633789062,169.8800048828125,169.9949951171875,169.9949951171875,2605346,0
2024.04.01 14:30,169.99000549316406,170.24000549316406,169.85000610351562,169.93499755859375,169.93499755859375,3725960,1
2024.04.01 15:30,169.93499755859375,170.13999938964844,169.8699951171875,170.00999450683594,170.00999450683594,5786677,0
2024.04.02 9:30,169.05999755859375,169.33999633789062,168.23019409179688,169.0399932861328,169.0399932861328,11163207,0
2024.04.02 10:30,169.03500366210938,169.19500732421875,168.52999877929688,168.8321990966797,168.8321990966797,4826587,0
2024.04.02 11:30,168.8350067138672,169.1479949951172,168.3699951171875,168.6649932861328,168.6649932861328,4166243,1
2024.04.02 12:30,168.67999267578125,169.08999633789062,168.63999938964844,168.9949951171875,168.9949951171875,3340894,0
2024.04.02 13:30,169.0,169.10499572753906,168.86000061035156,168.9199981689453,168.9199981689453,3451310,1
2024.04.02 14:30,168.9199981689453,169.07000732421875,168.72999572753906,168.97500610351562,168.97500610351562,3699021,0
2024.04.02 15:30,168.99000549316406,169.2200927734375,168.77000427246094,168.94000244140625,168.94000244140625,6380958,1
2024.04.03 9:30,168.75,170.0800018310547,168.58999633789062,170.0366973876953,170.0366973876953,8758184,1
2024.04.03 10:30,170.02499389648438,170.67999267578125,169.97999572753906,170.52000427246094,170.52000427246094,6176025,0
2024.04.03 11:30,170.52000427246094,170.6750030517578,170.1999969482422,170.32000732421875,170.32000732421875,3684320,0
2024.04.03 12:30,170.30999755859375,170.44000244140625,169.75,170.2050018310547,170.2050018310547,3812096,0
2024.04.03 13:30,170.2100067138672,170.38999938964844,170.12010192871094,170.19700622558594,170.19700622558594,3156608,0
2024.04.03 14:30,170.1999969482422,170.60000610351562,169.27999877929688,169.52499389648438,169.52499389648438,6323307,1
2024.04.03 15:30,169.52999877929688,170.14999389648438,169.3800048828125,169.66000366210938,169.66000366210938,6602092,1
2024.04.04 9:30,170.2899932861328,171.19000244140625,170.0399932861328,171.00999450683594,171.00999450683594,9047827,1
2024.04.04 10:30,171.01499938964844,171.27999877929688,170.7100067138672,171.27000427246094,171.27000427246094,4545243,1
2024.04.04 11:30,171.27999877929688,171.9199981689453,171.27499389648438,171.72030639648438,171.72030639648438,4325890,0
2024.04.04 12:30,171.72999572753906,171.86990356445312,171.3350067138672,171.5399932861328,171.5399932861328,3395662,0
2024.04.04 13:30,171.5467987060547,171.61000061035156,169.6999969482422,169.75,169.75,6544667,0
2024.04.04 14:30,169.74000549316406,170.10000610351562,169.02000427246094,169.04100036621094,169.04100036621094,8346418,0
2024.04.04 15:30,169.0399932861328,169.74000549316406,168.8300018310547,168.88999938964844,168.88999938964844,8099922,1
2024.04.05 9:30,169.5,169.91000366210938,168.9499969482422,169.22000122070312,169.22000122070312,9721473,1
2024.04.05 10:30,169.22999572753906,169.82000732421875,169.08999633789062,169.46499633789062,169.46499633789062,4890929,1
2024.04.05 11:30,169.46499633789062,170.3800048828125,169.38900756835938,170.1699981689453,170.1699981689453,4669016,0
2024.04.05 12:30,170.1699981689453,170.375,169.77999877929688,170.07400512695312,170.07400512695312,3488779,0
2024.04.05 13:30,170.08999633789062,170.1699981689453,169.35000610351562,169.50030517578125,169.50030517578125,3347777,1
2024.04.05 14:30,169.50999450683594,169.9199981689453,169.36000061035156,169.88999938964844,169.88999938964844,4067851,0
2024.04.05 15:30,169.88999938964844,169.97999572753906,169.5,169.57000732421875,169.57000732421875,4423994,0
2024.04.08 9:30,169.05999755859375,169.19000244140625,168.24000549316406,168.82000732421875,168.82000732421875,8279940,0
2024.04.08 10:30,168.8249969482422,169.1300048828125,168.64999389648438,168.81500244140625,168.81500244140625,4718366,0
2024.04.08 11:30,168.81500244140625,168.81500244140625,168.26499938964844,168.4123992919922,168.4123992919922,4134102,1
2024.04.08 12:30,168.4149932861328,168.8350067138672,168.40499877929688,168.64500427246094,168.64500427246094,2982857,1
2024.04.08 13:30,168.64500427246094,168.89999389648438,168.47000122070312,168.79010009765625,168.79010009765625,2336490,0
2024.04.08 14:30,168.7949981689453,168.79989624023438,168.5449981689453,168.78500366210938,168.78500366210938,2798561,0
2024.04.08 15:30,168.78500366210938,168.9600067138672,168.3249969482422,168.4600067138672,168.4600067138672,4991117,1
2024.04.09 9:30,168.69200134277344,170.0749969482422,168.5,169.47000122070312,169.47000122070312,9892473,0
2024.04.09 10:30,169.47500610351562,169.49000549316406,168.47999572753906,168.69500732421875,168.69500732421875,5975622,1
2024.04.09 11:30,168.6999969482422,169.16000366210938,168.69000244140625,169.07000732421875,169.07000732421875,3680884,1
2024.04.09 12:30,169.07000732421875,169.55999755859375,168.89999389648438,169.25999450683594,169.25999450683594,3462971,0
2024.04.09 13:30,169.27000427246094,169.5,168.5,168.5850067138672,168.5850067138672,4167688,1
2024.04.09 14:30,168.5800018310547,169.25999450683594,168.35000610351562,169.25250244140625,169.25250244140625,4206061,1
2024.04.09 15:30,169.25999450683594,169.72999572753906,168.94000244140625,169.69000244140625,169.69000244140625,5472554,0
2024.04.10 9:30,168.83999633789062,169.08999633789062,167.11000061035156,168.02999877929688,168.02999877929688,14120359,0
2024.04.10 10:30,168.04400634765625,168.6999969482422,167.61000061035156,167.9149932861328,167.9149932861328,5526659,1
2024.04.10 11:30,167.94000244140625,168.11000061035156,167.5399932861328,168.01499938964844,168.01499938964844,4681455,1
2024.04.10 12:30,168.03700256347656,168.60000610351562,167.67999267578125,168.13499450683594,168.13499450683594,4311563,0
2024.04.10 13:30,168.12100219726562,168.5800018310547,167.6300048828125,167.75999450683594,167.75999450683594,4513653,1
2024.04.10 14:30,167.76499938964844,169.6699981689453,167.69000244140625,168.25999450683594,168.25999450683594,4221664,0
2024.04.10 15:30,168.25999450683594,168.68499755859375,167.6999969482422,167.75,167.75,5084905,1
2024.04.11 9:30,168.25,169.1699981689453,168.16009521484375,168.72000122070312,168.72000122070312,9488061,1
2024.04.11 10:30,168.72999572753906,169.4199981689453,168.57000732421875,169.0,169.0,7020839,1
2024.04.11 11:30,169.0010986328125,170.2899932861328,169.0,169.91000366210938,169.91000366210938,5616006,1
2024.04.11 12:30,169.9199981689453,172.19000244140625,169.83999633789062,172.10499572753906,172.10499572753906,9777671,1
2024.04.11 13:30,172.11000061035156,174.47999572753906,171.96009826660156,174.17999267578125,174.17999267578125,15507718,1
2024.04.11 14:30,174.17999267578125,174.86000061035156,173.5500030517578,174.73989868164062,174.73989868164062,15407602,1
2024.04.11 15:30,174.74000549316406,175.4600067138672,174.6199951171875,175.0399932861328,175.0399932861328,15008834,1
2024.04.12 9:30,174.28500366210938,178.36000061035156,174.2100067138672,176.75,176.75,35055623,0
2024.04.12 10:30,176.74249267578125,176.80999755859375,175.32000732421875,176.25430297851562,176.25430297851562,12592011,0
2024.04.12 11:30,176.25999450683594,176.99000549316406,175.56500244140625,175.58999633789062,175.58999633789062,8240618,0
2024.04.12 12:30,175.59500122070312,175.66000366210938,174.8000030517578,175.35000610351562,175.35000610351562,8466020,1
2024.04.12 13:30,175.33999633789062,176.0,175.23500061035156,175.97000122070312,175.97000122070312,6848567,1
2024.04.12 14:30,175.97000122070312,176.25999450683594,175.6300048828125,176.0175018310547,176.0175018310547,8125126,1
2024.04.12 15:30,176.01499938964844,176.74000549316406,175.9550018310547,176.56500244140625,176.56500244140625,10614487,0
2024.04.15 9:30,175.3800048828125,175.9799041748047,173.85000610351562,174.8800048828125,174.8800048828125,16099072,1
2024.04.15 10:30,174.8800048828125,176.6300048828125,174.55999755859375,175.41000366210938,175.41000366210938,9497153,0
2024.04.15 11:30,175.39999389648438,176.14999389648438,174.9600067138672,175.10000610351562,175.10000610351562,5334563,0
2024.04.15 12:30,175.09500122070312,175.57000732421875,174.51010131835938,174.52000427246094,174.52000427246094,6093345,0
2024.04.15 13:30,174.50999450683594,174.61000061035156,172.5,173.1300048828125,173.1300048828125,9423818,0
2024.04.15 14:30,173.1199951171875,173.75999450683594,172.8000030517578,172.92999267578125,172.92999267578125,6849808,0
2024.04.15 15:30,172.92999267578125,173.61000061035156,172.66000366210938,172.68499755859375,172.68499755859375,6819556,0
2024.04.16 9:30,171.7100067138672,173.7550048828125,171.1820068359375,171.22000122070312,171.22000122070312,14947039,0
2024.04.16 10:30,171.1999969482422,171.4499969482422,169.02000427246094,169.44500732421875,169.44500732421875,13407042,0
2024.04.16 11:30,169.4499969482422,169.85000610351562,168.27000427246094,169.4149932861328,169.4149932861328,11289116,0
2024.04.16 12:30,169.41000366210938,169.72999572753906,168.92999267578125,169.38999938964844,169.38999938964844,5079739,0
2024.04.16 13:30,169.39999389648438,170.39999389648438,168.39999389648438,168.9250030517578,168.9250030517578,8396515,1
2024.04.16 14:30,168.9250030517578,170.0800018310547,168.8800048828125,169.9949951171875,169.9949951171875,5187348,0
2024.04.16 15:30,169.99000549316406,170.01499938964844,169.27999877929688,169.33790588378906,169.33790588378906,5938491,1
2024.04.17 9:30,169.5800018310547,170.63999938964844,169.3101043701172,170.4550018310547,170.4550018310547,10358959,0
2024.04.17 10:30,170.4499969482422,170.47500610351562,169.2100067138672,169.2100067138672,169.2100067138672,7818704,0
2024.04.17 11:30,169.22000122070312,169.36000061035156,168.60000610351562,168.6999969482422,168.6999969482422,5853359,1
2024.04.17 12:30,168.6999969482422,168.97000122070312,168.07000732421875,168.82000732421875,168.82000732421875,4690283,0
2024.04.17 13:30,168.8300018310547,169.0,168.50999450683594,168.61000061035156,168.61000061035156,4907946,0
2024.04.17 14:30,168.6199951171875,169.17999267578125,168.02000427246094,168.08999633789062,168.08999633789062,4554925,0
2024.04.17 15:30,168.08999633789062,168.5449981689453,168.0,168.0,168.0,5025607,1
2024.04.18 9:30,168.0,168.63999938964844,167.3300018310547,168.03990173339844,168.03990173339844,9532841,0
2024.04.18 10:30,168.0399932861328,168.27999877929688,167.86000061035156,167.99000549316406,167.99000549316406,4639772,0
2024.04.18 11:30,168.0,168.01499938964844,167.39999389648438,167.56500244140625,167.56500244140625,3556423,0
2024.04.18 12:30,167.56500244140625,167.6999969482422,166.6300048828125,166.9799041748047,166.9799041748047,5691557,0
2024.04.18 13:30,166.99000549316406,167.11000061035156,166.5500030517578,166.85989379882812,166.85989379882812,4043124,1
2024.04.18 14:30,166.8800048828125,167.25,166.63999938964844,167.10000610351562,167.10000610351562,3707430,0
2024.04.18 15:30,167.10000610351562,167.37429809570312,166.77499389648438,167.0399932861328,167.0399932861328,4286307,0
2024.04.19 9:30,166.1199951171875,166.39999389648438,164.82000732421875,165.27000427246094,165.27000427246094,16054092,0
2024.04.19 10:30,165.25999450683594,165.66000366210938,164.875,164.98500061035156,164.98500061035156,6502988,0
2024.04.19 11:30,164.97999572753906,165.16000366210938,164.0800018310547,164.36239624023438,164.36239624023438,6573825,1
2024.04.19 12:30,164.3699951171875,165.3000030517578,164.17999267578125,164.9199981689453,164.9199981689453,6201635,1
2024.04.19 13:30,164.89999389648438,165.6699981689453,164.89999389648438,165.0399932861328,165.0399932861328,5158159,1
2024.04.19 14:30,165.02000427246094,165.24000549316406,164.52000427246094,165.1649932861328,165.1649932861328,6320854,0
2024.04.19 15:30,165.16000366210938,165.1999969482422,164.7949981689453,164.92999267578125,164.92999267578125,7970297,1
2024.04.22 9:30,165.75,166.22999572753906,165.22999572753906,165.3699951171875,165.3699951171875,9753629,1
2024.04.22 10:30,165.3699951171875,165.5399932861328,164.77000427246094,165.39500427246094,165.39500427246094,4939703,1
2024.04.22 11:30,165.39999389648438,165.8699951171875,165.3748016357422,165.6199951171875,165.6199951171875,4178724,1
2024.04.22 12:30,165.61419677734375,166.28500366210938,165.43499755859375,166.27499389648438,166.27499389648438,3510757,1
2024.04.22 13:30,166.27000427246094,167.25999450683594,166.27000427246094,166.85499572753906,166.85499572753906,5021219,0
2024.04.22 14:30,166.86000061035156,167.0500030517578,166.2550048828125,166.66000366210938,166.66000366210938,6192002,0
2024.04.22 15:30,166.66000366210938,166.73989868164062,165.63999938964844,165.83999633789062,165.83999633789062,5290621,0
2024.04.23 9:30,165.25999450683594,166.7100067138672,164.92999267578125,165.82000732421875,165.82000732421875,10992740,1
2024.04.23 10:30,165.82000732421875,166.97999572753906,165.82000732421875,166.625,166.625,6119113,0
2024.04.23 11:30,166.6199951171875,166.6999969482422,166.05740356445312,166.27000427246094,166.27000427246094,3828132,1
2024.04.23 12:30,166.27000427246094,166.63999938964844,166.1717071533203,166.39199829101562,166.39199829101562,4067219,1
2024.04.23 13:30,166.39999389648438,166.86000061035156,166.3249969482422,166.83999633789062,166.83999633789062,2849527,1
2024.04.23 14:30,166.83999633789062,166.86990356445312,166.5,166.85000610351562,166.85000610351562,3658150,1
2024.04.23 15:30,166.83999633789062,167.0500030517578,166.7550048828125,166.91000366210938,166.91000366210938,5719471,1
2024.04.24 9:30,166.39999389648438,168.3000030517578,166.2100067138672,167.9949951171875,167.9949951171875,9855592,0
2024.04.24 10:30,167.9949951171875,168.27999877929688,167.52000427246094,167.9199981689453,167.9199981689453,5213388,1
2024.04.24 11:30,167.9250030517578,169.27499389648438,167.91000366210938,168.72500610351562,168.72500610351562,6588577,0
2024.04.24 12:30,168.72500610351562,168.85000610351562,168.11000061035156,168.46170043945312,168.46170043945312,3760303,1
2024.04.24 13:30,168.47000122070312,169.2899932861328,168.4600067138672,168.75,168.75,3891894,1
2024.04.24 14:30,168.75,169.08990478515625,168.27999877929688,169.05499267578125,169.05499267578125,3796420,0
2024.04.24 15:30,169.05409240722656,169.3000030517578,168.6699981689453,168.9499969482422,168.9499969482422,5580723,0
2024.04.25 9:30,169.60000610351562,170.61000061035156,168.47000122070312,168.91749572753906,168.91749572753906,13123892,0
2024.04.25 10:30,168.89999389648438,169.08560180664062,168.4499969482422,168.5677947998047,168.5677947998047,4953755,1
2024.04.25 11:30,168.56500244140625,169.1999969482422,168.15109252929688,169.19000244140625,169.19000244140625,4246795,0
2024.04.25 12:30,169.18760681152344,169.53829956054688,168.9199981689453,169.05999755859375,169.05999755859375,3597812,1
2024.04.25 13:30,169.05499267578125,169.74989318847656,168.86000061035156,169.1300048828125,169.1300048828125,4047077,1
2024.04.25 14:30,169.11000061035156,170.03500366210938,168.96009826660156,169.93499755859375,169.93499755859375,5505667,0
2024.04.25 15:30,169.92999267578125,170.00999450683594,169.41000366210938,169.89999389648438,169.89999389648438,6221758,1
2024.04.26 9:30,169.8699951171875,171.05999755859375,169.5399932861328,170.66000366210938,170.66000366210938,9247096,1
2024.04.26 10:30,170.66000366210938,171.33999633789062,170.41000366210938,170.69000244140625,170.69000244140625,5410597,0
2024.04.26 11:30,170.68499755859375,170.9199981689453,170.2100067138672,170.2449951171875,170.2449951171875,3910867,0
2024.04.26 12:30,170.25,170.25999450683594,169.76010131835938,169.875,169.875,4152260,0
2024.04.26 13:30,169.8800048828125,169.88999938964844,169.3699951171875,169.6999969482422,169.6999969482422,4417993,1
2024.04.26 14:30,169.6999969482422,170.11000061035156,169.52000427246094,169.99000549316406,169.99000549316406,4106101,0
2024.04.26 15:30,169.97999572753906,170.08999633789062,169.19000244140625,169.2899932861328,169.2899932861328,6146863,1
2024.04.29 9:30,173.38999938964844,176.02999877929688,173.1300048828125,174.75999450683594,174.75999450683594,22509930,0
2024.04.29 10:30,174.75,175.1300048828125,173.97999572753906,174.50999450683594,174.50999450683594,7830323,0
2024.04.29 11:30,174.5198974609375,174.82000732421875,174.00999450683594,174.3249969482422,174.3249969482422,5706873,1
2024.04.29 12:30,174.32769775390625,174.8887939453125,174.22000122070312,174.8699951171875,174.8699951171875,4546336,0
2024.04.29 13:30,174.8699951171875,175.10499572753906,174.08999633789062,174.2657928466797,174.2657928466797,4501161,0
2024.04.29 14:30,174.26010131835938,174.66000366210938,173.35150146484375,173.8249969482422,173.8249969482422,5832343,0
2024.04.29 15:30,173.8249969482422,173.97889709472656,173.1199951171875,173.49000549316406,173.49000549316406,5978948,1
2024.04.30 9:30,173.20199584960938,174.99000549316406,172.64999389648438,174.42999267578125,174.42999267578125,9649989,0
2024.04.30 10:30,174.4250030517578,174.94500732421875,173.72459411621094,173.86500549316406,173.86500549316406,6074161,0
2024.04.30 11:30,173.86990356445312,174.1999053955078,173.60499572753906,173.8365936279297,173.8365936279297,3446845,0
2024.04.30 12:30,173.83999633789062,173.92999267578125,173.22000122070312,173.27529907226562,173.27529907226562,4148810,0
2024.04.30 13:30,173.30499267578125,173.87989807128906,173.10000610351562,173.17999267578125,173.17999267578125,3964263,0
2024.04.30 14:30,173.1999969482422,173.34500122070312,172.55999755859375,172.72999572753906,172.72999572753906,4786101,0
2024.04.30 15:30,172.74000549316406,172.94000244140625,170.02000427246094,170.08999633789062,170.08999633789062,11784580,1
2024.05.01 9:30,170.0,171.07000732421875,169.11000061035156,170.81500244140625,170.81500244140625,8294097,1
2024.05.01 10:30,170.78500366210938,171.36000061035156,170.64500427246094,171.1699981689453,171.1699981689453,4272367,1
2024.05.01 11:30,171.1699981689453,171.72000122070312,171.10000610351562,171.38999938964844,171.38999938964844,4126555,0
2024.05.01 12:30,171.3800048828125,171.4499969482422,170.7550048828125,171.1199951171875,171.1199951171875,2863605,1
2024.05.01 13:30,171.125,171.50999450683594,170.61000061035156,171.42300415039062,171.42300415039062,4066520,1
2024.05.01 14:30,171.4199981689453,172.69000244140625,170.89500427246094,172.3699951171875,172.3699951171875,8561606,0
2024.05.01 15:30,172.38499450683594,172.38499450683594,169.25,169.2899932861328,169.2899932861328,9451344,1
2024.05.02 9:30,172.4199981689453,172.66000366210938,170.88999938964844,171.58999633789062,171.58999633789062,16705177,1
2024.05.02 10:30,171.5941925048828,172.0800018310547,171.4199981689453,171.60000610351562,171.60000610351562,6210532,1
2024.05.02 11:30,171.59719848632812,172.5050048828125,171.46249389648438,172.3498992919922,172.3498992919922,6639465,1
2024.05.02 12:30,172.34500122070312,172.77999877929688,171.94000244140625,172.6988983154297,172.6988983154297,5497209,1
2024.05.02 13:30,172.6999969482422,172.94000244140625,172.41000366210938,172.89999389648438,172.89999389648438,6288261,1
2024.05.02 14:30,172.89999389648438,173.22000122070312,172.5500030517578,173.14999389648438,173.14999389648438,8749459,0
2024.05.02 15:30,173.14500427246094,173.4149932861328,172.5399932861328,173.08999633789062,173.08999633789062,9688076,1
2024.05.03 9:30,186.6699981689453,187.0,182.66000366210935,184.17999267578125,184.17999267578125,55819788,1
2024.05.03 10:30,184.19900512695312,184.9900054931641,183.5399932861328,184.6499938964844,184.6499938964844,17983283,0
2024.05.03 11:30,184.66000366210935,184.94000244140625,184.1300048828125,184.3600006103516,184.3600006103516,10376113,1
2024.05.03 12:30,184.35989379882807,185.4949951171875,184.3000030517578,185.360107421875,185.360107421875,12652093,1
2024.05.03 13:30,185.3600006103516,185.8600006103516,184.80999755859372,185.75,185.75,12223485,0
2024.05.03 14:30,185.7550048828125,185.9900054931641,184.25999450683597,184.9949951171875,184.9949951171875,16502580,0
2024.05.03 15:30,185.0,185.00999450683597,183.0500030517578,183.38999938964844,183.38999938964844,14886978,0
2024.05.06 9:30,182.35400390625,184.1699981689453,181.6300048828125,182.6199951171875,182.6199951171875,21498066,0
2024.05.06 10:30,182.88999938964844,183.3800048828125,181.72999572753903,181.99710083007807,181.99710083007807,8234392,0
2024.05.06 11:30,182.0050048828125,182.3999938964844,181.5,181.6000061035156,181.6000061035156,7543780,0
2024.05.06 12:30,181.6000061035156,181.82989501953125,180.58120727539065,180.58999633789065,180.58999633789065,7567313,1
2024.05.06 13:30,180.58999633789065,181.33999633789065,180.4199981689453,180.80499267578125,180.80499267578125,7890598,1
2024.05.06 14:30,180.80999755859372,181.6199951171875,180.6999969482422,181.4806060791016,181.4806060791016,6903326,1
2024.05.06 15:30,181.4900054931641,182.0200042724609,181.2400054931641,181.6999969482422,181.6999969482422,8524836,1
2024.05.07 9:30,183.4499969482422,184.8999938964844,182.7100067138672,182.83990478515625,182.83990478515625,23887519,0
2024.05.07 10:30,182.8249969482422,183.1100006103516,182.16000366210935,182.17999267578125,182.17999267578125,10527042,0
2024.05.07 11:30,182.16000366210935,182.356201171875,181.41000366210935,181.5200042724609,181.5200042724609,7432182,1
2024.05.07 12:30,181.5200042724609,182.72000122070312,181.32000732421875,182.55999755859372,182.55999755859372,6083145,0
2024.05.07 13:30,182.55999755859372,182.9199981689453,182.08999633789065,182.37600708007807,182.37600708007807,5530053,1
2024.05.07 14:30,182.3699951171875,182.77999877929688,182.1699981689453,182.63499450683597,182.63499450683597,4785926,0
2024.05.07 15:30,182.6300048828125,182.67999267578125,182.22000122070312,182.3699951171875,182.3699951171875,5031993,0
2024.05.08 9:30,182.7100067138672,182.9600067138672,181.4600067138672,181.91000366210935,181.91000366210935,10261929,1
2024.05.08 10:30,181.88999938964844,182.3800048828125,181.7550048828125,182.28500366210935,182.28500366210935,4657669,1
2024.05.08 11:30,182.28500366210935,182.6100006103516,181.8509979248047,182.33999633789065,182.33999633789065,4579068,0
2024.05.08 12:30,182.33999633789065,182.4900054931641,182.02999877929688,182.3000030517578,182.3000030517578,3047249,1
2024.05.08 13:30,182.30499267578125,182.72000122070312,182.2949981689453,182.68499755859372,182.68499755859372,3954343,1
2024.05.08 14:30,182.69000244140625,182.9900054931641,182.6100006103516,182.89010620117188,182.89010620117188,4937356,0
2024.05.08 15:30,182.8950042724609,183.0500030517578,182.68499755859372,182.7400054931641,182.7400054931641,5220918,1
2024.05.09 9:30,182.55999755859372,183.82989501953125,182.1199951171875,183.4199981689453,183.4199981689453,9634755,1
2024.05.09 10:30,183.4250030517578,183.8600006103516,183.1100006103516,183.63999938964844,183.63999938964844,5753829,0
2024.05.09 11:30,183.6499938964844,183.83999633789065,183.43499755859372,183.60499572753903,183.60499572753903,4233577,1
2024.05.09 12:30,183.60499572753903,184.5,183.53990173339844,184.3800048828125,184.3800048828125,6031102,0
2024.05.09 13:30,184.38999938964844,184.6499938964844,184.05999755859372,184.25,184.25,4829910,1
2024.05.09 14:30,184.2400054931641,184.6150054931641,184.22000122070312,184.31500244140625,184.31500244140625,4012982,1
2024.05.09 15:30,184.30999755859372,184.6499938964844,184.3000030517578,184.6499938964844,184.6499938964844,5820164,0
2024.05.10 9:30,184.9199981689453,185.08999633789065,183.1499938964844,183.2050018310547,183.2050018310547,12508339,0
2024.05.10 10:30,183.2100067138672,183.3997039794922,182.25999450683597,182.69000244140625,182.69000244140625,7423228,0
2024.05.10 11:30,182.6999969482422,182.7350006103516,182.2449951171875,182.48880004882807,182.48880004882807,3801053,0
2024.05.10 12:30,182.4850006103516,182.58999633789065,182.2100067138672,182.3950042724609,182.3950042724609,2997546,1
2024.05.10 13:30,182.38999938964844,182.8500061035156,182.1300048828125,182.7400054931641,182.7400054931641,4477086,1
2024.05.10 14:30,182.72999572753903,182.9600067138672,182.57000732421875,182.94000244140625,182.94000244140625,4005294,1
2024.05.10 15:30,182.94000244140625,183.1999969482422,182.7899932861328,183.0,183.0,5183512,1
2024.05.13 9:30,185.43499755859372,185.8650054931641,184.6199951171875,185.68899536132807,185.68899536132807,13788872,1
2024.05.13 10:30,185.68499755859372,186.42999267578125,185.6300048828125,185.9199981689453,185.9199981689453,9423195,1
2024.05.13 11:30,185.9149932861328,186.5,185.77999877929688,186.2899932861328,186.2899932861328,7602808,1
2024.05.13 12:30,186.2899932861328,186.92999267578125,186.25,186.6585998535156,186.6585998535156,8098301,0
2024.05.13 13:30,186.66000366210935,186.9499969482422,186.3699951171875,186.6501007080078,186.6501007080078,5453676,1
2024.05.13 14:30,186.65989685058597,187.1000061035156,186.55999755859372,186.98989868164065,186.98989868164065,6516486,0
2024.05.13 15:30,186.9850006103516,187.02999877929688,186.07000732421875,186.28500366210935,186.28500366210935,9250536,1
2024.05.14 9:30,187.6499938964844,188.3000030517578,186.5500030517578,187.00999450683597,187.00999450683597,14754549,0
2024.05.14 10:30,187.00999450683597,187.1999969482422,186.2899932861328,186.97999572753903,186.97999572753903,4957021,0
2024.05.14 11:30,186.9850006103516,187.0,186.5200042724609,186.8000030517578,186.8000030517578,3617615,0
2024.05.14 12:30,186.8000030517578,186.9499969482422,186.4510040283203,186.52999877929688,186.52999877929688,3012019,1
2024.05.14 13:30,186.53500366210935,187.3699951171875,186.4850006103516,187.32940673828125,187.32940673828125,5421425,1
2024.05.14 14:30,187.3249969482422,187.80999755859372,187.1999969482422,187.7449951171875,187.7449951171875,4923069,0
2024.05.14 15:30,187.75,187.91000366210935,187.16000366210935,187.38999938964844,187.38999938964844,5635981,1
2024.05.15 9:30,187.97999572753903,189.72999572753903,187.3800048828125,189.57899475097656,189.57899475097656,15211599,1
2024.05.15 10:30,189.5800018310547,190.07000732421875,189.5200042724609,189.9199981689453,189.9199981689453,10479415,1
2024.05.15 11:30,189.9250030517578,190.2100067138672,189.5399932861328,190.15499877929688,190.15499877929688,5434851,1
2024.05.15 12:30,190.15499877929688,190.6499938964844,190.13999938964844,190.3699951171875,190.3699951171875,6113081,0
2024.05.15 13:30,190.3800048828125,190.5500030517578,189.8603057861328,189.92999267578125,189.92999267578125,5363162,0
2024.05.15 14:30,189.9250030517578,190.25999450683597,189.82000732421875,189.875,189.875,6702029,0
2024.05.15 15:30,189.8800048828125,190.1199951171875,189.5,189.7400054931641,189.7400054931641,8181060,1
2024.05.16 9:30,190.51600646972656,191.09500122070312,189.9750061035156,190.5802001953125,190.5802001953125,13478830,0
2024.05.16 10:30,190.5850067138672,190.75,189.7250061035156,189.9698944091797,189.9698944091797,6494017,1
2024.05.16 11:30,189.96499633789065,190.3800048828125,189.76499938964844,190.32110595703125,190.32110595703125,5165187,0
2024.05.16 12:30,190.3294982910156,190.48809814453125,189.97000122070312,190.00999450683597,190.00999450683597,3483587,0
2024.05.16 13:30,190.00050354003903,190.25999450683597,189.75999450683597,189.92739868164065,189.92739868164065,3578815,0
2024.05.16 14:30,189.9199981689453,190.1000061035156,189.83999633789065,189.88499450683597,189.88499450683597,3752308,1
2024.05.16 15:30,189.88999938964844,190.22000122070312,189.66009521484372,189.8999938964844,189.8999938964844,6377484,1
2024.05.17 9:30,189.3800048828125,190.80999755859372,189.22000122070312,190.1501007080078,190.1501007080078,10313420,0
2024.05.17 10:30,190.16000366210935,190.3000030517578,189.6519927978516,189.69700622558597,189.69700622558597,3636563,1
2024.05.17 11:30,189.69000244140625,189.9600067138672,189.42010498046875,189.7899932861328,189.7899932861328,3477507,0
2024.05.17 12:30,189.7949981689453,189.9900054931641,189.5811004638672,189.68499755859372,189.68499755859372,2227185,0
2024.05.17 13:30,189.69000244140625,189.875,189.3800048828125,189.67999267578125,189.67999267578125,3173599,1
2024.05.17 14:30,189.6649932861328,190.1300048828125,189.6199951171875,190.1083068847656,190.1083068847656,3544941,0
2024.05.17 15:30,190.10499572753903,190.1499938964844,189.7503967285156,189.92999267578125,189.92999267578125,5767398,1
2024.05.20 9:30,189.3500061035156,191.7700042724609,189.00999450683597,191.60499572753903,191.60499572753903,11170451,0
2024.05.20 10:30,191.6000061035156,191.9199066162109,191.1699981689453,191.17999267578125,191.17999267578125,6619615,0
2024.05.20 11:30,191.1750030517578,191.50999450683597,191.0200042724609,191.1649932861328,191.1649932861328,3353981,1
2024.05.20 12:30,191.16000366210935,191.80499267578125,191.16000366210935,191.46499633789065,191.46499633789065,3398871,0
2024.05.20 13:30,191.4640045166016,191.6199951171875,191.16009521484372,191.41000366210935,191.41000366210935,2512725,0
2024.05.20 14:30,191.41000366210935,191.5,191.0800018310547,191.31399536132807,191.31399536132807,3014420,0
2024.05.20 15:30,191.30999755859372,191.34800720214844,190.80999755859372,191.0800018310547,191.0800018310547,4813353,1
2024.05.21 9:30,191.08999633789065,192.58999633789065,190.92010498046875,192.2100067138672,192.2100067138672,9575653,1
2024.05.21 10:30,192.22999572753903,192.64990234375,191.8600006103516,192.2826995849609,192.2826995849609,5835087,0
2024.05.21 11:30,192.2899932861328,192.42300415039065,191.8300018310547,192.17909240722656,192.17909240722656,3296315,1
2024.05.21 12:30,192.1750030517578,192.38499450683597,191.77999877929688,192.3600006103516,192.3600006103516,3030314,1
2024.05.21 13:30,192.3699951171875,192.5399932861328,192.2949981689453,192.51499938964844,192.51499938964844,3614416,1
2024.05.21 14:30,192.51499938964844,192.67999267578125,192.3999938964844,192.52999877929688,192.52999877929688,3655229,0
2024.05.21 15:30,192.52999877929688,192.72999572753903,192.27999877929688,192.3600006103516,192.3600006103516,5302236,1
2024.05.22 9:30,192.25,192.82310485839844,191.97999572753903,192.71499633789065,192.71499633789065,6192624,0
2024.05.22 10:30,192.71499633789065,192.75999450683597,192.0330047607422,192.13999938964844,192.13999938964844,3840572,0
2024.05.22 11:30,192.13999938964844,192.1999969482422,191.5249938964844,191.6199951171875,191.6199951171875,3221517,0
2024.05.22 12:30,191.6150054931641,191.72999572753903,191.0800018310547,191.3699951171875,191.3699951171875,2593453,0
2024.05.22 13:30,191.3600006103516,191.42999267578125,190.2700042724609,190.6000061035156,190.6000061035156,3969834,1
2024.05.22 14:30,190.59500122070312,190.94000244140625,190.5200042724609,190.9398956298828,190.9398956298828,2705299,1
2024.05.22 15:30,190.9300994873047,191.30499267578125,190.3800048828125,190.97999572753903,190.97999572753903,4670368,0
2024.05.23 9:30,191.0,191.0,188.5050048828125,189.0500030517578,189.0500030517578,10163386,1
2024.05.23 10:30,189.05999755859372,189.69000244140625,188.67999267578125,189.4499969482422,189.4499969482422,6137975,1
2024.05.23 11:30,189.4550018310547,189.7100067138672,189.07000732421875,189.5249938964844,189.5249938964844,3243022,0
2024.05.23 12:30,189.5249938964844,189.59950256347656,188.42999267578125,188.64010620117188,188.64010620117188,3640141,0
2024.05.23 13:30,188.6499938964844,188.68499755859372,187.30999755859372,187.7050018310547,187.7050018310547,5194146,0
2024.05.23 14:30,187.6999969482422,187.8000030517578,187.16000366210935,187.6199951171875,187.6199951171875,4566990,0
2024.05.23 15:30,187.6199951171875,187.82000732421875,186.625,186.91000366210935,186.91000366210935,5803901,1
2024.05.24 9:30,188.82000732421875,189.5200042724609,188.0404052734375,189.5200042724609,189.5200042724609,9165795,1
2024.05.24 10:30,189.51499938964844,190.2899932861328,189.25999450683597,190.1199951171875,190.1199951171875,4878308,1
2024.05.24 11:30,190.1100006103516,190.5800018310547,189.72999572753903,190.37989807128903,190.37989807128903,3569741,1
2024.05.24 12:30,190.3800048828125,190.55999755859372,190.22999572753903,190.4149932861328,190.4149932861328,2486685,0
2024.05.24 13:30,190.4199981689453,190.46499633789065,190.05499267578125,190.1499938964844,190.1499938964844,3081217,0
2024.05.24 14:30,190.1499938964844,190.38999938964844,189.93499755859372,190.08999633789065,190.08999633789065,2750429,0
2024.05.24 15:30,190.0850067138672,190.2400054931641,189.82000732421875,190.0,190.0,3538245,1
2024.05.28 9:30,191.5319976806641,192.9900054931641,190.33999633789065,191.63999938964844,191.63999938964844,15396828,0
2024.05.28 10:30,191.6300048828125,191.7700042724609,191.13009643554688,191.6199951171875,191.6199951171875,5008372,0
2024.05.28 11:30,191.6100006103516,191.9499969482422,191.05999755859372,191.2550048828125,191.2550048828125,4381780,0
2024.05.28 12:30,191.2501983642578,191.45899963378903,190.8600006103516,190.875,190.875,3205058,0
2024.05.28 13:30,190.875,190.9600067138672,189.6499938964844,189.72979736328125,189.72979736328125,4766217,0
2024.05.28 14:30,189.7250061035156,189.8699951171875,189.1000061035156,189.5328063964844,189.5328063964844,5144489,1
2024.05.28 15:30,189.5379943847656,190.1000061035156,189.3300018310547,190.1000061035156,190.1000061035156,4991097,1
2024.05.29 9:30,189.50999450683597,192.2469940185547,189.50999450683597,191.8500061035156,191.8500061035156,12968690,0
2024.05.29 10:30,191.84890747070312,192.2400054931641,191.125,191.48370361328125,191.48370361328125,6819860,1
2024.05.29 11:30,191.4850006103516,191.77999877929688,191.0800018310547,191.75999450683597,191.75999450683597,4646271,1
2024.05.29 12:30,191.7624969482422,192.02999877929688,191.5030059814453,191.7949981689453,191.7949981689453,3262501,0
2024.05.29 13:30,191.7899932861328,191.97000122070312,191.30999755859372,191.5601043701172,191.5601043701172,4166095,0
2024.05.29 14:30,191.55999755859372,191.6300048828125,190.72000122070312,191.13999938964844,191.13999938964844,4716309,0
2024.05.29 15:30,191.13999938964844,191.2100067138672,189.95989990234372,190.3699951171875,190.3699951171875,6936004,1
2024.05.30 9:30,190.78500366210935,192.1000061035156,190.6300048828125,191.44500732421875,191.44500732421875,11192477,1
2024.05.30 10:30,191.4499969482422,191.82400512695312,191.0,191.69500732421875,191.69500732421875,5533218,0
2024.05.30 11:30,191.6699981689453,191.75,191.1000061035156,191.25999450683597,191.25999450683597,2975839,1
2024.05.30 12:30,191.25999450683597,192.13999938964844,191.2050018310547,192.0787048339844,192.0787048339844,3757523,0
2024.05.30 13:30,192.0800018310547,192.17999267578125,191.3600006103516,191.53500366210935,191.53500366210935,3362017,1
2024.05.30 14:30,191.5366973876953,191.8000030517578,191.41000366210935,191.56500244140625,191.56500244140625,4143522,0
2024.05.30 15:30,191.5800018310547,191.83999633789065,190.8500061035156,191.2899932861328,191.2899932861328,6616325,1
2024.05.31 9:30,191.44000244140625,192.57000732421875,191.2700042724609,191.69000244140625,191.69000244140625,10359581,0
2024.05.31 10:30,191.69000244140625,191.97000122070312,190.1000061035156,190.41000366210935,190.41000366210935,6925875,0
2024.05.31 11:30,190.38999938964844,190.7073974609375,189.91000366210935,190.19720458984372,190.19720458984372,4332092,1
2024.05.31 12:30,190.1999969482422,190.58999633789065,189.91000366210935,190.57000732421875,190.57000732421875,3119084,0
2024.05.31 13:30,190.57000732421875,190.82000732421875,190.3800048828125,190.55499267578125,190.55499267578125,2877661,1
2024.05.31 14:30,190.5500030517578,191.26980590820312,190.3300018310547,191.02999877929688,191.02999877929688,6023627,1
2024.05.31 15:30,191.0200042724609,192.4900054931641,190.8999938964844,192.47000122070312,192.47000122070312,9872872,1
2024.06.03 9:30,192.97999572753903,194.9900054931641,192.52999877929688,194.8350067138672,194.8350067138672,14806084,0
2024.06.03 10:30,194.8300018310547,194.9199981689453,193.5800018310547,194.1300048828125,194.1300048828125,6469352,0
2024.06.03 11:30,194.1199951171875,194.38999938964844,193.2400054931641,193.28939819335935,193.28939819335935,4781872,1
2024.06.03 12:30,193.27999877929688,193.82640075683597,192.83999633789065,193.7899932861328,193.7899932861328,4233538,0
2024.06.03 13:30,193.75999450683597,194.05499267578125,193.08999633789065,193.1000061035156,193.1000061035156,3561086,1
2024.06.03 14:30,193.1000061035156,193.5200042724609,192.91009521484372,193.35400390625,193.35400390625,3785048,1
2024.06.03 15:30,193.3600006103516,194.1100006103516,193.27999877929688,194.08999633789065,194.08999633789065,5118764,0
2024.06.04 9:30,194.72000122070312,195.0,193.03419494628903,194.02999877929688,194.02999877929688,10693104,1
2024.06.04 10:30,194.0249938964844,194.3999938964844,193.66000366210935,194.0500030517578,194.0500030517578,5032304,1
2024.06.04 11:30,194.05499267578125,194.4900054931641,193.71499633789065,194.47000122070312,194.47000122070312,3593838,1
2024.06.04 12:30,194.47000122070312,194.82000732421875,194.33999633789065,194.80499267578125,194.80499267578125,3308960,1
2024.06.04 13:30,194.80999755859372,195.32000732421875,194.41000366210935,195.2350006103516,195.2350006103516,5053574,0
2024.06.04 14:30,195.22999572753903,195.32000732421875,193.92999267578125,194.5072021484375,194.5072021484375,5071285,0
2024.06.04 15:30,194.5050048828125,194.8699951171875,194.17999267578125,194.3650054931641,194.3650054931641,4327507,1
2024.06.05 9:30,195.4199981689453,196.4199981689453,194.8800048828125,195.375,195.375,11655383,1
2024.06.05 10:30,195.3800048828125,196.1699981689453,195.19500732421875,196.13999938964844,196.13999938964844,6044987,0
2024.06.05 11:30,196.13999938964844,196.8999938964844,195.82000732421875,195.9250030517578,195.9250030517578,6551624,0
2024.06.05 12:30,195.9199981689453,196.25999450683597,195.60009765625,195.88519287109372,195.88519287109372,4380580,1
2024.06.05 13:30,195.8800048828125,196.6999969482422,195.8800048828125,196.2050018310547,196.2050018310547,5004091,0
2024.06.05 14:30,196.1999969482422,196.44000244140625,195.72000122070312,196.139892578125,196.139892578125,4731794,0
2024.06.05 15:30,196.1300048828125,196.4499969482422,195.6199951171875,195.8999938964844,195.8999938964844,6222302,1
2024.06.06 9:30,195.68499755859372,196.5,195.2100067138672,195.9199981689453,195.9199981689453,9631306,0
2024.06.06 10:30,195.91000366210935,196.0,195.44000244140625,195.8350067138672,195.8350067138672,4451666,0
2024.06.06 11:30,195.8350067138672,195.83999633789065,195.41000366210935,195.6699981689453,195.6699981689453,3210636,0
2024.06.06 12:30,195.6768035888672,196.07000732421875,195.46499633789065,195.6479949951172,195.6479949951172,3210252,0
2024.06.06 13:30,195.6450042724609,195.7350006103516,194.9499969482422,195.54449462890625,195.54449462890625,3816320,0
2024.06.06 14:30,195.5399932861328,195.54080200195312,195.0200042724609,195.39300537109372,195.39300537109372,3431671,0
2024.06.06 15:30,195.3950042724609,195.5,194.1699981689453,194.47999572753903,194.47999572753903,5961018,1
2024.06.07 9:30,194.66000366210935,195.75,194.13999938964844,194.80999755859372,194.80999755859372,10154074,1
2024.06.07 10:30,194.80499267578125,195.97000122070312,194.74009704589844,195.6199951171875,195.6199951171875,6480520,1
2024.06.07 11:30,195.625,196.18499755859372,195.6000061035156,195.9550018310547,195.9550018310547,7373793,1
2024.06.07 12:30,195.9600067138672,196.4900054931641,195.7100067138672,196.3600006103516,196.3600006103516,4552773,0
2024.06.07 13:30,196.3600006103516,196.5800018310547,195.72000122070312,195.8699951171875,195.8699951171875,5669748,1
2024.06.07 14:30,195.8600006103516,196.44000244140625,195.5800018310547,196.4394989013672,196.4394989013672,4413006,1
2024.06.07 15:30,196.43499755859372,196.94000244140625,196.2400054931641,196.8999938964844,196.8999938964844,7738011,0
2024.06.10 9:30,197.1999969482422,197.2816925048828,194.8300018310547,195.6199951171875,195.6199951171875,15640700,0
2024.06.10 10:30,195.6217041015625,195.7400054931641,195.25,195.55419921875,195.55419921875,5515526,1
2024.06.10 11:30,195.55999755859372,196.2100067138672,195.07000732421875,195.88839721679688,195.88839721679688,6844150,0
2024.06.10 12:30,195.88999938964844,196.3800048828125,195.1100006103516,195.4250030517578,195.4250030517578,7537803,0
2024.06.10 13:30,195.44000244140625,196.4499969482422,192.1499938964844,193.16000366210935,193.16000366210935,23696662,0
2024.06.10 14:30,193.1499938964844,194.3000030517578,192.3300018310547,192.96499633789065,192.96499633789065,17145821,1
2024.06.10 15:30,192.9600067138672,193.19000244140625,192.2899932861328,193.1300048828125,193.1300048828125,9924521,1
2024.06.11 9:30,193.66000366210935,201.0449981689453,193.63999938964844,200.8999938964844,200.8999938964844,41754118,1
2024.06.11 10:30,200.8925018310547,204.50999450683597,200.8800048828125,204.40989685058597,204.40989685058597,33923446,0
2024.06.11 11:30,204.3950042724609,205.4499969482422,203.4499969482422,204.2250061035156,204.2250061035156,23287350,1
2024.06.11 12:30,204.2476043701172,206.02999877929688,203.8000030517578,205.0399932861328,205.0399932861328,15916325,1
2024.06.11 13:30,205.02999877929688,205.41000366210935,204.44000244140625,205.0800018310547,205.0800018310547,11453848,1
2024.06.11 14:30,205.08999633789065,205.92999267578125,204.6999969482422,205.72999572753903,205.72999572753903,12935816,1
2024.06.11 15:30,205.72999572753903,207.16000366210935,205.4900054931641,207.13999938964844,207.13999938964844,16510894,1
2024.06.12 9:30,207.3600006103516,215.9900054931641,206.91000366210935,215.2350006103516,215.2350006103516,56496065,1
2024.06.12 10:30,215.22000122070312,218.1199951171875,214.67999267578125,217.58009338378903,217.58009338378903,28525914,0
2024.06.12 11:30,217.5800018310547,217.6000061035156,215.2700042724609,215.3500061035156,215.3500061035156,17483667,1
2024.06.12 12:30,215.33059692382807,217.3600006103516,214.86099243164065,216.92999267578125,216.92999267578125,12561436,1
2024.06.12 13:30,216.9275054931641,219.3249969482422,216.4600067138672,218.960205078125,218.960205078125,17876803,0
2024.06.12 14:30,218.9501037597656,220.1999969482422,217.3699951171875,217.72999572753903,217.72999572753903,23575609,0
2024.06.12 15:30,217.7400054931641,217.75999450683597,212.83999633789065,213.1116943359375,213.1116943359375,27633505,1
2024.06.13 9:30,214.77999877929688,216.75,213.13999938964844,213.85020446777344,213.85020446777344,30111186,0
2024.06.13 10:30,213.8643035888672,214.5590057373047,212.17010498046875,213.44500732421875,213.44500732421875,11890302,0
2024.06.13 11:30,213.43589782714844,214.06179809570312,211.6000061035156,212.1000061035156,212.1000061035156,8952250,1
2024.06.13 12:30,212.1100006103516,213.7400054931641,212.02999877929688,213.6000061035156,213.6000061035156,6757287,0
2024.06.13 13:30,213.60499572753903,213.7899932861328,212.4001007080078,213.19000244140625,213.19000244140625,6146495,1
2024.06.13 14:30,213.1999969482422,214.3999938964844,213.0399932861328,214.33999633789065,214.33999633789065,12111802,0
2024.06.13 15:30,214.3300018310547,214.8800048828125,213.83200073242188,214.1300048828125,214.1300048828125,9252524,0
2024.06.14 9:30,213.80999755859372,215.1699981689453,212.6199951171875,213.38999938964844,213.38999938964844,16970905,1
2024.06.14 10:30,213.38999938964844,213.9199066162109,212.66000366210935,213.59500122070312,213.59500122070312,9007098,0
2024.06.14 11:30,213.59500122070312,213.82000732421875,211.6699981689453,211.75,211.75,9057332,1
2024.06.14 12:30,211.75,212.2790069580078,211.3000030517578,211.77999877929688,211.77999877929688,6971182,1
2024.06.14 13:30,211.77999877929688,212.4499969482422,211.69000244140625,212.2250061035156,212.2250061035156,5419804,1
2024.06.14 14:30,212.22950744628903,212.38999938964844,211.67999267578125,212.3800048828125,212.3800048828125,5080813,1
2024.06.14 15:30,212.375,212.58790588378903,211.4199981689453,212.5200042724609,212.5200042724609,7731194,1
2024.06.17 9:30,213.3000030517578,216.4900054931641,212.72000122070312,216.0914001464844,216.0914001464844,23579228,1
2024.06.17 10:30,216.08999633789065,217.3300018310547,215.3300018310547,216.3314971923828,216.3314971923828,11752782,1
2024.06.17 11:30,216.3300018310547,217.07000732421875,215.82000732421875,216.5399932861328,216.5399932861328,7605894,1
2024.06.17 12:30,216.5399932861328,218.1000061035156,216.1300048828125,217.82000732421875,217.82000732421875,7465754,1
2024.06.17 13:30,217.8300018310547,218.75,217.75,218.3500061035156,218.3500061035156,8525981,0
2024.06.17 14:30,218.3451995849609,218.94500732421875,217.9600067138672,218.15499877929688,218.15499877929688,9383966,0
2024.06.17 15:30,218.16000366210935,218.33999633789065,215.47999572753903,216.7100067138672,216.7100067138672,11852085,0
2024.06.18 9:30,217.6100006103516,218.6300048828125,214.44000244140625,215.30999755859372,215.30999755859372,21562377,0
2024.06.18 10:30,215.30999755859372,215.8000030517578,213.44000244140625,214.3600006103516,214.3600006103516,11158176,0
2024.06.18 11:30,214.35499572753903,214.44000244140625,213.0,213.22000122070312,213.22000122070312,7665650,1
2024.06.18 12:30,213.22000122070312,214.22999572753903,213.2165069580078,213.66000366210935,213.66000366210935,7074821,1
2024.06.18 13:30,213.66000366210935,214.05569458007807,213.07000732421875,213.72300720214844,213.72300720214844,5483651,1
2024.06.18 14:30,213.7250061035156,214.91000366210935,213.4001007080078,214.6499938964844,214.6499938964844,7084903,0
2024.06.18 15:30,214.6450042724609,215.1000061035156,213.91000366210935,214.3800048828125,214.3800048828125,7980426,0
2024.06.20 9:30,213.92999267578125,214.2400054931641,211.47999572753903,211.6385955810547,211.6385955810547,18864147,0
2024.06.20 10:30,211.6300048828125,211.97000122070312,209.52999877929688,209.53500366210935,209.53500366210935,12783233,0
2024.06.20 11:30,209.5399932861328,211.1699981689453,209.4199981689453,209.5249938964844,209.5249938964844,9155236,0
2024.06.20 12:30,209.52999877929688,210.28990173339844,209.1300048828125,209.3800048828125,209.3800048828125,6958427,1
2024.06.20 13:30,209.3699951171875,210.6000061035156,209.2100067138672,210.0399932861328,210.0399932861328,6536332,0
2024.06.20 14:30,210.0399932861328,210.1699981689453,209.16000366210935,209.67320251464844,209.67320251464844,8591610,0
2024.06.20 15:30,209.6750030517578,209.75,208.8500061035156,209.55999755859372,209.55999755859372,9279123,1
2024.06.21 9:30,210.38999938964844,211.88999938964844,209.58999633789065,210.82009887695312,210.82009887695312,29890095,0
2024.06.21 10:30,210.8300018310547,211.43479919433597,210.4199981689453,210.82000732421875,210.82000732421875,9274770,1
2024.06.21 11:30,210.82000732421875,211.6300048828125,210.72000122070312,211.1000061035156,211.1000061035156,4060107,0
2024.06.21 12:30,211.08999633789065,211.10989379882807,209.8500061035156,210.05999755859372,210.05999755859372,8297469,1
2024.06.21 13:30,210.05999755859372,210.97999572753903,209.9499969482422,210.84500122070312,210.84500122070312,5231252,0
2024.06.21 14:30,210.83999633789065,210.97000122070312,209.97000122070312,210.4199981689453,210.4199981689453,9306373,0
2024.06.21 15:30,210.4149932861328,210.8500061035156,207.1100006103516,207.1100006103516,207.1100006103516,19612185,1
2024.06.24 9:30,207.72000122070312,209.55999755859372,206.58999633789065,209.0050048828125,209.0050048828125,15818722,1
2024.06.24 10:30,209.0,212.6999969482422,208.9199981689453,212.3654937744141,212.3654937744141,13997902,0
2024.06.24 11:30,212.3800048828125,212.6100006103516,210.6300048828125,210.91000366210935,210.91000366210935,8594567,0
2024.06.24 12:30,210.91000366210935,211.0,209.3919982910156,210.0050048828125,210.0050048828125,6365972,0
2024.06.24 13:30,210.0,210.08999633789065,208.8800048828125,209.3699951171875,209.3699951171875,5647376,0
2024.06.24 14:30,209.3800048828125,209.50999450683597,208.5200042724609,208.85899353027344,208.85899353027344,5602001,0
2024.06.24 15:30,208.8500061035156,208.91000366210935,207.8446044921875,208.1499938964844,208.1499938964844,8540682,1
2024.06.25 9:30,209.0800018310547,211.3800048828125,208.6100006103516,209.7998962402344,209.7998962402344,14332677,0
2024.06.25 10:30,209.8000030517578,210.25999450683597,209.2001037597656,209.7100067138672,209.7100067138672,6546201,1
2024.06.25 11:30,209.72000122070312,210.4850006103516,209.7100067138672,210.03140258789065,210.03140258789065,3540240,1
2024.06.25 12:30,210.02999877929688,210.19000244140625,209.3800048828125,210.1150054931641,210.1150054931641,3379196,1
2024.06.25 13:30,210.1150054931641,210.67010498046875,209.94000244140625,210.66000366210935,210.66000366210935,3356142,0
2024.06.25 14:30,210.65890502929688,210.66900634765625,209.88999938964844,210.14010620117188,210.14010620117188,3656016,0
2024.06.25 15:30,210.13999938964844,210.13999938964844,208.82000732421875,209.0760040283203,209.0760040283203,5902321,1
2024.06.26 9:30,211.44000244140625,213.0,210.63999938964844,212.3600006103516,212.3600006103516,15333791,1
2024.06.26 10:30,212.3699951171875,213.7400054931641,212.343994140625,213.2100067138672,213.2100067138672,8758442,1
2024.06.26 11:30,213.2100067138672,214.77999877929688,213.02999877929688,214.34500122070312,214.34500122070312,6975792,0
2024.06.26 12:30,214.34500122070312,214.3699951171875,213.22999572753903,213.55999755859372,213.55999755859372,4272468,1
2024.06.26 13:30,213.55169677734372,214.8600006103516,213.4900054931641,214.3500061035156,214.3500061035156,5926758,0
2024.06.26 14:30,214.34500122070312,214.57000732421875,212.8300018310547,213.26199340820312,213.26199340820312,5748909,0
2024.06.26 15:30,213.28990173339844,213.5,212.72000122070312,213.1199951171875,213.1199951171875,5827438,1
2024.06.27 9:30,214.6300048828125,215.739501953125,213.38999938964844,213.80999755859372,213.80999755859372,14261692,0
2024.06.27 10:30,213.80999755859372,213.9600067138672,212.3500061035156,212.9705047607422,212.9705047607422,6786057,1
2024.06.27 11:30,212.97000122070312,213.8600006103516,212.57000732421875,213.85499572753903,213.85499572753903,4414449,1
2024.06.27 12:30,213.8513946533203,214.19000244140625,213.55999755859372,214.0,214.0,3649798,0
2024.06.27 13:30,213.99400329589844,214.07000732421875,213.0500030517578,213.4199981689453,213.4199981689453,3166588,1
2024.06.27 14:30,213.4199981689453,214.0200042724609,213.2700042724609,213.8289031982422,213.8289031982422,3516414,1
2024.06.27 15:30,213.8300018310547,214.1199951171875,213.1450042724609,214.1100006103516,214.1100006103516,5152491,1
2024.06.28 9:30,215.80499267578125,216.07000732421875,213.5702972412109,214.63999938964844,214.63999938964844,13755548,0
2024.06.28 10:30,214.63499450683597,215.3000030517578,213.7700042724609,214.33999633789065,214.33999633789065,6226559,0
2024.06.28 11:30,214.3300018310547,214.7100067138672,213.5200042724609,213.83999633789065,213.83999633789065,5602697,0
2024.06.28 12:30,213.8350067138672,214.52999877929688,213.2700042724609,213.83009338378903,213.83009338378903,4952402,0
2024.06.28 13:30,213.8500061035156,214.0800018310547,213.1300048828125,213.2100067138672,213.2100067138672,3774396,0
2024.06.28 14:30,213.2100067138672,213.4850006103516,212.6999969482422,213.05499267578125,213.05499267578125,4936041,0
2024.06.28 15:30,213.0500030517578,213.60989379882807,210.3000030517578,210.6100006103516,210.6100006103516,13592315,1
2024.07.01 9:30,212.1300048828125,215.58999633789065,211.9199981689453,215.22999572753903,215.22999572753903,14827486,0
2024.07.01 10:30,215.22000122070312,215.55999755859372,214.08999633789065,215.0133056640625,215.0133056640625,7684917,1
2024.07.01 11:30,215.00999450683597,216.5800018310547,214.6999969482422,216.5050048828125,216.5050048828125,6860373,1
2024.07.01 12:30,216.50999450683597,217.50999450683597,216.47000122070312,217.2543029785156,217.2543029785156,8436608,0
2024.07.01 13:30,217.25,217.25,215.9199981689453,215.93499755859372,215.93499755859372,4141471,0
2024.07.01 14:30,215.9199981689453,216.2400054931641,215.13999938964844,215.53500366210935,215.53500366210935,5270483,1
2024.07.01 15:30,215.53500366210935,217.0,215.4600067138672,216.72999572753903,216.72999572753903,5500033,1
2024.07.02 9:30,216.1499938964844,218.8999938964844,215.1000061035156,218.70989990234372,218.70989990234372,14475116,1
2024.07.02 10:30,218.7100067138672,220.3300018310547,218.5637969970703,219.51019287109372,219.51019287109372,11555006,0
2024.07.02 11:30,219.52999877929688,220.1100006103516,218.75999450683597,219.1649932861328,219.1649932861328,5151809,1
2024.07.02 12:30,219.1499938964844,219.5,218.83079528808597,219.3999938964844,219.3999938964844,3236672,1
2024.07.02 13:30,219.4001007080078,220.07000732421875,219.2700042724609,220.02999877929688,220.02999877929688,3762941,0
2024.07.02 14:30,220.02999877929688,220.3300018310547,219.50999450683597,219.6199951171875,219.6199951171875,4789218,1
2024.07.02 15:30,219.6100006103516,220.3800048828125,219.5,220.3699951171875,220.3699951171875,5279602,0
2024.07.03 9:30,220.42999267578125,221.3999938964844,219.02999877929688,219.3800048828125,219.3800048828125,14372255,1
2024.07.03 10:30,219.37989807128903,220.72999572753903,219.10009765625,220.1150054931641,220.1150054931641,6600486,1
2024.07.03 11:30,220.1150054931641,221.3000030517578,219.7700042724609,221.3000030517578,221.3000030517578,5274586,1
2024.07.05 9:30,221.6499938964844,225.44000244140625,221.6499938964844,225.1708068847656,225.1708068847656,17905237,0
2024.07.05 10:30,225.1699981689453,225.19000244140625,223.8300018310547,224.72000122070312,224.72000122070312,6883671,1
2024.07.05 11:30,224.72000122070312,225.41909790039065,224.67999267578125,225.22000122070312,225.22000122070312,5004157,1
2024.07.05 12:30,225.22999572753903,225.3699951171875,224.72999572753903,225.3500061035156,225.3500061035156,3808323,0
2024.07.05 13:30,225.35499572753903,225.63999938964844,224.97999572753903,225.25,225.25,4601702,1
2024.07.05 14:30,225.25999450683597,225.5249938964844,225.00999450683597,225.4199981689453,225.4199981689453,4332445,1
2024.07.05 15:30,225.4199066162109,226.4499969482422,225.3600006103516,226.30999755859372,226.30999755859372,7165954,0
2024.07.08 9:30,227.08999633789065,227.3500061035156,223.25,225.1999969482422,225.1999969482422,16387202,1
2024.07.08 10:30,225.1997985839844,226.80999755859372,224.783203125,226.50999450683597,226.50999450683597,8150247,1
2024.07.08 11:30,226.52999877929688,227.0,225.7899932861328,226.5200042724609,226.5200042724609,5305936,1
2024.07.08 12:30,226.50999450683597,226.8999938964844,226.0500030517578,226.5998992919922,226.5998992919922,4946609,1
2024.07.08 13:30,226.5800018310547,227.44000244140625,226.38999938964844,227.3300018310547,227.3300018310547,4890440,0
2024.07.08 14:30,227.3300018310547,227.3600006103516,226.4600067138672,226.8249969482422,226.8249969482422,4484923,1
2024.07.08 15:30,226.80999755859372,227.83999633789065,226.76010131835935,227.8000030517578,227.8000030517578,6040675,1
2024.07.09 9:30,228.18499755859372,229.3950042724609,226.37210083007807,228.52999877929688,228.52999877929688,13450286,0
2024.07.09 10:30,228.5229034423828,228.65499877929688,227.3000030517578,227.9149932861328,227.9149932861328,8133838,1
2024.07.09 11:30,227.91009521484372,228.2480010986328,227.6000061035156,228.17999267578125,228.17999267578125,4278456,0
2024.07.09 12:30,228.1699981689453,228.72540283203125,228.00999450683597,228.00999450683597,228.00999450683597,4244252,1
2024.07.09 13:30,228.0,228.53500366210935,227.8500061035156,228.44000244140625,228.44000244140625,3230951,0
2024.07.09 14:30,228.4499969482422,228.5198974609375,228.16000366210935,228.3600006103516,228.3600006103516,3274100,1
2024.07.09 15:30,228.3500061035156,228.77999877929688,228.1842041015625,228.6999969482422,228.6999969482422,4806474,1
2024.07.10 9:30,229.44000244140625,231.7220001220703,229.25,231.1000061035156,231.1000061035156,14711583,0
2024.07.10 10:30,231.1100006103516,231.15499877929688,230.10499572753903,230.9949951171875,230.9949951171875,6360484,1
2024.07.10 11:30,231.0,232.7400054931641,230.9550018310547,232.19500732421875,232.19500732421875,9467527,0
2024.07.10 12:30,232.1999969482422,232.4199981689453,230.7100067138672,231.55999755859372,231.55999755859372,7182941,1
2024.07.10 13:30,231.57000732421875,232.1499938964844,231.5200042724609,232.1000061035156,232.1000061035156,4334817,0
2024.07.10 14:30,232.1000061035156,232.19000244140625,231.6300048828125,231.75999450683597,231.75999450683597,4261881,1
2024.07.10 15:30,231.75999450683597,233.0800018310547,231.7050018310547,232.91000366210935,232.91000366210935,7115598,0
2024.07.11 9:30,231.31170654296875,232.38999938964844,228.52999877929688,228.8999938964844,228.8999938964844,16644797,0
2024.07.11 10:30,228.8699951171875,229.63999938964844,226.2700042724609,226.6199951171875,226.6199951171875,10923612,1
2024.07.11 11:30,226.6199951171875,227.83999633789065,225.7700042724609,227.7657928466797,227.7657928466797,7102718,1
2024.07.11 12:30,227.75999450683597,228.72000122070312,227.2700042724609,227.97999572753903,227.97999572753903,5833847,0
2024.07.11 13:30,227.97000122070312,227.9750061035156,226.58999633789065,227.26499938964844,227.26499938964844,3327985,1
2024.07.11 14:30,227.25999450683597,228.5500030517578,227.2100067138672,227.7100067138672,227.7100067138672,4129270,0
2024.07.11 15:30,227.72000122070312,228.6999969482422,227.5500030517578,227.5500030517578,227.5500030517578,6050973,1
2024.07.12 9:30,229.0,231.5,228.67999267578125,230.8800048828125,230.8800048828125,14080146,1
2024.07.12 10:30,230.8800048828125,232.3979949951172,230.6199951171875,231.89990234375,231.89990234375,7527748,0
2024.07.12 11:30,231.8999938964844,231.9900054931641,230.50999450683597,230.7100067138672,230.7100067138672,5014273,1
2024.07.12 12:30,230.7100067138672,231.91000366210935,230.57000732421875,231.90249633789065,231.90249633789065,4220317,1
2024.07.12 13:30,231.8999938964844,232.63999938964844,231.83999633789065,232.2700042724609,232.2700042724609,4525973,0
2024.07.12 14:30,232.26499938964844,232.3600006103516,231.55999755859372,231.85989379882807,231.85989379882807,3484723,0
2024.07.12 15:30,231.8600006103516,231.8699951171875,229.91000366210935,230.57000732421875,230.57000732421875,5822133,1
2024.07.15 9:30,236.5319976806641,237.22999572753903,233.33999633789065,234.79010009765625,234.79010009765625,20535733,1
2024.07.15 10:30,234.82000732421875,236.3101043701172,234.47999572753903,235.6000061035156,235.6000061035156,6820287,0
2024.07.15 11:30,235.5800018310547,235.9497985839844,234.5,235.30799865722656,235.30799865722656,6582105,0
2024.07.15 12:30,235.32000732421875,235.8800048828125,234.6199951171875,234.69000244140625,234.69000244140625,3851727,0
2024.07.15 13:30,234.6595001220703,234.8000030517578,233.9040069580078,234.2050018310547,234.2050018310547,3774759,1
2024.07.15 14:30,234.2100067138672,235.07000732421875,233.97000122070312,234.5800018310547,234.5800018310547,4097236,0
2024.07.15 15:30,234.5800018310547,234.7899932861328,233.08999633789065,234.4199981689453,234.4199981689453,5847732,0
2024.07.16 9:30,235.2050018310547,236.2700042724609,233.00999450683597,233.8300018310547,233.8300018310547,11433979,1
2024.07.16 10:30,233.8300018310547,234.91000366210935,233.6750030517578,234.16000366210935,234.16000366210935,5219269,0
2024.07.16 11:30,234.16000366210935,234.3500061035156,232.6199951171875,232.94790649414065,232.94790649414065,5683620,1
2024.07.16 12:30,232.9250030517578,233.7971954345703,232.3300018310547,233.5449981689453,233.5449981689453,4383942,1
2024.07.16 13:30,233.5399932861328,234.5500030517578,233.4149932861328,234.38999938964844,234.38999938964844,3187466,1
2024.07.16 14:30,234.3995056152344,234.8650054931641,234.3000030517578,234.55990600585935,234.55990600585935,3209757,1
2024.07.16 15:30,234.5500030517578,234.97999572753903,234.28500366210935,234.80999755859372,234.80999755859372,2857260,0
2024.07.17 9:30,229.47999572753903,231.45989990234372,226.63999938964844,227.82000732421875,227.82000732421875,17630432,1
2024.07.17 10:30,227.8000030517578,228.8300018310547,227.4499969482422,228.6199951171875,228.6199951171875,5951133,0
2024.07.17 11:30,228.6300048828125,229.00999450683597,228.09500122070312,228.4949951171875,228.4949951171875,4229799,1
2024.07.17 12:30,228.4850006103516,229.00999450683597,228.1499938964844,228.6999969482422,228.6999969482422,3870619,1
2024.07.17 13:30,228.67999267578125,229.77999877929688,228.25999450683597,229.51910400390625,229.51910400390625,4477036,0
2024.07.17 14:30,229.51800537109372,229.8000030517578,228.9600067138672,229.13999938964844,229.13999938964844,4776274,0
2024.07.17 15:30,229.13999938964844,229.82000732421875,228.57000732421875,228.88499450683597,228.88499450683597,6250577,0
2024.07.18 9:30,230.34500122070312,230.44000244140625,226.58999633789065,227.88999938964844,227.88999938964844,12105218,0
2024.07.18 10:30,227.8699951171875,228.00999450683597,222.7899932861328,222.9900054931641,222.9900054931641,12436258,1
2024.07.18 11:30,222.97999572753903,224.02999877929688,222.4499969482422,223.3500061035156,223.3500061035156,7965624,1
2024.07.18 12:30,223.3500061035156,225.06500244140625,222.47000122070312,224.55999755859372,224.55999755859372,6798222,1
2024.07.18 13:30,224.5500030517578,225.1999969482422,224.4149932861328,224.60009765625,224.60009765625,5011871,0
2024.07.18 14:30,224.5800018310547,225.07000732421875,223.45089721679688,224.1300048828125,224.1300048828125,4639961,1
2024.07.18 15:30,224.1199951171875,225.1499938964844,223.8249969482422,224.19000244140625,224.19000244140625,5051993,1
2024.07.19 9:30,224.8520050048828,226.8000030517578,224.4199981689453,225.0142059326172,225.0142059326172,14532936,0
2024.07.19 10:30,225.05999755859372,225.8600006103516,223.8708038330078,223.9600067138672,223.9600067138672,5048006,0
2024.07.19 11:30,223.9600067138672,225.0500030517578,223.55999755859372,223.94500732421875,223.94500732421875,5582598,1
2024.07.19 12:30,223.94000244140625,224.57989501953125,223.2749938964844,224.4600067138672,224.4600067138672,3519449,0
2024.07.19 13:30,224.42999267578125,224.94500732421875,223.8600006103516,224.44000244140625,224.44000244140625,3290229,1
2024.07.19 14:30,224.4600067138672,225.1199951171875,223.88999938964844,225.00999450683597,225.00999450683597,3663851,0
2024.07.19 15:30,225.0,225.0699005126953,224.00999450683597,224.3800048828125,224.3800048828125,5391560,1
2024.07.22 9:30,227.2700042724609,227.77999877929688,225.5800018310547,226.8000030517578,226.8000030517578,10034749,0
2024.07.22 10:30,226.80499267578125,227.12510681152344,223.72000122070312,223.82989501953125,223.82989501953125,6311242,1
2024.07.22 11:30,223.77999877929688,224.13999938964844,223.08999633789065,223.8350067138672,223.8350067138672,5069673,1
2024.07.22 12:30,223.8300018310547,224.58999633789065,223.6999969482422,224.38999938964844,224.38999938964844,3586983,1
2024.07.22 13:30,224.3699951171875,225.42010498046875,224.3300018310547,225.0500030517578,225.0500030517578,3036671,0
2024.07.22 14:30,225.05999755859372,225.6300048828125,224.6300048828125,224.67999267578125,224.67999267578125,4186965,0
2024.07.22 15:30,224.67999267578125,225.0399932861328,223.77999877929688,223.92999267578125,223.92999267578125,4547672,1
2024.07.23 9:30,224.3999938964844,225.13999938964844,222.67999267578125,224.625,224.625,7388967,1
2024.07.23 10:30,224.63999938964844,226.72999572753903,224.10060119628903,226.60890197753903,226.60890197753903,6042663,0
2024.07.23 11:30,226.6150054931641,226.92999267578125,225.1999969482422,225.639892578125,225.639892578125,4384033,0
2024.07.23 12:30,225.6300048828125,225.6999053955078,224.6150054931641,224.72000122070312,224.72000122070312,3440068,0
2024.07.23 13:30,224.7100067138672,225.0399932861328,224.3800048828125,224.5399932861328,224.5399932861328,2742571,1
2024.07.23 14:30,224.5724029541016,225.1000061035156,224.3280029296875,225.07470703125,225.07470703125,2717902,0
2024.07.23 15:30,225.05999755859372,225.27999877929688,224.32000732421875,225.00999450683597,225.00999450683597,3762733,0
2024.07.24 9:30,224.0,224.8000030517578,220.3000030517578,220.88999938964844,220.88999938964844,11171284,0
2024.07.24 10:30,220.8999938964844,221.02999877929688,218.2899932861328,218.6750030517578,218.6750030517578,9222223,0
2024.07.24 11:30,218.6699981689453,218.83999633789065,217.1300048828125,217.90499877929688,217.90499877929688,6271860,1
2024.07.24 12:30,217.90989685058597,218.5500030517578,217.72000122070312,218.0258026123047,218.0258026123047,4492564,1
2024.07.24 13:30,218.0200042724609,218.8600006103516,217.83999633789065,218.16000366210935,218.16000366210935,3875716,0
2024.07.24 14:30,218.16000366210935,218.42999267578125,217.7563018798828,217.88999938964844,217.88999938964844,4462246,1
2024.07.24 15:30,217.8800048828125,218.77999877929688,217.6999969482422,218.57000732421875,218.57000732421875,7678488,0
2024.07.25 9:30,218.8699951171875,219.84500122070312,214.6199951171875,215.80999755859372,215.80999755859372,14511135,1
2024.07.25 10:30,215.82000732421875,219.3999938964844,215.44009399414065,218.67999267578125,218.67999267578125,7290939,1
2024.07.25 11:30,218.6840057373047,220.5200042724609,218.1100006103516,220.19200134277344,220.19200134277344,5424720,0
2024.07.25 12:30,220.1999969482422,220.8500061035156,219.2700042724609,219.4199981689453,219.4199981689453,4035246,1
2024.07.25 13:30,219.42999267578125,220.47999572753903,219.3572998046875,219.8800048828125,219.8800048828125,3151089,1
2024.07.25 14:30,219.8600006103516,220.4199981689453,218.61700439453125,220.125,220.125,3922802,0
2024.07.25 15:30,220.1000061035156,220.2700042724609,217.3300018310547,217.4900054931641,217.4900054931641,5667186,0
2024.07.26 9:30,218.8500061035156,219.14990234375,216.00999450683597,217.3999938964844,217.3999938964844,10822541,1
2024.07.26 10:30,217.3950042724609,218.1540069580078,216.45590209960935,217.9553985595703,217.9553985595703,4349192,1
2024.07.26 11:30,217.9550018310547,219.0200042724609,217.50999450683597,218.69119262695312,218.69119262695312,4508080,1
2024.07.26 12:30,218.7100067138672,219.4900054931641,218.7100067138672,219.30450439453125,219.30450439453125,3011413,0
2024.07.26 13:30,219.30499267578125,219.326904296875,217.67999267578125,218.1499938964844,218.1499938964844,3519375,1
2024.07.26 14:30,218.16000366210935,218.75,217.56100463867188,218.60499572753903,218.60499572753903,3261740,0
2024.07.26 15:30,218.6199951171875,218.6199951171875,217.1300048828125,218.1199951171875,218.1199951171875,4479378,0
2024.07.29 9:30,216.67999267578125,219.3000030517578,215.92999267578125,217.72999572753903,217.72999572753903,9684510,0
2024.07.29 10:30,217.75,218.69000244140625,216.50999450683597,217.13999938964844,217.13999938964844,5007715,1
2024.07.29 11:30,217.1100006103516,218.9600067138672,216.6004943847656,218.5449981689453,218.5449981689453,3349338,1
2024.07.29 12:30,218.5500030517578,219.27999877929688,218.375,218.6999969482422,218.6999969482422,2769535,0
2024.07.29 13:30,218.6999969482422,219.0868988037109,218.0500030517578,218.3500061035156,218.3500061035156,2855524,1
2024.07.29 14:30,218.33999633789065,218.75,217.97000122070312,218.58999633789065,218.58999633789065,3092834,0
2024.07.29 15:30,218.58999633789065,219.1199951171875,218.0,218.2100067138672,218.2100067138672,3984140,1
2024.07.30 9:30,219.0399932861328,220.3249969482422,218.55999755859372,219.07000732421875,219.07000732421875,8172417,0
2024.07.30 10:30,219.07000732421875,219.33580017089844,217.1699981689453,217.2899932861328,217.2899932861328,5639492,0
2024.07.30 11:30,217.27999877929688,217.5399932861328,216.3300018310547,216.97999572753903,216.97999572753903,3537121,1
2024.07.30 12:30,216.9600067138672,217.3500061035156,216.1199951171875,217.25,217.25,3365740,1
2024.07.30 13:30,217.2400054931641,218.7400054931641,216.9600067138672,218.28500366210935,218.28500366210935,3146102,1
2024.07.30 14:30,218.27999877929688,218.7100067138672,217.97000122070312,218.6300048828125,218.6300048828125,3328246,1
2024.07.30 15:30,218.63999938964844,219.9199981689453,218.4499969482422,218.7899932861328,218.7899932861328,5666938,1
2024.07.31 9:30,221.52999877929688,223.44000244140625,220.63999938964844,222.8300018310547,222.8300018310547,10706115,1
2024.07.31 10:30,222.83999633789065,223.82000732421875,222.3000030517578,223.15499877929688,223.15499877929688,5147851,0
2024.07.31 11:30,223.15499877929688,223.3699951171875,222.1699981689453,222.3699951171875,222.3699951171875,3107571,1
2024.07.31 12:30,222.38360595703125,223.00999450683597,222.08009338378903,222.6000061035156,222.6000061035156,3484238,1
2024.07.31 13:30,222.59500122070312,223.00999450683597,221.30999755859372,222.92999267578125,222.92999267578125,3509520,0
2024.07.31 14:30,222.94000244140625,223.3699951171875,221.28500366210935,221.610107421875,221.610107421875,4951278,1
2024.07.31 15:30,221.63999938964844,223.00929260253903,221.3699951171875,221.9900054931641,221.9900054931641,5618520,0
2024.08.01 9:30,224.3699951171875,224.45050048828125,221.25999450683597,221.27999877929688,221.27999877929688,10512069,0
2024.08.01 10:30,221.2796936035156,221.72999572753903,220.1199951171875,220.5399932861328,220.5399932861328,6309661,0
2024.08.01 11:30,220.55999755859372,220.8500061035156,219.0200042724609,219.32000732421875,219.32000732421875,4477931,0
2024.08.01 12:30,219.33999633789065,219.5,217.6300048828125,218.1499938964844,218.1499938964844,4455108,0
2024.08.01 13:30,218.16000366210935,218.8000030517578,217.1907958984375,217.7899932861328,217.7899932861328,6390068,1
2024.08.01 14:30,217.7949981689453,218.15989685058597,217.0200042724609,218.05499267578125,218.05499267578125,6030523,1
2024.08.01 15:30,218.0500030517578,219.13999938964844,217.13499450683597,218.27999877929688,218.27999877929688,7438049,1
2024.08.02 9:30,219.1499938964844,224.4149932861328,217.7100067138672,222.65499877929688,222.65499877929688,29536982,1
2024.08.02 10:30,222.6300048828125,224.37989807128903,221.75999450683597,222.8300018310547,222.8300018310547,14319380,1
2024.08.02 11:30,222.8600006103516,224.72000122070312,221.4199981689453,224.6199951171875,224.6199951171875,9098444,1
2024.08.02 12:30,224.6150054931641,225.6000061035156,223.4499969482422,224.63999938964844,224.63999938964844,7487153,0
2024.08.02 13:30,224.6300048828125,225.0050048828125,221.91000366210935,223.43499755859372,223.43499755859372,7549443,0
2024.08.02 14:30,223.4199981689453,224.1000061035156,222.1100006103516,222.6199951171875,222.6199951171875,6527167,0
2024.08.02 15:30,222.6300048828125,222.98829650878903,219.05999755859372,219.8000030517578,219.8000030517578,11042774,0
2024.08.05 9:30,199.13999938964844,211.1100006103516,196.2100067138672,207.97869873046875,207.97869873046875,43357359,1
2024.08.05 10:30,207.94070434570312,213.47000122070312,207.82000732421875,211.1699981689453,211.1699981689453,13404154,1
2024.08.05 11:30,211.1999969482422,213.0,209.5050048828125,212.6150054931641,212.6150054931641,8715135,0
2024.08.05 12:30,212.6199951171875,212.6499938964844,209.72000122070312,210.80999755859372,210.80999755859372,6246693,0
2024.08.05 13:30,210.7899932861328,211.88999938964844,209.3699951171875,210.6100006103516,210.6100006103516,5113963,0
2024.08.05 14:30,210.56300354003903,210.9499969482422,203.9199981689453,206.42999267578125,206.42999267578125,16677734,1
2024.08.05 15:30,206.42999267578125,209.3500061035156,206.0117034912109,209.19000244140625,209.19000244140625,11251750,0
2024.08.06 9:30,205.38999938964844,206.25,201.07000732421875,204.89010620117188,204.89010620117188,23694537,1
2024.08.06 10:30,204.97999572753903,207.739501953125,204.3699951171875,206.1100006103516,206.1100006103516,7809373,1
2024.08.06 11:30,206.1204071044922,208.9900054931641,206.05999755859372,208.6309967041016,208.6309967041016,5843682,1
2024.08.06 12:30,208.6699981689453,209.97999572753903,208.3600006103516,208.9900054931641,208.9900054931641,4607591,1
2024.08.06 13:30,209.00999450683597,209.4799041748047,207.7050018310547,209.44639587402344,209.44639587402344,4690988,0
2024.08.06 14:30,209.4499969482422,209.9499969482422,207.3999938964844,208.5050048828125,208.5050048828125,5270629,0
2024.08.06 15:30,208.5050048828125,208.58999633789065,206.3999938964844,207.125,207.125,6519030,1
2024.08.07 9:30,206.88999938964844,212.8999938964844,206.41000366210935,211.6999969482422,211.6999969482422,15714668,1
2024.08.07 10:30,211.69000244140625,213.58999633789065,211.47000122070312,213.16000366210935,213.16000366210935,6367518,0
2024.08.07 11:30,213.12399291992188,213.63999938964844,211.17999267578125,212.5850067138672,212.5850067138672,5060827,0
2024.08.07 12:30,212.5997009277344,212.97000122070312,210.3500061035156,211.0399932861328,211.0399932861328,5212227,1
2024.08.07 13:30,211.0399932861328,211.4900054931641,210.0200042724609,211.05999755859372,211.05999755859372,5095212,0
2024.08.07 14:30,211.0200042724609,211.0200042724609,208.47999572753903,210.5200958251953,210.5200958251953,6015049,0
2024.08.07 15:30,210.5500030517578,210.9900054931641,209.41000366210935,209.8600006103516,209.8600006103516,5358011,1
2024.08.08 9:30,213.09500122070312,213.2100067138672,208.8300018310547,212.55999755859372,212.55999755859372,10203691,0
2024.08.08 10:30,212.5800018310547,212.9900054931641,211.0800018310547,212.2100067138672,212.2100067138672,4980328,1
2024.08.08 11:30,212.2100067138672,213.4600067138672,211.7100067138672,213.25,213.25,4471605,1
2024.08.08 12:30,213.26499938964844,213.9900054931641,212.5,213.8975982666016,213.8975982666016,3897513,0
2024.08.08 13:30,213.8999938964844,214.1999969482422,212.7075042724609,212.97999572753903,212.97999572753903,3971724,0
2024.08.08 14:30,212.9958953857422,213.42999267578125,212.1199951171875,212.13009643554688,212.13009643554688,3833831,1
2024.08.08 15:30,212.13999938964844,213.5200042724609,211.8800048828125,213.33999633789065,213.33999633789065,4665159,1
2024.08.09 9:30,212.0800018310547,214.7895050048828,211.97999572753903,214.6999969482422,214.6999969482422,7767530,1
2024.08.09 10:30,214.7100067138672,215.7350006103516,213.6699981689453,215.13499450683597,215.13499450683597,4852988,0
2024.08.09 11:30,215.1199951171875,215.7100067138672,214.41000366210935,214.5301055908203,214.5301055908203,3993538,1
2024.08.09 12:30,214.52999877929688,216.5399932861328,214.51010131835935,216.53500366210935,216.53500366210935,3806159,0
2024.08.09 13:30,216.5399932861328,216.77999877929688,214.9199981689453,215.27999877929688,215.27999877929688,3531367,1
2024.08.09 14:30,215.2749938964844,216.3800048828125,214.8999938964844,216.28500366210935,216.28500366210935,4226291,1
2024.08.09 15:30,216.25999450683597,216.6150054931641,215.33999633789065,216.3000030517578,216.3000030517578,5238718,1
2024.08.12 9:30,216.0,218.71499633789065,215.6000061035156,218.4499969482422,218.4499969482422,8545889,0
2024.08.12 10:30,218.44000244140625,219.5099029541016,217.1499938964844,217.80999755859372,217.80999755859372,5732544,1
2024.08.12 11:30,217.7947998046875,218.7574005126953,217.3500061035156,217.97999572753903,217.97999572753903,4072901,0
2024.08.12 12:30,217.97000122070312,218.33999633789065,217.02999877929688,217.2476959228516,217.2476959228516,3376508,0
2024.08.12 13:30,217.25,217.4550018310547,216.47999572753903,216.7449951171875,216.7449951171875,2928826,1
2024.08.12 14:30,216.6999969482422,217.42999267578125,216.59500122070312,217.02999877929688,217.02999877929688,2657864,1
2024.08.12 15:30,217.0399932861328,217.6300048828125,216.58999633789065,217.5500030517578,217.5500030517578,3179687,1
2024.08.13 9:30,219.10499572753903,221.7100067138672,219.00999450683597,221.0,221.0,11857628,1
2024.08.13 10:30,220.9949951171875,221.5,220.26060485839844,221.05499267578125,221.05499267578125,4325256,1
2024.08.13 11:30,221.0500030517578,221.59869384765625,220.88999938964844,221.11050415039065,221.11050415039065,3691243,1
2024.08.13 12:30,221.08999633789065,221.8000030517578,220.9600067138672,221.69000244140625,221.69000244140625,2825480,0
2024.08.13 13:30,221.69000244140625,221.88999938964844,220.56500244140625,221.21800231933597,221.21800231933597,3040248,0
2024.08.13 14:30,221.24609375,221.48489379882807,220.5399932861328,220.66000366210935,220.66000366210935,2559260,1
2024.08.13 15:30,220.6699981689453,221.27999877929688,220.4199981689453,221.2700042724609,221.2700042724609,3842702,0
2024.08.14 9:30,220.56500244140625,222.0200042724609,219.6999969482422,221.1103973388672,221.1103973388672,10322006,1
2024.08.14 10:30,221.1100006103516,222.55999755859372,220.4550018310547,222.55870056152344,222.55870056152344,4517827,0
2024.08.14 11:30,222.5500030517578,223.02999877929688,221.01499938964844,221.30499267578125,221.30499267578125,4029799,0
2024.08.14 12:30,221.32000732421875,221.4600067138672,220.3800048828125,221.1750030517578,221.1750030517578,3645945,1
2024.08.14 13:30,221.16000366210935,221.7689971923828,220.91000366210935,221.5399932861328,221.5399932861328,3099853,0
2024.08.14 14:30,221.52999877929688,221.6100006103516,220.80999755859372,221.16000366210935,221.16000366210935,2990194,1
2024.08.14 15:30,221.16000366210935,222.3500061035156,221.15310668945312,221.6199951171875,221.6199951171875,4112373,1
2024.08.15 9:30,224.5500030517578,224.9900054931641,222.75999450683597,224.7899932861328,224.7899932861328,9897134,0
2024.08.15 10:30,224.77999877929688,225.33999633789065,223.8999938964844,224.0050048828125,224.0050048828125,5316678,1
2024.08.15 11:30,224.00999450683597,225.01499938964844,223.8500061035156,224.9949951171875,224.9949951171875,3233561,0
2024.08.15 12:30,225.0,225.0200042724609,224.2449951171875,224.5449981689453,224.5449981689453,3507566,1
2024.08.15 13:30,224.55999755859372,225.1499938964844,224.50999450683597,225.07000732421875,225.07000732421875,2520626,0
2024.08.15 14:30,225.05999755859372,225.3300018310547,224.91380310058597,225.05999755859372,225.05999755859372,3818557,0
2024.08.15 15:30,225.05499267578125,225.08999633789065,223.84500122070312,224.7100067138672,224.7100067138672,5065291,0
2024.08.16 9:30,223.9199981689453,225.0200042724609,223.6501007080078,224.38999938964844,224.38999938964844,11905855,1
2024.08.16 10:30,224.3800048828125,225.0200042724609,223.96609497070312,224.91000366210935,224.91000366210935,4388806,1
2024.08.16 11:30,224.91000366210935,226.4456024169922,224.91000366210935,226.33999633789065,226.33999633789065,5068731,1
2024.08.16 12:30,226.3500061035156,226.8271026611328,226.30999755859372,226.5500030517578,226.5500030517578,4500362,0
2024.08.16 13:30,226.5500030517578,226.6699981689453,225.6300048828125,225.9900054931641,225.9900054931641,3023962,0
2024.08.16 14:30,225.9850006103516,226.2100067138672,225.7635955810547,225.9600067138672,225.9600067138672,2364036,1
2024.08.16 15:30,225.9604949951172,226.13999938964844,225.5399932861328,226.1000061035156,226.1000061035156,3252354,0
2024.08.19 9:30,225.69500732421875,225.69500732421875,223.0399932861328,224.16000366210935,224.16000366210935,9670189,1
2024.08.19 10:30,224.16000366210935,224.72999572753903,223.4900054931641,224.43020629882807,224.43020629882807,4193053,0
2024.08.19 11:30,224.42759704589844,224.6499938964844,223.75,224.4250030517578,224.4250030517578,3379602,0
2024.08.19 12:30,224.41000366210935,224.46499633789065,223.75,224.0249938964844,224.0249938964844,2649753,1
2024.08.19 13:30,224.02999877929688,224.66000366210935,223.8000030517578,224.63999938964844,224.63999938964844,3556772,1
2024.08.19 14:30,224.6450042724609,224.9499969482422,224.5800018310547,224.92999267578125,224.92999267578125,2814556,1
2024.08.19 15:30,224.9250030517578,225.97000122070312,224.88999938964844,225.8999938964844,225.8999938964844,4867293,1
2024.08.20 9:30,225.7700042724609,227.1699981689453,225.4499969482422,226.66000366210935,226.66000366210935,7693400,0
2024.08.20 10:30,226.67999267578125,226.69000244140625,225.7100067138672,226.2100067138672,226.2100067138672,3611714,1
2024.08.20 11:30,226.2050018310547,227.09500122070312,226.08999633789065,226.8999938964844,226.8999938964844,2572227,0
2024.08.20 12:30,226.8950042724609,227.08999633789065,226.1100006103516,226.7100067138672,226.7100067138672,2086631,1
2024.08.20 13:30,226.6999969482422,227.1100006103516,226.3500061035156,227.01499938964844,227.01499938964844,1991274,0
2024.08.20 14:30,227.02999877929688,227.05999755859372,226.19000244140625,226.4850006103516,226.4850006103516,2299219,1
2024.08.20 15:30,226.47999572753903,226.92999267578125,226.38999938964844,226.4900054931641,226.4900054931641,2581538,1
2024.08.21 9:30,226.4900054931641,227.6699981689453,225.91000366210935,227.2250061035156,227.2250061035156,8159799,0
2024.08.21 10:30,227.22999572753903,227.97999572753903,225.8800048828125,226.4900054931641,226.4900054931641,4755603,0
2024.08.21 11:30,226.49989318847656,226.58999633789065,225.63499450683597,226.2400054931641,226.2400054931641,2772090,0
2024.08.21 12:30,226.25,226.5039978027344,225.92010498046875,226.00010681152344,226.00010681152344,2061134,1
2024.08.21 13:30,226.00999450683597,226.4499969482422,225.8300018310547,226.4499969482422,226.4499969482422,2566714,0
2024.08.21 14:30,226.4499969482422,226.5800018310547,225.3302001953125,225.7700042724609,225.7700042724609,2984227,1
2024.08.21 15:30,225.77999877929688,226.55999755859372,225.1909942626953,226.3999938964844,226.3999938964844,3834165,1
2024.08.22 9:30,227.6000061035156,228.33999633789065,226.5500030517578,226.7700042724609,226.7700042724609,8837839,0
2024.08.22 10:30,226.75999450683597,227.2100067138672,226.13999938964844,226.17999267578125,226.17999267578125,3513476,1
2024.08.22 11:30,226.13999938964844,226.44000244140625,224.92010498046875,226.42999267578125,226.42999267578125,3401206,0
2024.08.22 12:30,226.43499755859372,226.6100006103516,225.0847930908203,225.6450042724609,225.6450042724609,2873698,0
2024.08.22 13:30,225.6300048828125,225.82000732421875,223.8999938964844,224.85989379882807,224.85989379882807,3951613,0
2024.08.22 14:30,224.8600006103516,224.94000244140625,224.1499938964844,224.32000732421875,224.32000732421875,2652812,1
2024.08.22 15:30,224.33999633789065,224.9199981689453,224.02999877929688,224.52999877929688,224.52999877929688,4874043,1
2024.08.23 9:30,225.65890502929688,228.22000122070312,225.5200042724609,227.9750061035156,227.9750061035156,8606738,0
2024.08.23 10:30,227.9900054931641,228.1000061035156,225.19009399414065,225.9499969482422,225.9499969482422,5457419,0
2024.08.23 11:30,225.968505859375,226.7100067138672,224.8800048828125,225.1150054931641,225.1150054931641,3192087,1
2024.08.23 12:30,225.1100006103516,225.9900054931641,224.33999633789065,225.96499633789065,225.96499633789065,2664126,1
2024.08.23 13:30,225.97000122070312,226.5500030517578,225.9499969482422,226.45269775390625,226.45269775390625,2323736,1
2024.08.23 14:30,226.4550018310547,227.1000061035156,226.22000122070312,227.05999755859372,227.05999755859372,2752049,0
2024.08.23 15:30,227.06500244140625,227.1669006347656,226.22999572753903,226.7736053466797,226.7736053466797,3536618,0
2024.08.26 9:30,227.2100067138672,227.2100067138672,224.47720336914065,224.9499969482422,224.9499969482422,6251104,1
2024.08.26 10:30,224.9199981689453,225.19000244140625,223.8905029296875,225.07000732421875,225.07000732421875,3930509,1
2024.08.26 11:30,225.05999755859372,225.82000732421875,224.63999938964844,225.8105010986328,225.8105010986328,3335827,1
2024.08.26 12:30,225.81100463867188,226.3999938964844,225.75,226.1199951171875,226.1199951171875,2092165,0
2024.08.26 13:30,226.1300048828125,226.4250030517578,225.4429931640625,225.8699951171875,225.8699951171875,2251610,1
2024.08.26 14:30,225.8600006103516,226.6699981689453,225.76010131835935,226.4300994873047,226.4300994873047,2444527,1
2024.08.26 15:30,226.42999267578125,227.27999877929688,226.2899932861328,227.25999450683597,227.25999450683597,3543413,1
2024.08.27 9:30,226.2100982666016,228.22000122070312,224.88999938964844,227.97000122070312,227.97000122070312,8575296,1
2024.08.27 10:30,227.9600067138672,228.80999755859372,227.6501007080078,228.6300048828125,228.6300048828125,4591987,0
2024.08.27 11:30,228.57000732421875,228.66000366210935,227.8699951171875,227.94000244140625,227.94000244140625,2877065,1
2024.08.27 12:30,227.92999267578125,228.52999877929688,227.5500030517578,228.4900054931641,228.4900054931641,2150303,0
2024.08.27 13:30,228.5,228.66400146484372,228.07000732421875,228.4832000732422,228.4832000732422,1944293,0
2024.08.27 14:30,228.47999572753903,228.5489959716797,228.08999633789065,228.1499938964844,228.1499938964844,1885195,0
2024.08.27 15:30,228.1499938964844,228.2700042724609,227.75,228.13999938964844,228.13999938964844,3396614,1
2024.08.28 9:30,228.0500030517578,229.66000366210935,227.8710021972656,229.63999938964844,229.63999938964844,8121114,0
2024.08.28 10:30,229.6300048828125,229.8500061035156,226.3300018310547,226.80999755859372,226.80999755859372,5991731,1
2024.08.28 11:30,226.8000030517578,227.2700042724609,226.25999450683597,227.02999877929688,227.02999877929688,5540740,1
2024.08.28 12:30,227.0200042724609,227.75999450683597,227.00999450683597,227.47000122070312,227.47000122070312,2481723,0
2024.08.28 13:30,227.47000122070312,227.6000061035156,225.6800994873047,226.0800018310547,226.0800018310547,2007338,1
2024.08.28 14:30,226.0800018310547,227.63999938964844,225.9600067138672,227.4600067138672,227.4600067138672,3017614,0
2024.08.28 15:30,227.4499969482422,227.5399932861328,226.33999633789065,226.4900054931641,226.4900054931641,3607065,1
2024.08.29 9:30,230.27999877929688,231.94000244140625,228.8800048828125,231.4199981689453,231.4199981689453,15038494,1
2024.08.29 10:30,231.42999267578125,232.88999938964844,231.3800048828125,232.4499969482422,232.4499969482422,7514577,0
2024.08.29 11:30,232.44760131835935,232.7091064453125,231.4900054931641,232.4499969482422,232.4499969482422,5159347,0
2024.08.29 12:30,232.4499969482422,232.7100067138672,231.8699951171875,232.1300048828125,232.1300048828125,3294078,0
2024.08.29 13:30,232.13999938964844,232.5,230.5500030517578,230.83599853515625,230.83599853515625,4397159,0
2024.08.29 14:30,230.8300018310547,230.97000122070312,229.6201019287109,230.13999938964844,230.13999938964844,5247050,0
2024.08.29 15:30,230.1699981689453,230.7700042724609,229.3300018310547,229.80999755859372,229.80999755859372,4555191,0
2024.08.30 9:30,230.0,230.3999938964844,228.54010009765625,229.19500732421875,229.19500732421875,8962269,0
2024.08.30 10:30,229.1999969482422,230.00999450683597,227.72999572753903,228.2449951171875,228.2449951171875,4933862,0
2024.08.30 11:30,228.22000122070312,228.875,227.5500030517578,228.02999877929688,228.02999877929688,3257176,1
2024.08.30 12:30,228.02020263671875,228.6999969482422,227.47999572753903,228.1499938964844,228.1499938964844,2683350,0
2024.08.30 13:30,228.13499450683597,228.31500244140625,227.66000366210935,227.9900054931641,227.9900054931641,2414533,1
2024.08.30 14:30,228.0,229.0500030517578,227.9499969482422,229.0399932861328,229.0399932861328,3332557,0
2024.08.30 15:30,229.0399932861328,229.8500061035156,228.3800048828125,228.8600006103516,228.8600006103516,6922500,0
2024.09.03 9:30,228.6100006103516,229.0,224.72999572753903,225.30999755859372,225.30999755859372,10969784,0
2024.09.03 10:30,225.30499267578125,225.30499267578125,223.50999450683597,223.85499572753903,223.85499572753903,5984800,1
2024.09.03 11:30,223.8600006103516,224.42999267578125,223.2700042724609,223.88999938964844,223.88999938964844,3719653,0
2024.09.03 12:30,223.8800048828125,224.1499938964844,223.4499969482422,223.8314971923828,223.8314971923828,2520844,0
2024.09.03 13:30,223.8251953125,223.9199981689453,221.83999633789065,222.1300048828125,222.1300048828125,4242288,1
2024.09.03 14:30,222.1199951171875,222.72999572753903,221.7700042724609,222.4499969482422,222.4499969482422,4336460,1
2024.09.03 15:30,222.44000244140625,222.77999877929688,221.1699981689453,222.75,222.75,6650499,0
2024.09.04 9:30,221.66000366210935,221.7550048828125,217.47999572753903,218.63499450683597,218.63499450683597,13419708,1
2024.09.04 10:30,218.6300048828125,220.25,218.5399932861328,218.6800994873047,218.6800994873047,6164983,1
2024.09.04 11:30,218.69500732421875,219.96499633789065,218.0200042724609,219.92999267578125,219.92999267578125,3511080,1
2024.09.04 12:30,220.1100006103516,220.7843017578125,219.5399932861328,220.1199951171875,220.1199951171875,3078968,1
2024.09.04 13:30,220.10459899902344,221.1100006103516,220.07000732421875,220.91000366210935,220.91000366210935,3084195,0
2024.09.04 14:30,220.8999938964844,221.13999938964844,220.1699981689453,220.5500030517578,220.5500030517578,3235652,1
2024.09.04 15:30,220.5500030517578,221.4300994873047,220.4199981689453,220.7899932861328,220.7899932861328,4798702,1
2024.09.05 9:30,222.5,225.47999572753903,222.3600006103516,225.05999755859372,225.05999755859372,10704308,0
2024.09.05 10:30,225.0800018310547,225.38999938964844,222.3800048828125,222.47999572753903,222.47999572753903,4610729,1
2024.09.05 11:30,222.4600067138672,222.8195953369141,221.88999938964844,222.79519653320312,222.79519653320312,3171908,0
2024.09.05 12:30,222.7899932861328,223.1499938964844,222.33999633789065,222.38999938964844,222.38999938964844,2425313,1
2024.09.05 13:30,222.397705078125,223.75,222.37420654296875,223.33059692382807,223.33059692382807,2790012,0
2024.09.05 14:30,223.33999633789065,223.8999938964844,222.1100006103516,222.8300018310547,222.8300018310547,2545064,0
2024.09.05 15:30,222.82000732421875,223.3699951171875,221.8101043701172,222.3999938964844,222.3999938964844,3426613,1
2024.09.06 9:30,224.0,225.2400054931641,222.3800048828125,222.69000244140625,222.69000244140625,10837039,0
2024.09.06 10:30,222.6699981689453,223.0200042724609,220.8300018310547,221.25,221.25,6152793,0
2024.09.06 11:30,221.25,222.0677947998047,220.66200256347656,220.68569946289065,220.68569946289065,3892594,1
2024.09.06 12:30,220.6999969482422,221.63999938964844,220.4600067138672,220.97999572753903,220.97999572753903,3419148,0
2024.09.06 13:30,220.9499969482422,221.08999633789065,219.7700042724609,220.18780517578125,220.18780517578125,3000383,1
2024.09.06 14:30,220.19000244140625,221.47000122070312,219.82000732421875,221.05999755859372,221.05999755859372,3924346,0
2024.09.06 15:30,221.0625,221.5500030517578,220.13999938964844,220.91000366210935,220.91000366210935,4598421,0
2024.09.09 9:30,220.8999938964844,221.0,217.82000732421875,218.875,218.875,13584735,1
2024.09.09 10:30,218.8800048828125,219.00999450683597,217.0500030517578,218.9600067138672,218.9600067138672,6687156,1
2024.09.09 11:30,218.97999572753903,220.5,218.92999267578125,220.2039031982422,220.2039031982422,4368450,1
2024.09.09 12:30,220.2126007080078,220.92999267578125,219.80999755859372,220.83999633789065,220.83999633789065,4747989,0
2024.09.09 13:30,220.83799743652344,220.8500061035156,217.0800018310547,217.1699981689453,217.1699981689453,11488645,1
2024.09.09 14:30,217.13999938964844,219.2725067138672,216.72000122070312,219.25999450683597,219.25999450683597,9269515,1
2024.09.09 15:30,219.2700042724609,221.0364990234375,219.2700042724609,220.9900054931641,220.9900054931641,8206929,0
2024.09.10 9:30,219.58999633789065,219.9750061035156,216.72999572753903,219.77999877929688,219.77999877929688,14107205,1
2024.09.10 10:30,219.76499938964844,220.22000122070312,218.22000122070312,219.9499969482422,219.9499969482422,6070511,0
2024.09.10 11:30,219.9499969482422,220.41000366210935,218.0404052734375,218.5399932861328,218.5399932861328,4556201,1
2024.09.10 12:30,218.5301055908203,220.6499938964844,218.4900054931641,220.2700042724609,220.2700042724609,3685902,1
2024.09.10 13:30,220.2700042724609,221.47999572753903,220.19590759277344,220.80999755859372,220.80999755859372,3978034,0
2024.09.10 14:30,220.8300018310547,221.0449981689453,220.2100067138672,220.75,220.75,5332395,0
2024.09.10 15:30,220.7449951171875,221.1100006103516,219.67999267578125,220.1699981689453,220.1699981689453,4674197,0
2024.09.11 9:30,221.0,222.75,219.1499938964844,219.25,219.25,9711642,0
2024.09.11 10:30,219.2400054931641,219.33999633789065,217.968994140625,218.8999938964844,218.8999938964844,4829294,1
2024.09.11 11:30,218.8999938964844,220.9499969482422,218.6699981689453,220.835205078125,220.835205078125,3877451,1
2024.09.11 12:30,220.8600006103516,221.8500061035156,220.50999450683597,221.20970153808597,221.20970153808597,2846309,1
2024.09.11 13:30,221.22000122070312,221.6999969482422,220.83999633789065,221.6199951171875,221.6199951171875,3495565,1
2024.09.11 14:30,221.6499938964844,221.97000122070312,221.1100006103516,221.97000122070312,221.97000122070312,4285668,1
2024.09.11 15:30,221.9550018310547,223.0,221.67999267578125,222.8600006103516,222.8600006103516,5531388,0
2024.09.12 9:30,222.0,222.37939453125,219.82000732421875,222.07000732421875,222.07000732421875,8196037,0
2024.09.12 10:30,222.0711975097656,223.0675048828125,221.08999633789065,221.8999938964844,221.8999938964844,4368515,1
2024.09.12 11:30,221.8999938964844,222.5399932861328,221.6199951171875,221.92999267578125,221.92999267578125,2289208,1
2024.09.12 12:30,221.9499969482422,223.0500030517578,221.7100067138672,222.6199951171875,222.6199951171875,2450018,1
2024.09.12 13:30,222.6000061035156,223.22999572753903,222.5800018310547,223.14010620117188,223.14010620117188,2928926,0
2024.09.12 14:30,223.13999938964844,223.5399932861328,222.16000366210935,222.94000244140625,222.94000244140625,3839512,0
2024.09.12 15:30,222.92999267578125,223.3489990234375,222.44000244140625,222.8699951171875,222.8699951171875,5236457,0
2024.09.13 9:30,223.0,223.38999938964844,222.19000244140625,222.3699951171875,222.3699951171875,9588879,1
2024.09.13 10:30,222.3500061035156,223.75,221.91000366210935,223.5449981689453,223.5449981689453,4492924,0
2024.09.13 11:30,223.5449981689453,223.9900054931641,223.05499267578125,223.3101043701172,223.3101043701172,2825345,1
2024.09.13 12:30,223.32000732421875,224.02999877929688,223.22000122070312,223.58380126953125,223.58380126953125,2326834,0
2024.09.13 13:30,223.5800018310547,224.0200042724609,222.8500061035156,223.0,223.0,2945593,0
2024.09.13 14:30,222.9949951171875,223.0500030517578,222.33120727539065,222.53399658203125,222.53399658203125,3150741,0
2024.09.13 15:30,222.5399932861328,222.84300231933597,222.30999755859372,222.4600067138672,222.4600067138672,4426267,0
2024.09.16 9:30,216.47000122070312,217.1999969482422,213.9199981689453,216.66000366210935,216.66000366210935,21390264,0
2024.09.16 10:30,216.64010620117188,216.9149932861328,214.83999633789065,216.55650329589844,216.55650329589844,8162076,0
2024.09.16 11:30,216.5500030517578,216.5800018310547,214.91000366210935,215.3999938964844,215.3999938964844,4852521,1
2024.09.16 12:30,215.38999938964844,215.97999572753903,214.92010498046875,215.96499633789065,215.96499633789065,3748142,1
2024.09.16 13:30,215.9600067138672,216.5200042724609,215.75,216.42999267578125,216.42999267578125,3606890,0
2024.09.16 14:30,216.4250030517578,216.466796875,215.9199981689453,216.2250061035156,216.2250061035156,4144167,1
2024.09.16 15:30,216.2250061035156,216.6999969482422,216.17999267578125,216.3000030517578,216.3000030517578,5232224,1
2024.09.17 9:30,215.5,216.55999755859372,214.5,216.4199981689453,216.4199981689453,11537502,0
2024.09.17 10:30,216.3999938964844,216.8999938964844,215.88999938964844,216.2050018310547,216.2050018310547,5086619,0
2024.09.17 11:30,216.2100067138672,216.83999633789065,215.50999450683597,215.75999450683597,215.75999450683597,4563369,1
2024.09.17 12:30,215.7700042724609,216.22999572753903,215.22999572753903,216.1699981689453,216.1699981689453,4929353,0
2024.09.17 13:30,216.16000366210935,216.38999938964844,215.05999755859372,216.1499938964844,216.1499938964844,3204596,1
2024.09.17 14:30,216.13999938964844,216.6199951171875,215.3000030517578,216.6100006103516,216.6100006103516,3928149,1
2024.09.17 15:30,216.6000061035156,216.8500061035156,216.1699981689453,216.8500061035156,216.8500061035156,4733527,1
2024.09.18 9:30,218.25,220.7350006103516,218.1721954345703,220.7350006103516,220.7350006103516,11719770,0
2024.09.18 10:30,220.7301025390625,221.6100006103516,220.25100708007807,220.6300048828125,220.6300048828125,8156545,1
2024.09.18 11:30,220.63999938964844,220.86990356445312,219.5200042724609,220.80999755859372,220.80999755859372,4730443,1
2024.09.18 12:30,220.8000030517578,221.3500061035156,220.25999450683597,221.2100982666016,221.2100982666016,4663209,1
2024.09.18 13:30,221.22000122070312,222.6999969482422,219.92999267578125,221.4073028564453,221.4073028564453,7417109,1
2024.09.18 14:30,221.4958953857422,221.8500061035156,218.92999267578125,221.5,221.5,7309128,0
2024.09.18 15:30,221.5399932861328,221.80999755859372,219.8800048828125,220.69000244140625,220.69000244140625,6247706,1
2024.09.19 9:30,225.0,229.6000061035156,224.63999938964844,229.4949951171875,229.4949951171875,18240508,0
2024.09.19 10:30,229.58999633789065,229.7400054931641,227.66000366210935,228.4900054931641,228.4900054931641,8846328,1
2024.09.19 11:30,228.48460388183597,229.17999267578125,228.0,228.9949951171875,228.9949951171875,5729594,1
2024.09.19 12:30,228.9900054931641,229.3300018310547,228.7207946777344,229.17010498046875,229.17010498046875,4098355,0
2024.09.19 13:30,229.1768951416016,229.4557037353516,228.3999938964844,228.8699951171875,228.8699951171875,4410441,1
2024.09.19 14:30,228.8699951171875,229.4900054931641,228.76010131835935,229.4671936035156,229.4671936035156,4815301,0
2024.09.19 15:30,229.4600067138672,229.58999633789065,228.2899932861328,228.82000732421875,228.82000732421875,7376731,1
2024.09.20 9:30,230.1300048828125,231.16000366210935,229.3011016845703,230.0345001220703,230.0345001220703,28984531,0
2024.09.20 10:30,230.02999877929688,230.5800018310547,229.1999969482422,229.7700042724609,229.7700042724609,12497143,1
2024.09.20 11:30,229.75999450683597,231.7400054931641,229.7400054931641,231.72999572753903,231.72999572753903,7914719,0
2024.09.20 12:30,231.72000122070312,231.9199981689453,230.6100006103516,230.75,230.75,6485883,0
2024.09.20 13:30,230.7400054931641,231.25999450683597,229.6000061035156,229.77720642089844,229.77720642089844,7870480,1
2024.09.20 14:30,229.7700042724609,232.0,229.5,231.9750061035156,231.9750061035156,10546962,0
2024.09.20 15:30,231.9750061035156,233.08999633789065,227.6199951171875,228.52999877929688,228.52999877929688,25542112,0
