Datetime,Open,High,Low,Close,Volume
26.01.2017 14:00:00.000,121.680,122.430,121.660,122.022,14475.131
26.01.2017 15:00:00.000,122.029,122.114,121.640,121.820,24129.8866
26.01.2017 16:00:00.000,121.821,121.922,121.600,121.821,21491.2014
26.01.2017 17:00:00.000,121.822,122.002,121.640,121.891,16556.2706
26.01.2017 18:00:00.000,121.892,121.990,121.850,121.984,15036.2501
26.01.2017 19:00:00.000,121.980,122.110,121.890,121.940,13571.27
26.01.2017 20:00:00.000,121.940,122.050,121.870,121.930,15960.2842
26.01.2017 21:00:00.000,121.890,121.890,121.890,121.890,16.58
27.01.2017 14:00:00.000,122.060,122.320,121.850,122.160,16172.9488
27.01.2017 15:00:00.000,122.180,122.262,121.940,121.980,21085.2509
27.01.2017 16:00:00.000,121.981,122.051,121.920,121.980,16158.72
27.01.2017 17:00:00.000,121.980,122.090,121.870,121.960,12473.5003
27.01.2017 18:00:00.000,121.962,122.000,121.760,121.780,13380.3501
27.01.2017 19:00:00.000,121.771,121.810,121.600,121.740,12021.1802
27.01.2017 20:00:00.000,121.740,121.962,121.670,121.690,10260.7298
27.01.2017 21:00:00.000,121.690,121.690,121.690,121.690,11.9
30.01.2017 14:00:00.000,120.930,121.350,120.650,120.950,22991.7126
30.01.2017 15:00:00.000,120.960,121.181,120.910,121.130,30049.3317
30.01.2017 16:00:00.000,121.130,121.290,121.040,121.253,19343.5478
30.01.2017 17:00:00.000,121.252,121.280,121.120,121.170,16600.1625
30.01.2017 18:00:00.000,121.170,121.250,121.101,121.161,15330.9669
30.01.2017 19:00:00.000,121.162,121.260,121.125,121.250,14019.9747
30.01.2017 20:00:00.000,121.250,121.600,121.090,121.570,20896.1372
30.01.2017 21:00:00.000,121.569,121.569,121.550,121.550,13.99
31.01.2017 14:00:00.000,121.080,121.382,120.842,121.151,19343.2732
31.01.2017 15:00:00.000,121.153,121.170,120.710,120.920,29837.8239
31.01.2017 16:00:00.000,120.921,121.220,120.900,121.120,27394.5522
31.01.2017 17:00:00.000,121.120,121.214,121.010,121.111,17752.1305
31.01.2017 18:00:00.000,121.120,121.160,120.640,120.674,18711.216
31.01.2017 19:00:00.000,120.672,121.082,120.620,121.061,18168.3636
31.01.2017 20:00:00.000,121.070,121.320,121.020,121.260,23029.2149
31.01.2017 21:00:00.000,121.260,121.290,121.260,121.290,10.1
01.02.2017 14:00:00.000,127.070,128.260,127.060,128.103,22557.6458
01.02.2017 15:00:00.000,128.110,128.430,127.660,128.163,27895.7996
01.02.2017 16:00:00.000,128.160,128.468,127.851,128.312,23536.4552
01.02.2017 17:00:00.000,128.320,129.481,128.310,129.210,21641.1629
01.02.2017 18:00:00.000,129.210,129.420,128.920,129.034,22261.2858
01.02.2017 19:00:00.000,129.014,130.112,128.992,129.983,25257.2842
01.02.2017 20:00:00.000,129.984,130.480,128.780,128.785,25964.3059
01.02.2017 21:00:00.000,128.730,128.730,128.730,128.730,35.84
02.02.2017 14:00:00.000,127.900,129.380,127.890,128.750,18009.6092
02.02.2017 15:00:00.000,128.700,128.811,128.260,128.680,25898.6912
02.02.2017 16:00:00.000,128.680,128.722,127.943,128.000,23003.7231
02.02.2017 17:00:00.000,128.003,128.452,127.780,128.270,21838.8615
02.02.2017 18:00:00.000,128.270,128.344,128.033,128.244,18616.2872
02.02.2017 19:00:00.000,128.240,128.247,127.890,128.204,18343.401
02.02.2017 20:00:00.000,128.200,128.540,128.130,128.510,20782.3048
02.02.2017 21:00:00.000,128.486,128.496,128.486,128.496,14.2
03.02.2017 14:00:00.000,128.308,129.090,128.163,129.011,16424.1352
03.02.2017 15:00:00.000,129.019,129.180,128.670,128.700,25388.8283
03.02.2017 16:00:00.000,128.700,128.910,128.344,128.421,18177.763
03.02.2017 17:00:00.000,128.422,128.590,128.370,128.440,13639.7524
03.02.2017 18:00:00.000,128.440,128.502,128.342,128.450,13588.666
03.02.2017 19:00:00.000,128.450,128.691,128.450,128.680,13215.7097
03.02.2017 20:00:00.000,128.680,129.056,128.646,129.048,16076.8147
03.02.2017 21:00:00.000,129.057,129.068,129.043,129.068,10.694
06.02.2017 14:00:00.000,128.916,130.109,128.906,130.109,14633.007
06.02.2017 15:00:00.000,130.110,130.460,129.976,130.110,24985.0101
06.02.2017 16:00:00.000,130.107,130.262,129.890,130.031,19314.3959
06.02.2017 17:00:00.000,130.030,130.434,130.010,130.423,15783.947
06.02.2017 18:00:00.000,130.420,130.490,130.090,130.171,19827.4345
06.02.2017 19:00:00.000,130.170,130.341,130.048,130.290,17257.1507
06.02.2017 20:00:00.000,130.290,130.360,130.090,130.310,15719.3689
06.02.2017 21:00:00.000,130.286,130.286,130.276,130.286,20.1
07.02.2017 14:00:00.000,130.496,131.130,130.455,131.061,12451.4904
07.02.2017 15:00:00.000,131.060,131.990,131.060,131.850,24570.4269
07.02.2017 16:00:00.000,131.844,131.990,131.760,131.840,20688.3869
07.02.2017 17:00:00.000,131.840,132.080,131.504,131.505,20639.7991
07.02.2017 18:00:00.000,131.504,132.034,131.430,131.750,18882.2708
07.02.2017 19:00:00.000,131.750,131.793,131.165,131.400,18950.8762
07.02.2017 20:00:00.000,131.400,131.620,131.390,131.505,17818.7046
07.02.2017 21:00:00.000,131.506,131.506,131.506,131.506,0.12
08.02.2017 14:00:00.000,131.298,131.780,131.217,131.341,15520.03
08.02.2017 15:00:00.000,131.337,131.611,131.217,131.473,21409.9751
08.02.2017 16:00:00.000,131.474,131.590,131.420,131.420,18195.1332
08.02.2017 17:00:00.000,131.420,131.691,131.420,131.502,15418.3846
08.02.2017 18:00:00.000,131.509,131.690,131.472,131.670,14426.3868
08.02.2017 19:00:00.000,131.670,131.820,131.650,131.742,15117.5365
08.02.2017 20:00:00.000,131.747,132.210,131.733,132.030,16262.0678
08.02.2017 21:00:00.000,132.028,132.028,132.016,132.016,19.67
09.02.2017 14:00:00.000,131.645,132.150,131.410,131.431,14797.7266
09.02.2017 15:00:00.000,131.420,131.612,131.120,131.539,23396.0247
09.02.2017 16:00:00.000,131.532,131.940,131.498,131.872,20409.9617
09.02.2017 17:00:00.000,131.871,131.890,131.760,131.870,16501.0166
09.02.2017 18:00:00.000,131.871,132.085,131.833,132.059,10583.5037
09.02.2017 19:00:00.000,132.060,132.390,132.060,132.362,11020.6728
09.02.2017 20:00:00.000,132.369,132.434,132.200,132.410,12804.7237
09.02.2017 21:00:00.000,132.397,132.406,132.397,132.406,0.59
10.02.2017 14:00:00.000,132.465,132.930,132.345,132.741,15048.4753
10.02.2017 15:00:00.000,132.755,132.770,132.188,132.234,23289.9361
10.02.2017 16:00:00.000,132.232,132.465,132.101,132.361,18108.9039
10.02.2017 17:00:00.000,132.360,132.442,132.173,132.434,15848.8541
10.02.2017 18:00:00.000,132.433,132.552,132.350,132.460,18244.0605
10.02.2017 19:00:00.000,132.460,132.490,132.140,132.233,14632.7991
10.02.2017 20:00:00.000,132.234,132.314,132.060,132.110,15430.7642
10.02.2017 21:00:00.000,132.086,132.088,132.086,132.088,6.4
13.02.2017 14:00:00.000,133.028,133.810,132.757,133.602,16045.1241
13.02.2017 15:00:00.000,133.600,133.740,133.489,133.570,21252.7981
13.02.2017 16:00:00.000,133.571,133.740,133.322,133.704,17380.3101
13.02.2017 17:00:00.000,133.697,133.770,133.600,133.641,13264.7591
13.02.2017 18:00:00.000,133.642,133.691,133.401,133.573,17444.5343
13.02.2017 19:00:00.000,133.574,133.614,133.310,133.360,16915.823
13.02.2017 20:00:00.000,133.361,133.580,133.180,133.290,18356.2565
13.02.2017 21:00:00.000,133.288,133.289,133.287,133.289,59.5
14.02.2017 14:00:00.000,133.430,133.729,133.256,133.572,14650.8722
14.02.2017 15:00:00.000,133.571,133.870,133.361,133.740,23604.1927
14.02.2017 16:00:00.000,133.740,134.380,133.680,134.280,22051.7349
14.02.2017 17:00:00.000,134.281,134.689,134.170,134.651,16951.8871
14.02.2017 18:00:00.000,134.653,134.940,134.620,134.900,17952.8351
14.02.2017 19:00:00.000,134.900,134.990,134.750,134.852,16871.1395
14.02.2017 20:00:00.000,134.853,135.080,134.780,135.010,16451.4618
14.02.2017 21:00:00.000,135.010,135.010,135.006,135.006,7.79
15.02.2017 14:00:00.000,135.549,136.257,135.410,136.181,16475.1644
15.02.2017 15:00:00.000,136.180,136.180,135.206,135.230,26519.1193
15.02.2017 16:00:00.000,135.221,135.433,134.940,135.079,22645.5803
15.02.2017 17:00:00.000,135.080,135.164,134.880,134.942,17873.4207
15.02.2017 18:00:00.000,134.948,135.290,134.631,135.102,19480.3543
15.02.2017 19:00:00.000,135.108,135.364,135.016,135.260,18804.1744
15.02.2017 20:00:00.000,135.260,135.509,135.180,135.507,17981.1325
15.02.2017 21:00:00.000,135.509,135.509,135.495,135.495,7.03
16.02.2017 14:00:00.000,135.656,135.890,135.076,135.131,15798.6374
16.02.2017 15:00:00.000,135.132,135.400,134.830,135.037,29655.1094
16.02.2017 16:00:00.000,135.043,135.303,134.890,135.194,25134.7523
16.02.2017 17:00:00.000,135.198,135.460,135.140,135.240,18903.7552
16.02.2017 18:00:00.000,135.244,135.321,135.131,135.230,23516.2506
16.02.2017 19:00:00.000,135.235,135.372,135.043,135.238,20209.5871
16.02.2017 20:00:00.000,135.240,135.353,135.110,135.340,18470.3808
16.02.2017 21:00:00.000,135.336,135.339,135.309,135.309,0.5
17.02.2017 14:00:00.000,135.099,135.590,135.099,135.590,15261.4965
17.02.2017 15:00:00.000,135.590,135.780,135.255,135.270,22923.1243
17.02.2017 16:00:00.000,135.270,135.444,135.131,135.390,20161.2625
17.02.2017 17:00:00.000,135.390,135.490,135.280,135.380,17750.6561
17.02.2017 18:00:00.000,135.388,135.531,135.320,135.520,16910.6903
17.02.2017 19:00:00.000,135.520,135.603,135.460,135.502,12524.4675
17.02.2017 20:00:00.000,135.501,135.710,135.370,135.710,17511.8198
17.02.2017 21:00:00.000,135.704,135.709,135.695,135.695,28.7
21.02.2017 14:00:00.000,136.239,136.600,135.970,136.210,15011.1465
21.02.2017 15:00:00.000,136.220,136.481,136.169,136.428,22014.4844
21.02.2017 16:00:00.000,136.430,136.484,136.073,136.302,20713.7604
21.02.2017 17:00:00.000,136.302,136.320,136.080,136.271,21422.0753
21.02.2017 18:00:00.000,136.270,136.482,136.211,136.372,15545.1012
21.02.2017 19:00:00.000,136.379,136.590,136.350,136.560,16051.7044
21.02.2017 20:00:00.000,136.560,136.740,136.524,136.668,16343.8969
21.02.2017 21:00:00.000,136.679,136.679,136.666,136.666,9.93
22.02.2017 14:00:00.000,136.447,136.583,136.107,136.333,14813.8771
22.02.2017 15:00:00.000,136.321,136.561,136.321,136.450,24504.6158
22.02.2017 16:00:00.000,136.450,136.660,136.361,136.482,18370.4109
22.02.2017 17:00:00.000,136.480,136.680,136.440,136.680,15229.1145
22.02.2017 18:00:00.000,136.673,137.110,136.670,136.960,10596.7255
22.02.2017 19:00:00.000,136.960,137.048,136.641,136.641,19854.2404
22.02.2017 20:00:00.000,136.648,137.090,136.560,137.090,18052.3529
22.02.2017 21:00:00.000,137.086,137.086,137.085,137.085,6.86
23.02.2017 14:00:00.000,137.346,137.471,136.697,137.072,14962.3547
23.02.2017 15:00:00.000,137.070,137.181,136.360,136.380,28398.428
23.02.2017 16:00:00.000,136.386,136.761,136.300,136.590,26592.0868
23.02.2017 17:00:00.000,136.591,136.740,136.464,136.690,23222.1451
23.02.2017 18:00:00.000,136.684,136.844,136.551,136.763,19644.8421
23.02.2017 19:00:00.000,136.767,136.920,136.599,136.821,19552.3338
23.02.2017 20:00:00.000,136.820,136.885,136.373,136.527,23357.5172
23.02.2017 21:00:00.000,136.516,136.518,136.516,136.518,5.2
24.02.2017 14:00:00.000,135.887,136.090,135.295,135.796,17729.6848
24.02.2017 15:00:00.000,135.825,135.920,135.271,135.790,27609.3807
24.02.2017 16:00:00.000,135.790,135.984,135.730,135.840,21087.944
24.02.2017 17:00:00.000,135.840,136.240,135.780,136.142,18946.5141
24.02.2017 18:00:00.000,136.141,136.184,136.030,136.140,17286.8938
24.02.2017 19:00:00.000,136.140,136.151,135.960,135.990,17767.7879
24.02.2017 20:00:00.000,135.990,136.640,135.915,136.630,17461.0615
24.02.2017 21:00:00.000,136.618,136.636,136.618,136.636,10.48
27.02.2017 14:00:00.000,137.015,137.090,136.281,137.073,15945.2019
27.02.2017 15:00:00.000,137.083,137.428,136.900,137.040,25777.2636
27.02.2017 16:00:00.000,137.040,137.160,136.770,137.000,21039.9323
27.02.2017 17:00:00.000,136.990,137.090,136.901,136.980,18004.0073
27.02.2017 18:00:00.000,136.980,137.234,136.970,137.060,16765.8482
27.02.2017 19:00:00.000,137.061,137.112,136.930,136.972,16597.6715
27.02.2017 20:00:00.000,136.971,137.090,136.810,136.930,16738.2011
27.02.2017 21:00:00.000,136.939,136.939,136.917,136.917,4.21
28.02.2017 14:00:00.000,137.088,137.399,136.830,136.934,14748.5514
28.02.2017 15:00:00.000,136.943,137.430,136.901,137.220,21088.8309
28.02.2017 16:00:00.000,137.220,137.412,137.090,137.280,17236.6714
28.02.2017 17:00:00.000,137.281,137.290,136.780,136.991,21016.5176
28.02.2017 18:00:00.000,136.990,137.240,136.970,137.220,17756.9237
28.02.2017 19:00:00.000,137.220,137.240,136.920,136.980,14680.3417
28.02.2017 20:00:00.000,136.980,137.060,136.700,137.004,18264.9231
28.02.2017 21:00:00.000,136.968,136.968,136.965,136.965,17.78
01.03.2017 14:00:00.000,137.878,138.286,137.582,138.130,15710.3281
01.03.2017 15:00:00.000,138.132,139.010,138.130,138.914,21621.7709
01.03.2017 16:00:00.000,138.919,139.733,138.861,139.661,25132.6294
01.03.2017 17:00:00.000,139.670,139.980,139.653,139.804,22055.336
01.03.2017 18:00:00.000,139.800,140.064,139.613,139.758,20747.8352
01.03.2017 19:00:00.000,139.756,140.140,139.520,140.090,22778.347
01.03.2017 20:00:00.000,140.090,140.090,139.740,139.780,19930.3055
01.03.2017 21:00:00.000,139.766,139.768,139.766,139.768,6.16
02.03.2017 14:00:00.000,139.968,140.260,139.630,139.880,16934.6733
02.03.2017 15:00:00.000,139.879,139.890,139.620,139.690,22915.5998
02.03.2017 16:00:00.000,139.684,139.690,139.231,139.590,21969.1734
02.03.2017 17:00:00.000,139.591,139.724,139.340,139.611,19368.4483
02.03.2017 18:00:00.000,139.610,139.622,138.850,139.052,23241.3235
02.03.2017 19:00:00.000,139.057,139.260,139.010,139.140,20211.0748
02.03.2017 20:00:00.000,139.140,139.161,138.760,138.916,23324.1596
02.03.2017 21:00:00.000,138.940,138.940,138.915,138.928,29.3
03.03.2017 14:00:00.000,138.665,139.332,138.580,139.132,14796.2132
03.03.2017 15:00:00.000,139.132,139.350,138.860,139.010,27395.9656
03.03.2017 16:00:00.000,139.010,139.220,138.890,139.170,21535.5873
03.03.2017 17:00:00.000,139.170,139.520,139.093,139.460,22243.0229
03.03.2017 18:00:00.000,139.460,139.820,139.301,139.672,25008.5182
03.03.2017 19:00:00.000,139.671,139.820,139.460,139.610,19537.3249
03.03.2017 20:00:00.000,139.616,139.767,139.560,139.760,20720.3636
03.03.2017 21:00:00.000,139.758,139.758,139.758,139.758,10.24
06.03.2017 14:00:00.000,139.335,139.740,139.097,139.270,14274.2882
06.03.2017 15:00:00.000,139.269,139.269,138.652,138.680,23458.8833
06.03.2017 16:00:00.000,138.690,138.921,138.600,138.700,18637.7964
06.03.2017 17:00:00.000,138.699,138.880,138.602,138.860,18583.5705
06.03.2017 18:00:00.000,138.862,139.340,138.860,139.282,19003.931
06.03.2017 19:00:00.000,139.283,139.420,139.210,139.342,14589.1361
06.03.2017 20:00:00.000,139.350,139.535,139.260,139.320,16318.1324
06.03.2017 21:00:00.000,139.306,139.306,139.306,139.306,0.96
07.03.2017 14:00:00.000,139.029,139.488,138.780,139.090,15019.4464
07.03.2017 15:00:00.000,139.081,139.980,139.040,139.740,23968.2217
07.03.2017 16:00:00.000,139.740,139.822,139.510,139.684,21077.6653
07.03.2017 17:00:00.000,139.681,139.702,139.370,139.573,18033.2603
07.03.2017 18:00:00.000,139.590,139.754,139.460,139.510,17777.1282
07.03.2017 19:00:00.000,139.504,139.690,139.403,139.680,19527.6928
07.03.2017 20:00:00.000,139.680,139.685,139.150,139.483,22054.945
07.03.2017 21:00:00.000,139.490,139.490,139.477,139.477,11.05
08.03.2017 14:00:00.000,138.897,139.590,138.895,139.590,15782.9447
08.03.2017 15:00:00.000,139.590,139.734,139.230,139.683,24145.4525
08.03.2017 16:00:00.000,139.693,139.790,139.132,139.194,23920.7478
08.03.2017 17:00:00.000,139.193,139.391,139.110,139.241,19546.9017
08.03.2017 18:00:00.000,139.234,139.422,139.210,139.340,19280.8056
08.03.2017 19:00:00.000,139.340,139.425,138.910,139.101,20811.2926
08.03.2017 20:00:00.000,139.094,139.220,138.822,139.023,22009.5024
08.03.2017 21:00:00.000,139.010,139.010,138.966,138.987,19.29
09.03.2017 14:00:00.000,138.725,138.767,137.047,138.430,18969.8029
09.03.2017 15:00:00.000,138.430,138.710,138.351,138.640,27339.2448
09.03.2017 16:00:00.000,138.640,138.730,138.511,138.620,20447.0539
09.03.2017 17:00:00.000,138.620,138.642,138.350,138.510,18999.5518
09.03.2017 18:00:00.000,138.501,138.563,138.240,138.301,19213.4552
09.03.2017 19:00:00.000,138.302,138.320,137.800,138.270,25391.7446
09.03.2017 20:00:00.000,138.271,138.680,138.262,138.670,23588.3102
09.03.2017 21:00:00.000,138.667,138.667,138.648,138.648,1.9
10.03.2017 14:00:00.000,139.245,139.269,138.636,139.043,17531.2672
10.03.2017 15:00:00.000,139.040,139.250,138.751,138.970,28843.6184
10.03.2017 16:00:00.000,138.969,139.340,138.867,139.180,21976.3355
10.03.2017 17:00:00.000,139.181,139.270,138.773,139.034,19984.9339
10.03.2017 18:00:00.000,139.060,139.091,138.810,139.030,21666.9693
10.03.2017 19:00:00.000,139.030,139.260,138.984,139.184,19373.9758
10.03.2017 20:00:00.000,139.180,139.312,139.030,139.140,16326.2367
10.03.2017 21:00:00.000,139.137,139.137,139.108,139.108,5.99
13.03.2017 13:00:00.000,138.922,139.392,138.798,139.111,17264.7991
13.03.2017 14:00:00.000,139.111,139.162,138.887,138.951,25657.8007
13.03.2017 15:00:00.000,139.069,139.088,138.860,138.980,17980.1903
13.03.2017 16:00:00.000,138.980,139.420,138.940,139.110,20191.1507
13.03.2017 17:00:00.000,139.110,139.324,139.090,139.255,16599.7753
13.03.2017 18:00:00.000,139.260,139.363,139.214,139.220,12141.0904
13.03.2017 19:00:00.000,139.221,139.274,139.122,139.185,11910.737
13.03.2017 20:00:00.000,139.179,139.277,139.115,139.169,32.639
14.03.2017 13:00:00.000,139.296,139.652,139.247,139.431,115324.8978
14.03.2017 14:00:00.000,139.439,139.451,138.917,139.110,28159.9007
14.03.2017 15:00:00.000,139.033,139.204,138.903,139.204,21392.065
14.03.2017 16:00:00.000,139.209,139.230,138.980,139.040,17941.5493
14.03.2017 17:00:00.000,139.041,139.150,138.954,139.002,19359.5238
14.03.2017 18:00:00.000,139.001,139.033,138.852,138.954,16271.1926
14.03.2017 19:00:00.000,138.953,139.090,138.910,138.984,14343.4153
14.03.2017 20:00:00.000,138.979,138.979,138.979,138.979,20.4
15.03.2017 13:00:00.000,139.425,139.470,139.024,139.250,14791.2884
15.03.2017 14:00:00.000,139.247,139.350,139.121,139.210,21087.4844
15.03.2017 15:00:00.000,139.210,139.528,139.162,139.510,14347.1584
15.03.2017 16:00:00.000,139.510,140.130,139.416,139.940,18302.0306
15.03.2017 17:00:00.000,139.940,140.041,139.772,139.910,17415.7333
15.03.2017 18:00:00.000,139.900,140.391,139.743,140.315,31955.4615
15.03.2017 19:00:00.000,140.324,140.749,140.243,140.452,25031.1699
15.03.2017 20:00:00.000,140.448,140.448,140.446,140.446,36.6
16.03.2017 13:00:00.000,140.698,141.003,140.424,140.773,18715.1871
16.03.2017 14:00:00.000,140.761,140.880,140.370,140.540,24042.8467
16.03.2017 15:00:00.000,140.540,140.600,140.264,140.572,23389.9727
16.03.2017 16:00:00.000,140.571,140.850,140.524,140.800,18762.6781
16.03.2017 17:00:00.000,140.800,140.800,140.511,140.640,18289.8884
16.03.2017 18:00:00.000,140.640,140.781,140.460,140.500,15434.2709
16.03.2017 19:00:00.000,140.500,140.720,140.380,140.679,17307.2052
16.03.2017 20:00:00.000,140.667,140.668,140.646,140.658,8.3
17.03.2017 13:00:00.000,140.964,140.964,140.580,140.581,17649.9996
17.03.2017 14:00:00.000,140.580,140.682,140.410,140.640,24309.9995
17.03.2017 15:00:00.000,140.650,140.681,140.460,140.605,19889.9994
17.03.2017 16:00:00.000,140.604,140.832,140.570,140.740,19760.0002
17.03.2017 17:00:00.000,140.740,140.880,140.710,140.721,17469.9993
17.03.2017 18:00:00.000,140.722,140.940,140.721,140.764,19059.9995
17.03.2017 19:00:00.000,140.770,140.840,139.895,139.913,24770.0005
20.03.2017 13:00:00.000,140.342,140.760,140.230,140.732,15180.0003
20.03.2017 14:00:00.000,140.731,141.333,140.690,141.090,24950.0008
20.03.2017 15:00:00.000,141.081,141.330,141.044,141.080,21250
20.03.2017 16:00:00.000,141.080,141.250,141.035,141.102,20959.9991
20.03.2017 17:00:00.000,141.103,141.230,140.904,141.002,21680.0003
20.03.2017 18:00:00.000,141.003,141.150,140.860,140.903,20799.9992
20.03.2017 19:00:00.000,140.904,141.482,140.860,141.482,20629.9992
20.03.2017 20:00:00.000,141.480,141.480,141.480,141.480,10
21.03.2017 13:00:00.000,142.164,142.782,142.160,142.710,17889.9994
21.03.2017 14:00:00.000,142.704,142.704,141.740,141.990,35099.9985
21.03.2017 15:00:00.000,141.992,142.004,140.950,141.461,46790.0009
21.03.2017 16:00:00.000,141.470,141.470,140.312,140.562,36669.9982
21.03.2017 17:00:00.000,140.570,140.720,139.890,139.940,35349.9985
21.03.2017 18:00:00.000,139.940,140.470,139.730,140.450,35750
21.03.2017 19:00:00.000,140.450,140.590,139.833,139.845,38250
21.03.2017 20:00:00.000,139.845,139.845,139.845,139.845,10
22.03.2017 13:00:00.000,139.830,140.993,139.780,140.403,21979.9995
22.03.2017 14:00:00.000,140.440,140.790,139.960,140.780,40459.9991
22.03.2017 15:00:00.000,140.780,141.380,140.660,141.120,32869.9989
22.03.2017 16:00:00.000,141.120,141.222,140.804,140.980,27549.9992
22.03.2017 17:00:00.000,140.973,141.131,140.642,140.860,30709.9991
22.03.2017 18:00:00.000,140.871,141.210,140.840,141.170,28100.0004
22.03.2017 19:00:00.000,141.162,141.590,141.080,141.433,28850.0004
23.03.2017 13:00:00.000,141.345,141.460,140.620,140.760,19610.0006
23.03.2017 14:00:00.000,140.760,141.290,140.610,141.131,31069.9997
23.03.2017 15:00:00.000,141.130,141.383,141.031,141.310,28059.9995
23.03.2017 16:00:00.000,141.320,141.580,141.040,141.170,24860.0006
23.03.2017 17:00:00.000,141.180,141.190,140.693,140.833,33939.9986
23.03.2017 18:00:00.000,140.830,141.325,140.802,141.132,26010.0002
23.03.2017 19:00:00.000,141.130,141.134,140.624,140.920,37799.9992
24.03.2017 13:00:00.000,141.423,141.730,141.205,141.530,16510.0002
24.03.2017 14:00:00.000,141.530,141.620,141.255,141.501,26215.6887
24.03.2017 15:00:00.000,141.509,141.640,141.350,141.424,20647.4648
24.03.2017 16:00:00.000,141.410,141.449,140.953,141.280,26946.2681
24.03.2017 17:00:00.000,141.289,141.322,140.754,140.770,23117.3058
24.03.2017 18:00:00.000,140.780,141.010,140.623,140.660,24591.1846
24.03.2017 19:00:00.000,140.665,141.152,140.364,140.673,39875.9766
24.03.2017 20:00:00.000,140.665,140.665,140.625,140.637,18.38
27.03.2017 13:00:00.000,139.340,139.990,138.620,139.882,21959.9991
27.03.2017 14:00:00.000,139.880,140.490,139.704,140.334,33540.0009
27.03.2017 15:00:00.000,140.340,140.660,140.150,140.571,27100.0004
27.03.2017 16:00:00.000,140.560,141.038,140.476,140.968,23500
27.03.2017 17:00:00.000,140.961,141.208,140.876,140.979,21440.0005
27.03.2017 18:00:00.000,140.972,141.056,140.698,141.038,22569.9997
27.03.2017 19:00:00.000,141.028,141.139,140.796,140.878,26579.9999
28.03.2017 13:00:00.000,140.879,141.358,140.608,141.061,19190.0005
28.03.2017 14:00:00.000,141.041,141.848,141.029,141.826,32459.9991
28.03.2017 15:00:00.000,141.821,142.740,141.786,142.579,30899.9996
28.03.2017 16:00:00.000,142.570,143.040,142.553,142.841,29610.0006
28.03.2017 17:00:00.000,142.841,143.576,142.841,143.533,26450.0008
28.03.2017 18:00:00.000,143.536,144.019,143.536,143.956,30709.9991
28.03.2017 19:00:00.000,143.966,144.028,143.716,143.812,28579.9999
28.03.2017 20:00:00.000,143.800,143.800,143.800,143.800,10
29.03.2017 13:00:00.000,143.670,144.190,143.187,143.800,20819.9997
29.03.2017 14:00:00.000,143.796,143.838,143.306,143.656,30100.0004
29.03.2017 15:00:00.000,143.642,143.697,143.267,143.542,29260.0002
29.03.2017 16:00:00.000,143.546,143.798,143.506,143.529,24469.9993
29.03.2017 17:00:00.000,143.526,144.290,143.511,144.208,26790.0009
29.03.2017 18:00:00.000,144.201,144.420,144.016,144.342,24159.9998
29.03.2017 19:00:00.000,144.329,144.470,143.999,144.121,27020.0005
30.03.2017 13:00:00.000,144.156,144.490,143.888,144.077,18459.9991
30.03.2017 14:00:00.000,144.076,144.390,144.010,144.161,29600.0004
30.03.2017 15:00:00.000,144.162,144.230,143.748,143.760,25850.0004
30.03.2017 16:00:00.000,143.750,143.870,143.496,143.719,25680.0003
30.03.2017 17:00:00.000,143.730,144.130,143.666,143.996,23719.9993
30.03.2017 18:00:00.000,144.010,144.022,143.661,143.781,19489.9998
30.03.2017 19:00:00.000,143.780,143.986,143.718,143.917,21639.9994
31.03.2017 13:00:00.000,143.652,143.888,143.081,143.777,15869.9999
31.03.2017 14:00:00.000,143.786,144.256,143.760,143.976,27299.9992
31.03.2017 15:00:00.000,143.969,144.159,143.799,143.838,24440.0005
31.03.2017 16:00:00.000,143.834,144.060,143.799,144.059,18520.0005
31.03.2017 17:00:00.000,144.062,144.113,143.726,143.726,19600.0004
31.03.2017 18:00:00.000,143.721,143.790,143.503,143.652,24680.0003
31.03.2017 19:00:00.000,143.649,144.042,143.649,143.712,24360.0006
03.04.2017 13:00:00.000,143.687,144.106,143.538,143.840,18860.0006
03.04.2017 14:00:00.000,143.848,144.050,143.518,143.690,33230.6786
03.04.2017 15:00:00.000,143.687,143.739,143.236,143.369,32065.2046
03.04.2017 16:00:00.000,143.368,143.629,143.052,143.578,26979.1641
03.04.2017 17:00:00.000,143.579,143.699,143.398,143.518,24874.4259
03.04.2017 18:00:00.000,143.506,143.749,143.350,143.686,24075.8381
03.04.2017 19:00:00.000,143.689,143.889,143.646,143.707,28529.0337
03.04.2017 20:00:00.000,143.704,143.704,143.669,143.669,18.6
04.04.2017 13:00:00.000,143.226,143.939,143.188,143.677,17699.7223
04.04.2017 14:00:00.000,143.683,144.219,143.410,144.039,30618.4521
04.04.2017 15:00:00.000,144.038,144.477,143.999,144.258,25661.1328
04.04.2017 16:00:00.000,144.265,144.418,144.039,144.138,23053.997
04.04.2017 17:00:00.000,144.138,144.390,144.026,144.368,19803.3772
04.04.2017 18:00:00.000,144.368,144.879,144.358,144.598,23231.9698
04.04.2017 19:00:00.000,144.599,144.853,144.511,144.743,26932.066
04.04.2017 20:00:00.000,144.735,144.735,144.725,144.725,11.69
05.04.2017 13:00:00.000,144.626,145.179,144.338,144.758,19081.2531
05.04.2017 14:00:00.000,144.758,145.380,144.538,145.258,31098.2819
05.04.2017 15:00:00.000,145.254,145.379,144.817,145.190,27074.8596
05.04.2017 16:00:00.000,145.195,145.438,145.126,145.338,20840.9233
05.04.2017 17:00:00.000,145.344,145.458,145.187,145.420,19704.3858
05.04.2017 18:00:00.000,145.425,145.425,144.806,144.836,33199.295
05.04.2017 19:00:00.000,144.836,144.930,143.810,144.025,44853.0998
05.04.2017 20:00:00.000,144.020,144.020,143.995,143.995,7.9
06.04.2017 13:00:00.000,144.255,144.507,143.827,144.297,20635.4847
06.04.2017 14:00:00.000,144.305,144.380,143.476,144.099,35803.8826
06.04.2017 15:00:00.000,144.107,144.364,143.826,144.071,27288.8508
06.04.2017 16:00:00.000,144.071,144.137,143.810,143.896,22689.2796
06.04.2017 17:00:00.000,143.896,144.409,143.867,144.079,22639.9822
06.04.2017 18:00:00.000,144.081,144.160,143.519,143.549,25669.3287
06.04.2017 19:00:00.000,143.551,143.861,143.456,143.657,33869.7205
06.04.2017 20:00:00.000,143.665,143.665,143.635,143.635,29.96
07.04.2017 13:00:00.000,143.637,144.160,143.386,143.436,18278.4996
07.04.2017 14:00:00.000,143.439,144.089,143.268,143.830,30918.0088
07.04.2017 15:00:00.000,143.836,143.869,143.556,143.609,28813.4613
07.04.2017 16:00:00.000,143.608,144.009,143.599,143.976,20797.8134
07.04.2017 17:00:00.000,143.977,144.010,143.719,143.891,23516.4814
07.04.2017 18:00:00.000,143.891,143.962,143.637,143.661,21937.7995
07.04.2017 19:00:00.000,143.659,143.740,143.308,143.340,28377.0447
07.04.2017 20:00:00.000,143.338,143.338,143.338,143.338,12.4
10.04.2017 13:00:00.000,143.699,143.856,143.450,143.638,15076.17
10.04.2017 14:00:00.000,143.650,143.671,143.387,143.469,25759.6455
10.04.2017 15:00:00.000,143.468,143.590,143.146,143.249,25901.598
10.04.2017 16:00:00.000,143.248,143.630,143.050,143.608,25862.9627
10.04.2017 17:00:00.000,143.607,143.746,143.376,143.447,20932.642
10.04.2017 18:00:00.000,143.448,143.449,143.119,143.308,23876.8425
10.04.2017 19:00:00.000,143.309,143.448,142.902,143.156,28054.5177
10.04.2017 20:00:00.000,143.158,143.158,143.158,143.158,0.3
11.04.2017 13:00:00.000,142.895,143.309,141.667,142.017,20191.4883
11.04.2017 14:00:00.000,142.008,142.089,140.056,141.080,42440.2161
11.04.2017 15:00:00.000,141.077,141.290,140.629,140.818,38520.4659
11.04.2017 16:00:00.000,140.829,141.918,140.727,141.781,30424.7723
11.04.2017 17:00:00.000,141.779,142.140,141.556,141.709,27665.1573
11.04.2017 18:00:00.000,141.710,141.956,141.500,141.859,28257.2803
11.04.2017 19:00:00.000,141.857,141.880,141.003,141.593,33816.8068
11.04.2017 20:00:00.000,141.615,141.615,141.605,141.608,15.275
12.04.2017 13:00:00.000,141.546,142.131,141.359,141.780,15372.9296
12.04.2017 14:00:00.000,141.785,141.906,141.299,141.409,35545.8298
12.04.2017 15:00:00.000,141.426,141.609,141.068,141.339,28201.664
12.04.2017 16:00:00.000,141.336,141.479,141.046,141.132,23509.964
12.04.2017 17:00:00.000,141.126,141.676,141.006,141.660,24360.8074
12.04.2017 18:00:00.000,141.660,141.788,141.215,141.538,25659.8454
12.04.2017 19:00:00.000,141.538,141.792,141.326,141.778,35641.9563
12.04.2017 20:00:00.000,141.778,141.778,141.775,141.775,17.5
13.04.2017 13:00:00.000,141.857,142.121,141.550,141.979,20440.5594
13.04.2017 14:00:00.000,141.978,142.322,141.978,142.264,31078.7487
13.04.2017 15:00:00.000,142.258,142.370,142.113,142.177,24881.0596
13.04.2017 16:00:00.000,142.177,142.179,141.850,141.918,27060.9932
13.04.2017 17:00:00.000,141.930,141.970,141.587,141.699,26065.6834
13.04.2017 18:00:00.000,141.699,142.022,141.697,141.986,26225.6069
13.04.2017 19:00:00.000,141.987,142.020,141.080,141.080,33218.5478
13.04.2017 20:00:00.000,141.080,141.080,141.046,141.046,18.6
17.04.2017 13:00:00.000,141.177,141.688,141.100,141.217,15565.7129
17.04.2017 14:00:00.000,141.226,141.538,140.862,141.109,27854.3072
17.04.2017 15:00:00.000,141.115,141.348,140.936,141.098,22725.2083
17.04.2017 16:00:00.000,141.097,141.400,141.086,141.371,18809.0515
17.04.2017 17:00:00.000,141.371,141.520,141.307,141.411,18863.409
17.04.2017 18:00:00.000,141.411,141.541,141.320,141.371,20250.7629
17.04.2017 19:00:00.000,141.371,141.851,141.306,141.809,29541.2922
17.04.2017 20:00:00.000,141.797,141.797,141.735,141.738,3.39
18.04.2017 13:00:00.000,141.408,141.959,141.207,141.937,18001.9932
18.04.2017 14:00:00.000,141.929,142.029,141.528,141.659,29502.6989
18.04.2017 15:00:00.000,141.666,141.848,141.307,141.330,29514.3318
18.04.2017 16:00:00.000,141.320,141.451,141.107,141.346,25441.4883
18.04.2017 17:00:00.000,141.348,141.538,141.246,141.379,24072.5975
18.04.2017 18:00:00.000,141.378,141.559,141.256,141.337,25803.3657
18.04.2017 19:00:00.000,141.349,141.439,141.118,141.133,30597.4007
18.04.2017 20:00:00.000,141.147,141.148,141.133,141.148,18.55
19.04.2017 13:00:00.000,141.809,141.984,141.516,141.789,16690.6128
19.04.2017 14:00:00.000,141.786,141.890,141.518,141.639,26077.5661
19.04.2017 15:00:00.000,141.646,141.920,141.627,141.787,20892.9386
19.04.2017 16:00:00.000,141.786,141.800,141.308,141.460,20373.1003
19.04.2017 17:00:00.000,141.460,141.482,141.008,141.009,22422.7791
19.04.2017 18:00:00.000,141.016,141.087,140.657,140.718,27038.6944
19.04.2017 19:00:00.000,140.709,140.827,140.446,140.676,31580.2917
19.04.2017 20:00:00.000,140.647,140.656,140.647,140.656,28.3
20.04.2017 13:00:00.000,141.217,141.789,141.155,141.618,17259.0122
20.04.2017 14:00:00.000,141.618,141.888,141.547,141.800,27954.9885
20.04.2017 15:00:00.000,141.807,142.296,141.717,142.296,24696.579
20.04.2017 16:00:00.000,142.298,142.918,142.276,142.768,24544.384
20.04.2017 17:00:00.000,142.768,142.899,142.466,142.827,23632.0496
20.04.2017 18:00:00.000,142.831,142.909,142.618,142.779,23700.2316
20.04.2017 19:00:00.000,142.776,142.871,142.389,142.438,27796.7892
20.04.2017 20:00:00.000,142.439,142.439,142.419,142.419,18.61
21.04.2017 13:00:00.000,142.498,142.669,142.108,142.148,17568.0466
21.04.2017 14:00:00.000,142.149,142.501,142.149,142.348,25440.9389
21.04.2017 15:00:00.000,142.348,142.580,142.116,142.433,21657.6118
21.04.2017 16:00:00.000,142.432,142.447,142.198,142.363,20824.0662
21.04.2017 17:00:00.000,142.358,142.420,142.016,142.111,24401.1669
21.04.2017 18:00:00.000,142.118,142.139,141.908,142.018,22267.5438
21.04.2017 19:00:00.000,142.019,142.319,141.848,142.258,28978.1456
21.04.2017 20:00:00.000,142.236,142.248,142.236,142.248,4.57
24.04.2017 13:00:00.000,143.509,143.938,143.178,143.843,16855.5851
24.04.2017 14:00:00.000,143.845,143.928,143.500,143.578,28343.4734
24.04.2017 15:00:00.000,143.579,143.687,143.428,143.597,23467.2146
24.04.2017 16:00:00.000,143.598,143.819,143.598,143.768,19232.5726
24.04.2017 17:00:00.000,143.777,143.830,143.707,143.819,18664.9551
24.04.2017 18:00:00.000,143.816,143.866,143.658,143.790,20593.7748
24.04.2017 19:00:00.000,143.790,143.859,143.543,143.598,25016.6054
24.04.2017 20:00:00.000,143.607,143.619,143.588,143.588,2.2
25.04.2017 13:00:00.000,143.878,144.449,143.878,144.158,15658.6647
25.04.2017 14:00:00.000,144.155,144.449,144.098,144.388,27749.1932
25.04.2017 15:00:00.000,144.389,144.690,144.358,144.566,25759.8705
25.04.2017 16:00:00.000,144.568,144.680,144.429,144.438,23231.8325
25.04.2017 17:00:00.000,144.430,144.740,144.426,144.710,22479.3205
25.04.2017 18:00:00.000,144.710,144.810,144.621,144.630,22765.0185
25.04.2017 19:00:00.000,144.632,144.890,144.521,144.530,28485.6739
25.04.2017 20:00:00.000,144.526,144.526,144.516,144.516,17.49
26.04.2017 13:00:00.000,144.479,144.589,144.058,144.391,17422.472
26.04.2017 14:00:00.000,144.430,144.430,143.807,144.101,29561.3956
26.04.2017 15:00:00.000,144.093,144.290,143.848,144.029,31001.77
26.04.2017 16:00:00.000,144.033,144.271,143.927,144.118,27139.2136
26.04.2017 17:00:00.000,144.118,144.580,143.999,144.058,31338.5391
26.04.2017 18:00:00.000,144.058,144.329,143.911,143.911,31175.5791
26.04.2017 19:00:00.000,143.911,144.099,143.368,143.656,32006.1455
26.04.2017 20:00:00.000,143.673,143.673,143.648,143.648,53.6
27.04.2017 13:00:00.000,143.886,144.138,143.427,143.579,16877.9297
27.04.2017 14:00:00.000,143.579,143.740,143.301,143.367,30812.4943
27.04.2017 15:00:00.000,143.379,143.632,143.340,143.628,28948.8602
27.04.2017 16:00:00.000,143.629,143.883,143.552,143.876,24935.7853
27.04.2017 17:00:00.000,143.883,143.890,143.716,143.808,22598.6958
27.04.2017 18:00:00.000,143.809,143.811,143.603,143.760,21995.9869
27.04.2017 19:00:00.000,143.760,143.879,143.506,143.762,30044.981
27.04.2017 20:00:00.000,143.763,143.788,143.725,143.768,19.65
28.04.2017 13:00:00.000,143.956,144.002,143.258,143.329,18354.1851
28.04.2017 14:00:00.000,143.329,143.830,143.328,143.817,30800.6649
28.04.2017 15:00:00.000,143.809,143.970,143.606,143.937,27244.0739
28.04.2017 16:00:00.000,143.936,144.289,143.936,144.259,22794.3192
28.04.2017 17:00:00.000,144.259,144.270,143.846,143.888,23958.4827
28.04.2017 18:00:00.000,143.889,143.900,143.558,143.610,26685.7548
28.04.2017 19:00:00.000,143.610,143.760,143.447,143.651,28710.8574
28.04.2017 20:00:00.000,143.645,143.647,143.607,143.607,15.4
01.05.2017 13:00:00.000,144.985,145.860,144.908,145.790,17692.6537
01.05.2017 14:00:00.000,145.790,146.119,145.566,146.066,32308.1055
01.05.2017 15:00:00.000,146.068,146.289,145.946,146.239,28169.3554
01.05.2017 16:00:00.000,146.247,146.670,146.038,146.557,27558.3057
01.05.2017 17:00:00.000,146.559,146.949,146.429,146.946,24726.1772
01.05.2017 18:00:00.000,146.949,146.982,146.554,146.709,26135.1986
01.05.2017 19:00:00.000,146.709,147.182,146.526,146.584,30937.8262
01.05.2017 20:00:00.000,146.557,146.579,146.515,146.575,2.094
02.05.2017 13:00:00.000,147.526,147.690,146.978,147.368,18464.8018
02.05.2017 14:00:00.000,147.368,147.769,147.048,147.652,27941.0534
02.05.2017 15:00:00.000,147.649,148.080,147.569,147.679,26617.4545
02.05.2017 16:00:00.000,147.686,147.849,147.369,147.408,24401.207
02.05.2017 17:00:00.000,147.415,147.472,146.835,146.947,24643.4631
02.05.2017 18:00:00.000,146.947,147.382,146.947,147.256,24500.6733
02.05.2017 19:00:00.000,147.259,147.630,147.249,147.466,27329.4296
02.05.2017 20:00:00.000,147.467,147.468,147.408,147.408,30.22
03.05.2017 13:00:00.000,145.506,145.506,144.268,145.148,21402.2903
03.05.2017 14:00:00.000,145.145,146.489,144.776,145.928,38615.0551
03.05.2017 15:00:00.000,145.929,146.331,145.758,146.110,32943.4357
03.05.2017 16:00:00.000,146.108,147.489,146.096,147.040,32067.8673
03.05.2017 17:00:00.000,147.037,147.186,146.748,146.977,27883.8139
03.05.2017 18:00:00.000,146.980,147.449,146.818,147.349,31934.6428
03.05.2017 19:00:00.000,147.349,147.409,146.502,146.986,33518.6195
03.05.2017 20:00:00.000,147.006,147.015,146.936,146.936,0.49
04.05.2017 13:00:00.000,146.517,147.117,145.826,146.142,19491.7774
04.05.2017 14:00:00.000,146.145,146.429,146.038,146.257,32144.3253
04.05.2017 15:00:00.000,146.265,146.485,146.126,146.190,26375.515
04.05.2017 16:00:00.000,146.196,146.560,145.809,146.515,29174.7227
04.05.2017 17:00:00.000,146.518,146.539,146.247,146.431,24193.4929
04.05.2017 18:00:00.000,146.431,146.583,146.226,146.359,27652.422
04.05.2017 19:00:00.000,146.356,146.663,146.309,146.528,26035.2287
04.05.2017 20:00:00.000,146.526,146.526,146.495,146.496,8.7
05.05.2017 13:00:00.000,146.756,147.810,146.748,147.640,15706.6336
05.05.2017 14:00:00.000,147.640,147.988,147.519,147.791,28129.8771
05.05.2017 15:00:00.000,147.792,148.670,147.766,148.650,27288.1794
05.05.2017 16:00:00.000,148.658,148.900,148.348,148.517,23540.8363
05.05.2017 17:00:00.000,148.520,148.690,148.476,148.646,19492.1188
05.05.2017 18:00:00.000,148.650,148.790,148.586,148.619,21619.9131
05.05.2017 19:00:00.000,148.618,148.968,148.501,148.946,27303.9474
05.05.2017 20:00:00.000,148.949,148.949,148.949,148.949,1.05
08.05.2017 13:00:00.000,149.028,150.839,149.017,150.458,20482.2063
08.05.2017 14:00:00.000,150.440,151.256,150.248,151.169,33281.395
08.05.2017 15:00:00.000,151.149,152.069,151.119,152.048,30186.4433
08.05.2017 16:00:00.000,152.048,153.242,151.970,152.708,33486.7973
08.05.2017 17:00:00.000,152.702,153.689,152.449,153.497,28283.6246
08.05.2017 18:00:00.000,153.498,153.538,153.008,153.398,26785.2993
08.05.2017 19:00:00.000,153.396,153.570,152.837,153.014,28431.3145
08.05.2017 20:00:00.000,153.006,153.006,152.996,152.998,10.59
09.05.2017 13:00:00.000,153.776,154.659,153.506,154.051,22352.3273
09.05.2017 14:00:00.000,154.065,154.868,154.048,154.568,34034.6603
09.05.2017 15:00:00.000,154.568,154.589,153.709,153.931,27678.2951
09.05.2017 16:00:00.000,153.931,154.520,153.928,154.338,27104.0173
09.05.2017 17:00:00.000,154.341,154.438,153.736,153.872,24525.6405
09.05.2017 18:00:00.000,153.870,153.939,153.457,153.718,25047.5216
09.05.2017 19:00:00.000,153.719,154.093,153.617,153.959,31262.5275
09.05.2017 20:00:00.000,153.956,153.967,153.956,153.957,8.69
10.05.2017 13:00:00.000,153.596,153.929,152.902,153.022,17065.9733
10.05.2017 14:00:00.000,153.006,153.138,152.110,152.868,32091.8884
10.05.2017 15:00:00.000,152.868,153.429,152.847,153.019,26122.5262
10.05.2017 16:00:00.000,153.016,153.413,152.916,153.370,21002.7027
10.05.2017 17:00:00.000,153.367,153.469,153.166,153.408,21853.4756
10.05.2017 18:00:00.000,153.408,153.631,153.276,153.342,22025.1675
10.05.2017 19:00:00.000,153.338,153.430,152.838,153.236,28970.7127
10.05.2017 20:00:00.000,153.239,153.239,153.226,153.226,11.21
11.05.2017 13:00:00.000,152.648,153.538,152.350,152.525,17574.3256
11.05.2017 14:00:00.000,152.538,152.929,152.301,152.459,31150.3868
11.05.2017 15:00:00.000,152.460,152.879,152.360,152.597,23911.9701
11.05.2017 16:00:00.000,152.597,153.049,152.556,152.670,20854.0421
11.05.2017 17:00:00.000,152.671,153.330,152.639,153.299,20078.8956
11.05.2017 18:00:00.000,153.299,153.698,153.119,153.388,22944.6945
11.05.2017 19:00:00.000,153.398,154.059,153.379,153.948,27407.4402
11.05.2017 20:00:00.000,153.948,153.948,153.927,153.937,11.48
12.05.2017 13:00:00.000,154.598,155.918,154.598,155.593,19594.1315
12.05.2017 14:00:00.000,155.594,156.410,155.429,155.768,33632.7629
12.05.2017 15:00:00.000,155.769,156.389,155.706,156.118,26726.6941
12.05.2017 16:00:00.000,156.118,156.229,155.848,155.900,22131.443
12.05.2017 17:00:00.000,155.901,156.030,155.669,155.976,21223.2418
12.05.2017 18:00:00.000,155.978,156.184,155.916,155.992,20831.1539
12.05.2017 19:00:00.000,155.992,156.110,155.530,156.107,26966.4688
12.05.2017 20:00:00.000,156.103,156.103,156.095,156.095,24.68
15.05.2017 13:00:00.000,156.008,156.638,155.420,155.681,17475.2274
15.05.2017 14:00:00.000,155.681,155.940,155.042,155.909,28107.0328
15.05.2017 15:00:00.000,155.909,155.969,155.148,155.258,24067.1959
15.05.2017 16:00:00.000,155.247,155.399,155.073,155.178,20914.9284
15.05.2017 17:00:00.000,155.181,155.516,155.110,155.421,19652.2942
15.05.2017 18:00:00.000,155.419,155.429,155.197,155.356,20005.6629
15.05.2017 19:00:00.000,155.358,155.678,155.326,155.617,26084.4021
15.05.2017 20:00:00.000,155.651,155.651,155.651,155.651,10
16.05.2017 13:00:00.000,155.976,156.030,155.196,155.447,16785.2745
16.05.2017 14:00:00.000,155.456,155.689,154.717,154.938,27848.9361
16.05.2017 15:00:00.000,154.946,155.447,154.789,155.301,24433.6433
16.05.2017 16:00:00.000,155.308,155.440,155.219,155.289,19584.2228
16.05.2017 17:00:00.000,155.298,155.317,154.966,155.130,20695.2057
16.05.2017 18:00:00.000,155.130,155.358,155.086,155.339,18371.2864
16.05.2017 19:00:00.000,155.338,155.469,155.196,155.458,21639.7285
16.05.2017 20:00:00.000,155.455,155.455,155.446,155.446,16.84
17.05.2017 13:00:00.000,153.916,154.549,153.208,153.228,19815.5003
17.05.2017 14:00:00.000,153.210,153.229,150.135,150.898,38443.7981
17.05.2017 15:00:00.000,150.899,152.449,150.769,152.308,32981.0944
17.05.2017 16:00:00.000,152.307,152.379,151.526,151.915,24689.3845
17.05.2017 17:00:00.000,151.911,152.129,151.013,151.020,28123.4818
17.05.2017 18:00:00.000,151.015,151.340,149.910,150.429,35062.8929
17.05.2017 19:00:00.000,150.428,150.969,149.726,150.099,42962.0285
17.05.2017 20:00:00.000,150.136,150.189,150.085,150.179,25.56
18.05.2017 13:00:00.000,151.237,152.717,151.117,152.308,21632.946
18.05.2017 14:00:00.000,152.326,153.329,152.308,152.611,37503.8414
18.05.2017 15:00:00.000,152.588,152.858,151.707,151.739,29291.0385
18.05.2017 16:00:00.000,151.742,152.517,151.557,152.218,26141.8934
18.05.2017 17:00:00.000,152.219,152.704,151.899,152.406,26478.672
18.05.2017 18:00:00.000,152.407,153.212,152.407,152.609,29773.1457
18.05.2017 19:00:00.000,152.620,152.950,152.416,152.416,34855.9685
18.05.2017 20:00:00.000,152.438,152.500,152.438,152.447,11.1
19.05.2017 13:00:00.000,153.356,153.697,153.007,153.256,18386.1866
19.05.2017 14:00:00.000,153.258,153.820,153.026,153.808,27583.7955
19.05.2017 15:00:00.000,153.808,153.970,153.209,153.529,26514.41
19.05.2017 16:00:00.000,153.535,153.720,153.350,153.639,20884.2106
19.05.2017 17:00:00.000,153.638,153.690,153.496,153.557,19094.5778
19.05.2017 18:00:00.000,153.559,153.641,153.277,153.398,21084.4574
19.05.2017 19:00:00.000,153.398,153.429,152.627,152.942,35895.649
19.05.2017 20:00:00.000,153.036,153.036,152.896,152.907,2.3
22.05.2017 13:00:00.000,154.026,154.558,153.676,153.708,16549.3355
22.05.2017 14:00:00.000,153.699,153.817,152.907,153.178,28588.6383
22.05.2017 15:00:00.000,153.179,153.790,153.099,153.657,23537.5271
22.05.2017 16:00:00.000,153.657,154.003,153.596,153.950,18480.2341
22.05.2017 17:00:00.000,153.949,154.104,153.639,153.830,17884.6931
22.05.2017 18:00:00.000,153.838,153.899,153.578,153.849,19949.4057
22.05.2017 19:00:00.000,153.847,153.998,153.666,153.943,25817.955
22.05.2017 20:00:00.000,153.978,153.979,153.975,153.975,0.4
23.05.2017 13:00:00.000,154.819,154.868,153.776,153.853,17517.3702
23.05.2017 14:00:00.000,153.848,154.296,153.729,153.979,25234.7546
23.05.2017 15:00:00.000,153.980,154.169,153.848,153.919,22530.4165
23.05.2017 16:00:00.000,153.918,153.959,153.309,153.537,21359.1461
23.05.2017 17:00:00.000,153.536,153.762,153.368,153.510,20712.6942
23.05.2017 18:00:00.000,153.510,153.699,153.410,153.477,19978.4145
23.05.2017 19:00:00.000,153.478,153.783,153.447,153.783,25208.3721
23.05.2017 20:00:00.000,153.779,153.779,153.766,153.766,5.66
24.05.2017 13:00:00.000,153.805,154.148,153.609,153.627,13732.8157
24.05.2017 14:00:00.000,153.628,153.700,153.032,153.146,27330.8315
24.05.2017 15:00:00.000,153.150,153.252,152.678,152.874,22971.4603
24.05.2017 16:00:00.000,152.858,153.319,152.846,153.079,21328.249
24.05.2017 17:00:00.000,153.079,153.328,152.993,153.177,18090.0555
24.05.2017 18:00:00.000,153.176,153.490,153.068,153.118,24283.9489
24.05.2017 19:00:00.000,153.118,153.340,152.909,153.253,29289.0587
24.05.2017 20:00:00.000,153.219,153.297,153.188,153.227,46.59
25.05.2017 13:00:00.000,153.668,153.856,153.040,153.129,16293.3998
25.05.2017 14:00:00.000,153.128,153.797,153.030,153.712,26328.5007
25.05.2017 15:00:00.000,153.712,154.098,153.577,153.731,23813.3678
25.05.2017 16:00:00.000,153.732,154.310,153.676,154.309,20919.9085
25.05.2017 17:00:00.000,154.310,154.329,154.038,154.150,18907.0568
25.05.2017 18:00:00.000,154.150,154.197,154.046,154.152,21651.4874
25.05.2017 19:00:00.000,154.152,154.202,153.683,153.889,28537.4565
25.05.2017 20:00:00.000,153.888,153.888,153.855,153.869,3.2
26.05.2017 13:00:00.000,153.808,154.209,153.478,153.902,16045.7821
26.05.2017 14:00:00.000,153.888,154.031,153.586,153.649,25426.8436
26.05.2017 15:00:00.000,153.649,153.710,153.458,153.458,23821.7945
26.05.2017 16:00:00.000,153.458,153.804,153.458,153.590,20089.1075
26.05.2017 17:00:00.000,153.588,153.778,153.506,153.756,19206.9683
26.05.2017 18:00:00.000,153.749,153.915,153.628,153.756,21632.1449
26.05.2017 19:00:00.000,153.759,153.858,153.308,153.589,27306.509
26.05.2017 20:00:00.000,153.586,153.586,153.558,153.558,19.6
30.05.2017 13:00:00.000,153.346,154.059,153.329,153.850,15639.9899
30.05.2017 14:00:00.000,153.850,153.909,153.339,153.689,27081.9817
30.05.2017 15:00:00.000,153.690,153.911,153.678,153.881,22126.009
30.05.2017 16:00:00.000,153.888,154.390,153.878,154.359,19753.0155
30.05.2017 17:00:00.000,154.359,154.420,153.967,154.099,19263.1569
30.05.2017 18:00:00.000,154.098,154.139,153.859,153.908,17867.6529
30.05.2017 19:00:00.000,153.908,154.030,153.622,153.660,24873.6534
30.05.2017 20:00:00.000,153.655,153.689,153.615,153.616,14.92
31.05.2017 13:00:00.000,154.005,154.169,152.988,152.988,16695.4384
31.05.2017 14:00:00.000,152.969,153.044,152.376,152.926,32272.5563
31.05.2017 15:00:00.000,152.926,153.239,152.866,153.188,28516.4413
31.05.2017 16:00:00.000,153.189,153.384,152.919,152.939,23452.4307
31.05.2017 17:00:00.000,152.937,153.240,152.807,152.948,21645.2065
31.05.2017 18:00:00.000,152.948,152.989,152.457,152.689,25086.8759
31.05.2017 19:00:00.000,152.689,152.940,152.539,152.820,30381.2447
31.05.2017 20:00:00.000,152.746,152.746,152.746,152.746,6.58
01.06.2017 13:00:00.000,153.149,153.319,152.759,152.829,15968.1797
01.06.2017 14:00:00.000,152.848,152.976,152.208,152.588,30220.9396
01.06.2017 15:00:00.000,152.606,152.928,152.566,152.898,24686.7733
01.06.2017 16:00:00.000,152.898,153.089,152.758,152.950,21532.5985
01.06.2017 17:00:00.000,152.922,153.140,152.869,152.969,20818.2888
01.06.2017 18:00:00.000,152.969,153.030,152.687,152.750,22794.1093
01.06.2017 19:00:00.000,152.750,153.118,152.703,153.110,28918.8671
01.06.2017 20:00:00.000,153.068,153.068,153.045,153.049,7.15
02.06.2017 13:00:00.000,153.526,153.585,152.888,153.279,17067.6517
02.06.2017 14:00:00.000,153.280,153.706,153.227,153.668,27010.8471
02.06.2017 15:00:00.000,153.669,153.990,153.619,153.987,23808.0425
02.06.2017 16:00:00.000,153.988,154.669,153.988,154.618,22314.7717
02.06.2017 17:00:00.000,154.620,155.090,154.598,155.089,25033.9546
02.06.2017 18:00:00.000,155.086,155.419,155.066,155.179,23426.0483
02.06.2017 19:00:00.000,155.185,155.439,154.936,155.276,29320.6902
02.06.2017 20:00:00.000,155.366,155.366,155.288,155.288,0.4
05.06.2017 13:00:00.000,154.268,154.439,153.458,154.088,20050.9872
05.06.2017 14:00:00.000,154.098,154.371,153.648,153.789,30225.4028
05.06.2017 15:00:00.000,153.789,154.051,153.679,153.809,26433.3057
05.06.2017 16:00:00.000,153.813,153.940,153.712,153.828,23139.7648
05.06.2017 17:00:00.000,153.836,154.154,153.708,153.708,22598.3486
05.06.2017 18:00:00.000,153.718,153.950,153.658,153.760,17798.3608
05.06.2017 19:00:00.000,153.760,153.952,153.603,153.887,28139.4558
05.06.2017 20:00:00.000,153.907,153.908,153.878,153.885,44.09
06.06.2017 13:00:00.000,153.868,154.789,153.818,153.918,18797.7314
06.06.2017 14:00:00.000,153.926,154.731,153.789,154.619,28479.9023
06.06.2017 15:00:00.000,154.628,154.748,154.176,154.358,25790.8573
06.06.2017 16:00:00.000,154.358,154.789,154.279,154.690,20382.9517
06.06.2017 17:00:00.000,154.696,154.790,154.489,154.789,19705.0858
06.06.2017 18:00:00.000,154.785,155.730,154.729,155.659,25206.8424
06.06.2017 19:00:00.000,155.656,155.794,154.178,154.449,37402.771
06.06.2017 20:00:00.000,154.451,154.451,154.451,154.451,7.5
07.06.2017 13:00:00.000,154.959,155.789,154.918,155.669,18425.1232
07.06.2017 14:00:00.000,155.671,155.966,154.969,155.242,30017.3206
07.06.2017 15:00:00.000,155.237,155.618,155.237,155.447,24952.7092
07.06.2017 16:00:00.000,155.447,155.480,154.508,154.907,24781.0345
07.06.2017 17:00:00.000,154.909,155.316,154.868,155.208,24133.5258
07.06.2017 18:00:00.000,155.220,155.560,155.196,155.399,24690.6834
07.06.2017 19:00:00.000,155.400,155.531,155.120,155.361,28401.9871
07.06.2017 20:00:00.000,155.355,155.355,155.350,155.350,9.65
08.06.2017 13:00:00.000,155.248,155.489,154.449,154.741,17507.5054
08.06.2017 14:00:00.000,154.747,155.010,154.401,154.978,33137.1651
08.06.2017 15:00:00.000,154.982,155.170,154.876,155.089,26095.3693
08.06.2017 16:00:00.000,155.089,155.179,154.831,155.008,21927.702
08.06.2017 17:00:00.000,155.002,155.069,154.578,154.821,20760.0594
08.06.2017 18:00:00.000,154.821,154.882,154.537,154.619,24435.7738
08.06.2017 19:00:00.000,154.619,155.129,154.608,154.984,27936.655
08.06.2017 20:00:00.000,154.976,154.978,154.948,154.948,18.54
09.06.2017 13:00:00.000,155.169,155.169,154.402,154.840,17258.7986
09.06.2017 14:00:00.000,154.840,155.180,154.501,154.628,20386.2171
09.06.2017 15:00:00.000,154.635,154.809,153.576,153.838,27975.0576
09.06.2017 16:00:00.000,153.839,153.850,150.410,151.309,42928.7033
09.06.2017 17:00:00.000,151.309,151.548,148.460,149.688,42148.5863
09.06.2017 18:00:00.000,149.691,150.697,146.027,147.619,48716.8083
09.06.2017 19:00:00.000,147.619,149.180,147.488,148.676,56857.0023
09.06.2017 20:00:00.000,148.959,148.959,148.665,148.675,117.372
12.06.2017 13:00:00.000,145.595,145.595,142.618,143.470,33624.6719
12.06.2017 14:00:00.000,143.489,145.250,142.958,144.900,57139.3967
12.06.2017 15:00:00.000,144.899,146.068,144.687,145.041,45484.0622
12.06.2017 16:00:00.000,145.041,145.249,143.599,143.670,35908.1459
12.06.2017 17:00:00.000,143.665,144.230,143.359,143.486,31579.9122
12.06.2017 18:00:00.000,143.480,144.558,143.401,144.129,34050.3426
12.06.2017 19:00:00.000,144.127,145.411,143.960,145.386,39321.2128
12.06.2017 20:00:00.000,145.288,145.288,145.285,145.285,0.4
13.06.2017 13:00:00.000,147.107,147.430,146.307,146.719,23020.5441
13.06.2017 14:00:00.000,146.717,146.717,145.198,145.250,40164.2456
13.06.2017 15:00:00.000,145.250,146.129,145.146,146.099,36095.2148
13.06.2017 16:00:00.000,146.098,146.546,146.067,146.328,28946.7239
13.06.2017 17:00:00.000,146.328,146.395,145.776,146.148,28393.2285
13.06.2017 18:00:00.000,146.149,146.470,145.926,146.378,28167.0189
13.06.2017 19:00:00.000,146.377,146.881,146.257,146.575,33164.1655
13.06.2017 20:00:00.000,146.568,146.575,146.568,146.568,25.36
14.06.2017 13:00:00.000,147.467,147.480,146.108,146.609,19193.1057
14.06.2017 14:00:00.000,146.606,146.619,145.520,145.717,35755.9166
14.06.2017 15:00:00.000,145.725,146.170,145.377,146.099,30638.8397
14.06.2017 16:00:00.000,146.099,146.109,145.399,145.511,26767.4942
14.06.2017 17:00:00.000,145.515,145.861,145.488,145.589,26151.8059
14.06.2017 18:00:00.000,145.568,146.130,144.610,144.749,45458.5304
14.06.2017 19:00:00.000,144.752,145.305,143.840,145.146,35654.5601
14.06.2017 20:00:00.000,145.149,145.149,145.119,145.119,20.26
15.06.2017 13:00:00.000,143.098,144.169,142.869,143.848,22143.0149
15.06.2017 14:00:00.000,143.829,144.056,142.229,143.210,42317.9779
15.06.2017 15:00:00.000,143.205,143.579,142.920,143.100,33373.5275
15.06.2017 16:00:00.000,143.100,143.808,143.027,143.738,26688.3755
15.06.2017 17:00:00.000,143.728,144.008,143.407,143.680,27082.6836
15.06.2017 18:00:00.000,143.680,144.105,143.507,143.789,29499.7215
15.06.2017 19:00:00.000,143.788,144.468,143.729,144.299,36351.8295
15.06.2017 20:00:00.000,144.289,144.289,144.265,144.265,8.12
16.06.2017 13:00:00.000,143.709,144.490,143.349,144.348,20320.7359
16.06.2017 14:00:00.000,144.348,144.369,143.006,143.159,38184.639
16.06.2017 15:00:00.000,143.169,143.607,142.996,143.364,32162.7998
16.06.2017 16:00:00.000,143.358,143.480,143.001,143.006,28055.1205
16.06.2017 17:00:00.000,143.018,143.271,142.698,143.240,26774.5476
16.06.2017 18:00:00.000,143.238,143.489,142.938,142.938,26070.7359
16.06.2017 19:00:00.000,142.939,143.039,142.201,142.253,35139.782
16.06.2017 20:00:00.000,142.248,142.248,142.247,142.247,164.1
19.06.2017 13:00:00.000,143.897,145.108,143.700,144.898,20778.9402
19.06.2017 14:00:00.000,144.898,146.183,144.866,145.873,35403.5873
19.06.2017 15:00:00.000,145.873,146.060,145.608,145.809,26715.2958
19.06.2017 16:00:00.000,145.818,145.960,145.628,145.931,24925.8823
19.06.2017 17:00:00.000,145.931,146.738,145.906,146.539,25850.9541
19.06.2017 18:00:00.000,146.541,146.610,145.968,146.040,27208.9386
19.06.2017 19:00:00.000,146.027,146.520,145.926,146.273,30962.0152
19.06.2017 20:00:00.000,146.330,146.330,146.287,146.287,10.29
20.06.2017 13:00:00.000,146.828,146.837,145.357,145.413,21274.3797
20.06.2017 14:00:00.000,145.410,146.053,145.261,145.920,31482.4924
20.06.2017 15:00:00.000,145.929,145.933,145.005,145.425,29885.8662
20.06.2017 16:00:00.000,145.438,145.722,145.050,145.272,26648.0179
20.06.2017 17:00:00.000,145.273,145.569,145.130,145.533,22129.4804
20.06.2017 18:00:00.000,145.531,145.710,145.213,145.522,22787.7731
20.06.2017 19:00:00.000,145.530,145.940,144.946,145.000,30914.1655
20.06.2017 20:00:00.000,144.998,145.007,144.998,145.007,4.7
21.06.2017 13:00:00.000,145.480,145.680,144.610,144.740,17930.0003
21.06.2017 14:00:00.000,144.733,145.770,144.733,145.590,33430.0003
21.06.2017 15:00:00.000,145.583,145.740,145.101,145.711,30760.0002
21.06.2017 16:00:00.000,145.712,145.733,145.242,145.413,29340.0002
21.06.2017 17:00:00.000,145.413,145.700,145.251,145.464,29659.9998
21.06.2017 18:00:00.000,145.450,145.980,145.300,145.790,30100.0004
21.06.2017 19:00:00.000,145.794,146.060,145.703,145.870,31489.9998
22.06.2017 13:00:00.000,145.730,145.960,145.120,145.332,18340.0002
22.06.2017 14:00:00.000,145.343,145.790,145.112,145.510,34599.9985
22.06.2017 15:00:00.000,145.513,145.572,145.160,145.360,30389.9994
22.06.2017 16:00:00.000,145.353,146.433,145.240,146.341,28709.9991
22.06.2017 17:00:00.000,146.350,146.690,146.240,146.400,26850.0004
22.06.2017 18:00:00.000,146.412,146.511,146.240,146.310,25010.0002
22.06.2017 19:00:00.000,146.310,146.322,145.520,145.645,29389.9994
23.06.2017 13:00:00.000,145.132,145.890,145.103,145.803,18200.0008
23.06.2017 14:00:00.000,145.800,146.290,145.443,146.120,32939.9986
23.06.2017 15:00:00.000,146.120,146.900,146.090,146.862,29030.0007
23.06.2017 16:00:00.000,146.854,147.020,146.565,146.900,25219.9993
23.06.2017 17:00:00.000,146.890,147.150,146.640,147.010,25629.9992
23.06.2017 18:00:00.000,147.010,147.075,146.601,146.660,26280.0007
23.06.2017 19:00:00.000,146.661,146.730,146.194,146.285,32380.0011
26.06.2017 13:00:00.000,147.080,148.280,147.080,147.940,20319.9997
26.06.2017 14:00:00.000,147.970,147.991,146.160,146.491,41229.9995
26.06.2017 15:00:00.000,146.500,146.503,145.380,145.870,41180.0003
26.06.2017 16:00:00.000,145.870,146.490,145.620,146.330,31579.9999
26.06.2017 17:00:00.000,146.330,146.404,146.010,146.204,27670.0001
26.06.2017 18:00:00.000,146.190,146.251,145.733,145.940,29559.9995
26.06.2017 19:00:00.000,145.941,146.070,145.673,145.780,32340.0002
26.06.2017 20:00:00.000,145.800,145.800,145.800,145.800,10
27.06.2017 13:00:00.000,145.012,145.650,144.790,145.300,20120.0008
27.06.2017 14:00:00.000,145.282,146.140,145.241,145.822,36200.0008
27.06.2017 15:00:00.000,145.830,146.002,145.450,145.632,32830.0018
27.06.2017 16:00:00.000,145.610,145.913,144.950,145.073,31879.9992
27.06.2017 17:00:00.000,145.070,145.174,143.950,144.480,39290.0009
27.06.2017 18:00:00.000,144.482,144.680,144.150,144.570,38599.9985
27.06.2017 19:00:00.000,144.571,144.775,143.624,143.723,41560.0014
28.06.2017 13:00:00.000,143.920,144.390,143.410,143.564,18520.0005
28.06.2017 14:00:00.000,143.510,145.250,143.160,145.020,35349.9985
28.06.2017 15:00:00.000,145.000,145.330,144.760,145.090,33700.0008
28.06.2017 16:00:00.000,145.082,145.854,144.944,145.660,28860.0006
28.06.2017 17:00:00.000,145.673,146.030,145.460,145.470,26889.9994
28.06.2017 18:00:00.000,145.480,145.902,145.470,145.831,28299.9992
28.06.2017 19:00:00.000,145.832,146.100,145.630,145.830,28319.9997
28.06.2017 20:00:00.000,145.844,145.844,145.844,145.844,10
29.06.2017 13:00:00.000,144.700,145.100,144.204,144.371,21479.9995
29.06.2017 14:00:00.000,144.390,144.743,143.970,144.310,43080.0018
29.06.2017 15:00:00.000,144.311,144.500,142.994,143.190,46509.9983
29.06.2017 16:00:00.000,143.200,143.920,142.733,142.881,45479.9995
29.06.2017 17:00:00.000,142.884,143.190,142.280,142.451,48220.0012
29.06.2017 18:00:00.000,142.443,143.270,142.290,143.030,41819.9997
29.06.2017 19:00:00.000,143.011,144.051,142.990,143.680,44099.9985
30.06.2017 13:00:00.000,144.133,144.950,143.960,144.420,19760.0002
30.06.2017 14:00:00.000,144.421,144.540,143.780,144.340,40049.9992
30.06.2017 15:00:00.000,144.333,144.713,144.120,144.670,33490.0017
30.06.2017 16:00:00.000,144.670,144.710,144.110,144.204,27829.9999
30.06.2017 17:00:00.000,144.210,144.651,144.200,144.520,26149.9996
30.06.2017 18:00:00.000,144.521,144.722,144.320,144.701,26879.9992
30.06.2017 19:00:00.000,144.710,144.860,144.012,144.095,31780.0007
03.07.2017 13:00:00.000,144.960,145.303,144.780,144.780,18309.9995
03.07.2017 14:00:00.000,144.790,144.883,143.754,143.754,37880.0011
03.07.2017 15:00:00.000,143.763,144.063,143.103,144.061,37209.9991
03.07.2017 16:00:00.000,144.060,144.061,143.170,143.603,36490.0017
03.07.2017 17:00:00.000,143.581,143.581,143.581,143.581,10
05.07.2017 13:00:00.000,143.702,144.380,143.560,143.652,22290.0009
05.07.2017 14:00:00.000,143.641,143.810,142.720,143.492,38959.9991
05.07.2017 15:00:00.000,143.493,144.144,143.460,144.144,28590.0002
05.07.2017 16:00:00.000,144.124,144.780,144.090,144.580,29569.9997
05.07.2017 17:00:00.000,144.580,144.700,144.160,144.190,26840.0002
05.07.2017 18:00:00.000,144.181,144.600,143.900,144.192,31739.9998
05.07.2017 19:00:00.000,144.190,144.363,143.880,144.050,33040.0009
06.07.2017 13:00:00.000,143.050,143.460,142.633,142.762,22200.0008
06.07.2017 14:00:00.000,142.770,143.172,142.413,142.640,42639.9994
06.07.2017 15:00:00.000,142.652,143.450,142.520,142.983,35139.9994
06.07.2017 16:00:00.000,142.990,143.310,142.640,143.172,30920.0001
06.07.2017 17:00:00.000,143.171,143.220,142.794,142.860,30959.9991
06.07.2017 18:00:00.000,142.860,142.955,142.580,142.830,30069.9997
06.07.2017 19:00:00.000,142.823,142.934,142.522,142.715,32650.0015
07.07.2017 13:00:00.000,142.903,144.130,142.900,144.010,20270.0005
07.07.2017 14:00:00.000,143.993,144.120,143.502,143.821,34529.9988
07.07.2017 15:00:00.000,143.820,144.240,143.680,144.150,32259.9983
07.07.2017 16:00:00.000,144.144,144.260,143.930,144.240,28590.0002
07.07.2017 17:00:00.000,144.240,144.740,144.180,144.642,27090.0002
07.07.2017 18:00:00.000,144.650,144.660,144.183,144.500,26459.9991
07.07.2017 19:00:00.000,144.502,144.580,144.020,144.160,30450.0008
10.07.2017 13:00:00.000,144.160,144.500,143.360,143.480,19610.0006
10.07.2017 14:00:00.000,143.452,144.890,143.430,144.830,34200.0008
10.07.2017 15:00:00.000,144.820,144.980,144.672,144.840,26649.9996
10.07.2017 16:00:00.000,144.840,145.510,144.820,145.493,27530.0007
10.07.2017 17:00:00.000,145.500,145.870,145.470,145.860,27479.9995
10.07.2017 18:00:00.000,145.860,145.940,145.560,145.641,22829.9999
10.07.2017 19:00:00.000,145.644,145.700,145.040,145.070,27569.9997
11.07.2017 13:00:00.000,144.654,145.050,144.404,144.803,19260.0002
11.07.2017 14:00:00.000,144.820,145.724,144.640,145.330,32669.9982
11.07.2017 15:00:00.000,145.330,145.390,144.370,145.101,38200.0008
11.07.2017 16:00:00.000,145.113,145.210,144.732,145.101,28750
11.07.2017 17:00:00.000,145.113,145.720,144.991,145.640,25909.9998
11.07.2017 18:00:00.000,145.650,145.840,145.410,145.453,24170.0001
11.07.2017 19:00:00.000,145.452,145.770,145.440,145.570,27370.0008
11.07.2017 20:00:00.000,145.565,145.565,145.565,145.565,10
12.07.2017 13:00:00.000,145.950,146.152,144.970,145.270,20610.0006
12.07.2017 14:00:00.000,145.300,145.510,144.824,144.901,32909.9998
12.07.2017 15:00:00.000,144.903,145.573,144.903,145.180,30440.0005
12.07.2017 16:00:00.000,145.180,145.280,144.960,145.250,27389.9994
12.07.2017 17:00:00.000,145.274,145.601,145.005,145.584,24360.0006
12.07.2017 18:00:00.000,145.580,145.904,145.430,145.870,27139.9994
12.07.2017 19:00:00.000,145.870,146.050,145.690,145.785,31370.0008
12.07.2017 20:00:00.000,145.731,145.731,145.731,145.731,10
13.07.2017 13:00:00.000,145.540,147.110,145.512,147.030,19030.0007
13.07.2017 14:00:00.000,147.011,147.380,146.562,147.131,36840.0002
13.07.2017 15:00:00.000,147.130,147.560,146.780,147.523,30780.0007
13.07.2017 16:00:00.000,147.522,148.480,147.382,148.360,29110.0006
13.07.2017 17:00:00.000,148.360,148.443,147.713,147.961,31360.0006
13.07.2017 18:00:00.000,147.962,148.220,147.632,147.820,28690.0005
13.07.2017 19:00:00.000,147.820,148.080,147.580,147.815,29360.0006
13.07.2017 20:00:00.000,147.770,147.770,147.770,147.770,10
14.07.2017 13:00:00.000,147.984,148.090,147.342,147.460,18020.0005
14.07.2017 14:00:00.000,147.460,147.844,147.330,147.600,30329.9999
14.07.2017 15:00:00.000,147.603,147.790,147.422,147.780,25299.9992
14.07.2017 16:00:00.000,147.771,148.802,147.751,148.700,26379.9992
14.07.2017 17:00:00.000,148.692,149.080,148.500,149.002,27090.0002
14.07.2017 18:00:00.000,149.010,149.105,148.853,148.860,24459.9991
14.07.2017 19:00:00.000,148.870,149.320,148.860,149.044,26709.9991
14.07.2017 20:00:00.000,149.050,149.050,149.050,149.050,10
17.07.2017 13:00:00.000,148.881,150.680,148.570,150.610,20649.9996
17.07.2017 14:00:00.000,150.604,150.855,149.912,149.990,37490.0017
17.07.2017 15:00:00.000,149.992,150.141,149.540,149.603,29979.9995
17.07.2017 16:00:00.000,149.593,150.125,149.520,150.061,25610.0006
17.07.2017 17:00:00.000,150.063,150.121,149.590,149.690,22870.0008
17.07.2017 18:00:00.000,149.691,149.780,149.440,149.640,25430.0003
17.07.2017 19:00:00.000,149.640,149.900,149.514,149.560,25850.0004
18.07.2017 13:00:00.000,149.150,149.384,148.720,148.823,18739.9998
18.07.2017 14:00:00.000,148.834,149.335,148.670,149.230,34599.9985
18.07.2017 15:00:00.000,149.210,149.450,149.010,149.280,27290.0009
18.07.2017 16:00:00.000,149.281,149.730,149.100,149.660,26120.0008
18.07.2017 17:00:00.000,149.660,150.015,149.482,149.870,27270.0005
18.07.2017 18:00:00.000,149.870,149.890,149.480,149.621,26129.9992
18.07.2017 19:00:00.000,149.620,150.090,149.590,150.080,26780.0007
19.07.2017 13:00:00.000,150.531,150.940,149.942,150.640,18270.0005
19.07.2017 14:00:00.000,150.610,150.790,150.250,150.410,31590.0002
19.07.2017 15:00:00.000,150.420,150.751,150.420,150.723,26350.0004
19.07.2017 16:00:00.000,150.740,151.020,150.670,151.010,21649.9996
19.07.2017 17:00:00.000,151.013,151.410,150.870,151.040,26139.9994
19.07.2017 18:00:00.000,151.050,151.291,151.050,151.050,22459.9991
19.07.2017 19:00:00.000,151.060,151.094,150.730,150.904,26209.9991
20.07.2017 13:00:00.000,151.620,151.725,150.900,151.100,18299.9992
20.07.2017 14:00:00.000,151.110,151.131,150.180,150.524,36009.9983
20.07.2017 15:00:00.000,150.523,150.832,150.430,150.710,29850.0004
20.07.2017 16:00:00.000,150.691,151.051,150.681,150.770,23950.0008
20.07.2017 17:00:00.000,150.770,150.910,150.504,150.910,25840.0002
20.07.2017 18:00:00.000,150.900,150.903,150.430,150.560,23760.0002
20.07.2017 19:00:00.000,150.560,150.970,150.330,150.350,25770.0005
21.07.2017 13:00:00.000,149.870,150.230,148.880,149.541,20690.0005
21.07.2017 14:00:00.000,149.542,150.024,149.393,149.670,32590.0002
21.07.2017 15:00:00.000,149.675,149.980,149.353,149.960,26690.0005
21.07.2017 16:00:00.000,149.960,150.330,149.880,150.310,22420.0001
21.07.2017 17:00:00.000,150.304,150.430,149.990,150.090,21530.0007
21.07.2017 18:00:00.000,150.090,150.120,149.920,150.041,21819.9997
21.07.2017 19:00:00.000,150.040,150.320,149.930,150.293,27100.0004
24.07.2017 13:00:00.000,150.521,150.640,150.014,150.540,18100.0004
24.07.2017 14:00:00.000,150.540,151.320,150.500,151.120,33880.0011
24.07.2017 15:00:00.000,151.123,151.310,150.820,151.280,27959.9991
24.07.2017 16:00:00.000,151.281,151.920,151.270,151.862,25840.0002
24.07.2017 17:00:00.000,151.861,151.990,151.690,151.750,24760.0002
24.07.2017 18:00:00.000,151.750,151.840,151.530,151.820,26030.0007
24.07.2017 19:00:00.000,151.814,152.430,151.694,152.220,25510.0002
25.07.2017 13:00:00.000,152.345,153.683,152.290,153.590,20520.0005
25.07.2017 14:00:00.000,153.590,153.700,153.121,153.300,33619.9989
25.07.2017 15:00:00.000,153.320,153.830,153.232,153.670,29639.9994
25.07.2017 16:00:00.000,153.673,153.723,153.271,153.400,26799.9992
25.07.2017 17:00:00.000,153.380,153.515,153.140,153.211,24610.0006
25.07.2017 18:00:00.000,153.210,153.240,152.870,153.080,26159.9998
25.07.2017 19:00:00.000,153.071,153.163,152.654,152.770,30690.0005
25.07.2017 20:00:00.000,152.743,152.743,152.743,152.743,10
26.07.2017 13:00:00.000,153.405,153.920,153.054,153.430,18409.9998
26.07.2017 14:00:00.000,153.410,153.920,153.154,153.180,32459.9991
26.07.2017 15:00:00.000,153.180,153.637,153.180,153.451,26899.9996
26.07.2017 16:00:00.000,153.470,153.770,153.410,153.600,23610.0006
26.07.2017 17:00:00.000,153.610,153.623,153.360,153.400,22819.9997
26.07.2017 18:00:00.000,153.400,153.790,153.301,153.560,27829.9999
26.07.2017 19:00:00.000,153.553,153.702,153.220,153.523,27909.9998
27.07.2017 13:00:00.000,153.790,153.960,152.902,153.004,20120.0008
27.07.2017 14:00:00.000,152.990,153.880,152.970,153.530,33799.9992
27.07.2017 15:00:00.000,153.531,153.563,153.133,153.313,31469.9993
27.07.2017 16:00:00.000,153.310,153.380,150.360,150.800,37919.9982
27.07.2017 17:00:00.000,150.721,151.272,147.400,149.540,46029.9988
27.07.2017 18:00:00.000,149.540,150.060,149.082,150.015,40159.9998
27.07.2017 19:00:00.000,150.020,150.553,149.540,150.534,40459.9991
27.07.2017 20:00:00.000,150.480,150.544,150.480,150.544,20
28.07.2017 13:00:00.000,149.710,150.224,149.280,149.510,22569.9997
28.07.2017 14:00:00.000,149.530,150.182,149.510,149.630,39000
28.07.2017 15:00:00.000,149.630,149.850,149.464,149.720,34169.9982
28.07.2017 16:00:00.000,149.730,150.122,149.680,150.043,30850.0004
28.07.2017 17:00:00.000,150.035,150.093,149.750,149.860,27360.0006
28.07.2017 18:00:00.000,149.870,150.022,149.791,149.831,26799.9992
28.07.2017 19:00:00.000,149.830,149.890,149.190,149.460,27629.9992
28.07.2017 20:00:00.000,149.485,149.485,149.485,149.485,10
31.07.2017 13:00:00.000,149.900,150.310,149.213,149.372,18569.9997
31.07.2017 14:00:00.000,149.400,149.461,148.240,148.790,34849.9985
31.07.2017 15:00:00.000,148.790,149.083,148.540,148.803,30090.0002
31.07.2017 16:00:00.000,148.793,148.970,148.430,148.743,29159.9998
31.07.2017 17:00:00.000,148.740,148.821,148.230,148.400,29729.9995
31.07.2017 18:00:00.000,148.400,148.800,148.124,148.514,29059.9995
31.07.2017 19:00:00.000,148.513,148.990,148.513,148.760,28649.9996
01.08.2017 13:00:00.000,149.330,149.400,148.665,148.790,19000
01.08.2017 14:00:00.000,148.772,149.310,148.600,149.235,32790.0009
01.08.2017 15:00:00.000,149.226,149.234,148.400,148.960,29459.9991
01.08.2017 16:00:00.000,148.961,149.040,148.701,149.040,26309.9995
01.08.2017 17:00:00.000,149.040,149.165,148.910,149.024,26680.0003
01.08.2017 18:00:00.000,149.020,149.340,148.990,149.330,26270.0005
01.08.2017 19:00:00.000,149.330,150.193,148.963,150.050,32189.9986
02.08.2017 13:00:00.000,159.480,159.720,157.710,157.930,26950.0008
02.08.2017 14:00:00.000,157.892,158.410,156.160,156.990,42979.9995
02.08.2017 15:00:00.000,157.000,158.052,156.420,157.780,38279.9988
02.08.2017 16:00:00.000,157.790,157.940,156.934,157.102,32979.9995
02.08.2017 17:00:00.000,157.100,157.620,156.720,157.372,34319.9997
02.08.2017 18:00:00.000,157.371,157.991,157.203,157.900,33069.9997
02.08.2017 19:00:00.000,157.900,158.360,157.023,157.143,36389.9994
03.08.2017 13:00:00.000,157.030,157.200,155.850,156.240,19819.9997
03.08.2017 14:00:00.000,156.210,156.253,155.280,156.180,37669.9982
03.08.2017 15:00:00.000,156.181,156.805,155.860,155.950,32779.9988
03.08.2017 16:00:00.000,155.960,156.185,155.664,155.913,29440.0005
03.08.2017 17:00:00.000,155.914,155.914,155.291,155.800,29700.0008
03.08.2017 18:00:00.000,155.810,156.001,155.411,155.511,26879.9992
03.08.2017 19:00:00.000,155.512,155.934,155.030,155.520,34110.0006
04.08.2017 13:00:00.000,156.004,157.350,155.680,156.700,21760.0002
04.08.2017 14:00:00.000,156.712,157.250,156.050,156.435,39959.9991
04.08.2017 15:00:00.000,156.431,156.930,156.230,156.440,34990.0017
04.08.2017 16:00:00.000,156.450,156.540,155.804,156.101,31489.9998
04.08.2017 17:00:00.000,156.100,156.250,155.781,156.173,30500
04.08.2017 18:00:00.000,156.160,156.260,155.930,156.010,29350.0004
04.08.2017 19:00:00.000,156.012,156.373,155.960,156.342,28530.0007
07.08.2017 13:00:00.000,156.963,157.490,156.660,157.431,17969.9993
07.08.2017 14:00:00.000,157.443,157.720,157.251,157.530,34840.0002
07.08.2017 15:00:00.000,157.540,158.140,157.390,158.020,29440.0005
07.08.2017 16:00:00.000,158.020,158.184,157.670,157.933,26829.9999
07.08.2017 17:00:00.000,157.930,157.982,157.821,157.940,24829.9999
07.08.2017 18:00:00.000,157.940,158.440,157.870,158.290,22049.9992
07.08.2017 19:00:00.000,158.293,158.920,158.210,158.800,24780.0007
08.08.2017 13:00:00.000,158.600,159.541,158.260,159.430,21469.9993
08.08.2017 14:00:00.000,159.430,161.160,159.401,161.151,40270.0005
08.08.2017 15:00:00.000,161.143,161.810,161.034,161.440,37740.0017
08.08.2017 16:00:00.000,161.431,161.744,160.953,161.190,34580.0018
08.08.2017 17:00:00.000,161.190,161.310,160.653,161.170,32740.0017
08.08.2017 18:00:00.000,161.170,161.285,160.983,161.210,27969.9993
08.08.2017 19:00:00.000,161.220,161.230,159.510,160.105,41479.9995
09.08.2017 13:00:00.000,159.260,160.543,159.210,160.370,22659.9998
09.08.2017 14:00:00.000,160.410,161.040,159.963,160.633,41049.9992
09.08.2017 15:00:00.000,160.630,160.730,159.900,160.722,37619.9989
09.08.2017 16:00:00.000,160.733,160.780,160.170,160.310,31270.0005
09.08.2017 17:00:00.000,160.320,161.230,160.320,161.210,30520.0005
09.08.2017 18:00:00.000,161.210,161.260,160.411,160.640,34560.0014
09.08.2017 19:00:00.000,160.652,161.200,160.402,161.072,35090.0002
10.08.2017 13:00:00.000,159.773,159.953,158.810,158.970,24409.9998
10.08.2017 14:00:00.000,158.980,159.290,158.063,159.110,45259.9983
10.08.2017 15:00:00.000,159.111,159.111,157.290,157.482,41590.0002
10.08.2017 16:00:00.000,157.461,157.901,156.432,156.860,44520.0005
10.08.2017 17:00:00.000,156.860,157.460,156.590,156.800,38580.0018
10.08.2017 18:00:00.000,156.800,157.433,156.670,156.940,37630.0011
10.08.2017 19:00:00.000,156.943,157.100,154.620,155.310,48970.0012
10.08.2017 20:00:00.000,155.294,155.294,155.294,155.294,10
11.08.2017 13:00:00.000,156.540,157.950,156.050,157.800,24389.9994
11.08.2017 14:00:00.000,157.810,158.560,157.053,157.463,40150.0015
11.08.2017 15:00:00.000,157.450,157.861,157.113,157.625,36090.0002
11.08.2017 16:00:00.000,157.613,158.042,157.410,157.810,31120.0008
11.08.2017 17:00:00.000,157.802,158.021,157.511,157.913,30280.0007
11.08.2017 18:00:00.000,157.910,158.300,157.163,157.243,33029.9988
11.08.2017 19:00:00.000,157.260,157.590,156.870,157.480,40009.9983
14.08.2017 13:00:00.000,159.323,159.580,158.750,159.262,20559.9995
14.08.2017 14:00:00.000,159.260,159.700,159.200,159.493,36099.9985
14.08.2017 15:00:00.000,159.491,159.501,159.150,159.310,31049.9992
14.08.2017 16:00:00.000,159.310,159.411,159.050,159.341,28530.0007
14.08.2017 17:00:00.000,159.342,160.020,159.230,159.890,30860.0006
14.08.2017 18:00:00.000,159.890,160.140,159.460,159.603,30680.0003
14.08.2017 19:00:00.000,159.604,160.200,159.552,159.784,32650.0015
15.08.2017 13:00:00.000,160.590,161.160,160.140,160.741,20940.0005
15.08.2017 14:00:00.000,160.720,161.330,160.403,161.190,39900.0015
15.08.2017 15:00:00.000,161.190,161.640,160.950,161.273,32610.0006
15.08.2017 16:00:00.000,161.270,162.180,161.220,162.160,29450.0008
15.08.2017 17:00:00.000,162.153,162.190,161.464,161.623,32419.9982
15.08.2017 18:00:00.000,161.622,161.883,161.500,161.643,28270.0005
15.08.2017 19:00:00.000,161.630,162.010,161.543,161.604,29799.9992
15.08.2017 20:00:00.000,161.610,161.610,161.610,161.610,10
16.08.2017 13:00:00.000,161.900,162.120,160.940,161.451,21229.9995
16.08.2017 14:00:00.000,161.432,162.383,161.104,162.223,34580.0018
16.08.2017 15:00:00.000,162.230,162.322,161.770,162.012,32810.0014
16.08.2017 16:00:00.000,162.010,162.500,161.630,161.720,32369.9989
16.08.2017 17:00:00.000,161.722,161.782,160.680,160.852,36380.0011
16.08.2017 18:00:00.000,160.860,161.360,160.170,160.752,40470.0012
16.08.2017 19:00:00.000,160.750,161.073,160.580,160.930,35299.9992
17.08.2017 13:00:00.000,160.450,160.695,159.633,159.831,20899.9996
17.08.2017 14:00:00.000,159.830,159.840,158.403,159.060,48259.9983
17.08.2017 15:00:00.000,159.063,159.710,158.972,159.280,39779.9988
17.08.2017 16:00:00.000,159.280,159.505,158.541,158.700,40680.0003
17.08.2017 17:00:00.000,158.683,159.190,158.433,159.080,39110.0006
17.08.2017 18:00:00.000,159.080,159.173,158.490,158.750,38040.0009
17.08.2017 19:00:00.000,158.753,158.783,157.840,157.864,45970.0012
18.08.2017 13:00:00.000,157.815,158.630,156.724,156.870,22860.0006
18.08.2017 14:00:00.000,156.900,158.411,156.800,158.150,42189.9986
18.08.2017 15:00:00.000,158.152,159.480,157.632,159.200,43860.0006
18.08.2017 16:00:00.000,159.180,159.415,158.723,159.140,39779.9988
18.08.2017 17:00:00.000,159.140,159.250,158.161,158.182,38500
18.08.2017 18:00:00.000,158.180,158.560,158.010,158.082,33709.9991
18.08.2017 19:00:00.000,158.070,158.320,157.420,157.500,38939.9986
21.08.2017 13:00:00.000,157.410,157.860,156.860,156.883,22049.9992
21.08.2017 14:00:00.000,156.872,157.010,155.110,155.800,42590.0002
21.08.2017 15:00:00.000,155.820,157.252,155.430,156.910,38419.9982
21.08.2017 16:00:00.000,156.913,157.422,156.760,157.200,33279.9988
21.08.2017 17:00:00.000,157.190,157.265,156.540,156.583,31110.0006
21.08.2017 18:00:00.000,156.570,156.820,156.474,156.730,30829.9999
21.08.2017 19:00:00.000,156.723,157.403,156.111,157.160,34979.9995
22.08.2017 13:00:00.000,158.200,159.230,158.013,158.903,19180.0003
22.08.2017 14:00:00.000,158.920,159.633,158.880,159.461,36310.0014
22.08.2017 15:00:00.000,159.480,159.860,159.410,159.803,32720.0012
22.08.2017 16:00:00.000,159.801,159.990,159.520,159.710,27620.0008
22.08.2017 17:00:00.000,159.720,159.924,159.480,159.571,26909.9998
22.08.2017 18:00:00.000,159.563,159.990,159.510,159.813,28530.0007
22.08.2017 19:00:00.000,159.812,159.940,159.640,159.770,28709.9991
23.08.2017 13:00:00.000,159.000,160.230,158.870,160.160,21889.9994
23.08.2017 14:00:00.000,160.160,160.160,159.513,159.790,38360.0006
23.08.2017 15:00:00.000,159.793,160.402,159.632,160.320,35599.9985
23.08.2017 16:00:00.000,160.323,160.450,159.791,159.871,29629.9992
23.08.2017 17:00:00.000,159.860,159.912,159.390,159.604,29000
23.08.2017 18:00:00.000,159.613,160.181,159.593,160.120,29940.0005
23.08.2017 19:00:00.000,160.110,160.324,159.920,159.970,25680.0003
24.08.2017 13:00:00.000,160.450,160.680,159.160,159.410,21479.9995
24.08.2017 14:00:00.000,159.384,160.114,159.213,159.741,42720.0012
24.08.2017 15:00:00.000,159.743,159.832,158.550,159.050,43349.9985
24.08.2017 16:00:00.000,159.070,159.322,158.800,159.130,37040.0009
24.08.2017 17:00:00.000,159.142,159.580,159.030,159.420,34389.9994
24.08.2017 18:00:00.000,159.410,159.521,158.923,159.470,35790.0009
24.08.2017 19:00:00.000,159.450,159.630,159.095,159.270,38909.9998
25.08.2017 13:00:00.000,159.690,160.374,159.571,160.131,22139.9994
25.08.2017 14:00:00.000,160.130,160.560,159.740,159.780,39319.9997
25.08.2017 15:00:00.000,159.764,159.923,159.282,159.642,38619.9989
25.08.2017 16:00:00.000,159.650,159.883,159.251,159.810,31409.9998
25.08.2017 17:00:00.000,159.810,160.110,159.794,160.033,27149.9996
25.08.2017 18:00:00.000,160.020,160.333,159.940,160.040,24899.9996
25.08.2017 19:00:00.000,160.040,160.340,159.794,159.854,34729.9995
28.08.2017 13:00:00.000,160.154,160.813,159.940,160.610,20520.0005
28.08.2017 14:00:00.000,160.610,161.880,160.410,161.784,39209.9991
28.08.2017 15:00:00.000,161.780,161.990,161.253,161.650,34080.0018
28.08.2017 16:00:00.000,161.650,161.662,160.950,161.155,30489.9998
28.08.2017 17:00:00.000,161.142,161.600,161.000,161.521,26959.9991
28.08.2017 18:00:00.000,161.530,161.643,161.383,161.463,25569.9997
28.08.2017 19:00:00.000,161.460,161.572,161.162,161.484,27639.9994
29.08.2017 13:00:00.000,160.053,161.440,160.000,161.440,23159.9998
29.08.2017 14:00:00.000,161.433,162.450,160.980,162.194,41709.9991
29.08.2017 15:00:00.000,162.193,162.950,162.180,162.840,38419.9982
29.08.2017 16:00:00.000,162.832,162.860,162.204,162.280,30829.9999
29.08.2017 17:00:00.000,162.290,162.643,162.150,162.350,29750
29.08.2017 18:00:00.000,162.350,162.841,162.350,162.783,27870.0008
29.08.2017 19:00:00.000,162.780,163.110,162.623,162.901,27530.0007
30.08.2017 13:00:00.000,163.710,163.863,163.081,163.373,23440.0005
30.08.2017 14:00:00.000,163.380,163.531,162.683,163.313,38159.9998
30.08.2017 15:00:00.000,163.304,163.400,162.813,163.190,32659.9998
30.08.2017 16:00:00.000,163.190,163.230,162.600,162.792,29459.9991
30.08.2017 17:00:00.000,162.780,163.635,162.734,163.501,32799.9992
30.08.2017 18:00:00.000,163.490,163.504,163.151,163.351,31409.9998
30.08.2017 19:00:00.000,163.350,163.370,162.840,163.340,33740.0017
31.08.2017 13:00:00.000,163.635,164.070,163.550,163.950,20190.0005
31.08.2017 14:00:00.000,163.930,164.095,163.483,163.732,38490.0017
31.08.2017 15:00:00.000,163.740,163.980,163.581,163.920,32000
31.08.2017 16:00:00.000,163.920,164.513,163.910,164.050,31229.9995
31.08.2017 17:00:00.000,164.032,164.191,163.770,163.922,27139.9994
31.08.2017 18:00:00.000,163.930,164.180,163.695,164.103,25590.0002
31.08.2017 19:00:00.000,164.094,164.302,163.850,163.965,28549.9992
01.09.2017 13:00:00.000,164.733,164.930,163.950,163.960,22020.0005
01.09.2017 14:00:00.000,163.960,164.224,163.805,164.100,37419.9982
01.09.2017 15:00:00.000,164.093,164.373,163.930,164.184,32580.0018
01.09.2017 16:00:00.000,164.180,164.214,163.920,163.950,28370.0008
01.09.2017 17:00:00.000,163.960,164.060,163.621,163.810,27129.9992
01.09.2017 18:00:00.000,163.820,163.990,163.801,163.900,25559.9995
01.09.2017 19:00:00.000,163.920,164.120,163.880,163.995,27219.9993
05.09.2017 13:00:00.000,163.680,164.220,163.370,164.044,22340.0002
05.09.2017 14:00:00.000,164.052,164.153,163.550,163.633,40330.0018
05.09.2017 15:00:00.000,163.630,163.633,162.640,162.890,32509.9983
05.09.2017 16:00:00.000,162.900,162.900,160.595,161.160,41250
05.09.2017 17:00:00.000,161.161,161.970,160.552,161.923,38290.0009
05.09.2017 18:00:00.000,161.912,162.270,161.760,161.930,33540.0009
05.09.2017 19:00:00.000,161.920,162.260,161.594,162.075,36470.0012
06.09.2017 13:00:00.000,162.731,162.974,162.040,162.350,22200.0008
06.09.2017 14:00:00.000,162.370,162.570,160.860,161.320,43819.9997
06.09.2017 15:00:00.000,161.360,161.380,160.512,161.180,36509.9983
06.09.2017 16:00:00.000,161.173,161.970,160.974,161.840,20020.0005
06.09.2017 17:00:00.000,161.860,162.160,161.800,161.880,15399.9996
06.09.2017 18:00:00.000,161.880,162.170,161.620,161.860,15930.0003
06.09.2017 19:00:00.000,161.870,162.090,161.760,161.850,13930.0003
07.09.2017 13:00:00.000,162.070,162.190,161.370,161.470,14300.0002
07.09.2017 14:00:00.000,161.460,162.190,161.010,162.020,27280.0007
07.09.2017 15:00:00.000,162.010,162.140,161.650,161.840,20229.9995
07.09.2017 16:00:00.000,161.850,162.080,160.350,161.030,29860.0006
07.09.2017 17:00:00.000,161.010,161.500,160.940,161.250,17440.0005
07.09.2017 18:00:00.000,161.240,161.410,161.140,161.320,10119.9999
07.09.2017 19:00:00.000,161.330,161.440,161.010,161.240,14760.0002
08.09.2017 13:00:00.000,160.840,161.140,160.490,160.700,17399.9996
08.09.2017 14:00:00.000,160.710,160.740,159.610,159.890,27899.9996
08.09.2017 15:00:00.000,159.900,160.290,159.300,159.830,20649.9996
08.09.2017 16:00:00.000,159.790,160.160,159.520,159.680,16540.0009
08.09.2017 17:00:00.000,159.670,159.720,159.150,159.170,14949.9998
08.09.2017 18:00:00.000,159.190,159.250,158.770,158.950,15970.0003
08.09.2017 19:00:00.000,158.930,158.990,158.520,158.620,16459.9991
11.09.2017 13:00:00.000,160.570,161.480,159.894,161.390,29780.0007
11.09.2017 14:00:00.000,161.384,162.030,161.213,161.320,41959.9991
11.09.2017 15:00:00.000,161.320,161.610,160.861,161.570,32970.0012
11.09.2017 16:00:00.000,161.560,161.723,161.390,161.490,17450.0008
11.09.2017 17:00:00.000,161.500,161.610,161.220,161.450,9460
11.09.2017 18:00:00.000,161.440,161.480,160.700,161.160,12590.0002
11.09.2017 19:00:00.000,161.170,161.530,161.000,161.470,12609.9997
12.09.2017 13:00:00.000,162.700,162.730,160.371,160.720,26420.0001
12.09.2017 14:00:00.000,160.700,161.210,160.310,160.952,44409.9998
12.09.2017 15:00:00.000,160.950,161.650,160.853,161.020,37400.0015
12.09.2017 16:00:00.000,161.030,161.430,160.650,161.150,35470.0012
12.09.2017 17:00:00.000,161.160,163.930,161.140,162.820,57799.9992
12.09.2017 18:00:00.000,162.822,163.584,159.470,159.470,62369.9989
12.09.2017 19:00:00.000,159.510,160.990,158.770,160.800,52709.9991
13.09.2017 13:00:00.000,159.805,159.820,158.642,159.132,34369.9989
13.09.2017 14:00:00.000,159.120,159.373,157.900,158.350,50860.0006
13.09.2017 15:00:00.000,158.340,159.070,158.244,158.262,39200.0008
13.09.2017 16:00:00.000,158.260,159.414,158.243,158.803,37409.9998
13.09.2017 17:00:00.000,158.810,159.190,158.750,158.943,32130.0011
13.09.2017 18:00:00.000,158.952,159.220,158.795,158.850,27420.0001
13.09.2017 19:00:00.000,158.842,159.650,158.801,159.611,32389.9994
14.09.2017 13:00:00.000,159.080,159.392,158.492,159.180,24780.0007
14.09.2017 14:00:00.000,159.170,159.352,158.790,158.995,34614.5134
14.09.2017 15:00:00.000,159.000,159.324,158.880,158.990,17990.8352
14.09.2017 16:00:00.000,158.990,159.031,158.403,158.820,20476.9001
14.09.2017 17:00:00.000,158.820,158.900,158.670,158.730,16740.1791
14.09.2017 18:00:00.000,158.740,158.910,158.600,158.710,16550.2148
14.09.2017 19:00:00.000,158.710,158.750,158.090,158.241,18087.0056
15.09.2017 13:00:00.000,158.189,159.870,157.999,159.639,16928.793
15.09.2017 14:00:00.000,159.630,160.958,159.559,160.789,19231.6151
15.09.2017 15:00:00.000,160.789,160.838,160.208,160.569,23374.8398
15.09.2017 16:00:00.000,160.568,160.658,159.917,160.068,18457.1533
15.09.2017 17:00:00.000,160.068,160.088,159.717,159.918,16494.3428
15.09.2017 18:00:00.000,159.917,160.068,159.860,160.028,17564.8861
15.09.2017 19:00:00.000,160.027,160.208,159.837,159.878,20784.5631
18.09.2017 13:00:00.000,160.067,160.468,159.712,160.057,19021.2727
18.09.2017 14:00:00.000,160.058,160.108,159.047,159.311,27983.4576
18.09.2017 15:00:00.000,159.308,160.081,159.307,159.737,22011.0493
18.09.2017 16:00:00.000,159.738,159.888,159.468,159.588,19443.8877
18.09.2017 17:00:00.000,159.598,159.608,159.197,159.278,22012.0926
18.09.2017 18:00:00.000,159.277,159.339,157.997,158.431,25087.7571
18.09.2017 19:00:00.000,158.418,158.968,158.097,158.637,22866.2529
19.09.2017 13:00:00.000,159.458,159.758,158.448,158.540,19293.705
19.09.2017 14:00:00.000,158.558,159.418,158.547,159.259,29668.7012
19.09.2017 15:00:00.000,159.259,159.278,158.638,159.078,22669.5023
19.09.2017 16:00:00.000,159.077,159.488,159.077,159.108,19846.1494
19.09.2017 17:00:00.000,159.107,159.231,158.837,159.028,18523.2735
19.09.2017 18:00:00.000,159.031,159.128,158.687,158.757,17552.1259
19.09.2017 19:00:00.000,158.758,158.908,158.568,158.718,18605.1846
20.09.2017 13:00:00.000,157.988,158.208,156.051,156.198,20262.2738
20.09.2017 14:00:00.000,156.197,156.618,154.367,154.467,48445.1141
20.09.2017 15:00:00.000,154.471,155.167,153.828,154.770,41407.7301
20.09.2017 16:00:00.000,154.768,155.898,154.697,155.668,24761.9133
20.09.2017 17:00:00.000,155.667,155.987,155.497,155.868,19430.8071
20.09.2017 18:00:00.000,155.867,156.042,154.867,155.418,33109.3292
20.09.2017 19:00:00.000,155.421,156.177,155.147,156.023,37863.4949
21.09.2017 13:00:00.000,155.648,155.648,153.587,153.847,31870.0008
21.09.2017 14:00:00.000,153.827,154.053,152.748,153.927,57159.9998
21.09.2017 15:00:00.000,153.938,154.287,153.618,154.028,36428.1425
21.09.2017 16:00:00.000,154.037,154.188,153.547,153.887,23633.8825
21.09.2017 17:00:00.000,153.878,154.540,153.828,154.128,20245.9488
21.09.2017 18:00:00.000,154.128,154.348,153.767,153.947,20284.8148
21.09.2017 19:00:00.000,153.957,153.988,153.337,153.387,22010.8032
22.09.2017 13:00:00.000,152.007,152.258,150.758,151.027,28550.7183
22.09.2017 14:00:00.000,151.058,151.792,150.568,150.588,36895.9808
22.09.2017 15:00:00.000,150.587,151.128,150.557,151.070,27727.8481
22.09.2017 16:00:00.000,151.070,151.656,150.858,151.129,26784.0195
22.09.2017 17:00:00.000,151.127,151.568,150.907,151.449,23764.1315
22.09.2017 18:00:00.000,151.449,151.910,151.408,151.657,21163.9404
22.09.2017 19:00:00.000,151.658,151.968,151.337,151.750,24127.8687
25.09.2017 13:00:00.000,149.967,151.228,149.177,151.128,20342.4053
25.09.2017 14:00:00.000,151.128,151.808,149.937,150.050,42962.3222
25.09.2017 15:00:00.000,150.037,150.570,149.677,150.470,37392.2653
25.09.2017 16:00:00.000,150.478,150.878,149.917,150.768,29869.9684
25.09.2017 17:00:00.000,150.767,150.828,150.457,150.651,24029.1786
25.09.2017 18:00:00.000,150.651,150.810,149.948,150.258,25395.4849
25.09.2017 19:00:00.000,150.258,150.567,149.997,150.547,25573.8239
26.09.2017 13:00:00.000,151.747,152.758,151.687,152.148,21352.6497
26.09.2017 14:00:00.000,152.140,153.017,152.127,152.527,38296.8025
26.09.2017 15:00:00.000,152.518,152.519,151.769,152.508,30543.7069
26.09.2017 16:00:00.000,152.507,152.748,152.097,152.557,26913.4388
26.09.2017 17:00:00.000,152.558,153.798,152.557,153.708,24427.7973
26.09.2017 18:00:00.000,153.712,153.908,153.307,153.351,23980.6709
26.09.2017 19:00:00.000,153.357,153.800,153.057,153.208,22681.7131
27.09.2017 13:00:00.000,153.787,154.661,153.607,154.408,20142.7383
27.09.2017 14:00:00.000,154.418,154.608,153.858,154.078,33512.3863
27.09.2017 15:00:00.000,154.087,154.288,153.758,153.918,28879.4708
27.09.2017 16:00:00.000,153.918,154.188,153.538,154.138,22292.8371
27.09.2017 17:00:00.000,154.137,154.212,153.837,154.203,18879.6539
27.09.2017 18:00:00.000,154.207,154.707,154.207,154.287,22523.119
27.09.2017 19:00:00.000,154.298,154.668,154.137,154.197,24489.0137
28.09.2017 13:00:00.000,153.748,154.247,153.297,153.350,21356.5521
28.09.2017 14:00:00.000,153.350,153.438,152.697,152.888,32594.841
28.09.2017 15:00:00.000,152.887,153.168,152.728,152.917,25461.8435
28.09.2017 16:00:00.000,152.917,153.228,152.837,153.158,19682.0297
28.09.2017 17:00:00.000,153.158,153.538,153.047,153.498,16689.6477
28.09.2017 18:00:00.000,153.498,153.522,152.917,153.098,15945.0703
28.09.2017 19:00:00.000,153.101,153.238,152.881,153.237,19449.9969
29.09.2017 13:00:00.000,153.208,153.947,152.010,152.169,16649.8508
29.09.2017 14:00:00.000,152.169,153.318,151.997,153.282,28828.228
29.09.2017 15:00:00.000,153.269,153.747,153.067,153.648,23258.0357
29.09.2017 16:00:00.000,153.638,153.968,153.507,153.817,17529.52
29.09.2017 17:00:00.000,153.818,153.908,153.577,153.777,12992.7692
29.09.2017 18:00:00.000,153.777,153.918,153.608,153.739,12780.7884
29.09.2017 19:00:00.000,153.740,154.106,153.478,154.038,19823.9899
02.10.2017 13:00:00.000,154.157,154.438,153.408,153.918,16180.9578
02.10.2017 14:00:00.000,153.917,153.927,153.458,153.758,26706.6784
02.10.2017 15:00:00.000,153.768,153.878,152.997,153.018,25035.8391
02.10.2017 16:00:00.000,153.018,153.099,152.717,153.098,22864.8338
02.10.2017 17:00:00.000,153.098,153.737,152.977,153.718,18886.7188
02.10.2017 18:00:00.000,153.721,154.008,153.537,153.657,17798.13
02.10.2017 19:00:00.000,153.658,153.928,153.518,153.798,20333.9729
03.10.2017 13:00:00.000,153.998,154.978,153.898,154.298,15617.8112
03.10.2017 14:00:00.000,154.307,154.588,154.018,154.388,23422.8973
03.10.2017 15:00:00.000,154.388,154.718,154.312,154.667,18615.9267
03.10.2017 16:00:00.000,154.668,155.078,154.597,154.708,15920.4769
03.10.2017 17:00:00.000,154.707,154.737,154.507,154.728,12802.084
03.10.2017 18:00:00.000,154.728,154.948,154.630,154.740,12954.6232
03.10.2017 19:00:00.000,154.739,154.748,154.307,154.473,19134.4929
04.10.2017 13:00:00.000,153.607,153.728,153.078,153.518,17528.2135
04.10.2017 14:00:00.000,153.528,153.548,152.467,153.021,26614.5439
04.10.2017 15:00:00.000,153.047,153.817,153.047,153.467,20407.4478
04.10.2017 16:00:00.000,153.481,153.848,153.397,153.578,19495.0218
04.10.2017 17:00:00.000,153.577,153.628,153.109,153.347,18476.6598
04.10.2017 18:00:00.000,153.358,153.428,153.167,153.377,16716.9952
04.10.2017 19:00:00.000,153.377,153.521,153.169,153.447,18211.8664
05.10.2017 13:00:00.000,154.118,155.348,154.052,154.988,18408.2203
05.10.2017 14:00:00.000,154.978,155.308,154.617,154.678,28347.3911
05.10.2017 15:00:00.000,154.688,154.988,154.587,154.838,24129.9038
05.10.2017 16:00:00.000,154.838,155.268,154.777,154.888,21383.6346
05.10.2017 17:00:00.000,154.897,155.048,154.777,154.859,20004.8428
05.10.2017 18:00:00.000,154.858,155.241,154.717,155.238,18341.0072
05.10.2017 19:00:00.000,155.248,155.419,155.188,155.387,21626.8406
06.10.2017 13:00:00.000,154.878,155.488,154.557,154.729,15369.1835
06.10.2017 14:00:00.000,154.729,155.138,154.617,154.757,26576.0136
06.10.2017 15:00:00.000,154.758,155.167,154.719,154.748,19055.0747
06.10.2017 16:00:00.000,154.747,155.108,154.597,155.028,17855.1235
06.10.2017 17:00:00.000,155.028,155.238,154.908,155.108,16223.6919
06.10.2017 18:00:00.000,155.107,155.198,154.947,155.087,14957.4499
06.10.2017 19:00:00.000,155.087,155.288,154.978,155.287,18182.7049
09.10.2017 13:00:00.000,155.847,156.278,155.488,156.197,16309.0057
09.10.2017 14:00:00.000,156.198,156.717,155.857,156.018,24332.531
09.10.2017 15:00:00.000,156.017,156.178,155.767,156.058,15304.3203
09.10.2017 16:00:00.000,156.057,156.118,155.787,156.038,12211.8721
09.10.2017 17:00:00.000,156.038,156.098,155.907,155.958,11768.9924
09.10.2017 18:00:00.000,155.957,156.037,155.757,155.818,12149.5657
09.10.2017 19:00:00.000,155.818,155.948,155.607,155.828,19178.4515
10.10.2017 13:00:00.000,155.968,156.558,155.907,156.118,14218.8578
10.10.2017 14:00:00.000,156.128,156.178,155.097,155.587,25018.2037
10.10.2017 15:00:00.000,155.588,155.808,155.268,155.447,18703.8555
10.10.2017 16:00:00.000,155.438,156.007,155.247,155.967,17620.2564
10.10.2017 17:00:00.000,155.968,156.178,155.777,155.808,15599.7066
10.10.2017 18:00:00.000,155.807,155.927,155.638,155.787,9972.0612
10.10.2017 19:00:00.000,155.788,155.928,155.617,155.888,13198.0934
11.10.2017 13:00:00.000,155.847,156.298,155.738,156.208,12949.9054
11.10.2017 14:00:00.000,156.237,156.958,156.188,156.738,23445.9496
11.10.2017 15:00:00.000,156.737,156.858,156.517,156.667,19032.1693
11.10.2017 16:00:00.000,156.668,156.828,156.578,156.667,14980.3677
11.10.2017 17:00:00.000,156.677,156.808,156.437,156.437,13367.3296
11.10.2017 18:00:00.000,156.438,156.738,156.377,156.507,16321.5523
11.10.2017 19:00:00.000,156.508,156.672,156.417,156.537,16876.091
12.10.2017 13:00:00.000,156.328,157.358,156.267,156.879,17848.5584
12.10.2017 14:00:00.000,156.878,157.092,156.498,156.800,25574.0509
12.10.2017 15:00:00.000,156.800,156.947,156.742,156.887,14186.4185
12.10.2017 16:00:00.000,156.888,157.138,156.757,156.758,12060.9417
12.10.2017 17:00:00.000,156.757,156.978,156.707,156.778,9639.7552
12.10.2017 18:00:00.000,156.777,156.788,156.247,156.278,12085.5885
12.10.2017 19:00:00.000,156.278,156.408,155.717,156.018,17092.0715
13.10.2017 13:00:00.000,156.738,156.948,156.407,156.697,15162.6863
13.10.2017 14:00:00.000,156.687,157.127,156.687,157.087,18956.8996
13.10.2017 15:00:00.000,157.077,157.138,156.898,157.038,14260.21
13.10.2017 16:00:00.000,157.037,157.098,156.547,156.717,12995.6493
13.10.2017 17:00:00.000,156.718,157.008,156.677,156.988,9551.9209
13.10.2017 18:00:00.000,156.987,157.268,156.987,157.168,10198.8792
13.10.2017 19:00:00.000,157.167,157.168,156.807,156.998,12355.8207
16.10.2017 13:00:00.000,157.848,159.348,157.628,159.128,14047.2956
16.10.2017 14:00:00.000,159.128,159.648,159.027,159.338,20593.1053
16.10.2017 15:00:00.000,159.328,159.448,158.917,159.348,12486.1193
16.10.2017 16:00:00.000,159.347,159.548,158.967,159.427,12857.6527
16.10.2017 17:00:00.000,159.428,159.508,159.357,159.448,9707.4814
16.10.2017 18:00:00.000,159.448,159.728,159.427,159.697,10985.7483
16.10.2017 19:00:00.000,159.707,159.988,159.678,159.868,13284.853
17.10.2017 13:00:00.000,159.808,160.178,159.228,159.568,13993.4559
17.10.2017 14:00:00.000,159.567,159.938,159.327,159.847,19452.1828
17.10.2017 15:00:00.000,159.848,160.858,159.727,159.877,17921.0758
17.10.2017 16:00:00.000,159.878,160.018,159.668,159.758,11128.355
17.10.2017 17:00:00.000,159.757,160.488,159.717,160.027,9873.56
17.10.2017 18:00:00.000,160.028,160.338,160.007,160.197,7970.355
17.10.2017 19:00:00.000,160.198,160.528,160.107,160.458,12996.7775
18.10.2017 13:00:00.000,160.407,160.688,159.807,160.267,12017.6229
18.10.2017 14:00:00.000,160.267,160.428,160.108,160.118,14706.2616
18.10.2017 15:00:00.000,160.118,160.168,159.757,159.788,10115.7894
18.10.2017 16:00:00.000,159.787,160.468,159.767,160.347,7648.7322
18.10.2017 17:00:00.000,160.357,160.378,159.988,160.318,7689.9271
18.10.2017 18:00:00.000,160.317,160.348,159.987,160.068,7125.2208
18.10.2017 19:00:00.000,160.067,160.158,159.597,159.758,10697.1121
19.10.2017 13:00:00.000,156.587,157.048,155.658,155.917,21175.8575
19.10.2017 14:00:00.000,155.908,156.207,155.257,155.948,30816.7095
19.10.2017 15:00:00.000,155.947,156.008,155.347,155.408,19739.0766
19.10.2017 16:00:00.000,155.407,155.878,155.047,155.058,18971.3249
19.10.2017 17:00:00.000,155.057,155.798,155.017,155.448,13404.0585
19.10.2017 18:00:00.000,155.448,155.578,155.177,155.468,13266.4423
19.10.2017 19:00:00.000,155.468,155.988,155.458,155.957,17906.0802
20.10.2017 13:00:00.000,156.915,157.178,156.528,156.817,12236.8269
20.10.2017 14:00:00.000,156.827,157.737,156.817,157.308,20264.782
20.10.2017 15:00:00.000,157.307,157.507,156.698,157.468,16548.4295
20.10.2017 16:00:00.000,157.467,157.488,157.187,157.417,9422.2393
20.10.2017 17:00:00.000,157.418,157.467,157.167,157.177,8662.0588
20.10.2017 18:00:00.000,157.187,157.238,156.747,156.788,10380.8794
20.10.2017 19:00:00.000,156.797,156.858,155.957,156.208,13974.7515
23.10.2017 13:00:00.000,156.848,157.038,156.297,156.848,11339.5376
23.10.2017 14:00:00.000,156.837,156.837,155.898,156.107,20641.5272
23.10.2017 15:00:00.000,156.107,156.548,156.107,156.358,12278.4433
23.10.2017 16:00:00.000,156.368,157.678,156.347,157.478,15256.4459
23.10.2017 17:00:00.000,157.477,157.558,156.947,156.998,11197.5851
23.10.2017 18:00:00.000,156.998,157.158,156.468,156.708,11871.3408
23.10.2017 19:00:00.000,156.707,156.728,155.878,156.167,17493.8316
24.10.2017 13:00:00.000,156.247,156.938,156.197,156.788,18297.2622
24.10.2017 14:00:00.000,156.788,157.408,156.788,156.908,16802.4368
24.10.2017 15:00:00.000,156.907,157.238,156.837,156.948,13334.8627
24.10.2017 16:00:00.000,156.957,157.168,156.857,157.008,8025.7702
24.10.2017 17:00:00.000,157.017,157.278,156.868,157.118,9252.1181
24.10.2017 18:00:00.000,157.118,157.158,156.717,156.758,9553.7205
24.10.2017 19:00:00.000,156.757,157.088,156.527,157.088,15993.4378
25.10.2017 13:00:00.000,156.848,157.527,156.447,156.847,13615.9658
25.10.2017 14:00:00.000,156.827,157.198,156.627,156.857,21848.3295
25.10.2017 15:00:00.000,156.858,156.868,155.647,156.138,25229.2004
25.10.2017 16:00:00.000,156.138,156.308,155.267,156.008,23826.6563
25.10.2017 17:00:00.000,156.007,156.397,155.837,156.288,13066.9785
25.10.2017 18:00:00.000,156.268,156.468,155.927,156.118,12359.0336
25.10.2017 19:00:00.000,156.117,156.538,156.027,156.397,15805.9092
26.10.2017 13:00:00.000,157.088,157.808,157.088,157.248,14613.0772
26.10.2017 14:00:00.000,157.258,157.728,156.777,157.528,22277.2141
26.10.2017 15:00:00.000,157.527,157.688,157.268,157.487,16172.4606
26.10.2017 16:00:00.000,157.488,157.678,157.247,157.367,12896.2374
26.10.2017 17:00:00.000,157.367,157.467,157.087,157.397,11815.5327
26.10.2017 18:00:00.000,157.387,157.738,157.297,157.658,10172.9908
26.10.2017 19:00:00.000,157.657,157.708,157.377,157.457,16097.1298
27.10.2017 13:00:00.000,159.247,159.718,158.688,159.448,20459.5413
27.10.2017 14:00:00.000,159.467,160.985,159.467,160.808,29246.4619
27.10.2017 15:00:00.000,160.807,162.438,160.617,162.378,24104.4388
27.10.2017 16:00:00.000,162.377,162.938,162.057,162.218,22997.9134
27.10.2017 17:00:00.000,162.227,163.137,162.167,163.108,16652.6527
27.10.2017 18:00:00.000,163.107,163.598,162.317,162.587,19859.9072
27.10.2017 19:00:00.000,162.578,163.138,162.507,163.018,20463.8557
30.10.2017 13:00:00.000,163.820,166.330,163.720,166.230,24021.1372
30.10.2017 14:00:00.000,166.220,168.060,166.090,167.120,34279.0451
30.10.2017 15:00:00.000,167.130,167.130,166.130,167.030,28687.3302
30.10.2017 16:00:00.000,167.000,167.020,165.840,166.480,20813.7436
30.10.2017 17:00:00.000,166.480,166.890,166.120,166.220,16387.4588
30.10.2017 18:00:00.000,166.220,166.740,166.220,166.530,18206.0509
30.10.2017 19:00:00.000,166.530,166.960,166.260,166.740,17241.6782
31.10.2017 13:00:00.000,167.900,168.630,166.959,167.190,16929.7352
31.10.2017 14:00:00.000,167.200,168.460,167.170,168.380,20617.5632
31.10.2017 15:00:00.000,168.370,169.080,168.350,168.910,16086.0691
31.10.2017 16:00:00.000,168.910,169.190,168.620,168.850,15957.1867
31.10.2017 17:00:00.000,168.840,169.160,168.510,169.160,11380.6543
31.10.2017 18:00:00.000,169.150,169.630,168.840,169.050,13675.5095
31.10.2017 19:00:00.000,169.030,169.290,168.800,169.080,15258.5478
01.11.2017 13:00:00.000,169.865,169.930,167.310,167.837,20239.5248
01.11.2017 14:00:00.000,167.810,167.810,166.570,167.040,33623.1728
01.11.2017 15:00:00.000,167.050,167.580,166.190,166.230,22482.8568
01.11.2017 16:00:00.000,166.240,167.060,166.170,166.550,19449.1444
01.11.2017 17:00:00.000,166.560,166.570,165.620,166.230,21546.526
01.11.2017 18:00:00.000,166.220,166.740,166.100,166.660,20844.471
01.11.2017 19:00:00.000,166.650,166.880,166.510,166.840,16028.5187
02.11.2017 13:00:00.000,167.500,167.680,165.900,166.710,15340.8298
02.11.2017 14:00:00.000,166.720,166.860,165.770,166.490,25858.778
02.11.2017 15:00:00.000,166.490,166.817,165.267,166.228,20594.5778
02.11.2017 16:00:00.000,166.228,168.188,165.907,167.708,22629.7398
02.11.2017 17:00:00.000,167.707,167.888,167.208,167.647,18182.312
02.11.2017 18:00:00.000,167.648,168.478,167.647,168.028,16392.6411
02.11.2017 19:00:00.000,168.037,168.378,167.667,168.068,24022.1748
03.11.2017 13:00:00.000,173.967,174.237,171.117,171.748,20659.2121
03.11.2017 14:00:00.000,171.748,172.677,171.177,171.998,30462.6217
03.11.2017 15:00:00.000,171.998,172.927,171.797,172.878,25585.0773
03.11.2017 16:00:00.000,172.878,173.238,172.617,173.068,18032.4745
03.11.2017 17:00:00.000,173.068,173.798,172.957,173.458,15451.8948
03.11.2017 18:00:00.000,173.468,173.477,172.547,172.818,16429.6246
03.11.2017 19:00:00.000,172.817,172.898,172.307,172.478,18822.422
06.11.2017 14:00:00.000,172.198,172.648,171.717,172.278,16322.8741
06.11.2017 15:00:00.000,172.278,174.748,172.207,174.698,25032.6748
06.11.2017 16:00:00.000,174.698,174.888,174.107,174.558,20380.7087
06.11.2017 17:00:00.000,174.568,174.838,174.397,174.567,13412.0255
06.11.2017 18:00:00.000,174.567,174.888,174.417,174.868,14569.3045
06.11.2017 19:00:00.000,174.868,174.968,174.458,174.817,15800.2224
06.11.2017 20:00:00.000,174.808,174.978,174.287,174.358,16948.6408
07.11.2017 14:00:00.000,173.898,175.238,173.597,174.888,17631.3229
07.11.2017 15:00:00.000,174.887,175.158,174.018,174.577,24667.7799
07.11.2017 16:00:00.000,174.567,175.128,174.358,174.458,20471.2639
07.11.2017 17:00:00.000,174.457,174.727,174.038,174.708,20324.625
07.11.2017 18:00:00.000,174.708,174.967,174.447,174.538,13827.2362
07.11.2017 19:00:00.000,174.537,174.658,174.258,174.578,13252.389
07.11.2017 20:00:00.000,174.557,174.788,174.397,174.788,15708.3206
08.11.2017 14:00:00.000,174.628,175.008,174.328,174.608,11277.6585
08.11.2017 15:00:00.000,174.617,175.368,174.608,175.227,16275.9991
08.11.2017 16:00:00.000,175.228,175.488,175.088,175.407,14373.0459
08.11.2017 17:00:00.000,175.417,175.657,175.327,175.548,10901.0992
08.11.2017 18:00:00.000,175.558,175.778,175.497,175.728,10968.9999
08.11.2017 19:00:00.000,175.727,176.018,175.617,175.968,9666.3275
08.11.2017 20:00:00.000,175.967,176.208,175.807,176.178,13532.589
09.11.2017 14:00:00.000,175.118,175.908,174.787,175.378,15505.8336
09.11.2017 15:00:00.000,175.388,176.078,175.177,175.707,24379.6978
09.11.2017 16:00:00.000,175.708,175.738,174.667,174.848,23631.115
09.11.2017 17:00:00.000,174.848,175.018,173.137,173.847,32193.264
09.11.2017 18:00:00.000,173.848,174.807,173.417,174.798,19304.7791
09.11.2017 19:00:00.000,174.797,175.388,174.707,175.287,15915.9908
09.11.2017 20:00:00.000,175.287,175.898,174.978,175.837,19229.2366
10.11.2017 14:00:00.000,175.185,175.348,174.268,174.847,15857.8539
10.11.2017 15:00:00.000,174.857,175.238,174.418,175.238,22593.5974
10.11.2017 16:00:00.000,175.237,175.328,174.648,175.008,17255.0182
10.11.2017 17:00:00.000,175.008,175.077,174.767,174.808,11349.781
10.11.2017 18:00:00.000,174.807,175.128,174.697,174.807,12131.8293
10.11.2017 19:00:00.000,174.818,175.038,174.767,174.947,9316.0772
10.11.2017 20:00:00.000,174.948,174.997,174.597,174.647,12568.9907
13.11.2017 14:00:00.000,173.508,174.138,173.397,173.858,10925.0851
13.11.2017 15:00:00.000,173.868,174.487,173.757,174.188,19415.9031
13.11.2017 16:00:00.000,174.188,174.408,174.068,174.238,13658.6885
13.11.2017 17:00:00.000,174.238,174.377,174.068,174.328,10172.5779
13.11.2017 18:00:00.000,174.328,174.388,174.107,174.357,9102.0632
13.11.2017 19:00:00.000,174.358,174.378,174.048,174.108,8192.9541
13.11.2017 20:00:00.000,174.108,174.248,173.717,173.958,13668.5209
14.11.2017 14:00:00.000,173.037,173.438,172.527,172.738,16035.6731
14.11.2017 15:00:00.000,172.747,173.228,172.107,172.858,26739.8224
14.11.2017 16:00:00.000,172.868,173.238,172.718,172.978,21899.5361
14.11.2017 17:00:00.000,172.988,172.998,172.177,172.347,15032.3763
14.11.2017 18:00:00.000,172.348,172.348,171.468,171.828,19837.1658
14.11.2017 19:00:00.000,171.828,171.998,171.747,171.938,11700.2516
14.11.2017 20:00:00.000,171.948,172.128,171.177,171.328,16989.1891
15.11.2017 14:00:00.000,169.887,169.888,168.378,168.987,19116.89
15.11.2017 15:00:00.000,168.997,170.307,168.898,170.258,28093.9426
15.11.2017 16:00:00.000,170.258,170.297,169.447,169.468,22417.8314
15.11.2017 17:00:00.000,169.467,169.678,169.107,169.578,16846.6797
15.11.2017 18:00:00.000,169.578,169.598,168.948,169.188,16674.8085
15.11.2017 19:00:00.000,169.187,169.498,168.997,169.348,14645.9064
15.11.2017 20:00:00.000,169.357,169.518,168.677,169.078,20765.4896
16.11.2017 14:00:00.000,171.157,171.168,170.297,170.527,15150.4793
16.11.2017 15:00:00.000,170.538,171.045,170.427,170.888,22416.6393
16.11.2017 16:00:00.000,170.878,171.398,170.837,171.288,15946.1899
16.11.2017 17:00:00.000,171.287,171.727,171.247,171.498,14283.8507
16.11.2017 18:00:00.000,171.497,171.808,171.427,171.758,11369.7882
16.11.2017 19:00:00.000,171.758,171.858,171.417,171.537,13510.1061
16.11.2017 20:00:00.000,171.538,171.608,171.078,171.088,14936.224
17.11.2017 14:00:00.000,171.037,171.037,169.827,170.077,15794.1322
17.11.2017 15:00:00.000,170.078,171.378,169.828,170.878,18858.9935
17.11.2017 16:00:00.000,170.858,170.908,170.267,170.717,20881.1741
17.11.2017 17:00:00.000,170.718,170.728,170.357,170.578,13176.8494
17.11.2017 18:00:00.000,170.577,170.597,170.218,170.367,10926.9342
17.11.2017 19:00:00.000,170.368,170.418,170.018,170.198,12691.4034
17.11.2017 20:00:00.000,170.197,170.268,169.637,170.038,15017.292
20.11.2017 14:00:00.000,170.278,170.538,169.688,170.158,14238.6217
20.11.2017 15:00:00.000,170.158,170.348,169.727,170.067,20414.7949
20.11.2017 16:00:00.000,170.068,170.108,169.597,169.938,13886.6014
20.11.2017 17:00:00.000,169.937,169.958,169.548,169.958,10910.2068
20.11.2017 18:00:00.000,169.958,170.208,169.917,169.997,9006.5622
20.11.2017 19:00:00.000,169.988,170.038,169.847,170.017,7145.9351
20.11.2017 20:00:00.000,170.018,170.128,169.847,169.978,13566.4825
21.11.2017 14:00:00.000,170.981,172.848,170.858,172.828,15781.599
21.11.2017 15:00:00.000,172.837,173.688,172.777,173.258,26231.9088
21.11.2017 16:00:00.000,173.257,173.638,173.217,173.517,19893.8618
21.11.2017 17:00:00.000,173.518,173.598,173.101,173.168,15343.4467
21.11.2017 18:00:00.000,173.167,173.219,172.937,173.108,13502.2869
21.11.2017 19:00:00.000,173.107,173.139,172.687,172.958,15238.6074
21.11.2017 20:00:00.000,172.957,173.208,172.697,173.128,16834.2247
22.11.2017 14:00:00.000,173.327,174.248,173.047,173.348,17017.6487
22.11.2017 15:00:00.000,173.357,174.588,173.297,174.487,24977.5944
22.11.2017 16:00:00.000,174.487,174.988,173.847,174.257,22003.4199
22.11.2017 17:00:00.000,174.258,174.518,174.007,174.268,17251.4477
22.11.2017 18:00:00.000,174.271,174.340,173.897,174.308,15710.0573
22.11.2017 19:00:00.000,174.327,174.688,174.197,174.477,14356.9231
22.11.2017 20:00:00.000,174.478,174.988,174.347,174.927,18001.0948
24.11.2017 14:00:00.000,175.027,175.458,174.637,175.190,11408.102
24.11.2017 15:00:00.000,175.190,175.298,174.887,175.047,17341.8961
24.11.2017 16:00:00.000,175.048,175.298,175.001,175.127,17263.4335
24.11.2017 17:00:00.000,175.137,175.241,174.907,174.957,16741.7297
27.11.2017 14:00:00.000,174.957,174.977,173.328,174.617,17774.7269
27.11.2017 15:00:00.000,174.623,174.968,174.447,174.508,22022.3236
27.11.2017 16:00:00.000,174.508,174.528,173.597,174.057,27719.4557
27.11.2017 17:00:00.000,174.051,174.341,173.857,174.068,20792.1028
27.11.2017 18:00:00.000,174.067,174.481,174.049,174.398,17564.6095
27.11.2017 19:00:00.000,174.398,174.410,174.047,174.278,17484.9625
27.11.2017 20:00:00.000,174.278,174.303,174.007,174.077,16637.7811
28.11.2017 14:00:00.000,174.227,174.858,173.778,173.857,16626.2608
28.11.2017 15:00:00.000,173.857,174.189,173.067,173.298,26843.6966
28.11.2017 16:00:00.000,173.308,173.451,172.697,172.969,23471.4146
28.11.2017 17:00:00.000,172.967,173.370,172.547,172.877,21725.2865
28.11.2017 18:00:00.000,172.887,173.189,172.367,172.448,22623.8403
28.11.2017 19:00:00.000,172.447,173.088,171.861,172.827,23891.2182
28.11.2017 20:00:00.000,172.828,173.188,172.727,173.008,22701.8661
29.11.2017 14:00:00.000,172.518,172.897,171.678,171.797,21723.2227
29.11.2017 15:00:00.000,171.798,171.808,168.728,168.788,47798.1491
29.11.2017 16:00:00.000,168.788,169.609,167.257,167.362,44561.2946
29.11.2017 17:00:00.000,167.367,169.338,167.151,168.598,36653.0304
29.11.2017 18:00:00.000,168.598,169.438,168.247,168.447,27202.1694
29.11.2017 19:00:00.000,168.451,169.398,168.397,168.948,27969.1486
29.11.2017 20:00:00.000,168.948,169.628,168.488,169.368,30816.9708
30.11.2017 14:00:00.000,170.457,170.607,168.447,170.014,21205.3204
30.11.2017 15:00:00.000,169.997,171.078,169.928,170.418,35795.0287
30.11.2017 16:00:00.000,170.437,171.488,170.331,170.958,29327.5166
30.11.2017 17:00:00.000,170.957,171.467,170.767,171.277,27966.4288
30.11.2017 18:00:00.000,171.287,171.868,171.223,171.798,26289.1693
30.11.2017 19:00:00.000,171.800,171.941,171.527,171.728,22252.8801
30.11.2017 20:00:00.000,171.729,172.128,171.249,171.763,26607.0747
01.12.2017 14:00:00.000,169.948,170.938,169.632,170.168,18486.6371
01.12.2017 15:00:00.000,170.178,171.658,170.027,170.947,34133.9378
01.12.2017 16:00:00.000,170.948,171.380,168.527,169.837,34312.4313
01.12.2017 17:00:00.000,169.827,170.628,169.457,170.228,39701.9882
01.12.2017 18:00:00.000,170.228,170.819,170.147,170.452,28446.8784
01.12.2017 19:00:00.000,170.468,171.060,170.257,170.547,24407.5603
01.12.2017 20:00:00.000,170.547,171.200,170.237,170.988,26853.0674
04.12.2017 14:00:00.000,172.437,172.601,171.447,171.618,18845.2988
04.12.2017 15:00:00.000,171.637,171.878,170.128,170.487,43714.489
04.12.2017 16:00:00.000,170.488,171.672,170.067,171.478,38712.5931
04.12.2017 17:00:00.000,171.478,172.188,171.027,171.468,26966.8579
04.12.2017 18:00:00.000,171.468,171.743,171.089,171.477,22009.5863
04.12.2017 19:00:00.000,171.468,171.483,170.317,170.897,27748.0431
04.12.2017 20:00:00.000,170.887,170.957,169.627,169.820,31891.5482
05.12.2017 14:00:00.000,169.148,170.251,168.417,169.989,21957.2506
05.12.2017 15:00:00.000,169.994,171.327,169.787,170.878,35724.1821
05.12.2017 16:00:00.000,170.887,171.508,170.808,170.848,30001.3275
05.12.2017 17:00:00.000,170.847,170.949,170.250,170.410,26241.4722
05.12.2017 18:00:00.000,170.410,171.152,170.247,170.910,29072.6624
05.12.2017 19:00:00.000,170.910,170.918,169.567,169.741,28940.6853
05.12.2017 20:00:00.000,169.741,170.298,169.557,169.637,29832.0389
06.12.2017 14:00:00.000,167.277,169.198,166.458,169.119,19735.1456
06.12.2017 15:00:00.000,169.127,169.488,168.567,169.477,37036.1023
06.12.2017 16:00:00.000,169.478,170.188,169.178,169.567,31662.7903
06.12.2017 17:00:00.000,169.568,169.841,168.897,169.218,22690.8455
06.12.2017 18:00:00.000,169.257,169.648,169.078,169.549,21624.5079
06.12.2017 19:00:00.000,169.549,170.017,169.208,169.309,19398.222
06.12.2017 20:00:00.000,169.309,169.439,168.838,169.043,21305.5935
07.12.2017 14:00:00.000,168.957,170.367,168.918,169.978,19581.1596
07.12.2017 15:00:00.000,169.950,170.098,168.992,169.728,31722.0917
07.12.2017 16:00:00.000,169.728,169.838,169.137,169.748,25896.9364
07.12.2017 17:00:00.000,169.748,169.969,169.537,169.938,22911.7432
07.12.2017 18:00:00.000,169.938,170.428,169.297,169.757,23910.1563
07.12.2017 19:00:00.000,169.757,169.998,168.953,169.468,21954.0977
07.12.2017 20:00:00.000,169.467,169.779,169.308,169.487,20855.7568
08.12.2017 14:00:00.000,170.228,170.979,169.930,170.089,16375.5569
08.12.2017 15:00:00.000,170.089,170.517,169.863,170.207,26404.2969
08.12.2017 16:00:00.000,170.217,170.370,169.627,169.898,21415.9107
08.12.2017 17:00:00.000,169.898,170.078,169.718,169.897,16960.4759
08.12.2017 18:00:00.000,169.908,170.009,169.698,169.857,14465.2719
08.12.2017 19:00:00.000,169.857,169.920,168.948,169.358,20891.8228
08.12.2017 20:00:00.000,169.357,169.498,168.817,169.317,23731.926
11.12.2017 14:00:00.000,169.127,170.168,168.797,169.827,17397.3427
11.12.2017 15:00:00.000,169.837,172.168,169.537,171.868,27811.2278
11.12.2017 16:00:00.000,171.868,172.188,171.562,171.783,26124.7005
11.12.2017 17:00:00.000,171.796,172.878,171.796,172.777,21346.8647
11.12.2017 18:00:00.000,172.778,172.859,172.227,172.317,21674.2783
11.12.2017 19:00:00.000,172.317,172.481,172.067,172.458,18194.8166
11.12.2017 20:00:00.000,172.448,172.718,172.207,172.667,22021.7304
12.12.2017 14:00:00.000,172.068,172.367,171.467,171.938,15403.2259
12.12.2017 15:00:00.000,171.947,172.148,171.597,171.948,22808.4431
12.12.2017 16:00:00.000,171.939,172.228,171.810,171.967,19177.3319
12.12.2017 17:00:00.000,171.978,172.188,171.657,172.018,18464.8228
12.12.2017 18:00:00.000,172.011,172.137,171.637,171.817,17063.5586
12.12.2017 19:00:00.000,171.818,172.058,171.667,171.908,15471.2601
12.12.2017 20:00:00.000,171.907,172.015,171.582,171.727,16304.9469
13.12.2017 14:00:00.000,172.557,173.518,172.487,172.937,16591.5813
13.12.2017 15:00:00.000,172.928,173.177,172.552,172.978,27363.9297
13.12.2017 16:00:00.000,172.977,173.128,172.667,172.887,22054.7619
13.12.2017 17:00:00.000,172.889,172.889,171.998,172.648,21370.8687
13.12.2017 18:00:00.000,172.647,172.748,172.307,172.358,18351.7265
13.12.2017 19:00:00.000,172.357,173.171,172.347,173.037,21135.4637
13.12.2017 20:00:00.000,173.038,173.119,172.287,172.298,19678.8845
14.12.2017 14:00:00.000,172.398,173.117,172.311,172.388,15097.4808
14.12.2017 15:00:00.000,172.388,172.788,172.207,172.327,24297.8153
14.12.2017 16:00:00.000,172.340,172.498,171.648,172.277,25323.637
14.12.2017 17:00:00.000,172.273,172.480,172.048,172.101,18599.0429
14.12.2017 18:00:00.000,172.098,172.398,171.678,172.128,22546.4802
14.12.2017 19:00:00.000,172.127,172.382,171.828,172.207,23123.8346
14.12.2017 20:00:00.000,172.198,172.412,172.047,172.197,21837.1563
15.12.2017 14:00:00.000,173.047,173.398,172.597,172.848,16157.9876
15.12.2017 15:00:00.000,172.840,173.056,172.637,172.708,27639.4978
15.12.2017 16:00:00.000,172.713,173.007,172.667,172.997,23277.9217
15.12.2017 17:00:00.000,172.998,173.638,172.958,173.457,20696.7831
15.12.2017 18:00:00.000,173.448,173.611,173.247,173.547,17907.7415
15.12.2017 19:00:00.000,173.548,173.658,173.307,173.638,20355.2494
15.12.2017 20:00:00.000,173.637,174.131,173.547,173.857,25027.7939
18.12.2017 14:00:00.000,174.848,176.268,174.848,176.197,16842.2337
18.12.2017 15:00:00.000,176.197,176.592,175.947,176.338,24089.7789
18.12.2017 16:00:00.000,176.339,176.678,176.218,176.508,20255.0983
18.12.2017 17:00:00.000,176.517,176.618,176.277,176.458,17659.9979
18.12.2017 18:00:00.000,176.458,176.997,176.363,176.992,17273.0675
18.12.2017 19:00:00.000,176.998,177.158,176.668,177.088,17745.1859
18.12.2017 20:00:00.000,177.088,177.178,176.447,176.448,20073.1659
19.12.2017 14:00:00.000,174.667,175.358,174.087,174.907,17205.8887
19.12.2017 15:00:00.000,174.918,175.081,174.217,174.407,24364.0957
19.12.2017 16:00:00.000,174.408,174.970,174.248,174.507,21380.9471
19.12.2017 17:00:00.000,174.507,174.688,174.211,174.608,19447.7997
19.12.2017 18:00:00.000,174.607,175.068,174.577,174.758,15719.3317
19.12.2017 19:00:00.000,174.747,174.888,174.417,174.448,17244.1177
19.12.2017 20:00:00.000,174.447,174.660,174.197,174.397,19194.2635
20.12.2017 14:00:00.000,174.868,175.408,173.427,174.017,16754.2782
20.12.2017 15:00:00.000,174.018,174.280,173.257,173.537,23734.0565
20.12.2017 16:00:00.000,173.538,174.429,173.498,174.299,19662.2143
20.12.2017 17:00:00.000,174.299,174.687,174.097,174.527,15453.516
20.12.2017 18:00:00.000,174.537,174.812,174.407,174.738,13660.881
20.12.2017 19:00:00.000,174.737,174.761,173.957,174.188,14410.4118
20.12.2017 20:00:00.000,174.178,174.629,174.127,174.367,15093.9779
21.12.2017 14:00:00.000,174.098,175.287,174.098,174.873,15031.0259
21.12.2017 15:00:00.000,174.883,175.228,174.567,175.187,23860.3325
21.12.2017 16:00:00.000,175.188,176.008,175.188,175.468,22615.2229
21.12.2017 17:00:00.000,175.468,175.662,175.411,175.638,13853.3115
21.12.2017 18:00:00.000,175.637,175.848,175.517,175.648,14387.66
21.12.2017 19:00:00.000,175.647,175.648,175.237,175.398,16700.2678
21.12.2017 20:00:00.000,175.401,175.473,174.877,175.038,19596.8952
22.12.2017 14:00:00.000,174.658,175.408,174.607,175.188,15569.7584
22.12.2017 15:00:00.000,175.187,175.308,174.847,175.247,21027.3399
22.12.2017 16:00:00.000,175.257,175.328,174.938,175.088,17677.5494
22.12.2017 17:00:00.000,175.088,175.091,174.837,174.968,14050.6392
22.12.2017 18:00:00.000,174.967,175.148,174.907,175.028,11462.6179
22.12.2017 19:00:00.000,175.028,175.198,174.928,175.148,13286.2263
22.12.2017 20:00:00.000,175.148,175.169,174.887,175.038,16074.2245
26.12.2017 14:00:00.000,170.597,171.427,169.668,170.189,18120.285
26.12.2017 15:00:00.000,170.178,171.378,169.997,170.598,25571.7335
26.12.2017 16:00:00.000,170.599,170.720,170.208,170.338,19595.2988
26.12.2017 17:00:00.000,170.328,170.828,170.198,170.558,16831.4743
26.12.2017 18:00:00.000,170.547,170.637,170.250,170.549,16201.4961
26.12.2017 19:00:00.000,170.548,170.678,170.367,170.477,13992.7759
26.12.2017 20:00:00.000,170.478,170.588,170.107,170.558,16116.9262
27.12.2017 14:00:00.000,170.117,170.742,169.699,170.118,13333.6849
27.12.2017 15:00:00.000,170.117,170.298,169.828,169.918,20356.9355
27.12.2017 16:00:00.000,169.927,170.511,169.927,170.368,18877.3804
27.12.2017 17:00:00.000,170.367,170.582,170.277,170.521,14512.9976
27.12.2017 18:00:00.000,170.517,170.582,170.253,170.368,11659.8577
27.12.2017 19:00:00.000,170.361,170.390,169.996,170.167,13330.5359
27.12.2017 20:00:00.000,170.181,170.557,170.117,170.557,13746.026
28.12.2017 14:00:00.000,171.088,171.718,170.887,171.527,11783.1383
28.12.2017 15:00:00.000,171.531,171.838,171.328,171.478,17340.3473
28.12.2017 16:00:00.000,171.477,171.528,171.227,171.308,11773.9553
28.12.2017 17:00:00.000,171.308,171.379,170.998,171.027,10398.6006
28.12.2017 18:00:00.000,171.028,171.042,170.697,170.828,10348.0291
28.12.2017 19:00:00.000,170.827,170.862,170.477,170.527,9797.226
28.12.2017 20:00:00.000,170.528,170.910,170.497,170.898,13030.859
29.12.2017 14:00:00.000,170.528,170.539,169.712,169.922,14539.814
29.12.2017 15:00:00.000,169.922,169.938,169.307,169.628,20532.8579
29.12.2017 16:00:00.000,169.627,170.079,169.497,170.077,17691.4845
29.12.2017 17:00:00.000,170.080,170.212,169.991,170.117,12169.8456
29.12.2017 18:00:00.000,170.107,170.248,169.997,170.029,12338.007
29.12.2017 19:00:00.000,170.027,170.058,169.908,169.977,12456.0843
29.12.2017 20:00:00.000,169.978,170.078,169.217,169.279,17263.1493
02.01.2018 14:00:00.000,170.138,171.058,169.257,170.968,16620.3766
02.01.2018 15:00:00.000,170.967,171.588,170.857,171.498,22677.3853
02.01.2018 16:00:00.000,171.490,171.510,171.097,171.198,16675.0832
02.01.2018 17:00:00.000,171.198,171.488,171.187,171.281,13665.617
02.01.2018 18:00:00.000,171.278,171.688,171.277,171.667,13143.733
02.01.2018 19:00:00.000,171.668,172.097,171.648,171.978,13700.2745
02.01.2018 20:00:00.000,171.978,172.218,171.697,172.198,15186.7533
03.01.2018 14:00:00.000,172.527,173.869,172.167,173.869,15635.3741
03.01.2018 15:00:00.000,173.869,174.538,173.757,174.147,22369.8521
03.01.2018 16:00:00.000,174.148,174.278,173.497,173.648,18301.3248
03.01.2018 17:00:00.000,173.649,173.718,173.217,173.299,14835.9404
03.01.2018 18:00:00.000,173.308,173.469,172.927,172.959,13502.8954
03.01.2018 19:00:00.000,172.959,173.078,172.327,172.381,18022.8596
03.01.2018 20:00:00.000,172.379,172.578,171.967,172.108,21728.7655
04.01.2018 14:00:00.000,172.628,173.147,172.078,172.918,15887.4874
04.01.2018 15:00:00.000,172.927,173.451,172.652,172.950,21797.226
04.01.2018 16:00:00.000,172.950,173.458,172.748,173.018,18656.0917
04.01.2018 17:00:00.000,173.017,173.208,172.647,172.829,14401.6972
04.01.2018 18:00:00.000,172.827,172.927,172.590,172.927,13309.0286
04.01.2018 19:00:00.000,172.928,173.178,172.841,173.117,11286.4265
04.01.2018 20:00:00.000,173.122,173.228,172.947,173.018,16893.4708
05.01.2018 14:00:00.000,173.497,174.167,173.053,174.058,14707.1524
05.01.2018 15:00:00.000,174.058,175.178,173.779,175.127,25918.4494
05.01.2018 16:00:00.000,175.142,175.168,174.737,174.938,19821.0716
05.01.2018 17:00:00.000,174.938,174.938,174.557,174.847,14598.1026
05.01.2018 18:00:00.000,174.847,175.028,174.747,175.012,14206.8291
05.01.2018 19:00:00.000,175.018,175.078,174.647,174.837,15173.5487
05.01.2018 20:00:00.000,174.837,175.208,174.747,174.977,20662.7789
08.01.2018 14:00:00.000,174.298,175.578,174.298,174.990,13479.9004
08.01.2018 15:00:00.000,174.990,175.088,174.467,174.848,22597.4522
08.01.2018 16:00:00.000,174.838,175.127,174.767,174.897,16755.7449
08.01.2018 17:00:00.000,174.907,174.948,174.469,174.533,14299.6178
08.01.2018 18:00:00.000,174.538,174.921,174.529,174.687,13850.5716
08.01.2018 19:00:00.000,174.687,174.701,174.278,174.428,13751.9693
08.01.2018 20:00:00.000,174.437,174.478,173.927,174.317,18516.9773
09.01.2018 14:00:00.000,174.498,174.828,173.397,173.607,18432.9491
09.01.2018 15:00:00.000,173.617,174.178,173.407,174.008,25645.1702
09.01.2018 16:00:00.000,174.008,174.598,173.917,174.527,20759.6493
09.01.2018 17:00:00.000,174.528,174.908,174.357,174.768,14946.3692
09.01.2018 18:00:00.000,174.767,175.048,174.697,174.748,14458.5972
09.01.2018 19:00:00.000,174.748,174.783,174.437,174.777,16242.6739
09.01.2018 20:00:00.000,174.778,174.812,174.201,174.317,19003.2501
10.01.2018 14:00:00.000,173.097,173.887,172.997,173.338,20183.8741
10.01.2018 15:00:00.000,173.338,174.198,173.027,173.568,29205.658
10.01.2018 16:00:00.000,173.568,173.898,173.177,173.198,20111.2289
10.01.2018 17:00:00.000,173.197,173.439,172.997,173.358,16105.3085
10.01.2018 18:00:00.000,173.367,173.722,173.037,173.687,15668.4513
10.01.2018 19:00:00.000,173.688,173.901,173.418,173.718,18574.4209
10.01.2018 20:00:00.000,173.717,174.288,173.527,174.238,18991.5905
11.01.2018 14:00:00.000,174.538,175.458,174.497,175.079,15157.5251
11.01.2018 15:00:00.000,175.087,175.468,174.817,175.228,22349.5197
11.01.2018 16:00:00.000,175.238,175.378,174.993,175.077,18675.621
11.01.2018 17:00:00.000,175.078,175.277,174.947,175.208,16217.3347
11.01.2018 18:00:00.000,175.220,175.262,174.897,175.027,12637.5427
11.01.2018 19:00:00.000,175.028,175.198,174.948,175.047,12531.539
11.01.2018 20:00:00.000,175.048,175.268,174.987,175.268,13651.2146
12.01.2018 14:00:00.000,176.047,176.308,175.658,175.958,15756.6032
12.01.2018 15:00:00.000,175.967,177.038,175.937,176.797,23363.7009
12.01.2018 16:00:00.000,176.798,176.951,176.281,176.783,21300.8385
12.01.2018 17:00:00.000,176.779,176.968,176.627,176.937,15708.7727
12.01.2018 18:00:00.000,176.927,177.088,176.767,176.997,15026.8679
12.01.2018 19:00:00.000,176.997,177.328,176.927,177.018,15874.8074
12.01.2018 20:00:00.000,177.018,177.208,176.788,176.997,21028.4348
16.01.2018 14:00:00.000,177.897,179.087,177.197,178.957,16061.882
16.01.2018 15:00:00.000,178.957,179.388,178.148,178.247,20617.8265
16.01.2018 16:00:00.000,178.247,178.248,177.318,177.498,40363.2011
16.01.2018 17:00:00.000,177.508,177.878,177.147,177.307,24537.3478
16.01.2018 18:00:00.000,177.319,177.568,177.007,177.058,20082.0255
16.01.2018 19:00:00.000,177.057,177.228,176.127,176.438,50441.7839
16.01.2018 20:00:00.000,176.447,176.939,176.183,176.183,44373.7907
17.01.2018 14:00:00.000,176.097,176.188,175.047,175.618,12899.684
17.01.2018 15:00:00.000,175.617,176.048,175.198,175.658,39038.6314
17.01.2018 16:00:00.000,175.657,175.898,175.398,175.557,27024.0955
17.01.2018 17:00:00.000,175.558,175.978,175.427,175.947,21812.8872
17.01.2018 18:00:00.000,175.937,177.488,175.648,176.698,39146.286
17.01.2018 19:00:00.000,176.708,178.552,176.617,178.458,21233.6464
17.01.2018 20:00:00.000,178.467,179.238,178.428,179.017,19224.2031
18.01.2018 14:00:00.000,179.308,179.992,178.718,179.699,6248.2848
18.01.2018 15:00:00.000,179.699,179.808,178.237,179.117,10421.9875
18.01.2018 16:00:00.000,179.117,179.718,178.938,179.278,10186.5139
18.01.2018 17:00:00.000,179.277,179.759,179.101,179.708,6882.5049
18.01.2018 18:00:00.000,179.727,180.011,179.407,179.908,5997.9091
18.01.2018 19:00:00.000,179.908,180.088,179.717,179.958,8070.0388
18.01.2018 20:00:00.000,179.958,179.958,179.007,179.258,8860.095
19.01.2018 14:00:00.000,178.548,179.548,178.370,178.748,5448.6971
19.01.2018 15:00:00.000,178.748,178.748,177.567,177.831,20825.0084
19.01.2018 16:00:00.000,177.827,178.612,177.407,178.027,7454.6509
19.01.2018 17:00:00.000,178.028,178.628,178.007,178.428,4568.0828
19.01.2018 18:00:00.000,178.427,178.680,178.297,178.328,4889.4072
19.01.2018 19:00:00.000,178.327,178.562,178.258,178.438,6503.3512
19.01.2018 20:00:00.000,178.438,178.588,177.957,178.448,7275.0549
22.01.2018 14:00:00.000,177.257,177.768,176.667,177.368,4843.2102
22.01.2018 15:00:00.000,177.357,177.418,176.877,177.001,8090.0049
22.01.2018 16:00:00.000,176.999,177.230,176.827,177.131,6085.0811
22.01.2018 17:00:00.000,177.129,177.471,177.090,177.328,5290.4139
22.01.2018 18:00:00.000,177.328,177.661,177.317,177.438,4037.3678
22.01.2018 19:00:00.000,177.438,177.483,176.809,176.998,4031.0488
22.01.2018 20:00:00.000,176.997,177.091,176.692,176.863,5535.9998
23.01.2018 14:00:00.000,177.287,178.517,176.827,177.968,5334.6968
23.01.2018 15:00:00.000,177.967,178.748,177.749,178.588,10339.7541
23.01.2018 16:00:00.000,178.588,179.008,178.467,178.487,8521.018
23.01.2018 17:00:00.000,178.498,178.971,178.459,178.788,6605.3581
23.01.2018 18:00:00.000,178.791,179.368,178.720,179.319,5653.7271
23.01.2018 19:00:00.000,179.319,179.428,177.027,177.037,14717.9098
23.01.2018 20:00:00.000,177.051,177.737,176.817,176.977,44225.0824
24.01.2018 14:00:00.000,177.167,177.218,174.797,175.707,31394.455
24.01.2018 15:00:00.000,175.717,175.858,174.872,174.908,44633.6212
24.01.2018 16:00:00.000,174.907,175.390,174.567,174.968,88315.6586
24.01.2018 17:00:00.000,174.978,175.322,174.331,174.359,79829.8874
24.01.2018 18:00:00.000,174.358,174.597,173.197,174.178,84720.7642
24.01.2018 19:00:00.000,174.189,174.738,173.858,174.329,50022.213
24.01.2018 20:00:00.000,174.329,174.463,173.801,174.203,68633.5373
25.01.2018 14:00:00.000,174.348,174.937,172.450,173.030,26656.5666
25.01.2018 15:00:00.000,173.030,173.390,172.252,173.058,86789.9323
25.01.2018 16:00:00.000,173.057,173.567,172.967,173.511,8714.3488
25.01.2018 17:00:00.000,173.518,173.688,172.637,172.637,8489.4047
25.01.2018 18:00:00.000,172.638,172.779,172.147,172.328,20819.8833
25.01.2018 19:00:00.000,172.337,172.338,170.767,171.202,9873.0536
25.01.2018 20:00:00.000,171.208,171.292,170.527,171.117,9916.1167
26.01.2018 14:00:00.000,171.947,171.967,170.777,171.511,4324.07
26.01.2018 15:00:00.000,171.508,171.550,170.293,171.288,7795.773
26.01.2018 16:00:00.000,171.287,171.329,170.707,171.087,8152.173
26.01.2018 17:00:00.000,171.088,171.098,170.217,170.241,6438.3979
26.01.2018 18:00:00.000,170.247,171.130,170.057,171.078,6852.5658
26.01.2018 19:00:00.000,171.078,171.539,170.798,171.048,7464.8228
26.01.2018 20:00:00.000,171.057,171.488,170.857,171.437,9271.6789
29.01.2018 14:00:00.000,169.878,169.977,167.238,168.657,5454.4091
29.01.2018 15:00:00.000,168.657,168.711,167.067,168.317,9195.8199
29.01.2018 16:00:00.000,168.287,169.228,167.918,169.188,8315.6424
29.01.2018 17:00:00.000,169.187,169.201,168.437,168.777,24948.9498
29.01.2018 18:00:00.000,168.797,168.988,168.457,168.497,23101.4347
29.01.2018 19:00:00.000,168.498,168.527,167.757,168.197,27883.9817
29.01.2018 20:00:00.000,168.198,168.528,167.797,167.887,35061.676
30.01.2018 14:00:00.000,165.427,166.908,164.687,166.707,29876.7166
30.01.2018 15:00:00.000,166.678,167.308,165.857,167.047,52306.1905
30.01.2018 16:00:00.000,167.067,167.357,165.738,165.898,42726.0056
30.01.2018 17:00:00.000,165.897,166.447,165.847,165.987,36002.4071
30.01.2018 18:00:00.000,165.988,166.208,165.098,166.028,36929.306
30.01.2018 19:00:00.000,166.028,166.647,165.947,166.308,33128.6354
30.01.2018 20:00:00.000,166.308,167.048,166.217,166.938,30841.2895
31.01.2018 14:00:00.000,166.798,168.427,166.797,167.557,20104.7478
31.01.2018 15:00:00.000,167.567,168.218,167.347,167.527,33979.9156
31.01.2018 16:00:00.000,167.508,167.697,166.717,166.787,30901.4912
31.01.2018 17:00:00.000,166.788,167.237,166.647,166.697,25218.8339
31.01.2018 18:00:00.000,166.697,167.148,166.667,167.018,22931.9458
31.01.2018 19:00:00.000,167.018,167.358,166.497,166.877,39450.0313
31.01.2018 20:00:00.000,166.888,167.648,166.747,167.448,41885.9901
01.02.2018 14:00:00.000,167.198,168.198,166.748,167.848,22447.588
01.02.2018 15:00:00.000,167.817,168.178,166.967,167.127,37700.9277
01.02.2018 16:00:00.000,167.128,168.027,166.967,168.027,33444.8738
01.02.2018 17:00:00.000,168.027,168.598,167.717,167.787,15411.8652
01.02.2018 18:00:00.000,167.788,168.153,167.318,167.438,7615.4861
01.02.2018 19:00:00.000,167.437,168.118,167.117,168.101,9393.0693
01.02.2018 20:00:00.000,168.101,168.101,166.807,167.743,10660.7952
02.02.2018 14:00:00.000,165.998,166.057,163.202,163.588,6119.204
02.02.2018 15:00:00.000,163.607,164.168,162.867,163.637,11541.5678
02.02.2018 16:00:00.000,163.627,163.840,162.739,162.927,10704.217
02.02.2018 17:00:00.000,162.928,163.137,162.420,162.688,10303.9417
02.02.2018 18:00:00.000,162.680,162.687,160.897,162.368,10562.047
02.02.2018 19:00:00.000,162.368,162.410,160.997,161.617,10604.9891
02.02.2018 20:00:00.000,161.607,161.859,160.098,160.347,12685.2217
05.02.2018 14:00:00.000,159.097,163.197,157.998,163.128,4788.394
05.02.2018 15:00:00.000,163.133,163.848,162.659,163.357,11123.126
05.02.2018 16:00:00.000,163.377,163.828,161.097,161.627,9899.2796
05.02.2018 17:00:00.000,161.628,162.031,160.678,161.498,9828.7687
05.02.2018 18:00:00.000,161.498,162.457,160.757,162.401,9604.6
05.02.2018 19:00:00.000,162.409,162.458,160.388,160.627,10855.8273
05.02.2018 20:00:00.000,160.637,161.073,155.998,156.658,9439.0621
06.02.2018 14:00:00.000,154.998,160.980,153.997,158.838,4765.0561
06.02.2018 15:00:00.000,158.817,160.308,156.208,157.827,6897.9859
06.02.2018 16:00:00.000,157.848,159.357,156.501,158.497,6527.431
06.02.2018 17:00:00.000,158.498,160.872,158.497,160.478,10476.5568
06.02.2018 18:00:00.000,160.477,160.698,158.977,159.257,10977.2053
06.02.2018 19:00:00.000,159.235,161.918,158.617,161.758,12220.3379
06.02.2018 20:00:00.000,161.757,163.708,161.537,162.868,15238.142
07.02.2018 14:00:00.000,162.977,163.027,161.117,161.957,8426.0406
07.02.2018 15:00:00.000,161.957,162.598,161.348,161.978,15075.7542
07.02.2018 16:00:00.000,161.997,162.378,161.268,161.678,14590.7984
07.02.2018 17:00:00.000,161.691,161.813,160.108,160.477,14164.628
07.02.2018 18:00:00.000,160.498,161.368,159.057,161.097,34564.7964
07.02.2018 19:00:00.000,161.137,161.407,159.847,160.437,47364.6965
07.02.2018 20:00:00.000,160.438,161.288,159.517,159.517,53071.7773
08.02.2018 14:00:00.000,160.258,160.738,159.617,160.137,29952.8198
08.02.2018 15:00:00.000,160.138,160.877,159.567,160.098,56781.9481
08.02.2018 16:00:00.000,160.067,160.988,159.477,160.388,56635.5629
08.02.2018 17:00:00.000,160.387,160.527,157.877,158.738,57606.6246
08.02.2018 18:00:00.000,158.737,160.167,158.387,159.807,45543.0832
08.02.2018 19:00:00.000,159.808,160.097,158.467,158.827,43383.2855
08.02.2018 20:00:00.000,158.827,159.368,155.040,155.178,63950.5653
09.02.2018 14:00:00.000,156.997,157.787,155.808,157.147,29778.4672
09.02.2018 15:00:00.000,157.127,157.868,154.707,155.877,56335.1707
09.02.2018 16:00:00.000,155.878,156.428,154.847,154.938,43541.6641
09.02.2018 17:00:00.000,154.928,155.327,151.487,153.917,32365.4976
09.02.2018 18:00:00.000,153.917,153.917,150.247,151.747,31710.8269
09.02.2018 19:00:00.000,151.738,155.458,151.598,154.718,34941.906
09.02.2018 20:00:00.000,154.727,157.158,153.458,155.907,52080.4558
12.02.2018 14:00:00.000,158.477,160.278,157.497,159.568,33222.4045
12.02.2018 15:00:00.000,159.578,160.818,158.787,160.787,70410.3241
12.02.2018 16:00:00.000,160.775,162.108,160.527,162.068,59588.6269
12.02.2018 17:00:00.000,162.067,162.858,161.817,162.487,47010.4675
12.02.2018 18:00:00.000,162.498,162.968,161.858,162.858,36341.8045
12.02.2018 19:00:00.000,162.857,163.258,162.488,163.097,45023.7198
12.02.2018 20:00:00.000,163.098,163.878,162.537,162.757,53766.5138
13.02.2018 14:00:00.000,161.778,163.258,161.708,162.487,37530.056
13.02.2018 15:00:00.000,162.457,163.778,162.257,163.608,56002.6283
13.02.2018 16:00:00.000,163.607,163.607,162.468,162.958,50190.8722
13.02.2018 17:00:00.000,162.957,163.108,162.448,162.738,30777.0061
13.02.2018 18:00:00.000,162.738,164.207,162.737,163.448,40555.3474
13.02.2018 19:00:00.000,163.447,164.408,163.367,164.277,42239.2693
13.02.2018 20:00:00.000,164.268,164.738,163.797,164.348,45955.8029
14.02.2018 14:00:00.000,163.017,164.297,162.877,163.638,25085.6686
14.02.2018 15:00:00.000,163.638,165.537,163.357,165.347,54034.462
14.02.2018 16:00:00.000,165.328,165.777,164.937,165.187,48303.0815
14.02.2018 17:00:00.000,165.207,165.967,164.947,165.877,36690.2428
14.02.2018 18:00:00.000,165.877,166.187,165.647,166.068,32963.0013
14.02.2018 19:00:00.000,166.067,167.298,166.067,167.207,38668.0946
14.02.2018 20:00:00.000,167.208,167.508,167.007,167.347,41778.9917
15.02.2018 14:00:00.000,169.748,172.037,168.997,171.357,31875.1354
15.02.2018 15:00:00.000,171.368,171.468,169.607,169.658,63291.111
15.02.2018 16:00:00.000,169.677,171.677,169.197,171.318,56655.6053
15.02.2018 17:00:00.000,171.297,172.067,171.037,171.997,40282.0358
15.02.2018 18:00:00.000,172.007,172.758,171.637,171.967,44247.3946
15.02.2018 19:00:00.000,171.968,173.008,171.957,172.848,40857.7194
15.02.2018 20:00:00.000,172.857,173.077,172.538,172.932,46038.2156
16.02.2018 14:00:00.000,172.425,173.868,171.758,173.248,27449.2283
16.02.2018 15:00:00.000,173.268,174.558,172.627,174.038,50068.9316
16.02.2018 16:00:00.000,174.018,174.548,173.768,174.297,43111.3548
16.02.2018 17:00:00.000,174.297,174.798,173.828,174.287,34924.6559
16.02.2018 18:00:00.000,174.287,174.488,172.677,173.077,50614.1853
16.02.2018 19:00:00.000,173.098,173.748,172.517,173.378,52658.7143
16.02.2018 20:00:00.000,173.388,173.798,172.422,172.428,52774.662
20.02.2018 14:00:00.000,172.008,173.017,171.557,172.847,31054.0562
20.02.2018 15:00:00.000,172.858,173.988,172.697,173.418,50874.0463
20.02.2018 16:00:00.000,173.418,174.238,173.337,174.057,39430.7899
20.02.2018 17:00:00.000,174.058,174.228,173.677,173.767,28948.0972
20.02.2018 18:00:00.000,173.767,174.158,173.327,174.078,31255.1594
20.02.2018 19:00:00.000,174.097,174.148,171.972,172.578,39587.0552
20.02.2018 20:00:00.000,172.578,172.777,171.407,171.791,50602.9587
21.02.2018 14:00:00.000,172.748,173.567,172.427,173.028,11285.8362
21.02.2018 15:00:00.000,173.027,173.768,172.798,173.687,14139.8849
21.02.2018 16:00:00.000,173.688,174.058,172.977,173.688,8200.6512
21.02.2018 17:00:00.000,173.697,173.728,172.647,173.068,9896.8058
21.02.2018 18:00:00.000,173.058,173.408,172.747,173.318,4630.2981
21.02.2018 19:00:00.000,173.308,174.108,173.087,173.417,19484.2968
21.02.2018 20:00:00.000,173.418,173.458,171.047,171.087,31184.5646
22.02.2018 14:00:00.000,171.917,173.328,171.697,172.628,13734.5028
22.02.2018 15:00:00.000,172.768,173.888,172.417,173.448,17994.2303
22.02.2018 16:00:00.000,173.458,173.938,173.107,173.808,9746.4638
22.02.2018 17:00:00.000,173.807,173.898,172.728,173.018,8009.6617
22.02.2018 18:00:00.000,172.987,173.378,172.308,172.848,14818.202
22.02.2018 19:00:00.000,172.837,173.337,172.067,172.218,10860.0435
22.02.2018 20:00:00.000,172.217,172.978,171.807,172.588,18340.8833
23.02.2018 14:00:00.000,173.747,174.608,173.597,174.058,12493.4893
23.02.2018 15:00:00.000,174.078,174.438,173.537,174.388,14186.7943
23.02.2018 16:00:00.000,174.388,174.778,174.127,174.658,7618.2971
23.02.2018 17:00:00.000,174.657,174.738,174.267,174.568,5578.7902
23.02.2018 18:00:00.000,174.567,174.568,174.157,174.527,5149.0469
23.02.2018 19:00:00.000,174.528,174.988,174.267,174.977,6429.1
23.02.2018 20:00:00.000,174.968,175.638,174.948,175.548,9960.0096
26.02.2018 14:00:00.000,176.288,177.988,176.278,177.718,10699.3427
26.02.2018 15:00:00.000,177.708,178.397,177.287,177.648,12427.9222
26.02.2018 16:00:00.000,177.647,178.988,177.597,178.828,7115.7441
26.02.2018 17:00:00.000,178.818,179.117,178.338,178.518,8234.2491
26.02.2018 18:00:00.000,178.527,178.988,178.480,178.937,4979.1088
26.02.2018 19:00:00.000,178.938,179.368,178.937,179.008,7096.8161
26.02.2018 20:00:00.000,179.007,179.278,178.488,178.968,10230.732
27.02.2018 14:00:00.000,179.087,179.888,178.818,179.378,13342.0553
27.02.2018 15:00:00.000,179.378,180.458,178.781,179.028,15852.4542
27.02.2018 16:00:00.000,179.027,179.538,178.687,178.757,16429.5864
27.02.2018 17:00:00.000,178.758,179.417,178.147,179.348,13413.2357
27.02.2018 18:00:00.000,179.338,179.908,179.107,179.458,10307.3034
27.02.2018 19:00:00.000,179.468,179.768,178.977,179.498,15414.5069
27.02.2018 20:00:00.000,179.497,179.638,178.342,178.342,17458.8127
28.02.2018 14:00:00.000,179.247,179.908,179.067,179.828,7864.1958
28.02.2018 15:00:00.000,179.828,180.600,179.197,179.607,11410.9783
28.02.2018 16:00:00.000,179.617,179.778,178.498,179.093,66849.3805
28.02.2018 17:00:00.000,179.093,179.968,178.868,179.857,77269.577
28.02.2018 18:00:00.000,179.857,180.338,179.442,180.288,30636.0493
28.02.2018 19:00:00.000,180.288,180.478,179.267,179.438,11388.7148
28.02.2018 20:00:00.000,179.438,179.598,178.047,178.148,24832.8896
01.03.2018 14:00:00.000,178.538,179.345,177.477,177.898,6534.369
01.03.2018 15:00:00.000,177.897,179.758,177.637,178.357,17937.2463
01.03.2018 16:00:00.000,178.357,178.948,178.157,178.347,16747.1733
01.03.2018 17:00:00.000,178.337,178.418,175.778,175.957,5119.8092
01.03.2018 18:00:00.000,175.957,175.957,173.258,173.287,3999.0349
01.03.2018 19:00:00.000,173.278,175.058,172.677,174.938,3082.6311
01.03.2018 20:00:00.000,174.929,175.838,173.917,174.927,5816.7381
02.03.2018 14:00:00.000,172.658,174.278,172.447,173.512,3409.481
02.03.2018 15:00:00.000,173.517,175.237,173.297,174.527,6749.2652
02.03.2018 16:00:00.000,174.517,175.258,174.008,175.047,6095.7971
02.03.2018 17:00:00.000,175.048,176.107,174.867,175.797,6000.0372
02.03.2018 18:00:00.000,175.797,175.898,174.117,174.798,4967.6752
02.03.2018 19:00:00.000,174.788,175.767,174.728,175.017,4787.827
02.03.2018 20:00:00.000,175.017,176.288,174.608,176.137,5257.7991
05.03.2018 14:00:00.000,175.068,176.558,174.517,175.308,4078.6142
05.03.2018 15:00:00.000,175.297,176.458,174.767,176.377,8421.8922
05.03.2018 16:00:00.000,176.377,177.417,176.147,177.278,5404.3899
05.03.2018 17:00:00.000,177.287,177.598,176.718,177.368,5008.6761
05.03.2018 18:00:00.000,177.377,177.728,176.827,177.397,4806.5038
05.03.2018 19:00:00.000,177.397,177.417,176.447,177.337,48348.7167
05.03.2018 20:00:00.000,177.337,177.578,176.807,176.827,78717.247
06.03.2018 14:00:00.000,177.877,178.208,177.387,177.877,50633.6555
06.03.2018 15:00:00.000,177.877,178.238,176.788,177.017,85131.073
06.03.2018 16:00:00.000,177.007,177.038,176.318,176.957,82454.8874
06.03.2018 17:00:00.000,176.958,177.398,176.557,177.388,4357.955
06.03.2018 18:00:00.000,177.398,177.528,176.327,176.477,3927.12
06.03.2018 19:00:00.000,176.458,176.988,176.128,176.698,3615.8421
06.03.2018 20:00:00.000,176.697,176.817,176.197,176.677,3396.3029
07.03.2018 14:00:00.000,175.087,175.828,174.807,174.847,3691.7479
07.03.2018 15:00:00.000,174.848,175.458,174.647,175.318,6110.167
07.03.2018 16:00:00.000,175.317,175.338,174.677,174.697,2622.0341
07.03.2018 17:00:00.000,174.707,175.337,174.257,175.208,4106.5021
07.03.2018 18:00:00.000,175.208,175.698,174.437,175.238,4213.6202
07.03.2018 19:00:00.000,175.237,175.598,174.897,175.028,3422.2119
07.03.2018 20:00:00.000,175.028,175.568,174.737,174.978,3612.0169
08.03.2018 14:00:00.000,175.427,176.038,175.237,175.327,2068.5511
08.03.2018 15:00:00.000,175.327,175.678,175.067,175.478,3423.852
08.03.2018 16:00:00.000,175.498,176.478,175.427,176.418,3393.399
08.03.2018 17:00:00.000,176.427,176.698,176.048,176.608,4326.8871
08.03.2018 18:00:00.000,176.617,176.948,176.058,176.628,3967.4039
08.03.2018 19:00:00.000,176.638,177.088,176.247,176.957,2901.4051
08.03.2018 20:00:00.000,176.938,177.098,176.267,176.868,4453.3072
09.03.2018 14:00:00.000,177.767,178.398,177.377,177.978,2951.75
09.03.2018 15:00:00.000,177.978,178.888,177.937,178.587,4445.991
09.03.2018 16:00:00.000,178.587,179.618,178.548,179.418,3944.083
09.03.2018 17:00:00.000,179.417,179.637,178.917,179.088,2881.526
09.03.2018 18:00:00.000,179.097,179.517,178.908,179.497,1685.431
09.03.2018 19:00:00.000,179.517,179.698,179.267,179.637,1629.531
09.03.2018 20:00:00.000,179.646,179.978,179.557,179.963,2517.4229
12.03.2018 13:00:00.000,180.198,181.898,180.198,181.368,2240.8681
12.03.2018 14:00:00.000,181.377,182.178,181.377,181.588,3268.9259
12.03.2018 15:00:00.000,181.587,181.878,180.878,181.877,3355.037
12.03.2018 16:00:00.000,181.878,182.057,181.647,181.738,2163.9199
12.03.2018 17:00:00.000,181.737,182.168,181.597,181.637,1775.761
12.03.2018 18:00:00.000,181.638,181.787,181.057,181.697,2670.181
12.03.2018 19:00:00.000,181.698,182.378,181.527,181.717,2632.726
13.03.2018 13:00:00.000,182.467,183.287,182.207,183.158,2274.6041
13.03.2018 14:00:00.000,183.157,183.488,182.507,182.708,3890.903
13.03.2018 15:00:00.000,182.708,182.740,181.337,181.897,6127.223
13.03.2018 16:00:00.000,181.899,182.198,180.808,181.987,4408.2532
13.03.2018 17:00:00.000,181.988,182.528,181.338,181.408,3317.9669
13.03.2018 18:00:00.000,181.407,181.708,180.457,180.898,4814.7521
13.03.2018 19:00:00.000,180.907,181.138,179.227,179.978,5005.0082
14.03.2018 13:00:00.000,180.347,180.498,178.547,179.018,2856.817
14.03.2018 14:00:00.000,179.044,179.768,178.297,178.998,5343.0662
14.03.2018 15:00:00.000,179.007,179.258,177.807,178.308,4920.4021
14.03.2018 16:00:00.000,178.328,179.068,178.027,178.948,5337.8458
14.03.2018 17:00:00.000,178.948,179.607,178.478,179.358,3485.368
14.03.2018 18:00:00.000,179.357,179.528,178.177,178.637,3073.5281
14.03.2018 19:00:00.000,178.638,178.688,177.987,178.447,4239.5959
15.03.2018 13:00:00.000,178.397,178.818,178.267,178.628,1606.642
15.03.2018 14:00:00.000,178.627,179.728,178.627,179.487,2834.023
15.03.2018 15:00:00.000,179.478,180.190,179.437,179.778,2743.926
15.03.2018 16:00:00.000,179.777,179.858,179.147,179.508,2618.5739
15.03.2018 17:00:00.000,179.507,179.607,178.097,178.170,2086.1449
15.03.2018 18:00:00.000,178.170,178.948,178.067,178.947,2219.449
15.03.2018 19:00:00.000,178.938,179.248,178.597,178.718,2882.8361
16.03.2018 13:00:00.000,178.627,179.106,178.137,178.667,2197.0749
16.03.2018 14:00:00.000,178.668,178.838,178.297,178.597,1960.381
16.03.2018 15:00:00.000,178.598,178.738,177.618,177.738,2370.5349
16.03.2018 16:00:00.000,177.748,178.588,177.687,178.567,1891.158
16.03.2018 17:00:00.000,178.568,178.708,178.247,178.527,1349.869
16.03.2018 18:00:00.000,178.528,178.678,178.187,178.638,1155.319
16.03.2018 19:00:00.000,178.637,178.728,177.857,177.868,1728.966
19.03.2018 13:00:00.000,177.297,177.427,176.297,176.798,1910.109
19.03.2018 14:00:00.000,176.797,176.868,175.567,175.827,2810.2281
19.03.2018 15:00:00.000,175.827,176.018,174.497,174.667,3712.3439
19.03.2018 16:00:00.000,174.667,175.378,174.027,174.507,3382.6339
19.03.2018 17:00:00.000,174.507,174.738,173.648,174.461,3693.4979
19.03.2018 18:00:00.000,174.494,174.868,173.827,174.638,3268.8701
19.03.2018 19:00:00.000,174.637,175.397,174.317,175.268,3923.274
20.03.2018 13:00:00.000,175.278,176.778,175.197,176.217,2170.836
20.03.2018 14:00:00.000,176.217,176.388,175.497,176.148,3892.0381
20.03.2018 15:00:00.000,176.147,176.347,175.367,175.647,3686.873
20.03.2018 16:00:00.000,175.638,176.288,175.537,175.847,2308.146
20.03.2018 17:00:00.000,175.848,175.938,174.987,175.117,1609.581
20.03.2018 18:00:00.000,175.118,175.758,174.937,175.668,2012.1191
20.03.2018 19:00:00.000,175.667,175.928,175.137,175.207,2352.293
21.03.2018 13:00:00.000,174.957,175.067,174.337,174.427,1983.786
21.03.2018 14:00:00.000,174.428,174.578,173.707,174.088,2051.379
21.03.2018 15:00:00.000,174.087,174.297,173.907,174.218,1364.441
21.03.2018 16:00:00.000,174.217,174.240,173.877,173.888,976.983
21.03.2018 17:00:00.000,173.887,173.888,173.057,173.457,1873.047
21.03.2018 18:00:00.000,173.477,174.167,171.317,171.918,5552.2161
21.03.2018 19:00:00.000,171.927,172.557,171.267,171.378,3577.0459
22.03.2018 13:00:00.000,169.948,170.338,169.378,169.767,2871.5799
22.03.2018 14:00:00.000,169.778,170.377,169.167,169.308,5046.3829
22.03.2018 15:00:00.000,169.328,169.968,168.931,169.567,4564.208
22.03.2018 16:00:00.000,169.568,171.278,169.297,170.558,6820.5671
22.03.2018 17:00:00.000,170.557,172.658,170.068,172.087,4857.573
22.03.2018 18:00:00.000,172.068,172.378,170.718,170.808,4725.7371
22.03.2018 19:00:00.000,170.807,171.317,168.593,168.718,6601.5401
23.03.2018 13:00:00.000,168.497,169.238,167.528,168.928,2411.1879
23.03.2018 14:00:00.000,168.938,169.647,168.217,169.608,6135.1242
23.03.2018 15:00:00.000,169.608,169.727,167.377,167.427,5368.185
23.03.2018 16:00:00.000,167.437,168.558,167.377,167.788,4988.5278
23.03.2018 17:00:00.000,167.788,169.908,167.597,169.717,4603.3359
23.03.2018 18:00:00.000,169.718,169.858,167.118,167.118,5774.8222
23.03.2018 19:00:00.000,167.128,167.638,164.987,165.018,8080.2231
26.03.2018 13:00:00.000,167.998,169.868,167.768,169.426,2686.142
26.03.2018 14:00:00.000,169.428,169.698,167.907,168.208,4191.3748
26.03.2018 15:00:00.000,168.207,168.558,166.417,167.678,5649.7831
26.03.2018 16:00:00.000,167.677,169.187,167.287,168.737,4284.986
26.03.2018 17:00:00.000,168.728,169.967,168.727,169.468,3036.5779
26.03.2018 18:00:00.000,169.488,171.948,169.488,171.497,4395.01
26.03.2018 19:00:00.000,171.498,173.098,171.417,172.791,4003.912
27.03.2018 13:00:00.000,173.658,175.128,173.617,174.617,2978.615
27.03.2018 14:00:00.000,174.647,174.647,173.147,173.467,6887.7831
27.03.2018 15:00:00.000,173.468,174.588,172.887,174.318,4649.509
27.03.2018 16:00:00.000,174.328,174.637,172.608,173.207,4761.0312
27.03.2018 17:00:00.000,173.208,173.597,171.330,171.747,5137.8431
27.03.2018 18:00:00.000,171.748,171.758,169.687,169.868,5324.6679
27.03.2018 19:00:00.000,169.867,170.008,167.017,168.368,7469.2869
28.03.2018 13:00:00.000,167.088,167.778,165.188,166.937,3584.63
28.03.2018 14:00:00.000,166.938,167.717,165.330,166.498,6618.7429
28.03.2018 15:00:00.000,166.491,168.927,166.491,167.988,6387.064
28.03.2018 16:00:00.000,167.998,169.998,167.067,167.168,5838.861
28.03.2018 17:00:00.000,167.167,168.717,166.737,167.702,5547.338
28.03.2018 18:00:00.000,167.697,168.198,166.747,166.978,4593.5969
28.03.2018 19:00:00.000,166.977,167.748,165.917,166.487,6454.0458
29.03.2018 13:00:00.000,168.008,168.768,166.918,167.227,2950.479
29.03.2018 14:00:00.000,167.219,170.347,166.888,170.347,5129.5552
29.03.2018 15:00:00.000,170.327,170.598,169.097,169.788,4573.2861
29.03.2018 16:00:00.000,169.797,170.178,169.062,170.028,2786.8819
29.03.2018 17:00:00.000,170.028,170.938,169.218,170.677,2982.4409
29.03.2018 18:00:00.000,170.678,171.558,170.247,171.327,3338.0871
29.03.2018 19:00:00.000,171.338,171.738,168.211,168.297,4377.4219
02.04.2018 13:00:00.000,167.748,168.927,167.327,167.887,2435.6019
02.04.2018 14:00:00.000,167.888,167.978,166.827,166.957,8184.3596
02.04.2018 15:00:00.000,166.957,167.090,164.798,165.308,112399.5056
02.04.2018 16:00:00.000,165.298,166.529,164.717,165.693,104621.1777
02.04.2018 17:00:00.000,165.688,165.918,164.831,165.182,95873.703
02.04.2018 18:00:00.000,165.182,166.102,164.457,166.077,102916.3437
02.04.2018 19:00:00.000,166.077,167.031,165.297,166.298,114486.7477
03.04.2018 13:00:00.000,167.627,167.768,166.400,166.678,49834.301
03.04.2018 14:00:00.000,166.678,166.718,164.858,166.440,98507.2784
03.04.2018 15:00:00.000,166.458,167.570,165.671,165.687,86309.1965
03.04.2018 16:00:00.000,165.697,166.468,165.337,166.087,71626.1444
03.04.2018 17:00:00.000,166.087,167.118,165.727,166.917,74913.3835
03.04.2018 18:00:00.000,166.917,167.620,165.591,167.447,86575.7065
03.04.2018 19:00:00.000,167.447,168.708,167.180,168.397,102710.4034
04.04.2018 13:00:00.000,164.857,166.898,164.807,166.347,53866.909
04.04.2018 14:00:00.000,166.387,168.068,165.607,168.067,17413.7783
04.04.2018 15:00:00.000,168.068,169.788,167.407,169.397,13658.0572
04.04.2018 16:00:00.000,169.398,170.518,169.267,169.588,12607.8749
04.04.2018 17:00:00.000,169.608,169.702,168.467,169.407,30749.0158
04.04.2018 18:00:00.000,169.417,170.988,169.338,170.928,11689.8375
04.04.2018 19:00:00.000,170.917,171.988,170.667,171.530,12966.7187
05.04.2018 13:00:00.000,172.528,173.538,172.061,172.940,49135.8871
05.04.2018 14:00:00.000,172.958,173.078,172.320,172.908,67174.5071
05.04.2018 15:00:00.000,172.907,174.178,172.857,174.148,6983.9158
05.04.2018 16:00:00.000,174.147,174.218,173.058,173.788,8138.2284
05.04.2018 17:00:00.000,173.807,174.048,172.457,173.147,8655.9229
05.04.2018 18:00:00.000,173.165,174.008,173.047,173.997,3691.9069
05.04.2018 19:00:00.000,173.998,174.188,172.657,172.787,3935.7331
06.04.2018 13:00:00.000,170.886,172.468,170.727,172.098,11239.378
06.04.2018 14:00:00.000,172.107,172.218,170.307,170.668,15642.271
06.04.2018 15:00:00.000,170.657,171.038,169.717,170.877,15465.5333
06.04.2018 16:00:00.000,170.878,171.278,169.958,171.180,12610.6348
06.04.2018 17:00:00.000,171.180,171.180,169.077,169.097,11967.3223
06.04.2018 18:00:00.000,169.098,169.568,168.467,168.738,16478.0922
06.04.2018 19:00:00.000,168.767,169.218,168.197,168.358,20031.1699
09.04.2018 13:00:00.000,169.798,171.587,169.798,171.347,7930.017
09.04.2018 14:00:00.000,171.348,171.948,170.809,171.747,11033.7706
09.04.2018 15:00:00.000,171.768,172.467,171.367,172.438,7668.8571
09.04.2018 16:00:00.000,172.437,172.968,171.928,172.788,7003.3612
09.04.2018 17:00:00.000,172.787,173.028,172.548,172.968,6220.3798
09.04.2018 18:00:00.000,172.978,173.017,171.551,172.397,8162.528
09.04.2018 19:00:00.000,172.398,172.438,169.868,169.988,14977.438
10.04.2018 13:00:00.000,173.088,173.496,171.908,172.388,8699.7261
10.04.2018 14:00:00.000,172.388,173.448,172.307,173.187,10770.73
10.04.2018 15:00:00.000,173.188,173.488,172.508,173.168,10137.1679
10.04.2018 16:00:00.000,173.167,173.258,171.569,172.577,11446.2967
10.04.2018 17:00:00.000,172.587,173.188,172.367,173.167,8230.5527
10.04.2018 18:00:00.000,173.168,173.388,172.528,173.378,9231.5216
10.04.2018 19:00:00.000,173.377,173.958,172.867,173.302,12712.1964
11.04.2018 13:00:00.000,171.798,172.717,171.697,172.658,8696.866
11.04.2018 14:00:00.000,172.647,173.228,172.098,172.738,10348.8359
11.04.2018 15:00:00.000,172.747,173.477,172.249,173.238,8398.0188
11.04.2018 16:00:00.000,173.237,173.918,172.688,172.998,7690.4101
11.04.2018 17:00:00.000,172.987,173.388,172.629,173.267,7532.196
11.04.2018 18:00:00.000,173.277,173.628,172.847,173.178,10177.0515
11.04.2018 19:00:00.000,173.178,173.288,172.067,172.437,9811.7638
12.04.2018 13:00:00.000,173.397,174.517,173.037,174.478,7041.6799
12.04.2018 14:00:00.000,174.468,174.728,174.187,174.348,9226.8219
12.04.2018 15:00:00.000,174.329,174.847,174.097,174.548,6892.0822
12.04.2018 16:00:00.000,174.547,174.848,174.247,174.808,4767.1628
12.04.2018 17:00:00.000,174.807,174.858,173.708,174.037,7586.956
12.04.2018 18:00:00.000,174.028,174.798,173.937,174.728,5034.8721
12.04.2018 19:00:00.000,174.727,174.977,174.117,174.167,8829.5441
13.04.2018 13:00:00.000,174.867,175.827,174.798,175.237,6941.1812
13.04.2018 14:00:00.000,175.227,175.278,173.847,174.577,13484.9606
13.04.2018 15:00:00.000,174.578,175.308,174.107,175.197,10029.501
13.04.2018 16:00:00.000,175.197,175.328,174.677,175.097,8099.9956
13.04.2018 17:00:00.000,175.108,175.458,174.967,175.418,6061.1501
13.04.2018 18:00:00.000,175.417,175.438,174.597,174.768,7100.131
13.04.2018 19:00:00.000,174.767,174.988,174.069,174.717,13797.8239
16.04.2018 13:00:00.000,174.977,175.978,174.828,175.648,6510.8509
16.04.2018 14:00:00.000,175.647,175.948,175.047,175.318,7276.989
16.04.2018 15:00:00.000,175.317,175.648,174.917,175.507,6193.8829
16.04.2018 16:00:00.000,175.508,175.968,175.087,175.900,5314.7001
16.04.2018 17:00:00.000,175.898,176.178,175.797,175.987,4754.0731
16.04.2018 18:00:00.000,175.987,176.086,175.697,175.938,4794.6091
16.04.2018 19:00:00.000,175.938,176.098,175.447,175.807,7037.7321
17.04.2018 13:00:00.000,176.407,177.357,176.407,176.977,6797.1659
17.04.2018 14:00:00.000,176.988,177.838,176.967,177.788,6353.826
17.04.2018 15:00:00.000,177.788,178.468,177.787,178.377,4858.4609
17.04.2018 16:00:00.000,178.388,178.648,177.987,178.168,4501.7872
17.04.2018 17:00:00.000,178.158,178.477,177.827,178.427,4159.2631
17.04.2018 18:00:00.000,178.428,178.648,178.217,178.457,4740.345
17.04.2018 19:00:00.000,178.468,178.927,178.053,178.237,6915.0028
18.04.2018 13:00:00.000,177.767,178.808,177.567,177.697,6973.145
18.04.2018 14:00:00.000,177.698,177.716,176.867,177.678,7688.1409
18.04.2018 15:00:00.000,177.678,178.118,177.637,177.938,4327.6649
18.04.2018 16:00:00.000,177.937,178.318,177.717,177.897,4000.6642
18.04.2018 17:00:00.000,177.877,178.298,177.857,177.918,3579.6559
18.04.2018 18:00:00.000,177.917,178.627,177.778,178.297,4348.886
18.04.2018 19:00:00.000,178.307,178.698,177.757,177.833,6416.46
19.04.2018 13:00:00.000,174.778,175.358,174.107,174.520,9215.0784
19.04.2018 14:00:00.000,174.527,174.627,173.630,173.708,9388.6557
19.04.2018 15:00:00.000,173.697,173.988,173.257,173.398,9012.0907
19.04.2018 16:00:00.000,173.388,173.788,173.147,173.327,7156.373
19.04.2018 17:00:00.000,173.327,173.968,173.197,173.867,5751.3599
19.04.2018 18:00:00.000,173.867,173.938,172.657,173.108,6984.1509
19.04.2018 19:00:00.000,173.107,173.518,172.768,172.788,9646.4624
20.04.2018 13:00:00.000,170.518,171.140,166.857,167.377,15111.1679
20.04.2018 14:00:00.000,167.378,168.088,166.727,166.948,14875.2356
20.04.2018 15:00:00.000,166.947,167.258,166.517,166.887,9263.8369
20.04.2018 16:00:00.000,166.907,166.988,165.587,165.910,8756.3419
20.04.2018 17:00:00.000,165.908,166.447,165.677,165.847,6510.5109
20.04.2018 18:00:00.000,165.848,166.088,165.517,165.838,5859.1928
20.04.2018 19:00:00.000,165.837,166.377,165.427,165.707,6540.8821
23.04.2018 13:00:00.000,166.797,166.857,165.207,165.908,2957.212
23.04.2018 14:00:00.000,165.917,166.788,165.589,166.578,5238.1449
23.04.2018 15:00:00.000,166.577,166.738,166.337,166.537,3296.89
23.04.2018 16:00:00.000,166.538,166.608,164.808,164.968,3501.4839
23.04.2018 17:00:00.000,164.967,165.278,164.547,165.018,2968.786
23.04.2018 18:00:00.000,165.017,165.108,164.077,164.287,4504.6072
23.04.2018 19:00:00.000,164.288,165.238,164.217,165.217,3630.1291
24.04.2018 13:00:00.000,165.708,166.318,164.757,165.297,3030.441
24.04.2018 14:00:00.000,165.288,165.438,163.418,164.168,6164.8188
24.04.2018 15:00:00.000,164.188,164.617,163.637,163.677,6402.5989
24.04.2018 16:00:00.000,163.677,164.168,162.367,162.377,6216.6309
24.04.2018 17:00:00.000,162.348,163.337,162.067,162.307,4982.4672
24.04.2018 18:00:00.000,162.299,162.877,161.217,162.648,5152.4959
24.04.2018 19:00:00.000,162.647,163.038,161.937,162.798,4994.5512
25.04.2018 13:00:00.000,162.607,164.548,162.397,163.667,3505.8119
25.04.2018 14:00:00.000,163.668,165.008,163.107,164.788,6493.2928
25.04.2018 15:00:00.000,164.768,165.138,164.038,164.497,4740.0489
25.04.2018 16:00:00.000,164.498,165.078,164.097,164.688,6303.0558
25.04.2018 17:00:00.000,164.687,165.398,164.617,164.977,8661.7489
25.04.2018 18:00:00.000,164.978,165.039,164.158,164.978,8782.0683
25.04.2018 19:00:00.000,164.977,165.138,163.327,163.668,8221.1027
26.04.2018 13:00:00.000,164.037,165.038,163.987,164.858,5095.5758
26.04.2018 14:00:00.000,164.867,165.568,164.517,165.568,9972.1174
26.04.2018 15:00:00.000,165.567,165.688,164.337,164.537,9646.7199
26.04.2018 16:00:00.000,164.547,164.611,163.647,164.067,10878.0975
26.04.2018 17:00:00.000,164.068,164.467,163.927,164.138,22067.2779
26.04.2018 18:00:00.000,164.137,164.277,163.357,164.178,7376.3542
26.04.2018 19:00:00.000,164.177,164.388,163.690,164.188,7122.385
27.04.2018 13:00:00.000,163.987,164.228,161.928,162.028,4781.672
27.04.2018 14:00:00.000,162.017,162.148,160.628,161.698,8771.9517
27.04.2018 15:00:00.000,161.678,162.568,161.510,161.667,6258.3752
27.04.2018 16:00:00.000,161.668,162.298,161.418,162.298,5787.7512
27.04.2018 17:00:00.000,162.297,162.788,162.077,162.188,4690.2418
27.04.2018 18:00:00.000,162.188,163.180,162.117,162.837,4457.499
27.04.2018 19:00:00.000,162.838,163.168,162.257,162.318,8121.562
30.04.2018 13:00:00.000,162.107,167.008,161.827,166.237,2818.3551
30.04.2018 14:00:00.000,166.237,167.248,165.887,166.188,4028.4791
30.04.2018 15:00:00.000,166.198,166.388,165.037,165.487,7696.7659
30.04.2018 16:00:00.000,165.487,165.637,164.697,165.227,11393.9056
30.04.2018 17:00:00.000,165.217,165.487,164.387,165.418,7520.3881
30.04.2018 18:00:00.000,165.418,165.428,164.417,164.738,8705.0619
30.04.2018 19:00:00.000,164.708,165.958,164.617,165.387,9511.3239
01.05.2018 13:00:00.000,166.368,167.128,165.258,166.797,5242.4831
01.05.2018 14:00:00.000,166.838,168.107,166.737,166.957,11153.161
01.05.2018 15:00:00.000,166.958,167.258,166.487,167.078,10418.273
01.05.2018 16:00:00.000,167.077,168.168,167.058,167.548,9158.7648
01.05.2018 17:00:00.000,167.548,168.057,166.907,168.018,8983.1324
01.05.2018 18:00:00.000,168.017,168.108,167.517,167.918,9437.3007
01.05.2018 19:00:00.000,167.918,169.148,167.798,169.068,12898.2964
02.05.2018 13:00:00.000,175.208,176.057,173.787,175.418,6584.8622
02.05.2018 14:00:00.000,175.427,176.718,175.427,175.888,11617.384
02.05.2018 15:00:00.000,175.897,176.558,175.217,175.957,9738.1926
02.05.2018 16:00:00.000,175.948,176.728,175.748,176.208,8585.5293
02.05.2018 17:00:00.000,176.208,176.978,176.157,176.968,7146.3099
02.05.2018 18:00:00.000,176.967,177.728,176.857,177.417,10229.2976
02.05.2018 19:00:00.000,177.418,177.628,176.255,176.467,12161.0126
03.05.2018 13:00:00.000,175.647,176.708,174.797,176.648,5916.5831
03.05.2018 14:00:00.000,176.648,176.668,174.437,174.777,15147.8596
03.05.2018 15:00:00.000,174.778,175.708,174.487,175.488,12697.9151
03.05.2018 16:00:00.000,175.508,176.848,174.938,176.817,10725.7471
03.05.2018 17:00:00.000,176.817,177.308,176.407,176.977,19421.3581
03.05.2018 18:00:00.000,176.972,177.468,176.597,176.867,20455.5874
03.05.2018 19:00:00.000,176.868,177.188,176.497,176.877,23075.6111
04.05.2018 13:00:00.000,178.138,181.187,178.138,181.168,16685.8463
04.05.2018 14:00:00.000,181.167,183.618,180.548,182.857,31591.1446
04.05.2018 15:00:00.000,182.837,183.188,182.507,182.658,22323.7858
04.05.2018 16:00:00.000,182.657,183.838,182.548,183.338,18262.5427
04.05.2018 17:00:00.000,183.357,183.648,182.717,183.637,17228.5118
04.05.2018 18:00:00.000,183.637,183.977,183.257,183.678,17689.4169
04.05.2018 19:00:00.000,183.678,184.228,183.528,183.897,21325.8572
07.05.2018 13:00:00.000,185.177,186.858,185.177,186.478,12610.2686
07.05.2018 14:00:00.000,186.448,187.648,185.888,187.347,22348.3562
07.05.2018 15:00:00.000,187.347,187.458,186.797,187.358,16935.4248
07.05.2018 16:00:00.000,187.358,187.397,185.158,185.647,18889.9765
07.05.2018 17:00:00.000,185.648,186.348,184.818,186.238,17624.1894
07.05.2018 18:00:00.000,186.218,186.558,185.277,185.468,16758.0833
07.05.2018 19:00:00.000,185.468,185.948,184.737,185.198,26620.0218
08.05.2018 13:00:00.000,184.938,185.027,183.668,184.347,12022.7985
08.05.2018 14:00:00.000,184.358,185.628,184.287,185.128,20143.5127
08.05.2018 15:00:00.000,185.127,186.188,184.947,185.187,23746.4428
08.05.2018 16:00:00.000,185.188,185.608,184.877,185.108,18306.7722
08.05.2018 17:00:00.000,185.107,185.458,184.987,185.038,17896.2612
08.05.2018 18:00:00.000,185.038,185.817,184.437,184.938,25393.322
08.05.2018 19:00:00.000,184.958,186.037,184.778,186.027,21006.9427
09.05.2018 13:00:00.000,186.548,186.658,185.647,185.687,10858.3698
09.05.2018 14:00:00.000,185.688,186.107,185.188,185.457,20095.6383
09.05.2018 15:00:00.000,185.468,185.977,185.338,185.878,15497.92
09.05.2018 16:00:00.000,185.878,186.427,185.647,186.228,16397.9893
09.05.2018 17:00:00.000,186.237,186.818,186.077,186.797,15353.776
09.05.2018 18:00:00.000,186.798,186.968,186.498,186.938,15367.2714
09.05.2018 19:00:00.000,186.937,187.307,186.887,187.297,16621.3703
10.05.2018 13:00:00.000,187.698,188.538,187.667,187.977,12027.1683
10.05.2018 14:00:00.000,187.987,188.698,187.717,188.658,22386.364
10.05.2018 15:00:00.000,188.637,189.818,188.577,189.768,16920.5494
10.05.2018 16:00:00.000,189.758,189.978,189.427,189.827,15842.4864
10.05.2018 17:00:00.000,189.828,190.347,189.647,189.878,17396.0419
10.05.2018 18:00:00.000,189.867,190.168,189.448,189.948,16788.9919
10.05.2018 19:00:00.000,189.947,190.188,189.687,190.017,28823.0343
11.05.2018 13:00:00.000,189.337,190.018,188.587,189.487,13469.3718
11.05.2018 14:00:00.000,189.497,189.558,188.967,189.228,23409.4601
11.05.2018 15:00:00.000,189.227,189.228,188.417,188.988,19585.5541
11.05.2018 16:00:00.000,188.987,189.068,188.237,188.537,19766.5024
11.05.2018 17:00:00.000,188.538,188.818,188.387,188.628,15204.5507
11.05.2018 18:00:00.000,188.637,188.668,187.438,187.627,22980.4516
11.05.2018 19:00:00.000,187.628,188.707,187.617,188.557,23019.331
14.05.2018 13:00:00.000,188.927,189.498,188.327,188.398,14015.192
14.05.2018 14:00:00.000,188.407,189.407,188.238,188.887,20537.4775
14.05.2018 15:00:00.000,188.898,189.418,188.818,188.977,18093.3914
14.05.2018 16:00:00.000,188.978,189.258,188.747,188.787,18349.8554
14.05.2018 17:00:00.000,188.788,188.798,188.337,188.468,17386.0531
14.05.2018 18:00:00.000,188.468,188.478,187.917,188.348,16558.0921
14.05.2018 19:00:00.000,188.347,188.538,187.838,188.157,20092.6647
15.05.2018 13:00:00.000,186.758,186.818,185.618,186.027,14052.5618
15.05.2018 14:00:00.000,186.027,187.038,185.887,186.077,23438.839
15.05.2018 15:00:00.000,186.078,186.468,185.758,186.068,23512.7811
15.05.2018 16:00:00.000,186.067,186.388,185.827,186.018,19494.3752
15.05.2018 17:00:00.000,186.017,186.078,185.087,185.198,19180.5191
15.05.2018 18:00:00.000,185.207,186.177,185.097,185.618,22422.1992
15.05.2018 19:00:00.000,185.617,186.448,185.567,186.328,23864.994
16.05.2018 13:00:00.000,186.068,187.038,185.997,186.968,11357.5001
16.05.2018 14:00:00.000,186.968,188.358,186.837,187.847,25348.8636
16.05.2018 15:00:00.000,187.837,187.858,187.057,187.827,22291.3361
16.05.2018 16:00:00.000,187.837,188.227,187.787,188.078,20218.2159
16.05.2018 17:00:00.000,188.077,188.198,187.807,188.088,17403.5263
16.05.2018 18:00:00.000,188.087,188.428,187.947,188.368,17251.0624
16.05.2018 19:00:00.000,188.367,188.378,187.577,188.138,20291.502
17.05.2018 13:00:00.000,187.948,188.187,187.267,187.348,11849.6847
17.05.2018 14:00:00.000,187.358,188.868,187.307,188.848,20749.2924
17.05.2018 15:00:00.000,188.848,188.878,187.688,187.928,17678.2894
17.05.2018 16:00:00.000,187.928,188.107,187.237,187.477,17294.2314
17.05.2018 17:00:00.000,187.478,187.648,186.818,186.847,18274.0974
17.05.2018 18:00:00.000,186.838,187.357,186.338,187.257,21372.715
17.05.2018 19:00:00.000,187.258,187.387,186.787,186.978,18985.0616
18.05.2018 13:00:00.000,187.157,187.328,186.457,186.708,14417.9296
18.05.2018 14:00:00.000,186.717,187.798,186.428,186.877,26615.8009
18.05.2018 15:00:00.000,186.878,187.757,186.858,187.358,20179.7371
18.05.2018 16:00:00.000,187.367,187.468,187.047,187.317,16921.2151
18.05.2018 17:00:00.000,187.318,187.458,186.667,186.787,15109.7012
18.05.2018 18:00:00.000,186.788,186.897,186.597,186.868,12610.1999
18.05.2018 19:00:00.000,186.867,186.887,186.108,186.288,16217.6838
21.05.2018 13:00:00.000,187.848,189.248,187.848,188.958,8070.1466
21.05.2018 14:00:00.000,188.967,189.248,188.328,188.558,11688.777
21.05.2018 15:00:00.000,188.558,188.638,187.097,187.597,11489.9864
21.05.2018 16:00:00.000,187.597,188.037,187.537,187.818,8231.4663
21.05.2018 17:00:00.000,187.828,188.248,187.718,187.848,8260.1357
21.05.2018 18:00:00.000,187.848,187.858,186.897,187.307,9465.8661
21.05.2018 19:00:00.000,187.307,187.748,187.067,187.597,10101.5854
22.05.2018 13:00:00.000,188.335,188.848,187.847,187.947,5737.6609
22.05.2018 14:00:00.000,187.927,188.168,187.317,187.438,11997.4756
22.05.2018 15:00:00.000,187.428,187.608,187.237,187.418,9975.1282
22.05.2018 16:00:00.000,187.417,187.638,186.997,187.358,10252.9964
22.05.2018 17:00:00.000,187.357,187.588,187.248,187.468,8575.8305
22.05.2018 18:00:00.000,187.477,187.838,187.367,187.447,8388.8159
22.05.2018 19:00:00.000,187.448,187.648,186.768,187.198,12327.9076
23.05.2018 13:00:00.000,186.307,187.128,185.937,186.068,6411.3212
23.05.2018 14:00:00.000,186.068,186.758,185.737,185.898,12992.2228
23.05.2018 15:00:00.000,185.898,186.528,185.847,186.277,12233.6369
23.05.2018 16:00:00.000,186.278,186.958,186.198,186.897,11041.7337
23.05.2018 17:00:00.000,186.898,186.938,186.497,186.677,8532.5041
23.05.2018 18:00:00.000,186.678,187.667,186.557,187.638,10914.5679
23.05.2018 19:00:00.000,187.637,188.478,187.557,188.408,11816.5112
24.05.2018 13:00:00.000,188.728,188.807,186.937,187.168,7014.3232
24.05.2018 14:00:00.000,187.167,187.827,186.198,186.417,12253.3188
24.05.2018 15:00:00.000,186.418,187.608,186.357,187.607,11605.2551
24.05.2018 16:00:00.000,187.607,188.038,187.497,187.957,9375.617
24.05.2018 17:00:00.000,187.958,188.638,187.938,188.197,9736.8517
24.05.2018 18:00:00.000,188.198,188.518,187.987,188.158,8624.9743
24.05.2018 19:00:00.000,188.147,188.488,187.917,188.187,10080.5063
25.05.2018 13:00:00.000,188.218,188.697,187.608,188.437,6067.0352
25.05.2018 14:00:00.000,188.438,189.468,188.337,189.318,13117.7702
25.05.2018 15:00:00.000,189.318,189.628,189.057,189.368,10096.0779
25.05.2018 16:00:00.000,189.368,189.558,189.048,189.428,9820.1609
25.05.2018 17:00:00.000,189.428,189.608,188.767,188.848,9498.7993
25.05.2018 18:00:00.000,188.837,188.958,188.328,188.607,8680.2006
25.05.2018 19:00:00.000,188.598,188.728,188.307,188.537,10636.8971
29.05.2018 13:00:00.000,187.637,188.398,186.867,188.328,6174.17
29.05.2018 14:00:00.000,188.347,188.727,187.797,188.108,12898.88
29.05.2018 15:00:00.000,188.128,188.158,187.017,187.208,13645.8321
29.05.2018 16:00:00.000,187.207,187.778,186.927,187.638,15158.0009
29.05.2018 17:00:00.000,187.628,187.648,187.067,187.288,11728.6148
29.05.2018 18:00:00.000,187.288,187.808,186.988,187.127,13252.9879
29.05.2018 19:00:00.000,187.127,188.118,186.997,187.758,13519.3348
30.05.2018 13:00:00.000,187.745,187.948,187.037,187.107,6970.3379
30.05.2018 14:00:00.000,187.098,187.388,186.757,187.028,13206.3036
30.05.2018 15:00:00.000,187.038,187.278,186.797,187.087,11823.2203
30.05.2018 16:00:00.000,187.098,187.497,186.987,187.207,11048.0137
30.05.2018 17:00:00.000,187.208,187.488,186.948,187.327,9295.1164
30.05.2018 18:00:00.000,187.348,187.568,187.297,187.518,9198.2479
30.05.2018 19:00:00.000,187.517,187.697,187.087,187.448,9863.3718
31.05.2018 13:00:00.000,187.207,187.828,186.987,187.298,5126.3518
31.05.2018 14:00:00.000,187.318,187.418,186.117,186.558,9668.396
31.05.2018 15:00:00.000,186.567,188.213,186.477,187.838,9894.9099
31.05.2018 16:00:00.000,187.848,187.848,187.327,187.617,7185.4858
31.05.2018 17:00:00.000,187.617,187.647,186.841,186.877,6725.0638
31.05.2018 18:00:00.000,186.877,187.258,186.487,187.257,7429.3408
31.05.2018 19:00:00.000,187.240,187.439,186.708,186.908,9440.4097
01.06.2018 13:00:00.000,187.888,188.658,187.747,188.450,4665.987
01.06.2018 14:00:00.000,188.457,189.257,187.917,189.168,9069.2186
01.06.2018 15:00:00.000,189.167,189.878,189.167,189.717,8191.9308
01.06.2018 16:00:00.000,189.718,189.977,189.547,189.858,7000.5131
01.06.2018 17:00:00.000,189.867,190.098,189.847,190.067,6813.7951
01.06.2018 18:00:00.000,190.077,190.098,189.717,189.931,6996.202
01.06.2018 19:00:00.000,189.927,190.237,189.491,190.237,7694.0169
04.06.2018 13:00:00.000,191.617,192.881,191.337,192.213,10504.4813
04.06.2018 14:00:00.000,192.198,192.468,191.597,192.137,8136.6234
04.06.2018 15:00:00.000,192.137,192.457,191.837,192.418,6890.8291
04.06.2018 16:00:00.000,192.418,193.388,192.391,192.798,6540.0152
04.06.2018 17:00:00.000,192.798,193.168,192.007,192.217,5901.824
04.06.2018 18:00:00.000,192.218,192.320,191.620,192.041,5937.8772
04.06.2018 19:00:00.000,192.038,192.198,191.428,191.808,6431.3889
05.06.2018 13:00:00.000,193.038,193.379,192.338,192.988,4123.7788
05.06.2018 14:00:00.000,192.988,193.918,192.917,193.668,7890.9349
05.06.2018 15:00:00.000,193.677,193.717,192.887,193.178,7148.2749
05.06.2018 16:00:00.000,193.177,193.228,192.637,193.080,7140.9502
05.06.2018 17:00:00.000,193.080,193.219,192.897,193.038,6743.3052
05.06.2018 18:00:00.000,193.037,193.258,192.847,193.217,6551.2671
05.06.2018 19:00:00.000,193.218,193.558,192.837,193.307,9482.8215
06.06.2018 13:00:00.000,193.608,193.898,192.927,192.968,6318.9731
06.06.2018 14:00:00.000,193.007,193.037,191.917,192.428,12788.722
06.06.2018 15:00:00.000,192.417,193.257,192.417,193.068,10654.5582
06.06.2018 16:00:00.000,193.067,193.098,192.667,192.958,7787.4031
06.06.2018 17:00:00.000,192.967,193.077,192.457,192.678,7719.2268
06.06.2018 18:00:00.000,192.677,193.518,192.677,193.417,8389.3404
06.06.2018 19:00:00.000,193.427,193.968,193.228,193.947,9136.7226
07.06.2018 13:00:00.000,194.145,194.172,193.127,193.778,6441.8588
07.06.2018 14:00:00.000,193.768,193.768,192.317,193.248,12991.8423
07.06.2018 15:00:00.000,193.247,193.467,192.847,193.298,11325.964
07.06.2018 16:00:00.000,193.288,193.438,192.927,193.198,9664.731
07.06.2018 17:00:00.000,193.208,193.378,192.537,192.567,12505.6467
07.06.2018 18:00:00.000,192.578,193.468,192.437,193.338,11709.6825
07.06.2018 19:00:00.000,193.337,193.888,193.068,193.428,13103.3897
08.06.2018 13:00:00.000,191.057,191.157,189.757,190.797,8006.9971
08.06.2018 14:00:00.000,190.758,190.787,189.838,190.427,13836.8483
08.06.2018 15:00:00.000,190.418,190.927,190.138,190.508,10037.6434
08.06.2018 16:00:00.000,190.507,191.177,190.507,191.057,7483.2149
08.06.2018 17:00:00.000,191.058,191.398,190.868,191.118,7755.5099
08.06.2018 18:00:00.000,191.127,191.528,191.117,191.367,7812.5892
08.06.2018 19:00:00.000,191.368,191.978,191.357,191.478,9875.1154
11.06.2018 13:00:00.000,191.278,191.948,190.887,191.097,12908.9556
11.06.2018 14:00:00.000,191.098,191.178,190.198,190.508,20663.3701
11.06.2018 15:00:00.000,190.507,191.348,190.418,191.168,15266.2439
11.06.2018 16:00:00.000,191.177,191.838,191.137,191.707,9890.152
11.06.2018 17:00:00.000,191.707,191.768,191.347,191.357,6804.9731
11.06.2018 18:00:00.000,191.368,191.507,191.137,191.367,6845.0441
11.06.2018 19:00:00.000,191.368,191.468,191.068,191.127,9612.1216
12.06.2018 13:00:00.000,191.358,191.767,191.137,191.208,5976.078
12.06.2018 14:00:00.000,191.207,191.867,191.187,191.468,10559.8564
12.06.2018 15:00:00.000,191.467,191.728,191.187,191.668,8394.8736
12.06.2018 16:00:00.000,191.667,191.838,191.617,191.808,7422.3619
12.06.2018 17:00:00.000,191.808,192.598,191.787,192.408,8660.0876
12.06.2018 18:00:00.000,192.388,192.388,191.288,191.298,7669.838
12.06.2018 19:00:00.000,191.298,192.318,191.267,192.297,8990.7684
13.06.2018 13:00:00.000,192.467,192.538,191.788,192.348,6373.4422
13.06.2018 14:00:00.000,192.327,192.548,192.038,192.488,9144.7086
13.06.2018 15:00:00.000,192.497,192.847,192.488,192.727,7807.056
13.06.2018 16:00:00.000,192.728,192.738,192.127,192.158,6894.824
13.06.2018 17:00:00.000,192.157,192.268,191.957,192.158,6266.6821
13.06.2018 18:00:00.000,192.157,192.248,190.688,191.448,12305.4914
13.06.2018 19:00:00.000,191.447,191.878,190.448,190.677,12513.298
14.06.2018 13:00:00.000,191.538,191.538,190.207,190.598,6939.0149
14.06.2018 14:00:00.000,190.597,191.508,190.517,190.518,11912.9972
14.06.2018 15:00:00.000,190.518,191.408,190.348,191.097,9308.8837
14.06.2018 16:00:00.000,191.098,191.228,190.598,190.748,7771.9212
14.06.2018 17:00:00.000,190.747,191.318,190.667,190.938,8310.0462
14.06.2018 18:00:00.000,190.937,191.108,190.547,190.588,8361.166
14.06.2018 19:00:00.000,190.587,191.147,190.487,190.827,11170.2824
15.06.2018 13:00:00.000,189.987,190.037,188.867,189.248,8461.7453
15.06.2018 14:00:00.000,189.257,189.468,188.288,188.718,14017.6458
15.06.2018 15:00:00.000,188.718,189.248,188.287,189.087,11308.2628
15.06.2018 16:00:00.000,189.088,189.098,188.687,188.818,8172.5035
15.06.2018 17:00:00.000,188.817,189.127,188.617,188.658,8845.5257
15.06.2018 18:00:00.000,188.658,189.468,188.537,189.207,9691.4825
15.06.2018 19:00:00.000,189.208,189.228,188.547,188.898,10299.6788
18.06.2018 13:00:00.000,187.857,188.318,187.187,188.068,7860.6148
18.06.2018 14:00:00.000,188.067,189.198,187.707,188.888,15643.8313
18.06.2018 15:00:00.000,188.867,189.198,188.717,188.898,10232.708
18.06.2018 16:00:00.000,188.898,189.108,188.617,188.767,7823.3252
18.06.2018 17:00:00.000,188.768,189.198,188.727,189.038,6871.4781
18.06.2018 18:00:00.000,189.038,189.198,188.818,188.948,8478.3497
18.06.2018 19:00:00.000,188.947,189.068,188.668,188.738,9381.2838
19.06.2018 13:00:00.000,185.088,186.297,184.998,185.218,9794.3306
19.06.2018 14:00:00.000,185.198,185.217,183.437,184.798,17320.5299
19.06.2018 15:00:00.000,184.798,185.258,184.487,185.108,14252.9097
19.06.2018 16:00:00.000,185.108,185.308,184.797,185.148,10226.5568
19.06.2018 17:00:00.000,185.138,185.887,185.017,185.667,9338.0318
19.06.2018 18:00:00.000,185.657,185.818,185.478,185.688,10862.4868
19.06.2018 19:00:00.000,185.697,185.808,185.257,185.807,10237.3648
20.06.2018 13:00:00.000,186.328,186.957,186.067,186.728,8356.1049
20.06.2018 14:00:00.000,186.728,186.848,185.717,186.357,13860.9324
20.06.2018 15:00:00.000,186.358,186.498,185.817,185.987,9484.9873
20.06.2018 16:00:00.000,185.998,186.948,185.937,186.818,8506.1693
20.06.2018 17:00:00.000,186.818,187.188,186.567,187.108,7363.5211
20.06.2018 18:00:00.000,187.107,187.118,186.297,186.398,6829.7501
20.06.2018 19:00:00.000,186.408,186.898,186.297,186.528,11475.3838
21.06.2018 13:00:00.000,187.177,188.328,186.938,187.757,7199.8839
21.06.2018 14:00:00.000,187.748,187.748,186.447,186.647,17049.9344
21.06.2018 15:00:00.000,186.627,187.218,186.318,186.647,12592.1097
21.06.2018 16:00:00.000,186.638,186.667,185.077,185.277,10969.5435
21.06.2018 17:00:00.000,185.278,185.598,185.117,185.268,9016.9964
21.06.2018 18:00:00.000,185.267,185.578,185.048,185.048,9230.546
21.06.2018 19:00:00.000,185.048,185.557,184.957,185.437,14082.7131
22.06.2018 13:00:00.000,185.948,186.118,185.097,185.538,7955.6608
22.06.2018 14:00:00.000,185.527,185.857,184.798,185.627,17247.0913
22.06.2018 15:00:00.000,185.637,185.698,185.148,185.237,11219.7914
22.06.2018 16:00:00.000,185.237,185.678,185.068,185.657,7925.6959
22.06.2018 17:00:00.000,185.658,185.937,185.568,185.768,6970.6092
22.06.2018 18:00:00.000,185.758,185.848,185.447,185.747,6724.7648
22.06.2018 19:00:00.000,185.748,185.957,184.908,184.948,9529.4046
25.06.2018 13:00:00.000,183.347,184.888,182.968,183.298,6224.153
25.06.2018 14:00:00.000,183.298,184.077,183.168,183.337,48116.6916
25.06.2018 15:00:00.000,183.338,183.478,182.167,182.318,44712.3604
25.06.2018 16:00:00.000,182.317,182.357,180.717,181.187,41151.8974
25.06.2018 17:00:00.000,181.188,182.238,180.807,181.768,34999.1722
25.06.2018 18:00:00.000,181.738,181.878,180.707,181.097,27987.1998
25.06.2018 19:00:00.000,181.097,182.788,180.898,182.168,41366.9205
26.06.2018 13:00:00.000,182.537,184.528,182.528,184.357,27096.9429
26.06.2018 14:00:00.000,184.378,185.008,184.097,184.788,43506.5651
26.06.2018 15:00:00.000,184.768,185.198,184.447,184.787,37761.9247
26.06.2018 16:00:00.000,184.787,185.468,184.777,185.387,22764.9555
26.06.2018 17:00:00.000,185.397,186.448,185.317,186.417,8156.5065
26.06.2018 18:00:00.000,186.418,186.498,185.338,185.398,16008.2264
26.06.2018 19:00:00.000,185.367,185.497,184.117,184.348,32580.3261
27.06.2018 13:00:00.000,185.187,186.408,185.167,186.328,24751.4267
27.06.2018 14:00:00.000,186.328,187.248,186.007,186.677,34415.8745
27.06.2018 15:00:00.000,186.668,187.098,186.217,186.748,33864.3036
27.06.2018 16:00:00.000,186.747,186.917,185.237,185.258,26597.1222
27.06.2018 17:00:00.000,185.248,185.468,184.347,185.001,32245.7161
27.06.2018 18:00:00.000,184.997,185.568,184.641,184.887,32209.7321
27.06.2018 19:00:00.000,184.907,185.408,184.117,184.117,39047.287
28.06.2018 13:00:00.000,184.008,185.157,183.788,184.997,22047.2507
28.06.2018 14:00:00.000,185.008,185.547,184.378,185.448,46760.2272
28.06.2018 15:00:00.000,185.447,185.648,184.637,185.157,35436.5807
28.06.2018 16:00:00.000,185.167,185.228,184.577,185.037,26335.0277
28.06.2018 17:00:00.000,185.058,185.277,184.841,185.047,23268.4288
28.06.2018 18:00:00.000,185.047,185.948,184.927,185.938,23206.2397
28.06.2018 19:00:00.000,185.938,186.198,185.288,185.507,23144.4874
29.06.2018 13:00:00.000,186.247,187.157,186.237,186.477,16609.7431
29.06.2018 14:00:00.000,186.488,186.758,186.007,186.198,28988.8248
29.06.2018 15:00:00.000,186.200,186.487,185.928,186.118,24039.0358
29.06.2018 16:00:00.000,186.113,186.578,185.939,186.123,22775.0816
29.06.2018 17:00:00.000,186.118,186.369,185.977,186.301,20123.9166
29.06.2018 18:00:00.000,186.297,186.428,186.077,186.388,19774.6601
29.06.2018 19:00:00.000,186.388,186.450,185.277,185.439,29278.0247
02.07.2018 13:00:00.000,183.817,186.218,183.398,186.107,16381.1989
02.07.2018 14:00:00.000,186.097,186.668,185.648,186.547,30175.8442
02.07.2018 15:00:00.000,186.557,186.928,185.688,185.958,23078.4168
02.07.2018 16:00:00.000,185.948,186.047,185.547,185.787,16056.4022
02.07.2018 17:00:00.000,185.788,186.478,185.267,186.407,16243.8393
02.07.2018 18:00:00.000,186.408,187.028,186.337,186.378,19364.7499
02.07.2018 19:00:00.000,186.397,187.268,186.308,187.227,20810.0777
03.07.2018 13:00:00.000,187.737,187.918,186.287,186.687,18488.0371
03.07.2018 14:00:00.000,186.687,187.418,186.327,186.967,26186.6817
03.07.2018 15:00:00.000,186.968,186.998,186.167,186.428,19037.672
03.07.2018 16:00:00.000,186.427,186.588,183.597,183.597,24104.0134
05.07.2018 13:00:00.000,185.225,186.388,185.188,185.558,16363.6627
05.07.2018 14:00:00.000,185.617,185.828,184.278,184.528,26664.0968
05.07.2018 15:00:00.000,184.507,185.687,184.407,185.418,18413.9328
05.07.2018 16:00:00.000,185.428,186.078,185.348,185.797,14237.2303
05.07.2018 17:00:00.000,185.798,185.928,185.317,185.528,9610.3067
05.07.2018 18:00:00.000,185.527,185.768,184.957,185.657,17446.8899
05.07.2018 19:00:00.000,185.658,185.928,185.337,185.368,18489.1281
06.07.2018 13:00:00.000,185.398,187.148,185.287,187.108,15497.8848
06.07.2018 14:00:00.000,187.107,187.198,186.007,186.648,26010.582
06.07.2018 15:00:00.000,186.657,187.708,186.648,187.387,21458.1871
06.07.2018 16:00:00.000,187.398,187.827,187.387,187.658,15185.339
06.07.2018 17:00:00.000,187.658,187.728,187.368,187.648,11291.976
06.07.2018 18:00:00.000,187.657,187.768,187.368,187.607,10943.737
06.07.2018 19:00:00.000,187.608,188.418,187.457,187.927,21049.8753
09.07.2018 13:00:00.000,189.408,190.668,189.297,190.198,15780.7531
09.07.2018 14:00:00.000,190.187,190.398,189.417,190.068,24155.2925
09.07.2018 15:00:00.000,190.058,190.418,189.987,190.298,19007.4253
09.07.2018 16:00:00.000,190.298,190.467,189.918,189.958,13548.5983
09.07.2018 17:00:00.000,189.967,190.358,189.718,190.268,13107.0566
09.07.2018 18:00:00.000,190.278,190.478,190.038,190.437,11515.502
09.07.2018 19:00:00.000,190.428,190.638,190.237,190.627,13786.3617
10.07.2018 13:00:00.000,190.587,191.078,190.208,190.578,13333.9157
10.07.2018 14:00:00.000,190.567,191.178,190.257,190.947,21732.1682
10.07.2018 15:00:00.000,190.957,191.187,190.737,191.178,16970.8862
10.07.2018 16:00:00.000,191.178,191.267,190.807,190.858,11844.3756
10.07.2018 17:00:00.000,190.857,190.898,190.258,190.488,15798.5268
10.07.2018 18:00:00.000,190.488,190.638,190.228,190.568,13682.3244
10.07.2018 19:00:00.000,190.567,190.788,190.198,190.348,19627.964
11.07.2018 13:00:00.000,188.608,189.758,188.288,188.928,15330.8659
11.07.2018 14:00:00.000,188.937,189.378,188.608,188.948,20800.8289
11.07.2018 15:00:00.000,188.947,189.068,187.928,187.948,22488.6932
11.07.2018 16:00:00.000,187.947,188.407,187.767,187.977,17909.5325
11.07.2018 17:00:00.000,187.987,188.558,187.847,188.117,18069.2062
11.07.2018 18:00:00.000,188.118,188.357,187.837,188.197,16615.6006
11.07.2018 19:00:00.000,188.198,188.358,187.657,187.898,19480.7663
12.07.2018 13:00:00.000,189.448,190.338,189.388,189.998,13177.9213
12.07.2018 14:00:00.000,189.988,190.638,189.958,190.007,21125.3834
12.07.2018 15:00:00.000,190.017,190.978,189.977,190.958,17484.6268
12.07.2018 16:00:00.000,190.948,191.278,190.638,191.188,15234.7622
12.07.2018 17:00:00.000,191.197,191.388,190.717,190.748,12920.0411
12.07.2018 18:00:00.000,190.748,191.088,190.567,191.047,13920.764
12.07.2018 19:00:00.000,191.048,191.128,190.647,191.067,17464.6778
13.07.2018 13:00:00.000,191.008,191.817,190.887,191.178,15422.5655
13.07.2018 14:00:00.000,191.177,191.788,191.087,191.377,21495.2984
13.07.2018 15:00:00.000,191.378,191.768,191.348,191.688,17312.4981
13.07.2018 16:00:00.000,191.687,191.728,191.387,191.457,12237.9866
13.07.2018 17:00:00.000,191.458,191.478,190.997,191.027,12845.6211
13.07.2018 18:00:00.000,191.028,191.568,190.928,191.457,10749.6481
13.07.2018 19:00:00.000,191.457,191.618,191.277,191.328,13840.7822
16.07.2018 13:00:00.000,191.637,192.618,191.538,192.338,13438.7159
16.07.2018 14:00:00.000,192.358,192.407,191.107,191.147,18970.3732
16.07.2018 15:00:00.000,191.148,191.398,190.957,191.288,12079.6814
16.07.2018 16:00:00.000,191.297,191.348,190.857,190.867,11351.263
16.07.2018 17:00:00.000,190.867,190.968,190.578,190.767,10605.2494
16.07.2018 18:00:00.000,190.768,190.808,190.397,190.638,12132.9079
16.07.2018 19:00:00.000,190.648,190.948,190.517,190.877,15894.2747
17.07.2018 13:00:00.000,189.748,190.217,189.187,189.848,15402.9512
17.07.2018 14:00:00.000,189.848,190.758,189.608,190.697,21824.9664
17.07.2018 15:00:00.000,190.698,191.028,190.397,190.767,16092.2585
17.07.2018 16:00:00.000,190.768,191.478,190.588,191.038,14837.5788
17.07.2018 17:00:00.000,191.037,191.478,191.028,191.378,12451.2119
17.07.2018 18:00:00.000,191.388,191.478,191.067,191.187,10958.6287
17.07.2018 19:00:00.000,191.188,191.848,191.147,191.507,19224.8039
18.07.2018 13:00:00.000,191.768,191.768,190.187,190.348,15914.4573
18.07.2018 14:00:00.000,190.348,190.577,189.917,190.198,22163.7459
18.07.2018 15:00:00.000,190.197,190.497,190.057,190.378,14194.5753
18.07.2018 16:00:00.000,190.377,190.388,189.947,190.197,12882.3233
18.07.2018 17:00:00.000,190.178,190.318,190.018,190.247,9440.3543
18.07.2018 18:00:00.000,190.257,190.428,190.127,190.217,10056.2592
18.07.2018 19:00:00.000,190.218,190.528,190.148,190.418,14455.164
19.07.2018 13:00:00.000,189.658,192.127,189.647,191.518,16157.3334
19.07.2018 14:00:00.000,191.518,191.698,190.988,191.638,23724.2413
19.07.2018 15:00:00.000,191.637,192.528,191.598,192.448,18688.3774
19.07.2018 16:00:00.000,192.457,192.478,191.668,191.948,16405.9143
19.07.2018 17:00:00.000,191.937,192.517,191.747,192.328,19448.9212
19.07.2018 18:00:00.000,192.327,192.478,191.917,192.077,15790.7696
19.07.2018 19:00:00.000,192.087,192.288,191.697,191.927,19519.7334
20.07.2018 13:00:00.000,191.727,192.208,191.548,192.037,16960.1402
20.07.2018 14:00:00.000,192.038,192.418,191.867,192.117,20675.2911
20.07.2018 15:00:00.000,192.117,192.318,191.867,192.027,15713.83
20.07.2018 16:00:00.000,192.028,192.078,191.587,191.857,15011.6787
20.07.2018 17:00:00.000,191.848,192.028,191.637,191.778,12587.1973
20.07.2018 18:00:00.000,191.778,191.838,191.258,191.408,13535.5177
20.07.2018 19:00:00.000,191.408,191.458,190.178,191.068,19603.9543
23.07.2018 13:00:00.000,190.577,190.967,189.637,190.057,17307.6992
23.07.2018 14:00:00.000,190.087,190.338,189.548,190.118,24779.3102
23.07.2018 15:00:00.000,190.117,190.758,189.967,190.678,17028.8372
23.07.2018 16:00:00.000,190.688,191.408,190.628,191.087,12318.9449
23.07.2018 17:00:00.000,191.088,191.498,190.957,191.398,9537.899
23.07.2018 18:00:00.000,191.407,191.808,191.338,191.808,9868.6256
23.07.2018 19:00:00.000,191.798,191.917,191.497,191.578,13692.4334
24.07.2018 13:00:00.000,192.177,193.647,192.177,193.147,14406.0488
24.07.2018 14:00:00.000,193.157,193.468,192.818,192.888,20633.7471
24.07.2018 15:00:00.000,192.888,192.998,192.037,192.417,23293.0126
24.07.2018 16:00:00.000,192.418,192.908,192.348,192.607,19425.8175
24.07.2018 17:00:00.000,192.617,192.918,192.357,192.838,20329.6795
24.07.2018 18:00:00.000,192.837,192.888,192.437,192.798,19915.6151
24.07.2018 19:00:00.000,192.798,192.978,192.417,192.837,18326.4408
25.07.2018 13:00:00.000,192.917,193.628,192.837,193.237,11798.7499
25.07.2018 14:00:00.000,193.237,193.237,192.417,192.708,21116.5371
25.07.2018 15:00:00.000,192.707,193.467,192.547,193.458,16499.9981
25.07.2018 16:00:00.000,193.468,193.978,193.427,193.788,15110.0101
25.07.2018 17:00:00.000,193.787,193.898,193.407,193.798,12110.0779
25.07.2018 18:00:00.000,193.807,193.958,193.597,193.698,13379.2057
25.07.2018 19:00:00.000,193.697,194.768,193.517,194.768,23290.4224
26.07.2018 13:00:00.000,194.587,195.257,193.607,195.177,18652.0824
26.07.2018 14:00:00.000,195.178,195.938,194.847,195.168,24356.0467
26.07.2018 15:00:00.000,195.167,195.257,194.548,194.928,20662.9047
26.07.2018 16:00:00.000,194.928,194.998,194.008,194.147,19406.847
26.07.2018 17:00:00.000,194.148,194.968,194.067,194.558,17392.5133
26.07.2018 18:00:00.000,194.557,194.768,194.427,194.597,13814.7287
26.07.2018 19:00:00.000,194.607,194.627,194.098,194.217,20869.5374
27.07.2018 13:00:00.000,194.978,195.077,194.367,194.422,16058.3344
27.07.2018 14:00:00.000,194.422,194.602,193.090,193.577,28273.1533
27.07.2018 15:00:00.000,193.577,194.018,193.368,193.507,25415.9794
27.07.2018 16:00:00.000,193.508,193.558,191.698,191.768,29169.4565
27.07.2018 17:00:00.000,191.738,192.041,191.167,191.827,30526.8955
27.07.2018 18:00:00.000,191.818,192.005,190.143,190.178,28377.2354
27.07.2018 19:00:00.000,190.168,191.187,190.097,190.861,31002.7084
30.07.2018 13:00:00.000,191.887,192.178,189.738,189.911,18184.8907
30.07.2018 14:00:00.000,189.877,190.347,189.387,189.618,32042.5644
30.07.2018 15:00:00.000,189.608,190.058,189.428,189.950,28526.4263
30.07.2018 16:00:00.000,189.938,189.998,189.057,189.528,26893.6653
30.07.2018 17:00:00.000,189.520,190.108,189.238,189.947,23068.6073
30.07.2018 18:00:00.000,189.948,190.228,189.667,189.818,19097.3816
30.07.2018 19:00:00.000,189.817,190.103,189.630,189.918,25615.8562
31.07.2018 13:00:00.000,190.327,190.987,189.907,190.187,18949.3885
31.07.2018 14:00:00.000,190.187,190.378,189.327,189.648,29888.6299
31.07.2018 15:00:00.000,189.638,190.530,189.638,190.530,20268.6291
31.07.2018 16:00:00.000,190.537,192.107,190.537,191.617,20826.2482
31.07.2018 17:00:00.000,191.628,191.947,190.947,191.328,19191.1812
31.07.2018 18:00:00.000,191.328,191.852,190.878,191.558,18527.8435
31.07.2018 19:00:00.000,191.567,191.569,190.387,190.488,23644.8708
01.08.2018 13:00:00.000,199.108,199.218,197.302,198.718,23346.6682
01.08.2018 14:00:00.000,198.712,201.298,197.888,200.418,36336.9217
01.08.2018 15:00:00.000,200.427,200.868,199.258,199.908,28959.7111
01.08.2018 16:00:00.000,199.917,200.738,199.728,200.138,23834.2381
01.08.2018 17:00:00.000,200.138,200.968,199.867,200.037,18993.4483
01.08.2018 18:00:00.000,200.058,200.518,199.587,200.188,23715.9958
01.08.2018 19:00:00.000,200.188,201.748,200.010,201.578,25917.2935
02.08.2018 13:00:00.000,200.577,203.547,200.328,203.287,21692.4763
02.08.2018 14:00:00.000,203.298,206.538,202.837,205.908,39145.8511
02.08.2018 15:00:00.000,205.878,206.998,205.088,206.659,34508.9531
02.08.2018 16:00:00.000,206.658,206.968,206.087,206.408,26628.0861
02.08.2018 17:00:00.000,206.407,207.948,206.407,207.898,24459.4002
02.08.2018 18:00:00.000,207.897,208.368,207.578,207.727,23740.0951
02.08.2018 19:00:00.000,207.728,207.978,207.327,207.388,23624.8684
03.08.2018 13:00:00.000,207.018,207.307,205.457,206.172,23664.6843
03.08.2018 14:00:00.000,206.172,207.527,206.137,206.598,31078.0373
03.08.2018 15:00:00.000,206.607,207.372,206.477,207.007,22847.4312
03.08.2018 16:00:00.000,207.008,208.717,206.988,208.438,21618.7725
03.08.2018 17:00:00.000,208.437,208.660,207.778,208.218,16760.1852
03.08.2018 18:00:00.000,208.217,208.228,207.321,207.458,16045.9194
03.08.2018 19:00:00.000,207.457,207.978,207.417,207.978,21114.4028
06.08.2018 13:00:00.000,207.958,209.009,207.497,208.157,19576.7288
06.08.2018 14:00:00.000,208.168,208.268,207.298,207.618,26142.2825
06.08.2018 15:00:00.000,207.618,208.280,207.067,208.171,20383.4305
06.08.2018 16:00:00.000,208.168,208.982,208.067,208.688,17976.4271
06.08.2018 17:00:00.000,208.687,209.157,208.497,208.687,17669.5061
06.08.2018 18:00:00.000,208.688,209.188,208.557,209.078,15091.5031
06.08.2018 19:00:00.000,209.068,209.228,208.747,209.047,18225.2827
07.08.2018 13:00:00.000,209.377,209.458,207.867,208.231,15613.3394
07.08.2018 14:00:00.000,208.231,208.343,206.737,207.268,28441.1125
07.08.2018 15:00:00.000,207.268,207.609,206.777,207.127,21103.4641
07.08.2018 16:00:00.000,207.138,207.491,206.897,207.470,17973.0282
07.08.2018 17:00:00.000,207.478,207.551,207.048,207.527,16532.1808
07.08.2018 18:00:00.000,207.527,207.738,207.157,207.227,16142.7746
07.08.2018 19:00:00.000,207.238,207.270,206.848,207.107,19646.3966
08.08.2018 13:00:00.000,206.037,206.417,204.517,206.077,18253.5934
08.08.2018 14:00:00.000,206.087,207.788,206.027,207.557,25209.1351
08.08.2018 15:00:00.000,207.568,207.608,206.678,206.747,18389.4176
08.08.2018 16:00:00.000,206.738,207.298,206.547,207.177,16274.4484
08.08.2018 17:00:00.000,207.171,207.258,206.777,207.120,13770.051
08.08.2018 18:00:00.000,207.128,207.468,206.967,207.333,13252.7466
08.08.2018 19:00:00.000,207.338,207.467,207.177,207.227,16561.6417
09.08.2018 13:00:00.000,207.408,208.688,207.337,208.520,13304.3108
09.08.2018 14:00:00.000,208.520,209.569,208.487,208.838,21873.2624
09.08.2018 15:00:00.000,208.838,209.268,208.220,208.937,19937.9406
09.08.2018 16:00:00.000,208.937,209.541,208.887,209.539,13683.3572
09.08.2018 17:00:00.000,209.537,209.728,209.347,209.467,12690.3372
09.08.2018 18:00:00.000,209.468,209.758,209.377,209.398,12284.7519
09.08.2018 19:00:00.000,209.397,209.668,208.808,208.943,19048.4638
10.08.2018 13:00:00.000,207.247,209.059,207.247,208.042,19093.6737
10.08.2018 14:00:00.000,208.041,208.958,207.858,207.961,28945.1923
10.08.2018 15:00:00.000,207.968,208.461,207.820,207.957,20764.8163
10.08.2018 16:00:00.000,207.947,208.148,207.777,207.867,16072.1588
10.08.2018 17:00:00.000,207.868,207.918,206.658,206.917,16649.2577
10.08.2018 18:00:00.000,206.918,207.338,206.663,207.197,19450.3021
10.08.2018 19:00:00.000,207.208,207.919,207.057,207.657,19474.1879
13.08.2018 13:00:00.000,207.757,209.458,207.757,209.388,14580.1392
13.08.2018 14:00:00.000,209.398,210.937,209.347,210.327,24882.7438
13.08.2018 15:00:00.000,210.328,210.488,209.228,209.238,23550.6382
13.08.2018 16:00:00.000,209.248,209.738,208.977,209.228,21001.1463
13.08.2018 17:00:00.000,209.227,209.627,208.737,209.498,17228.3916
13.08.2018 18:00:00.000,209.508,209.967,209.308,209.348,15912.6701
13.08.2018 19:00:00.000,209.348,209.538,208.867,208.878,20294.7712
14.08.2018 13:00:00.000,210.088,210.537,208.847,209.168,16729.5685
14.08.2018 14:00:00.000,209.188,209.828,208.238,209.627,22105.8884
14.08.2018 15:00:00.000,209.617,209.637,208.987,209.268,17620.4891
14.08.2018 16:00:00.000,209.267,209.758,209.078,209.217,12055.5258
14.08.2018 17:00:00.000,209.218,209.568,209.167,209.537,9854.2366
14.08.2018 18:00:00.000,209.538,209.798,209.347,209.627,12094.8639
14.08.2018 19:00:00.000,209.628,209.748,209.507,209.737,9998.5504
15.08.2018 13:00:00.000,209.087,209.958,208.818,209.118,15792.2373
15.08.2018 14:00:00.000,209.117,209.228,208.338,208.578,36924.1638
15.08.2018 15:00:00.000,208.568,209.198,208.377,208.398,29302.2308
15.08.2018 16:00:00.000,208.397,209.227,208.377,209.168,21648.6607
15.08.2018 17:00:00.000,209.178,210.098,209.057,209.507,19498.2338
15.08.2018 18:00:00.000,209.507,209.688,209.027,209.688,17949.1405
15.08.2018 19:00:00.000,209.677,210.717,209.647,210.197,25637.1078
16.08.2018 13:00:00.000,211.770,212.428,211.457,211.878,16510.1051
16.08.2018 14:00:00.000,211.888,213.237,211.847,212.857,20075.5272
16.08.2018 15:00:00.000,212.858,213.508,212.837,213.218,15957.2573
16.08.2018 16:00:00.000,213.208,213.648,212.917,213.158,15520.0052
16.08.2018 17:00:00.000,213.157,213.428,213.077,213.318,11588.3121
16.08.2018 18:00:00.000,213.328,213.778,213.097,213.528,15236.989
16.08.2018 19:00:00.000,213.538,213.797,212.887,213.417,17463.1519
17.08.2018 13:00:00.000,213.447,215.178,213.147,214.658,20396.7476
17.08.2018 14:00:00.000,214.647,215.318,213.668,215.288,28776.7372
17.08.2018 15:00:00.000,215.288,217.658,214.997,217.288,25456.9206
17.08.2018 16:00:00.000,217.298,217.338,216.078,216.298,19281.1775
17.08.2018 17:00:00.000,216.298,216.907,216.207,216.708,14440.5527
17.08.2018 18:00:00.000,216.708,217.528,216.647,217.337,19282.3715
17.08.2018 19:00:00.000,217.337,217.918,216.918,217.628,20666.6489
20.08.2018 13:00:00.000,218.037,219.148,217.118,217.428,21452.7588
20.08.2018 14:00:00.000,217.428,217.998,215.717,215.828,30212.656
20.08.2018 15:00:00.000,215.817,215.898,215.087,215.278,19928.2036
20.08.2018 16:00:00.000,215.287,216.187,215.097,216.167,13364.562
20.08.2018 17:00:00.000,216.197,216.778,216.077,216.328,10908.452
20.08.2018 18:00:00.000,216.308,216.398,215.228,215.598,12740.6483
20.08.2018 19:00:00.000,215.598,215.718,215.207,215.447,13689.8088
21.08.2018 13:00:00.000,216.648,216.798,215.367,215.507,15721.9257
21.08.2018 14:00:00.000,215.507,215.668,214.007,214.687,25547.4491
21.08.2018 15:00:00.000,214.688,216.557,214.597,216.417,19030.2429
21.08.2018 16:00:00.000,216.418,216.968,216.107,216.818,14910.8992
21.08.2018 17:00:00.000,216.818,217.177,216.427,216.498,13625.2546
21.08.2018 18:00:00.000,216.498,216.537,215.247,215.537,14169.137
21.08.2018 19:00:00.000,215.547,215.688,214.627,215.037,22564.6
22.08.2018 13:00:00.000,214.098,215.658,214.038,214.247,13618.762
22.08.2018 14:00:00.000,214.248,215.447,213.837,215.228,22697.2103
22.08.2018 15:00:00.000,215.237,216.337,215.187,216.108,16322.3896
22.08.2018 16:00:00.000,216.107,216.138,215.148,215.317,11787.3468
22.08.2018 17:00:00.000,215.317,215.658,215.048,215.337,9383.0585
22.08.2018 18:00:00.000,215.338,215.768,214.547,215.508,14052.6943
22.08.2018 19:00:00.000,215.528,215.618,214.987,215.137,16319.7155
23.08.2018 13:00:00.000,214.608,217.027,214.608,216.737,14828.1603
23.08.2018 14:00:00.000,216.708,216.938,215.917,215.938,21598.7663
23.08.2018 15:00:00.000,215.928,216.048,215.108,215.418,23765.1119
23.08.2018 16:00:00.000,215.418,216.427,215.368,216.018,16447.8168
23.08.2018 17:00:00.000,216.017,216.218,215.827,215.927,12607.7709
23.08.2018 18:00:00.000,215.927,216.668,215.927,216.477,12571.701
23.08.2018 19:00:00.000,216.458,216.528,215.137,215.518,19078.6057
24.08.2018 13:00:00.000,216.448,216.858,215.787,215.868,14343.8339
24.08.2018 14:00:00.000,215.867,216.248,215.097,215.808,22611.5875
24.08.2018 15:00:00.000,215.807,216.307,215.408,216.057,17933.3782
24.08.2018 16:00:00.000,216.058,216.178,215.898,216.017,11715.8813
24.08.2018 17:00:00.000,216.018,216.178,215.757,216.118,12786.582
24.08.2018 18:00:00.000,216.118,216.478,216.047,216.098,10324.9617
24.08.2018 19:00:00.000,216.097,216.407,215.998,216.177,14865.1428
27.08.2018 13:00:00.000,217.047,217.678,216.307,216.978,15184.947
27.08.2018 14:00:00.000,216.988,217.898,216.697,217.898,22466.8503
27.08.2018 15:00:00.000,217.897,218.717,217.758,218.537,19598.5756
27.08.2018 16:00:00.000,218.517,218.608,217.947,218.277,15177.6419
27.08.2018 17:00:00.000,218.278,218.358,218.007,218.198,11368.9985
27.08.2018 18:00:00.000,218.198,218.408,218.087,218.287,10576.3254
27.08.2018 19:00:00.000,218.288,218.297,217.538,217.927,19367.6434
28.08.2018 13:00:00.000,218.987,219.868,218.907,219.457,16768.9171
28.08.2018 14:00:00.000,219.458,219.818,219.318,219.718,20568.3689
28.08.2018 15:00:00.000,219.728,219.728,219.067,219.197,18005.7278
28.08.2018 16:00:00.000,219.198,219.797,219.077,219.768,12442.9436
28.08.2018 17:00:00.000,219.767,220.527,219.517,220.258,14409.9884
28.08.2018 18:00:00.000,220.248,220.407,220.017,220.158,12201.6544
28.08.2018 19:00:00.000,220.157,220.218,219.327,219.628,17532.7396
29.08.2018 13:00:00.000,220.207,220.888,219.387,220.387,17297.6589
29.08.2018 14:00:00.000,220.377,221.468,220.187,221.348,25272.4667
29.08.2018 15:00:00.000,221.347,222.227,221.137,222.138,21953.0487
29.08.2018 16:00:00.000,222.147,222.188,221.587,221.738,16721.6873
29.08.2018 17:00:00.000,221.738,222.168,221.587,222.078,12254.8199
29.08.2018 18:00:00.000,222.078,222.788,222.057,222.738,14595.1385
29.08.2018 19:00:00.000,222.737,223.418,222.717,223.027,23037.1571
30.08.2018 13:00:00.000,223.237,224.518,222.527,222.608,20610.6987
30.08.2018 14:00:00.000,222.608,223.858,222.387,223.408,28470.7203
30.08.2018 15:00:00.000,223.408,224.608,223.297,224.477,21718.1759
30.08.2018 16:00:00.000,224.488,226.598,224.267,226.297,24898.8914
30.08.2018 17:00:00.000,226.298,227.978,226.267,227.747,27404.4266
30.08.2018 18:00:00.000,227.748,228.237,225.088,225.097,31539.8197
30.08.2018 19:00:00.000,225.088,225.457,223.797,225.018,34757.7438
31.08.2018 13:00:00.000,226.448,228.258,226.218,227.818,18632.2212
31.08.2018 14:00:00.000,227.810,228.847,227.268,228.037,30518.2209
31.08.2018 15:00:00.000,228.038,228.548,226.607,227.038,27855.3524
31.08.2018 16:00:00.000,227.047,228.448,226.857,228.428,24896.6389
31.08.2018 17:00:00.000,228.427,228.578,227.488,227.848,20389.74
31.08.2018 18:00:00.000,227.847,227.907,227.017,227.498,19999.588
31.08.2018 19:00:00.000,227.497,227.978,227.138,227.517,28204.8454
04.09.2018 14:00:00.000,227.348,228.728,227.148,228.488,33829.9026
04.09.2018 15:00:00.000,228.497,229.158,227.627,227.707,26992.6414
04.09.2018 16:00:00.000,227.698,228.317,226.978,228.088,22967.0792
04.09.2018 17:00:00.000,228.098,228.718,228.047,228.468,17901.2375
04.09.2018 18:00:00.000,228.467,228.558,228.088,228.387,15634.5997
04.09.2018 19:00:00.000,228.388,228.668,228.107,228.358,19412.4489
05.09.2018 13:00:00.000,228.897,229.658,226.337,226.367,20606.7142
05.09.2018 14:00:00.000,226.407,226.968,225.097,226.618,36893.7035
05.09.2018 15:00:00.000,226.628,227.538,225.638,227.178,27099.5426
05.09.2018 16:00:00.000,227.188,228.958,227.177,227.977,20993.0611
05.09.2018 17:00:00.000,227.978,228.828,227.847,228.157,17221.0503
05.09.2018 18:00:00.000,228.158,228.338,226.817,227.157,18965.0211
05.09.2018 19:00:00.000,227.158,227.418,225.982,226.688,25692.5049
06.09.2018 13:00:00.000,226.198,227.298,224.487,226.308,19449.5029
06.09.2018 14:00:00.000,226.288,226.388,222.168,223.058,38693.2831
06.09.2018 15:00:00.000,223.058,223.578,221.277,223.508,32526.9012
06.09.2018 16:00:00.000,223.507,223.858,222.617,222.777,21891.3555
06.09.2018 17:00:00.000,222.767,223.818,222.338,222.967,21712.2707
06.09.2018 18:00:00.000,222.968,223.318,222.437,222.888,21086.2522
06.09.2018 19:00:00.000,222.888,223.518,222.687,223.087,25270.2465
07.09.2018 13:00:00.000,221.838,224.728,221.537,224.547,53378.3493
07.09.2018 14:00:00.000,224.547,225.207,224.167,225.137,80078.0029
07.09.2018 15:00:00.000,225.157,225.348,224.437,224.568,64572.7997
07.09.2018 16:00:00.000,224.568,224.638,222.777,224.248,78595.8023
07.09.2018 17:00:00.000,224.248,224.318,223.078,223.368,55817.7986
07.09.2018 18:00:00.000,223.367,224.707,223.347,224.697,50718.8606
07.09.2018 19:00:00.000,224.697,224.818,220.698,221.438,82669.3878
10.09.2018 13:00:00.000,220.898,221.817,217.278,218.798,22884.1839
10.09.2018 14:00:00.000,218.788,219.138,216.477,217.528,34980.8731
10.09.2018 15:00:00.000,217.537,219.477,217.038,219.348,28236.0363
10.09.2018 16:00:00.000,219.348,219.348,216.798,217.077,25268.5871
10.09.2018 17:00:00.000,217.078,218.398,217.027,218.277,18617.0254
10.09.2018 18:00:00.000,218.278,218.728,218.117,218.328,15311.8267
10.09.2018 19:00:00.000,218.327,218.968,218.168,218.517,21595.1653
11.09.2018 13:00:00.000,217.888,219.367,216.537,218.707,20436.2259
11.09.2018 14:00:00.000,218.707,220.577,218.557,220.418,30866.2052
11.09.2018 15:00:00.000,220.417,222.878,220.398,222.857,26160.9325
11.09.2018 16:00:00.000,222.858,223.908,222.817,223.647,29050.8385
11.09.2018 17:00:00.000,223.647,223.767,222.937,223.657,20447.998
11.09.2018 18:00:00.000,223.658,224.278,223.247,223.898,18758.0624
11.09.2018 19:00:00.000,223.897,224.037,223.058,223.848,21681.8047
12.09.2018 13:00:00.000,224.848,224.928,220.237,220.808,27311.1801
12.09.2018 14:00:00.000,220.807,222.098,219.848,220.028,35060.8788
12.09.2018 15:00:00.000,220.018,223.037,219.887,220.827,33451.2291
12.09.2018 16:00:00.000,220.828,221.908,220.798,221.117,21884.3536
12.09.2018 17:00:00.000,221.118,224.367,221.118,221.957,30141.8648
12.09.2018 18:00:00.000,221.988,222.237,219.868,220.348,25853.0216
12.09.2018 19:00:00.000,220.358,222.428,220.338,220.998,29875.843
13.09.2018 13:00:00.000,223.568,225.247,222.538,223.858,19012.7945
13.09.2018 14:00:00.000,223.878,226.167,223.798,225.878,33205.8067
13.09.2018 15:00:00.000,225.877,227.787,225.587,227.547,26843.8549
13.09.2018 16:00:00.000,227.548,228.337,226.788,226.987,21422.7333
13.09.2018 17:00:00.000,226.988,227.328,225.587,226.308,19538.1622
13.09.2018 18:00:00.000,226.308,226.878,225.187,225.768,19747.8714
13.09.2018 19:00:00.000,225.768,226.377,225.037,226.377,21172.2927
14.09.2018 13:00:00.000,225.727,226.808,224.057,225.817,19556.4327
14.09.2018 14:00:00.000,225.807,226.207,224.767,225.028,29122.9744
14.09.2018 15:00:00.000,225.028,225.437,224.237,224.478,20787.8113
14.09.2018 16:00:00.000,224.478,224.588,222.507,223.358,29417.366
14.09.2018 17:00:00.000,223.368,224.278,222.767,224.068,18178.4973
14.09.2018 18:00:00.000,224.068,224.137,223.247,223.808,18015.419
14.09.2018 19:00:00.000,223.808,223.978,223.317,223.668,20138.319
17.09.2018 13:00:00.000,222.008,222.888,219.728,221.168,20075.8018
17.09.2018 14:00:00.000,221.188,221.398,219.217,219.738,31465.5151
17.09.2018 15:00:00.000,219.737,220.408,219.537,219.927,23956.7337
17.09.2018 16:00:00.000,219.937,220.527,219.737,219.907,17479.4388
17.09.2018 17:00:00.000,219.898,220.288,218.647,219.478,21863.8611
17.09.2018 18:00:00.000,219.477,220.338,219.278,219.698,18191.5092
17.09.2018 19:00:00.000,219.707,219.738,217.248,217.918,30535.9383
18.09.2018 13:00:00.000,217.777,221.737,217.107,220.367,22462.4844
18.09.2018 14:00:00.000,220.348,221.348,219.367,220.198,27666.1186
18.09.2018 15:00:00.000,220.197,220.227,219.258,219.608,20200.922
18.09.2018 16:00:00.000,219.637,219.947,218.328,218.737,19978.7827
18.09.2018 17:00:00.000,218.738,219.368,218.517,219.158,17259.4757
18.09.2018 18:00:00.000,219.157,219.737,218.767,218.827,15242.0664
18.09.2018 19:00:00.000,218.827,219.117,218.157,218.348,20606.3995
19.09.2018 13:00:00.000,218.488,219.587,216.197,216.337,21870.3461
19.09.2018 14:00:00.000,216.337,216.838,215.278,216.208,31272.0222
19.09.2018 15:00:00.000,216.218,218.088,216.017,218.057,22590.1375
19.09.2018 16:00:00.000,218.048,218.278,217.488,217.977,16455.9174
19.09.2018 17:00:00.000,217.978,217.978,217.487,217.777,14085.7468
19.09.2018 18:00:00.000,217.767,218.027,217.298,217.368,12736.6962
19.09.2018 19:00:00.000,217.378,218.758,217.367,218.328,16919.6205
20.09.2018 13:00:00.000,220.298,221.668,219.168,221.218,18228.3211
20.09.2018 14:00:00.000,221.208,222.247,220.838,220.967,24352.2968
20.09.2018 15:00:00.000,220.978,221.648,220.517,221.267,18387.6648
20.09.2018 16:00:00.000,221.267,221.288,220.587,221.138,13827.3754
20.09.2018 17:00:00.000,221.138,221.278,220.438,220.737,11459.3487
20.09.2018 18:00:00.000,220.728,220.868,220.058,220.418,10666.1663
20.09.2018 19:00:00.000,220.418,220.768,220.127,220.197,17153.3546
21.09.2018 13:00:00.000,220.608,221.338,219.737,219.787,16502.84
21.09.2018 14:00:00.000,219.788,219.948,218.377,219.017,24324.585
21.09.2018 15:00:00.000,219.007,219.477,218.428,219.327,17034.6794
21.09.2018 16:00:00.000,219.347,219.938,218.917,219.367,14677.8059
21.09.2018 17:00:00.000,219.347,219.427,218.427,218.947,12817.174
21.09.2018 18:00:00.000,218.948,218.958,218.088,218.238,14275.1751
21.09.2018 19:00:00.000,218.237,218.458,217.277,217.637,23727.5276
24.09.2018 13:00:00.000,216.787,218.808,216.617,217.898,15453.064
24.09.2018 14:00:00.000,217.917,218.778,217.157,218.767,33006.0806
24.09.2018 15:00:00.000,218.778,220.178,218.488,220.077,24989.7785
24.09.2018 16:00:00.000,220.088,220.298,219.588,219.778,18398.4776
24.09.2018 17:00:00.000,219.787,220.278,219.647,220.238,15531.0478
24.09.2018 18:00:00.000,220.237,220.288,219.747,220.018,13301.6224
24.09.2018 19:00:00.000,220.007,221.208,219.928,220.837,19434.5455
25.09.2018 13:00:00.000,219.738,221.168,219.698,220.857,17414.6557
25.09.2018 14:00:00.000,220.857,221.568,220.127,220.457,24491.0812
25.09.2018 15:00:00.000,220.448,222.788,220.347,222.498,18230.4573
25.09.2018 16:00:00.000,222.527,222.678,221.987,222.068,12449.7938
25.09.2018 17:00:00.000,222.067,222.517,221.767,221.978,15757.6084
25.09.2018 18:00:00.000,221.967,221.997,221.667,221.718,10871.8319
25.09.2018 19:00:00.000,221.728,222.458,221.647,222.198,15186.079
26.09.2018 13:00:00.000,220.987,223.218,220.987,223.098,13030.9458
26.09.2018 14:00:00.000,223.097,223.727,222.368,222.780,24035.9268
26.09.2018 15:00:00.000,222.779,223.228,222.527,222.827,16545.6924
26.09.2018 16:00:00.000,222.827,222.828,221.947,222.358,12058.773
26.09.2018 17:00:00.000,222.358,222.368,221.637,221.957,12206.7509
26.09.2018 18:00:00.000,221.947,223.048,221.857,222.267,27579.0558
26.09.2018 19:00:00.000,222.268,222.518,219.878,220.448,30530.9982
27.09.2018 13:00:00.000,223.778,225.858,223.547,225.088,19251.1673
27.09.2018 14:00:00.000,225.087,225.918,224.917,225.318,25889.8392
27.09.2018 15:00:00.000,225.328,225.637,224.927,225.318,19057.0736
27.09.2018 16:00:00.000,225.318,225.818,225.087,225.808,14956.2426
27.09.2018 17:00:00.000,225.808,226.428,225.647,226.048,12975.996
27.09.2018 18:00:00.000,226.057,226.058,224.918,225.027,16563.5338
27.09.2018 19:00:00.000,225.028,225.458,224.627,225.088,41007.3547
28.09.2018 13:00:00.000,224.737,225.438,223.998,224.718,18433.7044
28.09.2018 14:00:00.000,224.697,225.798,224.548,225.538,25680.5477
28.09.2018 15:00:00.000,225.538,225.777,224.847,225.037,21407.9723
28.09.2018 16:00:00.000,225.047,225.208,224.458,224.978,18348.5546
28.09.2018 17:00:00.000,224.978,225.188,224.637,224.978,12997.6711
28.09.2018 18:00:00.000,224.977,225.408,224.607,225.387,14852.354
28.09.2018 19:00:00.000,225.388,225.808,224.907,225.738,22279.3255
01.10.2018 13:00:00.000,227.887,229.317,227.447,228.728,20883.1692
01.10.2018 14:00:00.000,228.737,229.388,228.458,228.858,31347.4808
01.10.2018 15:00:00.000,228.847,228.918,228.118,228.858,26952.1065
01.10.2018 16:00:00.000,228.868,228.868,227.539,227.548,24966.9075
01.10.2018 17:00:00.000,227.577,227.988,227.398,227.728,22050.8156
01.10.2018 18:00:00.000,227.727,227.748,226.727,227.138,24208.3893
01.10.2018 19:00:00.000,227.138,227.418,226.328,227.247,27543.5562
02.10.2018 13:00:00.000,227.288,229.307,226.630,229.207,20188.4689
02.10.2018 14:00:00.000,229.207,229.398,228.338,229.118,34844.7876
02.10.2018 15:00:00.000,229.108,229.827,228.699,229.798,27317.5144
02.10.2018 16:00:00.000,229.797,229.978,229.017,229.178,21949.0795
02.10.2018 17:00:00.000,229.178,229.828,228.997,229.507,17751.0929
02.10.2018 18:00:00.000,229.508,229.977,229.322,229.568,18909.1797
02.10.2018 19:00:00.000,229.568,229.690,227.907,229.298,29908.2489
03.10.2018 13:00:00.000,230.048,232.298,229.767,231.871,22156.2653
03.10.2018 14:00:00.000,231.907,233.418,231.797,232.509,35729.8317
03.10.2018 15:00:00.000,232.518,233.278,231.717,232.707,30075.1972
03.10.2018 16:00:00.000,232.717,232.807,232.047,232.667,22150.7034
03.10.2018 17:00:00.000,232.667,232.888,232.457,232.507,19935.4115
03.10.2018 18:00:00.000,232.507,232.858,231.748,232.357,26374.6834
03.10.2018 19:00:00.000,232.367,232.527,231.567,232.068,31360.2524
04.10.2018 13:00:00.000,230.847,232.307,229.058,229.910,25698.5168
04.10.2018 14:00:00.000,229.917,230.308,229.112,229.198,40083.7631
04.10.2018 15:00:00.000,229.188,229.927,227.791,228.127,33306.6292
04.10.2018 16:00:00.000,228.128,228.788,227.277,227.938,33560.7948
04.10.2018 17:00:00.000,227.938,228.318,227.258,227.687,31345.026
04.10.2018 18:00:00.000,227.687,228.420,226.718,228.262,35900.4021
04.10.2018 19:00:00.000,228.247,228.572,227.368,227.757,31277.9388
05.10.2018 13:00:00.000,227.938,228.122,225.693,226.057,23773.9334
05.10.2018 14:00:00.000,226.058,226.718,225.287,225.998,42628.334
05.10.2018 15:00:00.000,225.998,226.040,223.547,223.888,40655.6931
05.10.2018 16:00:00.000,223.888,224.748,222.708,222.867,34083.6296
05.10.2018 17:00:00.000,222.861,223.447,220.558,223.237,35634.2163
05.10.2018 18:00:00.000,223.238,225.118,223.007,224.897,33039.1083
05.10.2018 19:00:00.000,224.908,225.297,223.817,224.110,38931.3507
08.10.2018 13:00:00.000,221.618,223.378,221.027,222.822,25618.9766
08.10.2018 14:00:00.000,222.858,224.272,222.477,223.099,40965.3015
08.10.2018 15:00:00.000,223.107,223.190,220.188,221.557,44046.8941
08.10.2018 16:00:00.000,221.558,222.348,220.558,220.958,39275.3639
08.10.2018 17:00:00.000,220.958,223.268,220.902,222.458,37251.7891
08.10.2018 18:00:00.000,222.448,223.688,222.371,223.378,33629.0207
08.10.2018 19:00:00.000,223.377,224.758,223.298,223.737,37616.6916
09.10.2018 13:00:00.000,223.617,224.888,222.228,224.120,25758.2874
09.10.2018 14:00:00.000,224.120,227.008,223.310,226.332,41127.0447
09.10.2018 15:00:00.000,226.328,226.858,225.107,226.522,61955.4825
09.10.2018 16:00:00.000,226.527,226.838,224.898,225.398,69998.1079
09.10.2018 17:00:00.000,225.398,226.177,224.739,225.588,65749.733
09.10.2018 18:00:00.000,225.578,226.787,225.291,226.639,70642.6697
09.10.2018 19:00:00.000,226.639,227.250,226.247,226.830,69849.7314
10.10.2018 13:00:00.000,225.328,226.297,222.861,223.537,39928.0663
10.10.2018 14:00:00.000,223.537,224.328,222.553,223.627,80563.6597
10.10.2018 15:00:00.000,223.627,224.368,222.138,223.352,85367.9352
10.10.2018 16:00:00.000,223.352,223.937,222.517,222.590,75940.2771
10.10.2018 17:00:00.000,222.590,223.778,222.147,222.701,70899.8032
10.10.2018 18:00:00.000,222.701,222.781,220.132,221.322,76664.0854
10.10.2018 19:00:00.000,221.322,221.322,216.060,216.658,77297.7371
11.10.2018 13:00:00.000,214.618,219.427,212.867,219.281,3766.9301
11.10.2018 14:00:00.000,219.278,219.428,215.567,216.168,7154.356
11.10.2018 15:00:00.000,216.172,217.857,213.937,216.698,6811.4052
11.10.2018 16:00:00.000,216.698,218.747,216.243,216.928,7238.122
11.10.2018 17:00:00.000,216.928,217.978,215.748,216.988,7003.9358
11.10.2018 18:00:00.000,216.987,217.058,212.298,213.828,6137.712
11.10.2018 19:00:00.000,213.797,217.658,213.378,214.438,6491.9128
12.10.2018 13:00:00.000,220.978,221.751,219.768,220.738,3743.4111
12.10.2018 14:00:00.000,220.738,222.217,220.091,220.168,8988.0457
12.10.2018 15:00:00.000,220.167,220.748,217.998,218.998,7562.7341
12.10.2018 16:00:00.000,218.987,219.248,216.827,218.518,4235.1632
12.10.2018 17:00:00.000,218.527,219.888,217.658,218.569,4052.845
12.10.2018 18:00:00.000,218.558,220.088,217.402,219.778,3314.2841
12.10.2018 19:00:00.000,219.769,222.847,219.417,222.087,7420.5751
15.10.2018 13:00:00.000,220.992,221.777,218.737,219.328,3319.212
15.10.2018 14:00:00.000,219.288,219.988,217.708,219.158,7685.0901
15.10.2018 15:00:00.000,219.158,220.028,217.857,218.068,6406.0459
15.10.2018 16:00:00.000,218.078,218.867,217.327,218.648,7052.7072
15.10.2018 17:00:00.000,218.657,219.337,217.657,218.948,6847.1551
15.10.2018 18:00:00.000,218.963,219.470,217.568,219.177,7182.0402
15.10.2018 19:00:00.000,219.177,219.797,217.318,217.318,8071.3472
16.10.2018 13:00:00.000,218.938,219.238,217.817,218.527,4216.6672
16.10.2018 14:00:00.000,218.447,218.777,216.747,218.287,8746.6593
16.10.2018 15:00:00.000,218.287,220.218,217.940,220.121,8222.1136
16.10.2018 16:00:00.000,220.139,220.577,219.297,220.031,6918.0102
16.10.2018 17:00:00.000,220.037,221.028,219.927,220.597,6462.9459
16.10.2018 18:00:00.000,220.618,221.897,220.507,221.328,7772.3479
16.10.2018 19:00:00.000,221.317,222.887,221.067,222.180,9395.0014
17.10.2018 13:00:00.000,222.168,222.568,220.317,220.557,3915.0231
17.10.2018 14:00:00.000,220.557,221.170,219.327,220.028,8173.1319
17.10.2018 15:00:00.000,220.027,221.558,219.588,221.017,7762.3868
17.10.2018 16:00:00.000,221.017,221.838,220.557,221.637,7157.1512
17.10.2018 17:00:00.000,221.627,222.611,221.210,221.317,7135.8442
17.10.2018 18:00:00.000,221.318,221.832,219.937,221.398,7959.8169
17.10.2018 19:00:00.000,221.418,221.677,220.172,221.098,9869.5593
18.10.2018 13:00:00.000,217.787,218.908,217.688,218.468,4297.6809
18.10.2018 14:00:00.000,218.457,219.708,217.737,219.237,9357.5201
18.10.2018 15:00:00.000,219.258,219.432,215.888,216.282,11099.1011
18.10.2018 16:00:00.000,216.288,218.028,215.998,217.128,8864.5792
18.10.2018 17:00:00.000,217.107,217.268,214.877,215.597,9259.984
18.10.2018 18:00:00.000,215.598,217.127,215.387,216.231,8989.5716
18.10.2018 19:00:00.000,216.231,216.463,215.367,216.018,10629.2839
19.10.2018 13:00:00.000,218.077,219.968,217.618,219.637,3775.9039
19.10.2018 14:00:00.000,219.628,221.108,219.628,220.878,7943.9878
19.10.2018 15:00:00.000,220.881,221.211,218.917,219.598,8140.2321
19.10.2018 16:00:00.000,219.627,219.858,217.408,219.063,7582.6731
19.10.2018 17:00:00.000,219.063,220.108,218.318,218.928,6148.243
19.10.2018 18:00:00.000,218.927,219.398,217.838,218.808,7000.4182
19.10.2018 19:00:00.000,218.797,220.157,218.767,219.247,9338.5239
22.10.2018 13:00:00.000,219.838,221.198,219.427,219.808,3693.284
22.10.2018 14:00:00.000,219.803,223.298,219.697,222.637,9394.9862
22.10.2018 15:00:00.000,222.637,223.321,221.548,221.878,8669.0826
22.10.2018 16:00:00.000,221.888,222.350,220.787,221.497,9599.1154
22.10.2018 17:00:00.000,221.487,221.941,220.557,220.567,8112.1483
22.10.2018 18:00:00.000,220.567,221.413,220.248,221.178,8427.8097
22.10.2018 19:00:00.000,221.178,222.238,220.608,220.608,9626.1501
23.10.2018 13:00:00.000,215.768,218.047,215.381,216.608,4545.4359
23.10.2018 14:00:00.000,216.608,217.233,214.697,216.278,9494.5745
23.10.2018 15:00:00.000,216.278,217.677,215.743,216.857,10372.8571
23.10.2018 16:00:00.000,216.857,219.408,216.848,218.358,9474.9832
23.10.2018 17:00:00.000,218.348,219.737,218.278,218.757,8242.1961
23.10.2018 18:00:00.000,218.749,222.021,218.749,221.789,8903.7809
23.10.2018 19:00:00.000,221.757,223.238,221.747,222.898,11529.5849
24.10.2018 13:00:00.000,222.528,224.187,221.127,221.898,5639.5502
24.10.2018 14:00:00.000,221.917,222.268,220.498,220.528,11629.4432
24.10.2018 15:00:00.000,220.538,221.570,218.947,221.507,9155.8809
24.10.2018 16:00:00.000,221.508,221.628,220.118,221.298,6469.5501
24.10.2018 17:00:00.000,221.288,221.288,218.817,219.068,6659.0238
24.10.2018 18:00:00.000,219.067,220.830,218.608,219.587,7806.3641
24.10.2018 19:00:00.000,219.607,219.627,214.528,215.077,11153.4252
25.10.2018 13:00:00.000,217.688,219.210,216.787,218.318,6409.0581
25.10.2018 14:00:00.000,218.327,219.947,218.310,219.138,12851.3031
25.10.2018 15:00:00.000,219.128,220.258,218.387,219.437,8886.2953
25.10.2018 16:00:00.000,219.438,219.638,218.587,219.320,7258.0538
25.10.2018 17:00:00.000,219.328,219.648,218.168,219.307,7408.1001
25.10.2018 18:00:00.000,219.297,220.947,218.927,220.518,7941.2818
25.10.2018 19:00:00.000,220.537,221.337,219.747,219.827,70952.5528
26.10.2018 13:00:00.000,215.887,217.791,214.837,216.460,56374.2905
26.10.2018 14:00:00.000,216.228,216.421,212.767,212.867,82845.3674
26.10.2018 15:00:00.000,212.866,216.853,212.667,216.337,66990.715
26.10.2018 16:00:00.000,216.301,219.367,216.191,218.849,76408.7448
26.10.2018 17:00:00.000,218.820,220.149,216.842,218.768,60477.5772
26.10.2018 18:00:00.000,218.667,218.998,215.417,215.708,68482.3761
26.10.2018 19:00:00.000,215.737,216.988,214.597,216.117,82759.4376
29.10.2018 13:00:00.000,219.167,219.608,218.017,218.988,53404.0756
29.10.2018 14:00:00.000,218.987,219.648,218.097,218.408,98037.4908
29.10.2018 15:00:00.000,218.438,218.827,215.837,215.958,90031.868
29.10.2018 16:00:00.000,215.958,217.028,214.797,215.438,84648.5062
29.10.2018 17:00:00.000,215.438,217.118,215.287,216.278,66798.9426
29.10.2018 18:00:00.000,216.278,216.278,213.177,213.997,62525.8369
29.10.2018 19:00:00.000,214.007,214.077,207.098,212.527,80378.7079
30.10.2018 13:00:00.000,211.147,215.117,209.248,214.777,49910.3966
30.10.2018 14:00:00.000,214.827,214.917,211.307,211.907,59282.2113
30.10.2018 15:00:00.000,212.018,214.457,211.737,212.818,53464.1609
30.10.2018 16:00:00.000,212.877,214.047,212.238,212.397,64529.3121
30.10.2018 17:00:00.000,212.397,213.018,210.847,212.918,101648.7198
30.10.2018 18:00:00.000,212.908,213.287,211.438,212.938,104405.8914
30.10.2018 19:00:00.000,212.938,213.687,212.087,213.338,117602.8214
31.10.2018 13:00:00.000,216.888,217.888,216.647,217.658,42143.7988
31.10.2018 14:00:00.000,217.677,219.148,217.458,218.248,93463.2874
31.10.2018 15:00:00.000,218.278,219.878,217.898,218.487,85582.901
31.10.2018 16:00:00.000,218.487,219.908,217.827,219.697,79878.2654
31.10.2018 17:00:00.000,219.697,220.408,219.018,219.567,69658.5999
31.10.2018 18:00:00.000,219.558,220.417,219.147,219.847,85365.7227
31.10.2018 19:00:00.000,219.838,220.227,218.687,218.767,91939.27
01.11.2018 13:00:00.000,219.047,219.957,217.208,217.767,44893.5738
01.11.2018 14:00:00.000,217.767,218.638,216.807,217.458,78164.2532
01.11.2018 15:00:00.000,217.467,219.878,217.198,219.227,75113.4567
01.11.2018 16:00:00.000,219.227,219.957,218.628,219.198,57692.3904
01.11.2018 17:00:00.000,219.198,220.738,219.037,220.377,57574.9474
01.11.2018 18:00:00.000,220.337,220.448,218.217,219.458,61763.1378
01.11.2018 19:00:00.000,219.468,222.337,219.237,222.188,79244.194
02.11.2018 13:00:00.000,209.507,213.568,208.457,210.138,40149.5132
02.11.2018 14:00:00.000,210.028,210.398,206.367,207.948,72214.7827
02.11.2018 15:00:00.000,207.867,208.428,206.508,207.178,58186.6226
02.11.2018 16:00:00.000,207.238,207.977,205.867,206.298,58835.8383
02.11.2018 17:00:00.000,206.238,207.218,205.628,206.488,55466.6138
02.11.2018 18:00:00.000,206.488,207.408,205.407,207.158,57314.991
02.11.2018 19:00:00.000,207.158,207.387,205.498,205.928,77077.652
05.11.2018 14:00:00.000,204.218,204.218,200.797,201.008,49319.4771
05.11.2018 15:00:00.000,200.988,201.408,198.167,201.317,96873.7793
05.11.2018 16:00:00.000,201.318,201.858,200.367,201.557,71185.8597
05.11.2018 17:00:00.000,201.547,201.628,199.538,200.167,57590.7364
05.11.2018 18:00:00.000,200.167,200.928,199.597,200.808,51532.9857
05.11.2018 19:00:00.000,200.797,201.748,200.637,200.898,59142.4599
05.11.2018 20:00:00.000,200.898,201.797,200.817,201.477,67965.9805
06.11.2018 14:00:00.000,201.827,204.698,201.747,204.217,44016.304
06.11.2018 15:00:00.000,204.208,204.437,202.688,202.888,76015.2664
06.11.2018 16:00:00.000,202.917,203.817,202.397,203.518,70827.3468
06.11.2018 17:00:00.000,203.537,203.777,202.728,202.928,60841.6328
06.11.2018 18:00:00.000,202.928,203.338,202.788,202.887,55292.4881
06.11.2018 19:00:00.000,202.888,202.948,201.667,202.217,55370.4758
06.11.2018 20:00:00.000,202.217,204.028,201.828,203.788,64023.2162
07.11.2018 14:00:00.000,205.868,206.108,204.117,204.767,38179.5349
07.11.2018 15:00:00.000,204.788,206.427,204.587,206.138,81108.3832
07.11.2018 16:00:00.000,206.147,207.507,205.777,207.417,63074.0395
07.11.2018 17:00:00.000,207.417,207.868,207.077,207.647,49437.6183
07.11.2018 18:00:00.000,207.647,207.938,207.237,207.468,47536.8614
07.11.2018 19:00:00.000,207.468,208.167,207.317,207.928,60319.4695
07.11.2018 20:00:00.000,207.928,209.968,207.857,209.938,75823.4406
08.11.2018 14:00:00.000,209.917,210.092,207.758,208.498,50349.2432
08.11.2018 15:00:00.000,208.498,208.788,207.118,207.627,86798.2635
08.11.2018 16:00:00.000,207.608,207.858,206.737,207.277,74622.8638
08.11.2018 17:00:00.000,207.277,207.928,207.007,207.668,56672.2984
08.11.2018 18:00:00.000,207.667,208.078,207.328,208.077,56964.6683
08.11.2018 19:00:00.000,208.077,208.718,207.347,207.888,85583.9005
08.11.2018 20:00:00.000,207.888,208.477,207.488,208.468,87116.9739
09.11.2018 14:00:00.000,205.497,205.958,204.077,205.268,50577.5261
09.11.2018 15:00:00.000,205.287,205.707,203.927,204.187,87737.2208
09.11.2018 16:00:00.000,204.187,204.488,203.147,203.417,89791.8015
09.11.2018 17:00:00.000,203.417,203.988,203.078,203.538,71138.0768
09.11.2018 18:00:00.000,203.528,203.617,202.627,202.638,60899.3988
09.11.2018 19:00:00.000,202.638,203.948,202.238,203.668,74910.553
09.11.2018 20:00:00.000,203.668,204.747,203.568,204.477,93041.0614
12.11.2018 14:00:00.000,198.927,199.798,196.098,196.718,55359.848
12.11.2018 15:00:00.000,196.718,196.857,194.308,194.658,99948.1735
12.11.2018 16:00:00.000,194.668,195.558,193.768,195.398,98018.5852
12.11.2018 17:00:00.000,195.387,196.367,195.357,195.717,83255.0354
12.11.2018 18:00:00.000,195.717,196.187,195.128,195.727,72231.3614
12.11.2018 19:00:00.000,195.727,196.647,195.277,195.708,78541.4963
12.11.2018 20:00:00.000,195.728,195.728,193.887,194.137,102138.3514
13.11.2018 14:00:00.000,191.618,195.127,191.488,192.197,47253.8872
13.11.2018 15:00:00.000,192.108,195.827,191.578,195.437,98513.3896
13.11.2018 16:00:00.000,195.438,197.147,194.488,194.717,88519.722
13.11.2018 17:00:00.000,194.717,195.207,193.508,193.768,83648.5519
13.11.2018 18:00:00.000,193.768,194.878,193.557,193.838,82990.3336
13.11.2018 19:00:00.000,193.837,193.928,192.547,193.028,83230.4001
13.11.2018 20:00:00.000,193.028,193.748,191.908,192.227,106822.5327
14.11.2018 14:00:00.000,193.808,194.458,191.847,192.137,43840.9309
14.11.2018 15:00:00.000,192.117,192.217,188.888,189.897,100580.368
14.11.2018 16:00:00.000,189.897,189.897,187.887,188.668,91590.5914
14.11.2018 17:00:00.000,188.698,188.878,186.318,186.428,85373.4207
14.11.2018 18:00:00.000,186.417,188.388,185.997,186.948,69338.9664
14.11.2018 19:00:00.000,186.948,188.418,185.947,188.218,68971.0007
14.11.2018 20:00:00.000,188.238,188.858,186.497,186.748,88170.1584
15.11.2018 14:00:00.000,188.357,189.397,187.227,187.707,38449.7452
15.11.2018 15:00:00.000,187.707,188.857,186.867,188.498,87943.1992
15.11.2018 16:00:00.000,188.497,190.858,188.297,190.198,72536.4761
15.11.2018 17:00:00.000,190.197,190.417,188.947,189.238,90942.3904
15.11.2018 18:00:00.000,189.218,191.348,188.887,191.128,91748.6267
15.11.2018 19:00:00.000,191.137,191.878,190.608,191.378,87754.1428
15.11.2018 20:00:00.000,191.378,191.917,190.167,191.477,103278.0609
16.11.2018 14:00:00.000,190.478,192.708,189.477,192.647,41975.8606
16.11.2018 15:00:00.000,192.628,194.938,192.338,193.708,102166.4658
16.11.2018 16:00:00.000,193.708,194.048,192.517,192.828,80252.1133
16.11.2018 17:00:00.000,192.817,194.478,192.327,193.638,73258.7814
16.11.2018 18:00:00.000,193.638,193.837,192.227,192.618,77425.3006
16.11.2018 19:00:00.000,192.618,194.337,192.507,194.168,74632.9422
16.11.2018 20:00:00.000,194.168,194.518,193.447,193.527,82105.9723
19.11.2018 14:00:00.000,189.888,190.658,187.847,188.177,48514.7514
19.11.2018 15:00:00.000,188.088,188.218,186.888,187.948,98598.0453
19.11.2018 16:00:00.000,187.948,188.148,185.888,186.208,90638.8168
19.11.2018 17:00:00.000,186.208,187.028,185.678,186.127,87406.8985
19.11.2018 18:00:00.000,186.147,186.917,185.687,185.987,87417.8085
19.11.2018 19:00:00.000,185.987,186.808,185.498,186.517,88201.5686
19.11.2018 20:00:00.000,186.517,187.068,184.978,185.787,90661.6745
20.11.2018 14:00:00.000,178.328,181.117,175.538,179.048,50383.3199
20.11.2018 15:00:00.000,178.898,180.908,176.628,180.497,109611.6638
20.11.2018 16:00:00.000,180.497,181.158,178.907,180.597,86848.0225
20.11.2018 17:00:00.000,180.617,181.418,178.868,178.917,82149.2844
20.11.2018 18:00:00.000,178.917,179.268,177.788,177.927,16889.0953
20.11.2018 19:00:00.000,177.928,178.117,176.787,177.038,13298.1482
20.11.2018 20:00:00.000,177.058,177.318,175.838,176.887,18132.5359
21.11.2018 14:00:00.000,179.668,180.218,177.217,178.235,6753.1872
21.11.2018 15:00:00.000,178.235,178.938,177.068,178.277,12642.1738
21.11.2018 16:00:00.000,178.288,179.237,177.607,177.737,12454.7224
21.11.2018 17:00:00.000,177.738,178.228,177.137,178.187,9690.9885
21.11.2018 18:00:00.000,178.197,178.358,177.658,178.337,8004.4012
21.11.2018 19:00:00.000,178.338,178.348,177.797,177.868,7654.9578
21.11.2018 20:00:00.000,177.858,178.028,176.547,176.747,13286.0346
23.11.2018 14:00:00.000,174.888,176.537,174.017,175.628,6060.5559
23.11.2018 15:00:00.000,175.637,175.828,173.687,174.177,12251.3638
23.11.2018 16:00:00.000,174.187,174.268,172.677,172.837,11090.5809
23.11.2018 17:00:00.000,172.818,173.298,172.117,172.228,12489.4238
26.11.2018 14:00:00.000,174.147,174.917,172.757,174.677,7844.5721
26.11.2018 15:00:00.000,174.638,174.657,172.867,174.018,12265.2798
26.11.2018 16:00:00.000,174.018,174.027,171.328,171.708,12603.6167
26.11.2018 17:00:00.000,171.707,172.558,170.257,171.348,10943.9793
26.11.2018 18:00:00.000,171.347,172.918,170.808,172.867,11072.4716
26.11.2018 19:00:00.000,172.878,173.498,172.797,173.338,9897.7947
26.11.2018 20:00:00.000,173.337,174.558,173.167,174.538,12932.4589
27.11.2018 14:00:00.000,171.597,173.138,170.877,172.728,9047.204
27.11.2018 15:00:00.000,172.708,174.627,172.147,174.177,16929.3327
27.11.2018 16:00:00.000,174.177,174.738,173.297,173.978,13925.1366
27.11.2018 17:00:00.000,173.977,174.027,172.428,172.818,11712.1449
27.11.2018 18:00:00.000,172.828,173.738,172.557,173.738,12636.4326
27.11.2018 19:00:00.000,173.738,174.207,173.067,173.078,11228.7464
27.11.2018 20:00:00.000,173.077,174.267,172.847,174.257,13575.9468
28.11.2018 14:00:00.000,176.637,176.818,175.468,176.078,9221.1037
28.11.2018 15:00:00.000,176.077,176.518,174.917,175.868,14474.4148
28.11.2018 16:00:00.000,175.867,176.418,175.197,176.077,12902.0863
28.11.2018 17:00:00.000,176.087,179.657,176.087,178.488,18619.2799
28.11.2018 18:00:00.000,178.477,180.087,178.187,179.628,14230.1683
28.11.2018 19:00:00.000,179.637,179.997,178.937,179.418,14083.3454
28.11.2018 20:00:00.000,179.417,181.238,178.767,180.978,18016.119
29.11.2018 14:00:00.000,182.638,182.738,179.237,179.888,10406.4798
29.11.2018 15:00:00.000,179.882,179.882,178.008,178.298,16717.0315
29.11.2018 16:00:00.000,178.298,179.018,177.698,178.918,14576.4246
29.11.2018 17:00:00.000,178.918,179.558,177.918,179.557,11569.7317
29.11.2018 18:00:00.000,179.548,179.548,178.317,178.637,10495.9145
29.11.2018 19:00:00.000,178.648,180.298,178.398,180.268,12312.1147
29.11.2018 20:00:00.000,180.278,180.338,179.387,179.538,14348.8159
30.11.2018 14:00:00.000,180.278,180.297,178.108,178.357,6914.609
30.11.2018 15:00:00.000,178.357,178.858,177.898,178.158,12944.1509
30.11.2018 16:00:00.000,178.135,178.378,177.587,178.187,11619.1177
30.11.2018 17:00:00.000,178.188,178.208,177.707,177.718,10592.9041
30.11.2018 18:00:00.000,177.708,178.387,177.318,178.087,10544.343
30.11.2018 19:00:00.000,178.098,178.138,177.017,177.207,10407.1703
30.11.2018 20:00:00.000,177.208,179.257,177.208,178.587,14459.7673
03.12.2018 14:00:00.000,184.387,184.622,181.317,181.628,10771.6866
03.12.2018 15:00:00.000,181.637,183.148,181.457,181.578,18674.1562
03.12.2018 16:00:00.000,181.588,182.638,181.188,181.377,14004.9448
03.12.2018 17:00:00.000,181.388,182.268,181.387,182.098,11286.7956
03.12.2018 18:00:00.000,182.107,182.797,182.037,182.428,11802.5961
03.12.2018 19:00:00.000,182.438,183.728,181.827,183.477,12511.7683
03.12.2018 20:00:00.000,183.478,184.848,182.918,184.807,19082.8571
04.12.2018 14:00:00.000,180.878,181.958,180.547,181.278,8422.5159
04.12.2018 15:00:00.000,181.278,182.358,181.027,181.357,13735.92
04.12.2018 16:00:00.000,181.357,181.778,180.388,180.498,14115.1295
04.12.2018 17:00:00.000,180.487,180.598,177.388,177.738,15256.1855
04.12.2018 18:00:00.000,177.727,178.198,176.437,177.527,12726.4795
04.12.2018 19:00:00.000,177.508,178.238,177.097,177.538,12671.1864
04.12.2018 20:00:00.000,177.538,177.708,176.257,176.747,18030.2429
06.12.2018 14:00:00.000,171.688,172.878,170.608,171.287,9628.1538
06.12.2018 15:00:00.000,171.298,172.147,170.858,171.208,19356.7257
06.12.2018 16:00:00.000,171.207,172.428,170.417,172.418,15991.3568
06.12.2018 17:00:00.000,172.418,174.317,171.607,173.658,12870.0123
06.12.2018 18:00:00.000,173.658,173.847,172.058,173.767,12469.4443
06.12.2018 19:00:00.000,173.758,174.067,172.128,173.168,11960.412
06.12.2018 20:00:00.000,173.168,174.727,172.738,174.688,16927.9556
07.12.2018 14:00:00.000,173.448,174.457,172.557,173.647,8333.7393
07.12.2018 15:00:00.000,173.667,173.928,171.017,171.607,16593.4391
07.12.2018 16:00:00.000,171.607,171.787,170.087,170.088,17321.249
07.12.2018 17:00:00.000,170.088,171.438,169.987,171.248,16306.3431
07.12.2018 18:00:00.000,171.247,171.368,169.598,169.677,15105.1722
07.12.2018 19:00:00.000,169.687,170.538,168.807,169.047,16729.4598
07.12.2018 20:00:00.000,169.037,169.557,168.298,168.357,22009.0446
10.12.2018 14:00:00.000,164.937,166.458,163.718,164.439,7501.7061
10.12.2018 15:00:00.000,164.418,166.838,164.208,165.727,13004.5052
10.12.2018 16:00:00.000,165.727,165.798,164.537,165.048,12731.4672
10.12.2018 17:00:00.000,165.048,169.458,164.377,168.298,11342.6752
10.12.2018 18:00:00.000,168.298,169.782,167.792,168.957,10931.2925
10.12.2018 19:00:00.000,168.948,169.839,168.358,168.977,12362.8635
10.12.2018 20:00:00.000,168.948,169.858,168.328,169.637,18999.0559
11.12.2018 14:00:00.000,171.677,171.717,168.098,168.138,6798.718
11.12.2018 15:00:00.000,168.128,169.828,167.737,168.470,11415.4806
11.12.2018 16:00:00.000,168.468,170.319,168.168,170.208,10031.1108
11.12.2018 17:00:00.000,170.207,170.207,168.347,168.358,9070.5795
11.12.2018 18:00:00.000,168.342,169.011,167.357,167.568,7854.239
11.12.2018 19:00:00.000,167.568,169.033,166.977,168.467,7421.5941
11.12.2018 20:00:00.000,168.468,169.878,167.967,168.587,8005.2471
12.12.2018 14:00:00.000,170.292,170.745,169.147,170.457,4263.535
12.12.2018 15:00:00.000,170.457,171.257,169.758,170.748,8534.6174
12.12.2018 16:00:00.000,170.768,171.528,170.538,171.297,7164.7658
12.12.2018 17:00:00.000,171.307,171.458,170.647,171.328,6672.5998
12.12.2018 18:00:00.000,171.337,171.898,171.060,171.347,5708.5128
12.12.2018 19:00:00.000,171.348,171.440,169.507,169.987,7990.9801
12.12.2018 20:00:00.000,169.981,170.300,168.997,169.068,8859.5972
13.12.2018 14:00:00.000,170.417,170.917,169.540,170.381,3835.8159
13.12.2018 15:00:00.000,170.388,172.528,170.367,171.480,8432.6067
13.12.2018 16:00:00.000,171.448,172.191,170.567,171.287,7381.238
13.12.2018 17:00:00.000,171.288,171.467,170.178,170.522,6855.8888
13.12.2018 18:00:00.000,170.511,171.477,170.147,170.658,5832.5019
13.12.2018 19:00:00.000,170.657,170.907,169.838,170.788,5264.9498
13.12.2018 20:00:00.000,170.812,171.268,169.897,170.791,6969.5969
14.12.2018 14:00:00.000,168.887,168.948,166.847,167.197,5062.0971
14.12.2018 15:00:00.000,167.197,167.678,166.009,166.967,9050.7975
14.12.2018 16:00:00.000,166.937,167.667,166.488,166.758,9884.9602
14.12.2018 17:00:00.000,166.792,167.038,166.337,166.751,7683.3291
14.12.2018 18:00:00.000,166.738,167.418,166.497,166.778,7884.81
14.12.2018 19:00:00.000,166.777,167.019,166.058,166.521,8423.8272
14.12.2018 20:00:00.000,166.537,166.778,165.268,165.371,11221.7751
17.12.2018 14:00:00.000,165.397,167.398,165.328,166.467,5433.4478
17.12.2018 15:00:00.000,166.441,167.848,166.108,167.661,10365.1104
17.12.2018 16:00:00.000,167.661,168.318,167.218,168.018,8939.9977
17.12.2018 17:00:00.000,168.022,168.267,165.998,166.057,9521.2212
17.12.2018 18:00:00.000,166.058,166.208,164.567,164.737,9636.2991
17.12.2018 19:00:00.000,164.738,165.081,164.137,164.488,9008.6546
17.12.2018 20:00:00.000,164.468,164.598,162.718,164.027,12516.3221
18.12.2018 14:00:00.000,165.317,166.158,164.647,165.939,5559.9599
18.12.2018 15:00:00.000,165.939,166.297,165.098,165.361,9468.7567
18.12.2018 16:00:00.000,165.381,165.937,164.841,165.527,9886.6558
18.12.2018 17:00:00.000,165.528,167.508,165.507,167.268,8378.6354
18.12.2018 18:00:00.000,167.268,167.318,165.897,166.228,7343.4191
18.12.2018 19:00:00.000,166.218,166.608,164.897,164.897,8216.6624
18.12.2018 20:00:00.000,164.907,166.959,164.378,165.878,11854.3491
19.12.2018 14:00:00.000,165.938,167.097,164.997,166.697,6254.066
19.12.2018 15:00:00.000,166.707,167.417,166.217,166.597,12427.619
19.12.2018 16:00:00.000,166.588,166.678,165.757,166.548,11547.1792
19.12.2018 17:00:00.000,166.538,167.228,166.497,166.588,10016.0799
19.12.2018 18:00:00.000,166.588,166.857,165.857,166.857,10781.8708
19.12.2018 19:00:00.000,166.914,167.025,161.187,161.708,14491.3683
19.12.2018 20:00:00.000,161.708,161.728,159.117,160.727,11714.2982
20.12.2018 14:00:00.000,160.198,162.047,159.728,161.527,5673.7728
20.12.2018 15:00:00.000,161.528,162.038,160.177,160.538,10225.0671
20.12.2018 16:00:00.000,160.537,160.768,158.630,159.337,12041.4104
20.12.2018 17:00:00.000,159.342,159.618,157.527,158.348,11589.4384
20.12.2018 18:00:00.000,158.347,158.427,156.397,156.527,12251.2026
20.12.2018 19:00:00.000,156.527,158.517,155.368,157.568,11763.6013
20.12.2018 20:00:00.000,157.537,158.307,156.128,156.838,14442.4419
21.12.2018 14:00:00.000,155.788,158.108,155.758,157.177,7026.2518
21.12.2018 15:00:00.000,157.177,157.727,155.507,156.000,14460.5074
21.12.2018 16:00:00.000,156.012,156.038,154.178,154.398,14541.7023
21.12.2018 17:00:00.000,154.398,154.417,152.070,153.787,12518.0635
21.12.2018 18:00:00.000,153.788,154.297,152.428,152.797,10775.1331
21.12.2018 19:00:00.000,152.798,153.621,152.127,152.421,10017.0269
21.12.2018 20:00:00.000,152.408,152.578,149.623,151.081,14160.4567
24.12.2018 14:00:00.000,148.078,150.102,147.408,148.398,7762.7888
24.12.2018 15:00:00.000,148.397,151.498,147.253,150.718,13972.3558
24.12.2018 16:00:00.000,150.737,151.327,148.178,148.498,7863.5468
24.12.2018 17:00:00.000,148.537,149.008,146.678,146.738,9977.0937
26.12.2018 14:00:00.000,148.287,149.897,147.837,148.142,8359.7279
26.12.2018 15:00:00.000,148.142,148.557,146.759,146.887,15317.6022
26.12.2018 16:00:00.000,146.879,150.758,146.708,150.747,13399.3168
26.12.2018 17:00:00.000,150.747,152.428,150.509,152.328,14625.8535
26.12.2018 18:00:00.000,152.367,153.147,150.677,153.048,11649.1289
26.12.2018 19:00:00.000,153.047,153.898,152.608,153.858,12379.0426
26.12.2018 20:00:00.000,153.857,157.187,153.427,157.128,16451.1089
27.12.2018 14:00:00.000,155.758,156.168,153.077,153.578,7721.3411
27.12.2018 15:00:00.000,153.569,154.137,151.407,151.657,17690.9866
27.12.2018 16:00:00.000,151.638,153.078,151.327,152.517,15643.8074
27.12.2018 17:00:00.000,152.517,152.617,150.961,152.047,14989.4037
27.12.2018 18:00:00.000,152.048,152.138,150.137,150.398,14000.7553
27.12.2018 19:00:00.000,150.398,152.388,150.048,152.387,14861.0868
27.12.2018 20:00:00.000,152.388,156.638,151.667,156.267,19367.4736
28.12.2018 14:00:00.000,157.458,157.598,155.160,156.720,7671.5331
28.12.2018 15:00:00.000,156.720,156.830,154.537,155.257,16475.1453
28.12.2018 16:00:00.000,155.258,157.168,154.987,156.917,16241.5409
28.12.2018 17:00:00.000,156.908,157.207,156.017,156.168,13732.2931
28.12.2018 18:00:00.000,156.168,156.392,155.258,156.018,10549.4413
28.12.2018 19:00:00.000,156.028,158.438,156.028,158.369,10861.146
28.12.2018 20:00:00.000,158.369,158.477,155.660,155.932,15366.9491
31.12.2018 14:00:00.000,158.488,159.338,157.467,157.897,6990.315
31.12.2018 15:00:00.000,157.898,158.208,156.487,157.028,14371.7957
31.12.2018 16:00:00.000,157.032,158.148,156.888,157.938,12732.0747
31.12.2018 17:00:00.000,157.937,158.918,157.748,158.348,11736.2747
31.12.2018 18:00:00.000,158.347,158.458,157.417,157.558,10324.2369
31.12.2018 19:00:00.000,157.538,157.798,156.867,157.337,10867.7654
31.12.2018 20:00:00.000,157.348,157.757,156.627,157.718,13249.6204
02.01.2019 14:00:00.000,154.847,155.487,154.228,155.177,8002.4214
02.01.2019 15:00:00.000,155.177,157.170,154.547,156.818,14575.2916
02.01.2019 16:00:00.000,156.808,158.397,156.708,157.038,12053.9246
02.01.2019 17:00:00.000,157.037,158.368,156.917,158.138,8741.9968
02.01.2019 18:00:00.000,158.137,158.818,158.130,158.698,8415.6313
02.01.2019 19:00:00.000,158.698,158.698,157.747,157.887,8039.5441
02.01.2019 20:00:00.000,157.887,158.002,156.737,157.798,10522.294
03.01.2019 14:00:00.000,143.927,144.858,142.797,144.398,11429.2622
03.01.2019 15:00:00.000,144.398,144.398,142.067,143.181,19044.8685
03.01.2019 16:00:00.000,143.181,145.478,143.137,144.698,15313.158
03.01.2019 17:00:00.000,144.698,145.697,144.398,145.008,12778.3756
03.01.2019 18:00:00.000,145.007,145.151,142.883,142.937,12140.3627
03.01.2019 19:00:00.000,142.938,143.928,142.487,142.608,12230.2208
03.01.2019 20:00:00.000,142.607,143.310,141.987,142.057,15849.3214
04.01.2019 14:00:00.000,144.558,145.378,143.787,145.360,9426.3639
04.01.2019 15:00:00.000,145.360,147.217,145.168,147.177,18032.4268
04.01.2019 16:00:00.000,147.168,147.957,146.957,147.090,14254.1189
04.01.2019 17:00:00.000,147.088,147.801,146.837,147.498,12397.4056
04.01.2019 18:00:00.000,147.500,148.518,147.447,147.838,11795.0163
04.01.2019 19:00:00.000,147.847,148.328,147.137,147.148,13518.5041
04.01.2019 20:00:00.000,147.147,148.267,147.067,148.238,15689.7688
07.01.2019 14:00:00.000,148.637,148.667,146.418,147.252,8903.1096
07.01.2019 15:00:00.000,147.247,148.788,146.687,148.018,14848.9809
07.01.2019 16:00:00.000,148.017,148.017,145.887,147.248,14256.5403
07.01.2019 17:00:00.000,147.248,147.869,146.797,147.668,10660.675
07.01.2019 18:00:00.000,147.658,148.098,146.587,146.841,11850.8015
07.01.2019 19:00:00.000,146.828,147.158,146.197,146.977,12628.6659
07.01.2019 20:00:00.000,146.970,148.378,146.930,147.937,15862.6328
08.01.2019 14:00:00.000,149.578,149.998,148.879,148.988,8405.5128
08.01.2019 15:00:00.000,148.998,149.707,148.518,148.878,13791.2951
08.01.2019 16:00:00.000,148.877,150.198,148.800,149.497,13339.8571
08.01.2019 17:00:00.000,149.498,150.698,149.417,149.978,12603.3649
08.01.2019 18:00:00.000,149.977,151.418,149.738,151.268,11679.2974
08.01.2019 19:00:00.000,151.267,151.797,150.737,151.408,11543.0307
08.01.2019 20:00:00.000,151.397,151.409,150.547,150.787,14828.7067
09.01.2019 14:00:00.000,151.398,152.008,149.627,151.797,7763.0692
09.01.2019 15:00:00.000,151.798,152.788,151.387,152.468,18434.2022
09.01.2019 16:00:00.000,152.477,154.018,152.308,153.808,15750.432
09.01.2019 17:00:00.000,153.808,154.348,153.657,153.817,13979.888
09.01.2019 18:00:00.000,153.818,154.191,153.517,153.877,11321.9194
09.01.2019 19:00:00.000,153.881,154.508,152.918,153.738,14429.3985
09.01.2019 20:00:00.000,153.737,154.478,153.137,153.312,15549.9382
10.01.2019 14:00:00.000,152.287,152.738,150.857,151.288,6650.4059
10.01.2019 15:00:00.000,151.297,152.677,151.107,152.508,13650.198
10.01.2019 16:00:00.000,152.520,153.038,151.967,152.968,13792.7303
10.01.2019 17:00:00.000,152.978,153.618,152.657,153.418,14313.3602
10.01.2019 18:00:00.000,153.418,153.438,152.297,152.730,15851.5511
10.01.2019 19:00:00.000,152.738,153.528,152.717,153.158,13859.7641
10.01.2019 20:00:00.000,153.158,153.948,152.987,153.777,15449.584
11.01.2019 14:00:00.000,152.898,153.638,152.762,153.093,6983.0999
11.01.2019 15:00:00.000,153.092,153.478,152.057,152.821,14417.4099
11.01.2019 16:00:00.000,152.821,152.970,151.837,152.348,11425.6916
11.01.2019 17:00:00.000,152.358,152.658,152.187,152.420,12320.591
11.01.2019 18:00:00.000,152.420,152.431,151.497,151.628,11160.0876
11.01.2019 19:00:00.000,151.627,152.298,151.507,152.117,10425.9281
11.01.2019 20:00:00.000,152.118,152.568,151.987,152.218,11060.3991
14.01.2019 14:00:00.000,150.938,151.238,149.797,149.980,8168.8318
14.01.2019 15:00:00.000,149.988,150.438,149.848,150.053,12227.3531
14.01.2019 16:00:00.000,150.038,150.138,149.207,149.758,11889.3528
14.01.2019 17:00:00.000,149.757,150.778,149.547,150.288,10335.9718
14.01.2019 18:00:00.000,150.288,150.358,149.857,150.027,12245.7342
14.01.2019 19:00:00.000,150.028,150.098,149.647,149.978,12464.2544
14.01.2019 20:00:00.000,149.987,150.078,149.457,149.937,17489.5897
15.01.2019 14:00:00.000,150.218,151.878,150.027,151.517,9835.5637
15.01.2019 15:00:00.000,151.527,152.618,151.297,151.878,21933.5861
15.01.2019 16:00:00.000,151.878,152.587,151.317,152.518,15540.5207
15.01.2019 17:00:00.000,152.517,152.868,152.347,152.678,13543.1948
15.01.2019 18:00:00.000,152.677,153.168,152.617,153.057,10639.987
15.01.2019 19:00:00.000,153.058,153.365,151.817,152.648,17748.1575
15.01.2019 20:00:00.000,152.638,153.348,152.578,153.027,19586.4105
16.01.2019 14:00:00.000,152.978,155.848,152.977,155.228,10685.3666
16.01.2019 15:00:00.000,155.228,155.728,154.317,154.907,20791.1549
16.01.2019 16:00:00.000,154.918,155.368,154.377,154.728,19340.0917
16.01.2019 17:00:00.000,154.728,155.148,154.488,155.098,17503.6526
16.01.2019 18:00:00.000,155.098,155.328,154.708,155.248,11448.8564
16.01.2019 19:00:00.000,155.248,155.388,154.987,155.138,14547.3671
16.01.2019 20:00:00.000,155.148,155.358,154.577,154.897,20697.9351
17.01.2019 14:00:00.000,154.187,154.278,153.247,153.708,10647.5353
17.01.2019 15:00:00.000,153.707,154.197,153.447,153.848,18655.6358
17.01.2019 16:00:00.000,153.868,154.588,153.587,154.128,14753.1433
17.01.2019 17:00:00.000,154.127,154.578,153.958,154.248,12724.0057
17.01.2019 18:00:00.000,154.258,154.848,154.257,154.607,13314.2595
17.01.2019 19:00:00.000,154.608,157.617,154.038,155.748,17947.6299
17.01.2019 20:00:00.000,155.748,155.827,155.067,155.787,18181.0837
18.01.2019 14:00:00.000,157.537,157.638,156.197,156.527,10185.9617
18.01.2019 15:00:00.000,156.527,157.847,156.197,156.988,19052.0954
18.01.2019 16:00:00.000,156.997,157.428,156.727,157.267,15162.2572
18.01.2019 17:00:00.000,157.277,157.598,156.837,157.428,17157.7587
18.01.2019 18:00:00.000,157.458,157.598,156.967,157.408,14596.2877
18.01.2019 19:00:00.000,157.408,157.448,156.268,156.668,14979.8937
18.01.2019 20:00:00.000,156.677,156.838,155.977,156.787,19952.7435
22.01.2019 14:00:00.000,156.517,156.658,155.208,155.397,8537.1923
22.01.2019 15:00:00.000,155.388,155.518,154.768,155.167,22552.8908
22.01.2019 16:00:00.000,155.167,155.658,154.427,154.548,18501.7776
22.01.2019 17:00:00.000,154.557,155.288,154.437,154.737,13719.1982
22.01.2019 18:00:00.000,154.737,154.737,153.927,154.298,16394.3768
22.01.2019 19:00:00.000,154.287,154.378,152.888,153.178,18678.1502
22.01.2019 20:00:00.000,153.168,153.997,152.697,153.687,23458.4389
23.01.2019 14:00:00.000,154.058,155.117,153.847,154.598,16736.2061
23.01.2019 15:00:00.000,154.598,154.958,153.357,153.648,37088.5887
23.01.2019 16:00:00.000,153.647,153.688,152.047,152.237,38875.9613
23.01.2019 17:00:00.000,152.237,152.767,151.687,152.637,37374.0997
23.01.2019 18:00:00.000,152.648,153.278,152.137,153.238,33389.0762
23.01.2019 19:00:00.000,153.237,153.598,152.647,153.087,33619.2894
23.01.2019 20:00:00.000,153.078,153.947,153.007,153.938,34961.5631
24.01.2019 14:00:00.000,153.897,154.448,152.948,153.028,23383.3218
24.01.2019 15:00:00.000,153.027,153.627,152.267,152.277,42416.1415
24.01.2019 16:00:00.000,152.287,153.008,151.858,152.937,35733.1123
24.01.2019 17:00:00.000,152.938,152.938,152.127,152.197,23221.1952
24.01.2019 18:00:00.000,152.198,152.388,151.797,152.007,27396.7304
24.01.2019 19:00:00.000,152.008,152.288,151.718,152.208,26470.8385
24.01.2019 20:00:00.000,152.188,152.718,152.067,152.677,26756.8245
25.01.2019 14:00:00.000,155.398,156.328,154.277,156.287,22010.0002
25.01.2019 15:00:00.000,156.277,157.228,156.257,157.137,32610.0006
25.01.2019 16:00:00.000,157.158,157.218,156.197,156.977,22170.0001
25.01.2019 17:00:00.000,157.008,157.207,156.528,156.838,22000
25.01.2019 18:00:00.000,156.847,157.617,156.598,157.617,21214.6511
25.01.2019 19:00:00.000,157.618,158.107,157.257,157.597,22015.5487
25.01.2019 20:00:00.000,157.598,157.887,157.217,157.717,33075.4471
28.01.2019 14:00:00.000,155.438,155.498,153.657,154.547,24018.3125
28.01.2019 15:00:00.000,154.548,155.638,154.307,154.338,37586.7538
28.01.2019 16:00:00.000,154.338,155.148,154.237,154.457,32415.5998
28.01.2019 17:00:00.000,154.448,155.118,154.357,154.827,27647.7642
28.01.2019 18:00:00.000,154.827,155.995,154.757,155.718,24678.9436
28.01.2019 19:00:00.000,155.717,156.268,155.517,155.998,23782.6786
28.01.2019 20:00:00.000,155.997,156.307,155.657,156.288,31526.1574
29.01.2019 14:00:00.000,156.177,158.107,155.888,157.318,22087.7151
29.01.2019 15:00:00.000,157.308,157.958,155.497,155.738,38422.0695
29.01.2019 16:00:00.000,155.728,156.468,155.227,156.387,30680.3036
29.01.2019 17:00:00.000,156.388,156.978,155.978,156.727,23916.1968
29.01.2019 18:00:00.000,156.728,156.728,155.928,156.097,24017.9501
29.01.2019 19:00:00.000,156.098,156.148,154.607,154.707,25383.3447
29.01.2019 20:00:00.000,154.708,154.838,154.097,154.608,39254.8561
30.01.2019 14:00:00.000,163.227,163.278,160.647,160.748,33964.6263
30.01.2019 15:00:00.000,160.748,162.648,160.257,162.517,45376.8806
30.01.2019 16:00:00.000,162.538,163.108,161.837,162.287,38003.5744
30.01.2019 17:00:00.000,162.288,162.978,161.878,162.837,31375.2594
30.01.2019 18:00:00.000,162.838,163.218,162.407,163.007,25786.7661
30.01.2019 19:00:00.000,163.008,166.108,163.008,166.047,49779.0565
30.01.2019 20:00:00.000,166.058,166.058,164.818,165.187,46416.9769
31.01.2019 14:00:00.000,166.087,166.658,164.547,166.508,28018.7511
31.01.2019 15:00:00.000,166.508,168.698,166.167,168.258,46105.6252
31.01.2019 16:00:00.000,168.257,168.977,167.697,168.857,38744.2513
31.01.2019 17:00:00.000,168.858,168.878,167.507,167.747,27476.8562
31.01.2019 18:00:00.000,167.748,167.748,166.787,167.418,25809.7229
31.01.2019 19:00:00.000,167.417,167.518,166.538,166.708,21605.5222
31.01.2019 20:00:00.000,166.707,166.958,166.227,166.427,33487.0262
01.02.2019 14:00:00.000,166.940,168.098,166.767,167.057,27985.6777
01.02.2019 15:00:00.000,167.087,168.948,167.087,168.017,42831.0242
01.02.2019 16:00:00.000,168.018,168.317,167.517,167.868,29658.2909
01.02.2019 17:00:00.000,167.867,167.878,166.977,167.157,25894.2089
01.02.2019 18:00:00.000,167.158,167.278,166.358,167.017,24869.3562
01.02.2019 19:00:00.000,167.008,167.038,165.917,166.128,24183.6243
01.02.2019 20:00:00.000,166.127,166.728,165.948,166.537,31472.6048
04.02.2019 14:00:00.000,167.468,169.787,167.268,169.758,25720.2091
04.02.2019 15:00:00.000,169.757,170.678,169.347,170.207,42747.7264
04.02.2019 16:00:00.000,170.217,171.348,170.047,171.067,31477.7737
04.02.2019 17:00:00.000,171.068,171.158,170.547,170.848,28375.351
04.02.2019 18:00:00.000,170.847,171.518,170.798,171.438,24244.5469
04.02.2019 19:00:00.000,171.438,171.638,170.927,171.227,21645.7062
04.02.2019 20:00:00.000,171.218,171.328,170.708,171.248,28769.5045
05.02.2019 14:00:00.000,172.797,174.448,172.337,174.168,29662.3821
05.02.2019 15:00:00.000,174.167,174.978,173.587,174.797,39755.6572
05.02.2019 16:00:00.000,174.798,175.055,173.997,174.387,30681.6902
05.02.2019 17:00:00.000,174.388,174.418,172.997,173.148,34177.1355
05.02.2019 18:00:00.000,173.147,173.868,172.677,173.778,30618.7248
05.02.2019 19:00:00.000,173.788,174.418,173.777,174.208,27731.1516
05.02.2019 20:00:00.000,174.218,174.458,173.737,174.098,31912.3459
06.02.2019 14:00:00.000,174.687,175.308,173.517,173.618,25451.6678
06.02.2019 15:00:00.000,173.618,174.578,172.838,174.277,43827.3659
06.02.2019 16:00:00.000,174.278,175.548,174.037,174.817,33316.7648
06.02.2019 17:00:00.000,174.818,174.858,173.677,173.867,31669.2219
06.02.2019 18:00:00.000,173.868,174.448,173.747,174.168,23729.044
06.02.2019 19:00:00.000,174.168,174.258,173.667,174.248,23438.4499
06.02.2019 20:00:00.000,174.248,174.328,173.977,174.258,29009.8267
07.02.2019 14:00:00.000,172.357,173.177,171.797,173.097,29056.0799
07.02.2019 15:00:00.000,173.098,173.908,172.497,172.527,47238.4186
07.02.2019 16:00:00.000,172.518,172.797,171.068,171.188,53792.1753
07.02.2019 17:00:00.000,171.187,171.768,170.317,170.678,39156.8718
07.02.2019 18:00:00.000,170.678,171.328,170.558,171.148,33457.7408
07.02.2019 19:00:00.000,171.127,171.358,170.677,170.957,37387.0544
07.02.2019 20:00:00.000,170.958,171.145,170.457,170.937,36551.8494
08.02.2019 14:00:00.000,168.868,169.648,168.417,169.198,24300.1022
08.02.2019 15:00:00.000,169.198,170.347,168.867,169.528,46978.5233
08.02.2019 16:00:00.000,169.538,169.808,169.007,169.748,42487.5336
08.02.2019 17:00:00.000,169.748,170.018,169.268,169.788,32654.2244
08.02.2019 18:00:00.000,169.787,170.288,169.727,170.218,28415.5312
08.02.2019 19:00:00.000,170.218,170.638,170.027,170.458,27456.4095
08.02.2019 20:00:00.000,170.457,170.498,169.807,170.498,34357.1587
11.02.2019 14:00:00.000,171.098,171.158,169.387,170.197,22263.6986
11.02.2019 15:00:00.000,170.208,170.687,169.998,170.097,33431.3889
11.02.2019 16:00:00.000,170.098,170.148,169.357,169.778,34222.4617
11.02.2019 17:00:00.000,169.787,170.638,169.667,170.437,22423.6546
11.02.2019 18:00:00.000,170.447,170.478,169.617,169.897,22542.1333
11.02.2019 19:00:00.000,169.888,170.078,169.417,169.517,22547.0009
11.02.2019 20:00:00.000,169.518,169.898,169.237,169.457,27872.4747
12.02.2019 14:00:00.000,170.118,170.928,169.737,170.098,17098.3429
12.02.2019 15:00:00.000,170.117,170.628,169.687,170.387,28599.0105
12.02.2019 16:00:00.000,170.388,170.658,169.747,169.858,24365.6197
12.02.2019 17:00:00.000,169.867,170.318,169.767,169.978,19194.3817
12.02.2019 18:00:00.000,169.977,170.628,169.907,170.507,17320.7188
12.02.2019 19:00:00.000,170.508,170.628,170.248,170.437,14752.5949
12.02.2019 20:00:00.000,170.438,170.978,170.427,170.818,24189.5847
13.02.2019 14:00:00.000,171.388,172.458,171.068,171.518,21577.8809
13.02.2019 15:00:00.000,171.518,171.838,170.927,171.458,37406.105
13.02.2019 16:00:00.000,171.468,171.698,170.557,170.937,28693.1572
13.02.2019 17:00:00.000,170.938,171.098,170.397,170.607,20308.3248
13.02.2019 18:00:00.000,170.608,170.988,170.578,170.707,16460.6876
13.02.2019 19:00:00.000,170.708,171.148,170.547,170.917,15442.0452
13.02.2019 20:00:00.000,170.918,170.918,169.907,170.087,25261.7931
14.02.2019 14:00:00.000,169.698,170.778,169.368,170.638,24822.3782
14.02.2019 15:00:00.000,170.638,171.248,169.887,170.547,40978.1303
14.02.2019 16:00:00.000,170.548,170.678,169.897,170.648,34263.8588
14.02.2019 17:00:00.000,170.667,171.208,170.487,170.988,24764.1258
14.02.2019 18:00:00.000,170.997,171.178,170.847,170.858,17320.2896
14.02.2019 19:00:00.000,170.858,171.158,170.697,170.778,19876.6193
14.02.2019 20:00:00.000,170.777,171.127,170.397,170.797,25871.2883
15.02.2019 14:00:00.000,171.298,171.638,169.737,170.467,24550.7545
15.02.2019 15:00:00.000,170.448,171.168,170.107,170.408,36802.0668
15.02.2019 16:00:00.000,170.418,170.618,169.817,170.118,32651.0773
15.02.2019 17:00:00.000,170.108,170.608,169.937,170.008,24237.7872
15.02.2019 18:00:00.000,170.008,170.168,169.918,170.038,19476.881
15.02.2019 19:00:00.000,170.037,170.458,170.037,170.398,18804.8878
15.02.2019 20:00:00.000,170.388,170.478,169.857,170.357,28728.4222
19.02.2019 14:00:00.000,169.687,170.978,169.367,170.078,20449.8901
19.02.2019 15:00:00.000,170.068,170.228,169.497,170.118,30106.8802
19.02.2019 16:00:00.000,170.118,170.758,170.027,170.708,26356.2584
19.02.2019 17:00:00.000,170.707,170.768,170.487,170.537,18883.5945
19.02.2019 18:00:00.000,170.537,170.678,170.298,170.607,14825.8924
19.02.2019 19:00:00.000,170.608,171.418,170.588,171.387,15855.6986
19.02.2019 20:00:00.000,171.388,171.398,170.727,170.897,24920.3854
20.02.2019 14:00:00.000,171.168,172.198,171.007,172.067,19208.4923
20.02.2019 15:00:00.000,172.077,173.287,171.857,172.708,35234.2682
20.02.2019 16:00:00.000,172.708,172.948,172.517,172.628,22746.4066
20.02.2019 17:00:00.000,172.627,172.708,171.597,171.897,26503.2597
20.02.2019 18:00:00.000,171.897,172.448,171.858,172.348,20359.5505
20.02.2019 19:00:00.000,172.367,172.808,171.327,172.228,44609.8633
20.02.2019 20:00:00.000,172.227,172.327,171.627,171.958,35957.8133
21.02.2019 14:00:00.000,171.748,172.338,170.808,171.247,23169.838
21.02.2019 15:00:00.000,171.248,171.378,170.807,170.887,41992.8322
21.02.2019 16:00:00.000,170.888,171.418,170.468,171.317,32857.6851
21.02.2019 17:00:00.000,171.318,171.678,171.297,171.617,23728.2372
21.02.2019 18:00:00.000,171.618,171.648,171.267,171.397,18269.6457
21.02.2019 19:00:00.000,171.398,171.418,170.337,170.387,23588.1004
21.02.2019 20:00:00.000,170.377,171.117,170.287,171.117,30508.6155
22.02.2019 14:00:00.000,171.367,172.288,171.358,172.158,19742.0197
22.02.2019 15:00:00.000,172.168,172.598,171.658,172.588,28380.3082
22.02.2019 16:00:00.000,172.587,172.648,172.057,172.228,23881.115
22.02.2019 17:00:00.000,172.227,172.358,172.017,172.207,17882.8697
22.02.2019 18:00:00.000,172.208,172.437,172.028,172.427,18462.5435
22.02.2019 19:00:00.000,172.428,172.558,171.837,171.958,23783.268
22.02.2019 20:00:00.000,171.947,172.977,171.868,172.977,29361.8393
25.02.2019 14:00:00.000,173.978,175.568,173.928,175.357,24262.3653
25.02.2019 15:00:00.000,175.342,175.848,175.027,175.388,37013.6185
25.02.2019 16:00:00.000,175.387,175.598,175.007,175.368,31776.7658
25.02.2019 17:00:00.000,175.368,175.448,174.217,174.367,29041.7004
25.02.2019 18:00:00.000,174.368,174.578,174.017,174.458,26857.0595
25.02.2019 19:00:00.000,174.449,174.858,174.408,174.767,27265.7394
25.02.2019 20:00:00.000,174.768,174.808,174.077,174.198,32599.6323
26.02.2019 14:00:00.000,173.588,174.978,173.147,174.839,19407.6061
26.02.2019 15:00:00.000,174.839,175.268,173.757,173.760,37524.1051
26.02.2019 16:00:00.000,173.757,174.568,173.648,174.218,34375.248
26.02.2019 17:00:00.000,174.219,174.348,173.927,174.198,27620.0962
26.02.2019 18:00:00.000,174.198,174.538,174.118,174.217,26236.0191
26.02.2019 19:00:00.000,174.218,174.568,174.177,174.528,25271.3585
26.02.2019 20:00:00.000,174.538,174.858,174.148,174.287,31452.5528
27.02.2019 14:00:00.000,173.227,174.878,173.188,174.007,20255.6686
27.02.2019 15:00:00.000,174.008,174.228,172.711,173.068,47366.1537
27.02.2019 16:00:00.000,173.058,174.058,172.857,173.878,39374.9886
27.02.2019 17:00:00.000,173.877,174.338,173.797,174.319,26496.109
27.02.2019 18:00:00.000,174.318,174.658,174.157,174.410,23320.1923
27.02.2019 19:00:00.000,174.407,174.918,174.368,174.627,25921.7129
27.02.2019 20:00:00.000,174.628,174.978,174.423,174.847,32785.2745
28.02.2019 14:00:00.000,174.308,174.888,173.938,174.282,24352.9606
28.02.2019 15:00:00.000,174.273,174.273,173.567,173.698,45035.9116
28.02.2019 16:00:00.000,173.698,174.398,173.387,174.147,35833.0765
28.02.2019 17:00:00.000,174.148,174.348,173.797,174.257,23008.8367
28.02.2019 18:00:00.000,174.268,174.307,174.017,174.198,18644.2757
28.02.2019 19:00:00.000,174.197,174.328,173.897,174.077,23140.1482
28.02.2019 20:00:00.000,174.088,174.157,172.908,173.252,35476.9363
01.03.2019 14:00:00.000,174.278,174.357,173.547,174.207,18581.2931
01.03.2019 15:00:00.000,174.198,174.198,173.367,173.668,32863.4949
01.03.2019 16:00:00.000,173.668,173.678,172.867,173.307,33917.7704
01.03.2019 17:00:00.000,173.317,174.218,173.278,174.178,21235.199
01.03.2019 18:00:00.000,174.177,174.608,174.007,174.497,17344.038
01.03.2019 19:00:00.000,174.497,175.118,174.317,174.958,22236.9633
01.03.2019 20:00:00.000,174.958,175.088,174.667,174.947,36161.2854
04.03.2019 14:00:00.000,175.657,177.638,175.657,177.428,23861.1546
04.03.2019 15:00:00.000,177.458,177.728,176.607,176.688,35942.6384
04.03.2019 16:00:00.000,176.688,176.738,174.737,175.157,47883.0795
04.03.2019 17:00:00.000,175.147,175.487,173.968,174.767,45158.6075
04.03.2019 18:00:00.000,174.767,175.478,174.417,175.397,32569.0956
04.03.2019 19:00:00.000,175.398,175.708,175.197,175.458,29717.6208
04.03.2019 20:00:00.000,175.458,175.938,175.217,175.907,34471.6034
05.03.2019 14:00:00.000,175.897,175.918,174.747,174.847,23594.0666
05.03.2019 15:00:00.000,174.847,175.518,174.527,175.148,43858.551
05.03.2019 16:00:00.000,175.157,175.927,175.047,175.498,32228.7903
05.03.2019 17:00:00.000,175.497,175.528,175.068,175.247,21578.5046
05.03.2019 18:00:00.000,175.248,175.458,175.137,175.368,19307.8289
05.03.2019 19:00:00.000,175.368,175.678,175.338,175.647,16967.5999
05.03.2019 20:00:00.000,175.648,175.828,175.467,175.498,26864.9235
06.03.2019 14:00:00.000,174.667,174.978,173.927,174.858,26741.0469
06.03.2019 15:00:00.000,174.867,175.467,174.647,175.178,38657.2189
06.03.2019 16:00:00.000,175.177,175.448,174.557,174.908,34366.394
06.03.2019 17:00:00.000,174.898,175.178,174.597,174.737,31019.4569
06.03.2019 18:00:00.000,174.747,174.838,174.467,174.737,26313.4003
06.03.2019 19:00:00.000,174.738,174.897,174.527,174.657,24500.2003
06.03.2019 20:00:00.000,174.658,174.848,174.337,174.488,33789.0549
07.03.2019 14:00:00.000,173.985,174.407,173.437,173.508,25220.0508
07.03.2019 15:00:00.000,173.507,173.528,172.017,172.898,45296.1998
07.03.2019 16:00:00.000,172.897,173.628,172.717,173.587,37116.1079
07.03.2019 17:00:00.000,173.577,174.207,173.018,173.977,30514.8869
07.03.2019 18:00:00.000,173.978,174.198,173.387,173.748,22928.3123
07.03.2019 19:00:00.000,173.747,173.818,172.537,172.727,26801.2028
07.03.2019 20:00:00.000,172.728,172.828,172.298,172.457,41636.776
08.03.2019 14:00:00.000,170.247,171.457,169.487,171.158,29802.7401
08.03.2019 15:00:00.000,171.157,171.958,170.667,171.558,47608.4137
08.03.2019 16:00:00.000,171.558,172.228,171.477,171.668,41741.7679
08.03.2019 17:00:00.000,171.668,171.778,171.238,171.318,29483.2077
08.03.2019 18:00:00.000,171.328,171.788,171.207,171.778,22113.8229
08.03.2019 19:00:00.000,171.788,172.728,171.627,172.468,24539.4592
08.03.2019 20:00:00.000,172.467,173.048,171.967,172.937,39622.3717
11.03.2019 16:00:00.000,178.717,178.768,178.467,178.528,21459.8808
11.03.2019 17:00:00.000,178.528,178.928,178.447,178.827,21330.3547
11.03.2019 18:00:00.000,178.828,178.848,178.498,178.628,22031.0879
11.03.2019 19:00:00.000,178.628,179.108,178.437,178.908,30315.4202
12.03.2019 13:00:00.000,179.977,181.178,179.368,180.818,30359.9415
12.03.2019 14:00:00.000,180.827,182.648,180.627,182.387,41234.6916
12.03.2019 15:00:00.000,182.388,182.488,181.377,181.777,36394.6266
12.03.2019 16:00:00.000,181.777,181.808,180.597,180.737,30459.7988
12.03.2019 17:00:00.000,180.727,181.368,180.657,181.168,25611.2957
12.03.2019 18:00:00.000,181.167,181.248,180.597,180.908,20897.9721
12.03.2019 19:00:00.000,180.907,180.938,180.198,180.897,36904.0375
13.03.2019 13:00:00.000,182.198,183.267,181.538,181.708,23903.1067
13.03.2019 14:00:00.000,181.697,181.918,180.908,181.607,36491.0965
13.03.2019 15:00:00.000,181.608,182.258,181.607,181.728,31396.8143
13.03.2019 16:00:00.000,181.727,182.238,181.697,182.128,24122.7398
13.03.2019 17:00:00.000,182.128,182.548,182.007,182.547,21302.9766
13.03.2019 18:00:00.000,182.557,182.808,182.207,182.507,30183.2199
13.03.2019 19:00:00.000,182.507,182.548,181.597,181.788,40826.4084
14.03.2019 13:00:00.000,183.958,183.958,182.668,183.547,23627.964
14.03.2019 14:00:00.000,183.518,183.547,182.547,183.007,38868.5722
14.03.2019 15:00:00.000,183.008,183.708,182.807,183.448,30586.3075
14.03.2019 16:00:00.000,183.448,184.067,183.408,183.837,24686.121
14.03.2019 17:00:00.000,183.848,183.858,183.417,183.607,18613.9927
14.03.2019 18:00:00.000,183.608,183.948,183.597,183.747,21306.1409
14.03.2019 19:00:00.000,183.738,183.988,183.418,183.768,29437.5172
15.03.2019 13:00:00.000,184.768,184.967,183.717,184.867,21994.3256
15.03.2019 14:00:00.000,184.877,185.648,184.417,185.637,35184.7992
15.03.2019 15:00:00.000,185.637,186.487,185.507,186.398,30587.4004
15.03.2019 16:00:00.000,186.397,186.958,186.267,186.427,27287.1208
15.03.2019 17:00:00.000,186.427,187.228,186.427,187.168,22183.321
15.03.2019 18:00:00.000,187.167,187.188,186.667,187.088,21872.0741
15.03.2019 19:00:00.000,187.098,187.298,185.887,186.178,34204.2427
18.03.2019 13:00:00.000,185.717,187.628,185.717,187.298,22493.2022
18.03.2019 14:00:00.000,187.308,188.378,187.277,188.198,33344.3069
18.03.2019 15:00:00.000,188.198,188.208,187.167,187.538,31215.4694
18.03.2019 16:00:00.000,187.547,187.648,186.997,187.387,25288.1851
18.03.2019 17:00:00.000,187.388,188.078,187.288,188.068,19418.4742
18.03.2019 18:00:00.000,188.067,188.208,187.697,187.947,18531.3301
18.03.2019 19:00:00.000,187.947,188.218,187.647,188.018,28823.2574
19.03.2019 13:00:00.000,188.278,188.958,187.997,188.147,22417.4843
19.03.2019 14:00:00.000,188.118,188.428,187.107,187.168,32629.8256
19.03.2019 15:00:00.000,187.167,188.018,186.817,187.998,26614.4447
19.03.2019 16:00:00.000,188.008,188.368,186.917,187.688,30497.7283
19.03.2019 17:00:00.000,187.677,187.768,186.817,187.047,26271.3776
19.03.2019 18:00:00.000,187.038,187.498,186.818,187.288,23734.9701
19.03.2019 19:00:00.000,187.288,187.308,185.907,186.547,39879.8332
20.03.2019 13:00:00.000,186.208,186.538,184.747,185.407,21461.9579
20.03.2019 14:00:00.000,185.398,187.358,185.387,187.057,33365.406
20.03.2019 15:00:00.000,187.058,187.218,186.137,186.308,31423.9216
20.03.2019 16:00:00.000,186.308,187.177,186.307,186.927,31503.1242
20.03.2019 17:00:00.000,186.927,187.128,186.757,187.100,22050.9815
20.03.2019 18:00:00.000,187.137,189.468,187.127,188.788,51603.6758
20.03.2019 19:00:00.000,188.787,188.967,187.852,188.137,44362.6366
21.03.2019 13:00:00.000,190.018,192.837,189.841,192.597,29757.1335
21.03.2019 14:00:00.000,192.598,194.818,192.393,194.797,49748.9395
21.03.2019 15:00:00.000,194.798,195.078,194.200,194.830,43636.6882
21.03.2019 16:00:00.000,194.830,194.923,194.018,194.657,36322.7234
21.03.2019 17:00:00.000,194.658,195.548,194.427,195.528,33135.3493
21.03.2019 18:00:00.000,195.537,196.258,195.397,195.758,35176.1742
21.03.2019 19:00:00.000,195.768,196.297,195.137,195.278,44503.9673
22.03.2019 13:00:00.000,195.278,197.651,194.007,194.478,34975.2464
22.03.2019 14:00:00.000,194.468,196.450,194.397,194.798,56986.8355
22.03.2019 15:00:00.000,194.797,194.859,192.898,192.908,50902.6527
22.03.2019 16:00:00.000,192.928,193.608,192.018,192.748,45443.7561
22.03.2019 17:00:00.000,192.748,193.418,191.998,192.107,39994.0262
22.03.2019 18:00:00.000,192.108,193.468,192.037,193.379,39490.5205
22.03.2019 19:00:00.000,193.380,193.631,190.757,191.048,49478.2372
25.03.2019 13:00:00.000,191.517,191.937,187.218,187.727,39318.8858
25.03.2019 14:00:00.000,187.728,190.478,187.437,190.041,64953.3234
25.03.2019 15:00:00.000,190.048,190.598,189.137,190.137,54323.494
25.03.2019 16:00:00.000,190.138,190.938,189.387,189.769,45513.6147
25.03.2019 17:00:00.000,189.769,189.888,187.837,188.217,44152.2179
25.03.2019 18:00:00.000,188.218,188.408,187.177,187.448,46098.2437
25.03.2019 19:00:00.000,187.448,188.807,186.588,188.728,49050.1785
26.03.2019 13:00:00.000,191.558,192.458,190.177,192.448,33800.9071
26.03.2019 14:00:00.000,192.457,192.858,191.057,192.239,60102.6459
26.03.2019 15:00:00.000,192.239,192.418,190.751,191.128,52332.4928
26.03.2019 16:00:00.000,191.127,191.497,190.157,190.597,45272.1329
26.03.2019 17:00:00.000,190.597,191.049,188.787,189.048,43522.0947
26.03.2019 18:00:00.000,189.038,189.357,186.838,186.928,47890.3275
26.03.2019 19:00:00.000,186.937,187.588,184.587,186.737,58892.4713
27.03.2019 13:00:00.000,188.688,189.622,188.287,188.488,34533.4854
27.03.2019 14:00:00.000,188.487,189.738,188.177,188.948,58212.9669
27.03.2019 15:00:00.000,188.947,189.070,186.528,187.290,58188.5452
27.03.2019 16:00:00.000,187.287,188.558,187.217,187.968,46323.5397
27.03.2019 17:00:00.000,187.967,189.248,187.597,188.838,40642.746
27.03.2019 18:00:00.000,188.847,189.329,188.187,188.247,35977.7679
27.03.2019 19:00:00.000,188.237,188.847,188.077,188.488,42835.4568
28.03.2019 13:00:00.000,188.887,189.518,187.990,188.598,28779.7832
28.03.2019 14:00:00.000,188.597,188.928,187.807,188.478,50322.9065
28.03.2019 15:00:00.000,188.489,188.808,187.937,188.588,50139.0533
28.03.2019 16:00:00.000,188.597,188.818,187.997,188.271,38878.3302
28.03.2019 17:00:00.000,188.278,188.481,187.987,188.097,30561.9221
28.03.2019 18:00:00.000,188.098,188.168,187.517,187.868,28323.3223
28.03.2019 19:00:00.000,187.867,188.848,187.797,188.620,35327.7626
29.03.2019 13:00:00.000,189.927,189.963,188.768,189.188,25333.3378
29.03.2019 14:00:00.000,189.188,189.688,188.527,188.768,42941.2575
29.03.2019 15:00:00.000,188.768,189.578,188.690,189.357,36458.7173
29.03.2019 16:00:00.000,189.358,189.411,188.927,189.308,34506.897
29.03.2019 17:00:00.000,189.307,189.418,189.067,189.247,27315.3286
29.03.2019 18:00:00.000,189.248,189.820,189.132,189.807,27927.8297
29.03.2019 19:00:00.000,189.808,189.978,189.267,189.968,39917.2821
01.04.2019 13:00:00.000,191.548,191.618,189.687,190.117,30038.8889
01.04.2019 14:00:00.000,190.128,190.472,188.367,189.377,46299.2249
01.04.2019 15:00:00.000,189.378,190.368,189.378,190.187,34233.5663
01.04.2019 16:00:00.000,190.188,190.558,189.848,190.538,23286.0107
01.04.2019 17:00:00.000,190.547,190.767,189.917,190.707,23207.7179
01.04.2019 18:00:00.000,190.707,191.058,190.467,191.058,22341.8312
01.04.2019 19:00:00.000,191.068,191.389,190.747,191.060,33885.8414
02.04.2019 13:00:00.000,191.037,193.048,191.037,191.677,26347.6105
02.04.2019 14:00:00.000,191.678,192.967,191.517,192.757,37734.1766
02.04.2019 15:00:00.000,192.758,192.828,192.097,192.568,34138.7939
02.04.2019 16:00:00.000,192.581,192.998,192.489,192.818,27848.8388
02.04.2019 17:00:00.000,192.820,193.787,192.637,193.667,25811.4605
02.04.2019 18:00:00.000,193.667,193.958,193.307,193.957,24076.5781
02.04.2019 19:00:00.000,193.958,194.438,193.877,194.042,33926.4717
03.04.2019 13:00:00.000,193.288,195.178,193.148,194.810,26279.4685
03.04.2019 14:00:00.000,194.810,196.048,194.478,195.997,40608.9859
03.04.2019 15:00:00.000,195.998,196.478,195.767,196.278,29974.7047
03.04.2019 16:00:00.000,196.278,196.410,195.547,195.560,24251.3294
03.04.2019 17:00:00.000,195.560,195.860,194.737,194.927,24227.3827
03.04.2019 18:00:00.000,194.928,195.458,194.637,194.867,26551.6052
03.04.2019 19:00:00.000,194.858,195.377,194.347,195.331,39515.2168
04.04.2019 13:00:00.000,194.878,196.172,194.767,195.917,22061.4891
04.04.2019 14:00:00.000,195.918,196.140,194.787,195.798,37927.9823
04.04.2019 15:00:00.000,195.797,196.338,195.218,195.747,35402.4239
04.04.2019 16:00:00.000,195.748,195.952,195.207,195.547,33407.2533
04.04.2019 17:00:00.000,195.547,195.712,195.327,195.488,26821.5046
04.04.2019 18:00:00.000,195.487,196.068,195.337,195.878,22353.7273
04.04.2019 19:00:00.000,195.878,195.962,195.268,195.698,30140.2473
05.04.2019 13:00:00.000,196.398,197.077,195.958,196.578,27253.4943
05.04.2019 14:00:00.000,196.578,196.798,196.058,196.397,44469.2726
05.04.2019 15:00:00.000,196.398,196.558,196.137,196.468,36503.0098
05.04.2019 16:00:00.000,196.467,196.898,196.347,196.528,27388.2046
05.04.2019 17:00:00.000,196.527,196.678,196.417,196.678,21985.5404
05.04.2019 18:00:00.000,196.677,196.941,196.597,196.698,24889.3757
05.04.2019 19:00:00.000,196.697,197.058,196.638,196.990,32565.3534
08.04.2019 13:00:00.000,196.397,197.878,196.317,197.748,25525.3334
08.04.2019 14:00:00.000,197.757,198.728,197.178,198.680,37044.3573
08.04.2019 15:00:00.000,198.678,199.478,198.647,199.147,36642.2691
08.04.2019 16:00:00.000,199.147,199.268,198.608,199.159,29287.8075
08.04.2019 17:00:00.000,199.159,199.758,199.009,199.738,28291.3818
08.04.2019 18:00:00.000,199.757,199.938,199.547,199.860,26429.636
08.04.2019 19:00:00.000,199.858,200.198,199.817,200.058,32076.6869
09.04.2019 13:00:00.000,200.288,201.927,199.658,201.648,30971.7121
09.04.2019 14:00:00.000,201.647,202.818,201.478,202.398,45302.0096
09.04.2019 15:00:00.000,202.401,202.678,201.701,201.919,35479.8241
09.04.2019 16:00:00.000,201.917,202.257,201.597,201.620,27696.9585
09.04.2019 17:00:00.000,201.620,201.628,199.507,199.978,32433.7502
09.04.2019 18:00:00.000,199.977,200.008,199.287,199.607,34244.4305
09.04.2019 19:00:00.000,199.608,199.978,199.207,199.530,40510.994
10.04.2019 13:00:00.000,198.697,199.940,198.377,198.618,26432.6935
10.04.2019 14:00:00.000,198.618,199.681,198.167,199.389,39316.6122
10.04.2019 15:00:00.000,199.387,199.672,199.187,199.327,32202.9343
10.04.2019 16:00:00.000,199.328,199.708,199.117,199.558,25070.0665
10.04.2019 17:00:00.000,199.557,199.978,199.247,199.968,23107.8548
10.04.2019 18:00:00.000,199.967,199.978,199.307,199.669,32739.5668
10.04.2019 19:00:00.000,199.668,200.718,199.577,200.658,39192.2302
11.04.2019 13:00:00.000,200.837,200.837,199.737,200.478,26393.9705
11.04.2019 14:00:00.000,200.467,200.889,200.007,200.468,40946.434
11.04.2019 15:00:00.000,200.467,200.602,199.597,200.048,32743.0382
11.04.2019 16:00:00.000,200.047,200.392,199.917,200.178,28248.9719
11.04.2019 17:00:00.000,200.179,200.269,199.117,199.228,23779.1271
11.04.2019 18:00:00.000,199.228,199.328,198.737,199.167,27536.0851
11.04.2019 19:00:00.000,199.168,199.301,198.428,198.842,32981.3461
12.04.2019 13:00:00.000,199.127,200.080,199.038,199.789,21555.4085
12.04.2019 14:00:00.000,199.798,199.848,196.667,196.977,43562.3589
12.04.2019 15:00:00.000,196.987,197.672,196.208,197.668,89030.6549
12.04.2019 16:00:00.000,197.640,197.949,197.481,197.773,77833.0002
12.04.2019 17:00:00.000,197.773,198.433,197.657,198.318,65712.0972
12.04.2019 18:00:00.000,198.319,199.107,198.268,198.631,73262.001
12.04.2019 19:00:00.000,198.642,199.028,198.401,198.812,92092.247
15.04.2019 13:00:00.000,198.497,199.808,198.497,199.028,59284.4734
15.04.2019 14:00:00.000,199.028,199.128,197.998,198.569,109739.4791
15.04.2019 15:00:00.000,198.569,199.348,198.482,198.587,83962.9974
15.04.2019 16:00:00.000,198.587,198.829,198.482,198.692,67615.799
15.04.2019 17:00:00.000,198.692,198.988,198.668,198.848,61792.9993
15.04.2019 18:00:00.000,198.827,199.137,198.789,199.088,67361.6028
15.04.2019 19:00:00.000,199.087,199.303,198.877,199.207,88061.6074
16.04.2019 13:00:00.000,199.357,199.968,198.987,199.848,53630.3864
16.04.2019 14:00:00.000,199.838,201.350,199.617,200.631,109109.5886
16.04.2019 15:00:00.000,200.627,200.707,199.757,199.887,92156.7993
16.04.2019 16:00:00.000,199.878,200.068,199.580,199.941,77707.0999
16.04.2019 17:00:00.000,199.938,200.023,199.328,199.707,68416.7023
16.04.2019 18:00:00.000,199.707,199.829,198.538,199.738,81462.4023
16.04.2019 19:00:00.000,199.697,200.512,198.752,199.222,110557.5104
17.04.2019 13:00:00.000,199.237,201.268,198.607,199.941,64586.38
17.04.2019 14:00:00.000,199.941,201.558,199.601,201.348,113097.2214
17.04.2019 15:00:00.000,201.348,201.978,201.168,201.867,95761.2915
17.04.2019 16:00:00.000,201.867,202.442,201.497,202.437,86270.3018
17.04.2019 17:00:00.000,202.437,203.248,202.399,202.987,80515.213
17.04.2019 18:00:00.000,202.987,203.052,202.238,202.828,93630.4016
17.04.2019 19:00:00.000,202.827,203.357,202.738,203.117,97828.9032
18.04.2019 13:00:00.000,203.107,203.812,202.718,203.057,59937.3779
18.04.2019 14:00:00.000,203.057,203.479,202.497,203.457,106853.302
18.04.2019 15:00:00.000,203.457,203.918,203.017,203.187,84558.7616
18.04.2019 16:00:00.000,203.188,203.639,203.119,203.257,65612.7014
18.04.2019 17:00:00.000,203.257,203.761,203.138,203.698,55607.2807
18.04.2019 18:00:00.000,203.700,204.028,203.658,203.868,64311.4014
18.04.2019 19:00:00.000,203.878,204.128,203.597,203.858,88485.199
22.04.2019 13:00:00.000,202.638,204.358,202.307,203.608,48647.4495
22.04.2019 14:00:00.000,203.608,204.598,203.240,204.588,92874.0997
22.04.2019 15:00:00.000,204.597,204.917,204.427,204.587,68402.298
22.04.2019 16:00:00.000,204.568,204.708,204.391,204.487,58430.4008
22.04.2019 17:00:00.000,204.487,204.641,204.157,204.438,51321.8002
22.04.2019 18:00:00.000,204.440,204.640,204.037,204.250,52849.2012
22.04.2019 19:00:00.000,204.250,204.678,204.047,204.608,71708.7021
23.04.2019 13:00:00.000,204.408,205.498,203.878,205.367,50039.238
23.04.2019 14:00:00.000,205.367,205.967,205.087,205.938,85481.6895
23.04.2019 15:00:00.000,205.950,206.740,205.660,206.617,78842.6132
23.04.2019 16:00:00.000,206.617,207.522,206.537,207.298,75456.398
23.04.2019 17:00:00.000,207.298,207.408,206.900,206.968,62355.7014
23.04.2019 18:00:00.000,206.968,207.567,206.868,207.507,59273.3994
23.04.2019 19:00:00.000,207.507,207.728,206.981,207.452,90882.4997
24.04.2019 13:00:00.000,207.328,208.367,207.218,207.408,59653.8239
24.04.2019 14:00:00.000,207.398,208.189,207.028,208.147,89043.2968
24.04.2019 15:00:00.000,208.158,208.453,207.497,207.747,65589.8972
24.04.2019 16:00:00.000,207.769,207.831,207.257,207.257,57744.4992
24.04.2019 17:00:00.000,207.257,207.759,207.151,207.469,56000.7019
24.04.2019 18:00:00.000,207.467,207.968,207.397,207.778,58864.1014
24.04.2019 19:00:00.000,207.787,207.907,207.098,207.132,85923.2254
25.04.2019 13:00:00.000,206.807,207.718,206.608,206.751,57007.9231
25.04.2019 14:00:00.000,206.738,207.207,205.098,206.058,100516.3498
25.04.2019 15:00:00.000,206.058,206.741,205.657,206.232,89384.1858
25.04.2019 16:00:00.000,206.228,206.419,205.687,206.078,70571.5027
25.04.2019 17:00:00.000,206.082,206.303,205.558,206.089,61187.1986
25.04.2019 18:00:00.000,206.087,206.428,205.839,206.117,67373.1003
25.04.2019 19:00:00.000,206.128,206.230,205.098,205.197,88921.9971
26.04.2019 13:00:00.000,204.737,204.960,202.228,203.278,57990.5052
26.04.2019 14:00:00.000,203.247,204.529,202.928,203.858,95561.5311
26.04.2019 15:00:00.000,203.858,204.738,203.567,204.457,27775.3849
26.04.2019 16:00:00.000,204.458,204.788,204.148,204.188,19167.4232
26.04.2019 17:00:00.000,204.188,204.208,203.697,203.828,14425.5276
26.04.2019 18:00:00.000,203.828,203.828,203.337,203.557,15651.5799
26.04.2019 19:00:00.000,203.558,204.608,203.557,204.288,22983.0074
29.04.2019 13:00:00.000,204.488,205.228,203.847,204.907,16127.6569
29.04.2019 14:00:00.000,204.917,205.948,204.807,205.038,23925.9701
29.04.2019 15:00:00.000,205.038,205.438,204.747,204.878,17175.0259
29.04.2019 16:00:00.000,204.878,205.168,204.787,205.028,13038.1012
29.04.2019 17:00:00.000,205.028,205.148,204.758,204.838,11775.0769
29.04.2019 18:00:00.000,204.837,205.178,204.777,205.128,13878.871
29.04.2019 19:00:00.000,205.127,205.218,204.427,204.578,20350.4848
30.04.2019 13:00:00.000,203.038,203.358,200.607,200.628,21836.3743
30.04.2019 14:00:00.000,200.647,201.408,200.307,200.597,34251.9684
30.04.2019 15:00:00.000,200.598,200.738,199.117,200.408,27904.6345
30.04.2019 16:00:00.000,200.408,200.858,200.157,200.768,19076.7746
30.04.2019 17:00:00.000,200.767,201.298,200.187,201.237,18669.5576
30.04.2019 18:00:00.000,201.238,201.478,200.998,201.088,18342.3729
30.04.2019 19:00:00.000,201.088,201.258,200.537,200.537,27496.4027
01.05.2019 13:00:00.000,209.978,212.007,209.218,211.177,28078.9604
01.05.2019 14:00:00.000,211.038,213.358,210.898,213.048,35192.4858
01.05.2019 15:00:00.000,213.048,215.288,212.987,214.818,28793.3712
01.05.2019 16:00:00.000,214.837,215.028,213.247,213.917,29235.4794
01.05.2019 17:00:00.000,213.918,214.648,213.707,214.238,22610.7426
01.05.2019 18:00:00.000,214.237,215.068,213.427,214.108,30049.3031
01.05.2019 19:00:00.000,214.107,214.767,210.438,210.588,43096.6644
02.05.2019 13:00:00.000,209.858,212.507,209.487,212.428,23167.9802
02.05.2019 14:00:00.000,212.448,212.628,210.938,211.087,31593.3628
02.05.2019 15:00:00.000,211.088,211.488,208.148,208.598,40015.7127
02.05.2019 16:00:00.000,208.628,209.668,208.458,208.697,28384.3937
02.05.2019 17:00:00.000,208.697,210.268,208.388,209.617,25283.0963
02.05.2019 18:00:00.000,209.608,210.178,208.947,209.368,22493.9957
02.05.2019 19:00:00.000,209.368,209.887,208.667,209.138,33006.2675
03.05.2019 13:00:00.000,210.587,211.397,210.298,211.088,18443.2087
03.05.2019 14:00:00.000,211.088,211.307,210.208,210.829,29091.8484
03.05.2019 15:00:00.000,210.829,211.237,210.607,210.970,23611.2709
03.05.2019 16:00:00.000,210.968,211.400,210.818,210.948,21302.4731
03.05.2019 17:00:00.000,210.947,211.678,210.907,211.208,19645.1874
03.05.2019 18:00:00.000,211.207,211.429,211.067,211.397,19265.81
03.05.2019 19:00:00.000,211.398,211.788,210.957,211.763,26671.6518
06.05.2019 13:00:00.000,204.208,208.028,203.488,207.798,28490.4804
06.05.2019 14:00:00.000,207.798,208.438,206.937,207.498,38714.1228
06.05.2019 15:00:00.000,207.497,208.328,206.787,207.689,30525.629
06.05.2019 16:00:00.000,207.691,207.881,206.587,206.768,27281.4178
06.05.2019 17:00:00.000,206.758,207.758,206.518,207.607,20480.0453
06.05.2019 18:00:00.000,207.607,208.758,207.352,208.707,22335.2547
06.05.2019 19:00:00.000,208.698,208.817,208.157,208.558,28732.7995
07.05.2019 13:00:00.000,205.787,207.378,205.188,205.788,25161.4742
07.05.2019 14:00:00.000,205.787,205.848,204.368,204.729,51667.6826
07.05.2019 15:00:00.000,204.729,204.729,203.681,203.888,45957.5844
07.05.2019 16:00:00.000,203.888,204.941,203.517,204.218,36555.2902
07.05.2019 17:00:00.000,204.217,204.301,201.481,202.038,42176.2009
07.05.2019 18:00:00.000,202.037,202.770,200.838,201.718,43379.3793
07.05.2019 19:00:00.000,201.718,202.918,200.808,202.858,48967.411
08.05.2019 13:00:00.000,201.958,204.737,201.740,204.710,27514.6465
08.05.2019 14:00:00.000,204.678,204.968,202.957,204.838,40542.0876
08.05.2019 15:00:00.000,204.828,205.308,203.538,203.538,36805.1643
08.05.2019 16:00:00.000,203.538,204.288,203.007,204.228,25327.0473
08.05.2019 17:00:00.000,204.230,204.488,203.907,204.278,23218.029
08.05.2019 18:00:00.000,204.278,204.618,203.938,204.348,21316.7744
08.05.2019 19:00:00.000,204.347,204.818,202.567,202.898,32209.4574
09.05.2019 13:00:00.000,200.267,200.778,198.287,198.997,30404.7222
09.05.2019 14:00:00.000,199.017,199.018,196.677,197.508,69688.6215
09.05.2019 15:00:00.000,197.508,198.697,196.967,198.598,59633.2512
09.05.2019 16:00:00.000,198.597,201.377,198.067,200.098,57609.7984
09.05.2019 17:00:00.000,200.097,201.658,200.067,201.098,46890.9569
09.05.2019 18:00:00.000,201.098,201.488,199.587,199.627,44058.5022
09.05.2019 19:00:00.000,199.627,200.869,199.048,200.648,39017.5095
10.05.2019 13:00:00.000,197.438,198.827,197.037,197.458,27690.5212
10.05.2019 14:00:00.000,197.457,197.708,192.747,193.707,62136.5776
10.05.2019 15:00:00.000,193.708,194.748,193.058,194.108,55673.5344
10.05.2019 16:00:00.000,194.108,195.958,194.087,195.537,52651.8173
10.05.2019 17:00:00.000,195.548,196.898,195.297,196.758,46346.6759
10.05.2019 18:00:00.000,196.767,196.978,195.407,196.778,38444.767
10.05.2019 19:00:00.000,196.778,198.508,196.407,197.237,57498.2224
13.05.2019 13:00:00.000,187.438,189.418,185.987,188.188,36067.3065
13.05.2019 14:00:00.000,188.178,188.457,185.697,187.807,71397.7127
13.05.2019 15:00:00.000,187.808,187.957,186.247,187.048,65319.8166
13.05.2019 16:00:00.000,187.037,187.097,185.797,185.867,55630.0659
13.05.2019 17:00:00.000,185.857,186.778,185.067,186.687,57469.7914
13.05.2019 18:00:00.000,186.678,187.487,185.838,187.067,59146.8353
13.05.2019 19:00:00.000,187.068,187.397,184.678,185.641,68129.3182
14.05.2019 13:00:00.000,186.457,187.318,185.408,185.748,36338.1462
14.05.2019 14:00:00.000,185.747,187.658,185.747,186.407,51611.1946
14.05.2019 15:00:00.000,186.408,188.888,186.148,188.607,47206.4247
14.05.2019 16:00:00.000,188.598,189.118,187.917,188.578,35253.1471
14.05.2019 17:00:00.000,188.588,189.638,188.588,189.467,28608.9554
14.05.2019 18:00:00.000,189.467,189.678,188.667,188.958,35535.3165
14.05.2019 19:00:00.000,188.918,189.597,188.517,188.598,50951.2482
15.05.2019 13:00:00.000,186.257,187.998,186.007,187.358,36903.2784
15.05.2019 14:00:00.000,187.367,189.768,187.108,189.517,62081.2721
15.05.2019 15:00:00.000,189.518,190.458,189.007,190.268,49869.5564
15.05.2019 16:00:00.000,190.267,190.738,189.897,190.128,40874.1608
15.05.2019 17:00:00.000,190.097,191.178,190.007,191.067,34941.1087
15.05.2019 18:00:00.000,191.078,191.538,190.967,191.107,36325.2068
15.05.2019 19:00:00.000,191.107,191.728,190.767,190.957,50223.3658
16.05.2019 13:00:00.000,189.598,190.088,189.087,189.567,36782.7759
16.05.2019 14:00:00.000,189.568,191.517,188.817,191.228,56371.3684
16.05.2019 15:00:00.000,191.227,192.088,190.887,191.927,40683.3229
16.05.2019 16:00:00.000,191.957,192.447,191.388,191.647,18039.6957
16.05.2019 17:00:00.000,191.647,191.787,190.247,190.488,9111.8889
16.05.2019 18:00:00.000,190.488,190.958,190.208,190.498,10148.5062
16.05.2019 19:00:00.000,190.502,190.718,189.187,190.087,13340.6334
17.05.2019 13:00:00.000,187.027,188.291,186.797,187.658,5662.2958
17.05.2019 14:00:00.000,187.649,190.117,186.798,189.917,13895.4983
17.05.2019 15:00:00.000,189.887,190.871,188.557,189.238,11789.1207
17.05.2019 16:00:00.000,189.237,190.188,188.567,189.940,10768.1551
17.05.2019 17:00:00.000,189.938,190.188,189.317,189.917,9212.5044
17.05.2019 18:00:00.000,189.917,190.108,189.347,189.917,9656.3711
17.05.2019 19:00:00.000,189.917,189.940,187.992,188.968,15050.4904
20.05.2019 13:00:00.000,183.498,183.957,180.278,182.958,7463.5968
20.05.2019 14:00:00.000,182.948,184.328,182.137,183.328,13469.5053
20.05.2019 15:00:00.000,183.317,183.519,182.237,182.837,12986.3625
20.05.2019 16:00:00.000,182.837,183.408,182.487,182.637,11790.7286
20.05.2019 17:00:00.000,182.638,183.038,182.188,182.727,9773.6368
20.05.2019 18:00:00.000,182.727,182.828,181.870,181.968,9656.764
20.05.2019 19:00:00.000,181.969,183.227,181.727,183.002,13715.9176
21.05.2019 13:00:00.000,185.187,186.298,184.678,186.038,20501.1005
21.05.2019 14:00:00.000,186.038,187.698,185.528,187.697,8293.0231
21.05.2019 15:00:00.000,187.698,187.828,186.649,186.919,6429.4391
21.05.2019 16:00:00.000,186.918,187.741,186.857,187.171,5185.4229
21.05.2019 17:00:00.000,187.171,187.541,187.107,187.521,4159.9932
21.05.2019 18:00:00.000,187.521,187.978,187.248,187.388,4737.7472
21.05.2019 19:00:00.000,187.388,187.468,186.358,186.568,6097.9471
22.05.2019 13:00:00.000,184.577,185.678,184.458,185.037,3196.4459
22.05.2019 14:00:00.000,185.038,185.227,183.047,183.208,6769.7301
22.05.2019 15:00:00.000,183.208,184.388,182.537,183.868,11547.3881
22.05.2019 16:00:00.000,183.867,184.008,182.987,183.330,9474.4606
22.05.2019 17:00:00.000,183.330,183.408,182.718,183.300,10351.4242
22.05.2019 18:00:00.000,183.328,183.827,182.937,183.598,10271.8735
22.05.2019 19:00:00.000,183.597,183.688,182.647,182.737,11737.215
23.05.2019 13:00:00.000,179.787,180.218,177.897,177.978,7691.3819
23.05.2019 14:00:00.000,178.058,180.098,177.797,179.858,12575.3069
23.05.2019 15:00:00.000,179.857,180.508,178.908,178.957,12002.0752
23.05.2019 16:00:00.000,178.957,179.207,178.278,179.047,21768.1408
23.05.2019 17:00:00.000,179.048,179.857,178.897,179.307,46199.6841
23.05.2019 18:00:00.000,179.307,179.598,178.757,178.958,45888.4201
23.05.2019 19:00:00.000,178.958,180.197,178.447,179.677,65073.4711
24.05.2019 13:00:00.000,180.197,182.108,180.117,181.363,27151.9547
24.05.2019 14:00:00.000,181.358,181.788,179.937,180.178,41329.8187
24.05.2019 15:00:00.000,180.177,180.363,179.638,179.978,34400.4898
24.05.2019 16:00:00.000,179.977,180.478,179.697,180.408,26564.8785
24.05.2019 17:00:00.000,180.417,180.508,179.567,179.628,25865.7627
24.05.2019 18:00:00.000,179.627,179.670,179.107,179.358,26843.2961
24.05.2019 19:00:00.000,179.368,179.738,178.607,178.997,34750.6981
28.05.2019 13:00:00.000,178.888,180.568,178.880,179.478,23247.6254
28.05.2019 14:00:00.000,179.497,179.748,177.913,178.828,38168.251
28.05.2019 15:00:00.000,178.818,179.398,178.287,179.028,34250.8278
28.05.2019 16:00:00.000,179.027,179.328,178.758,178.808,26683.6605
28.05.2019 17:00:00.000,178.788,179.278,178.547,179.179,22627.6913
28.05.2019 18:00:00.000,179.178,179.498,178.718,178.908,26114.7289
28.05.2019 19:00:00.000,178.908,179.208,178.077,178.077,37990.8943
29.05.2019 13:00:00.000,176.418,178.198,175.997,177.967,27581.6059
29.05.2019 14:00:00.000,177.970,179.327,177.641,177.737,41302.0782
29.05.2019 15:00:00.000,177.738,177.988,176.357,176.878,54407.0168
29.05.2019 16:00:00.000,176.878,178.028,176.637,177.588,48732.8415
29.05.2019 17:00:00.000,177.587,178.508,177.447,177.787,38544.3344
29.05.2019 18:00:00.000,177.787,178.108,176.917,177.138,39535.3546
29.05.2019 19:00:00.000,177.137,177.937,176.758,177.337,53362.2208
30.05.2019 13:00:00.000,177.927,179.208,177.737,178.688,16936.7981
30.05.2019 14:00:00.000,178.678,178.827,177.777,178.127,24586.3724
30.05.2019 15:00:00.000,178.127,178.168,177.508,177.707,22497.9973
30.05.2019 16:00:00.000,177.708,177.878,177.117,177.657,21314.0221
30.05.2019 17:00:00.000,177.658,177.768,177.167,177.618,18332.7675
30.05.2019 18:00:00.000,177.618,177.758,176.648,177.457,20197.8703
30.05.2019 19:00:00.000,177.458,178.448,176.717,178.228,33070.2477
31.05.2019 13:00:00.000,176.128,177.068,175.887,176.868,33505.9929
31.05.2019 14:00:00.000,176.868,177.967,176.787,177.387,55304.9698
31.05.2019 15:00:00.000,177.397,177.658,176.748,177.077,41312.2864
31.05.2019 16:00:00.000,177.078,177.138,176.537,176.798,40602.0317
31.05.2019 17:00:00.000,176.798,177.538,176.637,177.217,35243.4387
31.05.2019 18:00:00.000,177.217,177.387,175.837,176.127,38800.4417
31.05.2019 19:00:00.000,176.127,176.168,174.987,174.998,61102.7641
03.06.2019 13:00:00.000,175.498,177.878,175.487,176.988,39270.9923
03.06.2019 14:00:00.000,176.987,177.247,175.838,177.178,61209.774
03.06.2019 15:00:00.000,177.177,177.438,176.407,176.627,51208.7402
03.06.2019 16:00:00.000,176.628,176.768,175.157,175.627,59769.5465
03.06.2019 17:00:00.000,175.637,177.127,170.367,173.497,50895.5002
03.06.2019 18:00:00.000,173.497,174.148,171.927,172.288,60680.2139
03.06.2019 19:00:00.000,172.288,173.548,171.487,173.178,66380.2261
04.06.2019 13:00:00.000,175.368,176.378,174.507,176.117,37290.657
04.06.2019 14:00:00.000,176.088,178.288,175.407,178.258,60807.2853
04.06.2019 15:00:00.000,178.237,179.728,178.097,178.507,52751.5831
04.06.2019 16:00:00.000,178.508,178.758,177.958,178.608,45741.4818
04.06.2019 17:00:00.000,178.588,179.588,177.907,179.497,40591.5413
04.06.2019 18:00:00.000,179.497,179.577,178.687,179.037,41138.2103
04.06.2019 19:00:00.000,179.048,179.798,179.047,179.657,42402.153
05.06.2019 13:00:00.000,184.167,184.958,182.768,184.237,29823.8792
05.06.2019 14:00:00.000,184.228,184.468,181.118,181.668,46729.3854
05.06.2019 15:00:00.000,181.678,183.478,181.367,182.918,36559.5551
05.06.2019 16:00:00.000,182.918,183.058,181.878,181.998,30334.5337
05.06.2019 17:00:00.000,181.987,182.678,181.967,182.268,22673.7194
05.06.2019 18:00:00.000,182.268,182.668,181.987,182.298,23626.8749
05.06.2019 19:00:00.000,182.297,182.878,181.567,182.578,27750.2975
06.06.2019 13:00:00.000,182.997,183.897,182.187,182.238,21937.7155
06.06.2019 14:00:00.000,182.237,183.398,182.127,182.878,33677.7344
06.06.2019 15:00:00.000,182.878,183.838,182.698,183.287,31414.4173
06.06.2019 16:00:00.000,183.287,183.498,183.007,183.367,24749.8035
06.06.2019 17:00:00.000,183.368,183.628,183.148,183.367,17131.0177
06.06.2019 18:00:00.000,183.368,184.428,183.127,184.017,24130.827
06.06.2019 19:00:00.000,184.018,185.458,183.947,185.248,37166.4658
07.06.2019 13:00:00.000,186.598,188.638,185.758,188.548,22664.7758
07.06.2019 14:00:00.000,188.547,191.628,188.498,191.628,36842.0753
07.06.2019 15:00:00.000,191.628,191.898,190.287,190.477,35410.9688
07.06.2019 16:00:00.000,190.477,190.538,189.957,190.248,25129.9934
07.06.2019 17:00:00.000,190.247,190.518,189.958,190.477,21742.8131
07.06.2019 18:00:00.000,190.477,190.488,189.788,189.938,22279.9072
07.06.2019 19:00:00.000,189.927,190.218,189.777,190.121,35548.7556
10.06.2019 13:00:00.000,191.768,193.137,191.687,192.718,20199.5678
10.06.2019 14:00:00.000,192.707,193.998,192.547,193.418,28287.7731
10.06.2019 15:00:00.000,193.418,195.338,193.328,195.108,22082.9792
10.06.2019 16:00:00.000,195.098,195.278,193.488,193.608,19940.8894
10.06.2019 17:00:00.000,193.608,194.088,192.678,192.867,20271.2975
10.06.2019 18:00:00.000,192.868,193.278,192.027,193.268,22982.6317
10.06.2019 19:00:00.000,193.267,193.608,192.447,192.507,29519.6419
11.06.2019 13:00:00.000,194.847,195.608,193.917,194.468,19231.6246
11.06.2019 14:00:00.000,194.467,195.968,194.017,194.528,31789.1197
11.06.2019 15:00:00.000,194.528,195.207,194.148,194.467,27419.1265
11.06.2019 16:00:00.000,194.468,194.528,193.578,193.718,24799.5529
11.06.2019 17:00:00.000,193.717,194.508,193.677,194.388,18990.2077
11.06.2019 18:00:00.000,194.407,194.788,193.858,194.427,19615.3946
11.06.2019 19:00:00.000,194.427,195.128,193.967,194.788,28238.0352
12.06.2019 13:00:00.000,193.938,195.208,193.368,195.158,20961.3762
12.06.2019 14:00:00.000,195.157,195.927,194.307,195.117,28269.7067
12.06.2019 15:00:00.000,195.118,195.378,194.528,194.687,21810.1501
12.06.2019 16:00:00.000,194.688,195.018,194.367,194.817,19170.5513
12.06.2019 17:00:00.000,194.817,194.957,194.397,194.538,15771.8363
12.06.2019 18:00:00.000,194.537,194.728,194.048,194.378,16684.4578
12.06.2019 19:00:00.000,194.387,194.398,193.767,194.168,19189.2262
13.06.2019 13:00:00.000,194.707,196.618,194.438,196.518,17984.7927
13.06.2019 14:00:00.000,196.537,196.768,195.527,195.648,31941.6885
13.06.2019 15:00:00.000,195.658,195.928,195.047,195.648,23768.3697
13.06.2019 16:00:00.000,195.657,195.818,195.158,195.608,17864.9273
13.06.2019 17:00:00.000,195.628,195.808,195.237,195.268,16338.2587
13.06.2019 18:00:00.000,195.267,195.268,194.428,194.738,18079.4334
13.06.2019 19:00:00.000,194.738,195.298,193.678,194.868,27716.4726
14.06.2019 13:00:00.000,191.448,192.078,190.287,190.628,22285.4118
14.06.2019 14:00:00.000,190.628,192.708,190.477,192.507,31220.7165
14.06.2019 15:00:00.000,192.508,192.657,191.337,192.287,21403.1315
14.06.2019 16:00:00.000,192.278,192.597,192.057,192.457,16761.2343
14.06.2019 17:00:00.000,192.458,192.918,192.357,192.588,13252.8439
14.06.2019 18:00:00.000,192.587,193.018,192.548,192.988,13795.4702
14.06.2019 19:00:00.000,192.987,193.558,192.698,192.797,23348.9437
17.06.2019 13:00:00.000,192.737,194.808,192.138,194.628,16084.8999
17.06.2019 14:00:00.000,194.658,194.928,194.128,194.618,22070.0283
17.06.2019 15:00:00.000,194.618,194.678,194.027,194.128,19554.1267
17.06.2019 16:00:00.000,194.118,194.328,193.888,194.198,14539.1541
17.06.2019 17:00:00.000,194.197,194.617,194.117,194.578,14165.5045
17.06.2019 18:00:00.000,194.578,194.758,194.157,194.217,12695.447
17.06.2019 19:00:00.000,194.208,194.468,193.548,193.918,20674.6597
18.06.2019 13:00:00.000,195.918,199.808,195.228,199.038,34154.6669
18.06.2019 14:00:00.000,199.038,200.268,198.927,199.987,49343.6317
18.06.2019 15:00:00.000,199.987,200.218,198.328,198.477,36025.9819
18.06.2019 16:00:00.000,198.478,199.058,198.377,198.727,28569.1738
18.06.2019 17:00:00.000,198.727,198.738,198.047,198.547,27537.1914
18.06.2019 18:00:00.000,198.548,198.998,198.548,198.897,23280.4794
18.06.2019 19:00:00.000,198.897,198.977,197.917,198.497,38528.5912
19.06.2019 13:00:00.000,199.677,199.677,197.847,198.338,22250.4482
19.06.2019 14:00:00.000,198.337,198.668,197.907,198.437,36496.4943
19.06.2019 15:00:00.000,198.437,198.727,197.997,198.167,26662.7121
19.06.2019 16:00:00.000,198.167,198.348,197.987,198.098,22266.6721
19.06.2019 17:00:00.000,198.088,198.128,197.417,197.988,22190.6567
19.06.2019 18:00:00.000,197.967,199.838,197.328,197.978,52304.4662
19.06.2019 19:00:00.000,197.977,198.767,197.767,197.787,47571.0144
20.06.2019 13:00:00.000,200.247,200.557,199.077,199.668,25924.9096
20.06.2019 14:00:00.000,199.658,199.957,198.397,198.838,47922.0352
20.06.2019 15:00:00.000,198.837,199.398,198.577,199.118,40675.4303
20.06.2019 16:00:00.000,199.117,199.198,198.027,199.057,42671.2379
20.06.2019 17:00:00.000,199.057,199.508,198.957,199.118,28708.4122
20.06.2019 18:00:00.000,199.117,199.528,199.007,199.428,28487.9875
20.06.2019 19:00:00.000,199.428,199.967,198.957,199.397,36016.7236
21.06.2019 13:00:00.000,198.438,199.307,198.127,199.007,28164.1655
21.06.2019 14:00:00.000,199.007,200.227,199.007,199.868,39570.1828
21.06.2019 15:00:00.000,199.877,200.708,199.697,199.917,45636.364
21.06.2019 16:00:00.000,199.918,200.427,199.597,200.387,29219.1219
21.06.2019 17:00:00.000,200.387,200.828,200.217,200.457,23631.0024
21.06.2019 18:00:00.000,200.458,200.558,199.827,199.868,27198.04
21.06.2019 19:00:00.000,199.868,200.047,198.617,198.768,40009.4109
24.06.2019 13:00:00.000,198.547,199.968,198.158,199.597,27397.7432
24.06.2019 14:00:00.000,199.597,200.118,199.238,199.758,39731.7352
24.06.2019 15:00:00.000,199.747,199.847,199.287,199.468,32064.6782
24.06.2019 16:00:00.000,199.468,199.568,198.927,199.147,29943.8267
24.06.2019 17:00:00.000,199.147,199.378,198.907,199.017,26998.7965
24.06.2019 18:00:00.000,199.017,199.158,198.837,199.108,30552.7782
24.06.2019 19:00:00.000,199.097,199.337,198.458,198.557,37731.2546
25.06.2019 13:00:00.000,198.458,199.228,198.307,198.488,25030.7636
25.06.2019 14:00:00.000,198.527,198.658,197.628,198.228,62207.4127
25.06.2019 15:00:00.000,198.227,198.388,197.587,197.747,45443.9621
25.06.2019 16:00:00.000,197.747,198.077,196.997,197.357,40657.5089
25.06.2019 17:00:00.000,197.357,197.757,196.618,197.238,54607.2578
25.06.2019 18:00:00.000,197.237,197.428,196.018,196.258,48585.5217
25.06.2019 19:00:00.000,196.268,196.398,195.337,195.587,53921.6728
26.06.2019 13:00:00.000,197.798,200.928,197.318,200.897,31242.9428
26.06.2019 14:00:00.000,200.898,200.968,199.878,200.198,43377.346
26.06.2019 15:00:00.000,200.198,200.617,199.517,200.597,36345.9053
26.06.2019 16:00:00.000,200.600,200.900,200.368,200.510,30913.7402
26.06.2019 17:00:00.000,200.510,200.538,199.538,199.807,27598.4535
26.06.2019 18:00:00.000,199.808,199.878,199.267,199.617,34284.8206
26.06.2019 19:00:00.000,199.627,200.178,199.547,199.777,51703.0792
27.06.2019 13:00:00.000,200.168,201.558,200.157,201.217,33094.9936
27.06.2019 14:00:00.000,201.208,201.328,200.097,200.547,50672.7638
27.06.2019 15:00:00.000,200.547,200.748,199.557,199.787,50722.2176
27.06.2019 16:00:00.000,199.788,200.368,199.697,199.897,33248.9548
27.06.2019 17:00:00.000,199.897,200.228,199.887,199.957,26604.0783
27.06.2019 18:00:00.000,199.968,200.158,199.857,199.957,29410.3889
27.06.2019 19:00:00.000,199.957,200.048,199.637,199.698,38014.5302
28.06.2019 13:00:00.000,198.637,199.437,197.237,197.318,27997.5414
28.06.2019 14:00:00.000,197.317,198.277,197.027,198.198,45763.3095
28.06.2019 15:00:00.000,198.178,198.708,197.807,198.628,34621.4409
28.06.2019 16:00:00.000,198.628,199.378,198.587,198.928,33592.9375
28.06.2019 17:00:00.000,198.928,198.958,197.887,198.028,28220.3865
28.06.2019 18:00:00.000,198.027,198.238,197.147,197.277,32010.7918
28.06.2019 19:00:00.000,197.277,198.018,197.097,197.857,44268.2304
01.07.2019 13:00:00.000,203.107,204.468,202.687,203.427,37356.6055
01.07.2019 14:00:00.000,203.418,203.968,202.357,202.918,49784.2865
01.07.2019 15:00:00.000,202.917,203.098,202.077,202.207,42518.94
01.07.2019 16:00:00.000,202.218,202.268,200.928,201.097,36222.7936
01.07.2019 17:00:00.000,201.098,201.748,200.827,201.478,37144.043
01.07.2019 18:00:00.000,201.477,201.507,200.627,200.707,35218.3151
01.07.2019 19:00:00.000,200.708,201.908,200.647,201.608,45807.1442
02.07.2019 13:00:00.000,201.397,202.638,201.338,202.437,30336.9026
02.07.2019 14:00:00.000,202.438,203.107,202.137,202.817,48420.5093
02.07.2019 15:00:00.000,202.817,202.937,201.918,202.298,39590.6525
02.07.2019 16:00:00.000,202.297,202.578,201.667,201.998,36145.8893
02.07.2019 17:00:00.000,201.997,202.188,201.747,202.017,30869.4172
02.07.2019 18:00:00.000,202.017,202.228,201.897,202.177,28530.1437
02.07.2019 19:00:00.000,202.178,202.707,202.157,202.698,41244.194
03.07.2019 13:00:00.000,203.158,203.478,202.667,203.277,25931.7226
03.07.2019 14:00:00.000,203.277,203.808,202.957,203.657,43813.7436
03.07.2019 15:00:00.000,203.658,203.848,203.417,203.687,34747.139
03.07.2019 16:00:00.000,203.687,204.328,203.657,204.307,37482.399
03.07.2019 17:00:00.000,204.288,204.567,204.277,204.437,436.083
03.07.2019 18:00:00.000,204.247,204.248,204.247,204.248,1.291
03.07.2019 19:00:00.000,204.337,204.338,204.337,204.337,0.6
05.07.2019 13:00:00.000,202.997,204.448,202.957,203.938,32720.1614
05.07.2019 14:00:00.000,203.938,204.438,203.398,203.808,54293.7241
05.07.2019 15:00:00.000,203.807,203.987,203.557,203.878,45153.7323
05.07.2019 16:00:00.000,203.877,204.518,203.757,204.258,35249.7978
05.07.2019 17:00:00.000,204.257,204.938,204.127,204.758,32216.629
05.07.2019 18:00:00.000,204.757,205.057,204.658,204.998,30940.1226
05.07.2019 19:00:00.000,204.997,205.027,203.717,204.268,42606.3156
08.07.2019 13:00:00.000,200.928,201.368,198.397,198.838,40703.4912
08.07.2019 14:00:00.000,198.827,199.838,198.707,199.238,53422.2984
08.07.2019 15:00:00.000,199.237,200.148,199.197,199.897,43227.7718
08.07.2019 16:00:00.000,199.897,200.058,199.647,199.968,34527.565
08.07.2019 17:00:00.000,199.967,200.068,199.527,199.617,31315.2924
08.07.2019 18:00:00.000,199.638,200.007,199.297,199.977,32705.3146
08.07.2019 19:00:00.000,199.967,200.148,199.728,199.988,40232.1854
09.07.2019 13:00:00.000,199.078,200.328,198.797,200.217,32837.41
09.07.2019 14:00:00.000,200.228,200.738,199.937,200.047,47734.0813
09.07.2019 15:00:00.000,200.047,200.808,199.777,200.757,37641.6321
09.07.2019 16:00:00.000,200.758,201.218,200.627,200.927,32850.174
09.07.2019 17:00:00.000,200.927,201.358,200.738,201.357,26564.4722
09.07.2019 18:00:00.000,201.357,201.468,200.997,201.067,27957.4242
09.07.2019 19:00:00.000,201.067,201.477,200.607,201.228,39647.5029
10.07.2019 13:00:00.000,201.918,203.688,201.548,203.467,31469.7094
10.07.2019 14:00:00.000,203.477,203.558,202.497,202.558,50587.1086
10.07.2019 15:00:00.000,202.557,203.368,202.157,203.277,44424.2439
10.07.2019 16:00:00.000,203.278,203.468,202.847,203.178,32573.3681
10.07.2019 17:00:00.000,203.178,203.547,203.067,203.317,27281.0764
10.07.2019 18:00:00.000,203.317,203.558,202.697,203.198,33628.1776
10.07.2019 19:00:00.000,203.197,203.498,202.977,203.168,37916.3399
11.07.2019 13:00:00.000,203.138,204.347,203.097,203.958,28084.3029
11.07.2019 14:00:00.000,203.957,204.098,203.317,203.948,53307.1556
11.07.2019 15:00:00.000,203.947,204.328,203.867,204.108,41398.1018
11.07.2019 16:00:00.000,204.108,204.218,203.657,203.727,32724.4263
11.07.2019 17:00:00.000,203.728,203.748,202.497,202.757,39712.9784
11.07.2019 18:00:00.000,202.757,202.818,202.147,202.517,37501.7815
11.07.2019 19:00:00.000,202.517,202.808,201.707,201.727,43260.994
12.07.2019 13:00:00.000,202.418,203.928,202.187,203.587,28966.4288
12.07.2019 14:00:00.000,203.587,203.928,203.308,203.697,48226.2344
12.07.2019 15:00:00.000,203.698,203.968,203.587,203.888,34457.2868
12.07.2019 16:00:00.000,203.888,203.938,203.537,203.757,28082.428
12.07.2019 17:00:00.000,203.758,203.808,202.788,203.087,23953.9261
12.07.2019 18:00:00.000,203.087,203.408,203.087,203.257,24321.5618
12.07.2019 19:00:00.000,203.247,203.448,203.077,203.237,50903.1982
15.07.2019 13:00:00.000,204.098,205.838,203.987,205.128,30688.4727
15.07.2019 14:00:00.000,205.127,205.378,204.847,204.908,44045.7535
15.07.2019 15:00:00.000,204.907,205.068,204.727,204.827,36245.3537
15.07.2019 16:00:00.000,204.827,204.908,204.107,204.418,29630.9261
15.07.2019 17:00:00.000,204.397,204.948,204.397,204.897,25771.7686
15.07.2019 18:00:00.000,204.897,205.108,204.857,205.047,25290.3175
15.07.2019 19:00:00.000,205.047,205.188,204.737,205.147,33642.8375
16.07.2019 13:00:00.000,204.737,206.088,203.998,205.977,25561.7161
16.07.2019 14:00:00.000,205.987,205.998,205.437,205.648,41561.8896
16.07.2019 15:00:00.000,205.647,205.698,204.798,204.847,33503.6659
16.07.2019 16:00:00.000,204.847,204.858,203.487,203.978,42035.7819
16.07.2019 17:00:00.000,203.977,204.538,203.687,203.718,36535.1601
16.07.2019 18:00:00.000,203.708,204.368,203.698,204.287,34296.7148
16.07.2019 19:00:00.000,204.287,204.898,204.227,204.408,38721.8781
17.07.2019 13:00:00.000,204.087,204.638,203.648,204.508,27375.7896
17.07.2019 14:00:00.000,204.507,204.738,203.958,204.557,51185.5202
17.07.2019 15:00:00.000,204.557,204.938,204.397,204.827,41470.8023
17.07.2019 16:00:00.000,204.828,205.078,204.587,204.997,31656.4999
17.07.2019 17:00:00.000,205.007,205.008,204.597,204.867,28800.4284
17.07.2019 18:00:00.000,204.868,204.878,204.167,204.328,32802.7763
17.07.2019 19:00:00.000,204.327,204.338,203.277,203.277,46643.7721
18.07.2019 13:00:00.000,203.997,205.768,203.687,205.207,36409.0691
18.07.2019 14:00:00.000,205.217,205.428,204.507,204.637,49172.2336
18.07.2019 15:00:00.000,204.637,204.688,203.737,204.027,45837.0285
18.07.2019 16:00:00.000,204.027,204.797,203.887,204.718,33688.2019
18.07.2019 17:00:00.000,204.708,204.978,204.607,204.768,28102.7451
18.07.2019 18:00:00.000,204.767,205.578,204.757,205.577,37422.7257
18.07.2019 19:00:00.000,205.577,205.857,205.047,205.567,43748.2834
19.07.2019 13:00:00.000,206.037,206.478,204.667,205.097,28966.835
19.07.2019 14:00:00.000,205.097,205.568,204.607,204.947,53807.3959
19.07.2019 15:00:00.000,204.947,205.298,204.247,204.547,47384.4109
19.07.2019 16:00:00.000,204.548,205.138,204.517,204.967,37086.8683
19.07.2019 17:00:00.000,204.967,204.978,204.547,204.808,33829.5784
19.07.2019 18:00:00.000,204.807,204.948,203.427,203.718,50364.6622
19.07.2019 19:00:00.000,203.717,203.718,202.347,202.587,59990.4175
22.07.2019 13:00:00.000,203.587,206.228,203.587,206.028,36504.7874
22.07.2019 14:00:00.000,206.038,206.267,205.597,206.177,52294.2772
22.07.2019 15:00:00.000,206.177,206.357,205.828,206.228,43969.9287
22.07.2019 16:00:00.000,206.237,206.408,205.997,206.168,34106.8573
22.07.2019 17:00:00.000,206.168,206.338,205.847,206.237,29383.4019
22.07.2019 18:00:00.000,206.237,206.478,206.127,206.477,30430.5954
22.07.2019 19:00:00.000,206.468,207.197,206.447,207.197,43149.6277
23.07.2019 13:00:00.000,208.338,208.768,207.448,207.818,34032.8369
23.07.2019 14:00:00.000,207.817,208.458,207.517,208.098,49239.4905
23.07.2019 15:00:00.000,208.098,208.248,207.277,207.597,42144.8174
23.07.2019 16:00:00.000,207.597,207.858,207.357,207.698,35721.4622
23.07.2019 17:00:00.000,207.698,208.328,207.397,208.208,35767.1814
23.07.2019 18:00:00.000,208.207,208.448,207.977,208.437,36151.1917
23.07.2019 19:00:00.000,208.438,208.888,208.237,208.808,36565.052
24.07.2019 13:00:00.000,207.647,209.128,207.647,208.678,25862.8616
24.07.2019 14:00:00.000,208.668,209.048,207.757,207.888,39498.9014
24.07.2019 15:00:00.000,207.888,208.158,207.547,207.767,34247.6463
24.07.2019 16:00:00.000,207.788,208.198,207.737,208.168,26339.7655
24.07.2019 17:00:00.000,208.167,208.178,207.267,207.377,22928.4077
24.07.2019 18:00:00.000,207.378,208.048,207.157,208.047,24429.6608
24.07.2019 19:00:00.000,208.048,208.648,207.938,208.628,33315.1627
25.07.2019 13:00:00.000,208.698,209.208,207.698,208.307,31593.8587
25.07.2019 14:00:00.000,208.298,208.867,208.037,208.508,50002.079
25.07.2019 15:00:00.000,208.498,208.678,207.877,208.327,40086.3686
25.07.2019 16:00:00.000,208.327,208.348,207.287,207.488,38043.4418
25.07.2019 17:00:00.000,207.487,207.598,207.097,207.238,29673.4715
25.07.2019 18:00:00.000,207.238,207.818,207.157,207.197,30790.8192
25.07.2019 19:00:00.000,207.198,207.347,206.717,206.998,40091.2437
26.07.2019 13:00:00.000,207.468,208.778,207.347,208.617,28496.5706
26.07.2019 14:00:00.000,208.617,209.708,207.727,208.218,42485.3859
26.07.2019 15:00:00.000,208.218,208.528,207.947,208.087,26565.5861
26.07.2019 16:00:00.000,208.087,208.278,207.797,207.827,17446.7678
26.07.2019 17:00:00.000,207.828,208.017,207.737,207.988,18290.9985
26.07.2019 18:00:00.000,207.978,208.268,207.867,208.148,15038.846
26.07.2019 19:00:00.000,208.158,208.498,207.728,207.728,24810.2932
29.07.2019 13:00:00.000,208.427,209.668,208.427,208.947,29904.4724
29.07.2019 14:00:00.000,208.937,209.978,208.787,209.687,44598.2018
29.07.2019 15:00:00.000,209.687,210.627,209.587,210.567,31125.6981
29.07.2019 16:00:00.000,210.568,210.588,209.837,210.147,27829.3648
29.07.2019 17:00:00.000,210.147,210.438,209.937,210.088,23156.7516
29.07.2019 18:00:00.000,210.087,210.488,209.998,210.427,25238.4357
29.07.2019 19:00:00.000,210.427,210.478,209.677,209.697,32372.6387
30.07.2019 13:00:00.000,208.718,209.558,207.798,207.868,30101.8238
30.07.2019 14:00:00.000,207.867,208.368,207.297,207.657,47023.0637
30.07.2019 15:00:00.000,207.657,208.288,207.647,207.888,33436.306
30.07.2019 16:00:00.000,207.887,208.247,207.737,207.887,26485.5022
30.07.2019 17:00:00.000,207.887,208.848,207.867,208.758,22344.9764
30.07.2019 18:00:00.000,208.757,210.138,208.747,209.488,31768.6024
30.07.2019 19:00:00.000,209.487,209.898,208.327,208.848,35183.3572
31.07.2019 13:00:00.000,216.248,221.347,216.248,219.088,40721.6415
31.07.2019 14:00:00.000,219.098,219.898,217.148,218.238,37508.6136
31.07.2019 15:00:00.000,218.237,218.728,217.488,217.848,26275.5814
31.07.2019 16:00:00.000,217.858,217.908,216.157,217.028,25424.305
31.07.2019 17:00:00.000,217.047,217.648,216.828,217.338,19664.2799
31.07.2019 18:00:00.000,217.338,217.768,211.327,214.577,46260.2005
31.07.2019 19:00:00.000,214.577,215.798,212.983,212.997,52886.9934
01.08.2019 13:00:00.000,213.998,215.848,213.981,214.917,29396.6141
01.08.2019 14:00:00.000,214.917,217.567,214.737,217.197,45323.925
01.08.2019 15:00:00.000,217.198,218.008,216.847,217.488,34375.824
01.08.2019 16:00:00.000,217.498,217.538,216.638,216.758,23899.5457
01.08.2019 17:00:00.000,216.778,216.968,208.168,209.757,44881.9046
01.08.2019 18:00:00.000,209.758,210.656,206.718,209.947,62680.8548
01.08.2019 19:00:00.000,209.958,210.288,207.487,208.437,61025.0473
02.08.2019 13:00:00.000,205.017,206.407,203.868,204.908,32967.083
02.08.2019 14:00:00.000,204.908,205.428,201.617,201.898,51039.6004
02.08.2019 15:00:00.000,201.898,203.668,201.677,203.167,42245.594
02.08.2019 16:00:00.000,203.168,204.588,202.848,203.538,43258.0147
02.08.2019 17:00:00.000,203.527,203.658,202.697,203.518,33226.0971
02.08.2019 18:00:00.000,203.498,204.448,203.197,203.897,36339.9734
02.08.2019 19:00:00.000,203.908,204.688,202.987,203.847,43884.4528
05.08.2019 13:00:00.000,198.088,198.588,195.318,196.168,35176.6167
05.08.2019 14:00:00.000,196.188,196.658,194.368,195.398,59277.6413
05.08.2019 15:00:00.000,195.398,196.248,194.818,195.098,45832.5424
05.08.2019 16:00:00.000,195.098,195.217,193.108,193.178,43164.9666
05.08.2019 17:00:00.000,193.177,194.758,193.087,193.627,41390.2054
05.08.2019 18:00:00.000,193.627,193.948,192.687,192.948,42791.5726
05.08.2019 19:00:00.000,192.948,194.278,192.558,193.238,61051.0826
06.08.2019 13:00:00.000,196.406,198.028,195.637,197.128,28759.6684
06.08.2019 14:00:00.000,197.118,197.478,194.737,195.568,52482.1625
06.08.2019 15:00:00.000,195.567,195.628,194.027,195.308,44080.4062
06.08.2019 16:00:00.000,195.307,195.758,194.698,195.028,40503.9635
06.08.2019 17:00:00.000,195.028,196.958,195.028,196.488,36066.803
06.08.2019 18:00:00.000,196.487,197.398,195.737,196.468,36840.5037
06.08.2019 19:00:00.000,196.468,197.188,196.308,196.957,38388.2561
07.08.2019 13:00:00.000,195.467,196.178,193.808,194.958,30810.6728
07.08.2019 14:00:00.000,194.957,197.378,194.328,196.948,64618.3167
07.08.2019 15:00:00.000,196.937,197.268,196.037,196.388,57322.3915
07.08.2019 16:00:00.000,196.387,196.658,195.508,196.568,47912.9066
07.08.2019 17:00:00.000,196.567,198.628,196.447,197.908,43494.7701
07.08.2019 18:00:00.000,197.917,198.678,197.368,198.568,42190.5289
07.08.2019 19:00:00.000,198.567,199.538,197.857,199.143,45689.4455
08.08.2019 13:00:00.000,200.378,200.978,199.387,200.428,28108.0647
08.08.2019 14:00:00.000,200.438,202.118,200.307,201.928,36196.8307
08.08.2019 15:00:00.000,201.927,202.338,201.497,202.138,29966.7244
08.08.2019 16:00:00.000,202.147,202.448,202.027,202.138,27355.0358
08.08.2019 17:00:00.000,202.138,202.438,201.667,202.187,24361.9232
08.08.2019 18:00:00.000,202.188,202.548,201.738,202.138,28901.2222
08.08.2019 19:00:00.000,202.137,203.488,202.067,203.457,36474.4606
09.08.2019 13:00:00.000,201.257,202.478,200.637,201.548,23369.3123
09.08.2019 14:00:00.000,201.548,201.818,199.637,200.488,47894.2757
09.08.2019 15:00:00.000,200.487,200.598,199.287,199.738,39982.0442
09.08.2019 16:00:00.000,199.707,201.868,199.657,201.237,36343.8606
09.08.2019 17:00:00.000,201.238,202.397,201.068,201.787,33856.8726
09.08.2019 18:00:00.000,201.788,202.428,201.577,202.008,28533.5579
09.08.2019 19:00:00.000,202.007,202.738,200.828,201.147,35586.0176
12.08.2019 13:00:00.000,199.656,201.478,199.318,201.478,25406.6124
12.08.2019 14:00:00.000,201.458,201.928,200.338,201.498,41388.8893
12.08.2019 15:00:00.000,201.497,201.708,200.268,201.497,32481.2469
12.08.2019 16:00:00.000,201.497,202.038,201.147,201.668,27326.6907
12.08.2019 17:00:00.000,201.658,201.958,201.147,201.267,24849.6799
12.08.2019 18:00:00.000,201.258,201.448,199.137,199.348,29394.8994
12.08.2019 19:00:00.000,199.347,200.748,199.258,200.457,32119.6823
13.08.2019 13:00:00.000,200.988,212.088,200.878,212.018,31479.3873
13.08.2019 14:00:00.000,212.018,212.018,208.577,208.648,57382.2098
13.08.2019 15:00:00.000,208.638,209.088,207.527,208.768,46346.5996
13.08.2019 16:00:00.000,208.768,208.958,208.017,208.408,32725.7309
13.08.2019 17:00:00.000,208.418,209.618,208.268,209.408,29860.2715
13.08.2019 18:00:00.000,209.408,209.978,209.327,209.638,22732.1739
13.08.2019 19:00:00.000,209.637,209.788,208.798,209.158,30623.4703
14.08.2019 13:00:00.000,203.256,206.418,202.887,206.067,30585.3386
14.08.2019 14:00:00.000,206.028,206.047,204.287,204.298,51261.1847
14.08.2019 15:00:00.000,204.297,204.938,203.257,203.528,39296.6003
14.08.2019 16:00:00.000,203.517,203.868,202.698,203.237,39331.0623
14.08.2019 17:00:00.000,203.228,204.418,202.807,203.878,34240.0017
14.08.2019 18:00:00.000,203.878,203.968,202.567,202.978,33312.9425
14.08.2019 19:00:00.000,202.998,203.937,202.588,202.777,48243.5913
15.08.2019 13:00:00.000,203.548,205.098,202.037,203.488,32901.4244
15.08.2019 14:00:00.000,203.488,203.718,201.667,202.048,48596.5576
15.08.2019 15:00:00.000,202.057,202.178,200.497,202.137,43842.6476
15.08.2019 16:00:00.000,202.138,202.658,201.817,202.148,37672.8058
15.08.2019 17:00:00.000,202.147,202.618,199.718,200.188,36502.0752
15.08.2019 18:00:00.000,200.188,201.088,199.878,200.698,44355.1788
15.08.2019 19:00:00.000,200.698,202.468,200.698,201.728,43511.2076
16.08.2019 13:00:00.000,204.228,204.978,203.837,204.678,17347.2443
16.08.2019 14:00:00.000,204.697,206.728,204.417,206.688,35195.1599
16.08.2019 15:00:00.000,206.688,207.138,205.798,206.038,30961.2904
16.08.2019 16:00:00.000,206.028,206.318,205.468,206.168,22727.6878
16.08.2019 17:00:00.000,206.167,207.118,206.147,206.828,18267.7784
16.08.2019 18:00:00.000,206.838,206.848,206.088,206.128,18171.2589
16.08.2019 19:00:00.000,206.108,206.928,206.057,206.387,26405.1933
19.08.2019 13:00:00.000,210.618,212.708,210.007,212.068,19856.2927
19.08.2019 14:00:00.000,212.067,212.208,211.108,211.927,28384.4929
19.08.2019 15:00:00.000,211.927,212.158,211.568,211.718,20815.2695
19.08.2019 16:00:00.000,211.728,211.918,211.377,211.898,16986.618
19.08.2019 17:00:00.000,211.897,212.098,211.748,211.828,13210.0639
19.08.2019 18:00:00.000,211.838,211.858,210.897,211.058,15217.7172
19.08.2019 19:00:00.000,211.078,211.338,210.137,210.395,21301.5652
20.08.2019 13:00:00.000,210.718,211.728,210.497,210.958,16419.035
20.08.2019 14:00:00.000,210.958,212.368,210.768,212.368,28835.1173
20.08.2019 15:00:00.000,212.368,213.328,211.898,212.217,25385.6106
20.08.2019 16:00:00.000,212.217,213.068,212.217,212.958,19183.9981
20.08.2019 17:00:00.000,212.967,213.017,211.257,211.658,18109.3407
20.08.2019 18:00:00.000,211.658,211.698,210.857,211.428,24563.7169
20.08.2019 19:00:00.000,211.428,211.558,210.367,210.367,28947.2904
21.08.2019 13:00:00.000,212.848,213.238,212.388,213.128,20491.4894
21.08.2019 14:00:00.000,213.128,213.408,212.848,213.187,27815.8054
21.08.2019 15:00:00.000,213.187,213.628,212.908,213.317,21658.9794
21.08.2019 16:00:00.000,213.318,213.338,212.857,213.118,16933.7864
21.08.2019 17:00:00.000,213.117,213.328,212.177,212.298,13450.3326
21.08.2019 18:00:00.000,212.308,213.018,211.638,212.248,23415.0238
21.08.2019 19:00:00.000,212.238,212.678,212.088,212.668,24691.927
22.08.2019 13:00:00.000,213.127,214.418,212.988,214.247,19554.6513
22.08.2019 14:00:00.000,214.247,214.288,210.997,211.128,40093.4029
22.08.2019 15:00:00.000,211.128,212.578,210.738,212.058,32749.6758
22.08.2019 16:00:00.000,212.068,212.617,212.008,212.248,21411.1576
22.08.2019 17:00:00.000,212.248,213.108,212.198,212.728,17370.6722
22.08.2019 18:00:00.000,212.737,212.838,212.308,212.748,19115.8943
22.08.2019 19:00:00.000,212.767,213.278,212.258,212.507,28082.3421
23.08.2019 13:00:00.000,209.348,210.308,209.098,209.668,22861.8183
23.08.2019 14:00:00.000,209.687,212.028,209.337,211.087,43648.6893
23.08.2019 15:00:00.000,211.087,211.387,203.497,203.788,49797.9927
23.08.2019 16:00:00.000,203.798,204.758,203.408,204.037,24862.4134
23.08.2019 17:00:00.000,204.038,204.198,202.458,203.208,20394.5217
23.08.2019 18:00:00.000,203.218,203.228,201.907,202.498,14077.1427
23.08.2019 19:00:00.000,202.498,203.608,201.847,202.658,22845.5181
26.08.2019 13:00:00.000,205.868,207.177,205.518,206.448,12366.3607
26.08.2019 14:00:00.000,206.447,206.838,205.047,206.178,17282.6099
26.08.2019 15:00:00.000,206.168,206.778,205.727,206.038,11885.7079
26.08.2019 16:00:00.000,206.038,207.157,205.877,206.728,6600.7848
26.08.2019 17:00:00.000,206.727,206.988,205.847,205.938,5339.7641
26.08.2019 18:00:00.000,205.947,206.008,205.317,205.677,5776.6471
26.08.2019 19:00:00.000,205.678,206.588,205.178,206.588,8893.8656
27.08.2019 13:00:00.000,207.888,208.528,206.667,206.928,9377.8486
27.08.2019 14:00:00.000,206.947,207.158,205.478,205.638,12233.4661
27.08.2019 15:00:00.000,205.648,205.868,204.237,204.768,11634.6836
27.08.2019 16:00:00.000,204.767,205.048,203.668,203.728,10869.9846
27.08.2019 17:00:00.000,203.727,205.258,203.527,205.118,8060.7681
27.08.2019 18:00:00.000,205.117,205.558,204.387,205.448,7210.0859
27.08.2019 19:00:00.000,205.468,205.978,204.078,204.118,11310.3809
28.08.2019 13:00:00.000,204.143,205.218,203.317,204.878,9264.8258
28.08.2019 14:00:00.000,204.898,205.448,204.278,204.938,13356.2012
28.08.2019 15:00:00.000,204.937,205.678,204.478,205.307,11076.5371
28.08.2019 16:00:00.000,205.307,205.338,204.758,205.018,5573.822
28.08.2019 17:00:00.000,205.027,205.138,204.348,204.798,4706.6088
28.08.2019 18:00:00.000,204.818,205.398,204.588,205.318,5093.4548
28.08.2019 19:00:00.000,205.318,205.698,204.887,205.510,8095.4046
29.08.2019 13:00:00.000,208.458,209.218,208.120,208.253,24219.2745
29.08.2019 14:00:00.000,208.253,208.297,206.658,207.798,47620.8344
29.08.2019 15:00:00.000,207.787,208.242,207.527,208.048,36745.7314
29.08.2019 16:00:00.000,208.030,208.891,207.887,208.527,28311.821
29.08.2019 17:00:00.000,208.531,208.888,208.427,208.868,30649.9996
29.08.2019 18:00:00.000,208.877,209.301,208.407,208.558,35209.9991
29.08.2019 19:00:00.000,208.573,209.087,208.267,209.053,41150.0015
30.08.2019 13:00:00.000,209.977,210.397,209.207,209.348,21270.0005
30.08.2019 14:00:00.000,209.337,209.760,208.377,208.672,43500
30.08.2019 15:00:00.000,208.687,208.830,207.198,207.940,49930.0003
30.08.2019 16:00:00.000,207.962,208.048,207.341,207.811,42340.0002
30.08.2019 17:00:00.000,207.808,207.928,207.368,207.680,40764.9994
30.08.2019 18:00:00.000,207.681,208.051,207.419,207.627,43777.5002
30.08.2019 19:00:00.000,207.637,208.548,207.187,208.327,82139.9994
03.09.2019 13:00:00.000,206.187,206.968,205.817,206.667,74160.0037
03.09.2019 14:00:00.000,206.648,206.648,204.207,205.398,152789.9933
03.09.2019 15:00:00.000,205.398,205.737,204.517,205.267,134899.9939
03.09.2019 16:00:00.000,205.268,205.368,204.717,204.877,93519.9966
03.09.2019 17:00:00.000,204.877,205.047,204.448,204.617,92830.0018
03.09.2019 18:00:00.000,204.618,205.558,204.587,205.388,82489.9979
03.09.2019 19:00:00.000,205.387,206.078,205.158,205.748,133287.5061
04.09.2019 13:00:00.000,208.348,208.698,207.537,207.718,88184.9976
04.09.2019 14:00:00.000,207.718,207.968,207.318,207.848,165037.5061
04.09.2019 15:00:00.000,207.848,208.438,207.737,208.248,115857.4982
04.09.2019 16:00:00.000,208.248,208.938,207.677,208.847,104402.4963
04.09.2019 17:00:00.000,208.847,209.458,208.757,208.878,95800.0031
04.09.2019 18:00:00.000,208.878,209.258,208.788,209.038,87355.0034
04.09.2019 19:00:00.000,209.048,209.448,208.988,209.168,119050.0031
05.09.2019 13:00:00.000,211.967,213.737,211.938,213.088,120000
05.09.2019 14:00:00.000,213.078,213.948,212.577,212.828,218264.9994
05.09.2019 15:00:00.000,212.828,213.238,212.407,212.408,166884.9945
05.09.2019 16:00:00.000,212.408,212.678,212.097,212.197,115324.9969
05.09.2019 17:00:00.000,212.197,212.438,211.507,212.187,108992.5003
05.09.2019 18:00:00.000,212.188,213.108,212.027,213.088,101652.4963
05.09.2019 19:00:00.000,213.087,213.398,212.707,213.118,122514.9994
06.09.2019 13:00:00.000,214.107,214.398,212.867,213.037,160244.9951
06.09.2019 14:00:00.000,213.058,213.348,212.498,213.067,213982.4982
06.09.2019 15:00:00.000,213.068,213.348,212.527,212.688,142380.0049
06.09.2019 16:00:00.000,212.688,213.118,212.518,213.088,131380.0049
06.09.2019 17:00:00.000,213.088,213.938,213.067,213.867,132639.9994
06.09.2019 18:00:00.000,213.878,213.918,213.497,213.617,94805.0003
06.09.2019 19:00:00.000,213.627,213.978,213.078,213.297,126392.5018
09.09.2019 13:00:00.000,214.748,216.018,214.388,215.198,136550.0031
09.09.2019 14:00:00.000,215.197,215.468,214.628,215.318,209335.0067
09.09.2019 15:00:00.000,215.318,216.428,215.177,216.328,151925.0031
09.09.2019 16:00:00.000,216.328,216.378,214.228,215.118,190847.5037
09.09.2019 17:00:00.000,215.127,215.188,213.827,214.568,138850.0061
09.09.2019 18:00:00.000,214.558,214.558,213.857,214.277,147067.5049
09.09.2019 19:00:00.000,214.278,214.888,214.047,214.317,129154.9988
10.09.2019 13:00:00.000,213.798,214.518,211.678,213.208,122550.0031
10.09.2019 14:00:00.000,213.198,213.588,212.728,213.037,201202.4994
10.09.2019 15:00:00.000,213.038,214.388,213.008,213.938,159907.5012
10.09.2019 16:00:00.000,213.938,214.618,213.278,214.408,126209.9991
10.09.2019 17:00:00.000,214.418,215.778,213.398,213.788,134147.6135
10.09.2019 18:00:00.000,213.787,214.778,213.157,214.258,121089.9963
10.09.2019 19:00:00.000,214.258,216.628,214.247,216.628,119427.4979
11.09.2019 13:00:00.000,217.835,220.768,217.698,220.068,133360.0006
11.09.2019 14:00:00.000,220.087,220.828,219.838,220.368,142850.0061
11.09.2019 15:00:00.000,220.378,222.488,220.168,222.198,112260.0021
11.09.2019 16:00:00.000,222.207,222.988,222.067,222.648,86904.9988
11.09.2019 17:00:00.000,222.657,223.147,222.107,222.388,73190.0024
11.09.2019 18:00:00.000,222.407,222.588,221.708,222.268,65589.9963
11.09.2019 19:00:00.000,222.267,223.598,222.237,223.507,96894.9966
12.09.2019 13:00:00.000,224.727,225.698,222.997,224.218,83247.4976
12.09.2019 14:00:00.000,224.257,226.357,223.817,224.438,87687.5
12.09.2019 15:00:00.000,224.427,225.848,224.327,225.768,81282.5012
12.09.2019 16:00:00.000,225.768,225.798,225.037,225.468,87897.4991
12.09.2019 17:00:00.000,225.478,225.857,224.898,225.088,83277.4963
12.09.2019 18:00:00.000,225.097,225.308,224.648,224.977,78095.0012
12.09.2019 19:00:00.000,224.978,224.988,222.867,223.147,112004.9973
13.09.2019 13:00:00.000,219.018,220.768,218.817,219.818,107122.4976
13.09.2019 14:00:00.000,219.798,219.858,218.348,218.848,199755.0049
13.09.2019 15:00:00.000,218.848,219.268,218.197,218.198,133735.0006
13.09.2019 16:00:00.000,218.197,218.488,217.067,217.828,126392.5018
13.09.2019 17:00:00.000,217.828,218.078,217.017,217.208,97815.0024
13.09.2019 18:00:00.000,217.207,219.798,217.197,219.518,136110.0006
13.09.2019 19:00:00.000,219.518,219.537,218.357,218.568,136722.5037
16.09.2019 13:00:00.000,217.558,219.828,217.527,219.688,93559.9976
16.09.2019 14:00:00.000,219.687,219.728,218.178,218.908,180085.0067
16.09.2019 15:00:00.000,218.918,220.108,218.877,219.028,162377.5024
16.09.2019 16:00:00.000,219.018,219.458,218.878,219.108,99257.4997
16.09.2019 17:00:00.000,219.118,220.068,219.007,219.988,72532.5012
16.09.2019 18:00:00.000,219.998,220.088,219.557,219.738,77687.5
16.09.2019 19:00:00.000,219.748,220.048,219.528,219.888,112294.9982
17.09.2019 13:00:00.000,219.898,220.568,219.097,219.368,88239.9979
17.09.2019 14:00:00.000,219.387,220.108,219.237,219.758,118489.9979
17.09.2019 15:00:00.000,219.748,220.588,219.738,220.197,102867.5003
17.09.2019 16:00:00.000,220.208,220.318,219.547,219.917,73264.9994
17.09.2019 17:00:00.000,219.918,220.308,219.897,219.978,55909.9998
17.09.2019 18:00:00.000,219.987,220.188,219.797,220.017,68404.9988
17.09.2019 19:00:00.000,220.018,220.808,219.897,220.648,69904.9988
18.09.2019 14:00:00.000,221.978,222.508,221.887,222.148,89110.0006
18.09.2019 15:00:00.000,222.158,222.278,221.698,221.847,64535.0037
18.09.2019 16:00:00.000,221.848,221.958,221.147,221.178,56979.9995
18.09.2019 17:00:00.000,221.168,221.318,220.588,221.068,66254.9973
18.09.2019 18:00:00.000,221.158,221.738,219.428,220.798,151102.4933
18.09.2019 19:00:00.000,220.797,222.828,220.668,222.708,141092.4988
19.09.2019 13:00:00.000,222.128,223.218,222.028,222.917,72385.0021
19.09.2019 14:00:00.000,222.898,223.758,222.567,223.247,107122.4976
19.09.2019 15:00:00.000,223.247,223.388,221.947,222.157,86269.9966
19.09.2019 16:00:00.000,222.157,222.288,220.757,221.358,79230.0034
19.09.2019 17:00:00.000,221.368,221.687,220.368,221.578,98910.0037
19.09.2019 18:00:00.000,221.577,221.718,220.738,221.058,74687.5
19.09.2019 19:00:00.000,221.068,221.478,220.738,220.858,113152.4963
20.09.2019 13:00:00.000,221.448,222.528,221.447,221.888,73144.9966
20.09.2019 14:00:00.000,221.887,222.428,221.578,221.938,135027.4963
20.09.2019 15:00:00.000,221.938,222.108,220.847,221.117,125402.4963
20.09.2019 16:00:00.000,221.118,221.218,220.087,220.258,97062.5
20.09.2019 17:00:00.000,220.268,220.578,217.468,218.498,169229.9957
20.09.2019 18:00:00.000,218.498,219.958,218.278,219.427,165777.4963
20.09.2019 19:00:00.000,219.427,219.778,217.628,217.668,153619.9951
23.09.2019 13:00:00.000,218.858,219.448,218.107,218.528,96037.4985
23.09.2019 14:00:00.000,218.547,218.728,217.647,218.098,181979.9957
23.09.2019 15:00:00.000,218.097,219.108,218.048,218.718,144479.9957
23.09.2019 16:00:00.000,218.718,219.218,218.548,218.757,77942.4973
23.09.2019 17:00:00.000,218.747,219.368,218.567,219.238,79527.4963
23.09.2019 18:00:00.000,219.258,219.738,219.157,219.388,63437.5
23.09.2019 19:00:00.000,219.398,219.828,218.577,218.718,80127.5024
24.09.2019 13:00:00.000,220.998,222.458,220.718,221.858,94732.4982
24.09.2019 14:00:00.000,221.867,221.888,220.097,220.677,223544.9982
24.09.2019 15:00:00.000,220.678,220.887,218.738,219.108,152182.4951
24.09.2019 16:00:00.000,219.117,219.808,217.297,217.487,165597.5037
24.09.2019 17:00:00.000,217.468,218.268,217.208,217.708,158192.5049
24.09.2019 18:00:00.000,217.708,219.678,217.398,218.318,125097.5037
24.09.2019 19:00:00.000,218.318,218.648,217.547,217.757,168179.9927
25.09.2019 13:00:00.000,218.538,219.628,217.747,217.988,90577.4994
25.09.2019 14:00:00.000,217.988,220.048,217.137,219.488,289140.0146
25.09.2019 15:00:00.000,219.498,220.538,219.308,220.238,179032.5012
25.09.2019 16:00:00.000,220.248,220.908,219.938,220.147,143779.9988
25.09.2019 17:00:00.000,220.138,220.528,219.837,220.497,105242.5003
25.09.2019 18:00:00.000,220.497,220.888,219.988,220.538,111860.0006
25.09.2019 19:00:00.000,220.538,221.478,220.417,221.047,106222.5037
26.09.2019 13:00:00.000,219.888,220.028,218.817,219.198,92667.5034
26.09.2019 14:00:00.000,219.208,220.808,219.098,220.037,199130.0049
26.09.2019 15:00:00.000,220.018,220.138,219.197,219.948,190729.9957
26.09.2019 16:00:00.000,219.958,220.408,219.598,219.858,139802.5055
26.09.2019 17:00:00.000,219.857,220.138,219.647,220.138,90000
26.09.2019 18:00:00.000,220.138,220.588,219.977,220.037,120389.9994
26.09.2019 19:00:00.000,220.038,220.918,219.477,219.878,158822.4945
27.09.2019 13:00:00.000,220.498,220.928,219.957,220.157,78707.4966
27.09.2019 14:00:00.000,220.128,220.468,219.467,220.358,148505.0049
27.09.2019 15:00:00.000,220.368,220.498,217.718,219.698,142695.0073
27.09.2019 16:00:00.000,219.698,219.938,218.237,218.237,211354.9957
27.09.2019 17:00:00.000,218.218,218.968,217.968,218.578,196839.9963
27.09.2019 18:00:00.000,218.577,218.628,217.268,217.478,173077.4994
27.09.2019 19:00:00.000,217.467,219.118,217.467,218.837,191544.9982
30.09.2019 13:00:00.000,220.948,222.348,220.797,221.718,89769.9966
30.09.2019 14:00:00.000,221.688,222.618,221.128,222.618,153020.0043
30.09.2019 15:00:00.000,222.607,223.408,222.517,223.168,136455.0018
30.09.2019 16:00:00.000,223.178,224.418,223.178,224.418,85260.0021
30.09.2019 17:00:00.000,224.408,224.548,223.807,224.168,62032.5012
30.09.2019 18:00:00.000,224.178,224.368,223.747,224.098,80797.5006
30.09.2019 19:00:00.000,224.097,224.287,223.537,223.978,131072.4945
01.10.2019 13:00:00.000,224.977,228.188,224.678,228.047,107182.5027
01.10.2019 14:00:00.000,228.018,228.018,225.808,226.168,199550.0031
01.10.2019 15:00:00.000,226.168,227.658,225.978,226.258,203220.0012
01.10.2019 16:00:00.000,226.257,226.267,225.298,225.358,165167.4957
01.10.2019 17:00:00.000,225.348,225.518,224.408,224.878,155440.0024
01.10.2019 18:00:00.000,224.877,225.718,224.698,225.148,139695.0073
01.10.2019 19:00:00.000,225.148,225.648,224.197,224.328,123069.9997
02.10.2019 13:00:00.000,223.068,223.558,220.727,221.237,121415.0009
02.10.2019 14:00:00.000,221.298,221.428,219.347,219.758,258427.4902
02.10.2019 15:00:00.000,219.747,220.518,218.847,219.188,218332.5043
02.10.2019 16:00:00.000,219.188,219.247,217.927,218.427,152342.4988
02.10.2019 17:00:00.000,218.418,219.478,218.267,218.698,170110.0006
02.10.2019 18:00:00.000,218.698,219.748,218.518,219.228,160377.5024
02.10.2019 19:00:00.000,219.238,219.948,218.818,219.218,193184.9976
03.10.2019 13:00:00.000,218.207,219.307,217.648,218.278,68824.9969
03.10.2019 14:00:00.000,218.278,218.278,215.127,217.448,191032.5012
03.10.2019 15:00:00.000,217.418,219.637,217.177,218.828,221122.4976
03.10.2019 16:00:00.000,218.818,220.828,218.808,220.578,173800.0031
03.10.2019 17:00:00.000,220.588,220.928,220.018,220.648,128175.0031
03.10.2019 18:00:00.000,220.648,220.678,219.858,220.018,113017.5018
03.10.2019 19:00:00.000,220.028,220.867,219.708,220.708,127819.9997
04.10.2019 13:00:00.000,225.618,225.688,223.898,224.898,112582.4966
04.10.2019 14:00:00.000,224.888,225.358,224.398,225.128,199352.4933
04.10.2019 15:00:00.000,225.138,226.178,224.908,226.018,159707.5043
04.10.2019 16:00:00.000,226.017,226.108,225.458,225.947,92169.9982
04.10.2019 17:00:00.000,225.948,226.378,225.748,226.298,79117.5003
04.10.2019 18:00:00.000,226.297,227.477,226.237,226.887,84642.5018
04.10.2019 19:00:00.000,226.888,227.118,226.108,226.808,128789.9933
07.10.2019 13:00:00.000,226.088,227.898,225.827,227.048,97237.5031
07.10.2019 14:00:00.000,227.058,228.798,226.908,228.748,170710.0067
07.10.2019 15:00:00.000,228.758,229.408,228.557,229.407,113562.5
07.10.2019 16:00:00.000,229.408,229.448,228.778,229.378,76415.0009
07.10.2019 17:00:00.000,229.388,229.908,228.618,229.858,111574.9969
07.10.2019 18:00:00.000,229.867,229.898,226.588,227.398,153232.4982
07.10.2019 19:00:00.000,227.407,227.968,226.607,226.927,155315.0024
08.10.2019 13:00:00.000,225.698,227.208,225.438,225.818,118809.9976
08.10.2019 14:00:00.000,225.818,226.478,225.048,226.238,255247.4976
08.10.2019 15:00:00.000,226.238,226.618,225.338,226.088,202882.5073
08.10.2019 16:00:00.000,226.087,227.468,225.607,226.748,148117.4927
08.10.2019 17:00:00.000,226.748,227.478,226.508,226.948,132645.0043
08.10.2019 18:00:00.000,226.928,228.048,225.197,226.208,194147.5067
08.10.2019 19:00:00.000,226.138,226.748,224.317,224.348,161104.9957
09.10.2019 13:00:00.000,226.908,227.272,225.857,226.168,92694.9997
09.10.2019 14:00:00.000,226.187,226.647,225.738,226.008,148252.5024
09.10.2019 15:00:00.000,226.017,226.888,225.637,226.698,134882.5073
09.10.2019 16:00:00.000,226.697,227.238,226.598,227.118,91917.5034
09.10.2019 17:00:00.000,227.117,227.488,226.697,226.848,90635.0021
09.10.2019 18:00:00.000,226.847,227.608,226.577,227.288,85622.4976
09.10.2019 19:00:00.000,227.288,227.778,226.677,227.018,136222.5037
10.10.2019 13:00:00.000,227.868,230.158,227.277,229.848,115657.5012
10.10.2019 14:00:00.000,229.847,230.177,228.937,230.118,200345.0012
10.10.2019 15:00:00.000,230.118,230.418,229.878,230.058,125555.0003
10.10.2019 16:00:00.000,230.057,230.288,229.238,229.888,126264.9994
10.10.2019 17:00:00.000,229.888,229.908,229.107,229.728,119582.4966
10.10.2019 18:00:00.000,229.728,229.908,228.298,229.768,166962.4939
10.10.2019 19:00:00.000,229.758,230.288,229.737,230.088,143537.5061
11.10.2019 13:00:00.000,232.888,233.808,232.287,233.668,95904.9988
11.10.2019 14:00:00.000,233.688,234.377,233.648,233.908,155422.5006
11.10.2019 15:00:00.000,233.918,235.147,233.918,234.468,136824.9969
11.10.2019 16:00:00.000,234.467,234.858,233.078,234.798,118629.9973
11.10.2019 17:00:00.000,234.798,235.408,234.457,235.288,102502.5024
11.10.2019 18:00:00.000,235.288,236.558,234.887,236.487,79569.9997
11.10.2019 19:00:00.000,236.487,237.618,235.817,235.937,189947.4945
14.10.2019 13:00:00.000,235.048,237.248,235.048,237.148,91309.9976
14.10.2019 14:00:00.000,237.148,238.128,237.057,237.888,148089.9963
14.10.2019 15:00:00.000,237.888,237.948,236.927,236.988,108992.5003
14.10.2019 16:00:00.000,236.987,237.028,236.057,236.337,100230.0034
14.10.2019 17:00:00.000,236.338,236.728,236.217,236.688,80940.0024
14.10.2019 18:00:00.000,236.678,236.858,236.048,236.218,75860.0006
14.10.2019 19:00:00.000,236.217,236.418,235.658,235.837,114107.4982
15.10.2019 13:00:00.000,236.357,237.208,235.998,236.748,58047.5006
15.10.2019 14:00:00.000,236.757,237.608,236.338,237.437,138449.9969
15.10.2019 15:00:00.000,237.438,237.438,234.877,235.698,140044.9982
15.10.2019 16:00:00.000,235.697,236.198,235.537,236.028,92322.5021
15.10.2019 17:00:00.000,236.028,236.098,235.517,235.798,73537.4985
15.10.2019 18:00:00.000,235.798,236.148,235.667,235.898,67775.0015
15.10.2019 19:00:00.000,235.897,236.038,235.007,235.177,105217.4988
16.10.2019 13:00:00.000,233.747,235.197,233.588,234.528,103482.4982
16.10.2019 14:00:00.000,234.498,234.647,233.608,234.438,149587.4939
16.10.2019 15:00:00.000,234.428,234.718,233.758,234.347,109362.5031
16.10.2019 16:00:00.000,234.348,234.468,233.588,233.698,80819.9997
16.10.2019 17:00:00.000,233.698,234.038,233.608,233.678,81404.9988
16.10.2019 18:00:00.000,233.678,234.138,233.657,233.987,68627.5024
16.10.2019 19:00:00.000,233.988,234.537,233.707,234.368,97610.0006
17.10.2019 13:00:00.000,234.972,236.108,234.658,235.837,83737.5031
17.10.2019 14:00:00.000,235.828,236.018,234.228,234.458,161580.0018
17.10.2019 15:00:00.000,234.448,234.608,233.578,233.907,157404.9988
17.10.2019 16:00:00.000,233.908,234.398,233.517,234.378,99635.0021
17.10.2019 17:00:00.000,234.377,235.238,234.218,234.908,69319.9997
17.10.2019 18:00:00.000,234.908,235.138,234.357,235.118,84135.0021
17.10.2019 19:00:00.000,235.128,235.468,234.847,235.328,102069.9997
18.10.2019 13:00:00.000,234.468,235.998,234.448,235.948,77202.4994
18.10.2019 14:00:00.000,235.958,236.268,234.958,235.518,179830.0018
18.10.2019 15:00:00.000,235.507,236.168,234.927,235.138,146132.5073
18.10.2019 16:00:00.000,235.127,235.468,234.278,235.228,168277.4963
18.10.2019 17:00:00.000,235.238,236.558,235.177,236.098,98052.4979
18.10.2019 18:00:00.000,236.097,236.708,235.918,236.707,101107.4982
18.10.2019 19:00:00.000,236.707,237.558,236.318,236.318,117457.4966
21.10.2019 13:00:00.000,237.548,239.988,237.497,239.658,89980.0034
21.10.2019 14:00:00.000,239.658,239.988,239.098,239.908,124190.0024
21.10.2019 15:00:00.000,239.917,240.868,239.828,240.708,97082.4966
21.10.2019 16:00:00.000,240.707,240.968,240.527,240.587,65964.9963
21.10.2019 17:00:00.000,240.587,240.928,240.438,240.788,57342.4988
21.10.2019 18:00:00.000,240.798,240.918,240.507,240.688,52034.9998
21.10.2019 19:00:00.000,240.688,240.728,240.057,240.358,81872.4976
22.10.2019 13:00:00.000,241.147,241.928,240.277,241.017,125687.5
22.10.2019 14:00:00.000,241.017,241.828,240.687,241.548,176835.0067
22.10.2019 15:00:00.000,241.558,241.708,240.898,241.187,124917.5034
22.10.2019 16:00:00.000,241.188,241.938,241.028,241.927,91114.9979
22.10.2019 17:00:00.000,241.928,241.967,241.317,241.928,78902.4963
22.10.2019 18:00:00.000,241.928,242.168,240.367,240.737,142697.4945
22.10.2019 19:00:00.000,240.748,240.998,239.607,239.958,178264.9994
23.10.2019 13:00:00.000,242.058,243.138,241.348,241.828,114747.4976
23.10.2019 14:00:00.000,241.818,242.798,241.197,242.598,180572.4945
23.10.2019 15:00:00.000,242.597,242.907,242.357,242.498,126147.4991
23.10.2019 16:00:00.000,242.498,242.738,241.997,242.658,102592.4988
23.10.2019 17:00:00.000,242.658,242.698,242.098,242.638,76410.0037
23.10.2019 18:00:00.000,242.637,242.638,241.817,242.468,97132.4997
23.10.2019 19:00:00.000,242.467,243.198,242.247,243.157,115767.5018
24.10.2019 13:00:00.000,244.428,244.777,242.177,242.588,101557.5027
24.10.2019 14:00:00.000,242.578,242.978,241.797,242.448,152322.4945
24.10.2019 15:00:00.000,242.447,243.448,242.297,243.157,122665.0009
24.10.2019 16:00:00.000,243.337,243.338,242.237,242.368,26420.0001
24.10.2019 17:00:00.000,242.418,242.608,242.328,242.408,11989.9998
24.10.2019 18:00:00.000,242.407,243.208,242.347,242.998,55069.9997
24.10.2019 19:00:00.000,242.997,243.658,242.947,243.498,93337.5015
25.10.2019 13:00:00.000,242.957,244.058,242.878,243.448,92052.4979
25.10.2019 14:00:00.000,243.447,244.678,243.208,244.518,149527.4963
25.10.2019 15:00:00.000,244.527,245.848,244.337,245.357,148352.4933
25.10.2019 16:00:00.000,245.358,245.668,245.067,245.258,101472.5037
25.10.2019 17:00:00.000,245.257,245.528,245.107,245.248,70552.4979
25.10.2019 18:00:00.000,245.247,245.458,244.678,245.388,80495.0027
25.10.2019 19:00:00.000,245.388,246.698,245.328,246.378,107262.4969
28.10.2019 13:00:00.000,247.387,248.328,246.678,248.007,104205.0018
28.10.2019 14:00:00.000,248.008,248.638,247.747,248.067,150822.4945
28.10.2019 15:00:00.000,248.068,248.728,247.997,248.557,134839.9963
28.10.2019 16:00:00.000,248.567,248.698,248.217,248.478,95065.0024
28.10.2019 17:00:00.000,248.477,248.668,248.347,248.398,84260.0021
28.10.2019 18:00:00.000,248.398,248.558,248.297,248.488,84110.0006
28.10.2019 19:00:00.000,248.477,249.168,248.477,248.937,118807.5027
29.10.2019 13:00:00.000,248.967,249.707,247.847,247.887,91587.5015
29.10.2019 14:00:00.000,247.878,247.987,245.407,245.508,160732.4982
29.10.2019 15:00:00.000,245.518,245.768,242.818,243.148,175179.9927
29.10.2019 16:00:00.000,243.148,244.708,242.888,243.568,119154.9988
29.10.2019 17:00:00.000,243.568,243.958,242.947,243.637,94842.4988
29.10.2019 18:00:00.000,243.637,243.838,242.558,242.658,100199.9969
29.10.2019 19:00:00.000,242.667,244.368,242.647,243.317,140677.5055
30.10.2019 13:00:00.000,244.717,245.268,242.278,243.538,65165.0009
30.10.2019 14:00:00.000,243.538,243.978,242.627,242.977,88239.9979
30.10.2019 15:00:00.000,242.997,243.218,241.207,242.038,81957.4966
30.10.2019 16:00:00.000,242.038,242.948,241.718,242.278,70495.0027
30.10.2019 17:00:00.000,242.288,242.428,241.527,241.628,53302.5017
30.10.2019 18:00:00.000,241.497,242.818,241.307,242.667,69209.9991
30.10.2019 19:00:00.000,242.667,243.728,242.577,243.368,100589.9963
31.10.2019 13:00:00.000,247.187,249.128,245.967,246.798,70802.4979
31.10.2019 14:00:00.000,246.818,248.368,245.597,247.298,143912.5061
31.10.2019 15:00:00.000,247.298,248.948,246.877,248.178,123032.5012
31.10.2019 16:00:00.000,248.177,248.427,246.947,247.607,114095.0012
31.10.2019 17:00:00.000,247.618,248.168,247.448,247.778,83885.0021
31.10.2019 18:00:00.000,247.798,247.847,246.628,247.748,98887.4969
31.10.2019 19:00:00.000,247.748,248.907,247.598,248.858,132544.9982
01.11.2019 13:00:00.000,249.428,251.937,249.167,251.777,72942.4973
01.11.2019 14:00:00.000,251.668,253.718,251.268,253.288,134812.5
01.11.2019 15:00:00.000,253.278,253.778,252.997,253.228,83785.0037
01.11.2019 16:00:00.000,253.238,253.298,252.437,252.508,67885.0021
01.11.2019 17:00:00.000,252.527,253.818,252.437,253.638,61395.0005
01.11.2019 18:00:00.000,253.637,254.368,253.297,254.328,58345.0012
01.11.2019 19:00:00.000,254.327,255.868,254.117,255.828,100955.0018
04.11.2019 14:00:00.000,257.308,257.758,255.377,256.448,80877.5024
04.11.2019 15:00:00.000,256.448,257.428,256.287,256.948,107144.9966
04.11.2019 16:00:00.000,256.937,257.128,256.187,256.248,85527.4963
04.11.2019 17:00:00.000,256.248,256.488,255.388,256.338,68342.4988
04.11.2019 18:00:00.000,256.348,256.988,256.187,256.798,61005.0011
04.11.2019 19:00:00.000,256.807,257.358,256.547,257.348,66497.4976
04.11.2019 20:00:00.000,257.347,257.828,256.897,257.467,88010.0021
05.11.2019 14:00:00.000,257.058,257.628,256.308,257.287,70214.9963
05.11.2019 15:00:00.000,257.287,258.158,256.707,257.508,163169.9982
05.11.2019 16:00:00.000,257.498,257.758,257.067,257.507,92782.5012
05.11.2019 17:00:00.000,257.508,257.888,257.147,257.567,73982.4982
05.11.2019 18:00:00.000,257.568,257.998,257.558,257.798,77669.9982
05.11.2019 19:00:00.000,257.797,258.178,257.547,257.918,68029.9988
05.11.2019 20:00:00.000,257.927,258.038,256.937,257.107,113087.5015
06.11.2019 14:00:00.000,256.778,257.468,256.357,257.078,64974.9985
06.11.2019 15:00:00.000,257.077,257.187,256.017,256.088,117010.0021
06.11.2019 16:00:00.000,256.087,257.098,255.347,256.108,130565.0024
06.11.2019 17:00:00.000,256.108,256.408,255.538,255.838,97080.0018
06.11.2019 18:00:00.000,255.828,256.568,255.597,256.367,84807.5027
06.11.2019 19:00:00.000,256.377,256.718,256.317,256.638,80727.5009
06.11.2019 20:00:00.000,256.648,257.258,256.427,257.158,87525.0015
07.11.2019 14:00:00.000,258.708,259.067,258.107,258.438,79082.4966
07.11.2019 15:00:00.000,258.458,259.578,258.198,259.398,118110.0006
07.11.2019 16:00:00.000,259.398,259.887,259.068,259.748,107132.4997
07.11.2019 17:00:00.000,259.757,259.988,259.308,259.958,95077.4994
07.11.2019 18:00:00.000,259.958,260.278,259.737,260.157,73610.0006
07.11.2019 19:00:00.000,260.157,260.337,259.007,259.848,99745.0027
07.11.2019 20:00:00.000,259.857,259.968,258.347,259.428,132807.4951
08.11.2019 14:00:00.000,258.708,259.317,257.408,257.488,78794.9982
08.11.2019 15:00:00.000,257.468,258.568,256.817,258.567,147452.4994
08.11.2019 16:00:00.000,258.568,258.748,257.927,258.528,103307.5027
08.11.2019 17:00:00.000,258.538,259.138,258.337,259.117,62577.4994
08.11.2019 18:00:00.000,259.118,259.618,258.838,258.868,73627.5024
08.11.2019 19:00:00.000,258.878,259.388,258.777,259.227,67785.0037
08.11.2019 20:00:00.000,259.228,260.108,259.187,260.088,99180.0003
11.11.2019 14:00:00.000,258.298,259.578,258.298,259.297,88207.4966
11.11.2019 15:00:00.000,259.298,260.578,259.047,260.088,115375
11.11.2019 16:00:00.000,260.088,260.698,260.038,260.467,84739.9979
11.11.2019 17:00:00.000,260.468,261.538,260.358,261.487,71217.4988
11.11.2019 18:00:00.000,261.498,262.448,261.437,262.268,60465.0002
11.11.2019 19:00:00.000,262.268,262.268,261.457,261.588,61325.0008
11.11.2019 20:00:00.000,261.597,262.208,261.537,262.128,81367.5003
12.11.2019 14:00:00.000,261.528,262.238,261.067,261.358,80855.0034
12.11.2019 15:00:00.000,261.368,262.208,260.917,261.398,114152.4963
12.11.2019 16:00:00.000,261.408,262.668,261.227,261.848,83815.0024
12.11.2019 17:00:00.000,261.847,262.458,261.717,262.137,103417.5034
12.11.2019 18:00:00.000,262.138,262.778,262.088,262.688,69290.0009
12.11.2019 19:00:00.000,262.687,262.698,261.368,261.668,110559.9976
12.11.2019 20:00:00.000,261.668,262.108,261.577,261.888,117022.4991
13.11.2019 14:00:00.000,261.107,262.768,261.078,262.487,79959.9991
13.11.2019 15:00:00.000,262.478,263.657,262.267,263.588,138057.4951
13.11.2019 16:00:00.000,263.597,264.158,263.417,264.068,95959.9991
13.11.2019 17:00:00.000,264.077,264.178,263.677,264.018,81357.4982
13.11.2019 18:00:00.000,264.017,264.668,263.397,263.988,64065.0024
13.11.2019 19:00:00.000,263.988,264.138,262.578,264.048,105877.5024
13.11.2019 20:00:00.000,264.057,264.768,264.057,264.498,104542.5034
14.11.2019 14:00:00.000,263.878,264.778,263.528,264.317,82455.0018
14.11.2019 15:00:00.000,264.298,264.858,262.767,262.767,120817.4973
14.11.2019 16:00:00.000,262.708,263.728,262.218,262.888,112717.4988
14.11.2019 17:00:00.000,262.887,263.327,262.098,263.108,96345.0012
14.11.2019 18:00:00.000,263.108,263.457,262.098,262.828,71077.4994
14.11.2019 19:00:00.000,262.837,262.978,262.507,262.918,67912.4985
14.11.2019 20:00:00.000,262.918,263.158,262.458,262.767,93937.5
15.11.2019 14:00:00.000,263.937,264.528,263.258,263.328,85275.0015
15.11.2019 15:00:00.000,263.328,264.228,262.997,264.098,121942.4973
15.11.2019 16:00:00.000,264.097,264.778,264.097,264.208,85492.5003
15.11.2019 17:00:00.000,264.207,264.868,264.057,264.438,70769.9966
15.11.2019 18:00:00.000,264.447,265.068,264.227,264.868,61814.9986
15.11.2019 19:00:00.000,264.868,265.227,264.748,265.057,61334.9991
15.11.2019 20:00:00.000,265.058,265.618,264.708,265.618,108202.4994
18.11.2019 14:00:00.000,265.798,265.847,264.218,264.578,71160.0037
18.11.2019 15:00:00.000,264.577,265.668,264.528,265.237,114089.9963
18.11.2019 16:00:00.000,265.238,266.058,265.118,265.968,95489.9979
18.11.2019 17:00:00.000,265.968,266.478,265.437,266.338,68114.9979
18.11.2019 18:00:00.000,266.337,266.988,266.128,266.828,60944.9997
18.11.2019 19:00:00.000,266.838,267.418,266.557,267.188,62534.9998
18.11.2019 20:00:00.000,267.188,267.258,266.587,267.037,86332.4966
19.11.2019 14:00:00.000,267.887,267.947,266.567,266.848,57487.4992
19.11.2019 15:00:00.000,266.848,267.658,265.617,265.618,96059.9976
19.11.2019 16:00:00.000,265.618,266.838,265.378,266.378,83587.5015
19.11.2019 17:00:00.000,266.377,266.507,265.797,265.878,68857.4982
19.11.2019 18:00:00.000,265.887,266.488,265.648,266.378,54307.4989
19.11.2019 19:00:00.000,266.388,267.168,266.378,266.778,59512.5008
19.11.2019 20:00:00.000,266.777,267.038,265.937,266.207,88199.9969
20.11.2019 14:00:00.000,265.678,266.057,264.797,265.208,54735.0006
20.11.2019 15:00:00.000,265.208,265.488,264.207,265.017,97379.9973
20.11.2019 16:00:00.000,265.017,265.218,263.398,263.548,78337.5015
20.11.2019 17:00:00.000,263.548,264.278,260.618,261.738,69500.0076
20.11.2019 18:00:00.000,261.738,262.288,260.378,262.025,122934.9976
20.11.2019 19:00:00.000,262.037,262.788,261.177,262.217,104665.0009
20.11.2019 20:00:00.000,262.208,263.018,261.778,263.007,135589.9963
21.11.2019 14:00:00.000,263.447,263.898,262.817,263.488,103569.9997
21.11.2019 15:00:00.000,263.487,263.997,262.178,262.427,217647.5067
21.11.2019 16:00:00.000,262.428,262.767,261.168,261.258,159447.4945
21.11.2019 17:00:00.000,261.257,262.437,261.167,262.158,120050.0031
21.11.2019 18:00:00.000,262.158,262.468,261.828,261.917,85387.4969
21.11.2019 19:00:00.000,261.928,262.577,261.487,262.337,107077.4994
21.11.2019 20:00:00.000,262.337,262.538,261.257,262.058,131139.9994
22.11.2019 14:00:00.000,262.508,263.138,261.527,262.517,102434.9976
22.11.2019 15:00:00.000,262.517,262.887,261.757,261.898,186160.0037
22.11.2019 16:00:00.000,261.897,262.468,260.858,262.297,130337.4939
22.11.2019 17:00:00.000,262.297,262.418,261.717,262.157,98639.9994
22.11.2019 18:00:00.000,262.157,262.407,261.367,261.728,78647.4991
22.11.2019 19:00:00.000,261.727,261.758,261.007,261.248,83989.9979
22.11.2019 20:00:00.000,261.247,261.988,260.827,261.878,116317.4973
25.11.2019 14:00:00.000,262.548,264.808,262.547,264.548,102089.9963
25.11.2019 15:00:00.000,264.557,265.628,264.417,265.297,128324.9969
25.11.2019 16:00:00.000,265.307,265.458,264.827,265.067,98007.4997
25.11.2019 17:00:00.000,265.067,265.208,264.927,265.077,61634.9983
25.11.2019 18:00:00.000,265.077,265.237,264.617,264.717,61582.5005
25.11.2019 19:00:00.000,264.717,265.257,264.577,265.238,62865.0017
25.11.2019 20:00:00.000,265.228,266.358,265.148,266.297,129942.5049
26.11.2019 14:00:00.000,266.907,267.017,265.198,266.068,97592.4988
26.11.2019 15:00:00.000,266.028,266.467,265.468,266.328,137622.4976
26.11.2019 16:00:00.000,266.327,266.538,265.698,266.387,103339.9963
26.11.2019 17:00:00.000,266.398,266.687,266.107,266.577,67612.5031
26.11.2019 18:00:00.000,266.578,266.778,266.258,266.407,70099.9985
26.11.2019 19:00:00.000,266.407,266.608,266.137,266.448,59939.9986
26.11.2019 20:00:00.000,266.437,266.688,264.947,264.967,119942.4973
27.11.2019 14:00:00.000,265.738,266.258,265.298,266.058,95787.4985
27.11.2019 15:00:00.000,266.087,266.368,265.417,266.177,127602.5009
27.11.2019 16:00:00.000,266.177,266.588,266.137,266.408,91800.0031
27.11.2019 17:00:00.000,266.408,266.698,266.317,266.337,72707.4966
27.11.2019 18:00:00.000,266.338,266.888,266.327,266.757,83019.9966
27.11.2019 19:00:00.000,266.757,267.098,266.657,266.997,57630.0011
27.11.2019 20:00:00.000,266.998,267.938,266.797,267.858,89617.5003
29.11.2019 14:00:00.000,266.218,267.607,265.897,267.438,69952.4994
29.11.2019 15:00:00.000,267.437,267.968,266.997,267.687,92242.5003
29.11.2019 16:00:00.000,267.688,267.968,267.318,267.698,80602.5009
29.11.2019 17:00:00.000,267.697,267.828,267.397,267.567,90014.9994
29.11.2019 18:00:00.000,267.597,267.597,266.928,267.177,135
02.12.2019 14:00:00.000,267.267,268.208,266.518,266.557,91797.5006
02.12.2019 15:00:00.000,266.568,266.568,263.728,263.728,183982.4982
02.12.2019 16:00:00.000,263.738,264.857,263.438,264.648,158550.0031
02.12.2019 17:00:00.000,264.648,264.948,263.738,264.598,125114.9979
02.12.2019 18:00:00.000,264.598,265.608,264.548,265.358,88275.0015
02.12.2019 19:00:00.000,265.358,265.728,265.148,265.467,81712.5015
02.12.2019 20:00:00.000,265.477,265.538,264.367,264.428,108367.5003
03.12.2019 14:00:00.000,258.108,258.458,256.328,257.778,111932.5027
03.12.2019 15:00:00.000,257.757,258.428,256.797,256.997,238742.4927
03.12.2019 16:00:00.000,256.998,257.897,256.607,257.567,171542.4957
03.12.2019 17:00:00.000,257.558,258.268,257.168,257.948,116457.4966
03.12.2019 18:00:00.000,257.967,259.298,257.888,258.518,102937.5
03.12.2019 19:00:00.000,258.517,258.938,257.838,258.438,117514.9994
03.12.2019 20:00:00.000,258.428,259.518,258.248,259.408,144860.0006
04.12.2019 14:00:00.000,261.018,261.858,260.668,261.477,82800.0031
04.12.2019 15:00:00.000,261.477,262.138,261.107,262.137,162255.0049
04.12.2019 16:00:00.000,262.138,263.288,262.047,262.848,118697.5021
04.12.2019 17:00:00.000,262.867,262.948,262.118,262.798,97487.5031
04.12.2019 18:00:00.000,262.808,262.818,262.067,262.278,73694.9997
04.12.2019 19:00:00.000,262.278,262.967,262.177,262.837,77837.5015
04.12.2019 20:00:00.000,262.838,262.868,261.727,261.727,97095.0012
05.12.2019 14:00:00.000,263.738,264.727,263.087,264.318,88500
05.12.2019 15:00:00.000,264.288,264.348,262.727,263.667,173017.5018
05.12.2019 16:00:00.000,263.688,264.448,263.497,264.348,141182.4951
05.12.2019 17:00:00.000,264.348,264.378,263.737,264.288,87282.5012
05.12.2019 18:00:00.000,264.287,265.278,264.187,264.937,87947.5021
05.12.2019 19:00:00.000,264.938,265.568,264.658,264.957,85742.5003
05.12.2019 20:00:00.000,264.957,265.878,264.898,265.557,81050.0031
06.12.2019 14:00:00.000,267.498,269.168,267.498,269.078,76099.9985
06.12.2019 15:00:00.000,269.078,269.618,268.787,269.398,115074.9969
06.12.2019 16:00:00.000,269.398,270.448,269.297,270.208,70102.5009
06.12.2019 17:00:00.000,270.208,270.988,270.167,270.757,59685.0014
06.12.2019 18:00:00.000,270.757,270.828,269.928,270.077,50242.5003
06.12.2019 19:00:00.000,270.078,270.657,269.877,270.388,47662.4985
06.12.2019 20:00:00.000,270.387,270.788,269.967,270.498,77662.4985
09.12.2019 14:00:00.000,269.997,270.768,269.147,269.548,80190.0024
09.12.2019 15:00:00.000,269.578,269.857,269.147,269.598,112605.0034
09.12.2019 16:00:00.000,269.598,269.608,265.938,266.227,115402.4963
09.12.2019 17:00:00.000,266.228,266.488,264.907,265.678,126097.5037
09.12.2019 18:00:00.000,265.668,267.417,265.568,267.208,100230.0034
09.12.2019 19:00:00.000,267.208,267.417,266.427,267.178,90247.4976
09.12.2019 20:00:00.000,267.188,267.538,266.597,266.767,104107.4982
10.12.2019 14:00:00.000,268.548,268.548,265.848,266.768,89040.0009
10.12.2019 15:00:00.000,266.787,269.918,266.787,269.797,149009.9945
10.12.2019 16:00:00.000,269.798,270.058,268.827,269.098,139485.0006
10.12.2019 17:00:00.000,269.098,269.198,268.538,269.038,97312.5
10.12.2019 18:00:00.000,269.018,269.688,268.937,269.048,77752.5024
10.12.2019 19:00:00.000,269.048,269.558,269.048,269.328,81832.4966
10.12.2019 20:00:00.000,269.337,269.738,267.718,268.538,126037.4985
11.12.2019 14:00:00.000,268.648,270.738,268.648,270.597,63937.5
11.12.2019 15:00:00.000,270.618,271.058,269.337,269.428,98677.4979
11.12.2019 16:00:00.000,269.438,270.398,269.058,270.058,80805.0003
11.12.2019 17:00:00.000,270.067,270.228,269.597,269.967,65932.5027
11.12.2019 18:00:00.000,269.968,270.198,269.797,269.898,50790.0009
11.12.2019 19:00:00.000,269.887,270.648,269.777,270.637,96352.5009
11.12.2019 20:00:00.000,270.638,271.078,270.118,270.738,108517.5018
12.12.2019 14:00:00.000,267.578,271.088,267.297,270.678,80137.4969
12.12.2019 15:00:00.000,270.687,272.527,270.087,271.018,164332.5043
12.12.2019 16:00:00.000,271.008,271.098,268.007,268.268,143940.0024
12.12.2019 17:00:00.000,268.267,269.608,267.397,269.308,127319.9997
12.12.2019 18:00:00.000,269.307,270.338,269.258,270.088,59902.5002
12.12.2019 19:00:00.000,270.118,271.068,269.188,270.178,78345.0012
12.12.2019 20:00:00.000,270.177,271.617,269.997,271.248,104160.0037
13.12.2019 14:00:00.000,271.458,273.558,270.917,272.908,82912.4985
13.12.2019 15:00:00.000,272.907,274.758,272.308,272.658,184567.5049
13.12.2019 16:00:00.000,272.678,274.288,272.017,274.248,132360.0006
13.12.2019 17:00:00.000,274.248,274.968,273.938,274.938,94987.5031
13.12.2019 18:00:00.000,274.947,274.978,274.298,274.698,63682.4989
13.12.2019 19:00:00.000,274.697,274.728,273.737,274.468,73919.9982
13.12.2019 20:00:00.000,274.478,275.288,274.228,275.108,103290.0009
16.12.2019 14:00:00.000,277.158,279.468,276.967,278.948,81427.4979
16.12.2019 15:00:00.000,278.967,280.158,278.857,279.448,76785.0037
16.12.2019 16:00:00.000,279.447,280.458,279.447,280.347,56647.4991
16.12.2019 17:00:00.000,280.348,280.768,280.127,280.178,47242.5003
16.12.2019 18:00:00.000,280.177,280.478,279.818,280.418,42442.5011
16.12.2019 19:00:00.000,280.417,280.598,279.787,280.127,53220.0012
16.12.2019 20:00:00.000,280.127,280.478,279.587,279.827,81510.0021
17.12.2019 14:00:00.000,279.758,280.898,279.247,280.277,87764.9994
17.12.2019 15:00:00.000,280.297,281.748,280.098,280.828,120537.5977
17.12.2019 16:00:00.000,280.827,281.438,279.008,280.557,111720.0012
17.12.2019 17:00:00.000,280.558,281.238,280.557,281.078,67150.0015
17.12.2019 18:00:00.000,281.088,281.098,280.647,280.847,62659.9998
17.12.2019 19:00:00.000,280.858,280.948,280.147,280.708,71275.0015
17.12.2019 20:00:00.000,280.698,280.778,280.157,280.278,85260.0021
18.12.2019 14:00:00.000,279.888,280.458,279.317,279.397,76657.5012
18.12.2019 15:00:00.000,279.398,279.958,279.117,279.688,112260.0021
18.12.2019 16:00:00.000,279.678,280.228,279.507,280.048,92779.9988
18.12.2019 17:00:00.000,280.058,281.238,280.037,281.018,72767.5018
18.12.2019 18:00:00.000,281.028,281.478,280.758,281.457,59287.4985
18.12.2019 19:00:00.000,281.458,281.878,281.268,281.847,62784.9998
18.12.2019 20:00:00.000,281.848,281.888,279.538,279.738,116152.4963
19.12.2019 14:00:00.000,279.517,281.148,279.428,280.417,87290.0009
19.12.2019 15:00:00.000,280.428,280.528,279.457,279.468,110797.5006
19.12.2019 16:00:00.000,279.467,280.258,279.467,279.797,80142.5018
19.12.2019 17:00:00.000,279.807,279.938,278.968,279.467,69629.9973
19.12.2019 18:00:00.000,279.467,279.768,279.057,279.088,67932.5027
19.12.2019 19:00:00.000,279.087,280.037,278.937,279.668,70224.9985
19.12.2019 20:00:00.000,279.668,280.068,279.298,280.028,104747.4976
20.12.2019 14:00:00.000,282.128,282.218,280.848,280.937,102989.9979
20.12.2019 15:00:00.000,280.958,281.788,280.628,281.377,159154.9988
20.12.2019 16:00:00.000,281.378,281.908,280.827,280.998,95019.9966
20.12.2019 17:00:00.000,280.997,281.158,280.667,280.868,73297.5006
20.12.2019 18:00:00.000,280.878,281.078,280.737,280.737,63002.4986
20.12.2019 19:00:00.000,280.738,280.758,280.137,280.437,83250
20.12.2019 20:00:00.000,280.438,280.478,278.608,279.137,148502.5024
23.12.2019 14:00:00.000,280.628,282.407,280.627,282.008,75437.5
23.12.2019 15:00:00.000,282.018,282.938,281.788,282.678,120692.4973
23.12.2019 16:00:00.000,282.677,283.738,282.677,283.478,93315.0024
23.12.2019 17:00:00.000,283.478,284.048,283.358,283.527,67135.0021
23.12.2019 18:00:00.000,283.527,283.957,283.437,283.668,45537.4985
23.12.2019 19:00:00.000,283.667,284.198,283.607,284.068,52742.5003
23.12.2019 20:00:00.000,284.068,284.238,283.537,283.937,81669.9982
24.12.2019 14:00:00.000,284.607,284.878,282.898,284.098,73077.4994
24.12.2019 15:00:00.000,284.088,284.537,283.788,284.177,92230.0034
24.12.2019 16:00:00.000,284.178,284.318,283.698,283.878,55812.5
24.12.2019 17:00:00.000,283.878,284.538,283.678,284.247,55865.0017
26.12.2019 14:00:00.000,284.847,285.978,284.697,285.898,65794.9982
26.12.2019 15:00:00.000,285.897,287.428,285.887,287.408,110117.5003
26.12.2019 16:00:00.000,287.428,288.698,287.427,288.608,112839.9963
26.12.2019 17:00:00.000,288.607,288.668,287.937,288.158,87010.0021
26.12.2019 18:00:00.000,288.158,288.597,288.058,288.428,71052.4979
26.12.2019 19:00:00.000,288.418,289.268,288.407,289.188,71260.0021
26.12.2019 20:00:00.000,289.188,289.968,288.418,289.918,110037.4985
27.12.2019 14:00:00.000,291.198,293.938,290.087,290.228,130092.4988
27.12.2019 15:00:00.000,290.227,292.288,290.088,291.227,173654.9988
27.12.2019 16:00:00.000,291.237,291.948,290.637,290.658,122607.4982
27.12.2019 17:00:00.000,290.657,290.918,289.797,290.078,86117.5003
27.12.2019 18:00:00.000,290.088,290.168,288.088,289.777,93752.5024
27.12.2019 19:00:00.000,289.778,290.528,289.687,290.297,79525.0015
27.12.2019 20:00:00.000,290.298,290.417,288.487,289.718,115302.4979
30.12.2019 14:00:00.000,289.388,289.518,286.338,286.808,126622.4976
30.12.2019 15:00:00.000,286.827,287.768,285.218,287.587,202639.9994
30.12.2019 16:00:00.000,287.608,290.838,287.178,290.438,155767.5018
30.12.2019 17:00:00.000,290.428,291.868,290.237,291.478,118007.4997
30.12.2019 18:00:00.000,291.478,292.678,290.957,292.558,102337.5015
30.12.2019 19:00:00.000,292.568,292.577,291.077,291.288,90757.4997
30.12.2019 20:00:00.000,291.288,292.468,291.058,291.708,113872.4976
31.12.2019 14:00:00.000,289.838,292.848,289.507,292.147,94942.4973
31.12.2019 15:00:00.000,292.168,292.278,290.647,291.048,165487.5031
31.12.2019 16:00:00.000,291.048,292.237,290.957,292.028,129164.9933
31.12.2019 17:00:00.000,292.008,292.458,291.718,292.027,87135.0021
31.12.2019 18:00:00.000,292.028,292.297,291.877,292.198,62587.5015
31.12.2019 19:00:00.000,292.197,292.458,291.978,292.348,60562.5
31.12.2019 20:00:00.000,292.348,293.668,292.257,293.538,121680.0003
02.01.2020 14:00:00.000,296.248,297.908,295.367,297.138,36202.4994
02.01.2020 15:00:00.000,297.878,298.398,297.207,298.098,58747.5014
02.01.2020 16:00:00.000,298.097,298.738,297.448,298.398,101194.9997
02.01.2020 17:00:00.000,298.408,298.768,298.057,298.698,94332.4966
02.01.2020 18:00:00.000,298.698,298.708,298.097,298.448,84730.0034
02.01.2020 19:00:00.000,298.448,299.137,298.047,299.058,86305.0003
02.01.2020 20:00:00.000,299.067,300.488,299.037,300.457,146835.0067
03.01.2020 14:00:00.000,296.888,300.558,296.537,299.178,138157.5012
03.01.2020 15:00:00.000,298.798,299.558,297.588,298.628,195262.4969
03.01.2020 16:00:00.000,298.618,299.817,297.937,299.328,95742.5003
03.01.2020 17:00:00.000,299.328,300.568,299.297,300.188,120522.4991
03.01.2020 18:00:00.000,300.198,300.378,298.758,299.348,143192.5049
03.01.2020 19:00:00.000,299.347,299.928,298.807,299.797,118754.9973
03.01.2020 20:00:00.000,299.808,299.988,297.527,297.678,162262.4969
06.01.2020 14:00:00.000,293.778,296.978,292.797,296.838,130100.0061
06.01.2020 15:00:00.000,296.838,298.218,296.218,298.008,195817.5049
06.01.2020 16:00:00.000,298.007,299.608,297.628,298.438,150514.9994
06.01.2020 17:00:00.000,298.437,298.438,297.138,298.117,115569.9997
06.01.2020 18:00:00.000,298.118,299.358,298.028,299.178,96980.0034
06.01.2020 19:00:00.000,299.177,299.948,298.978,299.377,107595.0012
06.01.2020 20:00:00.000,299.377,299.808,298.927,299.648,142744.9951
07.01.2020 14:00:00.000,299.778,300.878,297.698,298.827,151470.0012
07.01.2020 15:00:00.000,298.957,299.557,297.467,299.387,248597.5037
07.01.2020 16:00:00.000,299.388,299.868,298.538,298.928,147964.9963
07.01.2020 17:00:00.000,298.927,299.618,298.647,299.568,111287.4985
07.01.2020 18:00:00.000,299.568,300.397,299.547,300.067,97832.4966
07.01.2020 19:00:00.000,300.068,300.078,298.947,298.988,119525.0015
07.01.2020 20:00:00.000,298.997,299.538,297.947,298.277,126324.9969
08.01.2020 14:00:00.000,297.208,299.068,297.207,298.348,111482.4982
08.01.2020 15:00:00.000,298.378,298.738,297.348,297.717,179389.9994
08.01.2020 16:00:00.000,297.718,300.188,297.497,300.088,190677.5055
08.01.2020 17:00:00.000,300.058,303.028,300.047,302.628,149422.5006
08.01.2020 18:00:00.000,302.618,303.208,302.397,302.578,106832.4966
08.01.2020 19:00:00.000,302.597,303.068,302.518,303.058,91317.4973
08.01.2020 20:00:00.000,303.068,304.418,302.208,303.008,158732.4982
09.01.2020 14:00:00.000,307.118,308.878,306.867,308.278,147012.4969
09.01.2020 15:00:00.000,308.288,309.447,307.408,309.078,185449.9969
09.01.2020 16:00:00.000,309.088,310.398,308.997,309.898,157559.9976
09.01.2020 17:00:00.000,309.907,309.998,306.168,307.638,177392.5018
09.01.2020 18:00:00.000,307.648,309.778,307.438,309.068,154742.4927
09.01.2020 19:00:00.000,309.058,309.468,308.708,309.007,122184.9976
09.01.2020 20:00:00.000,309.008,309.638,308.258,309.578,172975.0061
10.01.2020 14:00:00.000,310.768,312.157,309.678,312.038,127904.9988
10.01.2020 15:00:00.000,312.037,312.648,311.657,312.028,191032.5012
10.01.2020 16:00:00.000,312.028,312.307,310.428,311.077,156000
10.01.2020 17:00:00.000,311.078,311.108,308.227,309.768,170464.9963
10.01.2020 18:00:00.000,309.757,310.928,309.698,310.658,105410.0037
10.01.2020 19:00:00.000,310.667,310.928,309.277,310.038,128554.9927
10.01.2020 20:00:00.000,310.037,310.398,309.217,310.338,199589.9963
13.01.2020 14:00:00.000,311.677,313.358,311.677,312.918,137832.5043
13.01.2020 15:00:00.000,312.948,313.008,311.128,312.068,174779.9988
13.01.2020 16:00:00.000,312.078,312.848,311.397,312.788,137634.9945
13.01.2020 17:00:00.000,312.788,313.298,312.428,313.117,91699.9969
13.01.2020 18:00:00.000,313.118,313.758,312.847,313.558,77205.0018
13.01.2020 19:00:00.000,313.557,314.948,313.297,314.918,91605.0034
13.01.2020 20:00:00.000,314.927,317.048,314.617,316.917,123830.0018
14.01.2020 14:00:00.000,316.728,317.208,313.328,313.748,145065.0024
14.01.2020 15:00:00.000,313.767,317.518,313.448,315.748,209690.0024
14.01.2020 16:00:00.000,315.738,316.558,314.588,316.527,164059.9976
14.01.2020 17:00:00.000,316.527,316.647,314.597,314.728,135589.9963
14.01.2020 18:00:00.000,314.738,315.847,312.717,313.338,174937.5
14.01.2020 19:00:00.000,313.378,314.768,312.147,313.478,173645.0043
14.01.2020 20:00:00.000,313.487,314.188,312.207,312.697,184782.5012
15.01.2020 14:00:00.000,311.938,315.418,311.518,315.338,133854.9957
15.01.2020 15:00:00.000,315.337,315.488,313.777,314.488,176387.4969
15.01.2020 16:00:00.000,314.487,314.658,313.358,313.908,145880.0049
15.01.2020 17:00:00.000,313.908,314.578,313.678,313.888,123787.4985
15.01.2020 18:00:00.000,313.897,314.418,312.148,312.648,139072.4945
15.01.2020 19:00:00.000,312.648,313.808,312.487,312.948,107035.0037
15.01.2020 20:00:00.000,312.948,312.998,309.547,311.347,203257.5073
16.01.2020 14:00:00.000,313.568,315.248,313.567,314.548,123004.9973
16.01.2020 15:00:00.000,314.538,315.597,312.687,312.798,194862.5031
16.01.2020 16:00:00.000,312.817,313.798,312.068,313.287,148922.5006
16.01.2020 17:00:00.000,313.288,313.447,312.438,312.848,98517.5018
16.01.2020 18:00:00.000,312.847,313.868,312.657,313.697,91182.5027
16.01.2020 19:00:00.000,313.698,314.298,313.497,313.838,85612.5031
16.01.2020 20:00:00.000,313.837,315.318,313.597,315.288,133464.9963
17.01.2020 14:00:00.000,316.547,317.028,315.557,316.938,118182.5027
17.01.2020 15:00:00.000,316.938,317.237,315.898,316.278,165957.5043
17.01.2020 16:00:00.000,316.277,316.378,315.107,316.337,146377.5024
17.01.2020 17:00:00.000,316.337,316.918,315.747,315.808,100767.5018
17.01.2020 18:00:00.000,315.817,316.808,315.377,316.757,90555.0003
17.01.2020 19:00:00.000,316.758,317.057,316.407,317.048,88370.0027
17.01.2020 20:00:00.000,317.058,318.728,316.608,318.648,149577.4994
21.01.2020 14:00:00.000,317.107,318.838,316.628,318.207,117362.5031
21.01.2020 15:00:00.000,318.158,318.998,317.058,317.368,175647.5067
21.01.2020 16:00:00.000,317.367,318.918,317.258,318.447,127737.5031
21.01.2020 17:00:00.000,318.448,318.468,317.798,317.948,95930.0003
21.01.2020 18:00:00.000,317.947,318.198,316.417,316.558,161247.4976
21.01.2020 19:00:00.000,316.558,317.248,316.247,316.868,151907.5012
21.01.2020 20:00:00.000,316.867,317.218,316.208,316.588,167690.0024
22.01.2020 14:00:00.000,318.728,318.797,317.307,318.047,122334.9991
22.01.2020 15:00:00.000,318.057,318.877,317.498,317.878,170757.5073
22.01.2020 16:00:00.000,317.888,318.658,317.457,318.487,154619.9951
22.01.2020 17:00:00.000,318.478,319.727,318.127,319.607,138162.5061
22.01.2020 18:00:00.000,319.628,319.868,319.037,319.058,110937.5
22.01.2020 19:00:00.000,319.058,319.968,318.998,319.868,107917.5034
22.01.2020 20:00:00.000,319.878,319.888,317.558,317.728,207779.9988
23.01.2020 14:00:00.000,317.828,318.448,315.628,317.068,132895.0043
23.01.2020 15:00:00.000,317.088,318.117,316.267,317.348,189154.9988
23.01.2020 16:00:00.000,317.308,317.848,316.898,317.497,179712.4939
23.01.2020 17:00:00.000,317.498,318.178,317.248,317.698,121135.0021
23.01.2020 18:00:00.000,317.698,318.887,317.387,318.728,121852.5009
23.01.2020 19:00:00.000,318.737,319.238,318.528,319.208,110257.4997
23.01.2020 20:00:00.000,319.208,319.548,318.648,319.198,175195.0073
24.01.2020 14:00:00.000,320.157,322.608,319.858,322.587,135192.5049
24.01.2020 15:00:00.000,322.587,322.608,320.997,322.238,221964.9963
24.01.2020 16:00:00.000,322.248,323.298,321.737,321.947,218649.9939
24.01.2020 17:00:00.000,321.928,321.968,319.308,321.078,232380.0049
24.01.2020 18:00:00.000,321.077,321.117,319.038,319.868,214967.4988
24.01.2020 19:00:00.000,319.858,320.228,317.877,320.147,226470.0012
24.01.2020 20:00:00.000,320.158,320.348,317.508,318.247,233494.9951
27.01.2020 14:00:00.000,309.747,311.738,306.242,311.417,101175.0031
27.01.2020 15:00:00.000,311.477,311.738,308.868,309.407,247707.5043
27.01.2020 16:00:00.000,309.408,310.008,307.498,309.378,193632.5073
27.01.2020 17:00:00.000,309.378,311.568,309.108,311.168,162767.5018
27.01.2020 18:00:00.000,311.168,311.588,310.097,310.258,145007.5073
27.01.2020 19:00:00.000,310.277,311.188,308.888,309.487,155695.0073
27.01.2020 20:00:00.000,309.487,309.797,308.337,308.787,211877.5024
28.01.2020 14:00:00.000,312.448,313.978,312.168,312.887,148600.0061
28.01.2020 15:00:00.000,312.928,315.818,312.437,315.808,233967.4988
28.01.2020 16:00:00.000,315.808,316.768,314.997,316.518,199117.4927
28.01.2020 17:00:00.000,316.517,317.158,315.997,316.668,132762.4969
28.01.2020 18:00:00.000,316.687,316.928,316.107,316.827,122042.5034
28.01.2020 19:00:00.000,316.837,318.338,316.797,318.318,142315.0024
28.01.2020 20:00:00.000,318.318,318.378,316.907,317.617,190737.5031
29.01.2020 14:00:00.000,324.448,327.227,322.668,323.317,129115.0055
29.01.2020 15:00:00.000,323.317,325.477,321.377,325.368,226365.0055
29.01.2020 16:00:00.000,325.367,327.758,325.228,327.147,170449.9969
29.01.2020 17:00:00.000,327.147,327.618,326.107,326.317,123907.5012
29.01.2020 18:00:00.000,326.327,326.898,325.458,326.597,110635.0021
29.01.2020 19:00:00.000,326.638,327.817,326.237,327.028,138702.4994
29.01.2020 20:00:00.000,327.047,327.538,324.058,324.258,211032.5012
30.01.2020 14:00:00.000,320.578,324.038,320.177,322.358,107760.0021
30.01.2020 15:00:00.000,322.338,323.708,318.777,318.917,228455.0018
30.01.2020 16:00:00.000,318.918,322.518,318.738,321.918,182475.0061
30.01.2020 17:00:00.000,321.917,322.087,319.858,320.418,161887.4969
30.01.2020 18:00:00.000,320.418,320.637,319.298,319.977,132062.5
30.01.2020 19:00:00.000,319.978,321.838,319.497,320.937,148895.0043
30.01.2020 20:00:00.000,320.938,323.938,320.587,323.857,223574.9969
31.01.2020 14:00:00.000,321.038,322.658,317.027,318.358,127132.4997
31.01.2020 15:00:00.000,318.358,318.388,315.067,315.807,277292.511
31.01.2020 16:00:00.000,315.808,317.168,314.498,316.757,213175.0031
31.01.2020 17:00:00.000,316.748,316.898,314.147,314.787,181812.5
31.01.2020 18:00:00.000,314.787,315.288,310.027,312.538,136020.0043
31.01.2020 19:00:00.000,312.538,313.698,311.348,312.157,121739.9979
31.01.2020 20:00:00.000,312.188,312.538,308.247,309.418,168445.0073
03.02.2020 14:00:00.000,303.858,310.898,302.407,310.757,134595.0012
03.02.2020 15:00:00.000,310.758,313.218,310.717,312.328,272982.5134
03.02.2020 16:00:00.000,312.337,313.468,311.637,311.918,234147.5067
03.02.2020 17:00:00.000,311.917,312.098,308.648,308.698,187282.5012
03.02.2020 18:00:00.000,308.698,309.008,306.117,307.808,191117.4927
03.02.2020 19:00:00.000,307.798,308.208,306.667,307.087,173899.9939
03.02.2020 20:00:00.000,307.078,309.288,307.007,308.538,187824.9969
04.02.2020 14:00:00.000,315.537,316.808,313.628,314.358,146240.0055
04.02.2020 15:00:00.000,314.387,317.488,313.798,317.477,230289.9933
04.02.2020 16:00:00.000,317.477,319.518,317.128,318.367,139372.4976
04.02.2020 17:00:00.000,318.378,318.488,317.307,318.298,110879.9973
04.02.2020 18:00:00.000,318.328,319.367,317.808,319.258,89690.0024
04.02.2020 19:00:00.000,319.288,319.618,318.597,318.848,96112.5031
04.02.2020 20:00:00.000,318.838,319.127,317.397,318.928,139399.9939
05.02.2020 14:00:00.000,323.578,324.708,320.898,322.918,124527.4963
05.02.2020 15:00:00.000,322.918,323.448,318.937,320.708,293572.5098
05.02.2020 16:00:00.000,320.707,321.568,319.697,321.347,215324.9969
05.02.2020 17:00:00.000,321.347,322.037,320.857,321.357,138574.9969
05.02.2020 18:00:00.000,321.357,321.388,319.937,320.587,139494.9951
05.02.2020 19:00:00.000,320.588,321.498,320.048,321.248,129335.0067
05.02.2020 20:00:00.000,321.267,322.458,320.507,321.418,185154.9988
06.02.2020 14:00:00.000,322.868,323.658,320.308,322.367,75452.4994
06.02.2020 15:00:00.000,322.368,322.468,320.377,321.658,163632.5073
06.02.2020 16:00:00.000,321.667,322.828,321.317,321.628,163872.4976
06.02.2020 17:00:00.000,321.628,323.538,321.527,323.497,111527.4963
06.02.2020 18:00:00.000,323.498,324.688,323.338,324.568,84407.5012
06.02.2020 19:00:00.000,324.567,324.988,323.997,324.498,100629.9973
06.02.2020 20:00:00.000,324.498,325.178,323.917,325.138,116875
07.02.2020 14:00:00.000,322.207,322.628,320.597,321.158,94172.5006
07.02.2020 15:00:00.000,321.147,323.288,320.468,322.367,176304.9927
07.02.2020 16:00:00.000,322.367,323.318,321.738,322.818,130774.9939
07.02.2020 17:00:00.000,322.808,323.388,322.547,322.578,112742.5003
07.02.2020 18:00:00.000,322.577,322.737,320.678,320.727,139914.9933
07.02.2020 19:00:00.000,320.727,320.997,318.318,319.547,166152.4963
07.02.2020 20:00:00.000,319.548,319.988,318.117,319.988,178279.9988
10.02.2020 14:00:00.000,314.168,318.918,313.858,318.237,105132.4997
10.02.2020 15:00:00.000,318.208,320.047,316.597,318.908,129290.4358
10.02.2020 16:00:00.000,318.907,320.198,318.788,318.887,69708.313
10.02.2020 17:00:00.000,318.898,319.458,318.118,319.367,50866.2376
10.02.2020 18:00:00.000,319.377,319.988,319.218,319.347,49285.7552
10.02.2020 19:00:00.000,319.347,320.767,318.997,320.628,51635.9978
10.02.2020 20:00:00.000,320.628,321.368,320.538,321.278,79888.8245
11.02.2020 14:00:00.000,323.508,323.868,321.567,321.718,54045.0516
11.02.2020 15:00:00.000,321.727,323.258,321.578,322.808,92757.2021
11.02.2020 16:00:00.000,322.788,323.018,320.998,321.908,100317.4286
11.02.2020 17:00:00.000,321.928,322.778,321.597,322.688,71105.5908
11.02.2020 18:00:00.000,322.687,322.988,321.458,321.748,56884.5024
11.02.2020 19:00:00.000,321.747,321.838,320.157,320.667,76335.8383
11.02.2020 20:00:00.000,320.667,320.978,318.697,319.547,97617.6682
12.02.2020 14:00:00.000,321.648,323.858,321.637,323.458,58404.3388
12.02.2020 15:00:00.000,323.458,323.638,322.287,323.248,148550.9949
12.02.2020 16:00:00.000,323.247,324.638,323.157,324.368,84556.4804
12.02.2020 17:00:00.000,324.377,325.387,323.997,325.268,61414.7491
12.02.2020 18:00:00.000,325.278,325.328,324.667,325.128,52984.0584
12.02.2020 19:00:00.000,325.128,325.518,324.727,325.258,56604.3396
12.02.2020 20:00:00.000,325.277,327.188,324.867,327.087,76095.3064
13.02.2020 14:00:00.000,324.288,325.948,323.377,324.588,56061.7867
13.02.2020 15:00:00.000,324.608,325.467,323.537,325.307,145432.0068
13.02.2020 16:00:00.000,325.318,325.698,324.748,324.968,133652.4963
13.02.2020 17:00:00.000,324.967,326.208,324.358,324.618,112940.0024
13.02.2020 18:00:00.000,324.627,326.068,324.398,325.738,115572.5021
13.02.2020 19:00:00.000,325.738,326.168,325.118,326.018,120142.5018
13.02.2020 20:00:00.000,326.018,326.168,324.407,324.828,158032.5012
14.02.2020 14:00:00.000,324.718,325.938,323.498,323.928,76495.0027
14.02.2020 15:00:00.000,323.928,325.927,322.837,325.717,133089.9963
14.02.2020 16:00:00.000,325.718,325.858,324.517,324.958,104112.5031
14.02.2020 17:00:00.000,324.958,325.108,324.007,324.177,132287.5061
14.02.2020 18:00:00.000,324.158,325.058,323.947,324.058,143735.0006
14.02.2020 19:00:00.000,324.057,324.608,323.327,324.438,133934.9976
14.02.2020 20:00:00.000,324.438,324.978,323.587,324.688,161360.0006
18.02.2020 14:00:00.000,315.258,318.347,314.877,317.757,118317.4973
18.02.2020 15:00:00.000,317.747,318.557,316.777,317.777,157437.5
18.02.2020 16:00:00.000,317.787,317.928,315.597,315.598,186375
18.02.2020 17:00:00.000,315.597,317.188,315.208,317.057,145625
18.02.2020 18:00:00.000,317.077,318.168,317.057,318.098,117202.4994
18.02.2020 19:00:00.000,318.097,319.697,317.557,319.277,142669.9982
18.02.2020 20:00:00.000,319.277,319.678,318.288,318.888,161240.0055
19.02.2020 14:00:00.000,320.117,322.957,320.037,322.667,90425.0031
19.02.2020 15:00:00.000,322.677,323.617,321.937,323.558,176399.9939
19.02.2020 16:00:00.000,323.557,324.528,323.487,323.937,133187.5
19.02.2020 17:00:00.000,323.937,324.538,323.597,324.398,101589.9963
19.02.2020 18:00:00.000,324.408,324.447,323.648,323.932,87782.5012
19.02.2020 19:00:00.000,323.898,324.288,323.608,323.977,86632.4997
19.02.2020 20:00:00.000,323.978,324.157,322.917,323.598,158857.4982
20.02.2020 14:00:00.000,322.597,324.578,322.557,324.358,110580.0018
20.02.2020 15:00:00.000,324.377,324.508,322.648,322.768,192877.5024
20.02.2020 16:00:00.000,322.768,322.857,318.248,319.848,243947.4945
20.02.2020 17:00:00.000,319.818,320.268,318.608,320.227,248232.4982
20.02.2020 18:00:00.000,320.197,321.028,319.487,319.668,174107.4982
20.02.2020 19:00:00.000,319.668,321.148,319.668,320.367,152427.5055
20.02.2020 20:00:00.000,320.387,320.717,319.697,320.188,174462.4939
21.02.2020 14:00:00.000,318.338,320.388,316.277,317.227,104502.5024
21.02.2020 15:00:00.000,317.227,317.757,315.578,316.268,203692.5049
21.02.2020 16:00:00.000,316.278,317.258,315.618,316.908,129002.5024
21.02.2020 17:00:00.000,316.918,317.387,314.667,315.088,112150.0015
21.02.2020 18:00:00.000,315.097,315.458,311.168,312.088,133044.9982
21.02.2020 19:00:00.000,312.088,312.588,310.498,312.108,144127.5024
21.02.2020 20:00:00.000,312.068,313.508,310.828,312.888,151192.5049
24.02.2020 14:00:00.000,297.128,304.058,291.997,302.758,48877.4986
24.02.2020 15:00:00.000,302.757,303.637,298.378,301.027,120339.9963
24.02.2020 16:00:00.000,301.077,301.318,298.408,299.648,160514.9994
24.02.2020 17:00:00.000,299.628,300.938,297.997,300.057,162482.4982
24.02.2020 18:00:00.000,300.058,300.618,298.627,300.347,157705.0018
24.02.2020 19:00:00.000,300.318,302.457,299.158,302.168,165175.0031
24.02.2020 20:00:00.000,302.167,303.268,298.078,298.258,229447.4945
25.02.2020 14:00:00.000,300.807,302.368,298.847,300.027,128964.9963
25.02.2020 15:00:00.000,299.958,300.818,294.448,295.368,301482.5134
25.02.2020 16:00:00.000,295.358,296.027,290.308,295.278,242619.9951
25.02.2020 17:00:00.000,295.328,296.558,293.227,294.057,219532.5012
25.02.2020 18:00:00.000,294.057,295.387,292.587,292.618,251327.4994
25.02.2020 19:00:00.000,292.668,292.808,288.817,290.768,258170.0134
25.02.2020 20:00:00.000,290.768,292.418,286.148,288.167,342790.0085
26.02.2020 14:00:00.000,286.628,293.398,286.628,292.067,104362.5031
26.02.2020 15:00:00.000,292.067,297.658,290.597,296.317,305062.5
26.02.2020 16:00:00.000,296.277,297.838,294.297,294.578,292304.9927
26.02.2020 17:00:00.000,294.578,294.908,290.287,293.677,250122.4976
26.02.2020 18:00:00.000,293.697,294.808,289.227,290.718,198925.0031
26.02.2020 19:00:00.000,290.637,293.138,290.218,291.407,251502.5024
26.02.2020 20:00:00.000,291.427,294.098,291.398,292.658,299427.4902
27.02.2020 14:00:00.000,281.368,285.938,280.088,282.888,139197.4945
27.02.2020 15:00:00.000,282.887,284.068,273.748,281.198,357209.9915
27.02.2020 16:00:00.000,281.137,284.428,278.007,282.027,356842.4988
27.02.2020 17:00:00.000,282.028,285.598,280.707,282.288,309029.9988
27.02.2020 18:00:00.000,282.237,284.178,278.837,280.278,231572.4945
27.02.2020 19:00:00.000,280.268,280.998,278.027,278.247,214362.5031
27.02.2020 20:00:00.000,278.247,280.708,273.037,273.148,307512.5122
28.02.2020 14:00:00.000,257.957,265.128,257.138,260.838,33889.9994
28.02.2020 15:00:00.000,260.438,268.737,257.078,268.467,185052.5055
28.02.2020 16:00:00.000,268.448,278.278,264.208,270.028,143032.5012
28.02.2020 17:00:00.000,269.597,274.678,267.018,273.917,77735.0006
28.02.2020 18:00:00.000,273.918,275.108,265.238,266.798,107129.9973
28.02.2020 19:00:00.000,266.797,272.418,263.648,268.778,109557.5027
28.02.2020 20:00:00.000,268.848,273.748,265.648,273.358,150087.4939
02.03.2020 14:00:00.000,282.228,284.168,277.738,281.668,82477.5009
02.03.2020 15:00:00.000,281.558,286.358,279.778,285.018,403937.5
02.03.2020 16:00:00.000,285.028,292.868,284.897,292.708,424679.9927
02.03.2020 17:00:00.000,292.707,293.518,289.038,292.028,349177.4902
02.03.2020 18:00:00.000,292.018,292.248,287.488,290.588,325109.9854
02.03.2020 19:00:00.000,290.558,291.918,286.838,288.318,357702.5146
02.03.2020 20:00:00.000,288.308,298.758,288.038,298.728,402667.511
03.03.2020 14:00:00.000,303.608,303.608,292.247,294.268,125222.5037
03.03.2020 15:00:00.000,294.198,303.847,294.028,299.277,40854.9995
03.03.2020 16:00:00.000,299.338,299.887,291.108,295.848,75485.0006
03.03.2020 17:00:00.000,295.838,297.427,292.747,293.738,146222.5037
03.03.2020 18:00:00.000,293.698,293.698,287.998,288.138,140887.4969
03.03.2020 19:00:00.000,288.138,290.648,285.798,290.227,227550.0031
03.03.2020 20:00:00.000,290.258,293.388,287.838,289.147,214770.0043
04.03.2020 14:00:00.000,297.748,298.328,293.088,294.558,136089.9963
04.03.2020 15:00:00.000,294.838,298.108,294.327,295.178,360092.4988
04.03.2020 16:00:00.000,295.178,297.408,294.318,295.298,352464.9963
04.03.2020 17:00:00.000,295.327,298.968,295.327,298.917,268125.2441
04.03.2020 18:00:00.000,298.918,300.698,298.537,298.898,293802.4902
04.03.2020 19:00:00.000,298.898,300.168,297.817,299.068,249205.0018
04.03.2020 20:00:00.000,299.077,303.008,298.367,302.758,313845.0012
05.03.2020 14:00:00.000,295.428,297.397,294.408,295.287,99620.0027
05.03.2020 15:00:00.000,295.337,299.218,294.297,297.618,321697.5098
05.03.2020 16:00:00.000,297.628,299.518,296.857,297.378,267559.9976
05.03.2020 17:00:00.000,297.388,297.747,293.218,294.198,271537.5061
05.03.2020 18:00:00.000,294.198,296.808,293.397,296.018,293577.5146
05.03.2020 19:00:00.000,295.988,295.988,293.748,294.398,328522.4915
05.03.2020 20:00:00.000,294.397,294.928,291.408,293.088,369327.5146
06.03.2020 14:00:00.000,281.888,285.487,281.258,284.328,186592.4988
06.03.2020 15:00:00.000,284.328,289.998,284.307,287.777,379647.4915
06.03.2020 16:00:00.000,287.788,288.008,284.117,284.478,363299.9878
06.03.2020 17:00:00.000,284.478,287.538,283.577,285.258,320497.4976
06.03.2020 18:00:00.000,285.227,288.208,284.398,284.788,286815.0024
06.03.2020 19:00:00.000,284.808,285.457,281.997,282.497,315274.9939
06.03.2020 20:00:00.000,282.498,290.758,281.607,288.858,394579.9866
09.03.2020 13:00:00.000,263.038,274.938,263.038,272.488,18372.4995
09.03.2020 14:00:00.000,272.997,277.338,269.407,271.558,165845.0012
09.03.2020 15:00:00.000,271.557,277.558,270.027,276.118,281017.4866
09.03.2020 16:00:00.000,276.067,278.058,273.177,274.808,268812.5
09.03.2020 17:00:00.000,274.778,276.328,270.428,270.748,254697.4945
09.03.2020 18:00:00.000,270.808,271.848,267.898,270.077,178632.5073
09.03.2020 19:00:00.000,270.087,273.758,266.187,266.187,183649.9939
10.03.2020 13:00:00.000,277.048,280.318,274.927,279.158,182619.9951
10.03.2020 14:00:00.000,279.178,281.808,274.948,275.108,434432.4951
10.03.2020 15:00:00.000,275.138,277.348,269.328,272.638,376359.9854
10.03.2020 16:00:00.000,272.628,278.317,272.628,276.008,324772.4915
10.03.2020 17:00:00.000,276.008,278.208,273.227,274.048,130402.4963
10.03.2020 18:00:00.000,274.008,279.128,272.318,278.218,208285.0037
10.03.2020 19:00:00.000,278.228,285.358,277.878,285.358,340415.0085
11.03.2020 13:00:00.000,277.298,279.228,276.058,277.397,182432.4951
11.03.2020 14:00:00.000,277.347,279.308,274.927,276.187,391697.5098
11.03.2020 15:00:00.000,276.177,277.638,275.008,276.958,375657.5012
11.03.2020 16:00:00.000,276.948,281.178,275.637,276.368,383042.511
11.03.2020 17:00:00.000,276.368,277.238,274.428,276.348,384089.9963
11.03.2020 18:00:00.000,276.328,277.938,274.157,275.827,392642.4866
11.03.2020 19:00:00.000,275.848,278.238,272.218,275.567,439545.0134
12.03.2020 13:00:00.000,256.808,258.748,250.328,258.748,42005.0011
12.03.2020 14:00:00.000,258.218,262.338,253.868,259.418,251970.0012
12.03.2020 15:00:00.000,259.378,259.398,250.997,252.597,337184.9976
12.03.2020 16:00:00.000,252.598,260.068,249.548,257.848,374882.5073
12.03.2020 17:00:00.000,257.878,269.937,255.037,259.308,87617.5003
12.03.2020 18:00:00.000,259.298,259.768,252.748,253.718,261402.4963
12.03.2020 19:00:00.000,253.737,258.038,248.198,248.218,362942.5049
13.03.2020 13:00:00.000,265.027,265.517,253.438,259.467,189134.9945
13.03.2020 14:00:00.000,259.367,264.478,256.998,257.008,515650.0244
13.03.2020 15:00:00.000,257.007,261.258,252.958,257.348,466165.0085
13.03.2020 16:00:00.000,257.287,262.997,254.848,259.688,299744.9951
13.03.2020 17:00:00.000,259.637,263.217,258.528,262.277,316130.0049
13.03.2020 18:00:00.000,262.297,262.378,256.158,259.128,231115.0055
13.03.2020 19:00:00.000,259.168,278.378,254.507,277.928,184300.0031
16.03.2020 13:00:00.000,241.587,253.247,241.387,249.808,23065.0005
16.03.2020 14:00:00.000,249.657,257.198,248.118,254.617,273972.5037
16.03.2020 15:00:00.000,254.238,258.997,253.687,258.267,187860.0006
16.03.2020 16:00:00.000,258.308,258.367,252.607,253.517,247317.5049
16.03.2020 17:00:00.000,253.468,255.937,250.647,251.037,231675.0031
16.03.2020 18:00:00.000,251.037,254.988,249.557,252.518,275299.9878
16.03.2020 19:00:00.000,253.138,254.998,239.987,241.827,84980.0034
17.03.2020 13:00:00.000,247.298,249.468,238.997,240.377,109720.0012
17.03.2020 14:00:00.000,240.368,251.208,238.397,250.237,272652.4963
17.03.2020 15:00:00.000,250.248,254.637,248.687,254.428,165442.5049
17.03.2020 16:00:00.000,254.648,257.577,249.577,252.558,222702.4994
17.03.2020 17:00:00.000,252.557,254.038,248.117,253.247,58529.9988
17.03.2020 18:00:00.000,253.218,256.217,250.817,253.148,131589.9963
17.03.2020 19:00:00.000,253.128,256.528,248.408,252.617,148262.4969
18.03.2020 13:00:00.000,239.778,246.238,239.778,244.648,14774.9996
18.03.2020 14:00:00.000,244.617,247.907,243.717,245.317,99237.5031
18.03.2020 15:00:00.000,245.337,246.738,243.297,246.058,220047.5006
18.03.2020 16:00:00.000,246.027,246.428,241.947,242.037,199737.5031
18.03.2020 17:00:00.000,240.718,243.148,237.997,240.947,49325.0008
18.03.2020 18:00:00.000,241.128,241.937,237.117,241.857,126597.5037
18.03.2020 19:00:00.000,241.957,249.908,238.698,249.808,145952.4994
19.03.2020 13:00:00.000,247.047,250.278,242.567,250.037,57722.4998
19.03.2020 14:00:00.000,250.097,252.768,242.957,244.677,210337.4939
19.03.2020 15:00:00.000,244.648,251.247,244.537,247.097,198429.9927
19.03.2020 16:00:00.000,247.038,249.187,245.197,247.487,128354.9957
19.03.2020 17:00:00.000,247.657,250.598,247.057,249.318,168397.5067
19.03.2020 18:00:00.000,249.318,251.777,248.037,249.467,307739.9902
19.03.2020 19:00:00.000,249.468,250.068,243.657,243.978,228464.9963
20.03.2020 13:00:00.000,247.138,250.578,246.187,248.368,52287.4985
20.03.2020 14:00:00.000,248.258,251.798,248.117,251.628,417822.5098
20.03.2020 15:00:00.000,251.587,251.728,247.997,248.518,474237.4878
20.03.2020 16:00:00.000,248.478,248.997,244.328,247.657,332657.5012
20.03.2020 17:00:00.000,247.598,249.658,246.307,247.077,300762.5122
20.03.2020 18:00:00.000,247.087,248.068,240.927,241.528,395394.989
20.03.2020 19:00:00.000,241.487,243.018,227.997,229.038,380952.5146
23.03.2020 13:00:00.000,227.938,227.938,218.568,224.108,5500
23.03.2020 14:00:00.000,224.118,224.608,218.608,219.037,61569.9997
23.03.2020 15:00:00.000,219.038,221.027,212.717,216.678,67077.4994
23.03.2020 16:00:00.000,216.688,225.348,215.078,224.748,68687.5
23.03.2020 17:00:00.000,224.728,227.047,220.348,221.497,22844.9993
23.03.2020 18:00:00.000,220.608,222.308,218.198,219.648,5582.5
23.03.2020 19:00:00.000,220.188,226.708,217.017,224.467,102930.0003
24.03.2020 13:00:00.000,236.778,237.778,234.298,236.468,78777.4963
24.03.2020 14:00:00.000,236.468,243.388,235.697,241.167,330507.5073
24.03.2020 15:00:00.000,241.168,242.337,239.078,242.227,342029.9988
24.03.2020 16:00:00.000,242.228,243.068,240.098,240.148,411369.9951
24.03.2020 17:00:00.000,240.218,241.368,238.118,238.508,299440.0024
24.03.2020 18:00:00.000,238.488,242.968,236.548,242.888,317377.5024
24.03.2020 19:00:00.000,242.888,246.428,242.047,246.108,411852.5085
25.03.2020 13:00:00.000,250.718,257.968,249.898,250.478,35645.0005
25.03.2020 14:00:00.000,250.638,250.648,244.338,250.348,75372.4976
25.03.2020 15:00:00.000,250.457,254.968,250.397,253.217,143789.9933
25.03.2020 16:00:00.000,253.198,255.748,253.017,253.918,180399.9939
25.03.2020 17:00:00.000,254.008,257.268,253.728,255.338,224517.5018
25.03.2020 18:00:00.000,255.368,255.987,252.667,254.848,239919.9982
25.03.2020 19:00:00.000,254.938,257.108,244.488,245.387,269687.5
26.03.2020 13:00:00.000,246.428,252.037,246.348,248.788,36395.0005
26.03.2020 14:00:00.000,248.788,252.588,247.387,250.798,261869.9951
26.03.2020 15:00:00.000,250.857,254.638,249.897,253.778,258825.0122
26.03.2020 16:00:00.000,253.807,254.988,252.818,254.168,271654.9988
26.03.2020 17:00:00.000,254.158,254.888,250.138,251.928,266845.0012
26.03.2020 18:00:00.000,251.928,254.348,251.698,252.918,320334.9915
26.03.2020 19:00:00.000,252.927,258.528,250.557,257.778,303375
27.03.2020 13:00:00.000,251.898,251.968,248.358,250.818,110417.5034
27.03.2020 14:00:00.000,250.828,251.128,248.658,249.768,297662.5061
27.03.2020 15:00:00.000,249.768,252.098,249.657,249.928,279502.5024
27.03.2020 16:00:00.000,249.928,251.418,248.987,251.038,282652.4963
27.03.2020 17:00:00.000,251.047,254.597,250.427,253.328,310230.011
27.03.2020 18:00:00.000,253.338,253.948,251.698,253.678,271744.9951
27.03.2020 19:00:00.000,253.687,255.848,247.028,247.598,357364.9902
30.03.2020 13:00:00.000,250.948,253.578,249.497,249.867,42272.4991
30.03.2020 14:00:00.000,249.907,252.578,249.417,251.368,256059.9976
30.03.2020 15:00:00.000,251.388,253.488,251.187,252.527,327489.9902
30.03.2020 16:00:00.000,252.527,253.988,251.247,253.708,303605.011
30.03.2020 17:00:00.000,253.728,253.737,251.848,252.528,303540.0085
30.03.2020 18:00:00.000,252.528,254.167,251.438,253.688,319872.4976
30.03.2020 19:00:00.000,253.718,255.437,252.118,254.478,319579.9866
31.03.2020 13:00:00.000,255.607,257.377,254.248,255.258,81322.5021
31.03.2020 14:00:00.000,255.258,262.428,255.218,259.778,279942.5049
31.03.2020 15:00:00.000,259.817,260.638,258.267,258.818,119610.0006
31.03.2020 16:00:00.000,258.817,259.248,254.677,255.808,98949.9969
31.03.2020 17:00:00.000,255.808,257.098,254.477,256.808,109417.5034
31.03.2020 18:00:00.000,256.858,256.868,254.907,255.657,122665.0009
31.03.2020 19:00:00.000,255.548,256.448,251.938,254.128,154485.0006
01.04.2020 13:00:00.000,246.598,248.648,245.678,246.208,154202.4994
01.04.2020 14:00:00.000,246.258,247.638,245.747,247.138,380932.4951
01.04.2020 15:00:00.000,247.138,248.288,245.137,245.777,405595.0012
01.04.2020 16:00:00.000,245.778,245.778,242.147,242.557,364762.5122
01.04.2020 17:00:00.000,242.558,243.838,242.267,243.388,316459.9915
01.04.2020 18:00:00.000,243.408,243.838,240.908,240.998,253130.0049
01.04.2020 19:00:00.000,240.998,241.848,239.127,240.888,293437.5
02.04.2020 13:00:00.000,239.448,242.018,237.567,239.318,115862.5031
02.04.2020 14:00:00.000,239.358,244.328,238.898,242.568,380972.5037
02.04.2020 15:00:00.000,242.537,243.278,241.187,242.668,383357.5134
02.04.2020 16:00:00.000,242.708,243.498,241.657,242.617,346635.0098
02.04.2020 17:00:00.000,242.657,243.208,238.958,240.148,353135.0098
02.04.2020 18:00:00.000,240.158,241.028,236.898,240.947,385019.989
02.04.2020 19:00:00.000,240.948,244.988,240.497,244.768,415665.0085
03.04.2020 13:00:00.000,242.637,245.658,242.637,244.538,92142.5018
03.04.2020 14:00:00.000,244.587,245.608,241.517,242.938,305157.5012
03.04.2020 15:00:00.000,242.997,243.547,241.537,242.288,210622.4976
03.04.2020 16:00:00.000,242.308,242.608,240.618,241.768,220350.0061
03.04.2020 17:00:00.000,241.768,242.468,239.888,240.358,193389.9994
03.04.2020 18:00:00.000,240.338,240.868,239.287,240.718,247742.4927
03.04.2020 19:00:00.000,240.697,241.638,238.957,241.428,322812.5
06.04.2020 13:00:00.000,251.217,253.648,249.387,253.278,141887.4969
06.04.2020 14:00:00.000,253.248,254.068,252.237,252.998,332037.5061
06.04.2020 15:00:00.000,252.978,253.998,252.717,253.607,240102.4933
06.04.2020 16:00:00.000,253.617,254.588,253.398,254.368,224102.4933
06.04.2020 17:00:00.000,254.368,255.745,253.857,255.717,186985.0006
06.04.2020 18:00:00.000,255.727,255.978,254.597,255.938,207095.0012
06.04.2020 19:00:00.000,255.938,263.058,255.338,262.058,330077.5146
07.04.2020 13:00:00.000,271.457,271.457,266.237,269.318,155352.4933
07.04.2020 14:00:00.000,269.328,269.618,262.998,264.188,307762.5122
07.04.2020 15:00:00.000,264.187,266.768,263.417,265.797,296452.5146
07.04.2020 16:00:00.000,265.818,267.677,264.907,265.967,238554.9927
07.04.2020 17:00:00.000,265.968,266.318,262.808,263.317,228500
07.04.2020 18:00:00.000,263.308,263.418,259.068,259.987,240005.0049
07.04.2020 19:00:00.000,259.968,263.068,258.967,259.218,188865.0055
08.04.2020 13:00:00.000,262.997,263.858,261.337,261.467,118037.4985
08.04.2020 14:00:00.000,261.468,264.838,261.207,264.627,322547.4854
08.04.2020 15:00:00.000,264.638,265.708,263.807,264.848,288760.0098
08.04.2020 16:00:00.000,264.848,265.438,264.128,264.948,250604.9957
08.04.2020 17:00:00.000,264.978,265.338,262.787,263.208,243804.9927
08.04.2020 18:00:00.000,263.207,266.048,263.008,266.037,259187.5
08.04.2020 19:00:00.000,266.047,267.357,263.627,265.547,301747.4976
09.04.2020 13:00:00.000,268.498,270.008,267.447,269.707,110192.4973
09.04.2020 14:00:00.000,269.708,269.818,264.788,266.408,312904.9988
09.04.2020 15:00:00.000,266.367,267.738,264.658,267.148,337977.5085
09.04.2020 16:00:00.000,267.148,267.667,265.668,267.107,281167.511
09.04.2020 17:00:00.000,267.108,267.738,266.178,266.987,264912.5061
09.04.2020 18:00:00.000,266.987,267.638,265.228,266.237,313214.9963
09.04.2020 19:00:00.000,266.237,268.858,265.657,267.858,340172.4854
13.04.2020 13:00:00.000,268.277,269.708,266.998,267.268,144882.5073
13.04.2020 14:00:00.000,267.287,269.118,266.527,266.808,327755.0049
13.04.2020 15:00:00.000,266.817,268.978,265.828,267.808,275247.4976
13.04.2020 16:00:00.000,267.807,269.088,267.607,268.348,237050.0031
13.04.2020 17:00:00.000,268.358,269.577,267.397,269.428,206190.0024
13.04.2020 18:00:00.000,269.427,269.988,268.747,269.838,217662.5061
13.04.2020 19:00:00.000,269.858,273.497,268.917,273.108,290922.4854
14.04.2020 13:00:00.000,280.018,285.948,278.007,285.877,151317.5049
14.04.2020 14:00:00.000,285.878,286.168,283.597,284.118,249887.4969
14.04.2020 15:00:00.000,284.147,284.898,282.598,284.257,232682.4951
14.04.2020 16:00:00.000,284.258,286.518,284.258,285.987,205259.9945
14.04.2020 17:00:00.000,285.987,287.718,285.208,287.278,157110.0006
14.04.2020 18:00:00.000,287.297,288.028,286.657,287.778,183970.0012
14.04.2020 19:00:00.000,287.777,287.988,285.657,286.798,240279.9988
15.04.2020 13:00:00.000,282.628,283.138,280.607,282.357,155595.0012
15.04.2020 14:00:00.000,282.378,284.718,280.997,284.388,319102.5085
15.04.2020 15:00:00.000,284.388,284.968,282.538,282.928,240505.0049
15.04.2020 16:00:00.000,282.928,284.618,282.027,284.158,197192.5049
15.04.2020 17:00:00.000,284.148,285.558,283.828,284.038,186202.4994
15.04.2020 18:00:00.000,284.038,286.058,283.997,286.048,189449.9969
15.04.2020 19:00:00.000,286.037,286.268,283.898,284.598,258809.9976
16.04.2020 13:00:00.000,287.337,288.158,285.047,285.188,133425.0031
16.04.2020 14:00:00.000,285.197,286.798,283.517,286.628,258532.5012
16.04.2020 15:00:00.000,286.668,287.868,286.087,286.727,211994.9951
16.04.2020 16:00:00.000,286.727,286.968,282.337,283.937,240997.4976
16.04.2020 17:00:00.000,283.937,284.948,283.247,283.527,213442.5049
16.04.2020 18:00:00.000,283.557,285.158,282.838,284.607,205582.5043
16.04.2020 19:00:00.000,284.608,287.178,283.767,286.397,239714.9963
17.04.2020 13:00:00.000,284.668,286.932,282.747,284.027,129735.0006
17.04.2020 14:00:00.000,284.028,284.248,279.297,281.708,272519.989
17.04.2020 15:00:00.000,281.708,282.568,279.448,280.607,238222.5037
17.04.2020 16:00:00.000,280.628,281.528,279.777,281.177,187042.4957
17.04.2020 17:00:00.000,281.178,281.358,279.548,279.667,185610.0006
17.04.2020 18:00:00.000,279.677,279.677,276.858,278.278,191339.9963
17.04.2020 19:00:00.000,278.298,282.788,278.108,282.788,215714.9963
20.04.2020 13:00:00.000,277.807,280.178,277.807,278.248,119797.5006
20.04.2020 14:00:00.000,278.278,281.658,277.928,280.837,226702.4994
20.04.2020 15:00:00.000,280.847,281.518,279.777,280.248,211755.0049
20.04.2020 16:00:00.000,280.268,280.658,279.358,279.538,169904.9988
20.04.2020 17:00:00.000,279.538,280.178,278.458,280.008,164377.5024
20.04.2020 18:00:00.000,280.007,280.268,277.718,277.898,221414.9933
20.04.2020 19:00:00.000,277.898,278.938,276.987,276.988,283424.9878
21.04.2020 13:00:00.000,275.990,277.198,271.798,273.138,141615.0055
21.04.2020 14:00:00.000,273.158,273.398,267.907,268.938,265237.4878
21.04.2020 15:00:00.000,268.887,269.778,265.427,267.688,247574.9969
21.04.2020 16:00:00.000,267.688,267.838,266.307,266.558,128002.5024
21.04.2020 17:00:00.000,268.138,270.127,267.697,268.958,167369.9951
21.04.2020 18:00:00.000,268.958,271.357,268.097,268.808,202229.9957
21.04.2020 19:00:00.000,268.808,271.227,267.998,268.497,287027.4963
22.04.2020 13:00:00.000,273.878,274.838,272.387,273.528,143399.9939
22.04.2020 14:00:00.000,273.528,274.368,272.587,272.638,307549.9878
22.04.2020 15:00:00.000,272.657,273.998,272.167,273.578,250955.0018
22.04.2020 16:00:00.000,273.597,274.878,273.597,274.158,176919.9982
22.04.2020 17:00:00.000,274.178,275.877,274.008,275.717,155687.5
22.04.2020 18:00:00.000,275.718,277.548,275.108,277.358,164287.5061
22.04.2020 19:00:00.000,277.368,277.748,275.698,276.128,229690.0024
23.04.2020 13:00:00.000,275.847,278.978,275.108,278.528,146565.0024
23.04.2020 14:00:00.000,278.518,281.728,278.517,280.717,286902.4963
23.04.2020 15:00:00.000,280.728,280.768,279.107,279.648,247857.4982
23.04.2020 16:00:00.000,279.658,280.308,275.927,278.427,219479.9957
23.04.2020 17:00:00.000,278.428,279.518,275.538,276.518,271142.4866
23.04.2020 18:00:00.000,276.518,278.048,275.087,277.747,239095.0012
23.04.2020 19:00:00.000,277.708,277.908,274.947,274.997,269382.5073
24.04.2020 13:00:00.000,276.998,279.458,276.988,277.418,147352.4933
24.04.2020 14:00:00.000,277.418,280.478,277.418,279.417,315744.9951
24.04.2020 15:00:00.000,279.427,279.518,277.997,278.838,244642.5018
24.04.2020 16:00:00.000,278.857,280.788,278.437,280.458,186417.4957
24.04.2020 17:00:00.000,280.448,281.348,280.217,281.288,193667.4957
24.04.2020 18:00:00.000,281.288,281.868,281.038,281.198,222902.4963
24.04.2020 19:00:00.000,281.207,282.918,280.607,282.717,289299.9878
27.04.2020 13:00:00.000,281.838,284.157,279.917,284.147,114434.9976
27.04.2020 14:00:00.000,284.147,284.518,281.028,281.318,238707.5043
27.04.2020 15:00:00.000,281.318,283.308,280.687,282.198,226020.0043
27.04.2020 16:00:00.000,282.208,282.447,281.078,281.767,195904.9988
27.04.2020 17:00:00.000,281.778,281.958,280.337,281.688,203369.9951
27.04.2020 18:00:00.000,281.668,282.998,281.668,282.567,188297.5006
27.04.2020 19:00:00.000,282.578,283.458,282.308,282.927,219389.9994
28.04.2020 13:00:00.000,285.147,285.788,284.218,284.678,147830.0018
28.04.2020 14:00:00.000,284.667,285.398,280.628,281.028,331855.011
28.04.2020 15:00:00.000,281.077,282.328,280.557,281.077,286924.9878
28.04.2020 16:00:00.000,281.108,281.628,279.308,281.418,274274.9939
28.04.2020 17:00:00.000,281.418,281.698,280.158,281.007,239337.4939
28.04.2020 18:00:00.000,281.008,282.038,280.437,280.798,222652.4963
28.04.2020 19:00:00.000,280.798,281.238,278.208,278.648,263757.5073
29.04.2020 13:00:00.000,284.648,287.998,283.838,286.888,158597.5037
29.04.2020 14:00:00.000,286.857,289.648,286.457,287.818,276687.5
29.04.2020 15:00:00.000,287.808,288.128,286.747,286.857,213830.0018
29.04.2020 16:00:00.000,286.868,287.948,286.697,287.177,169365.0055
29.04.2020 17:00:00.000,287.177,288.008,286.597,287.077,151772.5067
29.04.2020 18:00:00.000,287.078,288.608,286.298,288.418,216387.4969
29.04.2020 19:00:00.000,288.448,289.308,287.317,287.668,224919.9982
30.04.2020 13:00:00.000,289.807,293.268,288.298,292.327,80629.9973
30.04.2020 14:00:00.000,292.358,293.038,290.317,291.518,149547.5006
30.04.2020 15:00:00.000,291.508,292.388,290.167,290.217,167800.0031
30.04.2020 16:00:00.000,290.167,290.658,288.777,290.388,110797.5006
30.04.2020 17:00:00.000,290.387,291.418,289.868,290.898,125404.9988
30.04.2020 18:00:00.000,290.898,291.798,290.358,290.898,149987.5031
30.04.2020 19:00:00.000,290.898,294.457,290.828,293.588,201889.9994
01.05.2020 13:00:00.000,286.067,294.768,285.847,294.128,115074.9969
01.05.2020 14:00:00.000,294.138,298.987,293.497,296.778,288940.0024
01.05.2020 15:00:00.000,296.828,297.197,293.088,293.437,187229.9957
01.05.2020 16:00:00.000,293.437,293.738,288.808,290.337,177222.5037
01.05.2020 17:00:00.000,290.337,291.468,288.677,290.527,116595.0012
01.05.2020 18:00:00.000,290.528,291.798,289.667,291.368,215767.5018
01.05.2020 19:00:00.000,291.377,292.538,287.997,289.397,278302.4902
04.05.2020 13:00:00.000,289.038,289.498,286.288,288.688,152179.9927
04.05.2020 14:00:00.000,288.687,291.448,288.508,290.128,291752.5024
04.05.2020 15:00:00.000,290.118,292.077,289.858,291.488,261712.4939
04.05.2020 16:00:00.000,291.488,292.067,289.068,289.657,233145.0043
04.05.2020 17:00:00.000,289.658,290.748,288.128,290.698,176429.9927
04.05.2020 18:00:00.000,290.688,291.668,289.948,291.528,195205.0018
04.05.2020 19:00:00.000,291.527,293.678,291.137,293.328,248164.9933
05.05.2020 13:00:00.000,294.977,298.198,294.447,297.438,160330.0018
05.05.2020 14:00:00.000,297.458,298.658,296.547,298.008,270112.4878
05.05.2020 15:00:00.000,298.017,299.068,297.318,298.867,217369.9951
05.05.2020 16:00:00.000,298.868,299.788,298.527,299.307,195565.0024
05.05.2020 17:00:00.000,299.308,299.988,298.647,299.718,194557.4951
05.05.2020 18:00:00.000,299.708,300.978,299.497,300.928,173632.5073
05.05.2020 19:00:00.000,300.918,300.988,297.038,297.407,329665.0085
06.05.2020 13:00:00.000,300.288,302.918,300.288,301.988,170757.5073
06.05.2020 14:00:00.000,301.987,302.838,298.837,301.948,304912.5061
06.05.2020 15:00:00.000,301.948,303.088,301.478,302.677,280345.0012
06.05.2020 16:00:00.000,302.677,303.228,302.147,302.697,246957.5043
06.05.2020 17:00:00.000,302.717,303.168,301.057,301.867,217017.5018
06.05.2020 18:00:00.000,301.888,302.648,301.167,301.818,270700.0122
06.05.2020 19:00:00.000,301.818,302.698,300.497,300.498,310687.5
07.05.2020 13:00:00.000,303.198,305.157,303.157,304.538,181529.9988
07.05.2020 14:00:00.000,304.548,304.877,301.978,302.867,302592.4988
07.05.2020 15:00:00.000,302.888,304.257,302.637,303.928,246852.4933
07.05.2020 16:00:00.000,303.918,304.388,303.567,304.158,225857.4982
07.05.2020 17:00:00.000,304.157,304.368,303.658,303.938,195127.5024
07.05.2020 18:00:00.000,303.937,304.127,303.187,303.618,230294.9982
07.05.2020 19:00:00.000,303.608,303.888,302.558,303.658,299282.5012
08.05.2020 13:00:00.000,305.588,306.057,304.277,304.858,164117.4927
08.05.2020 14:00:00.000,304.857,306.718,304.848,306.358,312450.0122
08.05.2020 15:00:00.000,306.358,307.998,305.937,307.957,277502.5024
08.05.2020 16:00:00.000,307.957,308.458,307.708,308.228,205167.4957
08.05.2020 17:00:00.000,308.228,308.478,306.757,307.067,233812.5
08.05.2020 18:00:00.000,307.068,307.917,306.617,307.698,239632.5073
08.05.2020 19:00:00.000,307.717,310.267,307.647,310.007,309402.4963
11.05.2020 13:00:00.000,308.108,310.458,307.217,309.798,218747.4976
11.05.2020 14:00:00.000,309.828,312.628,309.698,311.917,373859.9854
11.05.2020 15:00:00.000,311.917,313.817,311.857,313.248,300947.5098
11.05.2020 16:00:00.000,313.257,313.718,312.687,313.237,229517.5018
11.05.2020 17:00:00.000,313.237,315.197,312.927,314.828,198529.9988
11.05.2020 18:00:00.000,314.817,316.248,314.497,316.038,270345.0012
11.05.2020 19:00:00.000,316.048,317.037,315.017,315.017,350242.4927
12.05.2020 13:00:00.000,317.717,319.048,315.727,317.487,233320.0073
12.05.2020 14:00:00.000,317.497,318.388,316.057,318.187,353619.9951
12.05.2020 15:00:00.000,318.187,318.988,317.617,318.358,226798.6755
12.05.2020 16:00:00.000,318.357,319.668,317.968,319.338,125932.0526
12.05.2020 17:00:00.000,319.338,319.398,316.337,318.428,127242.8131
12.05.2020 18:00:00.000,318.427,318.507,316.267,317.237,133993.4998
12.05.2020 19:00:00.000,317.238,317.458,310.868,311.308,194119.0948
13.05.2020 13:00:00.000,312.108,313.438,310.068,313.208,140972.9156
13.05.2020 14:00:00.000,313.208,315.938,312.567,312.847,250583.374
13.05.2020 15:00:00.000,312.857,314.378,308.758,309.248,263505.0659
13.05.2020 16:00:00.000,309.257,309.308,303.217,307.188,409736.084
13.05.2020 17:00:00.000,307.177,307.348,304.517,304.708,436355.011
13.05.2020 18:00:00.000,304.707,306.827,303.717,303.718,415827.5146
13.05.2020 19:00:00.000,303.717,308.347,303.258,307.297,503299.9878
14.05.2020 13:00:00.000,304.357,306.958,301.527,302.598,222247.4976
14.05.2020 14:00:00.000,302.607,304.568,301.577,303.588,527065.0024
14.05.2020 15:00:00.000,303.637,306.647,303.397,304.227,503114.9902
14.05.2020 16:00:00.000,304.227,306.327,302.937,306.057,479447.5098
14.05.2020 17:00:00.000,306.057,307.498,305.508,306.087,397922.4854
14.05.2020 18:00:00.000,306.058,306.608,304.677,305.917,371907.5012
14.05.2020 19:00:00.000,305.957,309.757,305.747,309.668,462859.9854
15.05.2020 13:00:00.000,300.598,304.438,300.568,303.988,236210.0067
15.05.2020 14:00:00.000,303.988,306.088,303.617,304.078,493927.4902
15.05.2020 15:00:00.000,304.077,304.078,302.277,303.047,453662.5061
15.05.2020 16:00:00.000,303.058,305.348,302.847,304.927,354809.9976
15.05.2020 17:00:00.000,304.928,306.098,304.617,305.488,373667.511
15.05.2020 18:00:00.000,305.488,307.407,305.377,306.078,380454.9866
15.05.2020 19:00:00.000,306.077,307.857,305.657,307.668,442762.5122
18.05.2020 13:00:00.000,313.168,313.237,310.287,312.367,219687.5
18.05.2020 14:00:00.000,312.368,313.787,311.407,313.618,400320.0073
18.05.2020 15:00:00.000,313.607,314.127,313.117,313.957,364785.0037
18.05.2020 16:00:00.000,313.957,314.978,313.747,314.858,321190.0024
18.05.2020 17:00:00.000,314.877,316.188,314.747,315.338,265769.989
18.05.2020 18:00:00.000,315.387,315.728,314.457,314.917,300702.5146
18.05.2020 19:00:00.000,314.907,316.358,314.018,314.597,352952.5146
19.05.2020 13:00:00.000,314.958,317.587,314.747,317.467,221925.0031
19.05.2020 14:00:00.000,317.467,318.508,316.607,317.807,381977.5085
19.05.2020 15:00:00.000,317.767,317.948,316.627,317.267,360054.9927
19.05.2020 16:00:00.000,317.267,317.628,316.267,317.508,292679.9927
19.05.2020 17:00:00.000,317.518,317.838,317.097,317.217,217957.5043
19.05.2020 18:00:00.000,317.218,317.558,314.537,314.818,259454.9866
19.05.2020 19:00:00.000,314.848,316.927,312.997,312.998,466047.4854
20.05.2020 13:00:00.000,316.858,318.978,316.187,318.838,200384.9945
20.05.2020 14:00:00.000,318.837,319.047,317.507,318.467,360597.5037
20.05.2020 15:00:00.000,318.467,319.508,318.297,319.238,259045.0134
20.05.2020 16:00:00.000,319.248,319.448,317.108,318.597,308007.5073
20.05.2020 17:00:00.000,318.597,318.847,317.417,318.087,311570.0073
20.05.2020 18:00:00.000,318.087,318.938,317.307,318.788,344397.4915
20.05.2020 19:00:00.000,318.788,319.287,317.997,319.128,330057.4951
21.05.2020 13:00:00.000,318.607,320.858,318.518,319.688,190854.9957
21.05.2020 14:00:00.000,319.647,320.008,317.007,318.307,483122.4976
21.05.2020 15:00:00.000,318.307,318.307,315.857,317.077,390967.4988
21.05.2020 16:00:00.000,317.098,317.847,316.607,317.617,356242.4927
21.05.2020 17:00:00.000,317.628,318.697,317.238,318.357,402899.9939
21.05.2020 18:00:00.000,318.357,319.057,317.037,317.778,318545.0134
21.05.2020 19:00:00.000,317.787,318.597,316.537,316.798,378732.5134
22.05.2020 13:00:00.000,315.947,317.898,315.348,317.718,152198.0438
22.05.2020 14:00:00.000,317.748,317.918,316.508,316.698,246864.6851
22.05.2020 15:00:00.000,316.668,317.677,316.497,317.377,189093.9484
22.05.2020 16:00:00.000,317.398,317.988,316.908,317.438,138022.5525
22.05.2020 17:00:00.000,317.438,318.418,317.378,317.808,144043.0145
22.05.2020 18:00:00.000,317.828,318.588,317.718,318.188,125998.8556
22.05.2020 19:00:00.000,318.188,319.168,317.238,318.688,181065.8875
26.05.2020 13:00:00.000,323.578,324.168,319.697,319.898,98089.9811
26.05.2020 14:00:00.000,319.898,321.808,319.828,320.928,177846.6644
26.05.2020 15:00:00.000,320.928,321.418,316.677,318.848,190547.3633
26.05.2020 16:00:00.000,318.847,320.517,318.497,320.018,137673.111
26.05.2020 17:00:00.000,320.037,321.338,319.257,320.108,124402.0538
26.05.2020 18:00:00.000,320.117,320.248,318.497,319.268,128172.3175
26.05.2020 19:00:00.000,319.237,319.427,316.487,316.748,187427.7954
27.05.2020 13:00:00.000,316.398,318.668,315.148,315.947,98150.0854
27.05.2020 14:00:00.000,315.968,318.058,313.087,314.718,239893.2648
27.05.2020 15:00:00.000,314.708,315.938,313.358,314.818,224811.4319
27.05.2020 16:00:00.000,314.827,315.808,313.897,315.288,163845.8405
27.05.2020 17:00:00.000,315.298,315.698,314.437,315.267,182394.5465
27.05.2020 18:00:00.000,315.268,316.998,315.267,316.988,158840.0879
27.05.2020 19:00:00.000,317.007,318.368,316.328,318.058,166930.8624
28.05.2020 13:00:00.000,316.338,320.428,315.618,319.377,118497.963
28.05.2020 14:00:00.000,319.378,320.788,318.408,320.427,219773.5748
28.05.2020 15:00:00.000,320.437,321.678,319.657,321.597,190522.3846
28.05.2020 16:00:00.000,321.598,322.988,321.267,322.418,147969.5587
28.05.2020 17:00:00.000,322.417,323.328,322.227,322.487,138428.9703
28.05.2020 18:00:00.000,322.488,322.848,321.728,322.298,161110.3058
28.05.2020 19:00:00.000,322.318,323.427,317.567,318.158,237684.6313
29.05.2020 13:00:00.000,319.238,319.958,317.997,318.297,105246.8796
29.05.2020 14:00:00.000,318.298,318.758,316.478,318.028,253105.0415
29.05.2020 15:00:00.000,318.027,319.148,316.957,319.038,221813.446
29.05.2020 16:00:00.000,319.047,319.528,317.028,319.058,193671.7834
29.05.2020 17:00:00.000,319.058,319.567,318.247,318.828,169911.1023
29.05.2020 18:00:00.000,318.827,320.238,316.538,319.737,198093.2922
29.05.2020 19:00:00.000,319.768,321.128,318.348,318.997,229294.4489
01.06.2020 13:00:00.000,317.778,320.467,317.277,320.128,82055.4352
01.06.2020 14:00:00.000,320.138,321.688,319.807,320.717,218031.0059
01.06.2020 15:00:00.000,320.718,320.848,319.697,320.667,328614.9902
01.06.2020 16:00:00.000,320.658,321.187,320.247,320.888,231152.4963
01.06.2020 17:00:00.000,320.907,322.338,320.887,321.948,210492.4927
01.06.2020 18:00:00.000,321.947,322.248,321.377,322.248,213897.5067
01.06.2020 19:00:00.000,322.257,322.338,321.308,321.757,267847.5037
02.06.2020 13:00:00.000,320.928,322.428,320.618,320.987,122584.9991
02.06.2020 14:00:00.000,320.987,322.288,320.167,320.468,316347.5037
02.06.2020 15:00:00.000,320.468,320.508,318.897,319.707,334089.9963
02.06.2020 16:00:00.000,319.708,321.088,319.607,321.048,237000
02.06.2020 17:00:00.000,321.038,322.137,320.957,321.727,191672.5006
02.06.2020 18:00:00.000,321.727,322.278,321.257,321.978,212957.5043
02.06.2020 19:00:00.000,321.977,323.398,321.267,323.358,280227.5085
03.06.2020 13:00:00.000,324.847,324.937,322.497,324.387,137747.4976
03.06.2020 14:00:00.000,324.447,324.807,323.048,323.908,276200.0122
03.06.2020 15:00:00.000,323.905,324.538,323.317,323.647,265332.489
03.06.2020 16:00:00.000,323.637,323.918,322.297,323.298,213307.4951
03.06.2020 17:00:00.000,323.297,324.397,323.147,323.967,219902.4963
03.06.2020 18:00:00.000,323.968,324.978,323.847,324.518,221167.4957
03.06.2020 19:00:00.000,324.538,325.988,324.268,324.957,188483.3221
04.06.2020 13:00:00.000,324.568,325.597,324.178,324.667,68924.7513
04.06.2020 14:00:00.000,324.678,325.598,324.437,324.668,159430.9998
04.06.2020 15:00:00.000,324.667,324.778,322.828,324.097,179381.9885
04.06.2020 16:00:00.000,324.077,324.347,322.447,322.468,133209.2285
04.06.2020 17:00:00.000,322.478,323.908,322.427,323.628,99267.0898
04.06.2020 18:00:00.000,323.627,323.828,320.848,320.848,131328.598
04.06.2020 19:00:00.000,320.848,322.318,320.767,322.282,288469.0247
05.06.2020 13:00:00.000,323.448,327.978,323.448,326.757,194527.4963
05.06.2020 14:00:00.000,326.757,327.988,325.697,327.927,371307.4951
05.06.2020 15:00:00.000,327.927,329.777,327.607,329.577,289035.0037
05.06.2020 16:00:00.000,329.587,329.988,328.997,329.927,245607.4982
05.06.2020 17:00:00.000,329.917,331.108,329.438,330.297,227412.5061
05.06.2020 18:00:00.000,330.297,330.678,329.328,330.228,235104.9957
05.06.2020 19:00:00.000,330.228,331.728,329.797,331.587,274250
08.06.2020 13:00:00.000,330.058,331.328,328.797,329.068,87372.4976
08.06.2020 14:00:00.000,329.097,330.128,327.318,329.998,262190.0024
08.06.2020 15:00:00.000,330.018,330.928,329.657,330.478,200529.9988
08.06.2020 16:00:00.000,330.497,330.688,329.817,330.497,184137.4969
08.06.2020 17:00:00.000,330.498,332.418,329.947,332.407,154182.4951
08.06.2020 18:00:00.000,332.408,333.048,331.928,332.788,155232.4982
08.06.2020 19:00:00.000,332.788,333.547,332.138,333.542,201244.9951
09.06.2020 13:00:00.000,332.008,337.068,332.008,335.948,129252.5024
09.06.2020 14:00:00.000,335.977,339.608,335.498,339.488,278407.5012
09.06.2020 15:00:00.000,339.468,342.208,339.367,341.118,252977.4933
09.06.2020 16:00:00.000,341.127,344.828,341.077,344.367,195747.4976
09.06.2020 17:00:00.000,344.348,345.398,343.637,345.218,154684.9976
09.06.2020 18:00:00.000,345.217,345.577,342.678,343.827,177740.0055
09.06.2020 19:00:00.000,343.828,345.068,343.598,343.797,209710.0067
10.06.2020 13:00:00.000,348.007,351.227,346.088,350.538,141772.5067
10.06.2020 14:00:00.000,350.528,351.468,348.608,349.818,290977.5085
10.06.2020 15:00:00.000,349.808,352.817,349.387,351.987,262897.4915
10.06.2020 16:00:00.000,351.988,352.328,350.428,351.718,211867.4927
10.06.2020 17:00:00.000,351.708,352.328,351.247,351.577,212130.0049
10.06.2020 18:00:00.000,351.547,354.718,350.248,352.488,276742.4927
10.06.2020 19:00:00.000,352.508,354.618,351.377,352.438,342964.9963
11.06.2020 13:00:00.000,349.257,350.908,346.597,349.048,137610.0006
11.06.2020 14:00:00.000,349.007,351.028,347.387,347.758,354049.9878
11.06.2020 15:00:00.000,347.758,350.018,346.928,348.248,344904.9988
11.06.2020 16:00:00.000,348.248,348.298,339.468,340.358,335212.4939
11.06.2020 17:00:00.000,340.308,344.668,339.818,342.758,334535.0037
11.06.2020 18:00:00.000,342.737,342.768,338.218,339.148,346375
11.06.2020 19:00:00.000,339.148,340.138,335.558,335.837,370277.4963
12.06.2020 13:00:00.000,344.697,347.768,343.197,346.487,154752.5024
12.06.2020 14:00:00.000,346.498,347.167,337.157,337.228,344079.9866
12.06.2020 15:00:00.000,337.228,342.348,335.158,342.238,296679.9927
12.06.2020 16:00:00.000,342.238,343.418,338.807,340.757,246262.4969
12.06.2020 17:00:00.000,340.785,340.898,334.197,334.707,260332.489
12.06.2020 18:00:00.000,334.707,339.268,334.298,339.057,229842.4988
12.06.2020 19:00:00.000,339.068,340.237,336.197,338.688,355397.4915
15.06.2020 13:00:00.000,333.138,336.728,332.567,336.067,116029.9988
15.06.2020 14:00:00.000,336.077,337.618,334.398,335.568,356519.989
15.06.2020 15:00:00.000,335.568,337.888,335.417,337.568,374342.4988
15.06.2020 16:00:00.000,337.568,340.268,337.338,339.798,279867.4927
15.06.2020 17:00:00.000,339.807,341.058,338.978,340.898,237884.9945
15.06.2020 18:00:00.000,340.898,344.788,340.887,344.118,347407.5012
15.06.2020 19:00:00.000,344.118,344.758,341.167,342.688,336712.4939
16.06.2020 13:00:00.000,351.168,352.998,349.048,351.728,158225.0061
16.06.2020 14:00:00.000,351.808,352.508,346.108,346.528,325092.4988
16.06.2020 15:00:00.000,346.238,351.548,344.678,350.358,259725.0061
16.06.2020 16:00:00.000,350.358,351.948,349.108,351.068,317477.5085
16.06.2020 17:00:00.000,351.038,351.988,350.707,351.448,294404.9988
16.06.2020 18:00:00.000,351.458,353.178,350.797,351.317,261589.9963
16.06.2020 19:00:00.000,351.318,352.208,349.147,352.148,318872.4976
17.06.2020 13:00:00.000,354.957,355.278,352.808,353.858,128832.5043
17.06.2020 14:00:00.000,353.858,354.657,352.298,354.358,280440.0024
17.06.2020 15:00:00.000,354.358,354.538,352.947,354.458,284820.0073
17.06.2020 16:00:00.000,354.448,355.098,354.197,354.817,237037.5061
17.06.2020 17:00:00.000,354.817,355.228,354.467,354.478,200789.9933
17.06.2020 18:00:00.000,354.468,355.047,353.947,354.038,225884.9945
17.06.2020 19:00:00.000,354.028,354.128,351.368,351.508,320217.4988
18.06.2020 13:00:00.000,351.508,352.988,350.847,351.277,133107.4982
18.06.2020 14:00:00.000,351.278,352.768,350.318,352.478,280747.4976
18.06.2020 15:00:00.000,352.457,353.428,351.817,351.988,233554.9927
18.06.2020 16:00:00.000,351.988,352.418,351.337,351.598,216199.9969
18.06.2020 17:00:00.000,351.598,352.298,351.287,351.918,203697.4945
18.06.2020 18:00:00.000,351.908,351.968,349.778,349.838,237750
18.06.2020 19:00:00.000,349.847,352.058,349.207,351.658,259619.9951
19.06.2020 13:00:00.000,355.318,356.518,354.737,355.008,137137.4969
19.06.2020 14:00:00.000,354.968,355.768,353.257,354.078,270077.5146
19.06.2020 15:00:00.000,354.088,355.048,352.958,353.207,223925.0031
19.06.2020 16:00:00.000,353.218,353.328,348.117,350.947,266625
19.06.2020 17:00:00.000,350.948,350.987,347.147,347.178,247497.4976
19.06.2020 18:00:00.000,347.178,347.968,345.148,347.368,312722.5037
19.06.2020 19:00:00.000,347.368,350.298,346.138,349.637,318024.9939
22.06.2020 13:00:00.000,351.207,355.098,351.207,354.978,129104.9957
22.06.2020 14:00:00.000,354.987,356.197,354.497,354.497,262265.0146
22.06.2020 15:00:00.000,354.508,356.328,353.857,355.998,217395.0043
22.06.2020 16:00:00.000,355.998,357.388,355.998,357.087,206227.4933
22.06.2020 17:00:00.000,357.088,357.658,356.567,356.948,188895.0043
22.06.2020 18:00:00.000,356.938,359.068,356.428,359.038,233957.5043
22.06.2020 19:00:00.000,359.038,359.368,357.227,358.868,285907.5012
23.06.2020 13:00:00.000,363.788,365.238,362.267,365.057,122872.4976
23.06.2020 14:00:00.000,365.057,366.598,364.307,365.567,280899.9939
23.06.2020 15:00:00.000,365.568,368.348,364.917,368.337,222369.9951
23.06.2020 16:00:00.000,368.347,369.988,368.107,369.617,232645.0043
23.06.2020 17:00:00.000,369.617,372.298,369.447,371.097,221867.4927
23.06.2020 18:00:00.000,371.107,371.237,368.917,368.938,201740.0055
23.06.2020 19:00:00.000,368.937,369.427,366.028,366.777,258767.4866
24.06.2020 13:00:00.000,364.988,368.718,363.127,363.468,115355.0034
24.06.2020 14:00:00.000,363.467,365.468,362.287,362.937,286045.0134
24.06.2020 15:00:00.000,362.938,364.048,358.507,359.898,278779.9988
24.06.2020 16:00:00.000,359.918,363.188,359.267,362.888,250524.9939
24.06.2020 17:00:00.000,362.867,363.798,360.128,361.047,293477.5085
24.06.2020 18:00:00.000,361.048,362.058,359.258,359.808,231502.5024
24.06.2020 19:00:00.000,359.808,362.348,359.478,360.168,303042.511
25.06.2020 13:00:00.000,360.738,363.357,357.567,359.628,105282.5012
25.06.2020 14:00:00.000,359.628,362.847,359.417,361.508,327910.0037
25.06.2020 15:00:00.000,361.508,361.947,359.567,361.328,311412.5061
25.06.2020 16:00:00.000,361.337,363.998,361.337,362.437,253089.9963
25.06.2020 17:00:00.000,362.438,362.918,361.238,361.928,227232.4982
25.06.2020 18:00:00.000,361.927,362.018,359.988,361.037,243287.5061
25.06.2020 19:00:00.000,361.028,364.988,360.648,364.777,325959.9915
26.06.2020 13:00:00.000,364.377,365.017,361.488,362.327,120212.5015
26.06.2020 14:00:00.000,362.297,362.297,355.047,357.368,279007.5073
26.06.2020 15:00:00.000,357.367,361.368,357.178,360.868,335570.0073
26.06.2020 16:00:00.000,360.877,360.958,356.848,358.938,307917.511
26.06.2020 17:00:00.000,358.937,360.177,356.998,356.998,272992.4927
26.06.2020 18:00:00.000,356.998,358.037,355.507,356.258,303434.9976
26.06.2020 19:00:00.000,356.237,357.837,353.008,353.918,360970.0012
29.06.2020 13:00:00.000,353.418,356.398,351.268,355.067,73027.4963
29.06.2020 14:00:00.000,355.048,358.907,354.658,358.137,253815.0024
29.06.2020 15:00:00.000,358.158,360.928,356.887,359.998,306399.9939
29.06.2020 16:00:00.000,360.018,362.158,359.778,361.357,234512.4969
29.06.2020 17:00:00.000,361.368,361.768,359.878,360.758,160285.0037
29.06.2020 18:00:00.000,360.788,361.418,358.947,359.417,162577.4994
29.06.2020 19:00:00.000,359.427,361.788,358.507,361.788,274070.0073
30.06.2020 13:00:00.000,360.068,364.128,359.998,363.828,114097.5037
30.06.2020 14:00:00.000,363.827,365.518,363.537,365.268,312542.511
30.06.2020 15:00:00.000,365.277,365.867,364.197,365.348,229505.0049
30.06.2020 16:00:00.000,365.348,365.558,363.247,363.378,186274.9939
30.06.2020 17:00:00.000,363.398,363.658,361.697,363.007,195744.9951
30.06.2020 18:00:00.000,363.018,363.568,361.128,363.498,189539.9933
30.06.2020 19:00:00.000,363.507,365.937,362.247,364.468,223192.5049
01.07.2020 13:00:00.000,365.088,367.337,364.587,365.928,141572.4945
01.07.2020 14:00:00.000,365.947,366.958,365.508,366.777,287182.4951
01.07.2020 15:00:00.000,366.778,367.188,366.118,366.238,262369.9951
01.07.2020 16:00:00.000,366.247,367.338,365.867,366.617,199919.9982
01.07.2020 17:00:00.000,366.618,366.728,365.517,366.398,193527.4963
01.07.2020 18:00:00.000,366.407,366.838,363.908,365.088,211427.5055
01.07.2020 19:00:00.000,365.098,365.648,363.987,363.988,244282.5012
02.07.2020 13:00:00.000,367.867,370.447,367.338,369.928,162167.4957
02.07.2020 14:00:00.000,369.938,370.057,365.688,367.238,286709.9915
02.07.2020 15:00:00.000,367.208,367.478,365.798,367.398,284049.9878
02.07.2020 16:00:00.000,367.398,368.038,366.677,367.558,241139.9994
02.07.2020 17:00:00.000,367.558,367.568,366.267,366.427,183285.0037
02.07.2020 18:00:00.000,366.428,367.297,366.137,367.087,203547.5006
02.07.2020 19:00:00.000,367.087,367.248,363.768,364.108,261040.0085
06.07.2020 13:00:00.000,369.927,373.458,369.857,373.158,148485.0006
06.07.2020 14:00:00.000,373.158,374.978,371.897,374.957,327092.4988
06.07.2020 15:00:00.000,374.968,375.748,374.217,374.367,265882.5073
06.07.2020 16:00:00.000,374.377,374.778,373.297,374.097,202040.329
06.07.2020 17:00:00.000,374.107,374.188,373.227,373.438,191947.4945
06.07.2020 18:00:00.000,373.437,373.488,371.947,373.037,246595.0012
06.07.2020 19:00:00.000,373.038,374.348,371.997,373.807,287172.4854
07.07.2020 13:00:00.000,375.498,376.868,373.998,375.798,157362.5031
07.07.2020 14:00:00.000,375.808,378.597,375.227,378.057,340799.9878
07.07.2020 15:00:00.000,378.077,378.488,377.217,377.627,266112.4878
07.07.2020 16:00:00.000,377.628,377.827,375.417,376.577,224257.5073
07.07.2020 17:00:00.000,376.567,376.818,375.178,375.788,279167.511
07.07.2020 18:00:00.000,375.787,375.997,374.847,375.438,312112.4878
07.07.2020 19:00:00.000,375.447,375.728,372.237,372.877,343079.9866
08.07.2020 13:00:00.000,376.678,380.828,376.408,380.078,120897.4991
08.07.2020 14:00:00.000,380.087,380.617,378.048,380.408,253460.0067
08.07.2020 15:00:00.000,380.407,380.558,376.638,379.728,221487.5031
08.07.2020 16:00:00.000,379.778,380.348,378.678,380.258,196494.9951
08.07.2020 17:00:00.000,380.258,380.337,377.867,378.608,192532.5012
08.07.2020 18:00:00.000,378.627,380.108,378.097,380.008,200467.4988
08.07.2020 19:00:00.000,380.008,381.428,379.497,381.298,268244.9951
09.07.2020 13:00:00.000,384.998,385.098,382.288,384.188,129360.0006
09.07.2020 14:00:00.000,384.188,384.768,379.638,379.658,241809.9976
09.07.2020 15:00:00.000,379.618,381.668,378.657,381.318,173669.9982
09.07.2020 16:00:00.000,381.318,383.197,380.997,382.878,261975.0061
09.07.2020 17:00:00.000,382.878,383.478,381.137,381.448,232692.5049
09.07.2020 18:00:00.000,381.448,383.028,381.137,382.728,233815.0024
09.07.2020 19:00:00.000,382.727,383.948,379.997,382.887,292842.4988
10.07.2020 13:00:00.000,382.455,383.117,379.447,379.917,109589.9963
10.07.2020 14:00:00.000,379.847,382.018,378.817,381.267,343862.4878
10.07.2020 15:00:00.000,381.248,382.508,380.467,382.018,250482.4982
10.07.2020 16:00:00.000,382.017,382.208,380.407,380.858,219652.4963
10.07.2020 17:00:00.000,380.858,381.958,380.648,381.387,176785.0037
10.07.2020 18:00:00.000,381.398,383.358,381.097,383.317,180184.9976
10.07.2020 19:00:00.000,383.328,383.868,382.727,383.568,236277.4963
13.07.2020 13:00:00.000,389.118,394.728,388.367,393.667,110277.4963
13.07.2020 14:00:00.000,393.718,399.448,393.567,397.147,256682.4951
13.07.2020 15:00:00.000,397.148,399.788,396.778,397.637,228617.4927
13.07.2020 16:00:00.000,397.638,398.457,395.027,395.138,243222.5037
13.07.2020 17:00:00.000,395.187,396.637,393.337,393.498,238634.9945
13.07.2020 18:00:00.000,393.497,393.848,386.558,391.158,242862.5031
13.07.2020 19:00:00.000,391.158,391.287,381.027,381.828,281089.9963
14.07.2020 13:00:00.000,378.958,386.398,378.278,381.467,68860.0006
14.07.2020 14:00:00.000,381.458,381.687,375.498,379.317,162897.5067
14.07.2020 15:00:00.000,379.328,384.287,378.027,382.078,245895.0043
14.07.2020 16:00:00.000,382.108,384.058,381.087,381.387,347697.5098
14.07.2020 17:00:00.000,381.388,384.777,380.008,383.047,314640.0146
14.07.2020 18:00:00.000,383.027,387.447,382.558,386.507,313890.0146
14.07.2020 19:00:00.000,386.558,388.988,382.868,388.527,365442.5049
15.07.2020 13:00:00.000,395.928,396.947,392.457,394.347,70802.4979
15.07.2020 14:00:00.000,394.478,395.608,390.237,390.848,194442.5049
15.07.2020 15:00:00.000,390.878,391.127,386.797,386.858,142414.9933
15.07.2020 16:00:00.000,386.858,390.098,385.947,389.807,181657.6233
15.07.2020 17:00:00.000,389.808,391.298,388.538,389.518,140229.95
15.07.2020 18:00:00.000,389.517,391.767,388.657,388.867,160061.0199
15.07.2020 19:00:00.000,388.867,391.448,387.898,390.978,171891.8915
16.07.2020 13:00:00.000,386.348,389.578,386.338,387.018,61274.3378
16.07.2020 14:00:00.000,387.048,387.638,384.638,385.588,146124.939
16.07.2020 15:00:00.000,385.658,385.868,383.608,384.957,137985.9467
16.07.2020 16:00:00.000,384.958,385.227,383.738,383.878,144118.5455
16.07.2020 17:00:00.000,383.878,386.148,383.777,384.738,138638.504
16.07.2020 18:00:00.000,384.728,386.968,384.568,384.938,124976.7303
16.07.2020 19:00:00.000,384.958,387.377,384.768,386.047,155618.1641
17.07.2020 13:00:00.000,388.058,388.087,384.878,386.358,59198.2384
17.07.2020 14:00:00.000,386.318,386.548,383.337,385.568,222255.0049
17.07.2020 15:00:00.000,385.567,386.748,384.907,386.718,258765.0146
17.07.2020 16:00:00.000,386.717,387.458,385.607,385.947,214272.5067
17.07.2020 17:00:00.000,385.938,386.368,384.997,385.158,204279.9988
17.07.2020 18:00:00.000,385.168,386.478,385.147,385.687,222610.0006
17.07.2020 19:00:00.000,385.687,386.678,385.157,385.278,240285.0037
20.07.2020 13:00:00.000,385.668,386.128,384.218,385.407,99277.4963
20.07.2020 14:00:00.000,385.408,388.388,384.778,387.818,309162.5061
20.07.2020 15:00:00.000,387.817,390.558,387.748,389.788,262757.5073
20.07.2020 16:00:00.000,389.798,390.248,388.707,389.898,213815.0024
20.07.2020 17:00:00.000,389.898,390.818,389.447,390.297,193919.9982
20.07.2020 18:00:00.000,390.298,391.018,390.217,390.967,185619.9951
20.07.2020 19:00:00.000,390.958,393.908,390.957,393.387,246692.5049
21.07.2020 13:00:00.000,396.448,396.448,392.428,394.428,98792.5034
21.07.2020 14:00:00.000,394.428,394.648,391.317,392.278,250585.0067
21.07.2020 15:00:00.000,392.277,392.568,389.507,390.277,211327.4994
21.07.2020 16:00:00.000,390.238,390.820,389.247,390.277,254417.4957
21.07.2020 17:00:00.000,390.278,392.077,389.107,391.618,239652.4963
21.07.2020 18:00:00.000,391.618,392.808,391.127,391.527,236962.4939
21.07.2020 19:00:00.000,391.537,391.657,387.038,388.157,279782.0129
22.07.2020 13:00:00.000,387.908,391.198,386.977,390.628,79050.7355
22.07.2020 14:00:00.000,390.687,391.868,387.568,388.398,209136.9934
22.07.2020 15:00:00.000,388.397,389.348,387.047,388.387,267122.406
22.07.2020 16:00:00.000,388.388,389.048,387.347,387.987,268882.5073
22.07.2020 17:00:00.000,387.977,388.448,386.397,386.587,265522.4915
22.07.2020 18:00:00.000,386.617,387.987,386.527,387.158,282652.4963
22.07.2020 19:00:00.000,387.177,389.627,387.148,389.097,325785.0037
23.07.2020 13:00:00.000,388.118,388.118,385.877,386.697,122805.0003
23.07.2020 14:00:00.000,386.698,387.128,382.877,383.078,184917.4957
23.07.2020 15:00:00.000,383.118,384.067,382.337,382.807,233277.4963
23.07.2020 16:00:00.000,382.827,382.827,376.658,378.378,197462.4939
23.07.2020 17:00:00.000,378.367,379.828,373.208,373.907,122812.5
23.07.2020 18:00:00.000,373.658,374.047,368.367,372.457,111735.0006
23.07.2020 19:00:00.000,372.458,372.697,367.998,371.447,227345.0012
24.07.2020 13:00:00.000,362.498,365.028,357.357,362.238,102135.0021
24.07.2020 14:00:00.000,362.248,368.437,362.157,368.357,373255.0049
24.07.2020 15:00:00.000,368.358,371.588,366.927,369.167,350375
24.07.2020 16:00:00.000,369.167,369.647,367.197,367.787,317644.989
24.07.2020 17:00:00.000,367.787,370.448,365.567,369.667,330697.5098
24.07.2020 18:00:00.000,369.688,371.408,368.557,369.838,313774.9939
24.07.2020 19:00:00.000,369.838,371.868,368.998,370.698,414765.0146
27.07.2020 13:00:00.000,375.457,379.467,373.927,377.688,168460.0067
27.07.2020 14:00:00.000,377.717,378.998,375.867,377.287,338174.9878
27.07.2020 15:00:00.000,377.218,377.808,373.907,375.588,269089.9963
27.07.2020 16:00:00.000,375.628,376.978,374.997,376.937,229475.0061
27.07.2020 17:00:00.000,376.947,378.398,376.557,378.167,195472.5037
27.07.2020 18:00:00.000,378.168,378.967,377.158,377.248,254279.9988
27.07.2020 19:00:00.000,377.247,379.587,377.197,379.277,315727.5085
28.07.2020 13:00:00.000,377.108,378.128,373.917,374.898,104042.5034
28.07.2020 14:00:00.000,374.857,376.158,373.927,375.977,251740.0055
28.07.2020 15:00:00.000,375.977,376.708,374.697,374.857,212440.0024
28.07.2020 16:00:00.000,374.857,375.728,374.167,375.728,180434.9976
28.07.2020 17:00:00.000,375.728,377.478,375.098,377.298,159264.9994
28.07.2020 18:00:00.000,377.307,377.338,375.637,376.087,219214.9963
28.07.2020 19:00:00.000,376.127,376.237,373.087,373.168,286012.5122
29.07.2020 13:00:00.000,375.347,377.628,375.248,377.018,129054.9927
29.07.2020 14:00:00.000,377.017,379.237,376.977,378.377,242932.4951
29.07.2020 15:00:00.000,378.377,378.608,377.397,378.197,161550.0031
29.07.2020 16:00:00.000,378.197,378.198,376.347,377.338,153804.9927
29.07.2020 17:00:00.000,377.348,377.678,376.347,376.398,151452.4994
29.07.2020 18:00:00.000,376.728,380.538,376.167,378.988,147485.0006
29.07.2020 19:00:00.000,378.988,380.887,377.758,380.197,231339.9963
30.07.2020 13:00:00.000,376.747,380.118,375.247,375.858,82019.9966
30.07.2020 14:00:00.000,375.918,378.708,375.067,378.347,215392.5018
30.07.2020 15:00:00.000,378.348,381.427,378.007,380.758,191622.4976
30.07.2020 16:00:00.000,380.758,383.758,380.758,381.877,209369.9951
30.07.2020 17:00:00.000,381.848,383.008,380.878,382.808,185777.4963
30.07.2020 18:00:00.000,382.807,384.507,381.758,384.118,224312.5
30.07.2020 19:00:00.000,384.117,384.988,382.477,384.965,330607.5134
31.07.2020 13:00:00.000,411.588,411.588,403.347,410.428,202304.9927
31.07.2020 14:00:00.000,410.437,410.547,404.058,409.248,462447.5098
31.07.2020 15:00:00.000,409.227,412.197,408.677,410.347,408600.0061
31.07.2020 16:00:00.000,410.348,411.268,408.117,408.867,410024.9939
31.07.2020 17:00:00.000,408.877,412.628,408.627,411.937,367739.9902
31.07.2020 18:00:00.000,411.957,417.708,411.617,416.588,346172.4854
31.07.2020 19:00:00.000,416.618,425.608,416.407,425.138,500434.9976
03.08.2020 13:00:00.000,432.698,444.648,431.517,442.048,230277.4963
03.08.2020 14:00:00.000,442.048,446.458,436.267,438.168,400897.4915
03.08.2020 15:00:00.000,438.168,440.587,436.878,439.407,279722.5037
03.08.2020 16:00:00.000,439.357,439.598,435.378,436.678,254377.5024
03.08.2020 17:00:00.000,436.687,437.568,434.557,435.928,235095.0012
03.08.2020 18:00:00.000,435.927,439.597,435.687,438.587,261204.9866
03.08.2020 19:00:00.000,438.587,438.868,435.067,435.717,320070.0073
04.08.2020 13:00:00.000,436.307,439.238,433.507,438.047,140104.9957
04.08.2020 14:00:00.000,438.048,443.118,437.778,438.787,269947.5098
04.08.2020 15:00:00.000,438.788,440.267,437.487,439.947,194817.5049
04.08.2020 16:00:00.000,439.958,440.468,438.077,438.827,179987.5031
04.08.2020 17:00:00.000,438.828,440.668,438.497,440.288,174312.5
04.08.2020 18:00:00.000,440.317,440.498,435.917,437.438,193455.0018
04.08.2020 19:00:00.000,437.437,438.848,436.457,438.658,231764.9994
05.08.2020 13:00:00.000,437.587,441.518,435.548,440.247,207475.0061
05.08.2020 14:00:00.000,440.297,440.937,436.927,436.928,346420.0134
05.08.2020 15:00:00.000,436.937,438.947,436.927,437.697,307684.9976
05.08.2020 16:00:00.000,437.697,438.417,436.057,436.847,262937.5
05.08.2020 17:00:00.000,436.848,437.878,436.808,437.097,225929.9927
05.08.2020 18:00:00.000,437.097,439.637,436.597,439.307,226952.4994
05.08.2020 19:00:00.000,439.338,440.457,437.757,440.218,291067.5049
06.08.2020 13:00:00.000,441.758,444.838,440.447,444.198,140404.9988
06.08.2020 14:00:00.000,444.197,445.768,442.397,444.268,218252.5024
06.08.2020 15:00:00.000,444.267,446.957,444.217,446.148,171882.5073
06.08.2020 16:00:00.000,446.147,449.678,446.067,449.427,171925.0031
06.08.2020 17:00:00.000,449.427,451.878,447.477,451.707,160690.0024
06.08.2020 18:00:00.000,451.708,455.967,450.318,455.637,211369.9951
06.08.2020 19:00:00.000,455.698,457.607,453.797,455.187,288932.4951
07.08.2020 13:00:00.000,452.768,453.838,449.087,452.457,239625
07.08.2020 14:00:00.000,452.498,453.338,448.107,452.918,377565.0024
07.08.2020 15:00:00.000,452.928,453.318,448.697,448.837,367320.0073
07.08.2020 16:00:00.000,448.838,450.448,445.687,446.277,369052.4902
07.08.2020 17:00:00.000,446.267,447.018,442.897,444.148,389987.4878
07.08.2020 18:00:00.000,444.147,445.738,441.147,444.538,403179.9927
07.08.2020 19:00:00.000,444.537,446.718,443.847,444.408,439992.4927
10.08.2020 13:00:00.000,450.068,455.058,447.858,449.637,252362.5031
10.08.2020 14:00:00.000,449.707,450.678,441.177,441.238,470377.5024
10.08.2020 15:00:00.000,441.237,449.058,439.997,448.157,460187.5
10.08.2020 16:00:00.000,448.257,451.797,447.207,450.698,415692.5049
10.08.2020 17:00:00.000,450.718,451.867,449.147,449.907,364839.9963
10.08.2020 18:00:00.000,449.897,452.768,449.627,452.507,379980.011
10.08.2020 19:00:00.000,452.507,452.918,449.637,450.828,381929.9927
11.08.2020 13:00:00.000,447.787,449.798,444.748,447.387,149392.5018
11.08.2020 14:00:00.000,447.418,447.768,444.247,445.377,355607.5134
11.08.2020 15:00:00.000,445.397,448.678,444.367,445.527,301402.4963
11.08.2020 16:00:00.000,445.548,447.438,444.927,445.868,277517.4866
11.08.2020 17:00:00.000,445.878,446.967,445.157,446.028,259912.5061
11.08.2020 18:00:00.000,446.028,446.188,442.297,443.317,326312.5
11.08.2020 19:00:00.000,443.317,443.638,436.398,437.718,462392.4866
12.08.2020 13:00:00.000,441.707,445.548,441.177,445.237,184014.9994
12.08.2020 14:00:00.000,445.227,447.358,443.577,447.027,330494.9951
12.08.2020 15:00:00.000,447.047,449.978,446.347,449.498,317214.9963
12.08.2020 16:00:00.000,449.507,453.087,449.387,450.787,280997.4976
12.08.2020 17:00:00.000,450.787,452.827,449.097,452.777,267649.9939
12.08.2020 18:00:00.000,452.767,453.068,450.657,451.247,270440.0024
12.08.2020 19:00:00.000,451.247,452.408,450.147,451.527,312964.9963
13.08.2020 13:00:00.000,457.727,460.358,456.037,457.858,182789.9933
13.08.2020 14:00:00.000,457.857,461.177,455.697,460.187,317662.5061
13.08.2020 15:00:00.000,460.187,462.288,459.528,461.047,265394.989
13.08.2020 16:00:00.000,461.048,463.788,461.038,463.727,222907.5012
13.08.2020 17:00:00.000,463.728,464.098,459.607,461.398,252737.5031
13.08.2020 18:00:00.000,461.387,461.637,456.767,457.847,314570.0073
13.08.2020 19:00:00.000,457.847,461.247,457.257,459.797,330407.5012
14.08.2020 13:00:00.000,458.808,459.437,453.707,455.417,164652.4963
14.08.2020 14:00:00.000,455.397,456.168,452.887,453.188,264720.0012
14.08.2020 15:00:00.000,453.178,456.168,452.167,455.728,223947.4945
14.08.2020 16:00:00.000,455.747,459.438,455.497,458.307,204619.9951
14.08.2020 17:00:00.000,458.287,459.287,457.397,458.488,162320.0073
14.08.2020 18:00:00.000,458.548,458.698,456.557,457.127,162130.0049
14.08.2020 19:00:00.000,457.117,459.947,455.877,459.628,233539.9933
17.08.2020 13:00:00.000,463.998,464.217,460.678,461.847,166212.4939
17.08.2020 14:00:00.000,461.847,462.298,457.147,458.177,262932.4951
17.08.2020 15:00:00.000,458.147,458.838,455.847,457.298,214274.9939
17.08.2020 16:00:00.000,457.327,458.708,457.057,458.638,164812.5
17.08.2020 17:00:00.000,458.638,459.158,457.137,458.627,151472.5037
17.08.2020 18:00:00.000,458.627,460.768,458.397,460.237,156792.4957
17.08.2020 19:00:00.000,460.238,460.518,458.248,458.327,206847.5037
18.08.2020 13:00:00.000,457.358,461.917,456.747,458.487,127352.5009
18.08.2020 14:00:00.000,458.477,460.348,456.007,459.888,216447.4945
18.08.2020 15:00:00.000,459.888,460.758,459.157,460.437,175197.4945
18.08.2020 16:00:00.000,460.437,462.787,460.368,461.448,154782.5012
18.08.2020 17:00:00.000,461.447,463.467,460.798,462.548,138975.0061
18.08.2020 18:00:00.000,462.547,463.977,462.157,462.698,153317.5049
18.08.2020 19:00:00.000,462.707,462.807,461.587,462.068,209512.4969
19.08.2020 13:00:00.000,463.767,466.228,462.497,464.578,138312.5
19.08.2020 14:00:00.000,464.577,468.037,464.577,467.858,277807.4951
19.08.2020 15:00:00.000,467.857,468.608,466.527,467.987,234785.0037
19.08.2020 16:00:00.000,467.987,468.427,466.687,467.827,190842.4988
19.08.2020 17:00:00.000,467.827,468.078,466.448,467.047,173589.9963
19.08.2020 18:00:00.000,467.108,467.258,462.417,465.447,319467.4988
19.08.2020 19:00:00.000,465.447,465.808,462.437,462.617,337170.0134
20.08.2020 13:00:00.000,462.938,469.637,462.877,468.998,150839.9963
20.08.2020 14:00:00.000,469.018,469.718,467.177,468.607,256807.4951
20.08.2020 15:00:00.000,468.648,469.618,467.407,469.218,206467.4988
20.08.2020 16:00:00.000,469.217,470.437,468.347,468.537,158949.9969
20.08.2020 17:00:00.000,468.538,469.988,468.097,469.327,141369.9951
20.08.2020 18:00:00.000,469.367,470.647,468.858,470.568,150705.0018
20.08.2020 19:00:00.000,470.538,473.547,470.447,473.018,258019.989
21.08.2020 13:00:00.000,477.888,483.368,476.997,483.077,203362.5031
21.08.2020 14:00:00.000,483.018,492.878,481.517,492.427,426570.0073
21.08.2020 15:00:00.000,492.427,493.408,487.747,488.207,354567.5049
21.08.2020 16:00:00.000,488.217,492.617,487.897,492.387,281817.5049
21.08.2020 17:00:00.000,492.387,492.598,488.617,490.468,264592.4988
21.08.2020 18:00:00.000,490.458,496.248,490.358,496.038,283407.5012
21.08.2020 19:00:00.000,496.038,499.407,494.477,498.008,417410.0037
24.08.2020 13:00:00.000,514.798,514.998,502.198,507.218,184502.5024
24.08.2020 14:00:00.000,507.217,507.368,495.697,496.538,225567.5049
24.08.2020 15:00:00.000,496.538,508.527,495.717,508.038,199985.0006
24.08.2020 16:00:00.000,508.037,509.778,504.197,504.747,202517.5018
24.08.2020 17:00:00.000,504.687,507.897,503.037,505.897,160197.4945
24.08.2020 18:00:00.000,505.898,506.928,501.097,501.667,183507.5073
24.08.2020 19:00:00.000,501.668,504.455,498.588,503.497,278867.4927
25.08.2020 13:00:00.000,498.747,500.647,494.797,497.168,140244.9951
25.08.2020 14:00:00.000,497.167,497.288,492.287,495.398,371475.0061
25.08.2020 15:00:00.000,495.428,499.388,494.898,495.867,297825.0122
25.08.2020 16:00:00.000,495.877,496.637,493.928,495.308,268872.4976
25.08.2020 17:00:00.000,495.237,496.978,494.387,495.357,243712.4939
25.08.2020 18:00:00.000,495.347,496.778,494.797,496.468,180032.5012
25.08.2020 19:00:00.000,496.468,500.268,496.087,499.247,319292.511
26.08.2020 13:00:00.000,504.887,507.907,503.377,503.887,170669.9982
26.08.2020 14:00:00.000,503.887,504.178,500.337,502.178,266352.5085
26.08.2020 15:00:00.000,502.218,505.048,501.297,504.767,225692.5049
26.08.2020 16:00:00.000,504.787,507.277,503.107,504.628,252437.5
26.08.2020 17:00:00.000,504.627,505.598,503.367,505.167,177360.0006
26.08.2020 18:00:00.000,505.167,505.718,501.587,502.457,216164.9933
26.08.2020 19:00:00.000,502.458,506.208,501.837,506.037,267392.4866
27.08.2020 13:00:00.000,508.477,509.857,506.417,506.998,164652.4963
27.08.2020 14:00:00.000,507.037,507.298,502.797,504.758,352089.9963
27.08.2020 15:00:00.000,504.698,505.727,503.577,504.718,315230.011
27.08.2020 16:00:00.000,504.717,504.768,495.327,497.477,331997.4976
27.08.2020 17:00:00.000,497.477,501.698,496.097,501.508,297079.9866
27.08.2020 18:00:00.000,501.498,503.417,501.057,502.558,248339.9963
27.08.2020 19:00:00.000,502.557,503.148,499.987,500.047,316214.9963
28.08.2020 13:00:00.000,504.017,504.967,499.407,503.488,161827.4994
28.08.2020 14:00:00.000,503.488,503.498,500.228,500.347,306492.4927
28.08.2020 15:00:00.000,500.348,503.528,499.998,502.328,259987.4878
28.08.2020 16:00:00.000,502.328,502.658,500.498,501.387,218960.0067
28.08.2020 17:00:00.000,501.387,501.597,498.297,500.027,253487.5031
28.08.2020 18:00:00.000,500.028,502.677,499.657,500.757,186862.5031
28.08.2020 19:00:00.000,500.767,505.698,498.827,499.057,252345.0012
31.08.2020 13:00:00.000,127.527,128.418,126.337,128.027,229115.0055
31.08.2020 14:00:00.000,128.007,128.267,127.117,127.437,54485.0006
31.08.2020 15:00:00.000,129.387,130.017,127.697,128.908,194419.9982
31.08.2020 16:00:00.000,128.917,129.628,128.518,129.438,128309.9976
31.08.2020 17:00:00.000,129.438,130.978,129.397,130.677,230279.9988
31.08.2020 18:00:00.000,130.688,130.868,129.747,130.498,179997.4976
31.08.2020 19:00:00.000,130.508,130.578,128.737,128.737,239264.9994
01.09.2020 13:00:00.000,132.597,132.857,130.527,131.607,142948.9441
01.09.2020 14:00:00.000,131.597,132.148,130.767,131.758,190613.9069
01.09.2020 15:00:00.000,131.747,132.638,131.737,132.287,171532.7454
01.09.2020 16:00:00.000,132.298,133.898,132.217,133.697,108259.8724
01.09.2020 17:00:00.000,133.697,134.778,133.217,134.657,105049.5605
01.09.2020 18:00:00.000,134.657,134.677,133.657,133.948,113619.873
01.09.2020 19:00:00.000,133.948,134.508,133.547,134.148,144770.6299
02.09.2020 13:00:00.000,137.548,137.718,126.988,128.288,217591.6595
02.09.2020 14:00:00.000,128.357,132.498,128.237,130.838,313016.0217
02.09.2020 15:00:00.000,130.847,131.208,127.097,129.697,338532.5928
02.09.2020 16:00:00.000,129.678,131.258,129.407,130.417,262186.1267
02.09.2020 17:00:00.000,130.418,131.638,129.688,131.008,151115.097
02.09.2020 18:00:00.000,131.017,131.348,130.297,130.358,135277.6184
02.09.2020 19:00:00.000,130.368,131.778,130.368,131.158,206370.7581
03.09.2020 13:00:00.000,126.857,128.798,126.267,127.317,217870.4987
03.09.2020 14:00:00.000,127.288,127.758,123.207,124.957,443064.6057
03.09.2020 15:00:00.000,124.947,125.137,120.737,124.098,439004.1504
03.09.2020 16:00:00.000,124.107,124.367,122.068,122.678,364869.7815
03.09.2020 17:00:00.000,122.668,123.798,121.807,122.747,354829.0405
03.09.2020 18:00:00.000,122.747,123.368,121.767,121.768,315823.4558
03.09.2020 19:00:00.000,121.767,122.207,120.488,120.987,505399.0784
04.09.2020 13:00:00.000,120.008,123.657,113.697,116.428,298107.2388
04.09.2020 14:00:00.000,116.418,118.038,110.918,115.197,640571.0449
04.09.2020 15:00:00.000,115.177,118.468,113.337,118.457,540170.0439
04.09.2020 16:00:00.000,118.467,120.648,117.387,118.857,494175.3845
04.09.2020 17:00:00.000,118.847,118.888,116.327,118.558,419852.9663
04.09.2020 18:00:00.000,118.558,121.618,118.067,121.458,476867.218
04.09.2020 19:00:00.000,121.467,122.678,120.387,120.878,567018.4937
08.09.2020 13:00:00.000,114.187,117.268,113.217,117.258,300012.146
08.09.2020 14:00:00.000,117.307,118.948,116.117,116.707,582581.8481
08.09.2020 15:00:00.000,116.727,118.027,115.497,116.247,494248.291
08.09.2020 16:00:00.000,116.247,117.178,115.697,116.897,443165.8936
08.09.2020 17:00:00.000,116.887,117.018,115.637,115.738,330469.5129
08.09.2020 18:00:00.000,115.768,116.008,113.468,114.477,376467.926
08.09.2020 19:00:00.000,114.468,114.468,112.677,112.828,451893.4021
09.09.2020 13:00:00.000,117.177,117.707,115.247,116.328,260357.9712
09.09.2020 14:00:00.000,116.357,118.158,115.797,117.808,432501.3733
09.09.2020 15:00:00.000,117.827,118.438,116.967,117.838,290816.7725
09.09.2020 16:00:00.000,117.838,118.517,117.657,118.408,220432.8156
09.09.2020 17:00:00.000,118.417,119.128,117.297,117.408,281518.0664
09.09.2020 18:00:00.000,117.417,118.268,117.097,117.857,224954.5593
09.09.2020 19:00:00.000,117.857,118.138,116.987,117.158,224603.7903
10.09.2020 13:00:00.000,120.248,120.255,118.117,118.957,172734.8633
10.09.2020 14:00:00.000,118.938,119.627,116.027,116.107,298565.4602
10.09.2020 15:00:00.000,116.107,117.678,115.547,116.878,292207.7942
10.09.2020 16:00:00.000,116.878,117.347,115.797,116.427,280550.8728
10.09.2020 17:00:00.000,116.437,116.878,115.197,115.247,219844.9402
10.09.2020 18:00:00.000,115.248,115.848,112.947,114.197,394953.6133
10.09.2020 19:00:00.000,114.218,114.257,112.487,113.558,398428.4973
11.09.2020 13:00:00.000,114.518,115.195,112.257,112.718,196828.064
11.09.2020 14:00:00.000,112.688,113.627,111.077,112.548,382334.8389
11.09.2020 15:00:00.000,112.557,113.868,111.488,111.537,326894.7144
11.09.2020 16:00:00.000,111.528,112.408,110.697,110.727,302339.8743
11.09.2020 17:00:00.000,110.728,111.348,110.017,110.407,378909.8206
11.09.2020 18:00:00.000,110.408,112.198,110.268,111.297,306693.512
11.09.2020 19:00:00.000,111.277,112.527,110.697,111.937,351875.3662
14.09.2020 13:00:00.000,114.527,115.697,113.527,114.797,236730.9113
14.09.2020 14:00:00.000,114.818,115.398,113.847,114.478,304799.5911
14.09.2020 15:00:00.000,114.477,114.748,113.667,114.497,211098.2056
14.09.2020 16:00:00.000,114.488,114.788,113.988,114.328,191475.7538
14.09.2020 17:00:00.000,114.338,114.458,112.797,113.718,242421.1578
14.09.2020 18:00:00.000,113.718,114.607,113.417,114.427,247557.4493
14.09.2020 19:00:00.000,114.438,115.888,114.197,115.248,303511.1084
15.09.2020 13:00:00.000,118.198,118.727,117.218,118.018,208051.3
15.09.2020 14:00:00.000,118.028,118.077,115.637,116.468,296231.9641
15.09.2020 15:00:00.000,116.478,117.548,116.257,117.397,236510.4065
15.09.2020 16:00:00.000,117.397,118.097,117.127,117.848,183776.9775
15.09.2020 17:00:00.000,117.847,118.187,116.497,116.767,248111.4807
15.09.2020 18:00:00.000,116.778,116.918,114.997,115.327,269817.7185
15.09.2020 19:00:00.000,115.328,115.778,113.598,115.467,329946.0449
16.09.2020 13:00:00.000,115.088,115.958,114.167,114.837,208451.5533
16.09.2020 14:00:00.000,114.837,115.037,113.347,113.857,331416.5955
16.09.2020 15:00:00.000,113.868,114.377,113.597,113.658,209910.7361
16.09.2020 16:00:00.000,113.677,113.838,113.137,113.338,154606.8878
16.09.2020 17:00:00.000,113.328,113.548,112.747,113.398,185039.444
16.09.2020 18:00:00.000,113.388,114.568,113.017,113.287,351141.1133
16.09.2020 19:00:00.000,113.287,113.428,112.047,112.058,372987.1826
17.09.2020 13:00:00.000,109.497,110.818,108.737,110.347,266562.6526
17.09.2020 14:00:00.000,110.338,111.508,109.787,110.897,448765.9302
17.09.2020 15:00:00.000,110.908,112.187,110.187,110.287,392150.6958
17.09.2020 16:00:00.000,110.287,110.657,108.968,109.758,413376.8921
17.09.2020 17:00:00.000,109.767,110.438,109.367,109.898,266148.0713
17.09.2020 18:00:00.000,109.888,110.478,109.097,109.397,239604.6753
17.09.2020 19:00:00.000,109.407,110.645,108.947,110.298,331739.9292
18.09.2020 13:00:00.000,110.388,110.837,109.017,109.407,221597.3969
18.09.2020 14:00:00.000,109.417,109.998,108.077,108.167,413088.8977
18.09.2020 15:00:00.000,108.178,108.418,107.207,108.127,383247.3145
18.09.2020 16:00:00.000,108.128,108.468,106.517,106.937,383423.9807
18.09.2020 17:00:00.000,106.948,107.378,106.097,107.298,374025.0549
18.09.2020 18:00:00.000,107.308,107.727,106.758,107.598,249709.5184
18.09.2020 19:00:00.000,107.608,108.078,106.607,106.728,219680.7098
21.09.2020 13:00:00.000,104.507,107.837,103.108,107.348,258450.8972
21.09.2020 14:00:00.000,107.348,107.668,104.547,105.187,442615.5701
21.09.2020 15:00:00.000,105.218,106.487,104.897,106.458,369989.2578
21.09.2020 16:00:00.000,106.468,107.548,106.468,106.777,335862.4573
21.09.2020 17:00:00.000,106.788,107.798,106.297,107.087,282840.3931
21.09.2020 18:00:00.000,107.088,107.427,106.457,107.317,277275.4211
21.09.2020 19:00:00.000,107.308,110.148,107.228,110.088,365030.6702
22.09.2020 13:00:00.000,112.678,112.828,110.257,111.407,227462.1277
22.09.2020 14:00:00.000,111.408,111.837,109.397,109.417,357747.406
22.09.2020 15:00:00.000,109.418,110.377,109.147,110.007,313718.8416
22.09.2020 16:00:00.000,110.028,110.648,109.458,109.807,223658.6151
22.09.2020 17:00:00.000,109.798,110.698,109.677,110.638,197318.512
22.09.2020 18:00:00.000,110.637,111.427,110.467,110.847,254390.6403
22.09.2020 19:00:00.000,110.857,112.438,110.677,111.767,320105.6213
23.09.2020 13:00:00.000,111.598,112.088,110.598,110.868,176547.6837
23.09.2020 14:00:00.000,110.867,111.298,110.007,110.478,332082.2754
23.09.2020 15:00:00.000,110.458,110.908,109.707,109.808,300912.4451
23.09.2020 16:00:00.000,109.807,110.168,109.037,110.037,262684.5093
23.09.2020 17:00:00.000,110.018,110.057,108.497,108.738,224762.8937
23.09.2020 18:00:00.000,108.718,108.718,107.447,107.667,351377.594
23.09.2020 19:00:00.000,107.668,108.008,106.768,107.178,422214.9048
24.09.2020 13:00:00.000,105.117,108.938,104.987,108.688,219116.6229
24.09.2020 14:00:00.000,108.688,109.258,107.607,109.158,440490.0208
24.09.2020 15:00:00.000,109.148,110.027,108.207,109.558,358395.5078
24.09.2020 16:00:00.000,109.558,110.198,108.657,109.558,288320.0073
24.09.2020 17:00:00.000,109.548,110.188,109.337,109.458,245621.8262
24.09.2020 18:00:00.000,109.467,109.707,108.067,108.087,305617.6758
24.09.2020 19:00:00.000,108.098,108.978,107.518,108.107,394128.0212
25.09.2020 13:00:00.000,108.418,109.158,107.657,109.117,205582.2144
25.09.2020 14:00:00.000,109.118,110.438,108.567,110.088,385509.6741
25.09.2020 15:00:00.000,110.087,110.928,109.807,109.837,286258.0872
25.09.2020 16:00:00.000,109.838,110.738,109.817,110.698,209134.0027
25.09.2020 17:00:00.000,110.688,111.258,110.387,111.228,194251.9684
25.09.2020 18:00:00.000,111.217,111.808,111.168,111.757,203280.4871
25.09.2020 19:00:00.000,111.767,112.428,111.707,112.217,257256.4697
28.09.2020 13:00:00.000,114.857,115.257,112.968,113.467,226102.1729
28.09.2020 14:00:00.000,113.478,113.888,112.777,112.877,325946.3196
28.09.2020 15:00:00.000,112.877,113.828,112.877,113.657,249514.2822
28.09.2020 16:00:00.000,113.678,113.958,113.127,113.907,204719.0857
28.09.2020 17:00:00.000,113.898,114.698,113.628,114.558,184132.1411
28.09.2020 18:00:00.000,114.548,114.628,113.797,114.317,201584.7473
28.09.2020 19:00:00.000,114.327,114.987,114.147,114.977,255604.599
29.09.2020 13:00:00.000,114.348,115.307,113.747,113.917,177507.9803
29.09.2020 14:00:00.000,113.927,114.778,113.567,113.937,288200.6836
29.09.2020 15:00:00.000,113.937,114.468,113.777,113.948,233759.5062
29.09.2020 16:00:00.000,113.947,114.258,113.778,114.238,170455.8258
29.09.2020 17:00:00.000,114.238,114.447,113.677,114.308,155480.3772
29.09.2020 18:00:00.000,114.317,114.658,114.197,114.378,162692.1692
29.09.2020 19:00:00.000,114.388,114.688,113.847,114.087,187550.0641
30.09.2020 13:00:00.000,113.637,115.838,113.637,115.727,186033.0658
30.09.2020 14:00:00.000,115.728,116.478,115.297,116.157,325797.3633
30.09.2020 15:00:00.000,116.157,116.687,115.708,116.577,233010.5591
30.09.2020 16:00:00.000,116.558,116.878,116.047,116.227,175572.1283
30.09.2020 17:00:00.000,116.227,116.958,115.767,116.807,153296.9818
30.09.2020 18:00:00.000,116.818,117.228,115.657,116.368,311667.3584
30.09.2020 19:00:00.000,116.368,116.637,114.957,115.467,391567.627
01.10.2020 13:00:00.000,117.487,117.688,116.147,116.397,175602.9053
01.10.2020 14:00:00.000,116.407,117.008,116.267,116.767,282739.2883
01.10.2020 15:00:00.000,116.758,116.878,116.138,116.308,231263.0463
01.10.2020 16:00:00.000,116.307,116.438,115.827,116.298,176737.7472
01.10.2020 17:00:00.000,116.307,116.908,116.217,116.428,158586.2274
01.10.2020 18:00:00.000,116.417,116.918,115.907,116.737,281032.4097
01.10.2020 19:00:00.000,116.738,116.978,116.117,116.757,221700.1038
02.10.2020 13:00:00.000,112.797,114.598,112.217,114.158,214576.2482
02.10.2020 14:00:00.000,114.158,115.368,114.058,115.118,324413.6658
02.10.2020 15:00:00.000,115.098,115.167,113.127,113.297,300475.3113
02.10.2020 16:00:00.000,113.287,114.548,112.557,114.077,340114.502
02.10.2020 17:00:00.000,114.078,114.148,113.267,113.577,264073.5779
02.10.2020 18:00:00.000,113.577,114.258,113.177,113.717,251865.4327
02.10.2020 19:00:00.000,113.717,113.918,112.947,113.008,253247.6654
05.10.2020 13:00:00.000,113.908,114.658,113.547,114.578,144039.3677
05.10.2020 14:00:00.000,114.587,115.478,114.587,115.127,190865.1428
05.10.2020 15:00:00.000,115.118,115.347,114.817,115.158,156085.6171
05.10.2020 16:00:00.000,115.168,115.827,115.057,115.808,109660.7971
05.10.2020 17:00:00.000,115.807,116.088,115.327,115.467,109546.8521
05.10.2020 18:00:00.000,115.468,115.967,115.167,115.957,121721.0007
05.10.2020 19:00:00.000,115.947,116.618,115.868,116.467,139518.28
06.10.2020 13:00:00.000,115.658,116.077,114.527,114.887,166125.5646
06.10.2020 14:00:00.000,114.888,115.578,114.557,114.967,245806.3965
06.10.2020 15:00:00.000,114.968,115.108,113.468,113.827,257065.0024
06.10.2020 16:00:00.000,113.828,115.418,113.797,115.267,181842.7887
06.10.2020 17:00:00.000,115.277,115.617,114.777,114.967,117104.599
06.10.2020 18:00:00.000,114.967,115.997,113.127,114.028,205269.6838
06.10.2020 19:00:00.000,114.048,114.067,112.237,113.157,430002.594
07.10.2020 13:00:00.000,114.547,115.228,114.377,114.638,147631.9275
07.10.2020 14:00:00.000,114.647,114.918,114.127,114.898,204792.2363
07.10.2020 15:00:00.000,114.907,115.138,114.667,114.678,116408.4167
07.10.2020 16:00:00.000,114.688,114.988,114.127,114.947,135937.2406
07.10.2020 17:00:00.000,114.958,115.458,114.867,115.197,92349.0982
07.10.2020 18:00:00.000,115.188,115.438,114.978,115.288,96809.0668
07.10.2020 19:00:00.000,115.277,115.437,114.828,115.007,113403.6713
08.10.2020 13:00:00.000,116.218,116.367,115.357,115.517,149621.5668
08.10.2020 14:00:00.000,115.527,115.668,115.037,115.257,186447.0825
08.10.2020 15:00:00.000,115.247,115.768,114.917,115.217,152127.2736
08.10.2020 16:00:00.000,115.227,115.528,115.157,115.258,95108.7189
08.10.2020 17:00:00.000,115.268,115.288,114.647,114.698,97756.2714
08.10.2020 18:00:00.000,114.708,115.127,114.577,115.087,84433.1665
08.10.2020 19:00:00.000,115.088,115.118,114.787,114.918,107515.6784
09.10.2020 13:00:00.000,115.178,116.267,114.907,115.927,120068.7485
09.10.2020 14:00:00.000,115.938,116.348,115.668,116.257,169362.6099
09.10.2020 15:00:00.000,116.257,116.358,115.797,116.128,124583.8089
09.10.2020 16:00:00.000,116.117,116.338,115.777,116.277,107256.4468
09.10.2020 17:00:00.000,116.278,116.617,115.978,116.128,88517.7536
09.10.2020 18:00:00.000,116.127,116.438,116.037,116.087,91426.0635
09.10.2020 19:00:00.000,116.087,116.988,116.028,116.928,100901.5121
12.10.2020 13:00:00.000,119.997,121.478,119.258,120.427,151809.7229
12.10.2020 14:00:00.000,120.438,121.808,120.177,121.778,163503.2196
12.10.2020 15:00:00.000,121.768,123.618,121.768,122.707,168176.0254
12.10.2020 16:00:00.000,122.708,123.738,122.567,123.538,177126.4496
12.10.2020 17:00:00.000,123.547,124.468,123.347,124.298,151284.1339
12.10.2020 18:00:00.000,124.307,125.168,124.148,124.288,190303.5278
12.10.2020 19:00:00.000,124.297,124.628,123.617,124.307,195183.3344
13.10.2020 13:00:00.000,124.998,125.347,121.507,122.868,241974.7314
13.10.2020 14:00:00.000,122.888,123.907,122.508,123.518,321446.106
13.10.2020 15:00:00.000,123.517,124.727,123.127,123.717,241479.7058
13.10.2020 16:00:00.000,123.707,123.738,122.197,122.607,232166.8701
13.10.2020 17:00:00.000,122.617,123.658,119.688,120.337,396902.6794
13.10.2020 18:00:00.000,120.378,121.438,119.867,121.297,362747.6196
13.10.2020 19:00:00.000,121.278,122.178,121.027,121.057,252499.0234
14.10.2020 13:00:00.000,120.947,122.997,120.018,122.667,185944.397
14.10.2020 14:00:00.000,122.678,122.808,121.177,122.098,261117.8284
14.10.2020 15:00:00.000,122.107,122.257,120.708,120.798,210054.2908
14.10.2020 16:00:00.000,120.807,121.318,119.707,120.277,261476.7456
14.10.2020 17:00:00.000,120.268,120.748,119.607,120.527,196776.0468
14.10.2020 18:00:00.000,120.527,121.357,120.498,121.178,193250.0763
14.10.2020 19:00:00.000,121.167,121.988,121.017,121.167,219729.7974
15.10.2020 13:00:00.000,118.708,120.628,118.127,120.167,189164.2303
15.10.2020 14:00:00.000,120.187,120.358,119.007,119.728,286544.281
15.10.2020 15:00:00.000,119.727,120.377,119.168,120.277,223733.0627
15.10.2020 16:00:00.000,120.277,120.638,119.537,119.798,196763.5956
15.10.2020 17:00:00.000,119.798,120.428,119.377,120.337,157936.1725
15.10.2020 18:00:00.000,120.348,120.798,120.197,120.658,149939.1022
15.10.2020 19:00:00.000,120.637,121.188,120.567,120.688,189551.8951
16.10.2020 13:00:00.000,121.248,121.528,120.307,120.838,147277.2369
16.10.2020 14:00:00.000,120.847,121.258,120.307,120.687,195395.813
16.10.2020 15:00:00.000,120.678,120.678,119.447,119.968,207822.1436
16.10.2020 16:00:00.000,119.958,120.107,119.278,119.817,160054.1382
16.10.2020 17:00:00.000,119.807,120.348,119.707,120.047,123122.5433
16.10.2020 18:00:00.000,120.077,120.488,119.858,120.387,106465.2634
16.10.2020 19:00:00.000,120.397,120.477,118.808,118.937,196207.5348
19.10.2020 13:00:00.000,119.897,120.398,119.327,119.517,163190.0635
19.10.2020 14:00:00.000,119.527,119.577,118.167,118.857,307910.553
19.10.2020 15:00:00.000,118.847,119.688,118.727,118.748,239334.5947
19.10.2020 16:00:00.000,118.758,119.127,118.397,118.758,215613.6169
19.10.2020 17:00:00.000,118.767,118.948,117.618,118.027,183011.5814
19.10.2020 18:00:00.000,118.017,118.087,116.827,116.827,247462.7686
19.10.2020 19:00:00.000,116.838,116.878,115.657,116.038,318508.728
20.10.2020 13:00:00.000,116.188,117.057,115.627,117.007,189402.2522
20.10.2020 14:00:00.000,117.007,117.608,116.207,116.388,265109.5581
20.10.2020 15:00:00.000,116.398,117.178,115.927,117.157,250665.3748
20.10.2020 16:00:00.000,117.158,118.498,116.987,118.157,215477.8137
20.10.2020 17:00:00.000,118.167,118.968,118.097,118.298,195231.1554
20.10.2020 18:00:00.000,118.298,118.518,117.727,117.978,239418.0603
20.10.2020 19:00:00.000,117.987,118.398,116.937,117.478,335317.8406
21.10.2020 13:00:00.000,116.508,118.258,116.457,118.138,176252.655
21.10.2020 14:00:00.000,118.107,118.688,117.767,118.077,230037.3535
21.10.2020 15:00:00.000,118.058,118.198,117.167,117.368,212493.4387
21.10.2020 16:00:00.000,117.377,118.078,116.727,116.878,295682.0374
21.10.2020 17:00:00.000,116.888,117.498,116.797,117.108,199038.4979
21.10.2020 18:00:00.000,117.117,117.938,116.987,117.928,171911.7584
21.10.2020 19:00:00.000,117.937,118.028,116.807,116.828,206987.793
22.10.2020 13:00:00.000,117.308,118.018,117.178,117.278,157122.6349
22.10.2020 14:00:00.000,117.258,117.347,114.588,115.598,318753.6011
22.10.2020 15:00:00.000,115.577,116.088,115.327,115.377,298212.1582
22.10.2020 16:00:00.000,115.378,115.728,114.968,115.618,193356.7047
22.10.2020 17:00:00.000,115.628,116.117,115.367,115.528,191668.2739
22.10.2020 18:00:00.000,115.527,115.918,115.317,115.807,155874.649
22.10.2020 19:00:00.000,115.807,116.328,115.497,115.737,172344.4214
23.10.2020 13:00:00.000,116.357,116.547,115.357,115.438,134975.4028
23.10.2020 14:00:00.000,115.448,115.457,114.727,115.037,219879.4556
23.10.2020 15:00:00.000,115.018,115.308,114.277,114.588,181833.7402
23.10.2020 16:00:00.000,114.588,115.028,114.328,114.808,189106.3843
23.10.2020 17:00:00.000,114.797,115.148,114.758,114.847,121663.7726
23.10.2020 18:00:00.000,114.828,115.048,114.407,114.417,93380.3177
23.10.2020 19:00:00.000,114.427,115.077,114.397,115.038,120676.8723
26.10.2020 13:00:00.000,113.998,115.858,113.687,115.677,140243.3167
26.10.2020 14:00:00.000,115.698,116.538,114.867,114.928,241662.4908
26.10.2020 15:00:00.000,114.927,114.968,113.887,114.177,275173.0347
26.10.2020 16:00:00.000,114.168,114.668,113.857,113.928,200220.3369
26.10.2020 17:00:00.000,113.917,114.118,112.877,113.808,225466.8427
26.10.2020 18:00:00.000,113.818,114.388,113.658,114.157,196552.0935
26.10.2020 19:00:00.000,114.158,115.178,113.897,115.107,256006.7749
27.10.2020 13:00:00.000,115.398,116.008,114.518,115.998,175976.5167
27.10.2020 14:00:00.000,115.998,116.438,115.438,115.978,246036.1176
27.10.2020 15:00:00.000,115.987,117.177,115.948,117.068,178790.4968
27.10.2020 16:00:00.000,117.078,117.268,116.528,117.007,133229.4006
27.10.2020 17:00:00.000,117.018,117.148,116.298,116.368,134282.5775
27.10.2020 18:00:00.000,116.348,116.447,115.907,116.207,116175.1862
27.10.2020 19:00:00.000,116.208,116.988,116.017,116.507,134108.0475
28.10.2020 13:00:00.000,115.000,115.408,112.437,112.967,197603.5156
28.10.2020 14:00:00.000,112.967,113.088,111.947,112.527,384421.5088
28.10.2020 15:00:00.000,112.527,113.048,111.997,112.897,276992.7063
28.10.2020 16:00:00.000,112.888,113.357,112.498,112.498,240412.5671
28.10.2020 17:00:00.000,112.498,113.218,112.047,113.168,186486.1145
28.10.2020 18:00:00.000,113.158,113.358,112.467,112.898,219765.8081
28.10.2020 19:00:00.000,112.908,113.178,111.147,111.358,306912.3535
29.10.2020 13:00:00.000,112.387,114.178,112.198,114.008,224959.9609
29.10.2020 14:00:00.000,114.027,114.587,113.398,113.958,304007.1106
29.10.2020 15:00:00.000,113.967,114.968,113.587,114.497,215982.4219
29.10.2020 16:00:00.000,114.497,115.238,114.357,115.057,183436.676
29.10.2020 17:00:00.000,115.068,116.208,114.987,116.188,138812.3016
29.10.2020 18:00:00.000,116.198,116.918,115.807,116.038,201917.038
29.10.2020 19:00:00.000,116.028,116.718,114.698,114.878,277005.3101
30.10.2020 13:00:00.000,111.037,111.968,108.837,109.697,263380.5237
30.10.2020 14:00:00.000,109.677,110.418,108.297,108.548,462866.0889
30.10.2020 15:00:00.000,108.547,109.837,108.547,108.758,371071.8079
30.10.2020 16:00:00.000,108.757,109.958,108.697,108.877,234797.1649
30.10.2020 17:00:00.000,108.867,109.178,108.097,108.337,225564.9261
30.10.2020 18:00:00.000,108.347,108.767,108.007,108.147,266289.7339
30.10.2020 19:00:00.000,108.128,109.238,107.717,108.988,340948.6084
02.11.2020 14:00:00.000,109.107,110.658,109.107,109.787,113800.0031
02.11.2020 15:00:00.000,109.788,110.208,108.418,108.477,170509.9945
02.11.2020 16:00:00.000,108.478,108.668,107.707,107.898,136150.8026
02.11.2020 17:00:00.000,107.907,108.588,107.787,108.117,223504.3182
02.11.2020 18:00:00.000,108.128,108.238,107.317,107.408,218827.8046
02.11.2020 19:00:00.000,107.408,108.088,107.347,107.827,219873.5962
02.11.2020 20:00:00.000,107.818,108.757,107.727,108.578,263786.4685
03.11.2020 14:00:00.000,109.618,109.928,108.727,109.877,145627.8381
03.11.2020 15:00:00.000,109.888,111.207,109.777,111.167,227269.7906
03.11.2020 16:00:00.000,111.167,111.438,110.667,110.888,201291.1224
03.11.2020 17:00:00.000,110.888,111.048,110.518,110.697,158500.412
03.11.2020 18:00:00.000,110.708,110.898,109.748,109.837,173245.1172
03.11.2020 19:00:00.000,109.837,110.458,109.797,110.347,184021.286
03.11.2020 20:00:00.000,110.357,111.448,109.987,110.397,251397.7661
04.11.2020 14:00:00.000,113.958,114.427,112.358,113.527,288923.6145
04.11.2020 15:00:00.000,113.538,115.487,113.488,114.867,390385.1013
04.11.2020 16:00:00.000,114.888,115.207,113.807,115.098,303541.5039
04.11.2020 17:00:00.000,115.088,115.577,114.657,115.177,246903.3966
04.11.2020 18:00:00.000,115.187,115.498,114.607,114.847,268446.5332
04.11.2020 19:00:00.000,114.857,115.167,114.427,115.028,247050.766
04.11.2020 20:00:00.000,115.038,115.488,114.557,114.858,282035.614
05.11.2020 14:00:00.000,117.918,119.608,116.858,118.758,207773.7579
05.11.2020 15:00:00.000,118.777,119.228,117.567,118.387,323688.2324
05.11.2020 16:00:00.000,118.388,118.578,117.897,118.107,215434.2804
05.11.2020 17:00:00.000,118.118,118.357,117.417,117.958,174227.1729
05.11.2020 18:00:00.000,117.968,118.458,117.837,118.397,116634.9792
05.11.2020 19:00:00.000,118.387,119.248,118.337,119.147,173345.5353
05.11.2020 20:00:00.000,119.147,119.288,118.447,118.897,223357.2845
06.11.2020 14:00:00.000,118.198,118.618,116.117,116.277,188700.882
06.11.2020 15:00:00.000,116.267,117.888,116.127,117.408,262385.2844
06.11.2020 16:00:00.000,117.417,118.808,117.298,118.727,258204.5288
06.11.2020 17:00:00.000,118.737,119.178,118.277,118.878,204616.0431
06.11.2020 18:00:00.000,118.877,119.188,118.818,118.988,127022.4762
06.11.2020 19:00:00.000,118.978,119.158,118.217,118.467,140680.9845
06.11.2020 20:00:00.000,118.467,119.038,118.077,118.647,216048.4619
09.11.2020 14:00:00.000,120.328,121.677,118.468,119.757,312605.9265
09.11.2020 15:00:00.000,119.737,121.977,119.658,120.598,461279.9988
09.11.2020 16:00:00.000,120.617,121.667,119.717,120.547,378015.0146
09.11.2020 17:00:00.000,120.547,120.947,119.987,120.807,324385.0098
09.11.2020 18:00:00.000,120.818,120.988,119.368,119.627,200979.9957
09.11.2020 19:00:00.000,119.627,119.798,118.197,118.517,298089.9963
09.11.2020 20:00:00.000,118.537,118.928,116.067,116.337,363065.0024
10.11.2020 14:00:00.000,115.517,117.568,115.348,115.758,268885.8032
10.11.2020 15:00:00.000,115.788,116.928,114.117,114.987,432807.4951
10.11.2020 16:00:00.000,114.988,117.318,114.897,116.657,329617.4927
10.11.2020 17:00:00.000,116.668,117.458,115.797,116.908,299872.4976
10.11.2020 18:00:00.000,116.907,117.577,115.877,116.838,288595.0012
10.11.2020 19:00:00.000,116.807,117.257,115.977,116.738,354890.0146
10.11.2020 20:00:00.000,116.737,117.008,115.727,116.008,324635.0098
11.11.2020 14:00:00.000,117.098,118.068,116.438,117.697,199933.9752
11.11.2020 15:00:00.000,117.698,118.488,117.617,118.157,311937.5916
11.11.2020 16:00:00.000,118.158,118.767,117.827,118.767,159662.5061
11.11.2020 17:00:00.000,118.758,119.468,118.527,119.217,149702.4994
11.11.2020 18:00:00.000,119.228,119.548,119.037,119.098,139705.0018
11.11.2020 19:00:00.000,119.108,119.528,118.697,118.918,175554.9927
11.11.2020 20:00:00.000,118.928,119.617,118.797,119.477,192369.9951
12.11.2020 14:00:00.000,119.527,120.017,118.807,119.727,198077.4994
12.11.2020 15:00:00.000,119.718,120.518,119.487,120.208,242222.5037
12.11.2020 16:00:00.000,120.218,120.518,119.027,119.588,198272.5067
12.11.2020 17:00:00.000,119.577,120.188,118.957,119.468,204357.4982
12.11.2020 18:00:00.000,119.457,119.488,118.557,119.127,241637.4969
12.11.2020 19:00:00.000,119.128,119.278,118.578,119.068,231190.0024
12.11.2020 20:00:00.000,119.067,119.458,118.787,119.238,269622.4976
13.11.2020 14:00:00.000,119.297,119.658,118.358,118.377,151707.5043
13.11.2020 15:00:00.000,118.378,118.727,117.867,118.018,237547.5006
13.11.2020 16:00:00.000,118.037,118.758,117.927,118.717,162199.9969
13.11.2020 17:00:00.000,118.717,119.037,118.607,118.948,106389.9994
13.11.2020 18:00:00.000,118.957,119.247,118.487,118.577,108385.0021
13.11.2020 19:00:00.000,118.577,118.888,118.188,118.867,120392.5018
13.11.2020 20:00:00.000,118.857,119.558,118.797,119.197,145437.5
16.11.2020 14:00:00.000,118.807,120.127,118.147,119.938,186429.3976
16.11.2020 15:00:00.000,119.937,120.708,119.797,120.668,256202.5146
16.11.2020 16:00:00.000,120.667,120.818,120.297,120.737,149350.0061
16.11.2020 17:00:00.000,120.738,120.978,120.277,120.417,118199.9969
16.11.2020 18:00:00.000,120.398,120.578,119.987,120.207,144904.9988
16.11.2020 19:00:00.000,120.208,120.358,119.787,119.897,137675.0031
16.11.2020 20:00:00.000,119.897,120.427,119.627,120.367,183753.4027
17.11.2020 14:00:00.000,119.498,120.287,118.957,119.127,163632.5073
17.11.2020 15:00:00.000,119.138,120.518,119.107,120.358,171632.5073
17.11.2020 16:00:00.000,120.347,120.388,119.597,120.208,131649.9939
17.11.2020 17:00:00.000,120.207,120.478,120.007,120.468,119172.5006
17.11.2020 18:00:00.000,120.468,120.658,120.277,120.348,83072.5021
17.11.2020 19:00:00.000,120.348,120.598,119.957,120.008,89907.5012
17.11.2020 20:00:00.000,119.988,120.138,119.317,119.387,192535.0037
18.11.2020 14:00:00.000,118.567,119.378,118.217,118.777,148905.0598
18.11.2020 15:00:00.000,118.768,119.478,118.398,119.477,155216.5985
18.11.2020 16:00:00.000,119.478,119.578,119.067,119.507,110401.9623
18.11.2020 17:00:00.000,119.507,119.818,119.427,119.537,63744.6747
18.11.2020 18:00:00.000,119.517,119.688,119.107,119.308,107044.6243
18.11.2020 19:00:00.000,119.297,119.328,118.797,119.328,126576.7441
18.11.2020 20:00:00.000,119.317,119.598,117.987,117.988,205440.0177
19.11.2020 14:00:00.000,117.508,118.108,116.797,117.938,160590.9729
19.11.2020 15:00:00.000,117.938,118.288,117.497,117.767,182274.0173
19.11.2020 16:00:00.000,117.758,118.358,117.647,118.128,118616.5009
19.11.2020 17:00:00.000,118.128,118.338,117.557,117.717,104717.3233
19.11.2020 18:00:00.000,117.728,118.128,117.537,118.088,89115.593
19.11.2020 19:00:00.000,118.087,118.687,117.897,118.627,86734.1232
19.11.2020 20:00:00.000,118.617,118.978,118.427,118.618,142009.7046
20.11.2020 14:00:00.000,118.638,118.638,117.837,118.128,131041.1682
20.11.2020 15:00:00.000,118.127,118.628,118.048,118.457,136217.6361
20.11.2020 16:00:00.000,118.448,118.758,117.897,117.978,102907.6233
20.11.2020 17:00:00.000,117.967,118.288,117.877,118.258,67230.1254
20.11.2020 18:00:00.000,118.248,118.278,117.897,117.947,63467.2165
20.11.2020 19:00:00.000,117.947,118.087,117.697,117.857,72566.7877
20.11.2020 20:00:00.000,117.857,117.948,117.287,117.308,143212.4481
23.11.2020 14:00:00.000,117.177,117.608,116.737,116.987,123204.1245
23.11.2020 15:00:00.000,116.998,117.058,115.097,115.418,241240.3717
23.11.2020 16:00:00.000,115.427,115.438,113.807,114.498,226395.7672
23.11.2020 17:00:00.000,114.497,115.318,114.267,115.288,140171.9055
23.11.2020 18:00:00.000,115.288,115.348,114.588,114.608,111184.9976
23.11.2020 19:00:00.000,114.607,114.668,114.007,114.198,142176.6968
23.11.2020 20:00:00.000,114.198,114.458,113.747,113.918,142123.7183
24.11.2020 14:00:00.000,113.847,114.018,112.587,113.008,128238.9984
24.11.2020 15:00:00.000,112.997,114.898,112.997,114.898,178871.3226
24.11.2020 16:00:00.000,114.898,115.358,114.647,114.797,147115.4938
24.11.2020 17:00:00.000,114.807,114.998,114.227,114.788,108337.3947
24.11.2020 18:00:00.000,114.777,115.688,114.607,115.688,105029.2358
24.11.2020 19:00:00.000,115.687,115.848,114.967,115.358,115929.6417
24.11.2020 20:00:00.000,115.338,115.718,114.967,115.148,138954.9408
25.11.2020 14:00:00.000,115.467,116.598,115.167,116.377,146534.6222
25.11.2020 15:00:00.000,116.387,116.518,115.527,116.478,187173.7976
25.11.2020 16:00:00.000,116.488,116.738,115.878,116.018,131195.9991
25.11.2020 17:00:00.000,116.027,116.318,115.697,116.208,93114.7003
25.11.2020 18:00:00.000,116.198,116.328,115.867,115.977,80613.7009
25.11.2020 19:00:00.000,115.968,116.128,115.727,116.108,91644.3863
25.11.2020 20:00:00.000,116.118,116.458,115.937,116.008,115974.4034
27.11.2020 14:00:00.000,116.518,117.288,116.437,116.977,111333.7784
27.11.2020 15:00:00.000,116.987,117.468,116.667,117.057,119607.7576
27.11.2020 16:00:00.000,117.058,117.168,116.657,116.858,88972.8012
27.11.2020 17:00:00.000,116.867,116.908,116.207,116.578,109098.2437
30.11.2020 14:00:00.000,116.987,119.368,116.807,118.908,170443.4357
30.11.2020 15:00:00.000,118.898,119.488,116.907,118.117,304509.1858
30.11.2020 16:00:00.000,118.108,118.998,117.497,118.868,207918.2434
30.11.2020 17:00:00.000,118.857,119.097,118.607,119.038,133666.0614
30.11.2020 18:00:00.000,119.028,119.748,118.797,119.727,107651.1078
30.11.2020 19:00:00.000,119.727,120.818,119.578,120.558,112187.6526
30.11.2020 20:00:00.000,120.547,120.958,119.088,119.557,202226.3947
01.12.2020 14:00:00.000,120.957,122.577,120.007,122.377,163583.7555
01.12.2020 15:00:00.000,122.378,122.947,121.607,122.448,250677.7039
01.12.2020 16:00:00.000,122.458,123.237,122.078,123.097,165449.4934
01.12.2020 17:00:00.000,123.098,123.458,122.547,122.578,121217.3996
01.12.2020 18:00:00.000,122.568,123.278,122.548,122.767,88107.872
01.12.2020 19:00:00.000,122.748,123.208,122.617,122.767,94559.1736
01.12.2020 20:00:00.000,122.777,122.948,122.047,122.617,177790.4663
02.12.2020 14:00:00.000,121.928,122.598,120.887,121.998,186888.7482
02.12.2020 15:00:00.000,121.997,122.478,121.547,121.987,197143.1427
02.12.2020 16:00:00.000,121.988,122.817,121.688,122.537,140642.2729
02.12.2020 17:00:00.000,122.528,123.188,122.478,122.908,126685.2722
02.12.2020 18:00:00.000,122.918,123.358,122.687,122.947,112067.131
02.12.2020 19:00:00.000,122.948,123.118,122.637,122.937,111584.549
02.12.2020 20:00:00.000,122.948,123.228,122.877,123.057,136841.4764
03.12.2020 14:00:00.000,123.507,123.768,122.688,123.157,127509.3536
03.12.2020 15:00:00.000,123.158,123.438,122.577,122.587,164482.0862
03.12.2020 16:00:00.000,122.598,123.177,122.207,123.077,123923.3627
03.12.2020 17:00:00.000,123.098,123.188,122.717,122.877,109098.4268
03.12.2020 18:00:00.000,122.887,123.018,122.588,122.657,97762.0163
03.12.2020 19:00:00.000,122.658,123.038,122.607,123.028,79052.5131
03.12.2020 20:00:00.000,123.028,123.318,122.527,122.927,171710.3424
04.12.2020 14:00:00.000,122.597,122.848,121.537,122.057,133150.5585
04.12.2020 15:00:00.000,122.047,122.168,121.517,121.777,140419.5099
04.12.2020 16:00:00.000,121.787,122.658,121.617,122.368,118972.2595
04.12.2020 17:00:00.000,122.357,122.388,121.817,122.148,92802.2995
04.12.2020 18:00:00.000,122.148,122.198,121.797,121.827,52189.5599
04.12.2020 19:00:00.000,121.827,122.167,121.667,122.068,65692.1997
04.12.2020 20:00:00.000,122.078,122.288,121.878,122.187,85583.9005
07.12.2020 14:00:00.000,122.367,124.507,122.248,124.437,114732.7728
07.12.2020 15:00:00.000,124.428,124.558,123.697,124.027,172772.0184
07.12.2020 16:00:00.000,124.017,124.347,123.728,124.078,117236.5723
07.12.2020 17:00:00.000,124.077,124.258,123.778,124.067,100662.0026
07.12.2020 18:00:00.000,124.058,124.078,123.407,123.897,106684.4025
07.12.2020 19:00:00.000,123.888,124.277,123.767,124.007,76967.2699
07.12.2020 20:00:00.000,124.018,124.037,123.287,123.728,119810.1501
08.12.2020 14:00:00.000,124.358,124.538,123.447,123.888,128038.2996
08.12.2020 15:00:00.000,123.888,124.198,123.087,123.328,147431.7322
08.12.2020 16:00:00.000,123.327,123.898,123.168,123.897,106573.3719
08.12.2020 17:00:00.000,123.877,124.398,123.848,124.288,79934.7687
08.12.2020 18:00:00.000,124.287,124.858,124.227,124.757,90508.8501
08.12.2020 19:00:00.000,124.758,124.948,124.377,124.948,73922.1802
08.12.2020 20:00:00.000,124.947,124.968,124.317,124.317,92444.6564
09.12.2020 14:00:00.000,124.508,125.937,123.877,125.847,132759.9182
09.12.2020 15:00:00.000,125.847,125.887,124.587,125.398,222700.1648
09.12.2020 16:00:00.000,125.378,125.427,124.667,124.888,155586.3342
09.12.2020 17:00:00.000,124.878,124.908,122.828,123.637,176537.5061
09.12.2020 18:00:00.000,123.628,123.698,121.607,121.637,350821.8994
09.12.2020 19:00:00.000,121.648,122.238,121.097,121.617,323861.1755
09.12.2020 20:00:00.000,121.617,122.197,121.067,121.697,262198.7
10.12.2020 14:00:00.000,120.477,122.477,120.147,122.438,180350.7233
10.12.2020 15:00:00.000,122.427,123.568,121.987,123.488,233415.741
10.12.2020 16:00:00.000,123.478,123.858,123.117,123.288,178376.6174
10.12.2020 17:00:00.000,123.277,123.568,122.707,122.788,156042.7856
10.12.2020 18:00:00.000,122.787,123.577,122.737,123.468,144558.5632
10.12.2020 19:00:00.000,123.478,123.598,122.748,122.828,162122.5891
10.12.2020 20:00:00.000,122.828,123.568,122.717,123.198,142679.245
11.12.2020 14:00:00.000,122.497,122.738,120.887,121.317,150613.0829
11.12.2020 15:00:00.000,121.318,121.998,121.157,121.318,188758.5754
11.12.2020 16:00:00.000,121.327,121.698,120.787,120.978,121801.2695
11.12.2020 17:00:00.000,120.988,121.438,120.537,121.398,140378.2501
11.12.2020 18:00:00.000,121.388,121.828,121.217,121.707,84770.05
11.12.2020 19:00:00.000,121.718,122.148,121.617,121.967,128020.9045
11.12.2020 20:00:00.000,121.958,122.457,121.718,122.417,140866.9128
14.12.2020 14:00:00.000,122.497,123.318,122.497,122.938,117153.4195
14.12.2020 15:00:00.000,122.948,123.097,122.487,122.797,163808.136
14.12.2020 16:00:00.000,122.807,123.177,122.627,122.947,149356.4453
14.12.2020 17:00:00.000,122.948,122.978,122.287,122.438,105736.3663
14.12.2020 18:00:00.000,122.448,122.608,122.107,122.398,119673.5382
14.12.2020 19:00:00.000,122.407,122.528,121.867,122.228,130695.1141
14.12.2020 20:00:00.000,122.238,122.478,121.707,121.758,159219.3146
15.12.2020 14:00:00.000,124.197,126.948,124.117,126.478,164490.1733
15.12.2020 15:00:00.000,126.488,126.568,125.268,125.927,223776.7487
15.12.2020 16:00:00.000,125.928,126.228,125.127,125.948,211414.2151
15.12.2020 17:00:00.000,125.947,126.788,125.887,126.538,122067.5888
15.12.2020 18:00:00.000,126.537,126.968,126.288,126.707,104323.6313
15.12.2020 19:00:00.000,126.708,127.488,126.477,127.218,106196.8384
15.12.2020 20:00:00.000,127.207,127.878,127.018,127.837,130972.0459
16.12.2020 14:00:00.000,127.397,127.678,126.547,127.138,123766.9678
16.12.2020 15:00:00.000,127.168,127.858,126.807,126.987,166120.1782
16.12.2020 16:00:00.000,126.988,127.818,126.677,127.797,118829.8264
16.12.2020 17:00:00.000,127.788,127.997,127.347,127.767,96034.6298
16.12.2020 18:00:00.000,127.758,127.928,127.257,127.658,84442.482
16.12.2020 19:00:00.000,127.658,128.218,127.277,128.107,152502.182
16.12.2020 20:00:00.000,128.108,128.358,127.687,127.717,151873.3521
17.12.2020 14:00:00.000,128.897,129.558,128.517,128.937,112535.8963
17.12.2020 15:00:00.000,128.947,129.188,128.197,128.778,161664.1541
17.12.2020 16:00:00.000,128.787,129.028,128.037,128.387,135488.9832
17.12.2020 17:00:00.000,128.387,128.558,128.137,128.468,102065.0024
17.12.2020 18:00:00.000,128.458,128.698,128.268,128.448,68182.5027
17.12.2020 19:00:00.000,128.447,128.528,128.117,128.447,72474.9985
17.12.2020 20:00:00.000,128.447,128.818,128.238,128.617,121205.0018
18.12.2020 14:00:00.000,128.938,129.047,127.378,127.597,139985.0159
18.12.2020 15:00:00.000,127.608,127.928,127.067,127.738,189003.8452
18.12.2020 16:00:00.000,127.738,127.888,127.208,127.398,130608.1238
18.12.2020 17:00:00.000,127.407,127.838,127.297,127.687,51152.0576
18.12.2020 18:00:00.000,127.698,127.717,126.617,126.778,68519.6228
18.12.2020 19:00:00.000,126.788,127.028,126.417,126.758,87299.3469
18.12.2020 20:00:00.000,126.768,126.927,126.117,126.787,213090.1184
21.12.2020 14:00:00.000,125.088,126.598,124.697,125.897,158943.8629
21.12.2020 15:00:00.000,125.897,126.018,123.437,123.837,306323.5474
21.12.2020 16:00:00.000,123.848,125.148,123.798,124.927,177122.9553
21.12.2020 17:00:00.000,124.927,126.037,124.887,126.037,143957.3517
21.12.2020 18:00:00.000,126.038,127.268,125.817,126.728,140667.6636
21.12.2020 19:00:00.000,126.738,127.057,126.488,126.738,127873.1842
21.12.2020 20:00:00.000,126.748,128.288,126.137,128.247,230382.309
22.12.2020 14:00:00.000,131.538,134.218,130.397,134.108,216175.766
22.12.2020 15:00:00.000,134.107,134.388,132.278,132.858,319078.5828
22.12.2020 16:00:00.000,132.867,132.888,129.637,131.467,330895.05
22.12.2020 17:00:00.000,131.468,132.357,131.037,131.977,243994.7662
22.12.2020 18:00:00.000,131.988,133.118,131.987,132.747,185373.5352
22.12.2020 19:00:00.000,132.748,132.978,131.887,132.038,174414.0015
22.12.2020 20:00:00.000,132.028,132.308,131.218,131.757,209800.4303
23.12.2020 14:00:00.000,132.148,132.387,130.777,132.138,181989.5477
23.12.2020 15:00:00.000,132.138,132.178,131.158,131.428,240774.6124
23.12.2020 16:00:00.000,131.417,131.818,131.198,131.537,156333.313
23.12.2020 17:00:00.000,131.547,132.108,131.487,131.948,99812.912
23.12.2020 18:00:00.000,131.938,132.238,131.827,132.048,99519.8288
23.12.2020 19:00:00.000,132.038,132.067,131.557,131.728,102102.8061
23.12.2020 20:00:00.000,131.718,131.858,130.907,130.927,134813.0646
24.12.2020 14:00:00.000,131.258,133.168,131.087,132.467,130157.135
24.12.2020 15:00:00.000,132.458,133.448,132.237,132.507,183691.7267
24.12.2020 16:00:00.000,132.508,132.627,131.637,131.848,151486.4655
24.12.2020 17:00:00.000,131.858,132.137,131.587,132.018,153418.9758
28.12.2020 14:00:00.000,133.718,135.718,133.567,135.418,167192.1844
28.12.2020 15:00:00.000,135.417,135.567,134.137,134.967,201124.5422
28.12.2020 16:00:00.000,134.968,136.378,134.948,136.277,140914.6271
28.12.2020 17:00:00.000,136.288,136.398,135.787,136.298,132662.6282
28.12.2020 18:00:00.000,136.297,136.427,135.988,136.148,90319.7021
28.12.2020 19:00:00.000,136.147,136.968,136.128,136.867,85217.8116
28.12.2020 20:00:00.000,136.878,137.328,136.337,136.707,142777.9999
29.12.2020 14:00:00.000,138.047,138.768,135.927,136.418,194989.9597
29.12.2020 15:00:00.000,136.408,137.047,135.498,136.718,269379.1199
29.12.2020 16:00:00.000,136.708,137.558,136.598,137.088,196927.7344
29.12.2020 17:00:00.000,137.088,137.088,135.667,136.297,212350.2045
29.12.2020 18:00:00.000,136.298,136.447,135.927,136.127,155196.64
29.12.2020 19:00:00.000,136.118,136.148,135.118,135.418,158640.3198
29.12.2020 20:00:00.000,135.428,135.658,134.337,134.877,181882.7209
30.12.2020 14:00:00.000,135.507,135.978,134.437,134.777,161082.3364
30.12.2020 15:00:00.000,134.788,134.868,133.567,134.388,212279.7852
30.12.2020 16:00:00.000,134.388,135.128,134.087,135.108,146058.3801
30.12.2020 17:00:00.000,135.118,135.168,134.197,134.347,136336.6394
30.12.2020 18:00:00.000,134.337,134.608,134.227,134.537,120036.3388
30.12.2020 19:00:00.000,134.527,134.578,133.677,133.757,125502.3193
30.12.2020 20:00:00.000,133.748,134.177,133.387,133.657,157264.4501
31.12.2020 14:00:00.000,133.997,134.707,133.188,133.427,141739.6851
31.12.2020 15:00:00.000,133.428,133.588,132.647,133.118,169757.4463
31.12.2020 16:00:00.000,133.128,133.128,131.888,131.947,118348.7473
31.12.2020 17:00:00.000,131.947,132.788,131.717,132.417,126282.0892
31.12.2020 18:00:00.000,132.427,132.618,132.087,132.097,88852.3712
31.12.2020 19:00:00.000,132.077,133.088,132.008,132.987,127574.6994
31.12.2020 20:00:00.000,132.978,133.277,132.497,132.638,174861.5112
04.01.2021 14:00:00.000,133.117,133.418,131.288,131.427,186932.0679
04.01.2021 15:00:00.000,131.437,131.637,130.378,130.957,319005.5847
04.01.2021 16:00:00.000,130.957,131.298,128.787,128.808,333958.4961
04.01.2021 17:00:00.000,128.808,128.908,126.768,128.408,345180.5725
04.01.2021 18:00:00.000,128.398,129.178,128.038,129.157,207088.5925
04.01.2021 19:00:00.000,129.148,129.567,128.608,129.478,215596.6644
04.01.2021 20:00:00.000,129.477,129.728,128.758,129.538,259914.1846
05.01.2021 14:00:00.000,128.817,131.458,128.427,131.298,178137.2986
05.01.2021 15:00:00.000,131.297,131.727,130.428,130.527,266493.103
05.01.2021 16:00:00.000,130.527,130.678,129.927,130.267,201346.0541
05.01.2021 17:00:00.000,130.277,130.328,129.837,130.138,145154.0375
05.01.2021 18:00:00.000,130.158,130.618,129.938,130.617,82452.9419
05.01.2021 19:00:00.000,130.627,131.398,130.587,130.937,123406.0516
05.01.2021 20:00:00.000,130.947,131.358,130.747,130.938,147410.7513
06.01.2021 14:00:00.000,127.547,128.508,126.548,128.048,223313.7054
06.01.2021 15:00:00.000,128.088,129.718,127.587,129.377,304891.3269
06.01.2021 16:00:00.000,129.388,131.037,129.097,130.097,228552.4139
06.01.2021 17:00:00.000,130.118,130.698,129.877,130.007,172407.0282
06.01.2021 18:00:00.000,130.018,130.247,128.927,129.238,155315.0635
06.01.2021 19:00:00.000,129.247,129.438,127.097,127.918,319881.5002
06.01.2021 20:00:00.000,127.907,128.208,126.367,126.658,353368.2251
07.01.2021 14:00:00.000,128.417,129.118,127.857,129.007,175307.8308
07.01.2021 15:00:00.000,129.017,130.548,128.907,130.537,243124.4965
07.01.2021 16:00:00.000,130.548,131.018,130.147,130.307,185662.2772
07.01.2021 17:00:00.000,130.317,130.638,129.847,130.458,149880.4016
07.01.2021 18:00:00.000,130.467,130.558,130.007,130.297,127306.0303
07.01.2021 19:00:00.000,130.298,130.768,130.277,130.768,109958.725
07.01.2021 20:00:00.000,130.757,131.618,130.457,130.837,142502.8992
08.01.2021 14:00:00.000,132.418,132.608,130.347,131.527,213859.1003
08.01.2021 15:00:00.000,131.538,131.958,130.247,131.007,288413.208
08.01.2021 16:00:00.000,131.017,132.238,130.617,132.237,205854.8584
08.01.2021 17:00:00.000,132.257,132.558,131.507,131.667,169522.8424
08.01.2021 18:00:00.000,131.658,131.777,130.217,130.997,250757.3853
08.01.2021 19:00:00.000,130.998,131.547,130.957,131.427,204557.7698
08.01.2021 20:00:00.000,131.438,132.178,131.388,131.987,197753.7689
11.01.2021 14:00:00.000,129.028,129.808,128.487,129.407,239915.8783
11.01.2021 15:00:00.000,129.397,130.137,129.317,129.557,288738.4338
11.01.2021 16:00:00.000,129.587,129.678,129.028,129.508,201413.0707
11.01.2021 17:00:00.000,129.498,130.048,129.347,129.537,144462.2803
11.01.2021 18:00:00.000,129.527,129.918,129.217,129.338,158176.7578
11.01.2021 19:00:00.000,129.328,129.337,128.867,129.308,186268.631
11.01.2021 20:00:00.000,129.298,129.398,128.687,129.078,243522.0337
12.01.2021 14:00:00.000,128.528,129.678,128.077,128.347,186314.8193
12.01.2021 15:00:00.000,128.357,129.317,128.187,128.907,247955.9479
12.01.2021 16:00:00.000,128.898,129.168,128.147,128.348,187927.6733
12.01.2021 17:00:00.000,128.348,128.378,126.857,127.928,212132.5989
12.01.2021 18:00:00.000,127.937,128.428,127.708,128.178,145854.7516
12.01.2021 19:00:00.000,128.187,128.768,128.077,128.387,168565.4907
12.01.2021 20:00:00.000,128.397,129.177,128.197,128.797,193266.571
13.01.2021 14:00:00.000,128.758,130.187,128.497,129.827,163682.4341
13.01.2021 15:00:00.000,129.828,131.238,129.317,131.027,248461.3953
13.01.2021 16:00:00.000,131.038,131.438,130.717,131.137,187761.7798
13.01.2021 17:00:00.000,131.147,131.178,130.417,131.118,160191.0095
13.01.2021 18:00:00.000,131.108,131.278,130.767,130.847,120652.42
13.01.2021 19:00:00.000,130.848,131.128,130.727,130.997,126751.9836
13.01.2021 20:00:00.000,131.007,131.118,130.597,130.928,147249.0692
14.01.2021 14:00:00.000,130.757,130.967,129.647,129.997,172683.9752
14.01.2021 15:00:00.000,129.997,130.858,129.597,130.617,199859.6649
14.01.2021 16:00:00.000,130.628,130.688,129.857,129.988,152843.0176
14.01.2021 17:00:00.000,129.988,130.178,129.527,130.118,143717.4835
14.01.2021 18:00:00.000,130.117,130.128,129.497,129.518,122112.3428
14.01.2021 19:00:00.000,129.528,129.728,129.287,129.617,121510.7422
14.01.2021 20:00:00.000,129.618,129.718,128.767,128.927,220189.6515
15.01.2021 14:00:00.000,128.698,130.188,128.627,129.118,168161.2701
15.01.2021 15:00:00.000,129.138,129.138,127.497,128.217,275424.0417
15.01.2021 16:00:00.000,128.227,129.338,127.588,128.748,246439.0717
15.01.2021 17:00:00.000,128.738,128.788,128.177,128.477,193637.9395
15.01.2021 18:00:00.000,128.468,128.918,128.267,128.488,155269.8669
15.01.2021 19:00:00.000,128.497,128.718,127.638,127.717,149002.3193
15.01.2021 20:00:00.000,127.727,127.957,126.987,127.008,209322.2656
19.01.2021 14:00:00.000,127.697,128.688,127.317,127.458,176191.9556
19.01.2021 15:00:00.000,127.457,127.488,126.927,127.097,239674.9573
19.01.2021 16:00:00.000,127.087,127.778,127.037,127.687,172187.4237
19.01.2021 17:00:00.000,127.697,128.078,127.287,128.027,133528.8391
19.01.2021 18:00:00.000,128.038,128.248,127.887,127.938,126224.7543
19.01.2021 19:00:00.000,127.937,128.178,127.668,127.878,104678.4058
19.01.2021 20:00:00.000,127.887,128.118,127.627,127.808,139017.7307
20.01.2021 14:00:00.000,128.647,130.408,128.527,129.957,157576.8127
20.01.2021 15:00:00.000,129.977,131.818,129.797,131.697,244576.1871
20.01.2021 16:00:00.000,131.697,132.238,131.058,132.068,192676.8951
20.01.2021 17:00:00.000,132.077,132.198,131.677,131.858,134862.1826
20.01.2021 18:00:00.000,131.867,132.428,131.807,131.928,108052.1927
20.01.2021 19:00:00.000,131.918,132.477,131.727,132.178,105055.7098
20.01.2021 20:00:00.000,132.168,132.448,131.947,131.988,134481.5369
21.01.2021 14:00:00.000,133.848,135.058,133.577,134.857,193054.5959
21.01.2021 15:00:00.000,134.858,136.338,134.788,135.967,241121.1853
21.01.2021 16:00:00.000,135.978,136.368,135.557,136.067,189323.1354
21.01.2021 17:00:00.000,136.048,136.188,135.207,136.158,155333.5724
21.01.2021 18:00:00.000,136.158,136.468,135.907,136.117,113671.3181
21.01.2021 19:00:00.000,136.097,136.687,136.087,136.528,96438.1332
21.01.2021 20:00:00.000,136.528,137.328,136.438,136.867,132322.3572
22.01.2021 14:00:00.000,136.318,137.557,135.017,137.328,187463.1348
22.01.2021 15:00:00.000,137.347,137.647,136.017,136.868,248316.33
22.01.2021 16:00:00.000,136.867,137.508,136.797,137.338,148166.626
22.01.2021 17:00:00.000,137.337,138.158,137.197,137.967,146762.4512
22.01.2021 18:00:00.000,137.967,138.308,137.737,137.988,107641.7236
22.01.2021 19:00:00.000,137.977,139.178,137.877,139.077,111050.7965
22.01.2021 20:00:00.000,139.077,139.838,138.617,138.938,166796.6461
25.01.2021 14:00:00.000,142.958,145.058,142.918,144.917,233127.6398
25.01.2021 15:00:00.000,144.928,144.978,140.867,141.077,315345.52
25.01.2021 16:00:00.000,141.087,142.747,136.517,142.577,398268.7378
25.01.2021 17:00:00.000,142.577,142.938,140.907,142.417,311213.7756
25.01.2021 18:00:00.000,142.408,143.278,142.157,142.648,227947.2198
25.01.2021 19:00:00.000,142.657,142.988,141.777,142.688,205569.1681
25.01.2021 20:00:00.000,142.667,143.118,141.737,142.858,243933.6853
26.01.2021 14:00:00.000,143.617,144.278,141.367,143.017,181611.8927
26.01.2021 15:00:00.000,143.027,143.197,141.887,142.648,282931.7932
26.01.2021 16:00:00.000,142.678,143.158,141.827,141.908,219841.1407
26.01.2021 17:00:00.000,141.918,142.438,141.898,142.207,135518.3716
26.01.2021 18:00:00.000,142.208,143.178,142.027,142.947,126901.268
26.01.2021 19:00:00.000,142.957,143.367,142.628,142.897,142627.2888
26.01.2021 20:00:00.000,142.907,143.308,142.747,143.158,184751.7395
27.01.2021 14:00:00.000,143.407,143.798,141.417,142.748,225406.8451
27.01.2021 15:00:00.000,142.757,144.278,142.757,143.317,344589.6606
27.01.2021 16:00:00.000,143.328,143.358,141.827,141.908,273144.104
27.01.2021 17:00:00.000,141.897,143.528,141.767,143.317,238164.3524
27.01.2021 18:00:00.000,143.318,143.638,142.907,143.338,204422.5159
27.01.2021 19:00:00.000,143.388,143.978,141.238,141.767,317475.1587
27.01.2021 20:00:00.000,141.757,142.618,140.397,142.108,455832.9468
28.01.2021 14:00:00.000,139.378,139.958,137.997,138.217,206610.5957
28.01.2021 15:00:00.000,138.217,140.318,137.997,139.217,330634.6741
28.01.2021 16:00:00.000,139.208,140.017,138.478,139.047,289377.3193
28.01.2021 17:00:00.000,139.058,141.967,138.997,140.698,302586.5173
28.01.2021 18:00:00.000,140.707,140.918,139.897,140.198,223742.4469
28.01.2021 19:00:00.000,140.207,140.328,139.018,139.307,229001.6174
28.01.2021 20:00:00.000,139.297,139.327,136.707,136.717,336568.2373
29.01.2021 14:00:00.000,135.787,136.718,133.787,135.068,236739.563
29.01.2021 15:00:00.000,135.088,135.558,133.827,134.107,369423.8281
29.01.2021 16:00:00.000,134.107,134.327,131.188,132.978,406430.6946
29.01.2021 17:00:00.000,132.968,133.288,130.207,130.558,395259.1858
29.01.2021 18:00:00.000,130.568,132.798,130.347,131.648,390683.8379
29.01.2021 19:00:00.000,131.648,132.578,131.027,131.617,355470.1233
29.01.2021 20:00:00.000,131.628,133.488,131.608,131.938,389617.5842
01.02.2021 14:00:00.000,133.697,134.788,130.937,132.267,225893.5852
01.02.2021 15:00:00.000,132.268,133.828,131.257,132.947,354137.4207
01.02.2021 16:00:00.000,132.957,134.418,132.287,133.757,258716.9495
01.02.2021 17:00:00.000,133.768,134.937,133.758,134.818,219542.4347
01.02.2021 18:00:00.000,134.817,135.367,134.267,134.738,173674.0417
01.02.2021 19:00:00.000,134.727,134.768,133.877,134.217,165217.0563
01.02.2021 20:00:00.000,134.228,134.828,134.037,134.038,227554.1534
02.02.2021 14:00:00.000,135.598,136.288,134.977,135.418,180230.6976
02.02.2021 15:00:00.000,135.427,136.018,135.017,135.458,277051.0864
02.02.2021 16:00:00.000,135.468,135.637,134.838,135.028,157578.8727
02.02.2021 17:00:00.000,135.028,135.468,134.897,134.998,118996.3074
02.02.2021 18:00:00.000,134.998,135.178,134.617,134.967,91037.3077
02.02.2021 19:00:00.000,134.978,135.108,134.727,134.858,92189.4913
02.02.2021 20:00:00.000,134.847,135.447,134.608,134.917,162159.4696
03.02.2021 14:00:00.000,135.517,135.628,134.338,135.338,177591.4612
03.02.2021 15:00:00.000,135.347,135.378,133.608,134.087,315399.5667
03.02.2021 16:00:00.000,134.107,134.748,133.857,134.567,182861.6333
03.02.2021 17:00:00.000,134.578,135.457,134.527,135.428,132280.2429
03.02.2021 18:00:00.000,135.437,135.538,134.807,134.988,118747.9477
03.02.2021 19:00:00.000,134.987,135.058,134.307,134.378,109876.9073
03.02.2021 20:00:00.000,134.367,134.577,133.887,133.887,177315.1245
04.02.2021 14:00:00.000,136.328,136.447,135.047,135.267,186313.7665
04.02.2021 15:00:00.000,135.258,135.737,134.587,135.007,264028.595
04.02.2021 16:00:00.000,134.998,136.328,134.988,136.017,156475.9369
04.02.2021 17:00:00.000,136.028,136.248,135.747,135.827,108798.2559
04.02.2021 18:00:00.000,135.838,136.248,135.747,136.207,73077.7359
04.02.2021 19:00:00.000,136.208,136.838,136.207,136.738,83837.204
04.02.2021 20:00:00.000,136.738,137.388,136.677,137.388,113442.0242
05.02.2021 14:00:00.000,137.307,137.398,136.068,136.518,155346.8933
05.02.2021 15:00:00.000,136.517,136.748,135.857,136.457,215747.6959
05.02.2021 16:00:00.000,136.458,136.758,136.187,136.568,133058.8074
05.02.2021 17:00:00.000,136.578,137.118,136.497,137.047,101293.6172
05.02.2021 18:00:00.000,137.057,137.308,136.507,136.527,100407.3334
05.02.2021 19:00:00.000,136.527,136.768,136.408,136.657,113733.963
05.02.2021 20:00:00.000,136.648,136.818,136.057,136.748,166602.5696
08.02.2021 14:00:00.000,136.018,136.227,134.918,135.677,151250.473
08.02.2021 15:00:00.000,135.677,136.668,135.587,136.598,174647.3236
08.02.2021 16:00:00.000,136.608,136.898,135.838,136.218,149915.5884
08.02.2021 17:00:00.000,136.227,136.528,135.827,135.967,87127.2736
08.02.2021 18:00:00.000,135.958,136.288,135.817,135.928,82328.4912
08.02.2021 19:00:00.000,135.927,136.308,135.888,136.307,69589.3021
08.02.2021 20:00:00.000,136.318,136.938,136.138,136.878,106074.3027
09.02.2021 14:00:00.000,136.647,137.667,136.478,136.938,152294.3878
09.02.2021 15:00:00.000,136.947,137.868,136.807,137.178,172652.5574
09.02.2021 16:00:00.000,137.188,137.248,136.418,136.458,22506.3705
09.02.2021 17:00:00.000,136.448,136.778,136.427,136.568,98837.8067
09.02.2021 18:00:00.000,136.558,136.597,136.177,136.407,84324.1501
09.02.2021 19:00:00.000,136.418,136.788,136.407,136.708,62611.1794
09.02.2021 20:00:00.000,136.708,136.727,135.847,136.027,97169.1437
10.02.2021 14:00:00.000,136.398,136.968,136.127,136.358,128156.3873
10.02.2021 15:00:00.000,136.388,136.717,134.398,135.347,335556.8542
10.02.2021 16:00:00.000,135.347,135.638,134.817,135.408,238406.3416
10.02.2021 17:00:00.000,135.418,135.448,135.037,135.077,152509.5978
10.02.2021 18:00:00.000,135.077,135.228,134.927,135.057,73924.2783
10.02.2021 19:00:00.000,135.068,135.828,135.027,135.598,128793.2739
10.02.2021 20:00:00.000,135.617,135.787,134.977,135.367,159235.733
11.02.2021 14:00:00.000,135.888,136.368,134.997,135.017,139229.0955
11.02.2021 15:00:00.000,135.037,135.518,134.917,135.097,190216.5527
11.02.2021 16:00:00.000,135.098,135.218,134.747,134.898,117158.7067
11.02.2021 17:00:00.000,134.897,134.988,133.877,134.277,208632.309
11.02.2021 18:00:00.000,134.277,134.378,133.947,134.178,126678.093
11.02.2021 19:00:00.000,134.167,134.328,133.767,134.328,137915.329
11.02.2021 20:00:00.000,134.317,135.258,134.297,135.107,140204.2999
12.02.2021 14:00:00.000,134.247,134.688,133.787,133.858,140598.8159
12.02.2021 15:00:00.000,133.847,134.838,133.687,134.548,168443.4814
12.02.2021 16:00:00.000,134.548,134.758,134.287,134.307,125585.7468
12.02.2021 17:00:00.000,134.318,134.488,134.067,134.307,81047.0886
12.02.2021 18:00:00.000,134.318,134.378,134.077,134.267,73105.5603
12.02.2021 19:00:00.000,134.258,134.678,134.067,134.587,57788.1165
12.02.2021 20:00:00.000,134.598,135.498,134.457,135.358,115559.5169
16.02.2021 14:00:00.000,135.427,135.987,134.677,135.027,154684.7076
16.02.2021 15:00:00.000,135.038,135.138,134.147,134.297,195390.8844
16.02.2021 16:00:00.000,134.298,134.318,132.947,133.098,176244.6442
16.02.2021 17:00:00.000,133.097,133.718,132.907,133.468,153560.5621
16.02.2021 18:00:00.000,133.477,133.548,132.807,132.918,93431.5567
16.02.2021 19:00:00.000,132.918,133.638,132.917,133.158,91418.2663
16.02.2021 20:00:00.000,133.147,133.448,133.007,133.148,134965.6067
17.02.2021 14:00:00.000,131.128,132.208,130.807,130.818,184845.8405
17.02.2021 15:00:00.000,130.808,131.028,129.888,130.858,284252.533
17.02.2021 16:00:00.000,130.858,130.978,129.467,130.238,191500.1221
17.02.2021 17:00:00.000,130.248,130.408,129.688,130.378,110783.7296
17.02.2021 18:00:00.000,130.368,130.648,130.157,130.488,124179.2068
17.02.2021 19:00:00.000,130.498,130.717,130.247,130.338,115223.7473
17.02.2021 20:00:00.000,130.328,130.968,130.257,130.808,112737.6175
18.02.2021 14:00:00.000,129.058,129.668,128.497,129.507,177076.0956
18.02.2021 15:00:00.000,129.518,129.557,127.407,128.548,253937.1948
18.02.2021 16:00:00.000,128.538,129.088,128.107,128.328,174600.3876
18.02.2021 17:00:00.000,128.327,128.818,127.897,128.688,134584.3048
18.02.2021 18:00:00.000,128.678,129.048,128.447,128.538,116227.8366
18.02.2021 19:00:00.000,128.547,129.117,128.457,129.068,78268.6768
18.02.2021 20:00:00.000,129.057,129.977,129.017,129.708,146833.5571
19.02.2021 14:00:00.000,130.118,130.428,129.437,130.428,156120.6207
19.02.2021 15:00:00.000,130.408,130.518,129.468,129.938,189729.248
19.02.2021 16:00:00.000,129.938,130.697,129.818,130.068,142843.399
19.02.2021 17:00:00.000,130.068,130.158,129.027,129.318,195551.8036
19.02.2021 18:00:00.000,129.328,129.408,128.797,129.128,177830.0476
19.02.2021 19:00:00.000,129.127,129.647,128.827,129.637,151083.0231
19.02.2021 20:00:00.000,129.638,130.078,129.577,129.828,166588.2416
22.02.2021 14:00:00.000,127.848,129.698,127.817,128.467,191212.4023
22.02.2021 15:00:00.000,128.477,128.838,125.587,125.908,284419.8914
22.02.2021 16:00:00.000,125.908,127.237,125.797,126.897,216304.9469
22.02.2021 17:00:00.000,126.877,127.248,126.497,127.248,146485.6567
22.02.2021 18:00:00.000,127.267,127.938,126.927,127.747,94119.278
22.02.2021 19:00:00.000,127.757,127.817,127.177,127.277,92365.8371
22.02.2021 20:00:00.000,127.278,127.288,125.987,125.987,205505.2795
23.02.2021 14:00:00.000,123.748,123.748,118.378,121.708,290827.4536
23.02.2021 15:00:00.000,121.707,123.908,121.397,123.628,438896.759
23.02.2021 16:00:00.000,123.638,124.108,122.017,122.118,329731.7505
23.02.2021 17:00:00.000,122.087,122.798,121.307,122.128,289507.3853
23.02.2021 18:00:00.000,122.137,124.588,121.898,124.398,288570.6482
23.02.2021 19:00:00.000,124.388,125.638,124.187,125.627,278950.1343
23.02.2021 20:00:00.000,125.637,126.698,125.457,125.847,332018.0664
24.02.2021 14:00:00.000,124.958,125.327,123.207,123.358,247640.3656
24.02.2021 15:00:00.000,123.367,124.468,122.227,124.247,365430.2673
24.02.2021 16:00:00.000,124.247,124.918,123.947,124.517,243015.6708
24.02.2021 17:00:00.000,124.527,125.128,124.407,124.428,157492.7216
24.02.2021 18:00:00.000,124.428,125.168,123.947,124.907,177553.3142
24.02.2021 19:00:00.000,124.918,124.978,124.277,124.447,171970.4895
24.02.2021 20:00:00.000,124.458,125.548,124.207,125.268,180871.7957
25.02.2021 14:00:00.000,124.588,126.438,124.207,124.618,204700.9125
25.02.2021 15:00:00.000,124.608,124.638,123.128,123.988,334821.7468
25.02.2021 16:00:00.000,123.977,124.218,122.447,122.598,246047.9126
25.02.2021 17:00:00.000,122.577,122.877,121.257,121.278,355930.1758
25.02.2021 18:00:00.000,121.268,122.628,120.747,122.178,436471.5576
25.02.2021 19:00:00.000,122.167,123.418,121.988,122.047,301424.9573
25.02.2021 20:00:00.000,122.038,122.268,120.537,120.997,413990.8142
26.02.2021 14:00:00.000,122.508,123.928,121.997,122.298,267659.0881
26.02.2021 15:00:00.000,122.297,124.108,121.277,123.838,514959.3506
26.02.2021 16:00:00.000,123.827,124.468,122.987,124.348,382045.5322
26.02.2021 17:00:00.000,124.357,124.748,123.577,123.667,281483.49
26.02.2021 18:00:00.000,123.678,124.338,122.757,123.068,309382.5378
26.02.2021 19:00:00.000,123.058,123.678,122.777,123.588,313475.7996
26.02.2021 20:00:00.000,123.568,124.838,121.247,121.247,345720.7031
01.03.2021 14:00:00.000,123.797,124.818,122.787,124.807,225072.6471
01.03.2021 15:00:00.000,124.797,125.717,124.497,125.608,272396.9727
01.03.2021 16:00:00.000,125.617,126.588,125.418,126.527,182817.3218
01.03.2021 17:00:00.000,126.528,126.607,125.827,126.147,141425.3845
01.03.2021 18:00:00.000,126.168,126.538,125.657,126.348,133215.6067
01.03.2021 19:00:00.000,126.327,127.738,126.267,127.568,127849.0906
01.03.2021 20:00:00.000,127.578,127.918,127.267,127.767,152424.408
02.03.2021 14:00:00.000,128.297,128.688,126.178,126.708,214998.1842
02.03.2021 15:00:00.000,126.717,127.188,125.718,126.118,366026.4893
02.03.2021 16:00:00.000,126.127,126.437,125.447,125.808,275179.657
02.03.2021 17:00:00.000,125.797,126.658,125.717,126.158,155384.5215
02.03.2021 18:00:00.000,126.167,126.408,125.937,125.968,145521.8964
02.03.2021 19:00:00.000,125.977,126.198,125.577,126.008,182232.3151
02.03.2021 20:00:00.000,126.007,126.308,125.007,125.148,220443.7256
03.03.2021 14:00:00.000,124.818,125.677,123.758,123.987,228043.6249
03.03.2021 15:00:00.000,123.987,124.688,123.117,124.628,418765.8081
03.03.2021 16:00:00.000,124.618,124.928,124.017,124.047,259587.3108
03.03.2021 17:00:00.000,124.068,124.458,123.447,123.467,188971.5271
03.03.2021 18:00:00.000,123.458,124.157,122.927,123.138,230014.7247
03.03.2021 19:00:00.000,123.138,123.197,121.827,122.798,305682.0679
03.03.2021 20:00:00.000,122.788,122.968,121.987,122.057,304294.1895
04.03.2021 14:00:00.000,121.698,123.587,120.587,120.918,247578.476
04.03.2021 15:00:00.000,120.948,122.988,120.308,122.807,451212.9517
04.03.2021 16:00:00.000,122.798,123.258,121.958,122.537,365359.7717
04.03.2021 17:00:00.000,122.537,123.038,119.987,120.388,494200.1648
04.03.2021 18:00:00.000,120.378,120.688,118.687,118.738,503763.031
04.03.2021 19:00:00.000,118.728,120.838,118.617,120.327,358223.5107
04.03.2021 20:00:00.000,120.318,120.498,119.507,120.217,325156.8909
05.03.2021 14:00:00.000,120.958,121.648,118.607,119.127,208931.3507
05.03.2021 15:00:00.000,119.117,119.998,118.368,118.927,419687.1643
05.03.2021 16:00:00.000,118.937,119.308,117.558,118.998,369351.0132
05.03.2021 17:00:00.000,118.987,119.708,118.547,119.198,318148.1934
05.03.2021 18:00:00.000,119.177,120.688,118.448,120.267,281326.7822
05.03.2021 19:00:00.000,120.278,121.458,119.627,121.328,237002.4261
05.03.2021 20:00:00.000,121.337,121.928,120.857,121.368,238605.896
08.03.2021 14:00:00.000,120.918,120.978,118.257,118.448,213279.0375
08.03.2021 15:00:00.000,118.457,119.477,118.047,118.627,327509.2468
08.03.2021 16:00:00.000,118.637,119.018,117.627,117.628,206947.8455
08.03.2021 17:00:00.000,117.627,118.248,117.407,117.728,165663.3148
08.03.2021 18:00:00.000,117.718,118.238,116.747,116.797,139636.0779
08.03.2021 19:00:00.000,116.788,117.808,116.777,117.237,154356.9031
08.03.2021 20:00:00.000,117.227,117.378,116.197,116.398,192700.47
09.03.2021 14:00:00.000,118.998,120.478,118.787,120.267,160542.3584
09.03.2021 15:00:00.000,120.267,121.547,120.067,120.267,270139.0686
09.03.2021 16:00:00.000,120.278,120.668,120.047,120.547,184954.3457
09.03.2021 17:00:00.000,120.568,121.228,120.458,120.867,75967.5293
09.03.2021 18:00:00.000,120.877,121.938,120.877,121.627,83084.7931
09.03.2021 19:00:00.000,121.638,121.717,121.057,121.547,75163.0402
09.03.2021 20:00:00.000,121.537,122.048,120.818,121.078,119634.8724
10.03.2021 14:00:00.000,121.597,122.138,120.097,120.707,189988.8458
10.03.2021 15:00:00.000,120.718,121.118,119.447,119.867,295101.5625
10.03.2021 16:00:00.000,119.878,120.478,119.467,120.347,234832.2906
10.03.2021 17:00:00.000,120.337,120.478,119.587,120.178,147652.4658
10.03.2021 18:00:00.000,120.178,120.468,119.547,119.998,231399.8413
10.03.2021 19:00:00.000,120.007,120.908,119.807,120.658,135239.5325
10.03.2021 20:00:00.000,120.658,120.828,119.847,119.967,139433.6243
11.03.2021 14:00:00.000,122.287,123.187,121.407,121.677,148915.1764
11.03.2021 15:00:00.000,121.707,122.388,121.267,122.357,205624.9847
11.03.2021 16:00:00.000,122.367,122.758,122.008,122.008,107960.5637
11.03.2021 17:00:00.000,122.007,122.447,121.727,121.827,76804.6722
11.03.2021 18:00:00.000,121.817,122.298,121.547,121.897,88630.3635
11.03.2021 19:00:00.000,121.898,122.037,121.697,121.818,67522.377
11.03.2021 20:00:00.000,121.807,122.218,121.797,121.948,70760.9024
12.03.2021 14:00:00.000,120.327,120.568,119.147,119.907,125718.2236
12.03.2021 15:00:00.000,119.917,120.278,119.267,119.587,202219.4824
12.03.2021 16:00:00.000,119.598,120.197,119.417,120.107,123966.3391
12.03.2021 17:00:00.000,120.117,121.068,119.987,120.677,91467.4225
12.03.2021 18:00:00.000,120.668,120.998,120.417,120.638,66967.9031
12.03.2021 19:00:00.000,120.648,120.888,120.497,120.748,60508.1291
12.03.2021 20:00:00.000,120.758,121.158,120.457,121.038,68777.1301
15.03.2021 13:00:00.000,121.437,123.628,120.407,123.247,137444.7937
15.03.2021 14:00:00.000,123.247,123.457,122.227,123.107,219090.3473
15.03.2021 15:00:00.000,123.107,123.218,122.037,122.338,133941.3452
15.03.2021 16:00:00.000,122.317,122.608,122.197,122.518,79512.2375
15.03.2021 17:00:00.000,122.528,123.148,122.437,123.087,55878.7193
15.03.2021 18:00:00.000,123.088,123.618,123.088,123.358,53907.0015
15.03.2021 19:00:00.000,123.358,123.988,123.057,123.987,66268.2495
16.03.2021 13:00:00.000,125.698,126.638,125.077,126.488,141642.1509
16.03.2021 14:00:00.000,126.498,127.208,126.047,126.927,171030.7922
16.03.2021 15:00:00.000,126.917,127.048,126.158,126.218,118319.2902
16.03.2021 16:00:00.000,126.228,126.318,125.317,125.848,136220.1538
16.03.2021 17:00:00.000,125.847,126.268,125.327,125.627,103399.3073
16.03.2021 18:00:00.000,125.617,125.828,124.707,125.327,176845.2606
16.03.2021 19:00:00.000,125.318,125.918,125.227,125.548,107357.1472
17.03.2021 13:00:00.000,124.008,124.182,122.828,123.268,139056.8848
17.03.2021 14:00:00.000,123.268,123.618,122.797,123.038,197382.5226
17.03.2021 15:00:00.000,123.037,123.048,122.467,122.657,130609.4055
17.03.2021 16:00:00.000,122.647,122.888,122.388,122.468,70564.5905
17.03.2021 17:00:00.000,122.458,122.918,122.327,122.808,85818.5196
17.03.2021 18:00:00.000,122.818,125.368,122.818,125.357,291713.2263
17.03.2021 19:00:00.000,125.357,125.848,124.278,124.737,176777.1759
18.03.2021 13:00:00.000,122.807,123.168,121.777,122.347,140058.6243
18.03.2021 14:00:00.000,122.348,122.628,121.578,122.497,199136.3831
18.03.2021 15:00:00.000,122.507,122.718,121.767,121.918,121473.053
18.03.2021 16:00:00.000,121.908,122.578,121.707,121.747,86048.4085
18.03.2021 17:00:00.000,121.737,122.207,121.697,121.957,47538.2996
18.03.2021 18:00:00.000,121.968,122.017,121.007,121.168,98515.5411
18.03.2021 19:00:00.000,121.157,121.358,120.317,120.528,170814.2395
19.03.2021 13:00:00.000,119.878,121.378,119.718,120.668,165853.1952
19.03.2021 14:00:00.000,120.648,120.718,119.667,120.498,206598.0835
19.03.2021 15:00:00.000,120.508,120.608,119.857,120.458,131949.4476
19.03.2021 16:00:00.000,120.457,121.148,120.407,120.918,105363.0295
19.03.2021 17:00:00.000,120.927,120.937,120.267,120.307,79953.4988
19.03.2021 18:00:00.000,120.317,120.477,119.907,120.107,59318.8286
19.03.2021 19:00:00.000,120.098,120.918,119.847,119.848,99013.8321
22.03.2021 13:00:00.000,120.347,121.778,120.247,121.418,133474.7467
22.03.2021 14:00:00.000,121.428,122.678,121.428,122.567,181688.5223
22.03.2021 15:00:00.000,122.577,122.828,122.187,122.307,90301.3992
22.03.2021 16:00:00.000,122.308,123.758,122.308,123.418,84678.2837
22.03.2021 17:00:00.000,123.428,123.688,123.037,123.677,64924.6368
22.03.2021 18:00:00.000,123.668,123.828,123.397,123.787,63784.3513
22.03.2021 19:00:00.000,123.778,123.858,123.017,123.377,78329.9637
23.03.2021 13:00:00.000,123.247,123.658,122.528,122.738,127719.3069
23.03.2021 14:00:00.000,122.727,123.747,122.597,123.238,217508.255
23.03.2021 15:00:00.000,123.227,124.228,122.827,123.168,156216.5833
23.03.2021 16:00:00.000,123.177,123.358,122.657,123.138,172278.3966
23.03.2021 17:00:00.000,123.147,123.607,122.917,123.038,96198.6923
23.03.2021 18:00:00.000,123.047,123.418,122.507,122.518,112536.9568
23.03.2021 19:00:00.000,122.508,122.808,122.137,122.528,194858.7189
24.03.2021 13:00:00.000,122.828,122.847,121.598,121.627,131342.6666
24.03.2021 14:00:00.000,121.597,122.008,121.107,121.708,215853.0731
24.03.2021 15:00:00.000,121.708,122.438,121.438,121.547,123441.0095
24.03.2021 16:00:00.000,121.558,121.718,121.108,121.117,113128.3035
24.03.2021 17:00:00.000,121.118,121.467,120.647,121.428,96993.4235
24.03.2021 18:00:00.000,121.418,121.538,120.517,120.558,110879.4403
24.03.2021 19:00:00.000,120.568,120.838,120.057,120.067,146952.1942
25.03.2021 13:00:00.000,119.428,121.038,118.987,121.007,164173.3551
25.03.2021 14:00:00.000,121.007,121.647,119.277,119.698,284260.7117
25.03.2021 15:00:00.000,119.697,119.937,119.087,119.718,261317.2302
25.03.2021 16:00:00.000,119.708,120.338,119.517,120.147,165410.8887
25.03.2021 17:00:00.000,120.158,120.587,119.767,119.957,207404.0833
25.03.2021 18:00:00.000,119.948,120.598,119.488,120.567,174910.4156
25.03.2021 19:00:00.000,120.538,121.088,120.537,120.588,180836.853
26.03.2021 13:00:00.000,120.228,121.068,119.998,120.138,143096.0083
26.03.2021 14:00:00.000,120.148,120.748,119.797,120.137,189511.7645
26.03.2021 15:00:00.000,120.128,120.437,119.478,120.437,136345.3369
26.03.2021 16:00:00.000,120.447,120.718,120.017,120.437,124352.6993
26.03.2021 17:00:00.000,120.438,120.668,119.817,119.888,126898.5138
26.03.2021 18:00:00.000,119.888,120.118,118.917,119.577,182749.5728
26.03.2021 19:00:00.000,119.587,121.448,119.567,121.177,138766.1438
29.03.2021 13:00:00.000,121.648,122.568,121.207,121.317,137529.4647
29.03.2021 14:00:00.000,121.327,122.078,120.858,121.588,205962.8448
29.03.2021 15:00:00.000,121.597,121.597,120.927,121.187,162842.2241
29.03.2021 16:00:00.000,121.198,121.377,120.718,121.358,94717.5674
29.03.2021 17:00:00.000,121.368,121.968,121.368,121.647,74914.3982
29.03.2021 18:00:00.000,121.637,121.678,121.017,121.157,123591.8503
29.03.2021 19:00:00.000,121.168,121.728,121.008,121.378,122875.8469
30.03.2021 13:00:00.000,120.157,120.388,119.247,119.488,129783.9355
30.03.2021 14:00:00.000,119.487,119.628,118.857,119.498,144344.3298
30.03.2021 15:00:00.000,119.497,120.358,119.347,119.868,92630.3711
30.03.2021 16:00:00.000,119.857,119.958,119.567,119.727,79007.4615
30.03.2021 17:00:00.000,119.737,120.067,119.507,119.738,55488.8611
30.03.2021 18:00:00.000,119.727,119.818,119.457,119.698,61928.6804
30.03.2021 19:00:00.000,119.708,120.228,119.388,119.958,55122.4098
31.03.2021 13:00:00.000,121.647,123.038,121.147,122.958,104448.0362
31.03.2021 14:00:00.000,122.957,123.238,122.517,122.807,127561.4624
31.03.2021 15:00:00.000,122.797,123.297,122.647,123.277,90512.291
31.03.2021 16:00:00.000,123.237,123.518,123.067,123.067,70831.8787
31.03.2021 17:00:00.000,123.057,123.368,122.777,122.828,47822.4411
31.03.2021 18:00:00.000,122.838,122.908,122.438,122.778,56027.3018
31.03.2021 19:00:00.000,122.757,122.868,121.987,122.127,93055.3665
01.04.2021 13:00:00.000,123.608,124.167,123.257,123.577,83342.8116
01.04.2021 14:00:00.000,123.568,123.658,122.997,123.447,93825.8286
01.04.2021 15:00:00.000,123.427,123.688,122.887,122.897,64173.6374
01.04.2021 16:00:00.000,122.887,123.428,122.837,123.178,43184.1087
01.04.2021 17:00:00.000,123.168,123.237,122.617,122.668,25594.9898
01.04.2021 18:00:00.000,122.677,122.948,122.568,122.668,22664.4096
01.04.2021 19:00:00.000,122.658,122.987,122.487,122.987,31698.3395
05.04.2021 13:00:00.000,123.618,125.118,123.067,124.807,105712.677
05.04.2021 14:00:00.000,124.808,125.607,124.557,125.157,97012.6419
05.04.2021 15:00:00.000,125.167,125.558,124.818,125.317,78454.5822
05.04.2021 16:00:00.000,125.327,125.948,125.307,125.557,56388.7215
05.04.2021 17:00:00.000,125.558,126.068,125.527,126.038,67552.1927
05.04.2021 18:00:00.000,126.047,126.157,125.597,125.627,47406.1203
05.04.2021 19:00:00.000,125.637,125.988,125.308,125.868,75347.3511
06.04.2021 13:00:00.000,126.437,126.568,125.638,126.558,102473.6481
06.04.2021 14:00:00.000,126.548,126.948,125.968,126.557,109700.8133
06.04.2021 15:00:00.000,126.557,127.118,126.497,126.917,63343.2198
06.04.2021 16:00:00.000,126.908,126.927,126.207,126.227,55720.4704
06.04.2021 17:00:00.000,126.217,126.278,125.737,126.178,60468.3685
06.04.2021 18:00:00.000,126.187,126.598,126.108,126.538,49300.9605
06.04.2021 19:00:00.000,126.538,126.668,125.997,126.197,79986.9003
07.04.2021 13:00:00.000,125.878,126.198,125.137,126.107,93138.9694
07.04.2021 14:00:00.000,126.108,127.237,126.037,126.887,94989.4104
07.04.2021 15:00:00.000,126.898,127.448,126.747,127.307,78541.3971
07.04.2021 16:00:00.000,127.307,127.468,127.027,127.077,70213.8367
07.04.2021 17:00:00.000,127.068,127.238,126.847,127.237,54279.9301
07.04.2021 18:00:00.000,127.247,127.768,127.227,127.568,58755.909
07.04.2021 19:00:00.000,127.578,127.908,127.207,127.907,66635.1471
08.04.2021 13:00:00.000,129.007,129.988,128.518,129.967,101706.5811
08.04.2021 14:00:00.000,129.977,130.058,129.017,129.237,105768.4937
08.04.2021 15:00:00.000,129.237,129.647,129.057,129.577,52910.4996
08.04.2021 16:00:00.000,129.577,129.888,129.398,129.807,38367.5003
08.04.2021 17:00:00.000,129.798,130.257,129.738,129.937,33939.3005
08.04.2021 18:00:00.000,129.937,130.378,129.897,130.268,30280.5004
08.04.2021 19:00:00.000,130.277,130.368,129.917,130.368,32726.6388
09.04.2021 13:00:00.000,129.852,131.048,129.468,130.838,104183.0215
09.04.2021 14:00:00.000,130.847,131.417,130.658,130.768,105991.6611
09.04.2021 15:00:00.000,130.787,131.538,130.537,131.427,72322.7692
09.04.2021 16:00:00.000,131.447,131.798,131.267,131.767,53770.771
09.04.2021 17:00:00.000,131.777,132.618,131.727,132.397,61715.3587
09.04.2021 18:00:00.000,132.397,132.487,132.007,132.257,64500.9232
09.04.2021 19:00:00.000,132.248,132.988,131.888,132.947,74351.7532
12.04.2021 13:00:00.000,132.268,132.837,131.357,131.638,98588.6536
12.04.2021 14:00:00.000,131.637,132.217,131.037,131.168,112560.5698
12.04.2021 15:00:00.000,131.177,131.418,130.627,130.968,81975.1816
12.04.2021 16:00:00.000,130.967,131.847,130.837,131.838,54884.2888
12.04.2021 17:00:00.000,131.838,132.258,131.447,131.498,56005.4817
12.04.2021 18:00:00.000,131.488,131.818,130.917,131.008,53602.6001
12.04.2021 19:00:00.000,130.988,131.518,130.837,131.257,67623.291
13.04.2021 13:00:00.000,132.247,133.668,131.927,133.108,101744.3771
13.04.2021 14:00:00.000,133.117,133.638,132.757,133.148,115283.2031
13.04.2021 15:00:00.000,133.147,133.418,132.817,133.047,67076.0727
13.04.2021 16:00:00.000,133.048,134.647,132.997,134.117,122466.9189
13.04.2021 17:00:00.000,134.128,134.518,134.067,134.267,72268.9133
13.04.2021 18:00:00.000,134.257,134.538,134.047,134.347,65564.2471
13.04.2021 19:00:00.000,134.368,134.588,134.207,134.398,71584.8923
14.04.2021 13:00:00.000,134.918,134.978,133.457,134.008,103997.8867
14.04.2021 14:00:00.000,133.998,134.018,133.247,133.277,154898.7122
14.04.2021 15:00:00.000,133.288,133.468,132.567,133.318,111992.6682
14.04.2021 16:00:00.000,133.327,133.607,132.978,133.517,102852.4628
14.04.2021 17:00:00.000,133.518,133.568,132.567,132.667,69148.3994
14.04.2021 18:00:00.000,132.668,132.948,131.647,132.278,157372.345
14.04.2021 19:00:00.000,132.287,132.638,131.807,132.118,153997.4976
15.04.2021 13:00:00.000,133.898,134.948,133.637,134.338,100139.9994
15.04.2021 14:00:00.000,134.338,134.978,134.077,134.297,116677.4979
15.04.2021 15:00:00.000,134.288,134.687,134.047,134.298,90682.5027
15.04.2021 16:00:00.000,134.288,134.578,133.697,134.568,84232.4982
15.04.2021 17:00:00.000,134.557,134.748,134.257,134.578,76102.5009
15.04.2021 18:00:00.000,134.588,134.678,134.127,134.267,66105.0034
15.04.2021 19:00:00.000,134.268,134.488,133.937,134.488,64169.9982
16.04.2021 13:00:00.000,134.277,134.628,133.277,133.408,108540.0009
16.04.2021 14:00:00.000,133.387,134.568,133.348,133.958,165412.5061
16.04.2021 15:00:00.000,133.957,134.088,133.667,133.827,94687.5
16.04.2021 16:00:00.000,133.817,134.118,133.727,133.778,57884.9983
16.04.2021 17:00:00.000,133.768,133.908,133.517,133.527,48067.5011
16.04.2021 18:00:00.000,133.517,134.108,133.507,133.988,46485.0006
16.04.2021 19:00:00.000,133.988,134.168,133.877,134.108,51750
19.04.2021 13:00:00.000,133.407,135.317,133.318,135.207,104242.5003
19.04.2021 14:00:00.000,135.218,135.458,134.157,134.787,192539.9933
19.04.2021 15:00:00.000,134.777,135.078,134.247,134.367,169755.0049
19.04.2021 16:00:00.000,134.357,134.518,133.717,134.048,136574.9969
19.04.2021 17:00:00.000,134.038,134.658,133.957,134.548,86084.9991
19.04.2021 18:00:00.000,134.538,134.808,134.327,134.568,88785.0037
19.04.2021 19:00:00.000,134.567,134.917,134.137,134.868,79275.0015
20.04.2021 13:00:00.000,134.997,135.518,134.438,135.208,124319.9997
20.04.2021 14:00:00.000,135.198,135.428,133.497,133.667,208282.5012
20.04.2021 15:00:00.000,133.658,133.788,132.278,133.148,163589.9963
20.04.2021 16:00:00.000,133.157,133.718,133.108,133.548,98940.0024
20.04.2021 17:00:00.000,133.537,133.818,132.347,133.148,142972.5037
20.04.2021 18:00:00.000,133.157,133.158,131.807,131.977,115507.4997
20.04.2021 19:00:00.000,131.978,133.188,131.978,133.098,92669.9982
21.04.2021 13:00:00.000,132.297,133.038,131.298,132.617,144247.4976
21.04.2021 14:00:00.000,132.618,132.618,131.907,132.157,186352.4933
21.04.2021 15:00:00.000,132.157,133.487,132.076,133.426,127110.0006
21.04.2021 16:00:00.000,133.427,133.427,132.746,132.827,74910.0037
21.04.2021 17:00:00.000,132.836,133.247,132.806,133.057,45915.0009
21.04.2021 18:00:00.000,133.046,133.416,133.046,133.197,49447.4983
21.04.2021 19:00:00.000,133.186,133.736,133.086,133.487,54172.5006
22.04.2021 13:00:00.000,132.896,133.247,132.596,132.936,109949.9969
22.04.2021 14:00:00.000,132.937,134.137,132.606,133.956,153585.0067
22.04.2021 15:00:00.000,133.957,134.096,133.606,133.807,90457.4966
22.04.2021 16:00:00.000,133.806,134.077,133.527,134.017,56212.5015
22.04.2021 17:00:00.000,134.027,134.067,131.616,131.786,277829.9866
22.04.2021 18:00:00.000,131.787,132.596,131.406,132.236,207292.4957
22.04.2021 19:00:00.000,132.247,132.516,131.856,131.936,147884.9945
23.04.2021 13:00:00.000,132.166,133.366,132.096,133.166,101902.4963
23.04.2021 14:00:00.000,133.157,133.767,132.997,133.726,127739.9979
23.04.2021 15:00:00.000,133.726,134.567,133.616,134.367,75269.9966
23.04.2021 16:00:00.000,134.357,134.587,134.107,134.586,46657.5012
23.04.2021 17:00:00.000,134.596,135.106,134.486,134.617,39127.4986
23.04.2021 18:00:00.000,134.617,135.087,134.596,134.846,40650.0015
23.04.2021 19:00:00.000,134.856,134.977,134.187,134.287,52334.9991
26.04.2021 13:00:00.000,134.747,134.926,133.556,134.077,102592.6437
26.04.2021 14:00:00.000,134.076,134.777,134.026,134.477,134294.9982
26.04.2021 15:00:00.000,134.477,134.817,134.436,134.497,46297.5006
26.04.2021 16:00:00.000,134.486,134.627,134.196,134.477,41924.9992
26.04.2021 17:00:00.000,134.487,134.677,134.346,134.396,37732.4982
26.04.2021 18:00:00.000,134.406,135.047,134.396,135.016,38369.9989
26.04.2021 19:00:00.000,135.016,135.047,134.426,134.727,69870.0027
27.04.2021 13:00:00.000,135.006,135.346,134.256,134.457,99037.4985
27.04.2021 14:00:00.000,134.427,134.927,134.107,134.367,170377.5024
27.04.2021 15:00:00.000,134.367,134.657,134.276,134.406,51435.0014
27.04.2021 16:00:00.000,134.407,135.066,134.406,134.647,30412.5004
27.04.2021 17:00:00.000,134.637,134.747,134.446,134.506,28245.0008
27.04.2021 18:00:00.000,134.516,134.837,134.346,134.497,28432.5008
27.04.2021 19:00:00.000,134.486,134.787,134.196,134.347,55897.4991
28.04.2021 13:00:00.000,134.187,134.907,133.916,134.666,106207.4966
28.04.2021 14:00:00.000,134.676,135.007,133.787,134.107,117907.5012
28.04.2021 15:00:00.000,134.106,134.216,133.076,133.217,73657.5012
28.04.2021 16:00:00.000,133.226,133.797,133.086,133.626,76275.0015
28.04.2021 17:00:00.000,133.636,134.026,133.507,133.956,51659.9998
28.04.2021 18:00:00.000,133.957,134.767,133.646,134.297,140332.5043
28.04.2021 19:00:00.000,134.307,134.386,133.306,133.776,120690.0024
29.04.2021 13:00:00.000,136.426,137.047,133.866,134.216,175009.9945
29.04.2021 14:00:00.000,134.227,134.547,133.596,134.166,267450.0122
29.04.2021 15:00:00.000,134.166,134.657,132.696,133.147,157380.0049
29.04.2021 16:00:00.000,133.157,133.187,132.446,132.966,154529.9988
29.04.2021 17:00:00.000,132.966,133.857,132.796,133.817,109605.0034
29.04.2021 18:00:00.000,133.817,134.557,133.726,134.197,93764.9994
29.04.2021 19:00:00.000,134.196,134.417,133.256,133.476,81127.5024
30.04.2021 13:00:00.000,131.756,132.826,131.357,132.746,120727.5009
30.04.2021 14:00:00.000,132.737,133.547,132.196,133.447,182767.5018
30.04.2021 15:00:00.000,133.457,133.457,133.016,133.016,98894.9966
30.04.2021 16:00:00.000,133.016,133.167,132.266,132.426,78322.5021
30.04.2021 17:00:00.000,132.416,132.636,131.626,131.736,78180.0003
30.04.2021 18:00:00.000,131.747,132.057,131.487,131.856,91425.0031
30.04.2021 19:00:00.000,131.866,132.127,131.056,131.476,107482.4982
03.05.2021 13:00:00.000,132.007,133.337,131.806,133.177,114067.4973
03.05.2021 14:00:00.000,133.156,134.057,132.627,132.766,164812.5
03.05.2021 15:00:00.000,132.757,132.947,132.136,132.806,146362.5031
03.05.2021 16:00:00.000,132.797,132.907,132.306,132.436,86055.0003
03.05.2021 17:00:00.000,132.446,132.597,132.197,132.457,64597.5037
03.05.2021 18:00:00.000,132.447,132.946,132.446,132.826,55747.5014
03.05.2021 19:00:00.000,132.827,132.967,132.386,132.556,52470.0012
04.05.2021 13:00:00.000,130.996,131.467,128.386,128.517,167497.4976
04.05.2021 14:00:00.000,128.516,128.806,127.827,128.187,229807.724
04.05.2021 15:00:00.000,128.197,128.257,126.726,126.926,168232.4982
04.05.2021 16:00:00.000,126.917,127.467,126.827,126.867,92790.0009
04.05.2021 17:00:00.000,126.856,127.287,126.696,126.976,98294.9982
04.05.2021 18:00:00.000,126.977,127.577,126.856,127.417,96944.9997
04.05.2021 19:00:00.000,127.427,127.967,127.136,127.967,113272.4991
05.05.2021 13:00:00.000,129.166,130.437,129.106,129.687,133784.317
05.05.2021 14:00:00.000,129.687,129.897,128.856,129.746,205739.5782
05.05.2021 15:00:00.000,129.736,130.187,129.467,130.136,89520.8817
05.05.2021 16:00:00.000,130.146,130.177,129.397,129.436,57263.2408
05.05.2021 17:00:00.000,129.447,129.566,129.146,129.296,56394.5618
05.05.2021 18:00:00.000,129.297,129.317,128.636,128.797,60440.0597
05.05.2021 19:00:00.000,128.787,128.817,127.966,128.157,123209.4421
06.05.2021 13:00:00.000,127.837,128.537,127.117,127.576,154511.3678
06.05.2021 14:00:00.000,127.567,128.506,127.307,128.126,221838.913
06.05.2021 15:00:00.000,128.136,129.047,127.626,128.717,155784.9579
06.05.2021 16:00:00.000,128.726,129.227,128.596,128.877,99985.8704
06.05.2021 17:00:00.000,128.866,128.997,128.546,128.717,92265.625
06.05.2021 18:00:00.000,128.696,129.027,128.316,128.667,132214.4928
06.05.2021 19:00:00.000,128.676,129.737,128.596,129.706,129001.3428
07.05.2021 13:00:00.000,130.826,130.967,129.456,130.116,213804.184
07.05.2021 14:00:00.000,130.136,130.957,129.977,130.557,220095.5505
07.05.2021 15:00:00.000,130.547,131.247,130.456,131.117,109854.332
07.05.2021 16:00:00.000,131.116,131.136,130.376,130.587,77163.7115
07.05.2021 17:00:00.000,130.597,130.607,129.997,129.997,97406.2576
07.05.2021 18:00:00.000,129.987,130.357,129.846,130.296,73294.899
07.05.2021 19:00:00.000,130.287,130.587,130.156,130.176,111460.144
10.05.2021 13:00:00.000,129.336,129.507,128.166,128.427,158354.5227
10.05.2021 14:00:00.000,128.447,128.637,127.866,128.177,242287.3383
10.05.2021 15:00:00.000,128.186,128.537,127.886,128.526,105484.9701
10.05.2021 16:00:00.000,128.537,128.697,128.156,128.306,55354.3015
10.05.2021 17:00:00.000,128.317,128.487,127.956,128.047,45963.2111
10.05.2021 18:00:00.000,128.057,128.096,126.826,127.057,141566.7877
10.05.2021 19:00:00.000,127.046,127.487,126.806,126.826,116057.5485
11.05.2021 13:00:00.000,123.347,124.797,122.756,124.686,204335.6323
11.05.2021 14:00:00.000,124.697,124.697,123.246,124.226,325566.3452
11.05.2021 15:00:00.000,124.237,125.407,123.936,125.126,220796.4325
11.05.2021 16:00:00.000,125.116,125.717,124.726,124.947,181419.0521
11.05.2021 17:00:00.000,124.937,126.157,124.876,125.907,141726.7914
11.05.2021 18:00:00.000,125.917,126.257,125.506,125.726,197724.7925
11.05.2021 19:00:00.000,125.716,126.207,125.276,125.806,225070.7397
12.05.2021 13:00:00.000,123.247,124.617,123.246,123.967,228699.0356
12.05.2021 14:00:00.000,123.966,124.227,122.817,123.127,329359.5276
12.05.2021 15:00:00.000,123.117,123.566,122.696,122.797,187465.3168
12.05.2021 16:00:00.000,122.807,123.136,122.316,123.096,175088.1042
12.05.2021 17:00:00.000,123.087,123.437,122.606,122.687,173067.8406
12.05.2021 18:00:00.000,122.697,122.947,122.246,122.757,181877.0752
12.05.2021 19:00:00.000,122.747,123.046,122.256,122.806,244923.2635
13.05.2021 13:00:00.000,124.517,125.826,124.396,125.337,204451.6602
13.05.2021 14:00:00.000,125.337,126.137,125.147,126.006,279477.9053
13.05.2021 15:00:00.000,126.017,126.096,124.576,124.886,268515.2283
13.05.2021 16:00:00.000,124.887,125.747,124.827,125.016,220736.5875
13.05.2021 17:00:00.000,125.036,125.306,124.256,124.676,229646.7743
13.05.2021 18:00:00.000,124.686,125.656,124.666,125.377,223465.8356
13.05.2021 19:00:00.000,125.386,125.777,124.896,124.917,203160.8429
14.05.2021 13:00:00.000,126.276,127.137,125.986,126.376,169606.5369
14.05.2021 14:00:00.000,126.377,126.767,125.836,126.747,200714.6759
14.05.2021 15:00:00.000,126.756,126.776,126.396,126.517,79706.4972
14.05.2021 16:00:00.000,126.516,127.167,126.466,127.137,54850.7385
14.05.2021 17:00:00.000,127.147,127.277,126.966,127.207,35792.1066
14.05.2021 18:00:00.000,127.217,127.727,127.146,127.516,37004.1656
14.05.2021 19:00:00.000,127.516,127.866,127.156,127.397,84258.4229
17.05.2021 13:00:00.000,126.746,126.896,125.996,126.027,192427.8107
17.05.2021 14:00:00.000,126.017,126.397,125.456,125.987,319656.2195
17.05.2021 15:00:00.000,125.977,126.117,125.606,125.687,206983.3069
17.05.2021 16:00:00.000,125.677,125.897,125.457,125.587,95507.5989
17.05.2021 17:00:00.000,125.577,125.697,125.156,125.397,99921.0358
17.05.2021 18:00:00.000,125.386,125.607,125.226,125.587,92902.9617
17.05.2021 19:00:00.000,125.597,126.257,125.406,126.187,96790.1535
18.05.2021 13:00:00.000,126.477,126.976,125.897,126.527,151212.7838
18.05.2021 14:00:00.000,126.526,126.807,126.276,126.667,151307.9681
18.05.2021 15:00:00.000,126.676,126.857,126.206,126.257,68184.0286
18.05.2021 16:00:00.000,126.267,126.477,126.176,126.257,42752.8648
18.05.2021 17:00:00.000,126.267,126.357,126.017,126.027,32701.931
18.05.2021 18:00:00.000,126.046,126.136,125.376,125.626,65747.4213
18.05.2021 19:00:00.000,125.626,125.777,124.767,124.847,75613.0371
19.05.2021 13:00:00.000,123.066,124.057,122.846,123.347,183964.2334
19.05.2021 14:00:00.000,123.326,124.036,123.097,123.617,273938.7817
19.05.2021 15:00:00.000,123.607,124.107,123.296,123.886,194817.1844
19.05.2021 16:00:00.000,123.887,124.237,123.706,123.976,137008.8806
19.05.2021 17:00:00.000,123.967,124.427,123.966,124.247,99291.5115
19.05.2021 18:00:00.000,124.246,124.897,123.496,123.936,288421.6614
19.05.2021 19:00:00.000,123.946,124.777,123.757,124.686,193325.9583
20.05.2021 13:00:00.000,125.166,126.207,125.086,125.826,153665.6189
20.05.2021 14:00:00.000,125.827,126.457,125.756,126.347,134414.5203
20.05.2021 15:00:00.000,126.356,127.257,126.306,127.037,77200.5386
20.05.2021 16:00:00.000,127.047,127.057,126.666,126.966,87681.5262
20.05.2021 17:00:00.000,126.947,127.367,126.886,127.146,54696.2509
20.05.2021 18:00:00.000,127.146,127.596,127.077,127.526,59673.6145
20.05.2021 19:00:00.000,127.537,127.707,127.176,127.296,92183.0063
21.05.2021 13:00:00.000,127.747,127.977,126.576,127.027,142320.9076
21.05.2021 14:00:00.000,127.037,127.236,126.156,126.367,186190.6281
21.05.2021 15:00:00.000,126.356,126.466,125.687,125.746,134140.7166
21.05.2021 16:00:00.000,125.727,125.967,125.396,125.577,105218.2007
21.05.2021 17:00:00.000,125.567,125.917,125.387,125.866,65816.9022
21.05.2021 18:00:00.000,125.877,126.077,125.516,125.946,52741.8556
21.05.2021 19:00:00.000,125.947,126.067,125.206,125.426,84698.967
24.05.2021 13:00:00.000,125.986,127.027,125.896,126.647,114563.6444
24.05.2021 14:00:00.000,126.656,127.647,126.656,127.527,112387.2528
24.05.2021 15:00:00.000,127.516,127.667,127.376,127.526,56891.0217
24.05.2021 16:00:00.000,127.526,127.776,127.326,127.437,57117.9352
24.05.2021 17:00:00.000,127.427,127.677,127.357,127.597,35897.4113
24.05.2021 18:00:00.000,127.597,127.927,127.586,127.757,30853.5709
24.05.2021 19:00:00.000,127.747,127.897,126.986,127.106,60234.2186
25.05.2021 13:00:00.000,127.796,128.297,126.876,126.927,147896.7743
25.05.2021 14:00:00.000,126.926,127.266,126.746,127.116,141171.4935
25.05.2021 15:00:00.000,127.127,127.156,126.656,126.786,114377.4643
25.05.2021 16:00:00.000,126.796,127.057,126.706,126.817,46806.3545
25.05.2021 17:00:00.000,126.797,126.987,126.606,126.876,38468.3418
25.05.2021 18:00:00.000,126.866,126.907,126.557,126.646,60749.0807
25.05.2021 19:00:00.000,126.637,126.937,126.316,126.927,68968.7195
26.05.2021 13:00:00.000,126.907,127.367,126.776,126.917,123158.699
26.05.2021 14:00:00.000,126.916,127.176,126.636,127.006,89247.4747
26.05.2021 15:00:00.000,127.016,127.247,126.736,126.946,44554.0962
26.05.2021 16:00:00.000,126.956,127.087,126.706,126.706,19388.5555
26.05.2021 17:00:00.000,126.697,126.906,126.417,126.557,43821.4836
26.05.2021 18:00:00.000,126.546,126.847,126.476,126.776,25503.2444
26.05.2021 19:00:00.000,126.766,126.857,126.616,126.846,38381.2332
27.05.2021 13:00:00.000,126.336,127.477,126.336,127.106,119483.696
27.05.2021 14:00:00.000,127.107,127.626,126.906,127.057,111852.0889
27.05.2021 15:00:00.000,127.046,127.227,126.696,126.806,53041.79
27.05.2021 16:00:00.000,126.797,126.887,126.507,126.616,23623.3749
27.05.2021 17:00:00.000,126.626,126.697,126.206,126.266,29405.2258
27.05.2021 18:00:00.000,126.266,126.287,125.796,125.967,39038.9938
27.05.2021 19:00:00.000,125.957,125.996,125.246,125.286,51835.0716
28.05.2021 13:00:00.000,125.497,125.777,124.576,125.447,138080.7953
28.05.2021 14:00:00.000,125.446,125.687,125.126,125.167,115637.97
28.05.2021 15:00:00.000,125.176,125.217,124.876,125.186,48894.0582
28.05.2021 16:00:00.000,125.176,125.397,125.136,125.286,31123.4207
28.05.2021 17:00:00.000,125.296,125.366,124.726,124.857,37121.151
28.05.2021 18:00:00.000,124.866,125.127,124.806,125.066,33030.1094
28.05.2021 19:00:00.000,125.057,125.157,124.536,124.586,49825.9811
01.06.2021 13:00:00.000,125.057,125.337,124.437,124.636,89197.5021
01.06.2021 14:00:00.000,124.626,124.807,123.936,124.416,122822.731
01.06.2021 15:00:00.000,124.406,124.817,124.326,124.707,45679.3785
01.06.2021 16:00:00.000,124.696,124.837,124.346,124.826,38901.6495
01.06.2021 17:00:00.000,124.816,124.827,124.456,124.566,30125.2499
01.06.2021 18:00:00.000,124.556,124.987,124.526,124.867,24173.8892
01.06.2021 19:00:00.000,124.866,124.886,124.186,124.296,37392.6506
02.06.2021 13:00:00.000,124.277,125.117,124.096,125.027,105164.711
02.06.2021 14:00:00.000,125.026,125.227,124.747,124.896,97656.1127
02.06.2021 15:00:00.000,124.867,125.167,124.646,124.977,42938.6482
02.06.2021 16:00:00.000,124.976,125.006,124.406,124.406,30659.0405
02.06.2021 17:00:00.000,124.396,124.547,124.067,124.307,43560.5011
02.06.2021 18:00:00.000,124.297,124.687,124.037,124.676,46102.9396
02.06.2021 19:00:00.000,124.667,125.157,124.506,125.067,44554.8592
03.06.2021 13:00:00.000,124.646,124.827,123.266,123.616,141643.4021
03.06.2021 14:00:00.000,123.616,123.926,123.126,123.926,158627.9144
03.06.2021 15:00:00.000,123.937,124.137,123.546,123.697,94669.1666
03.06.2021 16:00:00.000,123.697,123.837,123.377,123.666,53839.6988
03.06.2021 17:00:00.000,123.666,124.027,123.396,123.896,63489.9788
03.06.2021 18:00:00.000,123.886,124.077,123.586,123.626,49849.9603
03.06.2021 19:00:00.000,123.637,123.906,123.386,123.537,47937.6183
04.06.2021 13:00:00.000,124.027,124.987,123.846,124.917,93810.4324
04.06.2021 14:00:00.000,124.917,125.347,124.766,124.957,93693.9697
04.06.2021 15:00:00.000,124.957,125.377,124.857,125.097,36618.4006
04.06.2021 16:00:00.000,125.107,125.937,124.977,125.637,39109.1309
04.06.2021 17:00:00.000,125.637,125.777,125.466,125.667,22580.8506
04.06.2021 18:00:00.000,125.667,126.147,125.606,126.047,22429.39
04.06.2021 19:00:00.000,126.037,126.037,125.486,125.836,32221.5881
07.06.2021 13:00:00.000,126.157,126.287,124.896,125.226,118025.1999
07.06.2021 14:00:00.000,125.226,125.397,124.856,125.086,122093.5287
07.06.2021 15:00:00.000,125.077,125.187,124.826,124.997,76022.0032
07.06.2021 16:00:00.000,124.987,125.427,124.986,125.326,33561.1115
07.06.2021 17:00:00.000,125.337,125.467,125.006,125.017,40526.989
07.06.2021 18:00:00.000,125.007,125.237,124.906,125.196,19480.0606
07.06.2021 19:00:00.000,125.206,126.027,125.147,125.877,44674.5987
08.06.2021 13:00:00.000,126.596,128.447,126.426,127.017,127734.9701
08.06.2021 14:00:00.000,127.006,127.636,126.776,127.126,125563.4537
08.06.2021 15:00:00.000,127.117,127.456,126.206,126.607,121632.6981
08.06.2021 16:00:00.000,126.596,126.827,126.526,126.817,54354.1985
08.06.2021 17:00:00.000,126.807,126.917,126.427,126.697,33056.5491
08.06.2021 18:00:00.000,126.697,127.307,126.656,127.277,38018.0016
08.06.2021 19:00:00.000,127.287,127.407,126.676,126.676,46634.3994
09.06.2021 13:00:00.000,127.127,127.727,126.636,126.887,126439.2471
09.06.2021 14:00:00.000,126.886,127.286,126.526,127.187,108205.0018
09.06.2021 15:00:00.000,127.176,127.327,126.817,126.937,49437.3016
09.06.2021 16:00:00.000,126.916,127.226,126.887,127.136,25704.7005
09.06.2021 17:00:00.000,127.147,127.266,127.046,127.117,18954.6509
09.06.2021 18:00:00.000,127.127,127.287,127.066,127.146,18649.9996
09.06.2021 19:00:00.000,127.137,127.227,126.737,127.167,32693.7485
10.06.2021 13:00:00.000,126.997,128.177,126.596,127.907,123182.0984
10.06.2021 14:00:00.000,127.916,127.997,126.097,126.466,141000.0458
10.06.2021 15:00:00.000,126.456,126.677,126.176,126.587,86823.9975
10.06.2021 16:00:00.000,126.596,126.817,126.416,126.596,50554.5998
10.06.2021 17:00:00.000,126.587,126.627,126.226,126.347,29048.0499
10.06.2021 18:00:00.000,126.337,126.377,125.966,126.327,26052.0992
10.06.2021 19:00:00.000,126.316,126.397,125.926,126.106,60062.6984
11.06.2021 13:00:00.000,126.476,127.106,126.096,126.896,105051.4984
11.06.2021 14:00:00.000,126.886,127.257,126.576,126.697,68196.3501
11.06.2021 15:00:00.000,126.696,127.157,126.506,127.066,33550.0984
11.06.2021 16:00:00.000,127.066,127.237,126.906,127.056,21475.2502
11.06.2021 17:00:00.000,127.067,127.407,126.906,127.327,14326.7002
11.06.2021 18:00:00.000,127.336,127.427,127.187,127.366,11927
11.06.2021 19:00:00.000,127.357,127.367,127.036,127.347,23754.0493
14.06.2021 13:00:00.000,127.756,129.337,127.066,129.117,140478.653
14.06.2021 14:00:00.000,129.117,129.587,128.466,129.567,134393.0511
14.06.2021 15:00:00.000,129.577,129.866,129.246,129.466,86241.6
14.06.2021 16:00:00.000,129.466,129.567,129.256,129.557,52101.5511
14.06.2021 17:00:00.000,129.547,129.986,129.516,129.907,34601.2993
14.06.2021 18:00:00.000,129.897,130.387,129.796,130.067,30982.9998
14.06.2021 19:00:00.000,130.057,130.477,129.736,130.477,63671.3982
15.06.2021 13:00:00.000,129.816,130.587,129.377,130.137,98859.1995
15.06.2021 14:00:00.000,130.147,130.207,129.456,129.606,137444.7937
15.06.2021 15:00:00.000,129.616,129.957,129.566,129.926,57561.8515
15.06.2021 16:00:00.000,129.937,130.216,129.786,129.847,34866.4513
15.06.2021 17:00:00.000,129.837,129.947,129.676,129.896,32628.7003
15.06.2021 18:00:00.000,129.886,129.907,129.526,129.696,34316.7992
15.06.2021 19:00:00.000,129.707,129.987,129.506,129.757,70449.8978
16.06.2021 13:00:00.000,130.336,130.816,129.636,130.516,107541.0004
16.06.2021 14:00:00.000,130.516,130.877,130.266,130.617,73954.7501
16.06.2021 15:00:00.000,130.626,130.657,130.107,130.116,37150.8484
16.06.2021 16:00:00.000,130.116,130.437,129.756,130.406,57934.9518
16.06.2021 17:00:00.000,130.416,130.507,130.177,130.387,46617.0998
16.06.2021 18:00:00.000,130.377,130.377,128.466,129.167,357249.054
16.06.2021 19:00:00.000,129.156,130.467,129.086,130.136,152684.494
17.06.2021 13:00:00.000,129.786,130.856,129.636,130.787,118852.15
17.06.2021 14:00:00.000,130.787,131.907,130.626,131.467,189553.299
17.06.2021 15:00:00.000,131.477,132.537,131.396,131.926,119611.4502
17.06.2021 16:00:00.000,131.937,131.977,130.927,131.257,187522.0032
17.06.2021 17:00:00.000,131.236,132.117,131.236,131.706,105375.8469
17.06.2021 18:00:00.000,131.707,132.137,131.586,131.947,106007.5989
17.06.2021 19:00:00.000,131.947,132.246,131.726,131.776,86343.1015
18.06.2021 13:00:00.000,130.997,131.487,130.496,131.237,192893.7531
18.06.2021 14:00:00.000,131.227,131.416,130.606,130.706,249959.3048
18.06.2021 15:00:00.000,130.716,130.927,130.286,130.687,160067.0471
18.06.2021 16:00:00.000,130.677,131.127,130.667,130.936,67108.3527
18.06.2021 17:00:00.000,130.946,131.207,130.756,130.906,60443.7485
18.06.2021 18:00:00.000,130.897,131.136,130.676,130.797,92627.7008
18.06.2021 19:00:00.000,130.786,131.067,130.247,130.366,109756.8512
21.06.2021 13:00:00.000,130.276,130.806,129.206,130.396,150371.7499
21.06.2021 14:00:00.000,130.407,131.427,130.156,131.247,182028.9459
21.06.2021 15:00:00.000,131.256,131.687,131.247,131.606,98193.3975
21.06.2021 16:00:00.000,131.606,132.177,131.606,132.037,76277.6489
21.06.2021 17:00:00.000,132.046,132.397,131.876,132.236,48510.5515
21.06.2021 18:00:00.000,132.247,132.287,131.966,131.976,44839.0503
21.06.2021 19:00:00.000,131.986,132.287,131.926,132.277,42848.0492
22.06.2021 13:00:00.000,132.027,132.807,131.766,131.867,128975.9064
22.06.2021 14:00:00.000,131.876,132.427,131.616,132.267,123515.8005
22.06.2021 15:00:00.000,132.267,132.737,132.236,132.446,56453.3997
22.06.2021 16:00:00.000,132.457,133.367,132.386,133.167,45190.6013
22.06.2021 17:00:00.000,133.157,133.397,133.036,133.197,45307.5485
22.06.2021 18:00:00.000,133.187,133.567,133.076,133.556,60352.1004
22.06.2021 19:00:00.000,133.547,134.067,133.547,133.957,63083.4503
23.06.2021 13:00:00.000,133.756,134.307,133.506,134.086,113451.2024
23.06.2021 14:00:00.000,134.076,134.246,133.646,133.756,117213.0508
23.06.2021 15:00:00.000,133.757,133.796,133.216,133.726,68256.1035
23.06.2021 16:00:00.000,133.736,133.807,133.256,133.717,33159.2484
23.06.2021 17:00:00.000,133.727,134.246,133.656,133.937,35204.2999
23.06.2021 18:00:00.000,133.936,133.937,133.606,133.926,36481.3004
23.06.2021 19:00:00.000,133.916,133.977,133.506,133.686,35186.9011
24.06.2021 13:00:00.000,134.367,134.607,133.936,134.287,103420.6009
24.06.2021 14:00:00.000,134.287,134.487,134.066,134.067,91535.8963
24.06.2021 15:00:00.000,134.077,134.167,133.726,133.987,49542.6483
24.06.2021 16:00:00.000,133.996,134.067,133.417,133.427,37709.301
24.06.2021 17:00:00.000,133.417,133.687,133.146,133.686,53883.049
24.06.2021 18:00:00.000,133.677,133.746,133.356,133.457,36958.0002
24.06.2021 19:00:00.000,133.446,133.477,132.926,133.377,56972.95
25.06.2021 13:00:00.000,133.447,133.697,133.096,133.226,89786.4532
25.06.2021 14:00:00.000,133.227,133.876,133.076,133.486,106856.6971
25.06.2021 15:00:00.000,133.496,133.637,133.336,133.367,36768.2495
25.06.2021 16:00:00.000,133.366,133.497,133.236,133.387,20809.0496
25.06.2021 17:00:00.000,133.397,133.437,133.046,133.087,18222.9004
25.06.2021 18:00:00.000,133.086,133.157,132.896,132.986,23351.7494
25.06.2021 19:00:00.000,132.986,133.337,132.796,133.076,49127.3994
28.06.2021 13:00:00.000,133.396,135.027,133.346,134.987,90601.593
28.06.2021 14:00:00.000,134.996,135.207,134.786,134.827,75716.1102
28.06.2021 15:00:00.000,134.827,135.167,134.776,134.876,26946.6801
28.06.2021 16:00:00.000,134.886,135.187,134.836,134.956,21816.9994
28.06.2021 17:00:00.000,134.956,134.957,134.666,134.807,22366.8098
28.06.2021 18:00:00.000,134.797,135.227,134.696,135.087,21324.07
28.06.2021 19:00:00.000,135.077,135.077,134.707,134.736,35855.0491
29.06.2021 13:00:00.000,134.797,135.607,134.347,135.446,104752.2202
29.06.2021 14:00:00.000,135.487,136.067,135.196,135.996,73596.8399
29.06.2021 15:00:00.000,136.006,136.157,135.776,136.027,37350.0595
29.06.2021 16:00:00.000,136.036,136.467,135.996,136.417,26049.0494
29.06.2021 17:00:00.000,136.427,136.477,136.097,136.377,23351.7704
29.06.2021 18:00:00.000,136.376,136.467,136.086,136.436,24031.7898
29.06.2021 19:00:00.000,136.447,136.467,136.156,136.317,34692.7109
30.06.2021 13:00:00.000,136.127,136.997,135.866,136.187,93701.8814
30.06.2021 14:00:00.000,136.177,137.126,136.166,136.976,76151.7487
30.06.2021 15:00:00.000,136.987,137.177,136.626,136.686,35993.3281
30.06.2021 16:00:00.000,136.696,136.917,136.466,136.697,32887.249
30.06.2021 17:00:00.000,136.686,137.036,136.666,136.977,20145.1702
30.06.2021 18:00:00.000,136.976,137.036,136.717,136.907,12273.9697
30.06.2021 19:00:00.000,136.916,137.387,136.846,136.937,40038.3186
01.07.2021 13:00:00.000,136.527,137.177,136.406,136.926,76938.9496
01.07.2021 14:00:00.000,136.927,136.927,136.256,136.437,86214.0503
01.07.2021 15:00:00.000,136.446,136.466,135.747,136.306,66541.748
01.07.2021 16:00:00.000,136.317,136.517,136.036,136.087,27672.5998
01.07.2021 17:00:00.000,136.077,136.607,136.026,136.507,25414.3505
01.07.2021 18:00:00.000,136.516,136.987,136.466,136.977,21590.2901
01.07.2021 19:00:00.000,136.997,137.316,136.876,137.266,26508.1806
02.07.2021 13:00:00.000,137.847,139.057,137.746,138.997,85334.5795
02.07.2021 14:00:00.000,139.006,139.116,138.376,138.586,87742.2638
02.07.2021 15:00:00.000,138.577,139.087,138.556,138.957,39070.919
02.07.2021 16:00:00.000,138.966,139.607,138.956,139.587,33289.2418
02.07.2021 17:00:00.000,139.596,139.687,139.346,139.666,22884.0408
02.07.2021 18:00:00.000,139.656,139.786,139.356,139.507,20813.7894
02.07.2021 19:00:00.000,139.497,139.987,139.456,139.906,40206.7604
06.07.2021 13:00:00.000,140.046,142.866,140.017,142.716,119652.2903
06.07.2021 14:00:00.000,142.716,143.137,141.796,141.807,192294.6625
06.07.2021 15:00:00.000,141.796,142.097,141.147,141.556,150605.545
06.07.2021 16:00:00.000,141.546,141.646,140.116,141.597,185014.267
06.07.2021 17:00:00.000,141.596,142.027,141.366,141.596,78194.3283
06.07.2021 18:00:00.000,141.586,141.807,141.206,141.707,62765.2588
06.07.2021 19:00:00.000,141.677,142.187,141.616,141.987,67255.0583
07.07.2021 13:00:00.000,143.496,144.427,142.656,144.116,159916.0767
07.07.2021 14:00:00.000,144.136,144.466,142.826,143.426,219977.5238
07.07.2021 15:00:00.000,143.416,144.246,142.857,143.906,166114.975
07.07.2021 16:00:00.000,143.916,144.086,143.706,143.937,69447.9294
07.07.2021 17:00:00.000,143.947,144.387,143.556,144.336,67607.7728
07.07.2021 18:00:00.000,144.347,144.877,144.066,144.347,124277.9312
07.07.2021 19:00:00.000,144.336,144.657,144.236,144.566,57655.571
08.07.2021 13:00:00.000,141.536,143.137,140.666,141.966,209758.1024
08.07.2021 14:00:00.000,141.956,142.327,141.466,141.576,310077.8198
08.07.2021 15:00:00.000,141.586,142.717,141.496,142.636,181048.3093
08.07.2021 16:00:00.000,142.626,143.327,142.307,143.266,112439.3997
08.07.2021 17:00:00.000,143.256,144.046,143.116,143.806,116568.222
08.07.2021 18:00:00.000,143.806,143.956,142.857,143.177,117569.8395
08.07.2021 19:00:00.000,143.177,143.307,142.446,143.297,155171.7529
09.07.2021 13:00:00.000,142.697,143.967,142.646,143.927,138856.8268
09.07.2021 14:00:00.000,143.936,145.336,143.876,145.197,191070.0226
09.07.2021 15:00:00.000,145.196,145.427,144.846,145.226,109169.9829
09.07.2021 16:00:00.000,145.216,145.627,145.036,145.417,64237.8998
09.07.2021 17:00:00.000,145.427,145.467,145.006,145.107,36899.4904
09.07.2021 18:00:00.000,145.097,145.236,144.806,145.156,40914.8712
09.07.2021 19:00:00.000,145.147,145.217,144.836,144.997,59694.4504
12.07.2021 13:00:00.000,146.137,146.287,144.076,144.616,164597.9462
12.07.2021 14:00:00.000,144.616,145.237,144.006,144.976,189339.4928
12.07.2021 15:00:00.000,144.966,145.146,144.566,144.837,80486.8469
12.07.2021 16:00:00.000,144.846,145.067,144.626,144.696,49789.5508
12.07.2021 17:00:00.000,144.697,144.747,144.156,144.397,48099.9489
12.07.2021 18:00:00.000,144.397,144.737,144.346,144.737,31775.1293
12.07.2021 19:00:00.000,144.726,144.777,144.416,144.487,62990.7188
13.07.2021 13:00:00.000,144.007,146.487,143.597,146.337,129025.8331
13.07.2021 14:00:00.000,146.346,146.947,145.987,146.517,177924.7437
13.07.2021 15:00:00.000,146.516,147.447,146.506,147.436,88782.8064
13.07.2021 16:00:00.000,147.446,147.447,147.006,147.207,55166.069
13.07.2021 17:00:00.000,147.196,147.197,145.296,145.727,155856.5826
13.07.2021 18:00:00.000,145.717,146.057,144.626,146.057,162671.0968
13.07.2021 19:00:00.000,146.057,146.067,145.336,145.666,111965.5991
14.07.2021 13:00:00.000,148.067,148.946,147.666,148.346,171078.8574
14.07.2021 14:00:00.000,148.337,149.307,148.106,149.307,232162.5366
14.07.2021 15:00:00.000,149.317,149.437,147.927,148.006,184625.6256
14.07.2021 16:00:00.000,147.996,149.197,147.966,148.916,151815.506
14.07.2021 17:00:00.000,148.917,149.087,148.596,148.947,100580.162
14.07.2021 18:00:00.000,148.937,149.437,148.876,149.306,83509.0332
14.07.2021 19:00:00.000,149.296,149.557,148.816,149.287,124100.3494
15.07.2021 13:00:00.000,149.227,149.987,148.106,149.767,142139.0839
15.07.2021 14:00:00.000,149.787,149.787,147.896,148.187,264067.5964
15.07.2021 15:00:00.000,148.177,148.866,147.786,148.106,189584.0454
15.07.2021 16:00:00.000,148.116,148.227,147.416,147.897,165797.5311
15.07.2021 17:00:00.000,147.897,148.076,147.086,147.307,177990.2344
15.07.2021 18:00:00.000,147.297,147.997,147.266,147.987,150872.406
15.07.2021 19:00:00.000,147.997,148.517,147.897,148.467,116483.9096
16.07.2021 13:00:00.000,148.427,149.746,148.427,148.986,145833.2977
16.07.2021 14:00:00.000,148.987,149.307,148.176,148.597,261037.9944
16.07.2021 15:00:00.000,148.597,148.697,147.046,147.326,245517.2577
16.07.2021 16:00:00.000,147.317,147.867,147.317,147.687,108829.4525
16.07.2021 17:00:00.000,147.677,148.167,147.616,147.676,99074.5316
16.07.2021 18:00:00.000,147.667,147.677,146.446,146.526,134945.2057
16.07.2021 19:00:00.000,146.516,146.617,145.877,146.297,173208.8318
19.07.2021 13:00:00.000,143.656,144.037,142.006,142.037,250372.6654
19.07.2021 14:00:00.000,142.027,143.047,141.666,143.027,416597.229
19.07.2021 15:00:00.000,143.027,143.937,142.836,143.347,297082.7637
19.07.2021 16:00:00.000,143.336,143.397,142.007,142.077,236302.5513
19.07.2021 17:00:00.000,142.066,142.287,141.697,141.896,222160.965
19.07.2021 18:00:00.000,141.896,142.567,141.876,142.127,191053.5889
19.07.2021 19:00:00.000,142.137,142.567,141.756,142.486,237742.5232
20.07.2021 13:00:00.000,143.476,144.297,142.966,144.206,179664.2761
20.07.2021 14:00:00.000,144.187,145.237,143.806,145.156,288561.615
20.07.2021 15:00:00.000,145.146,145.647,144.906,145.617,155587.1124
20.07.2021 16:00:00.000,145.627,146.687,145.527,146.686,102539.1083
20.07.2021 17:00:00.000,146.696,147.077,146.176,146.736,134828.598
20.07.2021 18:00:00.000,146.746,146.977,146.236,146.407,114830.9021
20.07.2021 19:00:00.000,146.416,146.987,146.106,146.136,104288.3072
21.07.2021 13:00:00.000,145.467,146.117,144.816,145.266,140383.8654
21.07.2021 14:00:00.000,145.267,145.876,144.626,145.706,200013.6261
21.07.2021 15:00:00.000,145.706,146.037,145.086,145.417,110104.2862
21.07.2021 16:00:00.000,145.396,145.467,144.956,145.016,48678.4515
21.07.2021 17:00:00.000,145.007,145.336,144.836,145.267,50958.8585
21.07.2021 18:00:00.000,145.257,145.437,145.007,145.427,33949.1692
21.07.2021 19:00:00.000,145.416,145.516,144.816,145.357,59848.5909
22.07.2021 13:00:00.000,145.896,146.987,145.806,146.807,155933.4869
22.07.2021 14:00:00.000,146.816,147.957,146.816,147.727,204927.7496
22.07.2021 15:00:00.000,147.717,148.187,147.127,147.327,163711.8073
22.07.2021 16:00:00.000,147.326,147.437,146.656,147.196,141649.1852
22.07.2021 17:00:00.000,147.197,147.657,147.137,147.216,62116.2682
22.07.2021 18:00:00.000,147.227,147.357,146.936,147.126,70587.6312
22.07.2021 19:00:00.000,147.116,147.137,146.476,146.777,69510.8871
23.07.2021 13:00:00.000,147.466,148.007,146.916,147.667,124726.0895
23.07.2021 14:00:00.000,147.647,148.157,147.566,147.856,134461.4563
23.07.2021 15:00:00.000,147.847,148.257,147.806,148.087,99231.8573
23.07.2021 16:00:00.000,148.097,148.247,147.836,148.137,71617.3019
23.07.2021 17:00:00.000,148.147,148.627,148.126,148.406,52628.3112
23.07.2021 18:00:00.000,148.406,148.707,148.277,148.437,45997.4899
23.07.2021 19:00:00.000,148.446,148.607,148.186,148.517,56375.9918
26.07.2021 13:00:00.000,148.197,149.727,147.716,149.487,141397.1405
26.07.2021 14:00:00.000,149.477,149.817,148.907,149.337,193173.7976
26.07.2021 15:00:00.000,149.336,149.797,149.196,149.507,112759.697
26.07.2021 16:00:00.000,149.516,149.617,149.036,149.076,62950.3212
26.07.2021 17:00:00.000,149.066,149.497,149.047,149.336,39410.1791
26.07.2021 18:00:00.000,149.316,149.487,149.036,149.467,45378.9101
26.07.2021 19:00:00.000,149.477,149.487,148.767,148.967,51261.3106
27.07.2021 13:00:00.000,149.047,149.187,148.247,148.637,132687.0728
27.07.2021 14:00:00.000,148.636,148.717,146.596,147.406,289253.2959
27.07.2021 15:00:00.000,147.397,147.657,146.156,146.346,261027.2522
27.07.2021 16:00:00.000,146.347,146.457,145.536,146.057,184380.4169
27.07.2021 17:00:00.000,146.047,146.287,145.696,145.966,130691.5131
27.07.2021 18:00:00.000,145.967,147.057,145.916,147.057,96839.5081
27.07.2021 19:00:00.000,147.066,147.307,146.277,146.826,125379.7913
28.07.2021 13:00:00.000,144.797,144.827,142.527,144.556,228586.8683
28.07.2021 14:00:00.000,144.556,146.937,144.407,146.276,278222.0154
28.07.2021 15:00:00.000,146.277,146.477,144.416,144.746,191917.6788
28.07.2021 16:00:00.000,144.756,145.426,144.606,144.896,146015.2893
28.07.2021 17:00:00.000,144.896,144.986,143.876,144.466,159597.7936
28.07.2021 18:00:00.000,144.486,145.427,143.896,145.017,219661.0718
28.07.2021 19:00:00.000,145.026,145.477,144.897,144.996,150779.4952
29.07.2021 13:00:00.000,144.706,146.537,144.567,146.197,125528.2516
29.07.2021 14:00:00.000,146.216,146.487,145.606,146.067,162630.7526
29.07.2021 15:00:00.000,146.077,146.107,145.506,145.756,100064.7125
29.07.2021 16:00:00.000,145.766,146.047,145.676,145.936,55984.3597
29.07.2021 17:00:00.000,145.947,146.157,145.666,145.796,54293.5486
29.07.2021 18:00:00.000,145.806,145.987,145.756,145.797,47855.7281
29.07.2021 19:00:00.000,145.807,145.837,145.546,145.586,38897.7013
30.07.2021 13:00:00.000,144.396,145.316,144.107,145.106,145964.5844
30.07.2021 14:00:00.000,145.096,145.287,144.516,144.787,168132.8888
30.07.2021 15:00:00.000,144.776,145.167,144.656,145.107,124694.3436
30.07.2021 16:00:00.000,145.106,145.487,144.946,145.467,66819.4885
30.07.2021 17:00:00.000,145.477,145.896,145.346,145.737,59344.1887
30.07.2021 18:00:00.000,145.737,146.307,145.656,146.197,68499.2828
30.07.2021 19:00:00.000,146.207,146.317,145.766,145.877,79539.3066
02.08.2021 13:00:00.000,146.317,146.936,145.246,145.927,143805.4352
02.08.2021 14:00:00.000,145.926,146.237,145.397,146.017,174218.7958
02.08.2021 15:00:00.000,146.026,146.537,145.706,146.016,112356.308
02.08.2021 16:00:00.000,145.997,146.027,145.546,145.746,128644.6838
02.08.2021 17:00:00.000,145.746,146.207,145.736,146.037,86995.491
02.08.2021 18:00:00.000,146.027,146.176,145.857,145.927,53966.9991
02.08.2021 19:00:00.000,145.917,145.997,145.356,145.507,61299.6597
03.08.2021 13:00:00.000,145.747,146.586,145.176,145.527,149250.5035
03.08.2021 14:00:00.000,145.516,146.146,145.326,145.926,249341.0492
03.08.2021 15:00:00.000,145.917,147.047,145.416,147.017,209602.0203
03.08.2021 16:00:00.000,147.027,147.736,146.936,147.727,105151.5198
03.08.2021 17:00:00.000,147.717,148.026,147.706,147.817,74309.2804
03.08.2021 18:00:00.000,147.817,147.927,147.126,147.436,72845.6879
03.08.2021 19:00:00.000,147.446,147.727,147.147,147.297,74207.5272
04.08.2021 13:00:00.000,147.127,147.777,146.786,147.676,130188.6292
04.08.2021 14:00:00.000,147.687,147.747,146.567,146.626,230031.2347
04.08.2021 15:00:00.000,146.627,146.977,146.266,146.956,138472.8851
04.08.2021 16:00:00.000,146.947,147.297,146.796,147.137,82280.4794
04.08.2021 17:00:00.000,147.146,147.507,146.996,147.066,61579.6013
04.08.2021 18:00:00.000,147.056,147.246,146.766,146.807,70603.2333
04.08.2021 19:00:00.000,146.806,147.327,146.656,146.916,50547.9202
05.08.2021 13:00:00.000,146.826,147.167,146.156,147.037,118215.6906
05.08.2021 14:00:00.000,147.046,147.576,146.786,147.477,152661.5448
05.08.2021 15:00:00.000,147.477,147.827,147.296,147.457,91511.2762
05.08.2021 16:00:00.000,147.456,147.537,147.167,147.247,61750.3891
05.08.2021 17:00:00.000,147.257,147.367,147.106,147.346,38798.2903
05.08.2021 18:00:00.000,147.347,147.456,147.036,147.046,40446.9185
05.08.2021 19:00:00.000,147.057,147.177,146.726,147.047,48686.4319
06.08.2021 13:00:00.000,146.296,146.846,145.896,146.586,127171.3409
06.08.2021 14:00:00.000,146.576,147.097,146.396,146.527,162599.9451
06.08.2021 15:00:00.000,146.526,146.687,145.966,146.277,118200.4166
06.08.2021 16:00:00.000,146.286,146.316,145.896,146.097,45105.2818
06.08.2021 17:00:00.000,146.106,146.226,145.716,145.937,38195.6482
06.08.2021 18:00:00.000,145.927,145.957,145.616,145.706,41175.7584
06.08.2021 19:00:00.000,145.697,146.156,145.656,146.077,45580.8601
09.08.2021 13:00:00.000,146.137,146.687,145.507,146.496,115709.4803
09.08.2021 14:00:00.000,146.507,146.667,145.956,146.057,161540.1764
09.08.2021 15:00:00.000,146.066,146.147,145.786,146.126,92539.2075
09.08.2021 16:00:00.000,146.127,146.146,145.786,145.846,42799.2096
09.08.2021 17:00:00.000,145.846,146.077,145.796,145.826,27936.7599
09.08.2021 18:00:00.000,145.817,146.127,145.786,146.036,32053.6003
09.08.2021 19:00:00.000,146.047,146.167,145.866,146.067,33271.8086
10.08.2021 13:00:00.000,146.446,147.697,146.176,147.416,119721.3669
10.08.2021 14:00:00.000,147.417,147.617,145.617,145.896,219030.6549
10.08.2021 15:00:00.000,145.907,145.946,145.396,145.616,172039.0472
10.08.2021 16:00:00.000,145.606,145.996,145.536,145.586,65358.7723
10.08.2021 17:00:00.000,145.597,145.737,145.487,145.647,44746.0785
10.08.2021 18:00:00.000,145.637,145.707,145.286,145.686,41111.721
10.08.2021 19:00:00.000,145.697,145.717,145.296,145.596,41851.5816
11.08.2021 13:00:00.000,146.016,146.707,145.966,146.056,123841.2628
11.08.2021 14:00:00.000,146.067,146.417,145.556,145.606,169790.1306
11.08.2021 15:00:00.000,145.607,146.057,145.516,145.876,161786.6364
11.08.2021 16:00:00.000,145.877,146.447,145.847,146.296,71723.5336
11.08.2021 17:00:00.000,146.307,146.577,145.806,146.036,68996.6125
11.08.2021 18:00:00.000,146.027,146.097,145.797,145.957,33125.4883
11.08.2021 19:00:00.000,145.967,146.076,145.766,145.877,35401.371
12.08.2021 13:00:00.000,145.997,147.417,145.826,147.047,116654.7089
12.08.2021 14:00:00.000,147.047,148.237,146.576,148.166,133596.1761
12.08.2021 15:00:00.000,148.157,148.497,148.016,148.027,72557.1671
12.08.2021 16:00:00.000,148.037,148.427,147.687,148.297,53556.53
12.08.2021 17:00:00.000,148.287,148.437,148.056,148.326,42805.5916
12.08.2021 18:00:00.000,148.337,148.837,148.216,148.697,35991.89
12.08.2021 19:00:00.000,148.707,149.036,148.567,148.877,40350.9293
13.08.2021 13:00:00.000,148.937,149.367,148.316,149.117,124935.3638
13.08.2021 14:00:00.000,149.117,149.427,148.686,148.897,144893.6005
13.08.2021 15:00:00.000,148.897,149.076,148.316,148.356,77246.8414
13.08.2021 16:00:00.000,148.356,148.827,148.267,148.796,34932.4303
13.08.2021 17:00:00.000,148.797,149.086,148.697,148.907,34617.2409
13.08.2021 18:00:00.000,148.897,149.116,148.736,149.087,33286.9301
13.08.2021 19:00:00.000,149.077,149.107,148.876,149.087,43682.7316
16.08.2021 13:00:00.000,148.456,150.577,148.066,148.636,154913.8336
16.08.2021 14:00:00.000,148.636,148.887,146.456,147.077,275851.1963
16.08.2021 15:00:00.000,147.076,148.537,147.026,148.317,183456.5735
16.08.2021 16:00:00.000,148.327,149.716,148.266,149.486,103972.6563
16.08.2021 17:00:00.000,149.497,150.676,149.186,150.497,126357.7728
16.08.2021 18:00:00.000,150.506,150.796,150.117,150.486,107715.1337
16.08.2021 19:00:00.000,150.487,151.117,150.426,151.117,73648.407
17.08.2021 13:00:00.000,150.177,151.667,149.316,150.486,188213.0737
17.08.2021 14:00:00.000,150.476,151.447,149.756,151.087,276074.6155
17.08.2021 15:00:00.000,151.096,151.337,150.126,150.156,218786.1176
17.08.2021 16:00:00.000,150.146,150.377,149.116,149.217,228964.1266
17.08.2021 17:00:00.000,149.216,149.657,149.086,149.477,183365.4938
17.08.2021 18:00:00.000,149.467,150.167,149.447,150.026,155433.4106
17.08.2021 19:00:00.000,150.027,150.267,149.716,150.177,141053.0853
18.08.2021 13:00:00.000,149.786,150.687,149.376,149.736,141321.7926
18.08.2021 14:00:00.000,149.737,150.426,149.136,149.267,208340.2252
18.08.2021 15:00:00.000,149.266,149.267,148.177,148.447,187428.4058
18.08.2021 16:00:00.000,148.437,148.917,148.336,148.656,112124.0463
18.08.2021 17:00:00.000,148.647,148.687,147.896,148.156,82161.0718
18.08.2021 18:00:00.000,148.156,148.677,147.706,147.976,262034.5154
18.08.2021 19:00:00.000,147.966,147.977,146.136,146.416,249404.2511
19.08.2021 13:00:00.000,145.007,146.266,144.496,145.096,193504.303
19.08.2021 14:00:00.000,145.107,146.497,145.086,146.366,309159.0271
19.08.2021 15:00:00.000,146.356,147.657,146.186,147.606,262333.7097
19.08.2021 16:00:00.000,147.616,147.987,147.216,147.616,187318.9392
19.08.2021 17:00:00.000,147.616,147.737,146.696,146.796,180045.9595
19.08.2021 18:00:00.000,146.806,146.947,145.827,146.826,282119.2322
19.08.2021 19:00:00.000,146.817,147.286,146.336,146.666,205382.3547
20.08.2021 13:00:00.000,147.427,147.816,146.766,147.467,154622.8943
20.08.2021 14:00:00.000,147.476,148.487,147.336,147.867,217865.036
20.08.2021 15:00:00.000,147.856,148.026,147.106,147.336,157412.3383
20.08.2021 16:00:00.000,147.327,148.057,147.236,147.886,98226.799
20.08.2021 17:00:00.000,147.897,148.016,147.546,147.727,55629.8218
20.08.2021 18:00:00.000,147.726,147.947,147.556,147.947,69509.5596
20.08.2021 19:00:00.000,147.937,148.277,147.796,148.147,61403.3585
23.08.2021 13:00:00.000,148.196,148.797,147.877,148.627,113371.2387
23.08.2021 14:00:00.000,148.637,149.757,148.476,149.466,159604.3243
23.08.2021 15:00:00.000,149.456,149.927,149.406,149.877,72328.3997
23.08.2021 16:00:00.000,149.886,149.957,149.587,149.816,49962.5587
23.08.2021 17:00:00.000,149.827,150.137,149.626,149.896,46066.1392
23.08.2021 18:00:00.000,149.907,150.167,149.856,150.016,23782.6405
23.08.2021 19:00:00.000,150.017,150.087,149.566,149.666,39481.8993
24.08.2021 13:00:00.000,149.456,150.847,149.127,150.566,125238.1592
24.08.2021 14:00:00.000,150.576,150.716,149.906,149.977,131819.0155
24.08.2021 15:00:00.000,149.967,149.986,149.296,149.827,98785.9192
24.08.2021 16:00:00.000,149.816,149.917,149.517,149.556,64563.0417
24.08.2021 17:00:00.000,149.557,149.796,149.476,149.636,37583.4618
24.08.2021 18:00:00.000,149.646,149.756,149.496,149.736,23745.6207
24.08.2021 19:00:00.000,149.726,149.897,149.446,149.606,33536.2396
25.08.2021 13:00:00.000,149.766,150.297,149.146,149.307,110252.8992
25.08.2021 14:00:00.000,149.317,149.407,148.116,148.397,176759.201
25.08.2021 15:00:00.000,148.386,148.707,148.156,148.247,93449.7833
25.08.2021 16:00:00.000,148.236,148.427,148.056,148.337,49772.9187
25.08.2021 17:00:00.000,148.346,148.357,147.797,147.846,36357.3189
25.08.2021 18:00:00.000,147.836,148.347,147.816,148.257,40065.7806
25.08.2021 19:00:00.000,148.246,148.737,148.207,148.337,41043.5982
26.08.2021 13:00:00.000,148.326,149.106,148.196,148.297,114059.6619
26.08.2021 14:00:00.000,148.296,148.717,147.707,148.006,248613.3728
26.08.2021 15:00:00.000,148.016,148.337,147.586,148.136,183636.9781
26.08.2021 16:00:00.000,148.137,148.637,148.116,148.327,74765.6784
26.08.2021 17:00:00.000,148.337,148.337,147.967,148.076,42023.7617
26.08.2021 18:00:00.000,148.066,148.077,147.696,147.737,42408.9203
26.08.2021 19:00:00.000,147.726,147.947,147.506,147.527,85086.4792
27.08.2021 13:00:00.000,147.427,147.847,146.826,147.167,126577.2018
27.08.2021 14:00:00.000,147.166,148.407,146.866,148.006,214499.2371
27.08.2021 15:00:00.000,148.016,148.506,147.766,148.506,97970.7031
27.08.2021 16:00:00.000,148.496,148.627,148.146,148.396,50182.3196
27.08.2021 17:00:00.000,148.386,148.737,148.326,148.657,35469.6007
27.08.2021 18:00:00.000,148.666,148.726,148.496,148.537,33554.0199
27.08.2021 19:00:00.000,148.546,148.657,148.386,148.526,40445.5185
30.08.2021 13:00:00.000,148.967,150.936,148.596,150.767,125293.0832
30.08.2021 14:00:00.000,150.777,152.117,150.776,151.906,185102.7527
30.08.2021 15:00:00.000,151.907,152.487,151.797,152.487,107638.237
30.08.2021 16:00:00.000,152.476,153.096,152.126,152.967,85452.7969
30.08.2021 17:00:00.000,152.976,153.407,152.856,153.396,61361.4807
30.08.2021 18:00:00.000,153.407,153.477,152.806,153.046,53301.7616
30.08.2021 19:00:00.000,153.047,153.396,152.976,153.087,51416.7786
31.08.2021 13:00:00.000,152.657,152.677,151.477,151.516,161455.3528
31.08.2021 14:00:00.000,151.507,151.997,151.277,151.576,188772.0337
31.08.2021 15:00:00.000,151.587,152.287,151.546,152.106,105797.4014
31.08.2021 16:00:00.000,152.117,152.786,151.967,152.656,89720.5811
31.08.2021 17:00:00.000,152.657,152.726,152.046,152.347,63662.22
31.08.2021 18:00:00.000,152.357,152.556,152.177,152.357,41191.4597
31.08.2021 19:00:00.000,152.367,152.447,151.547,151.856,87453.7811
01.09.2021 13:00:00.000,152.737,154.807,152.507,154.096,115139.0228
01.09.2021 14:00:00.000,154.137,154.967,154.057,154.527,138558.5785
01.09.2021 15:00:00.000,154.527,154.927,154.386,154.496,97315.5594
01.09.2021 16:00:00.000,154.486,154.607,153.656,153.657,82816.1011
01.09.2021 17:00:00.000,153.647,153.987,153.547,153.787,52816.1201
01.09.2021 18:00:00.000,153.777,153.787,152.786,152.876,77464.8438
01.09.2021 19:00:00.000,152.867,153.166,152.317,152.537,91637.7563
02.09.2021 13:00:00.000,153.827,154.707,153.827,154.147,131322.525
02.09.2021 14:00:00.000,154.156,154.317,153.356,154.046,177179.8553
02.09.2021 15:00:00.000,154.057,154.127,153.516,153.567,103238.121
02.09.2021 16:00:00.000,153.567,153.727,153.006,153.296,97997.2
02.09.2021 17:00:00.000,153.286,153.457,152.526,152.596,98349.5789
02.09.2021 18:00:00.000,152.586,153.526,152.386,153.447,126873.4207
02.09.2021 19:00:00.000,153.456,153.817,153.296,153.696,127509.3765
03.09.2021 13:00:00.000,153.596,154.597,153.086,154.326,160440.4144
03.09.2021 14:00:00.000,154.337,154.597,153.686,153.877,204519.3329
03.09.2021 15:00:00.000,153.866,154.227,153.746,153.976,86391.8381
03.09.2021 16:00:00.000,153.966,154.177,153.756,153.836,52099.9603
03.09.2021 17:00:00.000,153.827,154.207,153.826,154.187,39247.6387
03.09.2021 18:00:00.000,154.177,154.227,153.786,154.056,39898.941
03.09.2021 19:00:00.000,154.046,154.407,154.036,154.257,52376.1597
07.09.2021 13:00:00.000,154.966,155.716,154.386,155.707,143085.9222
07.09.2021 14:00:00.000,155.727,156.217,155.306,156.016,199758.606
07.09.2021 15:00:00.000,156.026,156.067,155.246,155.807,135979.5227
07.09.2021 16:00:00.000,155.796,157.247,155.726,157.086,134385.6354
07.09.2021 17:00:00.000,157.097,157.117,156.746,156.826,70996.8109
07.09.2021 18:00:00.000,156.826,157.096,156.606,156.896,77703.5217
07.09.2021 19:00:00.000,156.886,157.067,156.646,156.687,72002.0294
08.09.2021 13:00:00.000,156.976,157.017,155.497,155.947,144621.933
08.09.2021 14:00:00.000,155.946,156.057,153.977,154.116,250175.0336
08.09.2021 15:00:00.000,154.116,155.127,154.076,154.307,198706.4667
08.09.2021 16:00:00.000,154.317,154.877,154.096,154.327,143585.7239
08.09.2021 17:00:00.000,154.316,155.027,154.257,154.696,122826.7899
08.09.2021 18:00:00.000,154.707,155.057,154.616,154.737,114531.5704
08.09.2021 19:00:00.000,154.746,155.107,154.596,155.107,77299.3698
09.09.2021 13:00:00.000,155.466,156.097,154.716,155.287,119933.1665
09.09.2021 14:00:00.000,155.287,155.766,155.086,155.267,164513.3362
09.09.2021 15:00:00.000,155.277,155.387,154.737,154.926,101760.2463
09.09.2021 16:00:00.000,154.916,155.217,154.776,154.887,77102.2873
09.09.2021 17:00:00.000,154.896,155.067,154.246,154.426,172099.5331
09.09.2021 18:00:00.000,154.436,154.537,154.076,154.486,119863.2584
09.09.2021 19:00:00.000,154.497,154.567,153.946,154.076,108067.2379
10.09.2021 13:00:00.000,154.997,155.467,154.866,155.336,122632.8506
10.09.2021 14:00:00.000,155.347,155.417,153.906,154.337,222977.7527
10.09.2021 15:00:00.000,154.336,154.377,148.697,149.187,342257.6904
10.09.2021 16:00:00.000,149.186,150.797,148.906,150.276,211847.9767
10.09.2021 17:00:00.000,150.276,150.747,149.857,149.977,138827.6672
10.09.2021 18:00:00.000,149.966,150.247,149.496,149.866,115358.6884
10.09.2021 19:00:00.000,149.867,149.927,148.736,148.977,153667.3431
13.09.2021 13:00:00.000,150.557,151.377,149.697,149.857,178703.0182
13.09.2021 14:00:00.000,149.856,150.237,149.046,150.046,283726.6846
13.09.2021 15:00:00.000,150.046,150.387,149.446,149.477,246782.486
13.09.2021 16:00:00.000,149.487,150.096,149.377,150.016,146540.863
13.09.2021 17:00:00.000,150.016,150.107,148.826,148.957,140327.2552
13.09.2021 18:00:00.000,148.967,149.277,148.746,149.267,121586.5479
13.09.2021 19:00:00.000,149.256,149.607,148.886,149.597,177664.0015
14.09.2021 13:00:00.000,150.346,151.047,149.636,149.857,158180.8624
14.09.2021 14:00:00.000,149.866,150.007,149.187,149.656,240274.9786
14.09.2021 15:00:00.000,149.657,150.427,149.566,150.247,125881.1798
14.09.2021 16:00:00.000,150.256,150.367,148.827,148.977,121369.5374
14.09.2021 17:00:00.000,148.976,149.167,148.276,148.566,144922.8058
14.09.2021 18:00:00.000,148.577,148.597,146.907,147.737,218125.9766
14.09.2021 19:00:00.000,147.747,148.277,147.206,148.157,182259.0332
15.09.2021 13:00:00.000,148.456,149.067,146.957,147.426,178029.5868
15.09.2021 14:00:00.000,147.437,147.567,146.356,147.216,264500.3662
15.09.2021 15:00:00.000,147.207,147.387,146.766,147.246,151711.4258
15.09.2021 16:00:00.000,147.236,148.157,147.116,148.037,118261.0931
15.09.2021 17:00:00.000,148.047,148.537,147.856,148.126,96825.882
15.09.2021 18:00:00.000,148.116,148.577,148.086,148.436,117782.1808
15.09.2021 19:00:00.000,148.446,149.427,148.336,149.086,122710.9909
16.09.2021 13:00:00.000,148.436,148.947,147.707,147.907,166461.3342
16.09.2021 14:00:00.000,147.897,147.977,147.296,147.677,202261.734
16.09.2021 15:00:00.000,147.666,147.846,147.216,147.706,108291.9235
16.09.2021 16:00:00.000,147.706,148.237,147.636,148.097,65886.8103
16.09.2021 17:00:00.000,148.087,148.316,147.696,148.196,70386.7264
16.09.2021 18:00:00.000,148.196,148.477,148.026,148.417,70941.9327
16.09.2021 19:00:00.000,148.417,148.926,148.387,148.827,112439.9414
17.09.2021 13:00:00.000,148.707,148.757,146.946,147.276,150901.2451
17.09.2021 14:00:00.000,147.267,147.347,146.536,146.746,218119.1559
17.09.2021 15:00:00.000,146.757,146.956,146.166,146.397,183475.4333
17.09.2021 16:00:00.000,146.387,146.947,146.366,146.766,127065.5365
17.09.2021 17:00:00.000,146.756,146.777,145.866,146.106,102035.1563
17.09.2021 18:00:00.000,146.116,146.267,145.756,146.136,109602.3483
17.09.2021 19:00:00.000,146.146,146.277,145.856,145.996,150948.5168
20.09.2021 13:00:00.000,143.777,144.816,143.057,143.827,203414.2456
20.09.2021 14:00:00.000,143.837,143.946,142.476,142.747,351148.5596
20.09.2021 15:00:00.000,142.737,143.317,142.476,142.486,228048.5382
20.09.2021 16:00:00.000,142.487,142.727,142.086,142.196,177255.3406
20.09.2021 17:00:00.000,142.196,142.627,141.846,142.336,159435.5927
20.09.2021 18:00:00.000,142.346,142.476,141.266,141.486,217555.5725
20.09.2021 19:00:00.000,141.476,143.107,141.336,142.997,291908.5999
21.09.2021 13:00:00.000,143.906,144.587,143.167,144.096,184842.7429
21.09.2021 14:00:00.000,144.106,144.287,142.876,143.007,333468.4448
21.09.2021 15:00:00.000,143.017,144.217,142.776,143.966,229635.376
21.09.2021 16:00:00.000,143.976,144.347,143.717,143.866,167762.6953
21.09.2021 17:00:00.000,143.856,143.957,143.287,143.447,196920.8374
21.09.2021 18:00:00.000,143.456,144.117,143.186,143.837,183795.7458
21.09.2021 19:00:00.000,143.847,144.217,143.357,143.416,199849.8688
22.09.2021 13:00:00.000,144.377,144.577,143.696,144.577,135986.1145
22.09.2021 14:00:00.000,144.576,145.277,144.576,144.897,183268.0817
22.09.2021 15:00:00.000,144.917,145.877,144.916,145.517,123938.7894
22.09.2021 16:00:00.000,145.516,145.687,145.186,145.226,94342.9718
22.09.2021 17:00:00.000,145.217,145.377,145.026,145.296,100830.1163
22.09.2021 18:00:00.000,145.206,146.407,144.706,145.386,383477.2339
22.09.2021 19:00:00.000,145.396,146.416,145.206,145.806,269407.135
23.09.2021 13:00:00.000,146.586,146.717,145.626,146.267,158507.6447
23.09.2021 14:00:00.000,146.277,147.067,146.206,146.927,184973.3429
23.09.2021 15:00:00.000,146.927,146.977,146.356,146.906,152298.645
23.09.2021 16:00:00.000,146.906,146.917,146.506,146.576,97392.5171
23.09.2021 17:00:00.000,146.576,147.017,146.526,147.007,71951.4465
23.09.2021 18:00:00.000,147.006,147.017,146.706,146.946,62241.1995
23.09.2021 19:00:00.000,146.956,146.976,146.706,146.796,70130.4016
24.09.2021 13:00:00.000,145.647,146.266,145.556,146.146,138800.9949
24.09.2021 14:00:00.000,146.156,146.377,145.716,145.897,202693.2526
24.09.2021 15:00:00.000,145.906,146.427,145.836,146.416,93753.0212
24.09.2021 16:00:00.000,146.366,146.787,146.276,146.607,68732.4905
24.09.2021 17:00:00.000,146.616,146.886,146.496,146.687,67271.4233
24.09.2021 18:00:00.000,146.697,147.017,146.686,146.996,56926.8188
24.09.2021 19:00:00.000,146.987,147.467,146.816,146.897,84388.5574
27.09.2021 13:00:00.000,145.376,145.897,143.806,144.317,168826.767
27.09.2021 14:00:00.000,144.307,145.647,144.196,145.246,202072.113
27.09.2021 15:00:00.000,145.236,145.586,144.516,144.787,157253.5858
27.09.2021 16:00:00.000,144.787,145.197,144.646,145.086,95213.4476
27.09.2021 17:00:00.000,145.076,145.526,145.026,145.506,85531.3416
27.09.2021 18:00:00.000,145.497,145.747,145.436,145.537,84710.762
27.09.2021 19:00:00.000,145.527,145.757,145.196,145.366,91718.4906
28.09.2021 13:00:00.000,143.156,144.746,142.926,144.587,168150.3754
28.09.2021 14:00:00.000,144.587,144.587,142.766,142.866,370054.4434
28.09.2021 15:00:00.000,142.856,143.077,142.416,142.736,262636.9324
28.09.2021 16:00:00.000,142.736,142.927,141.906,141.987,203252.3193
28.09.2021 17:00:00.000,141.986,142.457,141.806,141.936,196606.2164
28.09.2021 18:00:00.000,141.936,142.757,141.686,142.646,225371.9025
28.09.2021 19:00:00.000,142.636,142.867,141.757,141.897,266239.7766
29.09.2021 13:00:00.000,142.447,144.237,142.016,143.937,178016.983
29.09.2021 14:00:00.000,143.946,144.437,143.577,144.177,287579.0405
29.09.2021 15:00:00.000,144.176,144.237,142.946,143.416,188819.397
29.09.2021 16:00:00.000,143.386,143.627,142.886,143.396,198807.5409
29.09.2021 17:00:00.000,143.407,143.487,142.516,143.147,193925.8423
29.09.2021 18:00:00.000,143.137,144.047,143.066,143.926,159097.5037
29.09.2021 19:00:00.000,143.927,143.996,142.496,142.846,151186.3861
30.09.2021 13:00:00.000,143.596,144.357,143.206,143.347,161075.8362
30.09.2021 14:00:00.000,143.337,143.447,142.496,142.616,301782.196
30.09.2021 15:00:00.000,142.596,143.097,141.896,142.106,222516.8457
30.09.2021 16:00:00.000,142.107,142.157,141.307,141.767,279346.6187
30.09.2021 17:00:00.000,141.777,142.277,141.647,142.267,198104.2328
30.09.2021 18:00:00.000,142.267,142.987,142.226,142.447,199033.2031
30.09.2021 19:00:00.000,142.447,143.046,141.286,141.287,238011.4136
01.10.2021 13:00:00.000,141.786,142.006,140.246,140.516,184365.6769
01.10.2021 14:00:00.000,140.517,140.676,139.107,140.056,326779.9377
01.10.2021 15:00:00.000,140.037,140.417,139.556,140.306,250971.2067
01.10.2021 16:00:00.000,140.317,140.797,140.056,140.417,202189.6667
01.10.2021 17:00:00.000,140.427,141.547,140.286,141.336,159844.3146
01.10.2021 18:00:00.000,141.337,142.167,141.286,142.047,123624.2371
01.10.2021 19:00:00.000,142.046,142.907,141.826,142.466,175128.1128
04.10.2021 13:00:00.000,141.776,142.176,140.227,140.747,165994.1559
04.10.2021 14:00:00.000,140.726,140.876,138.826,139.106,296830.8105
04.10.2021 15:00:00.000,139.097,139.477,138.626,139.226,155289.9933
04.10.2021 16:00:00.000,139.217,139.237,138.306,138.506,112589.9963
04.10.2021 17:00:00.000,138.497,138.967,138.266,138.556,113029.9988
04.10.2021 18:00:00.000,138.547,139.206,138.526,138.937,121620.0027
04.10.2021 19:00:00.000,138.946,139.306,138.466,139.157,125440.0024
05.10.2021 13:00:00.000,139.476,140.367,139.347,139.766,100760.0021
05.10.2021 14:00:00.000,139.807,140.556,139.576,140.527,120699.9969
05.10.2021 15:00:00.000,140.526,141.537,140.476,141.526,91019.9966
05.10.2021 16:00:00.000,141.527,141.997,141.327,141.937,75889.9994
05.10.2021 17:00:00.000,141.936,142.106,141.586,141.986,59560.0014
05.10.2021 18:00:00.000,141.977,142.226,141.856,141.987,40409.9998
05.10.2021 19:00:00.000,141.996,142.107,140.906,141.086,59180.0003
06.10.2021 13:00:00.000,139.446,140.167,138.956,139.107,104319.9997
06.10.2021 14:00:00.000,139.106,140.656,138.366,140.276,184820.0073
06.10.2021 15:00:00.000,140.277,140.447,139.576,140.386,139199.9969
06.10.2021 16:00:00.000,140.377,140.406,139.706,139.836,107430.0003
06.10.2021 17:00:00.000,139.846,140.907,139.546,140.907,94669.9982
06.10.2021 18:00:00.000,140.917,141.637,140.707,141.136,102099.9985
06.10.2021 19:00:00.000,141.137,142.137,141.086,141.966,92569.9997
07.10.2021 13:00:00.000,143.006,143.847,142.727,143.836,85669.9982
07.10.2021 14:00:00.000,143.826,144.197,143.766,143.996,83089.9963
07.10.2021 15:00:00.000,143.986,144.137,143.536,144.117,46650.0015
07.10.2021 16:00:00.000,144.117,144.127,143.616,144.037,38150.0015
07.10.2021 17:00:00.000,144.026,144.157,143.896,143.936,33650.0015
07.10.2021 18:00:00.000,143.937,143.987,143.416,143.536,53380.0011
07.10.2021 19:00:00.000,143.527,143.827,142.987,143.277,60020.0005
08.10.2021 13:00:00.000,144.027,144.147,143.056,143.177,103699.9969
08.10.2021 14:00:00.000,143.167,143.946,143.056,143.276,138220.0012
08.10.2021 15:00:00.000,143.287,143.477,142.946,143.006,72769.9966
08.10.2021 16:00:00.000,143.016,143.227,142.796,142.967,47430.0003
08.10.2021 17:00:00.000,142.967,143.047,142.536,142.857,52319.9997
08.10.2021 18:00:00.000,142.846,143.387,142.816,143.056,50560.0014
08.10.2021 19:00:00.000,143.056,143.327,142.767,142.926,64059.9976
11.10.2021 13:00:00.000,142.256,143.977,141.796,143.916,80519.9966
11.10.2021 14:00:00.000,143.937,144.797,143.916,144.447,84260.0021
11.10.2021 15:00:00.000,144.437,144.687,144.336,144.417,57520.0005
11.10.2021 16:00:00.000,144.397,144.447,143.856,144.057,57490.0017
11.10.2021 17:00:00.000,144.056,144.056,143.376,143.576,71980.0034
11.10.2021 18:00:00.000,143.576,143.827,143.226,143.407,60750
11.10.2021 19:00:00.000,143.397,143.516,142.726,142.727,75089.9963
12.10.2021 13:00:00.000,143.206,143.206,141.876,141.877,96919.9982
12.10.2021 14:00:00.000,141.887,142.277,141.406,141.517,153789.9933
12.10.2021 15:00:00.000,141.526,142.297,141.526,142.286,94860.0006
12.10.2021 16:00:00.000,142.296,142.967,141.796,141.846,74839.9963
12.10.2021 17:00:00.000,141.837,142.097,141.616,141.887,61119.9989
12.10.2021 18:00:00.000,141.877,142.467,141.796,141.946,55409.9998
12.10.2021 19:00:00.000,141.966,141.996,141.036,141.386,67370.0027
13.10.2021 13:00:00.000,141.097,141.356,139.546,139.716,93900.0015
13.10.2021 14:00:00.000,139.727,140.177,139.496,139.796,125489.9979
13.10.2021 15:00:00.000,139.787,140.127,139.196,140.107,75860.0006
13.10.2021 16:00:00.000,140.116,140.137,139.796,140.006,52680.0003
13.10.2021 17:00:00.000,140.006,140.666,139.996,140.426,51479.9995
13.10.2021 18:00:00.000,140.446,140.956,140.186,140.366,90290.0009
13.10.2021 19:00:00.000,140.377,141.017,140.266,140.947,77440.0024
14.10.2021 13:00:00.000,142.006,142.857,141.497,142.757,81470.0012
14.10.2021 14:00:00.000,142.767,143.277,142.686,142.847,72510.0021
14.10.2021 15:00:00.000,142.857,143.207,142.627,143.187,38759.9983
14.10.2021 16:00:00.000,143.187,143.537,143.166,143.517,35169.9982
14.10.2021 17:00:00.000,143.506,143.636,143.316,143.586,28739.9998
14.10.2021 18:00:00.000,143.577,143.867,143.436,143.837,22950.0008
14.10.2021 19:00:00.000,143.846,143.847,143.336,143.747,39259.9983
15.10.2021 13:00:00.000,143.897,144.677,143.516,144.327,68790.0009
15.10.2021 14:00:00.000,144.336,144.376,143.796,144.356,73870.0027
15.10.2021 15:00:00.000,144.356,144.427,143.646,143.726,55610.0006
15.10.2021 16:00:00.000,143.717,144.257,143.666,144.217,32169.9982
15.10.2021 17:00:00.000,144.207,144.506,144.036,144.407,25479.9995
15.10.2021 18:00:00.000,144.397,144.657,144.356,144.627,21340.0002
15.10.2021 19:00:00.000,144.617,144.877,144.287,144.826,41950.0008
18.10.2021 13:00:00.000,143.377,144.447,143.156,144.296,84110.0006
18.10.2021 14:00:00.000,144.316,144.867,144.156,144.817,83680.0003
18.10.2021 15:00:00.000,144.826,145.507,144.826,145.386,59400.0015
18.10.2021 16:00:00.000,145.386,145.467,145.056,145.216,33900.0015
18.10.2021 17:00:00.000,145.227,146.047,144.956,145.876,48740.0017
18.10.2021 18:00:00.000,145.877,146.377,145.706,146.317,32950.0008
18.10.2021 19:00:00.000,146.307,146.827,146.236,146.527,49299.9992
19.10.2021 13:00:00.000,146.896,147.876,146.546,147.777,81690.0024
19.10.2021 14:00:00.000,147.776,149.027,147.627,148.917,96379.9973
19.10.2021 15:00:00.000,148.907,149.157,148.206,148.507,65769.9966
19.10.2021 16:00:00.000,148.506,148.907,148.356,148.867,40599.9985
19.10.2021 17:00:00.000,148.856,149.036,148.706,148.837,26600.0004
19.10.2021 18:00:00.000,148.847,148.866,148.326,148.666,26530.0007
19.10.2021 19:00:00.000,148.657,148.827,148.256,148.777,39090.0002
20.10.2021 13:00:00.000,148.696,149.746,148.696,148.987,76599.9985
20.10.2021 14:00:00.000,148.976,149.477,148.696,149.217,77949.9969
20.10.2021 15:00:00.000,149.216,149.727,149.056,149.666,62279.9988
20.10.2021 16:00:00.000,149.677,149.687,149.026,149.187,40650.0015
20.10.2021 17:00:00.000,149.176,149.246,148.096,148.477,63939.9986
20.10.2021 18:00:00.000,148.466,148.847,148.426,148.806,32419.9982
20.10.2021 19:00:00.000,148.817,149.407,148.746,149.337,43169.9982
21.10.2021 13:00:00.000,148.787,149.596,148.756,149.347,70029.9988
21.10.2021 14:00:00.000,149.347,149.536,149.086,149.307,74580.0018
21.10.2021 15:00:00.000,149.297,149.507,149.096,149.266,64410.0037
21.10.2021 16:00:00.000,149.276,149.397,147.866,148.566,67050.0031
21.10.2021 17:00:00.000,148.557,148.587,148.356,148.446,35509.9983
21.10.2021 18:00:00.000,148.456,149.087,148.366,149.026,33029.9988
21.10.2021 19:00:00.000,149.037,149.627,149.036,149.436,41040.0009
22.10.2021 13:00:00.000,149.637,150.166,148.837,149.856,72879.9973
22.10.2021 14:00:00.000,149.867,150.156,149.316,149.536,89540.0009
22.10.2021 15:00:00.000,149.546,149.637,148.636,148.937,117709.9991
22.10.2021 16:00:00.000,148.936,149.467,148.766,149.096,64459.9991
22.10.2021 17:00:00.000,149.106,149.287,148.896,148.937,55389.9994
22.10.2021 18:00:00.000,148.926,149.657,148.886,149.096,46150.0015
22.10.2021 19:00:00.000,149.097,149.167,148.616,148.627,61767.5018
25.10.2021 13:00:00.000,148.516,149.366,147.906,148.337,86440.0024
25.10.2021 14:00:00.000,148.357,148.426,147.616,148.066,104069.9997
25.10.2021 15:00:00.000,148.057,148.507,147.826,148.507,59409.9998
25.10.2021 16:00:00.000,148.516,149.067,148.466,148.956,49099.9985
25.10.2021 17:00:00.000,148.967,149.077,148.696,148.787,28309.9995
25.10.2021 18:00:00.000,148.797,148.947,148.626,148.687,33080.0018
25.10.2021 19:00:00.000,148.697,148.767,148.407,148.627,34509.9983
26.10.2021 13:00:00.000,149.187,150.827,149.126,149.616,81839.9963
26.10.2021 14:00:00.000,149.626,149.877,149.006,149.367,93860.0006
26.10.2021 15:00:00.000,149.376,150.027,149.376,149.586,93169.9982
26.10.2021 16:00:00.000,149.596,149.847,149.196,149.457,98660.0037
26.10.2021 17:00:00.000,149.447,149.887,149.276,149.606,88069.9997
26.10.2021 18:00:00.000,149.617,149.697,149.097,149.356,59709.9991
26.10.2021 19:00:00.000,149.346,149.826,149.236,149.237,55590.0002
27.10.2021 13:00:00.000,149.287,149.677,148.477,149.377,85720.0012
27.10.2021 14:00:00.000,149.386,149.406,148.486,148.796,136000
27.10.2021 15:00:00.000,148.796,149.507,148.686,149.177,80360.0006
27.10.2021 16:00:00.000,149.176,149.496,149.146,149.416,53099.9985
27.10.2021 17:00:00.000,149.416,149.707,149.376,149.576,35830.0018
27.10.2021 18:00:00.000,149.576,149.717,149.446,149.466,39240.0017
27.10.2021 19:00:00.000,149.456,149.537,148.797,148.797,85160.0037
28.10.2021 13:00:00.000,149.797,152.097,149.686,152.057,90459.9991
28.10.2021 14:00:00.000,152.056,152.907,151.676,152.536,97510.0021
28.10.2021 15:00:00.000,152.546,153.157,152.306,152.616,64319.9997
28.10.2021 16:00:00.000,152.627,152.827,151.956,152.186,55049.9992
28.10.2021 17:00:00.000,152.196,152.696,152.146,152.486,44159.9998
28.10.2021 18:00:00.000,152.496,152.877,152.446,152.606,30479.9995
28.10.2021 19:00:00.000,152.597,152.657,152.166,152.437,49590.0002
29.10.2021 13:00:00.000,147.057,148.686,146.406,147.107,101910.0037
29.10.2021 14:00:00.000,147.137,147.796,146.906,147.247,92419.9982
29.10.2021 15:00:00.000,147.257,148.627,147.006,148.306,66129.9973
29.10.2021 16:00:00.000,148.317,149.487,148.276,149.366,75199.9969
29.10.2021 17:00:00.000,149.377,149.487,148.606,148.676,55610.0006
29.10.2021 18:00:00.000,148.667,149.297,148.536,149.146,59090.0002
29.10.2021 19:00:00.000,149.137,149.926,148.966,149.737,80050.0031
01.11.2021 13:00:00.000,148.847,149.637,148.077,148.226,87449.9969
01.11.2021 14:00:00.000,148.227,148.856,147.797,148.337,123029.9988
01.11.2021 15:00:00.000,148.336,149.027,148.246,148.887,57279.9988
01.11.2021 16:00:00.000,148.886,149.017,148.646,148.926,46849.9985
01.11.2021 17:00:00.000,148.917,149.006,148.506,148.557,45939.9986
01.11.2021 18:00:00.000,148.546,148.687,148.256,148.337,53939.9986
01.11.2021 19:00:00.000,148.327,148.977,148.306,148.976,47000
02.11.2021 13:00:00.000,148.646,150.477,148.616,149.926,76750
02.11.2021 14:00:00.000,149.936,150.897,149.326,150.847,99209.9991
02.11.2021 15:00:00.000,150.857,151.557,150.606,150.926,73569.9997
02.11.2021 16:00:00.000,150.937,151.467,150.576,151.396,59599.9985
02.11.2021 17:00:00.000,151.406,151.457,150.856,150.947,49869.9989
02.11.2021 18:00:00.000,150.956,150.977,150.067,150.357,43909.9998
02.11.2021 19:00:00.000,150.347,150.427,149.796,149.987,49319.9997
03.11.2021 13:00:00.000,150.296,150.956,149.836,150.707,63759.9983
03.11.2021 14:00:00.000,150.717,150.807,150.096,150.247,84879.9973
03.11.2021 15:00:00.000,150.256,150.567,150.156,150.506,49830.0018
03.11.2021 16:00:00.000,150.496,150.697,150.346,150.366,33490.0017
03.11.2021 17:00:00.000,150.356,150.436,150.176,150.337,22370.0008
03.11.2021 18:00:00.000,150.346,151.386,150.187,151.207,121300.0031
03.11.2021 19:00:00.000,151.217,151.957,151.017,151.427,77529.9988
04.11.2021 13:00:00.000,151.546,152.417,151.257,152.057,75550.0031
04.11.2021 14:00:00.000,152.066,152.096,151.546,151.906,84190.0024
04.11.2021 15:00:00.000,151.906,151.937,150.826,151.356,87199.9969
04.11.2021 16:00:00.000,151.366,151.657,151.136,151.206,55250
04.11.2021 17:00:00.000,151.216,151.557,151.016,151.526,53310.0014
04.11.2021 18:00:00.000,151.506,151.537,151.106,151.167,57779.9988
04.11.2021 19:00:00.000,151.167,151.527,150.627,150.937,61610.0006
05.11.2021 13:00:00.000,151.587,152.177,151.236,151.626,75440.0024
05.11.2021 14:00:00.000,151.637,151.767,150.806,151.127,95040.0009
05.11.2021 15:00:00.000,151.117,151.317,150.846,150.907,49259.9983
05.11.2021 16:00:00.000,150.906,151.056,150.516,150.806,47110.0006
05.11.2021 17:00:00.000,150.797,150.857,150.046,150.547,80470.0012
05.11.2021 18:00:00.000,150.546,150.666,150.186,150.607,62279.9988
05.11.2021 19:00:00.000,150.607,151.437,150.336,151.117,74919.9982
08.11.2021 14:00:00.000,151.317,151.477,150.696,150.946,71169.9982
08.11.2021 15:00:00.000,150.957,151.437,150.716,150.757,92150.0015
08.11.2021 16:00:00.000,150.747,150.876,150.337,150.407,57560.0014
08.11.2021 17:00:00.000,150.407,150.596,150.156,150.577,47880.0011
08.11.2021 18:00:00.000,150.587,150.997,150.517,150.576,41639.9994
08.11.2021 19:00:00.000,150.576,150.776,150.496,150.656,30959.9991
08.11.2021 20:00:00.000,150.646,150.657,150.296,150.467,37240.0017
09.11.2021 14:00:00.000,150.096,151.407,150.056,150.937,89004.097
09.11.2021 15:00:00.000,150.946,151.187,150.146,150.847,141250
09.11.2021 16:00:00.000,150.857,151.157,150.557,150.867,101330.0018
09.11.2021 17:00:00.000,150.876,151.217,150.496,151.006,99029.9988
09.11.2021 18:00:00.000,151.007,151.207,150.546,150.696,71129.9973
09.11.2021 19:00:00.000,150.696,150.966,150.606,150.817,51360.0006
09.11.2021 20:00:00.000,150.807,151.056,150.616,150.787,53150.0015
10.11.2021 14:00:00.000,150.027,150.107,147.946,149.017,92169.9982
10.11.2021 15:00:00.000,149.017,149.597,148.716,148.967,110360.0006
10.11.2021 16:00:00.000,148.966,149.067,148.677,149.056,67059.9976
10.11.2021 17:00:00.000,149.047,149.176,148.796,149.156,42439.9986
10.11.2021 18:00:00.000,149.157,149.167,148.326,148.497,104889.9994
10.11.2021 19:00:00.000,148.477,148.527,147.926,148.147,111239.9979
10.11.2021 20:00:00.000,148.136,148.287,147.846,147.877,83040.0009
11.11.2021 14:00:00.000,148.937,149.057,148.146,148.666,63200.0008
11.11.2021 15:00:00.000,148.657,148.657,148.166,148.366,77419.9982
11.11.2021 16:00:00.000,148.366,148.557,148.146,148.257,40439.9986
11.11.2021 17:00:00.000,148.266,148.307,147.866,147.966,36220.0012
11.11.2021 18:00:00.000,147.957,147.957,147.676,147.836,28079.9999
11.11.2021 19:00:00.000,147.827,148.287,147.796,148.056,27100.0004
11.11.2021 20:00:00.000,148.056,148.137,147.756,147.857,46130.0011
12.11.2021 14:00:00.000,148.406,148.476,147.466,147.976,64779.9988
12.11.2021 15:00:00.000,147.966,148.767,147.756,148.566,76199.9969
12.11.2021 16:00:00.000,148.557,150.077,148.506,149.797,71069.9997
12.11.2021 17:00:00.000,149.797,149.866,149.546,149.567,38779.9988
12.11.2021 18:00:00.000,149.556,149.947,149.286,149.926,31180.0003
12.11.2021 19:00:00.000,149.927,150.017,149.736,149.886,32090.0002
12.11.2021 20:00:00.000,149.887,150.387,149.746,149.907,40430.0003
15.11.2021 14:00:00.000,150.257,151.877,150.257,150.947,69089.9963
15.11.2021 15:00:00.000,150.956,150.996,150.246,150.317,98120.0027
15.11.2021 16:00:00.000,150.306,150.516,149.426,149.767,78919.9982
15.11.2021 17:00:00.000,149.757,150.227,149.526,150.036,63299.9992
15.11.2021 18:00:00.000,150.027,150.127,149.876,149.897,35450.0008
15.11.2021 19:00:00.000,149.906,150.196,149.746,149.987,41389.9994
15.11.2021 20:00:00.000,149.976,150.247,149.746,149.987,37669.9982
16.11.2021 14:00:00.000,149.796,150.376,149.596,149.836,62724.9985
16.11.2021 15:00:00.000,149.847,149.887,149.326,149.667,73605.1025
16.11.2021 16:00:00.000,149.667,151.357,149.656,151.166,71089.9963
16.11.2021 17:00:00.000,151.167,151.477,151.046,151.126,39490.0017
16.11.2021 18:00:00.000,151.127,151.456,150.996,151.366,32130.0011
16.11.2021 19:00:00.000,151.377,151.466,150.926,151.016,30329.9999
16.11.2021 20:00:00.000,151.026,151.237,150.796,150.926,31979.9995
17.11.2021 14:00:00.000,150.927,152.767,150.927,152.127,65760.0021
17.11.2021 15:00:00.000,152.117,152.767,152.037,152.607,75472.5037
17.11.2021 16:00:00.000,152.606,154.977,152.596,154.976,58762.5008
17.11.2021 17:00:00.000,154.967,154.987,153.756,153.997,87032.5012
17.11.2021 18:00:00.000,154.007,154.537,153.726,154.287,70980.0034
17.11.2021 19:00:00.000,154.287,154.537,153.776,154.097,43279.9988
17.11.2021 20:00:00.000,154.097,154.257,153.336,153.486,58220.0012
18.11.2021 14:00:00.000,153.587,154.607,153.046,154.397,69919.9982
18.11.2021 15:00:00.000,154.407,154.577,153.546,154.147,126239.9979
18.11.2021 16:00:00.000,154.137,154.857,153.866,154.617,98069.9997
18.11.2021 17:00:00.000,154.627,157.856,154.527,157.206,136270.0043
18.11.2021 18:00:00.000,157.196,157.747,156.687,157.486,93779.9988
18.11.2021 19:00:00.000,157.496,158.387,157.357,157.627,103279.9988
18.11.2021 20:00:00.000,157.627,158.666,157.586,157.736,85250
19.11.2021 14:00:00.000,157.446,159.007,156.516,158.936,79300.0031
19.11.2021 15:00:00.000,158.926,159.177,158.066,158.966,122040.0009
19.11.2021 16:00:00.000,158.966,160.117,158.846,159.847,90029.9988
19.11.2021 17:00:00.000,159.847,160.337,159.676,160.276,71680.0003
19.11.2021 18:00:00.000,160.287,160.706,159.766,160.676,80029.9988
19.11.2021 19:00:00.000,160.687,160.827,160.296,160.506,69269.9966
19.11.2021 20:00:00.000,160.496,161.007,160.096,160.647,78370.0027
22.11.2021 14:00:00.000,161.636,164.767,161.636,164.667,85419.9982
22.11.2021 15:00:00.000,164.657,165.687,164.526,164.736,133690.0024
22.11.2021 16:00:00.000,164.736,165.207,163.037,163.536,142229.9957
22.11.2021 17:00:00.000,163.526,164.366,163.036,163.937,145070.0073
22.11.2021 18:00:00.000,163.947,163.967,163.316,163.677,93680.0003
22.11.2021 19:00:00.000,163.686,164.277,163.586,163.787,77430.0003
22.11.2021 20:00:00.000,163.797,163.987,161.016,161.066,109349.9985
23.11.2021 14:00:00.000,160.986,161.786,159.597,160.726,85500
23.11.2021 15:00:00.000,160.716,160.846,159.056,159.887,178050.0031
23.11.2021 16:00:00.000,159.876,160.477,159.227,159.807,164929.9927
23.11.2021 17:00:00.000,159.807,160.597,159.426,159.767,145190.0024
23.11.2021 18:00:00.000,159.757,160.096,159.076,160.007,140740.0055
23.11.2021 19:00:00.000,160.006,160.887,159.807,160.876,136100.0061
23.11.2021 20:00:00.000,160.877,161.587,160.517,161.526,153979.9957
24.11.2021 14:00:00.000,160.746,161.387,159.697,159.977,97349.9985
24.11.2021 15:00:00.000,159.946,161.096,159.607,161.077,167050.0031
24.11.2021 16:00:00.000,161.077,161.967,160.696,161.256,122309.9976
24.11.2021 17:00:00.000,161.246,161.617,160.916,161.486,81239.9979
24.11.2021 18:00:00.000,161.497,161.727,160.906,160.986,66309.9976
24.11.2021 19:00:00.000,160.976,161.277,160.486,160.987,99750
24.11.2021 20:00:00.000,160.976,162.127,160.786,161.957,90129.9973
26.11.2021 14:00:00.000,159.496,160.416,158.356,158.847,102199.9969
26.11.2021 15:00:00.000,158.856,158.957,157.417,157.606,202190.0024
26.11.2021 16:00:00.000,157.617,158.176,156.897,158.087,170080.0018
26.11.2021 17:00:00.000,158.096,158.216,156.356,157.427,167229.9957
29.11.2021 14:00:00.000,159.296,160.557,159.066,160.127,87537.4985
29.11.2021 15:00:00.000,160.117,160.527,158.796,159.186,127632.4997
29.11.2021 16:00:00.000,159.197,160.427,158.936,160.356,89864.9979
29.11.2021 17:00:00.000,160.357,160.867,160.177,160.516,56797.5006
29.11.2021 18:00:00.000,160.526,161.176,160.446,160.997,40117.5003
29.11.2021 19:00:00.000,161.007,161.106,160.386,160.747,51209.9991
29.11.2021 20:00:00.000,160.747,160.847,159.986,160.426,71415.0009
30.11.2021 14:00:00.000,159.927,162.287,159.866,162.076,78150.0015
30.11.2021 15:00:00.000,162.066,164.566,162.006,162.227,150854.9957
30.11.2021 16:00:00.000,162.236,163.417,161.836,162.486,165044.9982
30.11.2021 17:00:00.000,162.507,164.246,162.027,163.556,135142.5018
30.11.2021 18:00:00.000,163.556,164.356,163.096,164.337,109252.5024
30.11.2021 19:00:00.000,164.327,164.907,163.936,164.226,116962.5015
30.11.2021 20:00:00.000,164.216,165.507,163.336,165.356,134505.0049
01.12.2021 14:00:00.000,167.397,168.276,166.046,168.247,77940.0024
01.12.2021 15:00:00.000,168.247,169.487,167.087,169.297,132389.9994
01.12.2021 16:00:00.000,169.317,170.167,169.067,169.256,112912.4985
01.12.2021 17:00:00.000,169.247,170.286,169.046,169.087,107452.4994
01.12.2021 18:00:00.000,169.097,169.666,167.376,168.376,141082.5043
01.12.2021 19:00:00.000,168.366,168.377,166.996,167.177,147225.0061
01.12.2021 20:00:00.000,167.167,167.437,164.497,164.556,165307.4951
02.12.2021 14:00:00.000,158.707,161.617,157.777,161.346,105600.0137
02.12.2021 15:00:00.000,161.336,161.336,159.026,160.487,188264.9994
02.12.2021 16:00:00.000,160.477,162.457,160.196,162.357,164182.4951
02.12.2021 17:00:00.000,162.357,163.687,162.066,163.076,122849.9985
02.12.2021 18:00:00.000,163.087,163.527,162.546,163.406,127139.9994
02.12.2021 19:00:00.000,163.416,163.957,162.907,163.406,115432.5027
02.12.2021 20:00:00.000,163.416,164.186,163.127,163.737,128365.0055
03.12.2021 14:00:00.000,163.987,164.937,162.756,163.297,92805.0003
03.12.2021 15:00:00.000,163.277,163.847,161.797,162.796,200505.0049
03.12.2021 16:00:00.000,162.806,163.257,160.786,160.996,175717.4988
03.12.2021 17:00:00.000,161.016,162.386,160.516,161.576,144817.5049
03.12.2021 18:00:00.000,161.566,161.576,159.766,159.917,135164.9933
03.12.2021 19:00:00.000,159.917,160.706,159.746,160.067,139604.9957
03.12.2021 20:00:00.000,160.057,162.147,159.716,161.756,153562.5
06.12.2021 14:00:00.000,164.226,167.137,164.226,167.096,109597.5037
06.12.2021 15:00:00.000,167.087,167.857,165.277,165.986,182369.9951
06.12.2021 16:00:00.000,165.977,166.227,164.896,165.597,143115.0055
06.12.2021 17:00:00.000,165.626,166.427,165.586,166.277,102870.0027
06.12.2021 18:00:00.000,166.287,166.407,165.557,166.176,94919.9982
06.12.2021 19:00:00.000,166.176,166.487,165.266,165.536,94027.4963
06.12.2021 20:00:00.000,165.527,165.817,164.976,165.107,104535.0037
07.12.2021 14:00:00.000,169.006,170.757,168.316,170.136,87180.0003
07.12.2021 15:00:00.000,170.136,171.267,169.966,170.726,117944.9997
07.12.2021 16:00:00.000,170.737,171.466,170.486,171.067,83925.0031
07.12.2021 17:00:00.000,171.067,171.576,170.796,171.097,47497.5014
07.12.2021 18:00:00.000,171.087,171.126,170.316,170.437,45277.5002
07.12.2021 19:00:00.000,170.427,170.427,169.446,169.927,55597.4998
07.12.2021 20:00:00.000,169.917,171.216,169.806,170.947,92227.5009
08.12.2021 14:00:00.000,171.926,173.446,170.696,172.666,93757.4997
08.12.2021 15:00:00.000,172.667,174.427,172.556,173.917,144187.5
08.12.2021 16:00:00.000,173.906,174.847,173.256,174.827,96772.4991
08.12.2021 17:00:00.000,174.816,174.817,173.746,174.267,73230.0034
08.12.2021 18:00:00.000,174.276,174.807,174.026,174.526,54877.4986
08.12.2021 19:00:00.000,174.527,175.937,174.057,174.766,78930.0003
08.12.2021 20:00:00.000,174.756,175.267,174.036,175.067,81434.9976
09.12.2021 14:00:00.000,174.826,176.727,174.556,176.106,80400.0015
09.12.2021 15:00:00.000,176.116,176.187,173.926,175.907,145365.0055
09.12.2021 16:00:00.000,175.897,175.937,174.676,174.717,94650.0015
09.12.2021 17:00:00.000,174.696,175.807,174.476,175.486,77512.4969
09.12.2021 18:00:00.000,175.487,175.946,175.127,175.637,77565.0024
09.12.2021 19:00:00.000,175.637,175.947,175.156,175.356,80985.0006
09.12.2021 20:00:00.000,175.367,175.707,174.186,174.576,109800.0031
10.12.2021 14:00:00.000,175.137,176.546,174.687,175.167,87292.5034
10.12.2021 15:00:00.000,175.177,176.977,175.076,176.106,146115.0055
10.12.2021 16:00:00.000,176.117,176.727,175.397,176.696,116849.9985
10.12.2021 17:00:00.000,176.706,177.307,176.587,177.277,91785.0037
10.12.2021 18:00:00.000,177.267,177.807,177.036,177.676,75285.0037
10.12.2021 19:00:00.000,177.666,177.897,177.576,177.826,59834.9991
10.12.2021 20:00:00.000,177.827,179.607,177.667,179.406,75657.5012
13.12.2021 14:00:00.000,181.087,181.756,179.747,180.936,103845.0012
13.12.2021 15:00:00.000,180.937,182.086,178.146,179.777,159202.4994
13.12.2021 16:00:00.000,179.777,179.986,177.096,177.827,139642.5018
13.12.2021 17:00:00.000,177.827,179.397,177.726,178.727,96757.4997
13.12.2021 18:00:00.000,178.727,179.147,177.336,178.147,88440.0024
13.12.2021 19:00:00.000,178.147,178.757,177.776,178.636,84352.5009
13.12.2021 20:00:00.000,178.626,178.847,175.517,175.886,111567.4973
14.12.2021 14:00:00.000,175.316,177.706,174.696,175.857,96562.5
14.12.2021 15:00:00.000,175.856,176.057,173.147,173.337,163312.5
14.12.2021 16:00:00.000,173.317,173.577,172.386,173.236,128447.4945
14.12.2021 17:00:00.000,173.237,173.457,172.197,173.426,102547.5006
14.12.2021 18:00:00.000,173.417,174.056,173.077,173.437,75022.4991
14.12.2021 19:00:00.000,173.447,174.696,173.366,174.516,93525.0015
14.12.2021 20:00:00.000,174.497,175.597,173.806,174.326,116285.0037
15.12.2021 14:00:00.000,175.077,175.816,172.956,173.677,85169.9982
15.12.2021 15:00:00.000,173.717,174.397,172.916,173.876,126517.5018
15.12.2021 16:00:00.000,173.867,173.896,172.406,172.427,103889.9994
15.12.2021 17:00:00.000,172.416,173.427,172.297,173.427,84855.0034
15.12.2021 18:00:00.000,173.417,173.816,172.856,173.456,68962.5015
15.12.2021 19:00:00.000,173.436,178.257,172.386,177.826,196395.0043
15.12.2021 20:00:00.000,177.837,179.477,177.747,178.907,164062.5
16.12.2021 14:00:00.000,179.146,181.107,176.496,176.507,96547.5006
16.12.2021 15:00:00.000,176.516,176.566,174.527,175.767,164122.4976
16.12.2021 16:00:00.000,175.777,175.786,174.226,174.776,136949.9969
16.12.2021 17:00:00.000,174.777,175.307,173.106,173.146,129217.4988
16.12.2021 18:00:00.000,173.136,174.427,173.126,173.586,105847.5037
16.12.2021 19:00:00.000,173.596,173.786,170.796,171.577,135427.5055
16.12.2021 20:00:00.000,171.586,173.317,170.746,172.196,168735.0006
17.12.2021 14:00:00.000,169.807,173.047,169.676,171.927,106709.9991
17.12.2021 15:00:00.000,171.926,172.787,169.757,172.507,189937.5
17.12.2021 16:00:00.000,172.497,173.457,170.346,171.016,151860.0006
17.12.2021 17:00:00.000,170.997,171.307,169.856,170.807,133822.4945
17.12.2021 18:00:00.000,170.786,172.457,170.457,172.437,116114.9979
17.12.2021 19:00:00.000,172.437,173.077,171.656,172.307,111817.4973
17.12.2021 20:00:00.000,172.306,172.786,170.436,170.736,152657.5012
20.12.2021 14:00:00.000,168.276,169.937,167.446,169.556,104047.5006
20.12.2021 15:00:00.000,169.536,169.557,167.736,168.387,172192.5049
20.12.2021 16:00:00.000,168.376,169.676,167.946,169.527,132802.5055
20.12.2021 17:00:00.000,169.527,170.557,168.876,169.017,117577.4994
20.12.2021 18:00:00.000,169.007,170.047,168.816,169.756,115642.5018
20.12.2021 19:00:00.000,169.747,170.277,169.356,169.937,116737.5031
20.12.2021 20:00:00.000,169.946,170.417,169.107,169.716,132332.5043
21.12.2021 14:00:00.000,171.516,172.117,169.997,170.316,90097.5037
21.12.2021 15:00:00.000,170.326,170.947,169.106,169.837,139979.9957
21.12.2021 16:00:00.000,169.827,171.236,169.816,170.726,104144.9966
21.12.2021 17:00:00.000,170.737,171.526,170.447,170.986,93644.9966
21.12.2021 18:00:00.000,170.997,171.306,170.657,171.237,76290.0009
21.12.2021 19:00:00.000,171.247,173.016,171.186,172.926,77797.5006
21.12.2021 20:00:00.000,172.916,173.187,172.186,172.897,100035.0037
22.12.2021 14:00:00.000,172.926,173.977,172.136,173.717,82065.0024
22.12.2021 15:00:00.000,173.707,174.507,172.886,174.456,127860.0006
22.12.2021 16:00:00.000,174.466,174.487,173.546,174.116,88312.5
22.12.2021 17:00:00.000,174.126,174.597,173.996,174.507,75779.9988
22.12.2021 18:00:00.000,174.506,174.747,173.756,174.097,72735.0006
22.12.2021 19:00:00.000,174.106,174.577,173.476,174.507,68602.5009
22.12.2021 20:00:00.000,174.516,175.806,174.356,175.537,65557.5027
23.12.2021 14:00:00.000,175.746,176.266,175.266,175.877,71617.5003
23.12.2021 15:00:00.000,175.876,176.527,175.746,176.467,89370.0027
23.12.2021 16:00:00.000,176.476,176.496,175.656,176.166,53790.0009
23.12.2021 17:00:00.000,176.177,176.297,175.776,176.246,40252.4986
23.12.2021 18:00:00.000,176.247,176.327,175.976,175.987,37095.0012
23.12.2021 19:00:00.000,175.987,176.636,175.746,176.487,38902.5002
23.12.2021 20:00:00.000,176.477,176.836,175.956,176.337,57967.4988
27.12.2021 14:00:00.000,177.066,178.457,177.047,177.277,69870.0027
27.12.2021 15:00:00.000,177.286,178.457,177.136,178.447,94327.4994
27.12.2021 16:00:00.000,178.447,178.857,178.156,178.827,61919.9982
27.12.2021 17:00:00.000,178.826,179.357,178.776,179.236,33959.9991
27.12.2021 18:00:00.000,179.226,179.957,179.067,179.887,27495.0008
27.12.2021 19:00:00.000,179.877,180.217,179.526,179.897,30344.9993
27.12.2021 20:00:00.000,179.887,180.387,179.556,180.297,48472.4998
28.12.2021 14:00:00.000,180.097,180.387,178.897,179.967,80610.0006
28.12.2021 15:00:00.000,179.977,180.137,178.517,179.896,115972.5037
28.12.2021 16:00:00.000,179.886,181.317,179.696,180.517,100949.9969
28.12.2021 17:00:00.000,180.507,180.647,179.267,179.487,80917.5034
28.12.2021 18:00:00.000,179.477,180.016,179.256,179.737,69292.5034
28.12.2021 19:00:00.000,179.737,179.737,179.066,179.487,69735.0006
28.12.2021 20:00:00.000,179.496,179.807,179.136,179.327,79792.5034
29.12.2021 14:00:00.000,179.377,180.607,179.216,180.306,78067.4973
29.12.2021 15:00:00.000,180.317,180.356,178.126,179.807,120217.4988
29.12.2021 16:00:00.000,179.806,179.927,178.846,179.066,75419.9982
29.12.2021 17:00:00.000,179.067,179.357,178.666,179.317,48472.4998
29.12.2021 18:00:00.000,179.306,179.467,179.006,179.106,40162.4985
29.12.2021 19:00:00.000,179.107,179.636,178.976,179.556,35077.4994
29.12.2021 20:00:00.000,179.537,179.787,179.296,179.357,55334.9991
30.12.2021 14:00:00.000,179.467,179.907,178.876,179.516,68827.4994
30.12.2021 15:00:00.000,179.527,180.547,179.476,179.997,76537.4985
30.12.2021 16:00:00.000,179.996,180.147,179.576,179.796,50834.9991
30.12.2021 17:00:00.000,179.797,179.947,179.516,179.827,26280.0007
30.12.2021 18:00:00.000,179.817,179.846,179.156,179.277,30832.5005
30.12.2021 19:00:00.000,179.266,179.336,178.656,179.227,40799.9992
30.12.2021 20:00:00.000,179.237,179.297,178.056,178.197,64867.5003
31.12.2021 14:00:00.000,178.077,179.197,177.716,177.887,64537.4985
31.12.2021 15:00:00.000,177.877,178.577,177.306,178.386,88897.4991
31.12.2021 16:00:00.000,178.387,178.417,177.636,177.686,57465.0002
31.12.2021 17:00:00.000,177.696,177.827,177.266,177.546,48427.5017
31.12.2021 18:00:00.000,177.557,177.897,177.347,177.547,42682.4989
31.12.2021 19:00:00.000,177.537,177.736,177.276,177.596,40492.5003
31.12.2021 20:00:00.000,177.606,178.196,177.436,177.587,63674.9992
03.01.2022 14:00:00.000,177.826,180.907,177.696,180.427,96074.9969
03.01.2022 15:00:00.000,180.447,181.397,180.247,180.936,148942.5049
03.01.2022 16:00:00.000,180.946,181.757,180.387,181.467,108495.0027
03.01.2022 17:00:00.000,181.457,182.147,181.056,181.687,75375
03.01.2022 18:00:00.000,181.697,182.867,181.636,182.357,64897.4991
03.01.2022 19:00:00.000,182.367,182.457,181.656,181.866,60202.4994
03.01.2022 20:00:00.000,181.857,182.187,181.187,181.927,67019.9966
04.01.2022 14:00:00.000,182.586,182.886,181.536,182.246,83017.5018
04.01.2022 15:00:00.000,182.256,182.657,180.967,181.007,145822.4945
04.01.2022 16:00:00.000,180.997,181.037,179.457,179.797,141427.5055
04.01.2022 17:00:00.000,179.806,180.357,179.196,179.317,97019.9966
04.01.2022 18:00:00.000,179.306,179.957,179.117,179.447,93367.5003
04.01.2022 19:00:00.000,179.436,180.096,179.306,179.997,80010.0021
04.01.2022 20:00:00.000,179.977,180.457,179.596,179.607,98587.5015
05.01.2022 14:00:00.000,179.597,180.137,178.027,179.277,101502.5024
05.01.2022 15:00:00.000,179.287,179.477,177.976,178.727,153607.4982
05.01.2022 16:00:00.000,178.716,179.427,178.516,178.806,102764.9994
05.01.2022 17:00:00.000,178.797,179.236,178.237,178.327,97807.5027
05.01.2022 18:00:00.000,178.336,178.527,177.666,178.026,83955.0018
05.01.2022 19:00:00.000,178.037,178.696,176.087,176.486,179152.4963
05.01.2022 20:00:00.000,176.507,176.827,174.696,174.947,177544.9982
06.01.2022 14:00:00.000,172.477,175.277,172.106,173.947,113489.9979
06.01.2022 15:00:00.000,173.896,174.287,172.167,173.517,208402.4963
06.01.2022 16:00:00.000,173.537,174.226,172.727,172.977,168607.4982
06.01.2022 17:00:00.000,172.966,173.647,172.556,172.887,134992.4927
06.01.2022 18:00:00.000,172.887,173.407,172.687,173.366,116565.0024
06.01.2022 19:00:00.000,173.357,173.697,172.756,172.876,119355.0034
06.01.2022 20:00:00.000,172.886,173.367,171.626,171.987,135945.0073
07.01.2022 14:00:00.000,172.756,174.116,171.466,173.697,105067.4973
07.01.2022 15:00:00.000,173.677,173.757,171.017,171.416,159277.4963
07.01.2022 16:00:00.000,171.426,172.707,171.036,172.507,136410.0037
07.01.2022 17:00:00.000,172.507,172.617,171.756,172.267,101985.0006
07.01.2022 18:00:00.000,172.276,172.586,172.046,172.277,100125
07.01.2022 19:00:00.000,172.286,173.086,171.856,173.086,98474.9985
07.01.2022 20:00:00.000,173.076,173.676,171.896,172.047,119917.5034
10.01.2022 14:00:00.000,168.976,171.606,168.736,169.457,105067.4973
10.01.2022 15:00:00.000,169.457,169.706,168.156,168.697,174742.4927
10.01.2022 16:00:00.000,168.687,170.007,168.436,169.067,139304.9927
10.01.2022 17:00:00.000,169.047,170.127,168.277,169.646,117764.9994
10.01.2022 18:00:00.000,169.636,171.427,169.517,171.157,123794.9982
10.01.2022 19:00:00.000,171.146,171.616,170.336,170.676,125129.9973
10.01.2022 20:00:00.000,170.686,172.487,169.966,172.156,138914.9933
11.01.2022 14:00:00.000,172.306,172.646,170.807,171.557,107752.5024
11.01.2022 15:00:00.000,171.557,172.617,170.966,171.537,190027.4963
11.01.2022 16:00:00.000,171.556,174.966,171.476,174.826,160897.5067
11.01.2022 17:00:00.000,174.837,175.007,173.946,174.247,107504.9973
11.01.2022 18:00:00.000,174.257,174.757,173.746,174.467,96187.5
11.01.2022 19:00:00.000,174.477,175.087,173.856,174.827,57404.9988
11.01.2022 20:00:00.000,174.827,175.167,174.396,175.047,95797.5006
12.01.2022 14:00:00.000,175.907,176.766,175.296,176.307,96907.5012
12.01.2022 15:00:00.000,176.317,177.157,175.296,175.636,153367.4927
12.01.2022 16:00:00.000,175.636,176.237,174.816,175.827,138577.4994
12.01.2022 17:00:00.000,175.836,176.377,175.296,176.227,102142.5018
12.01.2022 18:00:00.000,176.236,176.267,175.456,175.546,104264.9994
12.01.2022 19:00:00.000,175.547,175.796,175.197,175.476,91245.0027
12.01.2022 20:00:00.000,175.487,175.927,175.077,175.567,112815.0024
13.01.2022 14:00:00.000,175.787,176.597,175.526,175.997,80317.4973
13.01.2022 15:00:00.000,176.006,176.166,174.696,175.407,141967.4988
13.01.2022 16:00:00.000,175.406,175.467,174.517,175.357,120562.5
13.01.2022 17:00:00.000,175.356,175.537,172.817,173.286,137857.4982
13.01.2022 18:00:00.000,173.277,173.977,172.987,173.876,119947.5021
13.01.2022 19:00:00.000,173.877,174.196,173.146,173.366,109125
13.01.2022 20:00:00.000,173.357,173.516,171.786,172.197,141667.4957
14.01.2022 14:00:00.000,171.247,173.497,171.246,173.357,100397.1024
14.01.2022 15:00:00.000,173.347,173.767,171.676,172.306,180652.4963
14.01.2022 16:00:00.000,172.327,172.927,171.246,172.707,152722.5037
14.01.2022 17:00:00.000,172.706,172.917,171.297,171.416,112800.0031
14.01.2022 18:00:00.000,171.416,172.226,171.076,172.066,112065.0024
14.01.2022 19:00:00.000,172.057,172.567,171.767,172.057,124312.5
14.01.2022 20:00:00.000,172.066,173.246,171.986,173.166,129802.5055
18.01.2022 14:00:00.000,171.237,172.517,170.587,171.107,92287.4985
18.01.2022 15:00:00.000,171.086,172.307,170.787,171.076,163199.9969
18.01.2022 16:00:00.000,171.087,171.217,170.186,171.126,117682.5027
18.01.2022 17:00:00.000,171.116,171.267,169.586,169.737,106154.9988
18.01.2022 18:00:00.000,169.747,170.427,169.556,170.327,111352.5009
18.01.2022 19:00:00.000,170.317,170.727,169.996,170.566,106995.0027
18.01.2022 20:00:00.000,170.567,170.757,169.396,169.776,135567.5049
19.01.2022 14:00:00.000,169.907,170.947,169.256,170.917,90944.9997
19.01.2022 15:00:00.000,170.926,171.057,168.616,168.887,157312.5
19.01.2022 16:00:00.000,168.897,169.237,167.347,168.316,147622.4976
19.01.2022 17:00:00.000,168.316,169.357,168.316,169.057,122864.9979
19.01.2022 18:00:00.000,169.066,169.437,168.356,168.436,117892.5018
19.01.2022 19:00:00.000,168.427,168.647,167.536,167.936,123382.4997
19.01.2022 20:00:00.000,167.936,168.257,165.977,166.126,132907.5012
20.01.2022 14:00:00.000,166.846,168.886,166.766,168.867,82529.9988
20.01.2022 15:00:00.000,168.866,169.627,168.456,169.217,125565.0024
20.01.2022 16:00:00.000,169.227,169.536,168.766,169.097,99877.5024
20.01.2022 17:00:00.000,169.107,169.237,168.486,168.627,87434.9976
20.01.2022 18:00:00.000,168.617,168.627,167.146,167.416,110062.5
20.01.2022 19:00:00.000,167.426,167.896,166.316,166.647,128407.5012
20.01.2022 20:00:00.000,166.647,166.967,164.176,164.476,167527.4963
21.01.2022 14:00:00.000,164.286,165.916,163.176,163.526,109897.4991
21.01.2022 15:00:00.000,163.526,165.826,162.956,165.136,223741.1957
21.01.2022 16:00:00.000,165.147,166.306,164.007,164.426,199747.4976
21.01.2022 17:00:00.000,164.417,164.647,163.227,163.956,173917.4957
21.01.2022 18:00:00.000,163.937,164.767,163.357,163.747,160072.4945
21.01.2022 19:00:00.000,163.767,164.306,163.057,163.097,154979.9957
21.01.2022 20:00:00.000,163.096,163.867,162.246,162.337,189044.9982
24.01.2022 14:00:00.000,159.987,160.867,159.116,159.617,90138.0005
24.01.2022 15:00:00.000,159.607,160.027,157.626,158.447,200190.0024
24.01.2022 16:00:00.000,158.437,158.487,156.386,157.147,288480.011
24.01.2022 17:00:00.000,157.126,157.407,154.696,156.946,318996.0022
24.01.2022 18:00:00.000,156.947,158.876,156.757,158.817,331704.01
24.01.2022 19:00:00.000,158.816,159.566,156.006,157.827,345372.0093
24.01.2022 20:00:00.000,157.827,161.986,157.367,161.667,305579.9866
25.01.2022 14:00:00.000,158.797,159.717,157.276,157.636,146100.0061
25.01.2022 15:00:00.000,157.626,159.756,157.016,158.386,318623.9929
25.01.2022 16:00:00.000,158.397,158.926,157.206,157.347,324359.9854
25.01.2022 17:00:00.000,157.367,158.946,157.117,158.217,305664.0015
25.01.2022 18:00:00.000,158.227,160.517,157.916,160.486,278640.0146
25.01.2022 19:00:00.000,160.477,162.727,159.817,162.456,261996.0022
25.01.2022 20:00:00.000,162.456,162.547,159.376,159.527,310415.9851
26.01.2022 14:00:00.000,163.497,163.607,161.567,162.127,130223.999
26.01.2022 15:00:00.000,162.106,162.927,161.346,162.187,266040.0085
26.01.2022 16:00:00.000,162.176,163.117,161.746,162.816,251880.0049
26.01.2022 17:00:00.000,162.826,163.527,162.707,163.236,181787.9944
26.01.2022 18:00:00.000,163.237,163.266,162.556,162.756,200940.0024
26.01.2022 19:00:00.000,162.767,164.367,159.067,160.527,299496.0022
26.01.2022 20:00:00.000,160.506,160.546,157.806,159.627,288108.0017
27.01.2022 14:00:00.000,162.376,163.807,161.816,163.066,132227.9968
27.01.2022 15:00:00.000,163.046,163.796,161.676,162.976,304716.0034
27.01.2022 16:00:00.000,162.986,163.377,162.166,162.656,279779.9988
27.01.2022 17:00:00.000,162.656,162.697,160.076,160.897,286140.0146
27.01.2022 18:00:00.000,160.886,161.127,158.607,159.807,311268.0054
27.01.2022 19:00:00.000,159.797,160.637,158.747,159.326,315492.0044
27.01.2022 20:00:00.000,159.327,159.957,158.267,159.256,304140.0146
28.01.2022 14:00:00.000,165.557,166.807,162.817,164.497,133139.9994
28.01.2022 15:00:00.000,164.467,166.676,164.006,166.646,270167.9993
28.01.2022 16:00:00.000,166.646,168.637,166.637,168.637,263171.9971
28.01.2022 17:00:00.000,168.676,169.127,167.696,168.226,240455.9937
28.01.2022 19:00:00.000,167.126,167.927,166.876,167.856,82367.9962
28.01.2022 20:00:00.000,167.856,170.227,167.726,170.147,257855.9875
31.01.2022 14:00:00.000,170.146,172.867,169.516,172.486,147399.0021
31.01.2022 15:00:00.000,172.496,173.607,172.246,173.066,271115.9973
31.01.2022 16:00:00.000,173.076,173.567,172.367,173.277,238795.105
31.01.2022 17:00:00.000,173.286,173.327,172.336,172.957,192227.9968
31.01.2022 18:00:00.000,172.957,173.537,172.696,173.266,185712.0056
31.01.2022 19:00:00.000,173.277,173.727,173.146,173.466,169067.9932
31.01.2022 20:00:00.000,173.477,174.827,172.757,174.697,230352.005
01.02.2022 14:00:00.000,173.997,174.407,172.297,173.246,143136.0016
01.02.2022 15:00:00.000,173.256,173.737,172.346,173.737,278268.0054
01.02.2022 16:00:00.000,173.727,174.427,173.496,174.196,233916.0004
01.02.2022 17:00:00.000,174.196,174.247,172.966,173.377,213335.9985
01.02.2022 18:00:00.000,173.376,173.377,172.556,173.066,181500
01.02.2022 19:00:00.000,173.067,173.316,172.506,173.157,199115.9973
01.02.2022 20:00:00.000,173.147,174.797,173.097,174.606,220751.9989
02.02.2022 14:00:00.000,174.686,175.447,173.916,174.477,146315.9943
02.02.2022 15:00:00.000,174.466,175.546,174.316,174.696,280260.0098
02.02.2022 16:00:00.000,174.686,174.857,173.316,174.356,256235.9924
02.02.2022 17:00:00.000,174.346,175.047,174.047,175.017,183179.9927
02.02.2022 18:00:00.000,175.006,175.037,174.286,174.756,180720.0012
02.02.2022 19:00:00.000,174.767,175.357,174.276,175.047,192947.998
02.02.2022 20:00:00.000,175.047,175.867,174.856,175.637,229992.0044
03.02.2022 14:00:00.000,174.217,175.217,173.867,174.686,130703.9948
03.02.2022 15:00:00.000,174.687,176.217,174.377,175.236,274752.0142
03.02.2022 16:00:00.000,175.247,176.017,174.547,174.587,231072.0062
03.02.2022 17:00:00.000,174.586,175.457,174.317,175.287,219587.9974
03.02.2022 18:00:00.000,175.286,176.007,174.876,175.506,202007.9956
03.02.2022 19:00:00.000,175.497,175.797,174.306,174.446,198744.0033
03.02.2022 20:00:00.000,174.446,174.927,172.667,173.087,245807.9987
04.02.2022 14:00:00.000,171.536,172.367,170.676,172.116,152460.0067
04.02.2022 15:00:00.000,172.116,172.906,171.006,171.197,303466.217
04.02.2022 16:00:00.000,171.216,172.607,170.806,172.026,245964.0045
04.02.2022 17:00:00.000,172.036,172.597,171.656,172.467,234444.0002
04.02.2022 18:00:00.000,172.456,173.717,172.456,173.327,198132.0038
04.02.2022 19:00:00.000,173.337,173.477,172.506,173.207,212843.9941
04.02.2022 20:00:00.000,173.217,174.087,172.516,172.606,232595.993
07.02.2022 14:00:00.000,172.786,173.927,172.377,173.427,162335.9985
07.02.2022 15:00:00.000,173.427,173.936,172.807,172.997,246828.0029
07.02.2022 16:00:00.000,172.976,173.177,171.717,172.047,213083.9996
07.02.2022 17:00:00.000,172.046,172.417,171.516,171.846,194832.0007
07.02.2022 18:00:00.000,171.856,172.717,171.726,172.597,166895.9961
07.02.2022 19:00:00.000,172.606,172.827,171.967,172.596,163104.0039
07.02.2022 20:00:00.000,172.576,173.027,170.897,171.596,240011.9934
08.02.2022 14:00:00.000,171.586,172.406,171.487,172.067,152207.9926
08.02.2022 15:00:00.000,172.067,172.847,171.416,172.667,262067.9932
08.02.2022 16:00:00.000,172.667,174.197,172.656,173.867,188207.7942
08.02.2022 17:00:00.000,173.867,175.267,173.676,174.637,137207.9926
08.02.2022 18:00:00.000,174.636,174.787,174.117,174.576,165671.9971
08.02.2022 19:00:00.000,174.586,174.797,173.716,173.936,190055.9998
08.02.2022 20:00:00.000,173.927,175.337,173.626,174.807,245111.9995
09.02.2022 14:00:00.000,175.946,176.637,175.076,175.237,145128.006
09.02.2022 15:00:00.000,175.227,176.157,175.177,175.777,214175.9949
09.02.2022 16:00:00.000,175.786,175.967,175.206,175.416,160619.9951
09.02.2022 17:00:00.000,175.426,175.867,175.257,175.806,124068.0008
09.02.2022 18:00:00.000,175.807,175.906,175.426,175.597,89676.0025
09.02.2022 19:00:00.000,175.596,176.107,175.576,175.656,72912.0026
09.02.2022 20:00:00.000,175.657,176.247,174.887,176.206,159636.0016
10.02.2022 14:00:00.000,173.997,175.367,173.736,175.077,165707.9926
10.02.2022 15:00:00.000,175.066,175.467,174.266,174.407,274164.0015
10.02.2022 16:00:00.000,174.406,174.987,173.786,174.847,220091.9952
10.02.2022 17:00:00.000,174.846,175.047,173.317,174.087,209880.0049
10.02.2022 18:00:00.000,174.077,174.506,172.736,173.437,243240.0055
10.02.2022 19:00:00.000,173.416,173.567,172.516,172.816,238992.0044
10.02.2022 20:00:00.000,172.807,173.127,171.557,172.226,270335.9985
11.02.2022 14:00:00.000,172.237,173.067,171.616,171.806,149580.0018
11.02.2022 15:00:00.000,171.796,172.677,171.016,172.067,276600.0061
11.02.2022 16:00:00.000,172.077,172.546,171.296,171.777,245472.0001
11.02.2022 17:00:00.000,171.746,172.147,171.326,171.506,192468.0023
11.02.2022 18:00:00.000,171.497,171.837,168.876,169.147,251927.9938
11.02.2022 19:00:00.000,169.137,169.997,168.277,168.806,333864.0137
11.02.2022 20:00:00.000,168.826,169.677,168.027,168.396,300444.0002
14.02.2022 14:00:00.000,167.206,168.987,167.076,168.426,153276.001
14.02.2022 15:00:00.000,168.407,168.737,167.556,167.877,295571.991
14.02.2022 16:00:00.000,167.887,169.177,167.766,168.867,237059.9976
14.02.2022 17:00:00.000,168.867,169.467,168.716,169.267,179820.0073
14.02.2022 18:00:00.000,169.277,169.567,166.866,166.897,213576.004
14.02.2022 19:00:00.000,166.886,168.547,166.546,168.146,280608.0017
14.02.2022 20:00:00.000,168.157,169.286,167.736,168.816,274727.9968
15.02.2022 14:00:00.000,170.947,171.437,170.226,170.866,138720.0012
15.02.2022 15:00:00.000,170.877,171.347,170.487,171.167,216671.9971
15.02.2022 16:00:00.000,171.177,171.697,171.007,171.506,144408.0048
15.02.2022 17:00:00.000,171.517,171.637,170.346,170.556,149507.9956
15.02.2022 18:00:00.000,170.556,172.027,170.507,171.756,94127.9984
15.02.2022 19:00:00.000,171.766,172.266,171.376,171.977,112199.9969
15.02.2022 20:00:00.000,171.977,172.907,171.726,172.797,158496.0022
16.02.2022 14:00:00.000,171.766,172.307,170.046,170.557,133464.0045
16.02.2022 15:00:00.000,170.547,171.207,170.257,171.027,202044.0063
16.02.2022 16:00:00.000,171.037,171.186,170.346,171.097,139776.001
16.02.2022 17:00:00.000,171.106,171.397,170.176,170.656,118055.9998
16.02.2022 18:00:00.000,170.656,170.887,170.536,170.757,82739.9979
16.02.2022 19:00:00.000,170.756,172.866,170.526,172.866,258000
16.02.2022 20:00:00.000,172.877,173.327,172.306,172.467,187356.0028
17.02.2022 14:00:00.000,170.947,171.707,170.716,171.187,135576.004
17.02.2022 15:00:00.000,171.186,171.897,170.836,171.337,208895.9961
17.02.2022 16:00:00.000,171.326,171.587,170.996,171.186,150731.9946
17.02.2022 17:00:00.000,171.197,171.257,170.746,170.987,108083.9996
17.02.2022 18:00:00.000,170.976,171.047,170.187,170.416,104819.9997
17.02.2022 19:00:00.000,170.417,170.417,169.296,169.506,111648.0026
17.02.2022 20:00:00.000,169.497,169.527,168.457,168.827,194231.9946
18.02.2022 14:00:00.000,169.817,170.517,167.956,169.006,140184.0057
18.02.2022 15:00:00.000,169.006,169.096,167.657,168.037,245664.0015
18.02.2022 16:00:00.000,168.046,168.347,167.206,167.287,231576.004
18.02.2022 17:00:00.000,167.276,168.067,166.626,166.656,225455.9937
18.02.2022 18:00:00.000,166.647,167.287,166.186,167.056,178296.0052
18.02.2022 19:00:00.000,167.056,168.597,167.017,168.286,185843.9941
18.02.2022 20:00:00.000,168.276,168.647,166.756,167.206,259223.999
22.02.2022 14:00:00.000,164.926,166.487,163.846,165.706,144216.0034
22.02.2022 15:00:00.000,165.706,166.677,164.556,164.646,285330.1392
22.02.2022 16:00:00.000,164.657,165.317,164.407,164.677,263507.9956
22.02.2022 17:00:00.000,164.666,165.036,163.896,164.087,203231.9946
22.02.2022 18:00:00.000,164.096,164.356,162.726,162.926,201923.996
22.02.2022 19:00:00.000,162.907,164.456,162.137,164.186,270623.9929
22.02.2022 20:00:00.000,164.196,165.346,163.486,164.376,313787.9944
23.02.2022 14:00:00.000,165.497,166.147,164.406,164.516,162335.9985
23.02.2022 15:00:00.000,164.517,164.646,163.316,163.447,293855.9875
23.02.2022 16:00:00.000,163.447,163.967,162.756,163.827,229320.0073
23.02.2022 17:00:00.000,163.827,164.457,163.186,163.297,204300.0031
23.02.2022 18:00:00.000,163.286,163.287,161.806,162.186,200352.005
23.02.2022 19:00:00.000,162.186,162.426,160.667,160.947,264454.1626
23.02.2022 20:00:00.000,160.936,161.057,159.747,160.287,255888.0005
24.02.2022 14:00:00.000,152.567,156.877,151.997,156.456,199343.9941
24.02.2022 15:00:00.000,156.466,157.787,154.946,156.896,355656.0059
24.02.2022 16:00:00.000,156.906,158.666,156.727,158.426,310679.9927
24.02.2022 17:00:00.000,158.416,158.817,156.697,157.156,268403.9917
24.02.2022 18:00:00.000,157.156,159.917,156.906,158.826,273191.9861
24.02.2022 19:00:00.000,158.827,160.897,158.296,160.477,328872.0093
24.02.2022 20:00:00.000,160.476,162.807,160.266,162.646,287640.0146
25.02.2022 14:00:00.000,163.726,163.936,161.106,161.247,170171.9971
25.02.2022 15:00:00.000,161.237,163.527,160.856,163.167,290747.9858
25.02.2022 16:00:00.000,163.157,164.637,162.817,164.566,222947.998
25.02.2022 17:00:00.000,164.576,164.827,163.836,164.067,172787.9944
25.02.2022 18:00:00.000,164.077,164.996,163.477,164.537,195527.9999
25.02.2022 19:00:00.000,164.536,164.997,164.016,164.416,214968.0023
25.02.2022 20:00:00.000,164.416,165.017,163.967,164.767,231300.0031
28.02.2022 14:00:00.000,162.996,164.797,162.766,164.727,173580.0018
28.02.2022 15:00:00.000,164.736,165.117,163.166,164.826,279204.01
28.02.2022 16:00:00.000,164.837,165.407,164.596,164.957,235679.9927
28.02.2022 17:00:00.000,164.956,165.217,163.706,164.097,197231.9946
28.02.2022 18:00:00.000,164.086,164.937,163.757,164.247,221567.9932
28.02.2022 19:00:00.000,164.246,164.257,162.426,163.437,280548.0042
28.02.2022 20:00:00.000,163.426,165.306,162.626,165.116,284484.0088
01.03.2022 14:00:00.000,164.647,166.496,164.556,165.697,156240.0055
01.03.2022 15:00:00.000,165.707,166.577,164.936,165.156,300947.998
01.03.2022 16:00:00.000,165.167,165.737,163.316,163.577,273036.0107
01.03.2022 17:00:00.000,163.567,164.386,163.016,164.097,236184.0057
01.03.2022 18:00:00.000,164.087,164.387,162.496,162.987,255432.0068
01.03.2022 19:00:00.000,162.986,163.506,162.566,162.706,249947.998
01.03.2022 20:00:00.000,162.717,163.887,161.976,163.376,274079.9866
02.03.2022 14:00:00.000,164.316,164.636,163.046,163.967,144048.0042
02.03.2022 15:00:00.000,163.956,165.167,162.936,164.597,304403.9917
02.03.2022 16:00:00.000,164.587,166.456,164.146,165.866,259824.0051
02.03.2022 17:00:00.000,165.876,166.717,165.696,166.167,168768.0054
02.03.2022 18:00:00.000,166.176,166.987,166.176,166.696,143100.0061
02.03.2022 19:00:00.000,166.707,167.237,166.596,166.746,137964.0045
02.03.2022 20:00:00.000,166.736,167.337,166.396,166.556,193451.9958
03.03.2022 14:00:00.000,168.296,168.887,167.496,168.036,142679.9927
03.03.2022 15:00:00.000,168.067,168.387,165.997,166.016,253608.0017
03.03.2022 16:00:00.000,166.016,166.997,165.717,166.806,199524.0021
03.03.2022 17:00:00.000,166.796,167.896,166.076,167.097,237048.0042
03.03.2022 18:00:00.000,167.097,167.787,166.866,167.347,182315.9943
03.03.2022 19:00:00.000,167.347,167.876,166.576,166.677,179339.9963
03.03.2022 20:00:00.000,166.677,166.726,165.546,166.197,232404.007
04.03.2022 14:00:00.000,164.446,165.536,164.067,165.017,152207.9926
04.03.2022 15:00:00.000,165.026,165.307,162.216,162.577,283824.0051
04.03.2022 16:00:00.000,162.576,163.147,162.096,162.746,225600.0061
04.03.2022 17:00:00.000,162.756,163.937,162.476,163.677,239951.9958
04.03.2022 18:00:00.000,163.686,164.457,163.016,163.106,199128.006
04.03.2022 19:00:00.000,163.106,163.686,162.506,162.596,213600.0061
04.03.2022 20:00:00.000,162.607,163.287,162.116,162.627,141203.9948
07.03.2022 14:00:00.000,163.336,164.986,162.566,162.646,162516.0065
07.03.2022 15:00:00.000,162.647,162.927,161.367,162.367,297312.0117
07.03.2022 16:00:00.000,162.356,163.987,162.256,163.057,255335.9985
07.03.2022 17:00:00.000,163.037,163.057,161.306,161.556,251712.0056
07.03.2022 18:00:00.000,161.566,162.177,160.887,161.146,239160.0037
07.03.2022 19:00:00.000,161.137,161.666,160.187,160.387,213048.0042
07.03.2022 20:00:00.000,160.407,160.577,159.026,159.307,239675.9949
08.03.2022 14:00:00.000,158.787,160.296,158.397,159.247,179304.0009
08.03.2022 15:00:00.000,159.236,159.246,156.046,157.966,333648.0103
08.03.2022 16:00:00.000,157.976,158.377,155.796,156.907,314940.0024
08.03.2022 17:00:00.000,156.896,162.127,156.826,161.726,329567.9932
08.03.2022 18:00:00.000,161.727,162.867,158.576,158.596,282398.9868
08.03.2022 19:00:00.000,158.597,159.987,157.826,159.427,293974.2126
08.03.2022 20:00:00.000,159.427,160.477,157.096,157.717,306290.1001
09.03.2022 14:00:00.000,161.346,161.547,159.397,160.416,166188.0035
09.03.2022 15:00:00.000,160.386,162.247,160.156,162.037,248615.9973
09.03.2022 16:00:00.000,162.047,162.157,161.017,161.986,211619.9951
09.03.2022 17:00:00.000,162.007,162.677,161.556,162.647,172979.9957
09.03.2022 18:00:00.000,162.657,162.676,161.546,161.976,167027.9999
09.03.2022 19:00:00.000,161.976,162.986,161.786,162.557,192671.9971
09.03.2022 20:00:00.000,162.557,163.387,162.266,162.827,208416.0004
10.03.2022 14:00:00.000,160.046,160.376,158.026,158.956,161529.8462
10.03.2022 15:00:00.000,158.946,158.946,157.586,157.767,244764.0076
10.03.2022 16:00:00.000,157.766,157.766,156.386,157.356,185583.8928
10.03.2022 17:00:00.000,157.357,157.487,155.996,156.056,153395.9961
10.03.2022 18:00:00.000,156.057,157.727,155.986,157.546,171192.0013
10.03.2022 19:00:00.000,157.537,159.167,157.397,159.007,205307.9987
10.03.2022 20:00:00.000,159.017,159.086,157.407,158.387,221796.0052
11.03.2022 14:00:00.000,158.857,159.217,156.956,157.637,151464.0045
11.03.2022 15:00:00.000,157.647,158.117,156.917,157.856,252119.9951
11.03.2022 16:00:00.000,157.846,157.876,154.786,155.486,220608.0017
11.03.2022 17:00:00.000,155.486,155.597,154.727,155.376,184175.9949
11.03.2022 18:00:00.000,155.387,156.787,155.266,156.076,152447.998
11.03.2022 19:00:00.000,156.076,156.547,155.616,155.896,153923.996
11.03.2022 20:00:00.000,155.897,156.007,154.476,154.547,164759.9945
14.03.2022 13:00:00.000,151.406,153.307,151.296,152.456,171768.0054
14.03.2022 14:00:00.000,152.446,153.977,152.116,153.966,271974.6094
14.03.2022 15:00:00.000,153.966,154.096,152.116,152.486,200412.0026
14.03.2022 16:00:00.000,152.486,152.517,150.957,150.977,198216.0034
14.03.2022 17:00:00.000,150.977,151.427,150.427,150.986,184919.9982
14.03.2022 18:00:00.000,150.986,151.337,150.397,151.126,179604.0039
14.03.2022 19:00:00.000,151.136,151.717,150.106,150.467,231611.9995
15.03.2022 13:00:00.000,150.896,152.246,150.376,151.556,146796.0052
15.03.2022 14:00:00.000,151.557,152.766,150.667,152.506,236003.9978
15.03.2022 15:00:00.000,152.507,154.197,152.286,153.316,193979.9957
15.03.2022 16:00:00.000,153.307,154.657,153.026,154.106,184787.9944
15.03.2022 17:00:00.000,154.117,154.167,153.107,153.676,145716.0034
15.03.2022 18:00:00.000,153.677,154.437,152.816,154.386,171143.9972
15.03.2022 19:00:00.000,154.366,155.556,154.256,155.067,189119.9951
16.03.2022 13:00:00.000,157.006,157.487,155.517,157.356,135899.9939
16.03.2022 14:00:00.000,157.366,158.627,156.536,158.407,254988.0066
16.03.2022 15:00:00.000,158.396,158.477,157.616,158.077,191531.9977
16.03.2022 16:00:00.000,158.086,158.287,157.196,157.296,170472.0001
16.03.2022 17:00:00.000,157.296,157.437,156.516,157.326,186720.0012
16.03.2022 18:00:00.000,157.126,157.547,154.457,157.117,333119.9951
16.03.2022 19:00:00.000,157.126,159.947,156.736,159.567,273359.9854
17.03.2022 13:00:00.000,158.496,159.527,157.726,159.467,145475.9979
17.03.2022 14:00:00.000,159.476,159.906,157.726,158.016,246863.9984
17.03.2022 15:00:00.000,158.006,158.837,157.626,158.576,183761.9934
17.03.2022 16:00:00.000,158.596,159.287,158.316,159.017,150654.007
17.03.2022 17:00:00.000,159.016,160.237,158.516,159.997,150335.9985
17.03.2022 18:00:00.000,159.996,160.117,159.256,159.886,148367.9962
17.03.2022 19:00:00.000,159.896,160.597,159.316,160.507,164483.9935
18.03.2022 13:00:00.000,160.367,161.007,159.737,160.976,145139.9994
18.03.2022 14:00:00.000,160.976,161.906,160.806,161.226,239820.0073
18.03.2022 15:00:00.000,161.236,162.497,161.146,162.327,211703.9948
18.03.2022 16:00:00.000,162.336,162.887,162.086,162.587,134843.9941
18.03.2022 17:00:00.000,162.587,162.707,162.236,162.447,97931.9992
18.03.2022 18:00:00.000,162.457,163.547,162.416,163.427,95807.9987
18.03.2022 19:00:00.000,163.416,164.467,163.306,163.947,130007.9956
21.03.2022 13:00:00.000,163.436,165.577,163.436,164.017,143039.9933
21.03.2022 14:00:00.000,164.046,164.986,163.006,164.856,218712.0056
21.03.2022 15:00:00.000,164.866,166.346,164.517,166.237,189936.0046
21.03.2022 16:00:00.000,166.246,166.297,163.816,163.917,239748.0011
21.03.2022 17:00:00.000,163.937,164.096,163.156,163.886,194988.0066
21.03.2022 18:00:00.000,163.887,164.857,163.606,164.066,194531.9977
21.03.2022 19:00:00.000,164.077,165.387,163.896,165.376,194531.9977
22.03.2022 13:00:00.000,165.446,166.777,164.876,166.127,132419.9982
22.03.2022 14:00:00.000,166.136,168.777,166.136,168.396,191279.9988
22.03.2022 15:00:00.000,168.386,169.107,168.257,168.607,131664.0015
22.03.2022 16:00:00.000,168.607,168.947,168.166,168.836,150203.9948
22.03.2022 17:00:00.000,168.827,169.416,168.496,169.287,102527.9999
22.03.2022 18:00:00.000,169.297,169.357,168.317,168.597,137076.004
22.03.2022 19:00:00.000,168.586,169.236,168.496,168.837,120888.0005
23.03.2022 13:00:00.000,167.906,169.787,167.636,169.537,135479.9957
23.03.2022 14:00:00.000,169.506,170.747,169.177,170.396,227591.9952
23.03.2022 15:00:00.000,170.406,171.857,170.326,171.766,157992.0044
23.03.2022 16:00:00.000,171.766,172.207,171.166,171.717,161555.9998
23.03.2022 17:00:00.000,171.706,172.627,171.677,172.317,171636.0016
23.03.2022 18:00:00.000,172.317,172.427,171.406,171.717,159899.9939
23.03.2022 19:00:00.000,171.717,171.957,170.076,170.097,167003.9978
24.03.2022 13:00:00.000,171.176,172.337,170.716,170.877,145500
24.03.2022 14:00:00.000,170.886,171.487,170.206,170.736,219576.004
24.03.2022 15:00:00.000,170.736,172.257,170.586,171.866,170735.9924
24.03.2022 16:00:00.000,171.867,171.897,171.016,171.336,137268.0054
24.03.2022 17:00:00.000,171.337,172.846,171.266,172.146,133895.9961
24.03.2022 18:00:00.000,172.146,172.627,171.796,172.556,122111.9995
24.03.2022 19:00:00.000,172.557,174.127,172.377,173.967,115907.9971
25.03.2022 13:00:00.000,173.806,174.636,173.016,173.767,132192.0013
25.03.2022 14:00:00.000,173.766,175.277,173.546,174.547,205692.0013
25.03.2022 15:00:00.000,174.567,174.647,172.746,173.077,219216.0034
25.03.2022 16:00:00.000,173.087,173.727,172.836,173.266,187055.9998
25.03.2022 17:00:00.000,173.266,174.317,172.906,174.276,144192.0013
25.03.2022 18:00:00.000,174.266,174.747,174.166,174.706,111360.0006
25.03.2022 19:00:00.000,174.707,174.786,173.316,174.627,180647.995
28.03.2022 13:00:00.000,172.076,174.987,171.986,174.456,156899.9939
28.03.2022 14:00:00.000,174.457,174.987,173.616,174.957,256667.9993
28.03.2022 15:00:00.000,174.946,174.987,173.087,173.156,197580.0018
28.03.2022 16:00:00.000,173.146,174.077,173.066,174.036,146231.9946
28.03.2022 17:00:00.000,174.037,174.587,173.906,174.426,109092.0029
28.03.2022 18:00:00.000,174.426,175.046,174.326,175.037,104580.0018
28.03.2022 19:00:00.000,175.047,175.707,174.726,175.607,91475.9979
29.03.2022 13:00:00.000,176.646,178.117,176.326,177.567,164328.0029
29.03.2022 14:00:00.000,177.577,177.976,176.346,177.187,270563.9954
29.03.2022 15:00:00.000,177.186,177.877,176.986,177.466,175332.0007
29.03.2022 16:00:00.000,177.477,177.497,176.707,177.107,146820.0073
29.03.2022 17:00:00.000,177.076,178.087,176.796,178.077,129227.9968
29.03.2022 18:00:00.000,178.066,178.377,177.476,178.337,113748.0011
29.03.2022 19:00:00.000,178.347,178.987,178.266,178.957,124019.9966
30.03.2022 13:00:00.000,178.536,179.596,178.147,178.736,149255.9967
30.03.2022 14:00:00.000,178.726,179.517,177.836,177.896,221087.9974
30.03.2022 15:00:00.000,177.907,178.167,177.456,177.787,182147.995
30.03.2022 16:00:00.000,177.776,178.447,177.496,178.387,125772.0032
30.03.2022 17:00:00.000,178.376,178.966,178.046,178.136,130332.0007
30.03.2022 18:00:00.000,178.126,178.467,177.616,177.656,144335.9985
30.03.2022 19:00:00.000,177.667,177.687,176.687,177.526,207167.9993
31.03.2022 13:00:00.000,177.807,177.997,175.596,176.227,139667.9993
31.03.2022 14:00:00.000,176.237,177.167,175.506,176.926,219947.998
31.03.2022 15:00:00.000,176.936,177.097,176.346,177.087,157391.9983
31.03.2022 16:00:00.000,177.076,177.237,176.446,176.516,130500
31.03.2022 17:00:00.000,176.527,176.976,176.126,176.616,126575.9964
31.03.2022 18:00:00.000,176.616,176.907,176.227,176.907,133164.0015
31.03.2022 19:00:00.000,176.896,177.237,174.566,174.737,186455.9937
01.04.2022 13:00:00.000,174.037,174.857,172.596,172.836,146807.9987
01.04.2022 14:00:00.000,172.806,174.166,172.497,173.886,213804.0009
01.04.2022 15:00:00.000,173.897,174.007,171.947,172.186,161688.0035
01.04.2022 16:00:00.000,172.177,172.856,172.067,172.267,129828.0029
01.04.2022 17:00:00.000,172.256,172.787,172.097,172.527,118260.0021
01.04.2022 18:00:00.000,172.517,173.727,172.446,173.197,158352.005
01.04.2022 19:00:00.000,173.186,174.637,172.756,174.246,204815.9943
04.04.2022 13:00:00.000,174.556,177.937,174.426,177.776,149904.007
04.04.2022 14:00:00.000,177.767,178.196,176.706,177.356,225983.9935
04.04.2022 15:00:00.000,177.336,177.826,177.096,177.227,134220.0012
04.04.2022 16:00:00.000,177.236,177.827,176.996,177.196,99096.0007
04.04.2022 17:00:00.000,177.186,177.597,176.906,177.527,81012.001
04.04.2022 18:00:00.000,177.537,177.797,177.016,177.746,76164.0015
04.04.2022 19:00:00.000,177.737,178.477,177.676,178.396,101987.999
05.04.2022 13:00:00.000,177.466,178.287,177.036,177.617,140748.0011
05.04.2022 14:00:00.000,177.617,178.117,176.196,176.867,250811.9965
05.04.2022 15:00:00.000,176.887,177.097,175.676,175.676,177095.993
05.04.2022 16:00:00.000,175.677,175.957,175.036,175.536,161399.9939
05.04.2022 17:00:00.000,175.546,176.107,174.916,175.246,129695.9991
05.04.2022 18:00:00.000,175.237,175.737,174.976,175.047,133091.9952
05.04.2022 19:00:00.000,175.047,175.206,174.416,175.117,166716.0034
06.04.2022 13:00:00.000,172.097,173.207,171.216,171.607,147167.9993
06.04.2022 14:00:00.000,171.616,171.657,170.796,170.886,223451.9958
06.04.2022 15:00:00.000,170.877,171.706,170.116,171.616,200843.9941
06.04.2022 16:00:00.000,171.606,171.697,170.826,171.337,154451.9958
06.04.2022 17:00:00.000,171.327,172.377,171.016,171.916,136404.007
06.04.2022 18:00:00.000,171.926,173.386,170.926,173.086,324996.0022
06.04.2022 19:00:00.000,173.097,173.617,171.556,171.797,295175.9949
07.04.2022 13:00:00.000,171.127,172.667,170.876,172.446,164951.9958
07.04.2022 14:00:00.000,172.446,173.126,171.126,171.396,275100.0061
07.04.2022 15:00:00.000,171.397,171.787,170.396,170.696,213095.993
07.04.2022 16:00:00.000,170.676,171.527,169.846,170.277,176207.9926
07.04.2022 17:00:00.000,170.266,171.736,170.206,171.656,184391.9983
07.04.2022 18:00:00.000,171.656,172.747,171.406,172.697,199188.0035
07.04.2022 19:00:00.000,172.686,173.326,171.896,172.117,224927.9938
08.04.2022 13:00:00.000,171.776,171.776,169.216,169.237,151979.9957
08.04.2022 14:00:00.000,169.237,170.937,169.226,170.937,258876.0071
08.04.2022 15:00:00.000,170.926,171.357,170.317,171.306,202296.0052
08.04.2022 16:00:00.000,171.296,171.757,171.096,171.616,175848.0072
08.04.2022 17:00:00.000,171.616,171.637,170.096,170.167,133404.007
08.04.2022 18:00:00.000,170.156,170.746,169.766,170.476,151044.0063
08.04.2022 19:00:00.000,170.486,170.957,169.806,170.076,195863.9984
11.04.2022 13:00:00.000,168.696,168.987,166.876,166.986,171516.0065
11.04.2022 14:00:00.000,166.987,167.307,166.096,166.147,251363.9984
11.04.2022 15:00:00.000,166.136,167.197,166.096,167.017,155244.0033
11.04.2022 16:00:00.000,167.007,167.127,166.477,167.027,132563.9954
11.04.2022 17:00:00.000,167.017,167.447,166.767,166.987,153947.998
11.04.2022 18:00:00.000,166.977,167.237,166.476,166.816,148296.0052
11.04.2022 19:00:00.000,166.826,167.087,165.496,165.767,165492.0044
12.04.2022 13:00:00.000,168.007,169.766,166.916,169.307,158460.0067
12.04.2022 14:00:00.000,169.326,169.857,168.056,168.106,258876.0071
12.04.2022 15:00:00.000,168.097,169.367,167.816,168.847,205908.0048
12.04.2022 16:00:00.000,168.846,168.867,167.696,168.226,219167.9993
12.04.2022 17:00:00.000,168.217,168.546,167.036,167.147,192179.9927
12.04.2022 18:00:00.000,167.147,167.747,166.627,167.466,198492.0044
12.04.2022 19:00:00.000,167.466,168.077,166.676,167.636,221796.0052
13.04.2022 13:00:00.000,167.367,168.457,166.747,167.836,153156.0059
13.04.2022 14:00:00.000,167.826,169.027,167.617,168.597,244692.0013
13.04.2022 15:00:00.000,168.597,170.206,168.586,169.786,167880.0049
13.04.2022 16:00:00.000,169.786,170.957,169.596,170.657,144492.0044
13.04.2022 17:00:00.000,170.667,170.967,169.946,170.286,133188.0035
13.04.2022 18:00:00.000,170.276,170.547,170.056,170.497,133632.0038
13.04.2022 19:00:00.000,170.506,171.026,170.097,170.316,159179.9927
14.04.2022 13:00:00.000,170.616,171.256,169.266,169.367,146940.0024
14.04.2022 14:00:00.000,169.357,169.597,167.746,167.996,230807.9987
14.04.2022 15:00:00.000,167.996,168.337,167.346,167.447,190320.0073
14.04.2022 16:00:00.000,167.436,167.837,166.557,166.837,127776.001
14.04.2022 17:00:00.000,166.837,167.157,166.436,167.136,106115.9973
14.04.2022 18:00:00.000,167.127,167.327,165.916,165.936,131027.9999
14.04.2022 19:00:00.000,165.927,166.267,165.046,165.077,152207.9926
18.04.2022 13:00:00.000,163.846,165.717,163.566,164.476,163548.0042
18.04.2022 14:00:00.000,164.457,166.587,164.077,165.507,231203.9948
18.04.2022 15:00:00.000,165.496,165.616,164.276,164.736,170136.0016
18.04.2022 16:00:00.000,164.736,164.837,163.686,163.966,151608.0017
18.04.2022 17:00:00.000,163.966,165.597,163.797,165.306,159804.0009
18.04.2022 18:00:00.000,165.306,165.816,164.886,165.246,182664.0015
18.04.2022 19:00:00.000,165.246,165.317,163.977,165.026,194255.9967
19.04.2022 13:00:00.000,165.017,165.127,163.897,165.086,166380.0049
19.04.2022 14:00:00.000,165.067,167.257,164.876,166.766,219360.0006
19.04.2022 15:00:00.000,166.776,167.427,166.496,166.987,153011.9934
19.04.2022 16:00:00.000,166.987,167.037,166.246,166.456,122027.9999
19.04.2022 17:00:00.000,166.466,166.667,166.106,166.476,115223.999
19.04.2022 18:00:00.000,166.476,166.657,165.846,166.597,135264.0076
19.04.2022 19:00:00.000,166.586,167.807,166.486,167.397,144539.9933
20.04.2022 13:00:00.000,168.366,168.827,166.496,166.726,155807.9987
20.04.2022 14:00:00.000,166.736,168.377,166.526,167.776,255132.0038
20.04.2022 15:00:00.000,167.776,167.807,166.456,166.776,186684.0057
20.04.2022 16:00:00.000,166.766,167.276,166.096,167.076,166151.9928
20.04.2022 17:00:00.000,167.077,168.067,166.937,167.747,169464.0045
20.04.2022 18:00:00.000,167.736,167.807,166.446,166.877,174923.996
20.04.2022 19:00:00.000,166.867,167.927,166.807,167.107,206184.0057
21.04.2022 13:00:00.000,168.867,170.867,168.427,170.026,155916.0004
21.04.2022 14:00:00.000,170.036,170.987,169.796,170.527,239027.9999
21.04.2022 15:00:00.000,170.516,171.517,169.897,169.916,222276.001
21.04.2022 16:00:00.000,169.926,170.427,169.236,169.327,213179.9927
21.04.2022 17:00:00.000,169.306,169.427,167.856,167.987,245712.0056
21.04.2022 18:00:00.000,167.977,168.026,166.036,166.317,231876.0071
21.04.2022 19:00:00.000,166.316,167.127,165.896,166.486,244044.0063
22.04.2022 13:00:00.000,166.426,167.837,165.796,166.307,183768.0054
22.04.2022 14:00:00.000,166.296,167.036,165.226,165.917,275880.0049
22.04.2022 15:00:00.000,165.916,166.547,164.496,164.517,229740.0055
22.04.2022 16:00:00.000,164.517,165.327,164.136,164.696,179975.9979
22.04.2022 17:00:00.000,164.696,164.747,163.706,163.706,151380.0049
22.04.2022 18:00:00.000,163.707,164.257,162.546,162.957,168852.005
22.04.2022 19:00:00.000,162.957,164.137,161.466,161.766,265476.0132
25.04.2022 13:00:00.000,161.097,161.157,159.066,159.337,183839.9963
25.04.2022 14:00:00.000,159.346,161.766,159.026,159.727,311148.0103
25.04.2022 15:00:00.000,159.727,160.617,158.456,158.857,288395.9961
25.04.2022 16:00:00.000,158.846,160.547,158.596,159.677,280235.9924
25.04.2022 17:00:00.000,159.676,160.626,159.246,159.867,270864.0137
25.04.2022 18:00:00.000,159.856,161.936,159.396,161.407,250500
25.04.2022 19:00:00.000,161.417,163.156,160.446,163.067,277451.9958
26.04.2022 13:00:00.000,162.186,162.196,160.136,160.626,168035.9955
26.04.2022 14:00:00.000,160.626,160.796,158.696,158.696,293316.0095
26.04.2022 15:00:00.000,158.696,159.387,158.066,158.177,236856.0028
26.04.2022 16:00:00.000,158.186,159.906,158.166,159.617,222576.004
26.04.2022 17:00:00.000,159.626,159.637,158.326,158.406,198444.0002
26.04.2022 18:00:00.000,158.406,159.017,158.136,158.887,232895.9961
26.04.2022 19:00:00.000,158.896,159.126,156.776,156.896,264287.9944
27.04.2022 13:00:00.000,155.857,158.906,155.466,158.077,189371.994
27.04.2022 14:00:00.000,158.097,158.367,155.376,157.347,358055.9998
27.04.2022 15:00:00.000,157.347,158.657,157.316,157.607,307272.0032
27.04.2022 16:00:00.000,157.627,159.777,156.997,159.036,264731.9946
27.04.2022 17:00:00.000,159.037,159.087,157.967,158.927,293424.0112
27.04.2022 18:00:00.000,158.937,158.987,156.487,156.727,250500
27.04.2022 19:00:00.000,156.726,157.357,156.156,156.766,316872.0093
28.04.2022 13:00:00.000,159.156,161.057,159.156,159.696,173964.0045
28.04.2022 14:00:00.000,159.676,161.316,158.916,160.707,321167.9993
28.04.2022 15:00:00.000,160.716,162.497,160.046,160.487,272700.0122
28.04.2022 16:00:00.000,160.497,163.257,160.447,162.757,222503.9978
28.04.2022 17:00:00.000,162.747,163.987,162.476,163.636,230664.0015
28.04.2022 18:00:00.000,163.627,163.887,162.866,163.336,172475.9979
28.04.2022 19:00:00.000,163.347,164.506,162.536,163.687,231992.5995
29.04.2022 13:00:00.000,161.826,165.976,160.766,165.956,194328.0029
29.04.2022 14:00:00.000,165.976,166.127,161.717,162.337,324216.0034
29.04.2022 15:00:00.000,162.317,162.557,161.137,161.507,266100.0061
29.04.2022 16:00:00.000,161.526,161.626,159.777,160.047,206123.9929
29.04.2022 17:00:00.000,160.046,160.707,159.586,159.997,193727.9968
29.04.2022 18:00:00.000,159.987,160.377,159.276,159.766,202500
29.04.2022 19:00:00.000,159.777,159.777,157.276,157.436,295079.9866
02.05.2022 13:00:00.000,156.707,158.007,155.306,156.827,209160.0037
02.05.2022 14:00:00.000,156.807,157.617,154.586,156.267,377052.002
02.05.2022 15:00:00.000,156.287,156.577,155.007,155.836,333888.0005
02.05.2022 16:00:00.000,155.837,156.586,154.826,155.096,312528.0151
02.05.2022 17:00:00.000,155.087,155.327,153.697,154.056,256320.0073
02.05.2022 18:00:00.000,154.057,154.727,153.246,153.847,283776.001
02.05.2022 19:00:00.000,153.837,158.217,153.776,157.967,333671.9971
03.05.2022 13:00:00.000,158.016,158.117,156.307,158.086,138912.0026
03.05.2022 14:00:00.000,158.127,158.627,156.996,157.576,235656.0059
03.05.2022 15:00:00.000,157.557,159.806,157.296,159.326,146802.002
03.05.2022 16:00:00.000,159.336,159.867,158.567,159.317,189675.0031
03.05.2022 17:00:00.000,159.326,160.557,159.096,159.916,169794.0063
03.05.2022 18:00:00.000,159.907,159.967,158.206,159.617,192348.0072
03.05.2022 19:00:00.000,159.626,159.906,158.526,159.156,225585.0067
04.05.2022 13:00:00.000,159.677,161.296,159.427,160.407,167604.0039
04.05.2022 14:00:00.000,160.416,160.796,159.476,160.187,265955.9937
04.05.2022 15:00:00.000,160.196,161.036,159.247,160.766,193764.0076
04.05.2022 16:00:00.000,160.756,161.927,160.306,161.906,195527.9999
04.05.2022 17:00:00.000,161.907,162.917,161.546,162.567,193619.9951
04.05.2022 18:00:00.000,162.536,164.087,159.646,163.837,434388.0005
04.05.2022 19:00:00.000,163.827,166.457,163.287,166.016,316428.009
05.05.2022 13:00:00.000,163.767,164.057,161.216,161.617,180936.0046
05.05.2022 14:00:00.000,161.626,161.767,159.206,160.186,351036.0107
05.05.2022 15:00:00.000,160.176,160.356,157.706,157.706,312743.988
05.05.2022 16:00:00.000,157.707,158.506,156.566,157.517,338579.9866
05.05.2022 17:00:00.000,157.516,158.307,156.476,156.797,312191.9861
05.05.2022 18:00:00.000,156.796,157.547,156.246,156.377,291756.012
05.05.2022 19:00:00.000,156.366,157.126,154.946,156.697,330791.9922
06.05.2022 13:00:00.000,155.906,157.027,154.166,154.807,173975.9979
06.05.2022 14:00:00.000,154.777,159.146,154.566,158.537,361727.9968
06.05.2022 15:00:00.000,158.537,159.407,157.297,157.506,351731.9946
06.05.2022 16:00:00.000,157.497,159.396,157.306,159.047,349463.9893
06.05.2022 17:00:00.000,159.056,159.356,157.236,157.397,317411.9873
06.05.2022 18:00:00.000,157.386,157.827,156.217,156.597,307776.001
06.05.2022 19:00:00.000,156.576,158.686,155.787,157.366,335316.0095
09.05.2022 13:00:00.000,154.717,155.816,153.366,153.467,210324.0051
09.05.2022 14:00:00.000,153.476,154.506,152.776,152.846,359795.99
09.05.2022 15:00:00.000,152.837,153.287,151.946,152.156,297924.0112
09.05.2022 16:00:00.000,152.156,153.656,151.557,152.397,281111.9995
09.05.2022 17:00:00.000,152.396,153.527,152.096,152.527,253451.9958
09.05.2022 18:00:00.000,152.516,153.186,151.797,153.036,245712.0056
09.05.2022 19:00:00.000,153.057,153.597,151.496,151.967,308700.0122
10.05.2022 13:00:00.000,155.576,156.527,154.126,155.786,188688.0035
10.05.2022 14:00:00.000,155.806,156.377,153.947,154.477,348851.9897
10.05.2022 15:00:00.000,154.466,154.766,153.026,153.746,362640.0146
10.05.2022 16:00:00.000,153.736,154.327,152.926,153.356,339299.9878
10.05.2022 17:00:00.000,153.356,156.727,153.246,156.677,319343.9941
10.05.2022 18:00:00.000,156.687,156.717,155.216,156.056,330000
10.05.2022 19:00:00.000,156.057,156.597,154.007,154.466,322055.9998
11.05.2022 13:00:00.000,153.426,155.427,151.347,153.837,164292.0074
11.05.2022 14:00:00.000,153.836,154.197,152.326,152.756,393696.0144
11.05.2022 15:00:00.000,152.767,153.816,151.896,152.507,343955.9937
11.05.2022 16:00:00.000,152.487,152.507,149.556,149.936,280511.9934
11.05.2022 17:00:00.000,149.936,149.957,146.816,147.017,313272.0032
11.05.2022 18:00:00.000,147.007,148.257,146.496,146.886,333996.0022
11.05.2022 19:00:00.000,146.887,146.977,145.797,146.466,292571.991
12.05.2022 13:00:00.000,142.676,144.086,140.256,141.006,209136.0016
12.05.2022 14:00:00.000,141.016,146.107,140.087,145.597,412187.9883
12.05.2022 15:00:00.000,145.606,146.177,141.226,141.236,351023.9868
12.05.2022 16:00:00.000,141.237,142.587,140.566,141.766,341220.0012
12.05.2022 17:00:00.000,141.777,142.456,139.996,140.237,293111.9995
12.05.2022 18:00:00.000,140.226,140.476,138.787,139.596,289104.0039
12.05.2022 19:00:00.000,139.606,142.787,139.386,142.756,352691.9861
13.05.2022 13:00:00.000,144.637,145.247,143.097,144.947,189479.9957
13.05.2022 14:00:00.000,144.946,146.897,144.946,146.856,279252.0142
13.05.2022 15:00:00.000,146.846,147.827,146.547,147.037,217583.9996
13.05.2022 16:00:00.000,147.047,148.087,146.796,147.246,165707.9926
13.05.2022 17:00:00.000,147.256,147.467,145.986,146.187,197675.9949
13.05.2022 18:00:00.000,146.176,146.907,144.796,146.856,248460.0067
13.05.2022 19:00:00.000,146.866,147.806,145.896,146.896,250091.9952
16.05.2022 13:00:00.000,145.507,146.167,144.376,145.006,180647.995
16.05.2022 14:00:00.000,145.016,146.647,144.407,144.417,316440.0024
16.05.2022 15:00:00.000,144.416,146.916,144.167,146.636,279864.0137
16.05.2022 16:00:00.000,146.636,146.786,145.226,145.366,253007.9956
16.05.2022 17:00:00.000,145.376,146.757,145.146,146.297,248339.9963
16.05.2022 18:00:00.000,146.287,147.507,146.047,146.937,239507.9956
16.05.2022 19:00:00.000,146.937,147.147,144.996,145.486,249035.9955
17.05.2022 13:00:00.000,148.707,149.297,147.626,147.767,164111.9995
17.05.2022 14:00:00.000,147.776,148.297,146.666,147.317,264503.9978
17.05.2022 15:00:00.000,147.326,148.667,147.036,147.987,171707.9926
17.05.2022 16:00:00.000,147.996,148.397,147.436,147.966,157692.0013
17.05.2022 17:00:00.000,147.977,148.827,147.637,148.526,150695.9991
17.05.2022 18:00:00.000,148.537,149.317,147.296,149.087,318924.0112
17.05.2022 19:00:00.000,149.097,149.757,148.696,149.286,235992.0044
18.05.2022 13:00:00.000,146.836,147.356,145.766,145.897,162216.0034
18.05.2022 14:00:00.000,145.897,146.587,144.816,145.407,272615.9973
18.05.2022 15:00:00.000,145.397,145.397,142.747,142.756,165660.0037
18.05.2022 16:00:00.000,142.766,143.667,142.126,143.557,190511.9934
18.05.2022 17:00:00.000,143.546,143.557,141.376,141.716,167988.0066
18.05.2022 18:00:00.000,141.727,141.927,139.936,140.076,213768.0054
18.05.2022 19:00:00.000,140.077,141.187,140.056,140.736,245255.9967
19.05.2022 13:00:00.000,139.806,141.646,138.686,139.486,182628.2043
19.05.2022 14:00:00.000,139.497,141.007,137.837,138.676,361513.3972
19.05.2022 15:00:00.000,138.676,140.377,137.976,139.436,299820.0073
19.05.2022 16:00:00.000,139.427,140.027,137.786,138.086,257203.186
19.05.2022 17:00:00.000,138.087,138.436,136.596,137.786,276335.9985
19.05.2022 18:00:00.000,137.796,139.137,136.967,138.796,282996.0022
19.05.2022 19:00:00.000,138.787,139.387,136.656,137.386,292812.0117
20.05.2022 13:00:00.000,139.036,140.347,138.066,139.867,187979.9957
20.05.2022 14:00:00.000,139.866,140.467,137.046,137.186,280835.9985
20.05.2022 15:00:00.000,137.196,137.467,136.307,136.756,256691.9861
20.05.2022 16:00:00.000,136.767,136.876,133.586,134.326,264252.0142
20.05.2022 17:00:00.000,134.316,134.427,132.607,134.137,278303.9856
20.05.2022 18:00:00.000,134.146,134.927,133.376,134.357,257868.0115
20.05.2022 19:00:00.000,134.366,137.867,133.747,137.797,286200.0122
23.05.2022 13:00:00.000,137.726,141.017,137.726,139.767,185520.0043
23.05.2022 14:00:00.000,139.776,141.667,138.696,140.456,353436.0046
23.05.2022 15:00:00.000,140.447,142.067,140.236,141.967,271932.0068
23.05.2022 16:00:00.000,141.976,143.247,141.796,142.376,209832.0007
23.05.2022 17:00:00.000,142.367,142.857,141.506,142.626,209604.0039
23.05.2022 18:00:00.000,142.636,142.897,142.057,142.206,193367.9962
23.05.2022 19:00:00.000,142.206,143.237,141.886,143.067,217151.9928
24.05.2022 13:00:00.000,140.707,141.937,139.216,139.327,166871.994
24.05.2022 14:00:00.000,139.317,139.327,137.326,138.167,314915.9851
24.05.2022 15:00:00.000,138.146,139.547,137.856,139.167,264996.0022
24.05.2022 16:00:00.000,139.157,140.247,138.516,139.106,238128.006
24.05.2022 17:00:00.000,139.107,139.687,138.136,139.317,229104.0039
24.05.2022 18:00:00.000,139.317,140.197,138.677,139.097,255156.0059
24.05.2022 19:00:00.000,139.097,140.927,138.936,140.207,262584.0149
25.05.2022 13:00:00.000,138.416,140.327,138.326,139.306,174755.9967
25.05.2022 14:00:00.000,139.307,141.367,138.946,140.176,300803.9856
25.05.2022 15:00:00.000,140.186,140.617,139.457,139.896,223848.0072
25.05.2022 16:00:00.000,139.906,140.167,138.837,139.426,181223.999
25.05.2022 17:00:00.000,139.427,139.757,138.506,139.406,158916.0004
25.05.2022 18:00:00.000,139.426,141.177,138.546,141.087,322428.009
25.05.2022 19:00:00.000,141.087,141.767,139.917,140.406,230147.995
26.05.2022 13:00:00.000,137.316,140.737,137.126,140.616,165492.0044
26.05.2022 14:00:00.000,140.606,141.947,140.356,141.857,229595.993
26.05.2022 15:00:00.000,141.866,143.087,141.786,142.946,166692.0013
26.05.2022 16:00:00.000,142.946,144.327,142.807,143.997,140136.0016
26.05.2022 17:00:00.000,143.996,144.327,143.366,143.767,132444.0002
26.05.2022 18:00:00.000,143.757,144.056,143.436,143.896,141563.9954
26.05.2022 19:00:00.000,143.887,144.327,143.077,143.827,194231.9946
27.05.2022 13:00:00.000,145.357,147.307,145.246,147.036,153227.9968
27.05.2022 14:00:00.000,147.047,148.536,146.897,147.417,228516.0065
27.05.2022 15:00:00.000,147.417,148.687,147.246,148.586,151583.9996
27.05.2022 16:00:00.000,148.596,148.817,147.936,148.297,115739.9979
27.05.2022 17:00:00.000,148.306,148.697,148.046,148.287,105491.9968
27.05.2022 18:00:00.000,148.297,148.827,148.176,148.757,99323.9975
27.05.2022 19:00:00.000,148.747,149.556,148.556,149.466,129527.9999
31.05.2022 13:00:00.000,148.966,150.236,147.566,147.846,164699.9969
31.05.2022 14:00:00.000,147.847,148.777,146.826,148.506,288444.0002
31.05.2022 15:00:00.000,148.497,150.236,147.836,149.957,249516.0065
31.05.2022 16:00:00.000,149.957,150.557,149.217,149.956,188916.0004
31.05.2022 17:00:00.000,149.937,150.636,149.356,150.236,200567.9932
31.05.2022 18:00:00.000,150.227,150.476,148.756,149.076,205332.0007
31.05.2022 19:00:00.000,149.087,150.467,148.726,148.886,234048.0042
01.06.2022 13:00:00.000,149.837,151.487,149.837,151.336,172559.9976
01.06.2022 14:00:00.000,151.356,151.707,148.656,149.807,307032.0129
01.06.2022 15:00:00.000,149.796,149.806,147.896,148.227,273947.998
01.06.2022 16:00:00.000,148.227,148.577,147.666,148.247,223800.0031
01.06.2022 17:00:00.000,148.236,148.867,148.006,148.567,213011.9934
01.06.2022 18:00:00.000,148.567,149.847,148.506,149.196,222563.9954
01.06.2022 19:00:00.000,149.206,149.977,148.507,148.616,252444.0002
02.06.2022 13:00:00.000,147.806,148.477,146.846,148.147,178703.9948
02.06.2022 14:00:00.000,148.157,149.007,147.226,148.206,328667.9993
02.06.2022 15:00:00.000,148.216,149.927,148.096,149.427,220848.0072
02.06.2022 16:00:00.000,149.436,150.677,149.346,150.477,178067.9932
02.06.2022 17:00:00.000,150.477,150.597,149.957,150.296,163860.0006
02.06.2022 18:00:00.000,150.296,150.807,150.057,150.097,154080.0018
02.06.2022 19:00:00.000,150.107,151.247,150.046,151.156,202044.0063
03.06.2022 13:00:00.000,146.727,147.937,145.706,147.107,176531.9977
03.06.2022 14:00:00.000,147.116,147.456,145.247,145.517,308843.9941
03.06.2022 15:00:00.000,145.506,145.577,144.456,145.127,208440.0024
03.06.2022 16:00:00.000,145.127,146.096,144.996,145.936,186419.9982
03.06.2022 17:00:00.000,145.946,146.336,144.836,145.037,203544.0063
03.06.2022 18:00:00.000,145.026,145.707,144.906,145.467,178860.0006
03.06.2022 19:00:00.000,145.476,145.726,144.807,145.307,220860.0006
06.06.2022 13:00:00.000,146.907,148.307,146.907,147.816,166811.9965
06.06.2022 14:00:00.000,147.827,148.557,147.726,148.167,252960.0067
06.06.2022 15:00:00.000,148.166,148.327,145.996,146.507,222468.0023
06.06.2022 16:00:00.000,146.517,146.556,145.196,146.067,212363.9984
06.06.2022 17:00:00.000,146.076,146.727,145.596,146.637,196055.9998
06.06.2022 18:00:00.000,146.656,146.876,145.056,145.387,213960.0067
06.06.2022 19:00:00.000,145.407,146.446,144.886,146.126,234119.9951
07.06.2022 13:00:00.000,144.186,147.077,144.087,146.586,175427.9938
07.06.2022 14:00:00.000,146.617,148.276,145.917,147.737,258432.0068
07.06.2022 15:00:00.000,147.737,147.837,146.767,147.556,188352.005
07.06.2022 16:00:00.000,147.567,147.876,147.076,147.667,170063.9954
07.06.2022 17:00:00.000,147.676,148.347,147.606,148.127,148020.0043
07.06.2022 18:00:00.000,148.137,148.956,148.016,148.356,139500
07.06.2022 19:00:00.000,148.367,148.967,148.306,148.616,130511.9934
08.06.2022 13:00:00.000,148.506,149.837,148.097,149.706,150167.9993
08.06.2022 14:00:00.000,149.716,149.737,148.566,148.987,279816.0095
08.06.2022 15:00:00.000,148.997,149.637,148.647,149.046,180264.0076
08.06.2022 16:00:00.000,149.057,149.367,147.736,148.217,180492.0044
08.06.2022 17:00:00.000,148.207,148.366,147.446,148.247,168828.0029
08.06.2022 18:00:00.000,148.256,148.417,147.556,147.866,175223.999
08.06.2022 19:00:00.000,147.876,148.457,147.546,147.877,176244.0033
09.06.2022 13:00:00.000,146.947,147.927,146.376,147.606,163007.9956
09.06.2022 14:00:00.000,147.626,147.646,146.136,146.416,246707.9926
09.06.2022 15:00:00.000,146.426,146.897,145.956,146.317,200796.0052
09.06.2022 16:00:00.000,146.317,146.507,145.796,146.366,168996.0022
09.06.2022 17:00:00.000,146.376,146.617,145.566,146.026,152904.007
09.06.2022 18:00:00.000,146.036,146.036,144.726,144.746,148343.9941
09.06.2022 19:00:00.000,144.736,144.777,142.506,142.556,192671.9971
10.06.2022 13:00:00.000,140.227,140.737,138.316,138.467,178283.9966
10.06.2022 14:00:00.000,138.406,138.526,137.376,137.627,265308.0139
10.06.2022 15:00:00.000,137.637,138.047,137.256,137.847,173412.0026
10.06.2022 16:00:00.000,137.846,138.187,137.436,137.767,143184.0057
10.06.2022 17:00:00.000,137.757,138.727,137.446,138.186,145356.0028
10.06.2022 18:00:00.000,138.197,139.007,137.786,138.727,143748.0011
10.06.2022 19:00:00.000,138.726,139.156,137.046,137.047,204311.9965
13.06.2022 13:00:00.000,132.866,134.646,132.567,134.587,187656.0059
13.06.2022 14:00:00.000,134.586,135.177,132.557,133.057,258191.9861
13.06.2022 15:00:00.000,133.066,134.517,132.666,133.716,234311.9965
13.06.2022 16:00:00.000,133.717,135.047,133.506,133.707,228744.0033
13.06.2022 17:00:00.000,133.717,134.297,133.136,134.216,187283.9966
13.06.2022 18:00:00.000,134.216,134.246,132.706,132.736,193751.9989
13.06.2022 19:00:00.000,132.727,133.307,131.436,131.886,256332.0007
14.06.2022 13:00:00.000,132.907,133.186,131.526,133.096,171165.802
14.06.2022 14:00:00.000,133.106,133.246,131.486,132.576,285216.0034
14.06.2022 15:00:00.000,132.576,132.937,131.826,132.806,257544.0063
14.06.2022 16:00:00.000,132.797,132.826,131.906,132.496,243923.996
14.06.2022 17:00:00.000,132.487,133.877,132.276,132.477,236027.9999
14.06.2022 18:00:00.000,132.476,133.127,132.276,132.376,207335.9985
14.06.2022 19:00:00.000,132.366,133.477,131.706,132.767,250992.0044
15.06.2022 13:00:00.000,134.066,134.717,133.656,134.196,160356.0028
15.06.2022 14:00:00.000,134.177,134.606,133.366,133.817,242964.0045
15.06.2022 15:00:00.000,133.806,134.477,133.606,134.407,196080.0018
15.06.2022 16:00:00.000,134.416,134.867,133.536,133.596,170496.0022
15.06.2022 17:00:00.000,133.607,134.507,133.486,134.207,157751.9989
15.06.2022 18:00:00.000,134.326,136.467,132.156,134.836,395700.0122
15.06.2022 19:00:00.000,134.837,137.317,134.656,135.407,340932.0068
16.06.2022 13:00:00.000,132.076,132.367,130.496,131.197,174035.9955
16.06.2022 14:00:00.000,131.187,131.427,129.886,130.117,254460.0067
16.06.2022 15:00:00.000,130.126,131.147,130.076,130.877,225923.996
16.06.2022 16:00:00.000,130.887,131.176,130.186,131.006,207800.705
16.06.2022 17:00:00.000,131.027,131.516,129.996,130.006,216815.9943
16.06.2022 18:00:00.000,130.006,130.197,129.286,129.537,177419.9982
16.06.2022 19:00:00.000,129.517,130.297,129.066,130.067,248436.0046
17.06.2022 13:00:00.000,132.426,132.486,131.946,132.037,22548.0003
17.06.2022 14:00:00.000,132.037,132.146,129.806,130.576,221555.9998
17.06.2022 15:00:00.000,130.586,132.817,130.196,131.326,243936.0046
17.06.2022 16:00:00.000,131.337,132.307,131.057,131.966,206472.0001
17.06.2022 17:00:00.000,131.967,133.057,131.636,132.057,205380.0049
17.06.2022 18:00:00.000,132.066,132.527,131.676,131.856,190968.0023
17.06.2022 19:00:00.000,131.856,132.166,131.036,131.566,229548.0042
21.06.2022 13:00:00.000,133.377,136.437,133.306,136.316,140076.004
21.06.2022 14:00:00.000,136.336,136.886,135.786,136.787,187115.9973
21.06.2022 15:00:00.000,136.796,137.036,135.976,135.977,143964.0045
21.06.2022 16:00:00.000,135.986,136.236,135.696,136.066,139199.9969
21.06.2022 17:00:00.000,136.056,136.167,135.627,135.816,116676.0025
21.06.2022 18:00:00.000,135.807,136.216,135.456,136.187,136367.9962
21.06.2022 19:00:00.000,136.186,136.397,135.576,135.816,123564.003
22.06.2022 13:00:00.000,134.707,135.937,133.896,135.656,164496.0022
22.06.2022 14:00:00.000,135.666,137.747,135.236,136.797,234731.9946
22.06.2022 15:00:00.000,136.807,136.976,135.296,135.476,189611.9995
22.06.2022 16:00:00.000,135.477,136.067,135.126,136.016,167315.9943
22.06.2022 17:00:00.000,136.026,136.446,135.637,136.057,130223.999
22.06.2022 18:00:00.000,136.056,136.957,136.026,136.447,132264.0076
22.06.2022 19:00:00.000,136.447,136.627,134.957,135.197,189432.0068
23.06.2022 13:00:00.000,136.766,137.427,135.616,136.596,175776.001
23.06.2022 14:00:00.000,136.606,137.757,136.407,137.666,288756.012
23.06.2022 15:00:00.000,137.667,138.237,136.907,137.086,200772.0032
23.06.2022 16:00:00.000,137.076,137.137,136.096,136.396,188880.0049
23.06.2022 17:00:00.000,136.406,137.017,136.036,136.986,173016.0065
23.06.2022 18:00:00.000,136.997,137.707,136.886,137.617,155160.0037
23.06.2022 19:00:00.000,137.626,138.577,137.347,138.237,161856.0028
24.06.2022 13:00:00.000,139.857,141.056,139.807,139.957,125676.0025
24.06.2022 14:00:00.000,139.977,141.467,139.977,140.297,207996.0022
24.06.2022 15:00:00.000,140.296,140.497,139.757,140.236,155111.9995
24.06.2022 16:00:00.000,140.236,140.387,139.817,140.116,103847.9996
24.06.2022 17:00:00.000,140.117,140.257,139.806,139.906,84047.9965
24.06.2022 18:00:00.000,139.917,140.467,139.836,140.437,81047.9965
24.06.2022 19:00:00.000,140.437,141.846,140.036,141.757,77195.9991
27.06.2022 13:00:00.000,142.676,143.467,141.286,141.876,131910.0037
27.06.2022 14:00:00.000,141.876,142.937,141.706,142.827,194223.0072
27.06.2022 15:00:00.000,142.826,143.077,142.216,143.017,157968.0023
27.06.2022 16:00:00.000,143.027,143.067,142.066,142.527,145716.0034
27.06.2022 17:00:00.000,142.537,142.567,141.556,141.667,138300.0031
27.06.2022 18:00:00.000,141.667,142.047,141.486,141.607,129695.9991
27.06.2022 19:00:00.000,141.596,141.837,140.956,141.636,165419.9982
28.06.2022 13:00:00.000,142.126,143.407,141.867,142.386,150527.9999
28.06.2022 14:00:00.000,142.386,142.537,140.357,140.786,237863.9984
28.06.2022 15:00:00.000,140.777,141.016,138.826,139.047,203615.9973
28.06.2022 16:00:00.000,139.056,139.407,138.646,139.296,192371.994
28.06.2022 17:00:00.000,139.286,139.296,138.496,138.807,173964.0045
28.06.2022 18:00:00.000,138.817,139.077,137.576,137.997,139067.9932
28.06.2022 19:00:00.000,137.997,138.226,137.316,137.426,174768.0054
29.06.2022 13:00:00.000,137.456,139.597,136.656,139.507,165539.9933
29.06.2022 14:00:00.000,139.496,140.657,138.736,140.066,302604.0039
29.06.2022 15:00:00.000,140.057,140.257,139.426,139.986,213960.0067
29.06.2022 16:00:00.000,139.966,140.036,138.687,139.116,196548.0042
29.06.2022 17:00:00.000,139.126,139.697,138.726,139.636,160272.0032
29.06.2022 18:00:00.000,139.627,140.167,138.917,139.146,145320.0073
29.06.2022 19:00:00.000,139.157,140.036,138.797,139.196,185352.005
30.06.2022 13:00:00.000,136.996,137.586,134.926,134.937,147108.0017
30.06.2022 14:00:00.000,134.947,135.586,133.766,135.507,228563.9954
30.06.2022 15:00:00.000,135.497,137.677,135.207,137.367,199091.9952
30.06.2022 16:00:00.000,137.376,138.337,136.466,137.706,182843.9941
30.06.2022 17:00:00.000,137.716,138.097,136.856,137.956,159479.9957
30.06.2022 18:00:00.000,137.966,138.136,136.476,136.617,178115.9973
30.06.2022 19:00:00.000,136.626,137.416,135.686,136.566,223608.0017
01.07.2022 13:00:00.000,136.037,138.116,135.996,137.717,164922.1954
01.07.2022 14:00:00.000,137.716,138.287,135.657,136.577,292691.9861
01.07.2022 15:00:00.000,136.567,137.236,136.156,136.346,238320.0073
01.07.2022 16:00:00.000,136.327,137.177,136.057,136.516,189600.0061
01.07.2022 17:00:00.000,136.507,137.707,136.426,137.707,163716.0034
01.07.2022 18:00:00.000,137.706,138.547,137.246,138.367,147912.0026
01.07.2022 19:00:00.000,138.367,138.937,137.836,138.867,161039.9933
05.07.2022 13:00:00.000,137.557,138.827,136.916,138.196,161580.0018
05.07.2022 14:00:00.000,138.166,139.647,137.806,138.887,283368.0115
05.07.2022 15:00:00.000,138.877,139.717,138.156,139.316,240227.9968
05.07.2022 16:00:00.000,139.317,140.007,138.927,138.957,206376.0071
05.07.2022 17:00:00.000,138.967,140.167,138.866,140.036,171395.9961
05.07.2022 18:00:00.000,140.046,141.426,139.886,140.906,172007.9956
05.07.2022 19:00:00.000,140.906,141.587,140.557,141.517,176483.9935
06.07.2022 13:00:00.000,141.306,142.857,141.276,142.806,168648.1934
06.07.2022 14:00:00.000,142.807,143.746,141.996,142.216,296747.9858
06.07.2022 15:00:00.000,142.216,142.407,141.066,141.697,213132.0038
06.07.2022 16:00:00.000,141.697,142.057,141.516,141.886,163404.007
06.07.2022 17:00:00.000,141.896,142.537,141.866,142.426,123000
06.07.2022 18:00:00.000,142.406,143.626,141.847,143.597,287604.0039
06.07.2022 19:00:00.000,143.617,144.107,142.347,142.877,190667.9993
07.07.2022 13:00:00.000,143.267,145.397,143.267,145.207,124776.001
07.07.2022 14:00:00.000,145.217,145.977,144.896,145.347,196488.0066
07.07.2022 15:00:00.000,145.356,145.647,145.006,145.527,140423.996
07.07.2022 16:00:00.000,145.526,145.977,145.446,145.886,96132.0038
07.07.2022 17:00:00.000,145.887,146.477,145.517,146.347,79248.0011
07.07.2022 18:00:00.000,146.346,146.537,146.006,146.186,57527.9999
07.07.2022 19:00:00.000,146.196,146.536,146.106,146.237,107807.9987
08.07.2022 13:00:00.000,145.097,146.607,144.986,145.736,159960.0067
08.07.2022 14:00:00.000,145.756,147.257,145.476,146.847,226559.9976
08.07.2022 15:00:00.000,146.856,147.447,146.806,147.236,138983.9935
08.07.2022 16:00:00.000,147.237,147.287,145.526,145.786,172391.9983
08.07.2022 17:00:00.000,145.786,147.087,145.536,146.837,139164.0015
08.07.2022 18:00:00.000,146.846,147.536,146.616,147.447,118931.9992
08.07.2022 19:00:00.000,147.447,147.536,146.837,146.977,168755.9967
11.07.2022 13:00:00.000,145.596,145.827,143.776,144.307,153923.996
11.07.2022 14:00:00.000,144.297,145.607,144.027,145.056,228059.9976
11.07.2022 15:00:00.000,145.046,145.647,144.896,145.137,162408.0048
11.07.2022 16:00:00.000,145.147,145.637,144.996,145.476,120288.002
11.07.2022 17:00:00.000,145.487,146.627,145.426,146.406,108468.0023
11.07.2022 18:00:00.000,146.416,146.457,145.326,145.326,131975.9979
11.07.2022 19:00:00.000,145.316,145.447,144.396,144.826,156083.9996
12.07.2022 13:00:00.000,145.836,147.977,145.726,146.167,164147.995
12.07.2022 14:00:00.000,146.157,147.647,145.547,146.977,255300.0031
12.07.2022 15:00:00.000,146.986,148.157,146.827,147.797,184464.0045
12.07.2022 16:00:00.000,147.786,148.446,147.316,148.026,148080.0018
12.07.2022 17:00:00.000,148.036,148.336,147.336,148.136,134555.9998
12.07.2022 18:00:00.000,148.156,148.197,146.706,146.756,118763.9999
12.07.2022 19:00:00.000,146.746,146.747,145.046,145.886,197076.004
13.07.2022 13:00:00.000,142.797,145.307,142.096,145.016,185016.0065
13.07.2022 14:00:00.000,145.026,146.396,143.866,145.606,326028.0151
13.07.2022 15:00:00.000,145.616,146.077,144.796,145.196,218796.0052
13.07.2022 16:00:00.000,145.197,146.006,145.137,145.987,163583.9996
13.07.2022 17:00:00.000,145.997,146.427,145.416,146.137,147119.9951
13.07.2022 18:00:00.000,146.136,146.397,145.196,146.386,189983.9935
13.07.2022 19:00:00.000,146.397,146.397,145.376,145.376,173292.0074
14.07.2022 13:00:00.000,144.076,144.747,143.227,144.067,166583.9996
14.07.2022 14:00:00.000,144.067,145.037,143.596,144.816,227988.0066
14.07.2022 15:00:00.000,144.816,147.157,144.767,147.136,235115.9973
14.07.2022 16:00:00.000,147.146,147.307,146.097,146.626,172223.999
14.07.2022 17:00:00.000,146.627,147.637,146.306,147.536,160332.0007
14.07.2022 18:00:00.000,147.546,148.827,147.467,148.667,161339.9963
14.07.2022 19:00:00.000,148.667,148.937,148.016,148.426,177587.9974
15.07.2022 13:00:00.000,149.657,150.846,148.776,149.297,160235.9924
15.07.2022 14:00:00.000,149.296,150.496,148.826,149.236,239423.996
15.07.2022 15:00:00.000,149.247,149.567,148.776,148.776,155735.9924
15.07.2022 16:00:00.000,148.787,149.046,148.187,148.897,133776.001
15.07.2022 17:00:00.000,148.907,149.497,148.796,149.126,79419.8532
15.07.2022 18:00:00.000,149.126,149.557,148.846,149.347,81716.1026
15.07.2022 19:00:00.000,149.337,150.167,149.047,149.987,116592.0029
18.07.2022 13:00:00.000,150.696,151.367,150.216,151.086,164496.0022
18.07.2022 14:00:00.000,151.117,151.547,150.576,151.187,225647.995
18.07.2022 15:00:00.000,151.196,151.417,150.806,151.397,152339.9963
18.07.2022 16:00:00.000,151.396,151.407,150.706,150.737,94043.9987
18.07.2022 17:00:00.000,150.746,150.787,147.196,147.776,157391.9983
18.07.2022 18:00:00.000,147.776,148.227,147.196,147.286,190559.9976
18.07.2022 19:00:00.000,147.287,147.827,146.726,147.087,196811.9965
19.07.2022 13:00:00.000,147.916,148.457,146.906,147.966,161160.0037
19.07.2022 14:00:00.000,147.967,149.397,147.296,149.397,208188.0035
19.07.2022 15:00:00.000,149.437,150.207,149.436,149.797,135227.9968
19.07.2022 16:00:00.000,149.787,150.197,149.337,150.077,109428.0014
19.07.2022 17:00:00.000,150.067,150.827,149.667,150.806,93456.0013
19.07.2022 18:00:00.000,150.796,150.906,150.337,150.666,102024.0021
19.07.2022 19:00:00.000,150.666,151.207,150.367,150.826,122148.0026
20.07.2022 13:00:00.000,151.006,151.676,150.346,151.027,143052.002
20.07.2022 14:00:00.000,151.026,153.587,150.816,153.366,239927.9938
20.07.2022 15:00:00.000,153.376,153.477,152.876,153.166,159311.9965
20.07.2022 16:00:00.000,153.156,153.707,152.616,153.127,162600.0061
20.07.2022 17:00:00.000,153.107,153.266,152.056,152.166,216600.0061
20.07.2022 18:00:00.000,152.177,153.356,152.146,153.267,182304.0009
20.07.2022 19:00:00.000,153.246,153.677,152.846,153.026,165371.994
21.07.2022 13:00:00.000,154.476,154.677,152.976,153.336,176604.0039
21.07.2022 14:00:00.000,153.377,153.957,151.926,153.246,310380.0049
21.07.2022 15:00:00.000,153.246,154.087,152.956,153.966,189156.0059
21.07.2022 16:00:00.000,153.956,155.247,153.886,155.147,148020.0043
21.07.2022 17:00:00.000,155.157,155.467,154.527,155.137,159048.0042
21.07.2022 18:00:00.000,155.147,155.437,154.896,155.256,133968.0023
21.07.2022 19:00:00.000,155.266,155.557,154.696,155.286,145500
22.07.2022 13:00:00.000,155.396,156.246,154.926,155.257,162852.005
22.07.2022 14:00:00.000,155.256,155.977,154.976,155.666,227975.9979
22.07.2022 15:00:00.000,155.656,155.717,154.057,154.606,199367.9962
22.07.2022 16:00:00.000,154.597,154.907,153.957,154.507,175908.0048
22.07.2022 17:00:00.000,154.507,154.517,153.396,153.996,159587.9974
22.07.2022 18:00:00.000,154.007,154.036,153.406,153.787,173136.0016
22.07.2022 19:00:00.000,153.787,154.497,153.556,154.047,184307.9987
25.07.2022 13:00:00.000,153.997,155.017,153.496,153.516,166703.9948
25.07.2022 14:00:00.000,153.537,153.927,152.436,153.087,287988.0066
25.07.2022 15:00:00.000,153.076,153.706,152.346,153.637,182555.9998
25.07.2022 16:00:00.000,153.626,154.067,153.246,153.707,149376.0071
25.07.2022 17:00:00.000,153.717,153.957,153.236,153.266,120599.9985
25.07.2022 18:00:00.000,153.277,153.317,152.466,152.597,132227.9968
25.07.2022 19:00:00.000,152.597,152.996,152.276,152.927,174324.0051
26.07.2022 13:00:00.000,152.217,153.077,151.526,152.146,142188.0035
26.07.2022 14:00:00.000,152.146,152.457,151.176,151.586,203796.0052
26.07.2022 15:00:00.000,151.586,151.667,150.847,150.977,164867.9962
26.07.2022 16:00:00.000,150.986,151.677,150.787,151.616,131723.999
26.07.2022 17:00:00.000,151.607,152.166,151.536,151.856,115475.9979
26.07.2022 18:00:00.000,151.856,152.467,151.327,151.577,128220.0012
26.07.2022 19:00:00.000,151.587,151.727,151.136,151.526,154296.0052
27.07.2022 13:00:00.000,152.537,154.787,152.156,154.366,139542.8009
27.07.2022 14:00:00.000,154.367,154.746,154.086,154.387,148583.9996
27.07.2022 15:00:00.000,154.396,154.567,153.566,154.147,112103.9963
27.07.2022 16:00:00.000,154.146,154.527,154.006,154.247,106164.0015
27.07.2022 17:00:00.000,154.236,154.577,154.156,154.356,84527.9999
27.07.2022 18:00:00.000,154.396,156.217,153.907,155.897,280415.9851
27.07.2022 19:00:00.000,155.916,157.327,155.707,156.617,201251.9989
28.07.2022 13:00:00.000,156.907,157.477,154.787,155.387,150227.9968
28.07.2022 14:00:00.000,155.397,155.927,154.406,155.896,243095.993
28.07.2022 15:00:00.000,155.896,157.076,155.866,156.887,171479.9957
28.07.2022 16:00:00.000,156.896,157.156,156.426,156.436,134412.0026
28.07.2022 17:00:00.000,156.437,157.627,156.146,157.346,134255.9967
28.07.2022 18:00:00.000,157.336,157.387,156.607,157.266,128772.0032
28.07.2022 19:00:00.000,157.257,157.587,156.497,157.106,148559.9976
29.07.2022 13:00:00.000,161.237,162.977,159.477,161.937,162108.0017
29.07.2022 14:00:00.000,161.937,163.617,161.596,162.396,231108.0017
29.07.2022 15:00:00.000,162.386,162.547,160.566,162.116,192132.0038
29.07.2022 16:00:00.000,162.127,162.627,161.716,162.547,130895.9961
29.07.2022 17:00:00.000,162.556,162.937,162.077,162.716,103080.0018
29.07.2022 18:00:00.000,162.736,163.107,162.516,162.627,103223.999
29.07.2022 19:00:00.000,162.626,163.127,162.406,162.406,131520.0043
01.08.2022 13:00:00.000,161.007,163.096,160.896,162.726,145992.0044
01.08.2022 14:00:00.000,162.726,163.577,162.176,163.197,217835.9985
01.08.2022 15:00:00.000,163.207,163.357,162.696,163.167,172272.0032
01.08.2022 16:00:00.000,163.177,163.227,161.937,162.097,152339.9963
01.08.2022 17:00:00.000,162.097,162.126,160.876,161.336,174863.9984
01.08.2022 18:00:00.000,161.337,162.237,160.976,162.167,174395.9961
01.08.2022 19:00:00.000,162.156,162.237,161.107,161.276,171852.005
02.08.2022 13:00:00.000,160.097,161.057,159.777,160.536,157194.7021
02.08.2022 14:00:00.000,160.537,161.716,159.617,161.227,254604.0039
02.08.2022 15:00:00.000,161.226,161.467,160.537,161.156,180143.9972
02.08.2022 16:00:00.000,161.146,162.407,161.086,162.187,154559.9976
02.08.2022 17:00:00.000,162.187,162.267,160.056,160.386,188832.0007
02.08.2022 18:00:00.000,160.386,161.287,160.236,160.626,185255.9967
02.08.2022 19:00:00.000,160.627,160.847,159.907,159.976,200027.9999
03.08.2022 13:00:00.000,160.886,163.307,160.816,163.217,158628.006
03.08.2022 14:00:00.000,163.216,164.417,162.816,164.017,219779.9988
03.08.2022 15:00:00.000,164.017,165.167,163.996,165.057,181895.9961
03.08.2022 16:00:00.000,165.066,166.027,164.446,165.856,154908.0048
03.08.2022 17:00:00.000,165.846,166.426,165.617,166.067,121800.0031
03.08.2022 18:00:00.000,166.066,166.547,165.996,166.127,113807.9987
03.08.2022 19:00:00.000,166.116,166.577,165.796,166.036,127260.0021
04.08.2022 13:00:00.000,165.997,167.177,165.697,166.207,153527.9999
04.08.2022 14:00:00.000,166.216,166.566,164.546,165.297,247572.0062
04.08.2022 15:00:00.000,165.307,165.477,164.417,165.376,198143.9972
04.08.2022 16:00:00.000,165.386,165.727,164.786,164.947,166895.9961
04.08.2022 17:00:00.000,164.946,165.556,164.937,165.256,127199.9969
04.08.2022 18:00:00.000,165.247,165.607,164.996,165.536,114624.0005
04.08.2022 19:00:00.000,165.537,166.047,165.256,165.797,119472.0001
05.08.2022 13:00:00.000,163.026,164.967,162.966,164.726,149268.0054
05.08.2022 14:00:00.000,164.717,165.837,164.476,164.736,211320.0073
05.08.2022 15:00:00.000,164.717,164.786,163.386,164.166,183119.9951
05.08.2022 16:00:00.000,164.176,165.006,164.086,164.907,155916.0004
05.08.2022 17:00:00.000,164.907,165.437,164.516,164.717,147912.0026
05.08.2022 18:00:00.000,164.726,164.987,164.367,164.646,138527.9999
05.08.2022 19:00:00.000,164.646,165.406,164.486,165.186,155772.0032
08.08.2022 13:00:00.000,166.297,167.766,166.026,167.457,123935.997
08.08.2022 14:00:00.000,167.437,167.787,166.436,166.576,173964.0045
08.08.2022 15:00:00.000,166.576,167.057,165.106,165.677,182292.0074
08.08.2022 16:00:00.000,165.667,165.746,164.546,165.037,200111.9995
08.08.2022 17:00:00.000,165.026,165.536,164.686,165.277,167136.0016
08.08.2022 18:00:00.000,165.276,165.297,164.186,164.566,188039.9933
08.08.2022 19:00:00.000,164.576,165.156,164.496,164.787,178511.9934
09.08.2022 13:00:00.000,163.797,164.797,163.746,163.886,155447.998
09.08.2022 14:00:00.000,163.897,164.977,163.757,164.497,233567.9932
09.08.2022 15:00:00.000,164.507,165.807,163.996,165.097,184511.9934
09.08.2022 16:00:00.000,165.087,165.306,164.446,164.976,165876.0071
09.08.2022 17:00:00.000,164.986,165.537,164.836,165.377,135167.9993
09.08.2022 18:00:00.000,165.377,165.587,164.856,165.127,141035.9955
09.08.2022 19:00:00.000,165.126,165.437,164.516,164.876,155772.0032
10.08.2022 13:00:00.000,167.397,168.607,167.397,168.436,164091.2476
10.08.2022 14:00:00.000,168.446,168.447,166.896,167.747,215220.0012
10.08.2022 15:00:00.000,167.746,168.237,167.546,168.146,151595.993
10.08.2022 16:00:00.000,168.147,168.287,167.646,168.066,124872.0016
10.08.2022 17:00:00.000,168.067,168.467,167.856,168.276,109655.9982
10.08.2022 18:00:00.000,168.267,168.737,168.186,168.447,88583.9996
10.08.2022 19:00:00.000,168.436,169.297,168.346,169.097,101699.9969
11.08.2022 13:00:00.000,169.946,170.537,169.626,170.236,120216.0034
11.08.2022 14:00:00.000,170.246,170.977,169.706,169.756,187500
11.08.2022 15:00:00.000,169.766,169.897,168.966,169.217,206591.9952
11.08.2022 16:00:00.000,169.217,169.747,168.876,169.596,164231.9946
11.08.2022 17:00:00.000,169.607,169.717,169.146,169.226,139643.9972
11.08.2022 18:00:00.000,169.216,169.227,168.386,168.766,158207.9926
11.08.2022 19:00:00.000,168.767,168.907,168.196,168.447,171371.994
12.08.2022 13:00:00.000,169.647,170.177,169.397,170.126,136776.001
12.08.2022 14:00:00.000,170.116,170.607,169.676,170.496,235475.9979
12.08.2022 15:00:00.000,170.486,171.087,170.416,170.917,155100.0061
12.08.2022 16:00:00.000,170.917,171.327,170.816,170.867,104195.9991
12.08.2022 17:00:00.000,170.867,171.507,170.797,171.257,73367.9962
12.08.2022 18:00:00.000,171.257,171.757,171.236,171.687,55835.9985
12.08.2022 19:00:00.000,171.676,172.086,171.646,172.017,83975.9979
15.08.2022 13:00:00.000,171.497,172.367,171.336,172.156,98304.0009
15.08.2022 14:00:00.000,172.167,172.446,171.656,171.817,133488.0066
15.08.2022 15:00:00.000,171.826,173.237,171.667,173.007,116208.0002
15.08.2022 16:00:00.000,173.016,173.287,172.736,173.097,101891.9983
15.08.2022 17:00:00.000,173.107,173.257,172.906,173.106,81947.998
15.08.2022 18:00:00.000,173.096,173.117,172.826,172.987,80867.9962
15.08.2022 19:00:00.000,172.987,173.377,172.916,173.097,74363.9984
16.08.2022 13:00:00.000,172.687,172.847,172.136,172.307,132227.9968
16.08.2022 14:00:00.000,172.316,172.597,171.656,172.357,179531.9977
16.08.2022 15:00:00.000,172.366,173.477,172.326,173.327,140167.9993
16.08.2022 16:00:00.000,173.326,173.366,172.566,172.817,111924.0036
16.08.2022 17:00:00.000,172.816,173.287,172.706,173.076,88559.9976
16.08.2022 18:00:00.000,173.077,173.697,171.826,172.386,145367.9962
16.08.2022 19:00:00.000,172.377,173.186,172.026,172.947,170376.0071
17.08.2022 13:00:00.000,172.767,174.297,172.567,174.157,133393.6005
17.08.2022 14:00:00.000,174.166,174.447,173.076,173.157,192744.0033
17.08.2022 15:00:00.000,173.177,173.977,173.066,173.327,164304.0009
17.08.2022 16:00:00.000,173.336,174.486,173.257,174.056,125435.997
17.08.2022 17:00:00.000,174.057,174.767,173.916,174.256,112463.9969
17.08.2022 18:00:00.000,174.246,176.137,174.096,175.317,233688.0035
17.08.2022 19:00:00.000,175.326,175.797,174.226,174.566,181307.9987
18.08.2022 13:00:00.000,173.687,174.547,173.216,173.396,128975.9979
18.08.2022 14:00:00.000,173.397,174.337,173.116,174.006,185328.0029
18.08.2022 15:00:00.000,174.006,174.697,173.566,174.346,145475.9979
18.08.2022 16:00:00.000,174.357,174.626,173.556,173.966,133559.9976
18.08.2022 17:00:00.000,173.956,174.527,173.776,174.306,113220.0012
18.08.2022 18:00:00.000,174.297,174.477,173.926,174.246,105491.9968
18.08.2022 19:00:00.000,174.237,174.886,173.896,174.117,120624.0005
19.08.2022 13:00:00.000,173.037,173.707,172.547,172.757,134880.0049
19.08.2022 14:00:00.000,172.756,173.077,171.716,171.826,172632.0038
19.08.2022 15:00:00.000,171.817,172.437,171.636,172.156,124080.0018
19.08.2022 16:00:00.000,172.157,172.927,171.856,172.736,105155.9982
19.08.2022 17:00:00.000,172.736,173.017,171.727,172.166,107363.9984
19.08.2022 18:00:00.000,172.177,172.256,171.747,171.837,93468.0023
19.08.2022 19:00:00.000,171.836,171.937,171.306,171.517,114083.9996
22.08.2022 13:00:00.000,169.427,169.837,168.477,168.946,143147.995
22.08.2022 14:00:00.000,168.937,169.297,168.056,168.056,184992.0044
22.08.2022 15:00:00.000,168.066,168.886,167.996,168.756,136427.9938
22.08.2022 16:00:00.000,168.766,169.037,168.566,168.917,100463.9969
22.08.2022 17:00:00.000,168.917,168.976,168.136,168.187,79578.0029
22.08.2022 18:00:00.000,168.197,168.337,167.396,167.607,74519.9966
22.08.2022 19:00:00.000,167.596,167.917,167.126,167.617,98626.4496
23.08.2022 13:00:00.000,167.077,168.397,167.077,167.987,150828.0029
23.08.2022 14:00:00.000,168.006,168.697,167.016,167.067,224759.9945
23.08.2022 15:00:00.000,167.066,167.817,166.637,167.807,182195.9991
23.08.2022 16:00:00.000,167.797,168.037,167.196,167.876,134136.0016
23.08.2022 17:00:00.000,167.876,168.157,167.297,167.566,146748.0011
23.08.2022 18:00:00.000,167.577,168.047,167.416,167.776,123972.0001
23.08.2022 19:00:00.000,167.777,168.007,166.836,167.157,137651.9928
24.08.2022 13:00:00.000,167.206,167.566,166.407,166.726,138324.0051
24.08.2022 14:00:00.000,166.717,167.267,166.346,166.647,192360.0006
24.08.2022 15:00:00.000,166.657,167.767,166.236,167.537,144492.0044
24.08.2022 16:00:00.000,167.526,167.967,167.147,167.357,112416.0004
24.08.2022 17:00:00.000,167.367,167.687,167.066,167.566,95748.0011
24.08.2022 18:00:00.000,167.576,167.826,167.316,167.756,81791.9998
24.08.2022 19:00:00.000,167.756,168.096,167.326,167.547,93300.0031
25.08.2022 13:00:00.000,168.657,169.747,168.647,169.566,137951.9958
25.08.2022 14:00:00.000,169.556,169.907,169.196,169.257,172307.9987
25.08.2022 15:00:00.000,169.267,169.267,168.446,169.037,145367.9962
25.08.2022 16:00:00.000,169.046,169.057,168.336,168.647,128891.9983
25.08.2022 17:00:00.000,168.647,169.407,168.527,169.206,98279.9988
25.08.2022 18:00:00.000,169.197,169.377,168.896,169.227,84552.002
25.08.2022 19:00:00.000,169.237,170.117,169.026,170.106,100008.0032
26.08.2022 13:00:00.000,170.457,170.537,169.736,170.277,133800.0031
26.08.2022 14:00:00.000,170.286,171.016,167.306,167.587,331283.9966
26.08.2022 15:00:00.000,167.576,167.657,166.366,166.837,219227.9968
26.08.2022 16:00:00.000,166.846,166.847,165.776,166.296,151223.999
26.08.2022 17:00:00.000,166.287,166.537,164.717,164.897,130583.9996
26.08.2022 18:00:00.000,164.896,165.047,164.527,164.677,112931.9992
26.08.2022 19:00:00.000,164.667,164.946,163.556,163.607,158279.9988
29.08.2022 13:00:00.000,160.997,162.727,160.617,161.806,151332.0007
29.08.2022 14:00:00.000,161.817,162.896,160.066,160.187,231444.0002
29.08.2022 15:00:00.000,160.187,161.287,159.826,161.197,192251.9989
29.08.2022 16:00:00.000,161.207,162.177,160.937,161.926,165048.0042
29.08.2022 17:00:00.000,161.936,162.606,161.577,162.076,157427.9938
29.08.2022 18:00:00.000,162.087,162.247,161.556,161.966,152052.002
29.08.2022 19:00:00.000,161.957,162.527,161.116,161.317,182147.995
30.08.2022 13:00:00.000,162.096,162.537,160.966,161.237,156912.0026
30.08.2022 14:00:00.000,161.246,161.477,158.216,159.147,249432.0068
30.08.2022 15:00:00.000,159.156,159.427,158.596,159.187,245207.9926
30.08.2022 16:00:00.000,159.187,159.647,158.307,158.776,182304.0009
30.08.2022 17:00:00.000,158.767,158.877,157.716,158.476,161796.0052
30.08.2022 18:00:00.000,158.486,158.807,158.166,158.447,182039.9933
30.08.2022 19:00:00.000,158.447,159.417,158.116,158.896,212759.9945
31.08.2022 13:00:00.000,160.246,160.557,158.857,160.107,162132.0038
31.08.2022 14:00:00.000,160.126,160.197,158.866,159.036,278243.988
31.08.2022 15:00:00.000,159.027,159.757,158.396,159.587,223139.9994
31.08.2022 16:00:00.000,159.596,159.697,158.716,159.036,165287.9944
31.08.2022 17:00:00.000,159.026,159.337,158.246,158.477,146003.9978
31.08.2022 18:00:00.000,158.486,158.727,157.686,157.917,154932.0068
31.08.2022 19:00:00.000,157.927,159.197,157.116,157.126,212591.9952
01.09.2022 13:00:00.000,156.617,157.476,155.896,157.356,155423.996
01.09.2022 14:00:00.000,157.347,157.627,155.756,155.757,243227.9968
01.09.2022 15:00:00.000,155.736,156.397,155.166,155.506,216119.9951
01.09.2022 16:00:00.000,155.497,156.017,154.666,154.956,179867.9962
01.09.2022 17:00:00.000,154.966,155.977,154.816,155.867,169632.0038
01.09.2022 18:00:00.000,155.877,157.407,155.777,156.836,222179.9927
01.09.2022 19:00:00.000,156.846,158.356,156.707,157.887,222335.9985
02.09.2022 13:00:00.000,159.736,159.976,159.126,159.307,153432.0068
02.09.2022 14:00:00.000,159.307,160.357,158.646,159.437,232871.994
02.09.2022 15:00:00.000,159.447,160.097,159.307,159.766,204527.9999
02.09.2022 16:00:00.000,159.777,159.887,157.186,157.707,236279.9988
02.09.2022 17:00:00.000,157.707,157.707,155.646,155.677,248460.0067
02.09.2022 18:00:00.000,155.666,156.547,155.647,155.956,212003.9978
02.09.2022 19:00:00.000,155.946,156.497,154.956,155.546,209664.0015
06.09.2022 13:00:00.000,156.376,157.067,155.046,155.197,157475.9979
06.09.2022 14:00:00.000,155.196,156.396,153.696,156.106,279671.9971
06.09.2022 15:00:00.000,156.107,156.516,155.476,156.066,251388.0005
06.09.2022 16:00:00.000,156.067,156.257,154.636,155.196,214608.0017
06.09.2022 17:00:00.000,155.196,155.247,153.897,154.486,204311.9965
06.09.2022 18:00:00.000,154.496,155.097,154.196,154.327,218039.9933
06.09.2022 19:00:00.000,154.316,155.076,153.976,154.507,236544.0063
07.09.2022 13:00:00.000,154.787,155.886,154.696,155.297,148703.9948
07.09.2022 14:00:00.000,155.296,155.446,153.596,154.107,255768.0054
07.09.2022 15:00:00.000,154.097,155.237,153.897,154.737,186552.002
07.09.2022 16:00:00.000,154.747,155.317,154.217,154.857,172811.9965
07.09.2022 17:00:00.000,154.836,155.697,154.537,155.526,164268.0054
07.09.2022 18:00:00.000,155.526,156.207,154.736,155.726,177527.9999
07.09.2022 19:00:00.000,155.737,156.647,155.646,155.896,184800.0031
08.09.2022 13:00:00.000,154.437,155.827,154.356,155.376,174744.0033
08.09.2022 14:00:00.000,155.387,155.787,154.356,155.767,264876.0071
08.09.2022 15:00:00.000,155.757,156.346,155.366,155.516,184572.0062
08.09.2022 16:00:00.000,155.526,155.667,152.666,153.187,257723.999
08.09.2022 17:00:00.000,153.176,154.107,152.686,153.536,208391.9983
08.09.2022 18:00:00.000,153.547,154.376,153.376,153.806,204083.9996
08.09.2022 19:00:00.000,153.776,154.447,153.476,154.437,186996.0022
09.09.2022 13:00:00.000,155.377,156.057,154.746,156.056,136259.9945
09.09.2022 14:00:00.000,156.047,156.827,155.896,156.637,201360.0006
09.09.2022 15:00:00.000,156.647,157.166,156.456,156.847,182783.9966
09.09.2022 16:00:00.000,156.847,156.926,156.076,156.847,179820.0073
09.09.2022 17:00:00.000,156.847,157.317,156.696,157.077,96323.9975
09.09.2022 18:00:00.000,157.067,157.506,156.766,157.157,105059.9976
09.09.2022 19:00:00.000,157.157,157.796,157.046,157.336,110975.9979
12.09.2022 13:00:00.000,159.587,161.667,159.356,161.597,120323.9975
12.09.2022 14:00:00.000,161.617,162.027,161.196,161.376,186227.9968
12.09.2022 15:00:00.000,161.396,162.876,161.207,161.877,191472.0001
12.09.2022 16:00:00.000,161.886,163.127,161.717,163.076,186024.0021
12.09.2022 17:00:00.000,163.077,164.246,162.736,164.126,150779.9988
12.09.2022 18:00:00.000,164.116,164.167,163.266,163.566,159048.0042
12.09.2022 19:00:00.000,163.557,163.957,163.066,163.397,144720.0012
13.09.2022 13:00:00.000,159.976,160.526,158.246,158.247,165503.9978
13.09.2022 14:00:00.000,158.246,158.357,156.826,157.217,255983.9935
13.09.2022 15:00:00.000,157.216,157.257,156.236,156.316,204876.0071
13.09.2022 16:00:00.000,156.307,156.747,156.136,156.296,162779.9988
13.09.2022 17:00:00.000,156.266,156.656,155.756,155.776,167615.9973
13.09.2022 18:00:00.000,155.777,155.866,154.586,154.787,155100.0061
13.09.2022 19:00:00.000,154.786,154.877,153.376,153.896,195768.0054
14.09.2022 13:00:00.000,154.806,156.176,154.026,156.037,162072.0062
14.09.2022 14:00:00.000,156.047,156.586,154.876,156.557,279480.011
14.09.2022 15:00:00.000,156.546,157.087,155.706,155.786,225264.0076
14.09.2022 16:00:00.000,155.787,155.857,154.926,155.137,172128.006
14.09.2022 17:00:00.000,155.127,155.287,154.146,154.327,168035.9955
14.09.2022 18:00:00.000,154.306,154.627,153.876,154.106,193356.0028
14.09.2022 19:00:00.000,154.116,155.567,153.606,155.307,224352.005
15.09.2022 13:00:00.000,154.636,155.226,154.086,154.856,153516.0065
15.09.2022 14:00:00.000,154.866,155.197,151.776,152.056,258671.9971
15.09.2022 15:00:00.000,152.046,153.077,151.906,152.637,218279.9988
15.09.2022 16:00:00.000,152.627,153.237,152.256,153.227,181632.0038
15.09.2022 17:00:00.000,153.227,154.287,153.196,153.417,181992.0044
15.09.2022 18:00:00.000,153.416,153.446,152.296,152.376,175944.0002
15.09.2022 19:00:00.000,152.376,152.667,151.376,152.347,203604.0039
16.09.2022 13:00:00.000,151.187,151.277,148.357,148.447,157679.9927
16.09.2022 14:00:00.000,148.477,150.517,148.456,148.977,287399.9939
16.09.2022 15:00:00.000,148.986,149.947,148.726,149.847,246371.994
16.09.2022 16:00:00.000,149.856,149.897,148.656,149.397,191039.9933
16.09.2022 17:00:00.000,149.386,149.887,149.007,149.317,168360.0006
16.09.2022 18:00:00.000,149.316,150.796,149.246,150.497,183479.9957
16.09.2022 19:00:00.000,150.486,151.346,150.246,150.457,237947.998
19.09.2022 13:00:00.000,149.217,151.106,149.056,151.096,143904.007
19.09.2022 14:00:00.000,151.097,152.387,150.556,152.077,239651.9928
19.09.2022 15:00:00.000,152.087,152.827,151.726,151.926,193248.0011
19.09.2022 16:00:00.000,151.927,153.317,151.406,153.147,178272.0032
19.09.2022 17:00:00.000,153.156,153.437,152.686,152.946,162695.9991
19.09.2022 18:00:00.000,152.946,153.176,152.596,153.087,170507.9956
19.09.2022 19:00:00.000,153.097,154.547,153.086,154.486,181751.9989
20.09.2022 13:00:00.000,153.287,154.857,153.086,154.757,153455.9937
20.09.2022 14:00:00.000,154.747,155.437,154.116,155.396,257868.0115
20.09.2022 15:00:00.000,155.387,157.867,155.207,157.806,207408.0048
20.09.2022 16:00:00.000,157.816,158.067,156.616,157.046,169955.9937
20.09.2022 17:00:00.000,157.026,157.097,155.387,155.606,168167.9993
20.09.2022 18:00:00.000,155.576,156.577,155.516,156.416,179880.0049
20.09.2022 19:00:00.000,156.416,157.717,156.196,156.937,210287.9944
21.09.2022 13:00:00.000,157.126,158.377,156.507,157.017,136979.9957
21.09.2022 14:00:00.000,157.007,157.407,156.306,156.446,217848.0072
21.09.2022 15:00:00.000,156.457,156.517,155.926,156.287,175932.0068
21.09.2022 16:00:00.000,156.277,157.357,156.146,157.086,133968.0023
21.09.2022 17:00:00.000,157.086,158.037,156.956,157.737,110555.9998
21.09.2022 18:00:00.000,157.736,158.687,154.387,158.316,442295.99
21.09.2022 19:00:00.000,158.317,158.587,153.586,153.656,377687.9883
22.09.2022 13:00:00.000,152.297,153.517,151.646,152.116,170436.0046
22.09.2022 14:00:00.000,152.106,153.077,151.706,151.746,297119.9951
22.09.2022 15:00:00.000,151.737,152.237,150.897,151.816,239651.9928
22.09.2022 16:00:00.000,151.826,152.897,151.506,152.557,240167.9993
22.09.2022 17:00:00.000,152.547,152.937,151.876,152.686,195527.9999
22.09.2022 18:00:00.000,152.677,152.867,151.956,152.806,214860.0006
22.09.2022 19:00:00.000,152.816,154.386,152.586,152.626,261108.0017
23.09.2022 13:00:00.000,151.186,151.447,149.856,150.017,155399.9939
23.09.2022 14:00:00.000,150.007,150.487,149.306,149.957,269279.9988
23.09.2022 15:00:00.000,149.956,150.637,149.747,150.237,227591.9952
23.09.2022 16:00:00.000,150.227,150.357,149.406,150.156,199440.0024
23.09.2022 17:00:00.000,150.156,150.307,149.446,149.696,191867.9962
23.09.2022 18:00:00.000,149.697,149.967,148.556,148.687,214272.0032
23.09.2022 19:00:00.000,148.676,150.637,148.657,150.456,270156.0059
26.09.2022 13:00:00.000,149.427,152.727,149.427,152.677,160067.9932
26.09.2022 14:00:00.000,152.676,153.757,152.296,152.516,278735.9924
26.09.2022 15:00:00.000,152.516,152.827,150.916,151.887,274895.9961
26.09.2022 16:00:00.000,151.896,152.077,150.526,151.367,235871.994
26.09.2022 17:00:00.000,151.347,151.427,150.036,150.096,221399.9939
26.09.2022 18:00:00.000,150.097,151.687,150.036,151.516,245891.9983
26.09.2022 19:00:00.000,151.516,151.987,150.586,150.837,280019.989
27.09.2022 13:00:00.000,152.686,154.677,152.626,153.907,162360.0006
27.09.2022 14:00:00.000,153.907,154.007,152.496,153.437,303791.9922
27.09.2022 15:00:00.000,153.446,153.557,151.516,151.567,255000
27.09.2022 16:00:00.000,151.576,151.807,149.936,151.697,254483.9935
27.09.2022 17:00:00.000,151.686,151.687,150.707,151.066,234479.9957
27.09.2022 18:00:00.000,151.076,152.437,150.856,152.017,221195.9991
27.09.2022 19:00:00.000,152.007,152.077,151.016,151.677,255828.0029
28.09.2022 13:00:00.000,147.537,148.327,144.826,145.776,194412.0026
28.09.2022 14:00:00.000,145.787,147.416,145.156,146.217,299652.0081
28.09.2022 15:00:00.000,146.216,147.407,146.056,147.356,235871.994
28.09.2022 16:00:00.000,147.366,147.747,146.916,147.746,192035.9955
28.09.2022 17:00:00.000,147.757,148.347,147.196,147.377,174755.9967
28.09.2022 18:00:00.000,147.386,149.077,147.346,148.786,160104.0039
28.09.2022 19:00:00.000,148.777,150.637,148.726,149.786,198516.0065
29.09.2022 13:00:00.000,145.896,146.686,143.717,144.086,165539.9933
29.09.2022 14:00:00.000,144.077,144.267,142.707,143.197,282660.0037
29.09.2022 15:00:00.000,143.187,143.857,142.336,143.577,202445.9991
29.09.2022 16:00:00.000,143.577,143.926,142.116,142.136,162746.994
29.09.2022 17:00:00.000,142.126,142.717,141.437,141.476,140399.9939
29.09.2022 18:00:00.000,141.467,141.647,140.666,140.726,146007.0038
29.09.2022 19:00:00.000,140.737,142.566,140.716,142.506,179468.9941
30.09.2022 13:00:00.000,141.127,142.617,140.597,142.107,160514.9994
30.09.2022 14:00:00.000,142.127,142.877,141.356,142.266,306420.0134
30.09.2022 15:00:00.000,142.277,143.086,141.017,141.317,242447.998
30.09.2022 16:00:00.000,141.316,141.747,140.846,141.177,212111.9995
30.09.2022 17:00:00.000,141.156,141.286,140.166,140.356,184427.9938
30.09.2022 18:00:00.000,140.347,140.837,139.606,139.697,211656.0059
30.09.2022 19:00:00.000,139.697,140.317,137.997,137.997,268536.0107
03.10.2022 13:00:00.000,138.187,139.417,137.667,139.377,137927.9938
03.10.2022 14:00:00.000,139.427,141.576,139.387,141.217,261444.0002
03.10.2022 15:00:00.000,141.206,141.557,140.067,140.826,194940.0024
03.10.2022 16:00:00.000,140.816,141.417,140.796,141.406,179363.9984
03.10.2022 17:00:00.000,141.396,142.227,141.366,142.087,162731.9946
03.10.2022 18:00:00.000,142.097,143.057,142.056,142.887,152916.0004
03.10.2022 19:00:00.000,142.896,143.057,142.206,142.487,137376.0071
04.10.2022 13:00:00.000,145.007,145.337,144.476,145.066,148416.0004
04.10.2022 14:00:00.000,145.066,146.206,145.036,145.746,247944.0002
04.10.2022 15:00:00.000,145.747,145.777,144.966,145.277,161363.9984
04.10.2022 16:00:00.000,145.266,145.657,144.836,144.856,149759.9945
04.10.2022 17:00:00.000,144.847,145.517,144.246,145.237,177011.9934
04.10.2022 18:00:00.000,145.246,146.077,145.036,145.857,195335.9985
04.10.2022 19:00:00.000,145.847,146.156,145.096,145.917,224735.9924
05.10.2022 13:00:00.000,144.016,145.317,143.797,145.187,153335.9985
05.10.2022 14:00:00.000,145.177,145.277,143.007,143.586,280283.9966
05.10.2022 15:00:00.000,143.587,144.467,143.527,144.376,221184.0057
05.10.2022 16:00:00.000,144.377,145.897,143.996,145.427,207371.994
05.10.2022 17:00:00.000,145.437,146.246,145.307,145.326,188352.005
05.10.2022 18:00:00.000,145.326,146.446,145.266,146.407,185520.0043
05.10.2022 19:00:00.000,146.407,147.366,145.856,146.297,217992.0044
06.10.2022 13:00:00.000,145.796,147.527,145.796,146.707,156287.9944
06.10.2022 14:00:00.000,146.726,146.747,145.596,146.606,292127.9907
06.10.2022 15:00:00.000,146.617,146.927,145.706,145.876,249923.996
06.10.2022 16:00:00.000,145.867,146.467,145.556,146.246,210863.9984
06.10.2022 17:00:00.000,146.257,146.527,145.926,146.417,179748.0011
06.10.2022 18:00:00.000,146.426,146.427,145.286,145.676,195912.0026
06.10.2022 19:00:00.000,145.687,146.037,145.216,145.446,233412.0026
07.10.2022 13:00:00.000,142.486,143.077,141.377,141.527,163007.9956
07.10.2022 14:00:00.000,141.517,141.837,140.877,141.317,271872.0093
07.10.2022 15:00:00.000,141.316,141.627,140.786,141.117,227807.9987
07.10.2022 16:00:00.000,141.107,141.357,140.176,140.286,164843.9941
07.10.2022 17:00:00.000,140.296,140.587,139.937,140.127,122772.0032
07.10.2022 18:00:00.000,140.127,140.557,139.916,140.166,138563.9954
07.10.2022 19:00:00.000,140.166,140.517,139.436,140.047,176171.9971
10.10.2022 13:00:00.000,140.357,140.616,138.646,138.766,160800.0031
10.10.2022 14:00:00.000,138.777,140.446,138.566,139.576,251820.0073
10.10.2022 15:00:00.000,139.567,140.806,139.226,140.447,224052.002
10.10.2022 16:00:00.000,140.457,140.516,139.556,139.577,181727.9968
10.10.2022 17:00:00.000,139.566,141.877,139.046,141.256,209363.9984
10.10.2022 18:00:00.000,141.257,141.387,140.406,140.767,207768.0054
10.10.2022 19:00:00.000,140.777,141.526,140.016,140.317,236255.9967
11.10.2022 13:00:00.000,139.777,140.047,138.837,138.876,155123.9929
11.10.2022 14:00:00.000,138.876,139.817,138.366,139.056,265308.0139
11.10.2022 15:00:00.000,139.076,140.747,139.016,140.387,250595.993
11.10.2022 16:00:00.000,140.397,141.337,140.026,140.766,197796.0052
11.10.2022 17:00:00.000,140.766,140.927,139.816,140.426,208380.0049
11.10.2022 18:00:00.000,140.427,140.537,138.516,138.637,229307.9987
11.10.2022 19:00:00.000,138.626,139.237,138.206,138.857,276779.9988
12.10.2022 13:00:00.000,138.997,140.347,138.646,139.877,162360.0006
12.10.2022 14:00:00.000,139.907,140.187,138.827,139.416,292032.0129
12.10.2022 15:00:00.000,139.437,140.127,139.036,139.977,243899.9939
12.10.2022 16:00:00.000,139.987,140.077,138.936,139.456,195083.9996
12.10.2022 17:00:00.000,139.446,139.597,138.366,138.496,154067.9932
12.10.2022 18:00:00.000,138.506,139.347,138.247,138.496,285899.9939
12.10.2022 19:00:00.000,138.486,138.787,138.146,138.276,209460.0067
13.10.2022 13:00:00.000,134.806,136.377,134.357,136.237,188783.9966
13.10.2022 14:00:00.000,136.247,136.877,135.607,136.257,323424.0112
13.10.2022 15:00:00.000,136.247,142.577,135.976,140.916,375119.9951
13.10.2022 16:00:00.000,140.926,141.357,140.056,140.556,264264.0076
13.10.2022 17:00:00.000,140.567,142.357,140.566,141.797,217619.9951
13.10.2022 18:00:00.000,141.777,142.977,140.897,142.806,216804.0009
13.10.2022 19:00:00.000,142.817,143.546,142.056,142.926,237707.9926
14.10.2022 13:00:00.000,144.247,144.497,141.376,142.107,196727.9968
14.10.2022 14:00:00.000,142.106,142.117,139.496,140.317,337739.9902
14.10.2022 15:00:00.000,140.326,140.926,139.226,139.617,249276.001
14.10.2022 16:00:00.000,139.626,140.187,138.996,139.127,234899.9939
14.10.2022 17:00:00.000,139.147,139.627,138.926,139.486,188988.0066
14.10.2022 18:00:00.000,139.487,139.487,138.386,138.796,186059.9976
14.10.2022 19:00:00.000,138.796,139.157,138.177,138.336,220212.0056
17.10.2022 13:00:00.000,141.007,142.666,140.807,141.987,148164.0015
17.10.2022 14:00:00.000,141.986,142.207,140.697,140.967,254171.9971
17.10.2022 15:00:00.000,140.966,141.877,140.256,141.666,187608.0017
17.10.2022 16:00:00.000,141.656,141.917,141.187,141.807,176904.007
17.10.2022 17:00:00.000,141.816,142.576,141.676,142.346,148488.0066
17.10.2022 18:00:00.000,142.356,142.817,142.156,142.667,144576.004
17.10.2022 19:00:00.000,142.656,142.876,142.126,142.316,167520.0043
18.10.2022 13:00:00.000,145.246,146.677,145.246,145.557,165419.9982
18.10.2022 14:00:00.000,145.546,145.947,144.826,145.067,268368.0115
18.10.2022 15:00:00.000,145.077,145.167,143.546,143.737,102611.9995
18.10.2022 16:00:00.000,143.976,145.286,143.586,144.716,216888.0005
18.10.2022 17:00:00.000,144.706,145.606,144.146,145.317,218436.0046
18.10.2022 18:00:00.000,145.306,145.387,140.606,142.466,244212.0056
18.10.2022 19:00:00.000,142.466,143.877,141.526,143.706,273779.9988
19.10.2022 13:00:00.000,141.447,144.107,141.447,143.416,147419.9982
19.10.2022 14:00:00.000,143.397,144.936,143.147,143.587,256380.0049
19.10.2022 15:00:00.000,143.577,144.327,143.216,143.916,229332.0007
19.10.2022 16:00:00.000,143.906,143.967,142.837,143.047,203363.9984
19.10.2022 17:00:00.000,143.037,143.137,142.166,142.786,219623.9929
19.10.2022 18:00:00.000,142.797,143.567,142.606,142.947,184464.0045
19.10.2022 19:00:00.000,142.946,143.947,142.816,143.837,224100.0061
20.10.2022 13:00:00.000,142.886,145.287,142.886,144.616,156647.995
20.10.2022 14:00:00.000,144.636,145.877,144.556,145.677,235871.994
20.10.2022 15:00:00.000,145.697,145.817,144.816,145.357,191964.0045
20.10.2022 16:00:00.000,145.366,145.397,144.236,144.617,206255.9967
20.10.2022 17:00:00.000,144.617,144.677,143.316,143.556,207216.0034
20.10.2022 18:00:00.000,143.547,143.627,142.636,143.296,192611.9995
20.10.2022 19:00:00.000,143.286,143.766,142.996,143.307,217031.9977
21.10.2022 13:00:00.000,142.897,144.877,142.636,144.867,202128.006
21.10.2022 14:00:00.000,144.877,145.327,144.006,144.096,323063.9954
21.10.2022 15:00:00.000,144.086,145.576,143.547,145.576,301428.009
21.10.2022 16:00:00.000,145.587,146.087,145.006,145.767,254003.9978
21.10.2022 17:00:00.000,145.757,146.277,145.636,146.237,185604.0039
21.10.2022 18:00:00.000,146.227,146.637,145.926,146.637,171408.0048
21.10.2022 19:00:00.000,146.657,147.837,146.596,147.286,139188.0035
24.10.2022 13:00:00.000,147.107,148.307,146.246,148.267,176279.9988
24.10.2022 14:00:00.000,148.277,148.317,145.987,147.676,314256.012
24.10.2022 15:00:00.000,147.686,148.487,147.387,148.456,248964.0045
24.10.2022 16:00:00.000,148.466,148.797,148.176,148.476,191927.9938
24.10.2022 17:00:00.000,148.487,148.687,147.896,148.546,184128.006
24.10.2022 18:00:00.000,148.557,149.856,148.486,149.766,143315.9943
24.10.2022 19:00:00.000,149.777,150.216,149.126,149.366,151007.9956
25.10.2022 13:00:00.000,149.967,151.417,149.357,151.337,151559.9976
25.10.2022 14:00:00.000,151.357,151.477,150.626,150.907,246828.0029
25.10.2022 15:00:00.000,150.916,151.857,150.796,151.667,162503.9978
25.10.2022 16:00:00.000,151.676,151.867,151.456,151.547,135623.9929
25.10.2022 17:00:00.000,151.546,151.737,151.136,151.426,175595.993
25.10.2022 18:00:00.000,151.426,152.207,151.406,151.787,112068.0008
25.10.2022 19:00:00.000,151.776,152.457,151.766,152.257,140807.9987
26.10.2022 13:00:00.000,150.917,151.296,149.516,149.606,167628.006
26.10.2022 14:00:00.000,149.606,150.947,149.606,150.477,270984.0088
26.10.2022 15:00:00.000,150.477,151.877,150.477,151.546,186996.0022
26.10.2022 16:00:00.000,151.547,151.977,150.496,150.546,166955.9937
26.10.2022 17:00:00.000,150.547,150.547,148.866,149.446,200639.9994
26.10.2022 18:00:00.000,149.427,149.507,148.036,148.786,169679.9927
26.10.2022 19:00:00.000,148.766,149.387,148.476,149.327,181727.9968
27.10.2022 13:00:00.000,148.006,149.037,145.536,146.306,168983.9935
27.10.2022 14:00:00.000,146.307,148.286,146.156,146.516,278951.9958
27.10.2022 15:00:00.000,146.507,147.256,145.796,146.136,260940.0024
27.10.2022 16:00:00.000,146.127,146.676,145.176,145.276,189660.0037
27.10.2022 17:00:00.000,145.286,145.797,144.556,144.657,167447.998
27.10.2022 18:00:00.000,144.647,144.746,144.116,144.507,141192.0013
27.10.2022 19:00:00.000,144.487,145.367,144.266,144.846,180671.9971
28.10.2022 13:00:00.000,148.126,151.897,147.846,151.256,173447.998
28.10.2022 14:00:00.000,151.307,156.017,151.286,155.717,309395.9961
28.10.2022 15:00:00.000,155.717,156.467,154.947,155.066,214595.993
28.10.2022 16:00:00.000,155.057,156.977,154.747,156.736,165587.9974
28.10.2022 17:00:00.000,156.746,157.487,156.397,156.437,135623.9929
28.10.2022 18:00:00.000,156.417,156.577,155.606,156.116,134087.9974
28.10.2022 19:00:00.000,156.117,156.237,155.357,155.686,144936.0046
31.10.2022 13:00:00.000,153.127,154.047,152.326,153.007,172283.9966
31.10.2022 14:00:00.000,152.997,153.377,151.927,152.667,241559.9976
31.10.2022 15:00:00.000,152.677,153.986,152.556,153.247,216167.9993
31.10.2022 16:00:00.000,153.266,154.137,152.996,153.566,208416.0004
31.10.2022 17:00:00.000,153.577,154.097,153.356,153.717,169511.9934
31.10.2022 18:00:00.000,153.717,154.227,153.276,153.566,193848.0072
31.10.2022 19:00:00.000,153.597,153.627,152.766,153.376,210899.9939
01.11.2022 13:00:00.000,155.176,155.396,152.666,152.856,167699.9969
01.11.2022 14:00:00.000,152.857,152.956,149.636,150.047,300503.9978
01.11.2022 15:00:00.000,150.037,150.297,149.116,150.046,220811.9965
01.11.2022 16:00:00.000,150.016,150.486,149.597,150.046,210059.9976
01.11.2022 17:00:00.000,150.047,150.367,149.606,150.096,161279.9988
01.11.2022 18:00:00.000,150.096,151.077,149.956,150.956,152723.999
01.11.2022 19:00:00.000,150.936,151.037,150.416,150.636,178667.9993
02.11.2022 13:00:00.000,148.837,150.337,148.656,148.686,157992.0044
02.11.2022 14:00:00.000,148.667,149.627,148.667,149.286,199067.9932
02.11.2022 15:00:00.000,149.297,149.436,148.317,148.917,165311.9965
02.11.2022 16:00:00.000,148.917,149.247,148.176,149.196,134820.0073
02.11.2022 17:00:00.000,149.197,149.647,148.686,148.967,112860.0006
02.11.2022 18:00:00.000,148.967,152.137,147.346,147.817,437627.9907
02.11.2022 19:00:00.000,147.817,148.817,144.986,144.987,343260.0098
03.11.2022 13:00:00.000,142.027,142.787,139.367,139.656,175751.9989
03.11.2022 14:00:00.000,139.706,141.306,139.646,141.036,309407.9895
03.11.2022 15:00:00.000,141.036,141.117,139.256,139.466,235740.0055
03.11.2022 16:00:00.000,139.466,140.767,139.266,140.626,189923.996
03.11.2022 17:00:00.000,140.626,140.776,139.516,139.517,144815.9943
03.11.2022 18:00:00.000,139.526,140.336,139.077,140.226,146472.0001
03.11.2022 19:00:00.000,140.227,140.317,138.766,138.826,167748.0011
04.11.2022 13:00:00.000,142.076,142.626,136.566,138.897,184427.9938
04.11.2022 14:00:00.000,138.897,140.167,137.757,138.186,310955.9937
04.11.2022 15:00:00.000,138.197,138.286,134.896,135.026,260424.0112
04.11.2022 16:00:00.000,135.016,136.537,134.476,134.797,254723.999
04.11.2022 17:00:00.000,134.797,135.637,134.446,134.856,217356.0028
04.11.2022 18:00:00.000,134.866,136.857,134.376,136.747,199776.001
04.11.2022 19:00:00.000,136.746,138.477,136.607,138.357,216707.9926
07.11.2022 14:00:00.000,137.107,138.156,135.666,136.256,157548.0042
07.11.2022 15:00:00.000,136.266,137.557,136.066,136.987,235824.0051
07.11.2022 16:00:00.000,136.987,137.806,136.366,136.407,195960.0067
07.11.2022 17:00:00.000,136.397,137.617,136.236,137.296,143076.004
07.11.2022 18:00:00.000,137.287,137.637,136.836,137.347,120323.9975
07.11.2022 19:00:00.000,137.347,138.827,137.346,138.157,122388.0005
07.11.2022 20:00:00.000,138.166,139.137,137.706,138.897,150720.0012
08.11.2022 14:00:00.000,140.327,140.327,138.447,139.236,116232.0023
08.11.2022 15:00:00.000,139.187,139.507,138.036,139.487,177179.9927
08.11.2022 16:00:00.000,139.487,140.877,139.196,140.867,117863.9984
08.11.2022 17:00:00.000,140.876,141.307,140.376,141.097,114024.0021
08.11.2022 18:00:00.000,141.107,141.416,138.486,138.756,161207.9926
08.11.2022 19:00:00.000,138.747,139.147,137.476,138.606,195623.9929
08.11.2022 20:00:00.000,138.607,140.627,138.536,139.496,183468.0023
09.11.2022 14:00:00.000,138.417,138.427,136.996,137.247,138479.9957
09.11.2022 15:00:00.000,137.246,137.957,136.136,136.497,223992.0044
09.11.2022 16:00:00.000,136.506,137.387,136.406,136.606,172175.9949
09.11.2022 17:00:00.000,136.607,136.697,136.117,136.347,133632.0038
09.11.2022 18:00:00.000,136.337,136.557,134.996,135.197,163979.9957
09.11.2022 19:00:00.000,135.207,135.526,134.696,134.767,141179.9927
09.11.2022 20:00:00.000,134.767,135.457,134.576,134.837,167220.0012
10.11.2022 14:00:00.000,141.276,143.297,140.367,143.297,164520.0043
10.11.2022 15:00:00.000,143.286,143.666,142.507,143.196,276455.9937
10.11.2022 16:00:00.000,143.206,143.407,142.146,143.107,184932.0068
10.11.2022 17:00:00.000,143.097,143.627,142.716,142.826,149759.9945
10.11.2022 18:00:00.000,142.827,143.987,142.827,143.857,145860.0006
10.11.2022 19:00:00.000,143.856,144.606,143.816,144.527,110903.9993
10.11.2022 20:00:00.000,144.526,146.807,144.407,146.676,158916.0004
11.11.2022 14:00:00.000,145.806,146.447,144.366,145.356,159444.0002
11.11.2022 15:00:00.000,145.307,148.557,144.696,148.106,254796.0052
11.11.2022 16:00:00.000,148.107,148.727,146.416,147.357,208272.0032
11.11.2022 17:00:00.000,147.367,148.487,147.156,148.246,142800.0031
11.11.2022 18:00:00.000,148.237,149.727,148.216,149.596,120779.9988
11.11.2022 19:00:00.000,149.577,149.987,149.436,149.966,124583.9996
11.11.2022 20:00:00.000,149.966,149.987,148.757,149.626,161255.9967
14.11.2022 14:00:00.000,149.006,149.446,147.416,147.887,143904.007
14.11.2022 15:00:00.000,147.897,148.637,147.696,148.227,225671.9971
14.11.2022 16:00:00.000,148.227,148.537,147.527,148.407,189516.0065
14.11.2022 17:00:00.000,148.417,149.257,148.266,148.826,162432.0068
14.11.2022 18:00:00.000,148.837,150.187,148.696,150.166,118080.0018
14.11.2022 19:00:00.000,150.167,150.266,149.496,149.526,130296.0052
14.11.2022 20:00:00.000,149.537,150.147,148.066,148.316,182675.9949
15.11.2022 14:00:00.000,152.157,153.196,151.666,152.617,158604.0039
15.11.2022 15:00:00.000,152.616,153.566,152.097,152.477,235139.9994
15.11.2022 16:00:00.000,152.477,153.017,151.776,152.716,210048.0042
15.11.2022 17:00:00.000,152.717,152.757,151.196,151.406,153108.0017
15.11.2022 18:00:00.000,151.427,151.677,148.677,149.477,276864.0137
15.11.2022 19:00:00.000,149.476,150.726,148.546,150.466,283944.0002
15.11.2022 20:00:00.000,150.476,150.876,149.626,150.027,208548.0042
16.11.2022 14:00:00.000,148.897,149.847,147.947,148.257,126180.0003
16.11.2022 15:00:00.000,148.257,148.877,147.277,147.727,211895.9961
16.11.2022 16:00:00.000,147.726,148.747,147.656,148.406,143388.0005
16.11.2022 17:00:00.000,148.417,149.437,148.176,148.717,149544.0063
16.11.2022 18:00:00.000,148.716,149.297,148.497,148.596,124632.0038
16.11.2022 19:00:00.000,148.587,149.057,148.276,149.027,115211.998
16.11.2022 20:00:00.000,149.027,149.237,148.336,148.777,151764.0076
17.11.2022 14:00:00.000,146.396,148.017,146.196,147.476,123036.0031
17.11.2022 15:00:00.000,147.477,148.797,147.297,148.116,196608.0017
17.11.2022 16:00:00.000,148.127,150.047,148.086,149.947,154559.9976
17.11.2022 17:00:00.000,149.956,151.337,149.587,151.137,157128.006
17.11.2022 18:00:00.000,151.137,151.467,150.766,151.076,128651.9928
17.11.2022 19:00:00.000,151.066,151.156,149.506,150.196,151151.9928
17.11.2022 20:00:00.000,150.196,150.826,149.506,150.717,190656.0059
18.11.2022 14:00:00.000,152.317,152.367,150.756,151.437,135503.9978
18.11.2022 15:00:00.000,151.456,151.506,149.936,150.967,218472.0001
18.11.2022 16:00:00.000,150.977,151.967,150.556,151.406,188867.9962
18.11.2022 17:00:00.000,151.397,151.577,150.347,150.636,157776.001
18.11.2022 18:00:00.000,150.647,151.266,150.516,150.976,125555.9998
18.11.2022 19:00:00.000,150.987,151.287,150.856,151.207,126323.9975
18.11.2022 20:00:00.000,151.196,151.897,150.766,151.236,165503.9978
21.11.2022 14:00:00.000,150.167,150.236,148.446,149.647,127716.0034
21.11.2022 15:00:00.000,149.667,149.947,147.777,148.057,174024.0021
21.11.2022 16:00:00.000,148.046,148.726,147.746,148.066,153492.0044
21.11.2022 17:00:00.000,148.056,148.346,147.696,147.967,137735.9924
21.11.2022 18:00:00.000,147.946,149.017,147.897,148.497,118211.998
21.11.2022 19:00:00.000,148.496,148.747,148.216,148.386,110903.9993
21.11.2022 20:00:00.000,148.387,148.587,147.876,148.027,137807.9987
22.11.2022 14:00:00.000,148.106,148.517,146.916,147.506,108192.0013
22.11.2022 15:00:00.000,147.496,148.826,147.396,148.707,192240.0055
22.11.2022 16:00:00.000,148.697,148.967,148.367,148.846,139367.9962
22.11.2022 17:00:00.000,148.847,149.517,148.836,149.187,101688.0035
22.11.2022 18:00:00.000,149.177,150.026,149.036,149.967,91944.0002
22.11.2022 19:00:00.000,149.957,150.037,149.446,149.777,80435.997
22.11.2022 20:00:00.000,149.777,150.336,149.736,150.116,93851.9974
23.11.2022 14:00:00.000,149.456,151.407,149.326,151.037,108180.0003
23.11.2022 15:00:00.000,151.106,151.797,150.616,151.577,144623.9929
23.11.2022 16:00:00.000,151.587,151.747,149.786,150.087,122652.0004
23.11.2022 17:00:00.000,150.087,150.406,149.336,149.626,126012.001
23.11.2022 18:00:00.000,149.637,150.447,149.507,150.287,103680.0003
23.11.2022 19:00:00.000,150.286,151.286,149.746,150.977,193020.0043
23.11.2022 20:00:00.000,150.976,151.407,150.616,151.037,135251.9989
25.11.2022 14:00:00.000,148.326,148.717,147.106,148.626,103608.0017
25.11.2022 15:00:00.000,148.626,148.857,147.946,148.147,104603.9963
25.11.2022 16:00:00.000,148.136,148.377,147.596,148.287,90660.0037
25.11.2022 17:00:00.000,148.276,148.397,147.796,148.046,76379.9973
28.11.2022 14:00:00.000,144.996,146.617,144.806,145.956,114924.0036
28.11.2022 15:00:00.000,145.946,146.176,144.817,144.996,160848.0072
28.11.2022 16:00:00.000,144.996,145.467,144.766,145.147,118524.0021
28.11.2022 17:00:00.000,145.147,145.737,144.727,144.817,148895.9961
28.11.2022 18:00:00.000,144.807,145.076,143.926,143.956,89772.0032
28.11.2022 19:00:00.000,143.946,144.077,143.377,143.926,92819.9997
28.11.2022 20:00:00.000,143.937,144.447,143.627,144.147,92148.0026
29.11.2022 14:00:00.000,144.277,144.277,142.966,143.126,125232.0023
29.11.2022 15:00:00.000,143.136,144.797,143.067,144.247,186888.0005
29.11.2022 16:00:00.000,144.256,144.317,141.157,142.086,187740.0055
29.11.2022 17:00:00.000,142.087,142.096,141.276,141.526,128867.9962
29.11.2022 18:00:00.000,141.526,141.557,140.476,141.137,107627.9984
29.11.2022 19:00:00.000,141.136,141.586,140.386,140.577,109295.9976
29.11.2022 20:00:00.000,140.577,141.326,140.346,141.147,119952.0035
30.11.2022 14:00:00.000,141.247,142.346,140.526,141.936,102683.9981
30.11.2022 15:00:00.000,141.946,142.126,140.976,141.157,157692.0013
30.11.2022 16:00:00.000,141.176,141.997,141.057,141.557,121835.9985
30.11.2022 17:00:00.000,141.557,141.597,140.686,141.247,109283.9966
30.11.2022 18:00:00.000,141.226,144.356,141.117,144.156,200052.002
30.11.2022 19:00:00.000,144.156,146.506,144.126,146.076,216792.0074
30.11.2022 20:00:00.000,146.066,147.906,145.967,147.896,182460.0067
01.12.2022 14:00:00.000,148.277,149.106,147.356,148.226,109500
01.12.2022 15:00:00.000,148.277,148.517,146.606,148.206,216432.0068
01.12.2022 16:00:00.000,148.216,148.247,147.416,147.637,205451.9958
01.12.2022 17:00:00.000,147.646,147.997,147.097,147.907,177156.0059
01.12.2022 18:00:00.000,147.907,148.436,147.546,148.196,141744.0033
01.12.2022 19:00:00.000,148.187,148.837,147.947,148.826,116832.0007
01.12.2022 20:00:00.000,148.826,148.986,148.256,148.257,122255.9967
02.12.2022 14:00:00.000,145.847,146.886,145.766,146.246,144863.9984
02.12.2022 15:00:00.000,146.237,146.886,145.637,146.196,225707.9926
02.12.2022 16:00:00.000,146.176,146.957,145.866,146.627,172475.9979
02.12.2022 17:00:00.000,146.617,146.936,146.096,146.226,121440.0024
02.12.2022 18:00:00.000,146.217,146.587,146.036,146.456,96624.0005
02.12.2022 19:00:00.000,146.466,146.937,146.086,146.906,87047.9965
02.12.2022 20:00:00.000,146.907,147.986,146.826,147.726,164580.0018
05.12.2022 14:00:00.000,147.636,150.897,147.337,149.947,126372.0016
05.12.2022 15:00:00.000,149.937,149.996,147.607,147.886,204335.9985
05.12.2022 16:00:00.000,147.877,148.186,146.357,146.446,142475.9979
05.12.2022 17:00:00.000,146.427,147.267,146.396,146.637,126599.9985
05.12.2022 18:00:00.000,146.647,146.887,146.087,146.146,105912.0026
05.12.2022 19:00:00.000,146.136,146.427,145.766,146.027,100512.001
05.12.2022 20:00:00.000,146.027,146.767,145.787,146.576,139367.9962
06.12.2022 14:00:00.000,146.927,147.276,145.116,145.116,123888.0005
06.12.2022 15:00:00.000,145.107,145.346,143.547,144.117,215304.0009
06.12.2022 16:00:00.000,144.107,145.006,143.836,144.547,199272.0032
06.12.2022 17:00:00.000,144.537,144.877,143.857,143.957,149820.0073
06.12.2022 18:00:00.000,143.966,144.177,143.096,143.567,145979.9957
06.12.2022 19:00:00.000,143.567,143.586,141.916,142.457,126924.0036
06.12.2022 20:00:00.000,142.446,142.987,141.977,142.856,161111.9995
07.12.2022 14:00:00.000,142.096,143.357,140.627,140.847,139716.0034
07.12.2022 15:00:00.000,140.846,142.217,140.556,141.866,267671.9971
07.12.2022 16:00:00.000,141.877,142.147,140.596,141.057,199824.0051
07.12.2022 17:00:00.000,141.066,141.347,140.686,140.877,175356.0028
07.12.2022 18:00:00.000,140.877,141.416,140.716,140.857,151908.0048
07.12.2022 19:00:00.000,140.847,141.447,140.617,140.736,134927.9938
07.12.2022 20:00:00.000,140.737,141.136,139.996,140.957,157992.0044
08.12.2022 14:00:00.000,142.246,142.637,141.086,142.456,118571.9986
08.12.2022 15:00:00.000,142.457,143.517,142.167,142.986,175500
08.12.2022 16:00:00.000,142.996,143.237,142.146,142.796,155856.0028
08.12.2022 17:00:00.000,142.786,143.027,141.877,142.417,135276.001
08.12.2022 18:00:00.000,142.417,143.247,142.186,142.607,120671.9971
08.12.2022 19:00:00.000,142.597,142.707,141.546,142.416,151104.0039
08.12.2022 20:00:00.000,142.416,142.987,142.056,142.616,141240.0055
09.12.2022 14:00:00.000,142.336,142.507,140.876,141.686,109416.0004
09.12.2022 15:00:00.000,141.747,144.297,141.196,144.287,221352.005
09.12.2022 16:00:00.000,144.287,145.107,143.826,144.987,134904.007
09.12.2022 17:00:00.000,144.997,145.546,144.366,144.426,101783.9966
09.12.2022 18:00:00.000,144.406,144.456,143.827,144.186,91199.9969
09.12.2022 19:00:00.000,144.177,144.297,143.736,143.837,79680.0003
09.12.2022 20:00:00.000,143.836,144.137,142.056,142.136,117239.9979
12.12.2022 14:00:00.000,142.776,142.977,141.626,142.667,100043.9987
12.12.2022 15:00:00.000,142.667,142.866,141.056,141.757,157968.0023
12.12.2022 16:00:00.000,141.767,142.457,141.726,141.936,112632.0038
12.12.2022 17:00:00.000,141.937,142.437,141.836,142.267,98484.0012
12.12.2022 18:00:00.000,142.266,142.877,142.026,142.686,108431.9992
12.12.2022 19:00:00.000,142.686,143.917,142.386,143.807,95903.9993
12.12.2022 20:00:00.000,143.806,144.477,143.476,144.466,144048.0042
13.12.2022 14:00:00.000,149.637,149.956,148.747,149.266,147852.005
13.12.2022 15:00:00.000,149.266,149.347,146.906,147.837,287772.0032
13.12.2022 16:00:00.000,147.846,148.337,145.646,146.196,230916.0004
13.12.2022 17:00:00.000,146.186,146.357,144.227,145.056,236580.0018
13.12.2022 18:00:00.000,145.067,145.757,144.526,145.287,181776.001
13.12.2022 19:00:00.000,145.277,146.117,144.267,145.126,177348.0072
13.12.2022 20:00:00.000,145.126,145.947,144.306,145.357,200087.9974
14.12.2022 14:00:00.000,145.347,146.407,145.067,146.286,113435.997
14.12.2022 15:00:00.000,146.266,146.647,145.626,145.986,155231.9946
14.12.2022 16:00:00.000,145.977,146.346,145.577,145.916,120276.001
14.12.2022 17:00:00.000,145.926,145.926,145.246,145.296,116652.0004
14.12.2022 18:00:00.000,145.307,146.617,145.256,146.227,113555.9998
14.12.2022 19:00:00.000,146.236,146.296,141.166,142.667,368664.0015
14.12.2022 20:00:00.000,142.677,145.047,142.166,143.127,306071.991
15.12.2022 14:00:00.000,141.186,141.746,138.906,139.057,134436.0046
15.12.2022 15:00:00.000,139.086,139.367,138.446,138.766,223235.9924
15.12.2022 16:00:00.000,138.766,139.077,137.707,137.856,191123.9929
15.12.2022 17:00:00.000,137.847,138.207,137.206,137.266,155483.9935
15.12.2022 18:00:00.000,137.276,137.357,136.487,136.766,149555.9998
15.12.2022 19:00:00.000,136.776,137.077,136.186,136.897,132395.9961
15.12.2022 20:00:00.000,136.906,137.237,136.016,136.606,181632.0038
16.12.2022 14:00:00.000,136.627,137.626,135.656,136.617,138287.9944
16.12.2022 15:00:00.000,136.606,136.647,134.677,135.137,208751.9989
16.12.2022 16:00:00.000,135.126,135.227,134.346,134.516,184656.0059
16.12.2022 17:00:00.000,134.526,135.317,134.246,134.306,133871.994
16.12.2022 18:00:00.000,134.306,134.407,133.936,134.296,111036.0031
16.12.2022 19:00:00.000,134.297,134.526,133.717,134.357,106440.0024
16.12.2022 20:00:00.000,134.347,135.407,134.117,134.426,201408.0048
19.12.2022 14:00:00.000,134.997,135.156,133.016,133.247,145391.9983
19.12.2022 15:00:00.000,133.237,133.246,131.766,131.867,206352.005
19.12.2022 16:00:00.000,131.857,132.597,131.446,132.347,179123.9929
19.12.2022 17:00:00.000,132.336,133.237,132.326,132.837,132479.9957
19.12.2022 18:00:00.000,132.847,132.907,132.266,132.326,136824.0051
19.12.2022 19:00:00.000,132.316,132.677,132.006,132.176,152039.9933
19.12.2022 20:00:00.000,132.177,132.587,131.316,132.397,150167.9993
20.12.2022 14:00:00.000,131.386,131.586,129.906,131.327,159839.9963
20.12.2022 15:00:00.000,131.347,133.237,131.176,132.246,234539.9933
20.12.2022 16:00:00.000,132.237,132.477,130.827,132.077,219251.9989
20.12.2022 17:00:00.000,132.086,132.707,131.996,132.496,173279.9988
20.12.2022 18:00:00.000,132.506,132.737,131.757,131.896,147287.9944
20.12.2022 19:00:00.000,131.896,132.117,131.616,131.827,151080.0018
20.12.2022 20:00:00.000,131.816,132.417,131.516,132.286,168324.0051
21.12.2022 14:00:00.000,132.926,134.407,132.706,133.506,137136.0016
21.12.2022 15:00:00.000,133.527,136.657,133.467,136.597,203820.0073
21.12.2022 16:00:00.000,136.606,136.787,135.286,135.517,150636.0016
21.12.2022 17:00:00.000,135.516,135.996,135.067,135.977,135720.0012
21.12.2022 18:00:00.000,135.987,136.157,135.146,135.466,122639.9994
21.12.2022 19:00:00.000,135.476,136.107,135.106,135.377,126611.9995
21.12.2022 20:00:00.000,135.397,135.607,135.006,135.257,146436.0046
22.12.2022 14:00:00.000,134.377,134.527,133.206,133.527,136223.999
22.12.2022 15:00:00.000,133.527,133.527,131.127,131.526,216947.998
22.12.2022 16:00:00.000,131.526,131.996,131.046,131.696,190559.9976
22.12.2022 17:00:00.000,131.687,131.767,130.696,131.006,169692.0013
22.12.2022 18:00:00.000,130.986,131.047,130.296,130.787,148115.9973
22.12.2022 19:00:00.000,130.797,131.537,130.646,131.486,182567.9932
22.12.2022 20:00:00.000,131.496,132.347,131.156,132.137,231671.9971
23.12.2022 14:00:00.000,130.996,131.737,129.626,129.997,166955.9937
23.12.2022 15:00:00.000,130.007,132.397,129.656,130.867,286476.0132
23.12.2022 16:00:00.000,130.876,131.677,130.246,130.867,220619.9951
23.12.2022 17:00:00.000,130.877,131.747,130.816,131.127,177707.9926
23.12.2022 18:00:00.000,131.137,131.496,130.796,131.157,162804.0009
23.12.2022 19:00:00.000,131.166,131.747,130.916,131.706,136643.9972
23.12.2022 20:00:00.000,131.717,131.987,131.196,131.817,175524.0021
27.12.2022 14:00:00.000,131.146,131.337,129.166,129.327,132167.9993
27.12.2022 15:00:00.000,129.307,130.406,128.716,129.826,213744.0033
27.12.2022 16:00:00.000,129.837,130.136,129.166,129.927,173304.0009
27.12.2022 17:00:00.000,129.936,130.517,129.676,130.127,145451.9958
27.12.2022 18:00:00.000,130.126,130.367,129.606,129.666,106907.9971
27.12.2022 19:00:00.000,129.666,130.297,129.646,130.177,105000
27.12.2022 20:00:00.000,130.177,130.577,129.926,130.026,141468.0023
28.12.2022 14:00:00.000,129.777,131.007,129.126,129.967,149123.9929
28.12.2022 15:00:00.000,129.967,130.477,128.056,128.056,237300.0031
28.12.2022 16:00:00.000,128.057,128.206,126.447,126.607,185039.9933
28.12.2022 17:00:00.000,126.617,127.727,126.396,127.626,146244.0033
28.12.2022 18:00:00.000,127.647,128.376,126.836,127.066,154979.9957
28.12.2022 19:00:00.000,127.066,127.486,126.797,126.826,124944.0002
28.12.2022 20:00:00.000,126.826,126.837,125.857,126.007,132828.0029
29.12.2022 14:00:00.000,127.966,129.766,127.787,128.736,131699.9969
29.12.2022 15:00:00.000,128.767,129.967,128.176,129.946,194706.604
29.12.2022 16:00:00.000,129.956,130.467,129.426,130.097,134352.005
29.12.2022 17:00:00.000,130.107,130.357,129.506,129.837,100379.9973
29.12.2022 18:00:00.000,129.826,130.067,129.306,130.027,89148.0026
29.12.2022 19:00:00.000,130.016,130.227,129.726,129.766,87311.9965
29.12.2022 20:00:00.000,129.757,130.206,129.546,129.567,94463.9969
30.12.2022 14:00:00.000,128.227,128.667,127.466,127.867,148332.0007
30.12.2022 15:00:00.000,127.877,129.246,127.426,128.826,204587.9974
30.12.2022 16:00:00.000,128.817,129.037,128.067,128.986,133656.0059
30.12.2022 17:00:00.000,128.997,129.067,128.626,128.947,104879.9973
30.12.2022 18:00:00.000,128.957,128.957,128.006,128.356,137748.0011
30.12.2022 19:00:00.000,128.367,128.387,127.966,128.266,92111.9995
30.12.2022 20:00:00.000,128.277,129.907,128.246,129.847,156419.9982
03.01.2023 14:00:00.000,130.247,130.887,126.886,126.926,166692.0013
03.01.2023 15:00:00.000,126.957,127.287,125.047,125.586,215796.0052
03.01.2023 16:00:00.000,125.576,125.857,124.486,124.726,188376.0071
03.01.2023 17:00:00.000,124.737,125.037,124.336,124.587,139559.9976
03.01.2023 18:00:00.000,124.576,124.827,124.176,124.807,127295.9976
03.01.2023 19:00:00.000,124.816,125.317,124.166,124.606,143063.9954
03.01.2023 20:00:00.000,124.616,125.396,124.396,124.996,148464.0045
04.01.2023 14:00:00.000,126.826,127.537,125.946,126.626,158111.9995
04.01.2023 15:00:00.000,126.627,127.317,125.066,126.947,238643.9972
04.01.2023 16:00:00.000,126.966,128.407,126.496,127.746,161376.0071
04.01.2023 17:00:00.000,127.756,128.637,127.216,127.226,115344.0018
04.01.2023 18:00:00.000,127.227,127.487,126.916,127.186,121356.0028
04.01.2023 19:00:00.000,127.347,127.827,125.396,126.457,258635.9863
04.01.2023 20:00:00.000,126.456,126.836,125.266,126.317,183660.0037
05.01.2023 14:00:00.000,127.096,127.477,125.316,127.357,161315.9943
05.01.2023 15:00:00.000,127.346,127.746,126.146,126.407,216623.9929
05.01.2023 16:00:00.000,126.416,127.066,126.146,126.677,167615.9973
05.01.2023 17:00:00.000,126.667,126.937,126.167,126.236,139115.9973
05.01.2023 18:00:00.000,126.237,127.026,125.796,126.256,164279.9988
05.01.2023 19:00:00.000,126.277,126.466,125.476,125.476,145884.0027
05.01.2023 20:00:00.000,125.476,125.507,124.747,125.007,143147.995
06.01.2023 14:00:00.000,126.207,127.177,124.876,125.797,163175.9949
06.01.2023 15:00:00.000,125.806,127.497,125.806,127.397,267059.9976
06.01.2023 16:00:00.000,127.407,128.017,126.996,127.866,163307.9987
06.01.2023 17:00:00.000,127.877,128.467,127.767,127.937,134723.999
06.01.2023 18:00:00.000,127.947,128.867,127.876,128.827,108767.9977
06.01.2023 19:00:00.000,128.837,129.986,128.776,129.837,107688.0035
06.01.2023 20:00:00.000,129.836,130.286,129.326,129.466,137699.9969
09.01.2023 14:00:00.000,130.526,132.047,130.516,132.006,151548.0042
09.01.2023 15:00:00.000,131.997,133.127,131.947,132.726,200940.0024
09.01.2023 16:00:00.000,132.717,133.397,132.666,132.936,145007.9956
09.01.2023 17:00:00.000,132.927,132.937,132.236,132.446,115931.9992
09.01.2023 18:00:00.000,132.446,132.627,131.177,131.376,129468.0023
09.01.2023 19:00:00.000,131.367,131.717,130.576,130.657,145475.9979
09.01.2023 20:00:00.000,130.656,130.816,129.877,130.107,176604.0039
10.01.2023 14:00:00.000,130.247,131.246,129.496,129.977,180888.0005
10.01.2023 15:00:00.000,129.966,130.827,128.106,129.086,286944.0002
10.01.2023 16:00:00.000,129.066,129.206,128.656,128.867,210000
10.01.2023 17:00:00.000,128.846,129.847,128.446,129.717,162011.9934
10.01.2023 18:00:00.000,129.726,130.267,129.406,130.217,131832.0007
10.01.2023 19:00:00.000,130.216,130.677,129.967,130.106,137904.007
10.01.2023 20:00:00.000,130.096,130.726,129.756,130.726,152580.0018
11.01.2023 14:00:00.000,131.367,131.567,130.456,130.856,157115.9973
11.01.2023 15:00:00.000,130.867,132.096,130.476,131.456,211811.9965
11.01.2023 16:00:00.000,131.466,132.357,131.357,132.276,123108.0017
11.01.2023 17:00:00.000,132.276,132.916,132.216,132.736,104760.0021
11.01.2023 18:00:00.000,132.747,133.217,132.206,132.397,107099.9985
11.01.2023 19:00:00.000,132.406,132.857,132.156,132.517,85152.0004
11.01.2023 20:00:00.000,132.516,133.436,132.486,133.407,122723.999
12.01.2023 14:00:00.000,133.997,134.207,131.446,132.246,182188.797
12.01.2023 15:00:00.000,132.247,133.777,132.117,132.416,214283.9966
12.01.2023 16:00:00.000,132.436,133.167,131.976,133.086,184391.9983
12.01.2023 17:00:00.000,133.077,134.207,132.806,133.706,146016.0065
12.01.2023 18:00:00.000,133.696,134.167,132.396,134.006,153983.9935
12.01.2023 19:00:00.000,134.006,134.097,132.996,133.346,166259.9945
12.01.2023 20:00:00.000,133.346,133.537,132.756,133.316,147503.9978
13.01.2023 14:00:00.000,132.026,132.917,131.626,132.547,154944.0002
13.01.2023 15:00:00.000,132.496,133.947,132.356,133.737,239423.996
13.01.2023 16:00:00.000,133.737,133.947,132.746,133.197,192395.9961
13.01.2023 17:00:00.000,133.186,133.587,133.126,133.526,128052.002
13.01.2023 18:00:00.000,133.547,134.367,133.297,134.117,112236.0001
13.01.2023 19:00:00.000,134.127,134.407,133.896,134.126,104267.9977
13.01.2023 20:00:00.000,134.127,134.907,134.057,134.727,100248.0011
17.01.2023 14:00:00.000,134.747,135.597,134.106,135.176,153576.004
17.01.2023 15:00:00.000,135.176,137.277,135.176,135.537,248591.9952
17.01.2023 16:00:00.000,135.526,136.127,134.656,135.857,189384.0027
17.01.2023 17:00:00.000,135.867,136.267,135.286,136.227,142583.9996
17.01.2023 18:00:00.000,136.237,136.377,135.906,136.047,102024.0021
17.01.2023 19:00:00.000,136.036,136.077,135.396,135.886,120239.9979
17.01.2023 20:00:00.000,135.897,136.067,135.596,135.886,98220.0012
18.01.2023 14:00:00.000,136.806,137.987,136.676,137.967,136356.0028
18.01.2023 15:00:00.000,137.967,138.587,136.536,137.036,239363.9984
18.01.2023 16:00:00.000,137.047,137.357,135.796,136.147,210119.9951
18.01.2023 17:00:00.000,136.137,136.257,135.406,135.686,163895.9961
18.01.2023 18:00:00.000,135.677,136.266,135.326,136.056,149748.0011
18.01.2023 19:00:00.000,136.067,136.147,135.666,135.786,138552.002
18.01.2023 20:00:00.000,135.796,136.097,135.006,135.187,159899.9939
19.01.2023 14:00:00.000,134.026,135.297,133.666,135.047,136968.0023
19.01.2023 15:00:00.000,135.046,135.047,133.756,134.096,262776.001
19.01.2023 16:00:00.000,134.106,135.366,134.046,134.376,177804.0009
19.01.2023 17:00:00.000,134.377,134.816,134.266,134.587,153132.0038
19.01.2023 18:00:00.000,134.597,135.537,134.576,135.276,184667.9993
19.01.2023 19:00:00.000,135.267,136.237,135.047,135.907,162792.0074
19.01.2023 20:00:00.000,135.916,136.037,135.096,135.267,170927.9938
20.01.2023 14:00:00.000,135.166,135.286,134.216,134.597,151475.9979
20.01.2023 15:00:00.000,134.586,135.477,134.307,135.006,203460.0067
20.01.2023 16:00:00.000,135.016,135.667,134.986,135.296,126720.0012
20.01.2023 17:00:00.000,135.306,135.907,135.286,135.757,83111.9995
20.01.2023 18:00:00.000,135.757,136.837,135.367,136.827,122568.0008
20.01.2023 19:00:00.000,136.837,137.267,136.636,137.166,73823.9975
20.01.2023 20:00:00.000,137.157,137.956,137.106,137.737,120396.0037
23.01.2023 14:00:00.000,138.067,139.977,137.876,139.856,124667.9993
23.01.2023 15:00:00.000,139.867,141.467,139.526,141.207,169031.9977
23.01.2023 16:00:00.000,141.206,143.297,141.116,142.886,152951.9958
23.01.2023 17:00:00.000,142.886,142.886,141.936,142.146,104940.0024
23.01.2023 18:00:00.000,142.146,142.477,141.847,141.947,93396.0037
23.01.2023 19:00:00.000,141.947,141.967,140.596,140.977,154235.9924
23.01.2023 20:00:00.000,140.967,141.246,140.376,141.086,177563.9954
24.01.2023 14:00:00.000,140.217,142.117,140.217,141.437,129863.9984
24.01.2023 15:00:00.000,141.426,142.297,141.077,142.236,227555.9998
24.01.2023 16:00:00.000,142.246,142.486,141.747,142.077,192059.9976
24.01.2023 17:00:00.000,142.067,142.857,141.796,142.456,148848.0072
24.01.2023 18:00:00.000,142.456,143.137,142.026,142.646,133824.0051
24.01.2023 19:00:00.000,142.637,142.787,142.196,142.436,113652.0004
24.01.2023 20:00:00.000,142.446,142.697,141.896,142.486,125304.0009
25.01.2023 14:00:00.000,140.837,140.846,139.426,139.687,143388.0005
25.01.2023 15:00:00.000,139.706,140.436,138.806,139.297,247595.993
25.01.2023 16:00:00.000,139.306,140.816,139.127,140.467,202740.0055
25.01.2023 17:00:00.000,140.477,140.687,140.106,140.416,153335.9985
25.01.2023 18:00:00.000,140.426,141.316,140.396,141.067,152027.9999
25.01.2023 19:00:00.000,141.077,141.956,140.946,141.786,151667.9993
25.01.2023 20:00:00.000,141.796,142.417,141.266,141.756,171287.9944
26.01.2023 14:00:00.000,143.057,144.227,142.916,143.237,166440.0024
26.01.2023 15:00:00.000,143.247,143.977,142.246,142.376,277343.9941
26.01.2023 16:00:00.000,142.387,142.847,141.896,142.667,242447.998
26.01.2023 17:00:00.000,142.687,143.256,142.577,142.806,166416.0004
26.01.2023 18:00:00.000,142.806,143.417,142.476,143.137,157212.0056
26.01.2023 19:00:00.000,143.146,143.826,142.906,143.517,123396.0037
26.01.2023 20:00:00.000,143.517,144.027,143.236,143.876,147912.0026
27.01.2023 14:00:00.000,143.126,145.146,143.006,144.656,134111.9995
27.01.2023 15:00:00.000,144.656,145.497,144.366,144.676,233423.996
27.01.2023 16:00:00.000,144.676,146.177,144.596,146.047,183179.9927
27.01.2023 17:00:00.000,146.057,146.877,145.906,146.356,153972.0001
27.01.2023 18:00:00.000,146.356,146.547,145.977,146.336,134531.9977
27.01.2023 19:00:00.000,146.336,147.007,146.236,146.876,120828.0029
27.01.2023 20:00:00.000,146.886,147.217,145.757,145.896,144143.9972
30.01.2023 14:00:00.000,144.746,145.527,144.157,145.167,148656.0059
30.01.2023 15:00:00.000,145.177,145.307,143.366,143.987,241188.0035
30.01.2023 16:00:00.000,143.947,144.307,143.496,144.176,177083.9996
30.01.2023 17:00:00.000,144.167,144.247,143.156,143.407,156132.0038
30.01.2023 18:00:00.000,143.407,143.806,142.996,143.366,135936.0046
30.01.2023 19:00:00.000,143.346,143.577,142.876,143.177,128399.9939
30.01.2023 20:00:00.000,143.176,143.507,142.846,142.916,136296.0052
31.01.2023 14:00:00.000,142.646,143.727,142.276,142.627,138156.0059
31.01.2023 15:00:00.000,142.636,143.337,142.387,143.147,248220.0012
31.01.2023 16:00:00.000,143.157,143.627,142.986,143.247,168720.0012
31.01.2023 17:00:00.000,143.246,143.637,142.966,143.527,133871.994
31.01.2023 18:00:00.000,143.527,143.727,143.156,143.617,102216.0034
31.01.2023 19:00:00.000,143.616,143.987,143.516,143.857,93323.9975
31.01.2023 20:00:00.000,143.846,144.316,143.106,144.226,127991.9968
01.02.2023 14:00:00.000,143.946,143.967,142.556,143.166,140951.9958
01.02.2023 15:00:00.000,143.177,143.387,142.346,142.576,235115.9973
01.02.2023 16:00:00.000,142.587,143.007,142.246,142.327,140304.0009
01.02.2023 17:00:00.000,142.326,142.427,141.716,142.176,128675.9949
01.02.2023 18:00:00.000,142.166,142.696,141.836,142.416,110447.998
01.02.2023 19:00:00.000,142.406,145.147,141.326,144.347,350615.9973
01.02.2023 20:00:00.000,144.336,146.597,144.306,145.396,275855.9875
02.02.2023 14:00:00.000,148.667,149.496,148.336,148.556,151968.0023
02.02.2023 15:00:00.000,148.556,150.477,148.136,150.136,223488.0066
02.02.2023 16:00:00.000,150.146,150.427,149.547,149.756,164975.9979
02.02.2023 17:00:00.000,149.767,150.267,149.436,149.907,142776.001
02.02.2023 18:00:00.000,149.916,150.977,149.887,150.937,111755.9967
02.02.2023 19:00:00.000,150.946,151.157,148.937,149.026,194628.006
02.02.2023 20:00:00.000,149.046,150.736,148.707,150.736,221423.996
03.02.2023 14:00:00.000,147.936,153.397,147.696,153.227,162479.9957
03.02.2023 15:00:00.000,153.176,157.357,152.557,155.757,329820.0073
03.02.2023 16:00:00.000,155.756,157.177,155.506,155.697,233531.9977
03.02.2023 17:00:00.000,155.707,156.967,154.426,154.566,199548.0042
03.02.2023 18:00:00.000,154.566,155.827,154.266,155.326,245447.998
03.02.2023 19:00:00.000,155.317,155.677,154.396,154.656,221591.9952
03.02.2023 20:00:00.000,154.667,155.306,154.076,154.467,202091.9952
06.02.2023 14:00:00.000,152.496,153.077,151.707,152.456,172891.3574
06.02.2023 15:00:00.000,152.466,152.706,150.896,152.256,265596.0083
06.02.2023 16:00:00.000,152.276,153.087,151.966,152.017,198731.9946
06.02.2023 17:00:00.000,152.017,152.777,151.806,152.406,167531.9977
06.02.2023 18:00:00.000,152.407,152.507,151.566,152.147,168468.0023
06.02.2023 19:00:00.000,152.146,152.507,151.506,151.637,143460.0067
06.02.2023 20:00:00.000,151.637,151.896,150.766,151.696,168779.9988
07.02.2023 14:00:00.000,150.657,152.907,150.626,152.306,160175.9949
07.02.2023 15:00:00.000,152.277,153.177,151.826,152.587,224555.9998
07.02.2023 16:00:00.000,152.587,153.587,152.556,153.007,159744.0033
07.02.2023 17:00:00.000,152.977,155.207,152.356,154.797,220320.0073
07.02.2023 18:00:00.000,154.796,155.127,151.347,152.107,380351.9897
07.02.2023 19:00:00.000,152.107,154.447,152.036,154.207,292272.0032
07.02.2023 20:00:00.000,154.216,155.217,153.416,154.607,212880.0049
08.02.2023 14:00:00.000,153.797,154.577,153.146,153.457,159718.2007
08.02.2023 15:00:00.000,153.446,153.747,152.246,153.157,267563.9954
08.02.2023 16:00:00.000,153.147,153.186,151.436,152.226,227436.0046
08.02.2023 17:00:00.000,152.206,152.236,151.156,151.766,191160.0037
08.02.2023 18:00:00.000,151.776,152.117,151.217,151.946,188244.0033
08.02.2023 19:00:00.000,151.936,152.296,151.657,152.186,168539.9933
08.02.2023 20:00:00.000,152.177,152.287,151.477,151.896,198335.9985
09.02.2023 14:00:00.000,153.706,154.306,152.777,153.256,159419.9982
09.02.2023 15:00:00.000,153.267,153.747,152.587,153.296,274368.0115
09.02.2023 16:00:00.000,153.297,153.477,152.616,153.226,246240.0055
09.02.2023 17:00:00.000,153.227,153.597,152.216,152.716,178391.9983
09.02.2023 18:00:00.000,152.727,152.737,151.927,152.086,203531.9977
09.02.2023 19:00:00.000,152.076,152.307,151.726,151.756,189863.9984
09.02.2023 20:00:00.000,151.757,151.777,150.407,150.867,216444.0002
10.02.2023 14:00:00.000,149.437,150.537,149.166,149.916,165376.9531
10.02.2023 15:00:00.000,149.916,151.327,149.346,150.336,318623.9929
10.02.2023 16:00:00.000,150.356,150.897,149.686,149.806,229175.9949
10.02.2023 17:00:00.000,149.797,150.166,149.436,150.147,201947.998
10.02.2023 18:00:00.000,150.136,151.096,150.056,150.457,167712.0056
10.02.2023 19:00:00.000,150.467,150.647,150.006,150.637,140447.998
10.02.2023 20:00:00.000,150.647,151.147,150.276,150.956,160404.007
13.02.2023 14:00:00.000,150.946,152.177,150.696,152.157,140916.0004
13.02.2023 15:00:00.000,152.177,152.776,151.856,152.627,205679.9927
13.02.2023 16:00:00.000,152.617,153.677,152.617,153.427,143363.9984
13.02.2023 17:00:00.000,153.416,154.247,153.397,153.797,111096.0007
13.02.2023 18:00:00.000,153.797,154.157,153.436,153.956,95195.9991
13.02.2023 19:00:00.000,153.967,153.997,152.756,153.057,111527.9999
13.02.2023 20:00:00.000,153.067,153.967,152.747,153.757,136619.9951
14.02.2023 14:00:00.000,152.077,152.967,150.966,152.827,182716.0492
14.02.2023 15:00:00.000,152.826,153.757,150.856,151.856,302063.9954
14.02.2023 16:00:00.000,151.857,152.586,151.026,151.676,317316.0095
14.02.2023 17:00:00.000,151.676,152.327,151.556,152.087,220332.0007
14.02.2023 18:00:00.000,152.097,153.207,152.047,153.037,218244.0033
14.02.2023 19:00:00.000,153.047,153.557,152.406,153.237,190283.9966
14.02.2023 20:00:00.000,153.236,153.697,152.927,153.226,183408.0048
15.02.2023 14:00:00.000,153.106,154.506,152.866,153.546,156287.9944
15.02.2023 15:00:00.000,153.576,154.357,153.107,153.816,260160.0037
15.02.2023 16:00:00.000,153.807,155.497,153.796,155.237,186072.0062
15.02.2023 17:00:00.000,155.246,155.387,153.466,154.056,169139.9994
15.02.2023 18:00:00.000,154.066,155.027,153.686,154.986,101748.0011
15.02.2023 19:00:00.000,154.997,155.457,154.896,155.006,86291.9998
15.02.2023 20:00:00.000,155.017,155.347,154.657,155.286,112487.999
16.02.2023 14:00:00.000,153.366,154.646,153.326,154.067,162587.9974
16.02.2023 15:00:00.000,154.057,155.207,153.796,155.137,239399.9939
16.02.2023 16:00:00.000,155.146,155.487,154.886,155.057,185772.0032
16.02.2023 17:00:00.000,155.056,156.157,154.746,155.916,167255.9967
16.02.2023 18:00:00.000,155.926,156.177,155.516,155.936,147240.0055
16.02.2023 19:00:00.000,155.947,156.316,155.716,156.187,111239.9979
16.02.2023 20:00:00.000,156.187,156.237,153.576,153.667,218436.0046
17.02.2023 14:00:00.000,152.306,152.977,151.496,151.666,138384.0027
17.02.2023 15:00:00.000,151.657,152.667,151.626,151.997,255828.0029
17.02.2023 16:00:00.000,151.987,152.257,151.356,151.566,174828.0029
17.02.2023 17:00:00.000,151.556,152.146,150.907,151.076,153587.9974
17.02.2023 18:00:00.000,151.076,151.477,150.846,151.427,146988.0066
17.02.2023 19:00:00.000,151.426,152.346,151.326,152.346,154572.0062
17.02.2023 20:00:00.000,152.367,152.607,151.926,152.456,180203.9948
21.02.2023 14:00:00.000,150.127,151.277,150.067,150.347,148248.0011
21.02.2023 15:00:00.000,150.347,150.587,149.596,149.906,216419.9982
21.02.2023 16:00:00.000,149.916,150.056,149.336,149.797,144324.0051
21.02.2023 17:00:00.000,149.766,150.136,149.606,150.007,129419.9982
21.02.2023 18:00:00.000,149.997,150.027,149.286,149.396,106512.001
21.02.2023 19:00:00.000,149.396,149.406,148.567,148.656,115823.9975
21.02.2023 20:00:00.000,148.666,148.927,148.396,148.447,141587.9974
22.02.2023 14:00:00.000,148.796,149.487,147.827,147.926,146723.999
22.02.2023 15:00:00.000,147.906,148.377,147.146,148.136,226020.0043
22.02.2023 16:00:00.000,148.147,148.306,147.676,148.056,172632.0038
22.02.2023 17:00:00.000,148.056,149.097,147.826,148.917,143087.9974
22.02.2023 18:00:00.000,148.926,149.417,148.746,149.146,113519.9966
22.02.2023 19:00:00.000,149.157,149.936,148.226,148.357,278376.0071
22.02.2023 20:00:00.000,148.367,148.907,148.166,148.876,209832.0007
23.02.2023 14:00:00.000,150.007,150.296,149.346,149.557,142824.0051
23.02.2023 15:00:00.000,149.567,149.777,147.666,147.966,240783.4015
23.02.2023 16:00:00.000,147.977,148.246,147.467,147.507,208679.9927
23.02.2023 17:00:00.000,147.517,147.816,147.217,147.716,163979.9957
23.02.2023 18:00:00.000,147.727,148.387,147.427,148.177,148572.0062
23.02.2023 19:00:00.000,148.187,149.646,148.046,149.237,169199.9969
23.02.2023 20:00:00.000,149.246,149.927,149.246,149.307,162587.9974
24.02.2023 14:00:00.000,147.156,147.177,146.107,146.396,147600.0061
24.02.2023 15:00:00.000,146.357,146.897,145.937,146.087,233675.9949
24.02.2023 16:00:00.000,146.086,146.886,145.726,146.396,201227.9968
24.02.2023 17:00:00.000,146.406,146.497,145.866,145.966,155531.9977
24.02.2023 18:00:00.000,145.957,146.347,145.716,146.086,129167.9993
24.02.2023 19:00:00.000,146.087,146.597,145.766,146.486,140268.0054
24.02.2023 20:00:00.000,146.486,146.777,145.796,146.627,180395.9961
27.02.2023 14:00:00.000,147.497,148.557,147.497,148.516,126695.9991
27.02.2023 15:00:00.000,148.507,149.156,147.766,148.157,211272.0032
27.02.2023 16:00:00.000,148.156,148.237,147.446,147.926,155615.9973
27.02.2023 17:00:00.000,147.927,148.446,147.676,148.337,136188.0035
27.02.2023 18:00:00.000,148.346,148.637,148.046,148.467,99239.9979
27.02.2023 19:00:00.000,148.476,148.787,148.056,148.057,109727.9968
27.02.2023 20:00:00.000,148.056,148.206,147.696,147.887,145367.9962
28.02.2023 14:00:00.000,146.996,147.766,146.796,147.696,120143.9972
28.02.2023 15:00:00.000,147.706,147.987,147.066,147.516,225276.001
28.02.2023 16:00:00.000,147.516,148.176,147.506,147.947,154451.9958
28.02.2023 17:00:00.000,147.957,148.817,147.956,148.656,123000
28.02.2023 18:00:00.000,148.656,149.067,148.606,148.817,113232.0023
28.02.2023 19:00:00.000,148.826,148.976,148.247,148.307,114227.9968
28.02.2023 20:00:00.000,148.307,148.367,147.346,147.406,139800.0031
01.03.2023 14:00:00.000,146.607,147.207,146.306,146.877,127283.9966
01.03.2023 15:00:00.000,146.897,147.106,145.487,146.466,233496.0022
01.03.2023 16:00:00.000,146.447,146.617,145.396,146.436,202296.0052
01.03.2023 17:00:00.000,146.446,146.866,146.296,146.367,166824.0051
01.03.2023 18:00:00.000,146.376,146.387,145.706,145.866,135395.9961
01.03.2023 19:00:00.000,145.866,145.917,145.246,145.477,122676.0025
01.03.2023 20:00:00.000,145.486,145.677,144.996,145.317,132912.0026
02.03.2023 14:00:00.000,144.126,144.777,144.027,144.346,123912.0026
02.03.2023 15:00:00.000,144.346,144.687,143.896,144.477,209460.0067
02.03.2023 16:00:00.000,144.476,144.727,143.966,144.336,154511.9934
02.03.2023 17:00:00.000,144.346,144.647,144.216,144.446,110195.9991
02.03.2023 18:00:00.000,144.437,145.547,144.266,145.526,133776.001
02.03.2023 19:00:00.000,145.537,146.037,145.386,145.826,147768.0054
02.03.2023 20:00:00.000,145.836,146.697,145.556,145.906,156011.9934
03.03.2023 14:00:00.000,148.066,149.467,147.316,149.456,117444.0002
03.03.2023 15:00:00.000,149.447,150.156,149.026,149.626,193667.9993
03.03.2023 16:00:00.000,149.636,149.967,149.247,149.816,153936.0046
03.03.2023 17:00:00.000,149.827,150.227,149.586,150.216,105335.9985
03.03.2023 18:00:00.000,150.217,150.307,149.876,150.217,77400.0015
03.03.2023 19:00:00.000,150.217,150.877,150.087,150.826,77952.0035
03.03.2023 20:00:00.000,150.817,151.077,150.497,151.056,99323.9975
06.03.2023 14:00:00.000,153.757,155.006,153.446,154.427,129671.9971
06.03.2023 15:00:00.000,154.416,155.566,154.126,155.136,176160.0037
06.03.2023 16:00:00.000,155.136,156.056,155.126,155.727,127512.001
06.03.2023 17:00:00.000,155.727,156.286,154.966,155.047,110027.9999
06.03.2023 18:00:00.000,155.056,155.437,154.496,154.547,110208.0002
06.03.2023 19:00:00.000,154.536,154.607,153.956,154.107,118260.0021
06.03.2023 20:00:00.000,154.116,154.287,153.686,153.867,120059.9976
07.03.2023 14:00:00.000,153.566,154.007,153.146,153.817,112440.0024
07.03.2023 15:00:00.000,153.837,153.837,151.806,152.197,300131.9885
07.03.2023 16:00:00.000,152.197,152.747,151.966,152.046,237264.0076
07.03.2023 17:00:00.000,152.056,153.077,151.796,152.396,208199.9969
07.03.2023 18:00:00.000,152.397,152.677,151.727,151.807,166979.9957
07.03.2023 19:00:00.000,151.816,152.037,151.126,151.166,139223.999
07.03.2023 20:00:00.000,151.167,151.757,151.126,151.577,156000
08.03.2023 14:00:00.000,152.757,153.087,152.296,152.647,123829.5212
08.03.2023 15:00:00.000,152.626,153.196,151.816,152.587,277127.9907
08.03.2023 16:00:00.000,152.596,153.457,152.366,153.337,181404.007
08.03.2023 17:00:00.000,153.337,153.397,152.346,152.827,160968.0023
08.03.2023 18:00:00.000,152.826,152.927,152.046,152.277,144324.0051
08.03.2023 19:00:00.000,152.277,152.977,152.207,152.496,122987.999
08.03.2023 20:00:00.000,152.496,153.247,152.056,152.897,135156.0059
09.03.2023 14:00:00.000,153.457,154.377,152.916,154.286,126959.9991
09.03.2023 15:00:00.000,154.276,154.526,153.627,153.867,193979.9957
09.03.2023 16:00:00.000,153.856,154.447,153.686,154.087,180083.9996
09.03.2023 17:00:00.000,154.096,154.206,153.437,153.546,169272.0032
09.03.2023 18:00:00.000,153.557,153.616,151.817,151.936,194675.9949
09.03.2023 19:00:00.000,151.947,152.097,151.216,151.297,182472.0001
09.03.2023 20:00:00.000,151.317,151.407,150.216,150.526,230160.0037
10.03.2023 14:00:00.000,150.197,150.487,148.876,149.756,177763.7939
10.03.2023 15:00:00.000,149.767,150.477,149.156,150.296,316716.0034
10.03.2023 16:00:00.000,150.297,150.937,149.736,149.846,260328.0029
10.03.2023 17:00:00.000,149.857,150.026,149.026,149.157,239651.9928
10.03.2023 18:00:00.000,149.166,149.377,147.846,148.176,216419.9982
10.03.2023 19:00:00.000,148.186,148.986,147.836,148.666,258563.9954
10.03.2023 20:00:00.000,148.657,148.756,147.596,148.446,266100.0061
13.03.2023 13:00:00.000,147.776,151.117,147.776,150.716,187511.9934
13.03.2023 14:00:00.000,150.717,151.836,150.176,151.547,373644.0125
13.03.2023 15:00:00.000,151.536,153.107,151.326,152.596,331272.0032
13.03.2023 16:00:00.000,152.597,153.067,151.446,151.776,296424.0112
13.03.2023 17:00:00.000,151.786,152.027,150.866,151.897,234011.9934
13.03.2023 18:00:00.000,151.926,152.677,151.726,152.097,236244.0033
13.03.2023 19:00:00.000,152.106,152.327,150.337,150.447,266675.9949
14.03.2023 13:00:00.000,151.127,152.767,151.127,152.497,172710.2051
14.03.2023 14:00:00.000,152.486,153.187,152.167,152.636,261287.9944
14.03.2023 15:00:00.000,152.646,153.387,152.606,152.666,172380.0049
14.03.2023 16:00:00.000,152.656,153.057,152.296,152.557,177419.9982
14.03.2023 17:00:00.000,152.556,152.796,150.516,150.976,244320.0073
14.03.2023 18:00:00.000,150.977,151.626,150.416,150.996,228600.0061
14.03.2023 19:00:00.000,151.007,152.797,150.097,152.467,260903.9917
15.03.2023 13:00:00.000,150.937,151.776,150.697,151.186,179460.0067
15.03.2023 14:00:00.000,151.207,151.627,149.906,150.907,319886.1084
15.03.2023 15:00:00.000,150.916,151.837,150.546,151.147,263820.0073
15.03.2023 16:00:00.000,151.157,151.337,150.426,150.576,221688.0035
15.03.2023 17:00:00.000,150.577,152.317,150.496,152.127,239735.9924
15.03.2023 18:00:00.000,152.117,153.057,151.466,152.866,273432.0068
15.03.2023 19:00:00.000,152.867,153.227,151.616,152.746,281447.998
16.03.2023 13:00:00.000,152.137,153.207,151.616,153.126,172583.9996
16.03.2023 14:00:00.000,153.127,154.287,152.726,154.067,309156.0059
16.03.2023 15:00:00.000,154.077,155.477,153.696,155.187,266148.0103
16.03.2023 16:00:00.000,155.186,155.326,154.287,155.087,222095.993
16.03.2023 17:00:00.000,155.096,155.387,154.386,155.306,178427.9938
16.03.2023 18:00:00.000,155.297,155.937,154.886,155.896,139535.9955
16.03.2023 19:00:00.000,155.907,156.377,155.646,155.827,142811.9965
17.03.2023 13:00:00.000,155.916,156.036,155.066,155.777,125316.0019
17.03.2023 14:00:00.000,155.787,156.717,154.406,155.026,209708.9996
17.03.2023 15:00:00.000,155.026,155.347,154.276,155.036,181047.4243
17.03.2023 16:00:00.000,155.037,155.696,154.896,155.257,179333.9996
17.03.2023 17:00:00.000,155.256,155.836,155.227,155.787,156951.004
17.03.2023 18:00:00.000,155.797,156.017,154.656,154.906,156365.9973
17.03.2023 19:00:00.000,154.916,155.417,154.406,154.976,166697.998
20.03.2023 13:00:00.000,155.017,155.417,154.147,154.437,120015.3656
20.03.2023 14:00:00.000,154.446,156.297,154.406,156.197,195417.0074
20.03.2023 15:00:00.000,156.196,156.867,155.986,156.266,144386.9934
20.03.2023 16:00:00.000,156.266,156.857,155.717,156.736,153143.9972
20.03.2023 17:00:00.000,156.737,157.757,156.666,157.376,118998.0011
20.03.2023 18:00:00.000,157.366,157.787,157.076,157.417,113975.9979
20.03.2023 19:00:00.000,157.406,157.787,157.156,157.457,122760.0021
21.03.2023 13:00:00.000,157.307,158.367,156.996,157.656,97596.0007
21.03.2023 14:00:00.000,157.667,157.957,156.536,156.887,168961.1816
21.03.2023 15:00:00.000,156.896,157.677,156.837,157.416,138833.9996
21.03.2023 16:00:00.000,157.426,158.276,157.356,158.176,108675.0031
21.03.2023 17:00:00.000,158.187,159.077,158.066,158.587,74627.9984
21.03.2023 18:00:00.000,158.596,158.987,158.307,158.887,63783.0009
21.03.2023 19:00:00.000,158.876,159.357,158.586,159.247,66591.0034
22.03.2023 13:00:00.000,159.286,159.987,158.966,159.707,83600.9979
22.03.2023 14:00:00.000,159.727,160.397,159.107,160.196,118899.0021
22.03.2023 15:00:00.000,160.186,160.507,159.887,160.447,93014.9994
22.03.2023 16:00:00.000,160.456,160.457,159.457,159.746,87444.0002
22.03.2023 17:00:00.000,159.736,160.237,159.596,160.097,75797.9965
22.03.2023 18:00:00.000,160.106,162.116,159.797,160.376,263178.009
22.03.2023 19:00:00.000,160.376,160.927,157.796,157.796,261635.9863
23.03.2023 13:00:00.000,158.757,159.767,158.726,159.657,141167.9993
23.03.2023 14:00:00.000,159.646,161.287,159.536,161.226,232091.9952
23.03.2023 15:00:00.000,161.237,161.537,160.356,160.636,187332.0007
23.03.2023 16:00:00.000,160.626,161.007,160.296,160.396,199464.0045
23.03.2023 17:00:00.000,160.406,160.637,159.506,159.597,229307.9987
23.03.2023 18:00:00.000,159.586,159.827,157.696,158.517,239339.9963
23.03.2023 19:00:00.000,158.506,159.607,157.666,158.877,316596.0083
24.03.2023 13:00:00.000,158.867,159.376,157.836,159.177,155783.9966
24.03.2023 14:00:00.000,159.186,159.547,158.226,159.156,283044.0063
24.03.2023 15:00:00.000,159.157,159.387,158.046,159.087,256500
24.03.2023 16:00:00.000,159.077,159.447,158.176,158.727,234276.001
24.03.2023 17:00:00.000,158.717,159.657,158.546,159.137,211259.9945
24.03.2023 18:00:00.000,159.147,159.937,159.096,159.666,174059.9976
24.03.2023 19:00:00.000,159.656,160.307,159.346,160.237,198755.9967
27.03.2023 13:00:00.000,159.837,160.757,159.406,160.357,136296.0052
27.03.2023 14:00:00.000,160.367,160.707,159.606,159.747,186216.0034
27.03.2023 15:00:00.000,159.756,159.817,158.386,158.426,176807.9987
27.03.2023 16:00:00.000,158.436,158.807,158.026,158.267,164388.0005
27.03.2023 17:00:00.000,158.267,158.586,157.866,158.286,133235.9924
27.03.2023 18:00:00.000,158.287,159.056,158.096,159.046,95435.997
27.03.2023 19:00:00.000,159.047,159.197,157.966,158.227,137699.9969
28.03.2023 13:00:00.000,157.967,158.126,156.757,156.766,114599.9985
28.03.2023 14:00:00.000,156.757,157.297,156.076,156.436,188951.9958
28.03.2023 15:00:00.000,156.427,157.027,156.377,156.906,138011.9934
28.03.2023 16:00:00.000,156.917,156.946,156.426,156.537,108431.9992
28.03.2023 17:00:00.000,156.547,156.627,155.966,156.077,106043.9987
28.03.2023 18:00:00.000,156.066,156.757,156.036,156.727,101723.999
28.03.2023 19:00:00.000,156.737,157.726,156.736,157.687,144600.0061
29.03.2023 13:00:00.000,159.297,160.066,159.297,159.837,109723.3963
29.03.2023 14:00:00.000,159.837,160.277,159.326,159.496,176843.9941
29.03.2023 15:00:00.000,159.507,160.047,159.486,159.867,96587.9974
29.03.2023 16:00:00.000,159.866,160.037,159.496,159.946,75431.9992
29.03.2023 17:00:00.000,159.937,160.447,159.826,160.016,83615.9973
29.03.2023 18:00:00.000,160.016,160.487,159.887,160.427,84204.0024
29.03.2023 19:00:00.000,160.437,161.016,160.286,160.777,104087.9974
30.03.2023 13:00:00.000,161.497,161.957,161.257,161.956,105257.8888
30.03.2023 14:00:00.000,161.956,162.467,161.506,162.306,128451.004
30.03.2023 15:00:00.000,162.316,162.387,161.946,162.076,88110.0006
30.03.2023 16:00:00.000,162.077,162.216,161.606,161.716,65366.9968
30.03.2023 17:00:00.000,161.687,162.037,161.336,161.576,73566.0019
30.03.2023 18:00:00.000,161.566,162.327,161.536,162.037,55763.9999
30.03.2023 19:00:00.000,162.027,162.367,161.857,162.357,46566.0019
31.03.2023 13:00:00.000,162.217,163.077,162.096,162.687,74060.997
31.03.2023 14:00:00.000,162.696,162.996,162.247,162.776,106739.9979
31.03.2023 15:00:00.000,162.777,163.237,162.697,163.217,67751.9989
31.03.2023 16:00:00.000,163.206,164.027,163.137,163.796,63152.9999
31.03.2023 17:00:00.000,163.786,164.066,163.566,163.947,49797.0009
31.03.2023 18:00:00.000,163.946,164.227,163.916,164.207,41849.9985
31.03.2023 19:00:00.000,164.217,164.987,164.116,164.796,88892.9977
03.04.2023 13:00:00.000,164.266,165.877,164.197,165.277,91593.0023
03.04.2023 14:00:00.000,165.266,165.717,164.646,164.797,169151.9928
03.04.2023 15:00:00.000,164.796,164.957,164.306,164.517,124763.9999
03.04.2023 16:00:00.000,164.527,164.787,164.396,164.547,82307.9987
03.04.2023 17:00:00.000,164.536,164.787,164.307,164.696,74736.0001
03.04.2023 18:00:00.000,164.696,165.737,164.466,165.737,58560.0014
03.04.2023 19:00:00.000,165.737,166.277,165.607,166.106,67092.0029
04.04.2023 13:00:00.000,166.486,166.687,165.406,166.276,108755.9967
04.04.2023 14:00:00.000,166.277,166.827,165.876,166.096,204011.9934
04.04.2023 15:00:00.000,166.106,166.407,165.746,166.167,154764.0076
04.04.2023 16:00:00.000,166.167,166.277,165.577,165.926,131940.0024
04.04.2023 17:00:00.000,165.936,166.217,165.706,166.007,97776.001
04.04.2023 18:00:00.000,165.997,166.096,165.326,165.407,79127.9984
04.04.2023 19:00:00.000,165.397,165.646,165.097,165.627,108839.9963
05.04.2023 13:00:00.000,164.696,165.027,164.197,164.607,120935.997
05.04.2023 14:00:00.000,164.617,164.907,163.256,163.277,211572.0062
05.04.2023 15:00:00.000,163.266,163.757,162.667,162.956,135720.0012
05.04.2023 16:00:00.000,162.976,162.987,161.796,162.327,115763.9999
05.04.2023 17:00:00.000,162.336,163.086,162.256,162.937,101916.0004
05.04.2023 18:00:00.000,162.947,163.287,162.636,163.227,100211.998
05.04.2023 19:00:00.000,163.217,163.937,162.926,163.727,121524.0021
06.04.2023 13:00:00.000,162.396,162.717,162.016,162.677,105120.0027
06.04.2023 14:00:00.000,162.666,163.577,162.526,163.267,170520.0043
06.04.2023 15:00:00.000,163.267,164.727,163.186,164.516,114900.0015
06.04.2023 16:00:00.000,164.516,164.946,164.396,164.467,98844.0018
06.04.2023 17:00:00.000,164.467,164.797,164.296,164.796,73043.9987
06.04.2023 18:00:00.000,164.807,164.917,164.546,164.637,76763.9999
06.04.2023 19:00:00.000,164.636,164.817,164.316,164.616,72947.998
10.04.2023 13:00:00.000,161.377,161.846,160.067,160.467,121763.9999
10.04.2023 14:00:00.000,160.446,160.807,160.076,160.536,154199.9969
10.04.2023 15:00:00.000,160.546,161.607,160.516,161.097,121559.9976
10.04.2023 16:00:00.000,161.087,161.597,160.586,161.397,128759.9945
10.04.2023 17:00:00.000,161.407,161.617,161.166,161.426,108155.9982
10.04.2023 18:00:00.000,161.436,161.827,161.326,161.716,95508.0032
10.04.2023 19:00:00.000,161.717,162.016,161.486,162.006,88379.9973
11.04.2023 13:00:00.000,162.316,162.317,161.066,161.206,119291.9998
11.04.2023 14:00:00.000,161.216,161.377,160.546,160.726,154643.9972
11.04.2023 15:00:00.000,160.717,161.117,160.506,160.966,85176.0025
11.04.2023 16:00:00.000,160.966,161.517,160.836,161.367,70092.0029
11.04.2023 17:00:00.000,161.377,161.797,161.066,161.776,48683.9981
11.04.2023 18:00:00.000,161.787,161.817,161.476,161.576,41352.0012
11.04.2023 19:00:00.000,161.587,161.607,160.536,160.787,65244.0033
12.04.2023 13:00:00.000,161.116,162.046,160.476,160.957,135419.9982
12.04.2023 14:00:00.000,160.947,162.037,160.656,160.656,222276.001
12.04.2023 15:00:00.000,160.637,161.647,160.256,161.557,179436.0046
12.04.2023 16:00:00.000,161.567,161.707,161.337,161.526,117431.9992
12.04.2023 17:00:00.000,161.536,161.797,161.216,161.316,88487.999
12.04.2023 18:00:00.000,161.306,161.717,160.406,160.776,196727.9968
12.04.2023 19:00:00.000,160.766,160.967,159.776,160.096,179184.0057
13.04.2023 13:00:00.000,161.527,163.217,161.416,162.866,132804.0009
13.04.2023 14:00:00.000,162.876,163.667,162.706,163.167,152160.0037
13.04.2023 15:00:00.000,163.176,163.777,163.136,163.766,96767.9977
13.04.2023 16:00:00.000,163.776,164.177,163.536,164.106,54900.0015
13.04.2023 17:00:00.000,164.116,164.917,163.887,164.877,58787.9982
13.04.2023 18:00:00.000,164.897,165.367,164.786,165.177,65328.0029
13.04.2023 19:00:00.000,165.177,165.787,165.096,165.587,76248.0011
14.04.2023 13:00:00.000,164.497,166.307,164.496,165.746,119015.9988
14.04.2023 14:00:00.000,165.756,166.286,164.557,164.897,249395.9961
14.04.2023 15:00:00.000,164.906,165.466,164.606,164.907,170675.9949
14.04.2023 16:00:00.000,164.907,164.936,163.827,163.996,146988.0066
14.04.2023 17:00:00.000,163.976,164.587,163.926,164.436,115655.9982
14.04.2023 18:00:00.000,164.436,165.447,164.156,164.977,119963.9969
14.04.2023 19:00:00.000,164.987,165.267,164.387,165.207,161279.9988
17.04.2023 13:00:00.000,165.037,165.377,164.246,164.677,130572.0062
17.04.2023 14:00:00.000,164.667,165.056,164.066,164.557,209268.0054
17.04.2023 15:00:00.000,164.577,164.947,164.246,164.457,148007.9956
17.04.2023 16:00:00.000,164.447,164.537,164.056,164.506,107195.9991
17.04.2023 17:00:00.000,164.507,164.746,164.356,164.376,84239.9979
17.04.2023 18:00:00.000,164.366,164.707,164.236,164.647,90695.9991
17.04.2023 19:00:00.000,164.657,165.327,164.656,165.246,101987.999
18.04.2023 13:00:00.000,165.976,167.397,165.806,166.927,112608.0017
18.04.2023 14:00:00.000,166.917,166.937,165.776,165.917,188315.9943
18.04.2023 15:00:00.000,165.936,166.247,165.636,165.707,155100.0061
18.04.2023 16:00:00.000,165.697,166.307,165.666,165.757,118536.0031
18.04.2023 17:00:00.000,165.757,166.467,165.696,166.276,95639.9994
18.04.2023 18:00:00.000,166.266,166.727,166.006,166.297,116879.9973
18.04.2023 19:00:00.000,166.306,166.686,166.047,166.436,112956.0013
19.04.2023 13:00:00.000,165.827,166.536,165.527,166.137,110772.0032
19.04.2023 14:00:00.000,166.137,167.196,166.096,166.926,151751.9989
19.04.2023 15:00:00.000,166.926,167.777,166.896,167.587,130811.9965
19.04.2023 16:00:00.000,167.597,168.147,167.416,167.836,103188.0035
19.04.2023 17:00:00.000,167.846,168.077,167.597,167.797,83255.9967
19.04.2023 18:00:00.000,167.807,168.067,167.576,167.917,93263.9999
19.04.2023 19:00:00.000,167.926,167.927,167.156,167.607,107856.0028
20.04.2023 13:00:00.000,165.947,167.317,165.897,166.807,90695.9991
20.04.2023 14:00:00.000,166.806,167.387,166.646,166.856,147503.9978
20.04.2023 15:00:00.000,166.876,167.527,166.506,167.267,131483.9935
20.04.2023 16:00:00.000,167.276,167.857,166.937,167.687,108132.0038
20.04.2023 17:00:00.000,167.696,167.847,167.436,167.457,90407.9971
20.04.2023 18:00:00.000,167.467,167.487,166.217,166.546,128231.9946
20.04.2023 19:00:00.000,166.556,166.637,165.556,166.626,157643.9972
21.04.2023 13:00:00.000,164.977,166.447,164.847,164.897,129720.0012
21.04.2023 14:00:00.000,164.877,165.667,164.487,165.007,195419.9982
21.04.2023 15:00:00.000,165.017,165.407,164.706,165.207,150468.0023
21.04.2023 16:00:00.000,165.226,165.227,164.746,164.887,115727.9968
21.04.2023 17:00:00.000,164.876,165.197,164.676,165.067,87155.9982
21.04.2023 18:00:00.000,165.077,165.347,164.876,165.026,79727.9968
21.04.2023 19:00:00.000,165.017,165.057,164.696,164.987,89676.0025
24.04.2023 13:00:00.000,164.936,165.457,164.386,165.156,107760.0021
24.04.2023 14:00:00.000,165.156,165.417,164.026,164.026,161675.9949
24.04.2023 15:00:00.000,164.016,164.386,163.887,164.126,125531.9977
24.04.2023 16:00:00.000,164.127,164.616,164.036,164.507,69108.0017
24.04.2023 17:00:00.000,164.507,165.207,164.366,165.127,62796.0014
24.04.2023 18:00:00.000,165.126,165.427,164.966,165.287,63708.0002
24.04.2023 19:00:00.000,165.296,165.586,165.076,165.336,69695.9991
25.04.2023 13:00:00.000,165.157,166.297,164.987,166.036,112223.999
25.04.2023 14:00:00.000,166.026,166.257,165.046,165.217,166188.0035
25.04.2023 15:00:00.000,165.226,165.637,164.776,164.856,122232.0023
25.04.2023 16:00:00.000,164.857,164.917,164.376,164.606,104844.0018
25.04.2023 17:00:00.000,164.616,164.807,163.786,163.917,134423.996
25.04.2023 18:00:00.000,163.907,164.516,163.746,163.996,132503.9978
25.04.2023 19:00:00.000,163.987,164.407,163.726,163.736,137544.0063
26.04.2023 13:00:00.000,163.016,164.127,162.786,164.007,136703.9948
26.04.2023 14:00:00.000,163.956,164.257,163.256,164.167,195587.9974
26.04.2023 15:00:00.000,164.176,164.917,164.086,164.846,137975.9979
26.04.2023 16:00:00.000,164.856,165.267,164.126,164.297,116304.0009
26.04.2023 17:00:00.000,164.286,164.516,163.376,163.506,117636.0016
26.04.2023 18:00:00.000,163.507,163.857,163.336,163.497,133380.0049
26.04.2023 19:00:00.000,163.506,164.177,163.306,163.676,131735.9924
27.04.2023 13:00:00.000,165.086,166.136,165.086,165.397,123671.9971
27.04.2023 14:00:00.000,165.407,166.607,165.366,166.216,160848.0072
27.04.2023 15:00:00.000,166.226,166.897,166.107,166.677,106643.9972
27.04.2023 16:00:00.000,166.667,167.076,166.666,166.997,73403.9993
27.04.2023 17:00:00.000,167.006,167.436,166.876,167.237,57863.9984
27.04.2023 18:00:00.000,167.247,167.937,167.126,167.866,65388.0005
27.04.2023 19:00:00.000,167.857,168.517,167.816,168.386,74412.0026
28.04.2023 13:00:00.000,168.436,169.016,167.867,168.496,113195.9991
28.04.2023 14:00:00.000,168.486,169.837,168.226,168.766,193283.9966
28.04.2023 15:00:00.000,168.776,168.817,168.027,168.756,171768.0054
28.04.2023 16:00:00.000,168.767,168.957,168.316,168.827,128100.0061
28.04.2023 17:00:00.000,168.816,168.867,168.146,168.336,115680.0003
28.04.2023 18:00:00.000,168.317,168.587,168.106,168.566,119099.9985
28.04.2023 19:00:00.000,168.556,169.697,168.516,169.666,114755.9967
01.05.2023 13:00:00.000,169.257,170.267,169.007,169.426,102276.001
01.05.2023 14:00:00.000,169.427,169.657,168.636,169.507,169332.0007
01.05.2023 15:00:00.000,169.507,169.817,168.916,169.637,153899.9939
01.05.2023 16:00:00.000,169.627,170.407,169.576,170.346,92400.0015
01.05.2023 17:00:00.000,170.336,170.437,170.066,170.136,72900.0015
01.05.2023 18:00:00.000,170.127,170.167,169.196,169.517,97440.0024
01.05.2023 19:00:00.000,169.526,169.887,169.227,169.527,119279.9988
02.05.2023 13:00:00.000,170.076,170.337,169.406,169.737,111456.0013
02.05.2023 14:00:00.000,169.706,169.926,168.016,168.257,221580.0018
02.05.2023 15:00:00.000,168.257,168.357,167.526,167.616,192936.0046
02.05.2023 16:00:00.000,167.607,168.507,167.536,168.377,133740.0055
02.05.2023 17:00:00.000,168.377,168.947,168.326,168.666,107699.9969
02.05.2023 18:00:00.000,168.667,169.037,168.336,169.017,124319.9997
02.05.2023 19:00:00.000,169.007,169.266,168.386,168.516,137244.0033
03.05.2023 13:00:00.000,169.446,170.877,169.446,170.747,105036.0031
03.05.2023 14:00:00.000,170.727,170.916,169.547,169.607,162300.0031
03.05.2023 15:00:00.000,169.606,169.917,169.166,169.917,131531.9977
03.05.2023 16:00:00.000,169.927,170.157,169.517,169.987,88763.9999
03.05.2023 17:00:00.000,169.986,170.277,169.766,169.846,89339.9963
03.05.2023 18:00:00.000,169.876,170.717,169.046,170.036,310920.0134
03.05.2023 19:00:00.000,170.046,170.457,167.146,167.486,307440.0024
04.05.2023 13:00:00.000,164.767,165.486,164.296,165.157,137807.9987
04.05.2023 14:00:00.000,165.147,166.216,164.996,165.937,249720.0012
04.05.2023 15:00:00.000,165.926,166.867,165.497,165.757,195660.0037
04.05.2023 16:00:00.000,165.756,166.626,165.426,166.566,143555.9998
04.05.2023 17:00:00.000,166.576,167.027,166.006,166.357,144179.9927
04.05.2023 18:00:00.000,166.367,166.387,165.306,165.606,126083.9996
04.05.2023 19:00:00.000,165.597,166.327,165.066,165.767,146580.0018
05.05.2023 13:00:00.000,170.796,173.737,170.716,173.106,121103.9963
05.05.2023 14:00:00.000,173.106,174.187,172.717,173.536,155423.996
05.05.2023 15:00:00.000,173.546,174.037,173.326,173.777,117480.0034
05.05.2023 16:00:00.000,173.786,174.037,173.217,173.456,100680.0003
05.05.2023 17:00:00.000,173.467,174.076,173.236,173.876,73931.9992
05.05.2023 18:00:00.000,173.877,174.167,173.687,174.127,80832.0007
05.05.2023 19:00:00.000,174.126,174.287,173.296,173.586,121283.9966
08.05.2023 13:00:00.000,172.377,173.546,172.096,172.776,111071.9986
08.05.2023 14:00:00.000,172.757,173.807,172.706,173.466,158675.9949
08.05.2023 15:00:00.000,173.476,173.757,173.146,173.757,99671.9971
08.05.2023 16:00:00.000,173.766,173.807,173.397,173.427,78839.9963
08.05.2023 17:00:00.000,173.436,173.836,173.336,173.697,63240.0017
08.05.2023 18:00:00.000,173.696,173.786,172.947,173.717,94872.0016
08.05.2023 19:00:00.000,173.726,173.766,173.216,173.506,94019.9966
09.05.2023 13:00:00.000,173.086,173.497,172.307,172.756,98879.9973
09.05.2023 14:00:00.000,172.786,172.877,172.146,172.507,112500
09.05.2023 15:00:00.000,172.497,172.627,171.816,171.847,103643.9972
09.05.2023 16:00:00.000,171.847,172.417,171.806,172.357,88763.9999
09.05.2023 17:00:00.000,172.366,172.467,171.947,172.077,59568.0008
09.05.2023 18:00:00.000,172.086,172.347,171.916,172.066,70043.9987
09.05.2023 19:00:00.000,172.057,172.217,171.627,171.727,81755.9967
10.05.2023 13:00:00.000,173.006,173.997,172.537,172.966,120143.9972
10.05.2023 14:00:00.000,172.977,173.687,172.276,172.547,216503.9978
10.05.2023 15:00:00.000,172.547,173.817,172.536,173.467,149975.9979
10.05.2023 16:00:00.000,173.476,173.477,172.726,172.797,133667.9993
10.05.2023 17:00:00.000,172.776,172.937,171.896,172.257,160595.993
10.05.2023 18:00:00.000,172.256,173.147,172.246,173.056,145548.0042
10.05.2023 19:00:00.000,173.056,173.896,172.926,173.537,137328.0029
11.05.2023 13:00:00.000,173.777,173.947,172.176,172.266,117227.9968
11.05.2023 14:00:00.000,172.276,173.237,172.166,173.217,195873.0011
11.05.2023 15:00:00.000,173.226,173.867,173.156,173.576,135611.9995
11.05.2023 16:00:00.000,173.587,174.007,173.336,173.747,117384.0027
11.05.2023 17:00:00.000,173.767,173.927,173.047,173.656,125304.0009
11.05.2023 18:00:00.000,173.667,174.557,173.547,174.367,111419.9982
11.05.2023 19:00:00.000,174.376,174.387,173.496,173.807,111732.0023
12.05.2023 13:00:00.000,173.616,174.047,172.936,173.086,96251.9989
12.05.2023 14:00:00.000,173.086,173.237,172.316,172.776,171996.0022
12.05.2023 15:00:00.000,172.766,172.967,172.306,172.656,107699.9969
12.05.2023 16:00:00.000,172.667,172.676,171.476,171.527,87683.9981
12.05.2023 17:00:00.000,171.517,172.006,171.206,171.266,95903.9993
12.05.2023 18:00:00.000,171.246,171.737,170.996,171.646,98664.0015
12.05.2023 19:00:00.000,171.666,172.606,171.546,172.537,98807.9987
15.05.2023 13:00:00.000,173.056,173.177,171.816,171.977,104711.998
15.05.2023 14:00:00.000,171.966,172.267,171.457,171.896,152843.9941
15.05.2023 15:00:00.000,171.896,172.417,171.876,172.337,118139.9994
15.05.2023 16:00:00.000,172.326,172.417,171.936,172.187,78599.9985
15.05.2023 17:00:00.000,172.186,172.287,171.516,171.847,99900.0015
15.05.2023 18:00:00.000,171.857,172.007,171.646,171.727,74975.9979
15.05.2023 19:00:00.000,171.736,172.177,171.666,172.127,66491.9968
16.05.2023 13:00:00.000,171.936,173.117,171.906,172.607,110867.9962
16.05.2023 14:00:00.000,172.596,172.677,171.866,172.277,174384.0027
16.05.2023 15:00:00.000,172.277,172.337,171.826,172.216,139391.9983
16.05.2023 16:00:00.000,172.216,172.487,171.957,172.166,112272.0032
16.05.2023 17:00:00.000,172.176,172.326,172.036,172.297,92279.9988
16.05.2023 18:00:00.000,172.297,172.457,171.786,172.386,79500
16.05.2023 19:00:00.000,172.377,172.716,172.016,172.076,96143.9972
17.05.2023 13:00:00.000,171.717,172.137,170.417,170.506,107375.9995
17.05.2023 14:00:00.000,170.507,171.207,170.406,171.027,129972.0001
17.05.2023 15:00:00.000,171.037,171.247,170.456,171.067,124295.9976
17.05.2023 16:00:00.000,171.067,171.727,170.826,171.617,100716.0034
17.05.2023 17:00:00.000,171.627,172.847,171.587,172.816,114503.9978
17.05.2023 18:00:00.000,172.827,172.847,171.936,172.116,104424.0036
17.05.2023 19:00:00.000,172.107,172.907,171.926,172.627,124164.0015
18.05.2023 13:00:00.000,172.986,173.466,172.557,173.076,110676.0025
18.05.2023 14:00:00.000,173.066,174.347,172.807,174.277,169524.0021
18.05.2023 15:00:00.000,174.287,174.977,174.246,174.787,126239.9979
18.05.2023 16:00:00.000,174.797,174.866,174.117,174.266,148044.0063
18.05.2023 17:00:00.000,174.267,174.827,173.747,173.816,138348.0072
18.05.2023 18:00:00.000,173.806,174.667,173.666,174.416,109043.9987
18.05.2023 19:00:00.000,174.417,175.227,174.206,175.056,113375.9995
19.05.2023 13:00:00.000,176.266,176.266,175.516,175.976,112031.9977
19.05.2023 14:00:00.000,175.976,176.277,175.396,175.696,164268.0054
19.05.2023 15:00:00.000,175.687,176.007,175.196,175.636,211007.9956
19.05.2023 16:00:00.000,175.627,175.816,175.086,175.316,142248.0011
19.05.2023 17:00:00.000,175.316,175.877,175.246,175.306,119736.0001
19.05.2023 18:00:00.000,175.306,175.587,175.086,175.516,133367.9962
19.05.2023 19:00:00.000,175.517,175.587,174.937,175.167,123683.9981
22.05.2023 13:00:00.000,173.716,174.706,173.616,173.997,117935.997
22.05.2023 14:00:00.000,174.007,174.367,173.446,173.897,190391.9983
22.05.2023 15:00:00.000,173.917,174.587,173.827,174.327,121103.9963
22.05.2023 16:00:00.000,174.337,174.437,173.896,174.207,110928.0014
22.05.2023 17:00:00.000,174.197,174.506,173.847,174.226,68867.9962
22.05.2023 18:00:00.000,174.216,174.607,174.086,174.367,44231.9984
22.05.2023 19:00:00.000,174.366,174.486,174.026,174.236,56183.9981
23.05.2023 13:00:00.000,173.017,173.356,172.526,172.926,106068.0008
23.05.2023 14:00:00.000,172.937,173.177,172.676,172.907,142848.0072
23.05.2023 15:00:00.000,172.896,173.167,172.516,172.717,89699.9969
23.05.2023 16:00:00.000,172.727,172.806,171.757,171.936,122987.999
23.05.2023 17:00:00.000,171.937,172.477,171.847,172.167,121632.0038
23.05.2023 18:00:00.000,172.157,172.297,171.496,171.816,142296.0052
23.05.2023 19:00:00.000,171.806,172.007,171.257,171.496,136848.0072
24.05.2023 13:00:00.000,170.827,172.257,170.767,171.827,114708.0002
24.05.2023 14:00:00.000,171.817,171.896,170.957,171.237,196475.9979
24.05.2023 15:00:00.000,171.246,171.667,170.756,170.996,151139.9994
24.05.2023 16:00:00.000,170.997,171.317,170.526,171.086,132083.9996
24.05.2023 17:00:00.000,171.087,171.767,170.836,171.617,96323.9975
24.05.2023 18:00:00.000,171.586,171.757,171.016,171.316,127236.0001
24.05.2023 19:00:00.000,171.327,172.407,171.136,171.817,167111.9995
25.05.2023 13:00:00.000,172.406,173.197,172.046,172.496,147024.0021
25.05.2023 14:00:00.000,172.496,172.857,171.676,172.416,202175.9949
25.05.2023 15:00:00.000,172.426,172.786,171.746,172.306,180108.0017
25.05.2023 16:00:00.000,172.307,173.707,172.296,173.086,144083.9996
25.05.2023 17:00:00.000,173.097,173.447,172.836,173.366,111347.9996
25.05.2023 18:00:00.000,173.377,173.886,172.687,172.816,131376.0071
25.05.2023 19:00:00.000,172.806,173.847,172.806,172.996,131292.0074
26.05.2023 13:00:00.000,173.267,174.727,173.097,174.567,112884.0027
26.05.2023 14:00:00.000,174.596,175.567,174.496,175.416,174035.9955
26.05.2023 15:00:00.000,175.417,175.757,174.866,175.107,131363.9984
26.05.2023 16:00:00.000,175.106,175.337,175.016,175.227,114972.0001
26.05.2023 17:00:00.000,175.236,175.517,175.106,175.206,81396.0037
26.05.2023 18:00:00.000,175.216,175.247,174.826,175.116,79860.0006
26.05.2023 19:00:00.000,175.117,175.656,174.946,175.327,99407.9971
30.05.2023 13:00:00.000,176.787,178.957,176.577,177.716,135444.0002
30.05.2023 14:00:00.000,177.697,178.077,176.966,177.426,209555.9998
30.05.2023 15:00:00.000,177.436,177.777,176.746,177.316,180108.0017
30.05.2023 16:00:00.000,177.307,177.957,177.077,177.826,180947.998
30.05.2023 17:00:00.000,177.826,177.857,176.806,176.946,155123.9929
30.05.2023 18:00:00.000,176.947,177.837,176.586,177.457,138348.0072
30.05.2023 19:00:00.000,177.466,177.677,176.887,177.286,127068.0008
31.05.2023 13:00:00.000,177.176,179.046,177.147,178.927,124763.9999
31.05.2023 14:00:00.000,178.926,179.337,177.406,178.327,210695.9991
31.05.2023 15:00:00.000,178.337,179.057,178.046,178.866,173796.0052
31.05.2023 16:00:00.000,178.857,179.026,178.456,178.717,157572.0062
31.05.2023 17:00:00.000,178.727,179.287,178.556,179.057,144552.002
31.05.2023 18:00:00.000,179.037,179.277,178.546,178.736,145272.0032
31.05.2023 19:00:00.000,178.746,179.287,176.776,177.416,176076.004
01.06.2023 13:00:00.000,177.597,177.846,176.917,177.277,138996.0022
01.06.2023 14:00:00.000,177.306,179.277,177.257,178.947,219947.998
01.06.2023 15:00:00.000,178.947,179.637,178.766,179.576,158796.0052
01.06.2023 16:00:00.000,179.577,179.987,179.577,179.896,109704.0024
01.06.2023 17:00:00.000,179.896,179.977,179.456,179.876,89568.0008
01.06.2023 18:00:00.000,179.876,180.067,179.567,179.807,86664.0015
01.06.2023 19:00:00.000,179.817,180.096,179.216,180.096,132348.0072
02.06.2023 13:00:00.000,180.996,181.747,179.686,179.786,152604.0039
02.06.2023 14:00:00.000,179.807,180.597,179.246,180.517,227376.0071
02.06.2023 15:00:00.000,180.527,180.977,180.136,180.966,161916.0004
02.06.2023 16:00:00.000,180.976,181.036,180.466,180.837,127319.9997
02.06.2023 17:00:00.000,180.837,180.867,180.296,180.497,114132.0038
02.06.2023 18:00:00.000,180.496,180.817,180.056,180.617,108431.9992
02.06.2023 19:00:00.000,180.627,181.077,180.576,180.927,111648.0026
05.06.2023 13:00:00.000,182.546,183.847,181.956,183.346,122615.9973
05.06.2023 14:00:00.000,183.386,184.347,183.247,184.246,229871.994
05.06.2023 15:00:00.000,184.236,184.327,183.926,184.077,124500
05.06.2023 16:00:00.000,184.086,184.706,183.987,184.557,104928.0014
05.06.2023 17:00:00.000,184.566,184.947,182.016,182.767,153251.9989
05.06.2023 18:00:00.000,182.766,183.666,180.057,181.667,256272.0032
05.06.2023 19:00:00.000,181.676,181.756,178.006,179.577,240227.9968
06.06.2023 13:00:00.000,179.917,180.057,177.566,177.857,138444.0002
06.06.2023 14:00:00.000,177.866,179.207,177.426,178.497,186264.0076
06.06.2023 15:00:00.000,178.496,178.847,177.646,178.817,147348.0072
06.06.2023 16:00:00.000,178.807,179.097,178.026,178.076,143195.9991
06.06.2023 17:00:00.000,178.087,179.276,178.067,178.827,145716.0034
06.06.2023 18:00:00.000,178.827,179.467,178.706,179.376,119543.9987
06.06.2023 19:00:00.000,179.386,179.687,179.046,179.136,131807.9987
07.06.2023 13:00:00.000,178.357,181.197,178.206,180.406,137220.0012
07.06.2023 14:00:00.000,180.397,180.627,178.476,178.716,249203.9948
07.06.2023 15:00:00.000,178.706,179.597,178.556,178.876,180539.9933
07.06.2023 16:00:00.000,178.876,179.037,177.996,178.096,174539.9933
07.06.2023 17:00:00.000,178.107,178.457,177.306,177.777,155783.9966
07.06.2023 18:00:00.000,177.786,178.277,177.597,178.236,142307.9987
07.06.2023 19:00:00.000,178.236,178.487,177.416,177.806,177156.0059
08.06.2023 13:00:00.000,177.737,178.726,177.737,177.846,147432.0068
08.06.2023 14:00:00.000,177.856,179.186,177.467,179.107,209891.9983
08.06.2023 15:00:00.000,179.117,179.867,178.966,179.497,128759.9945
08.06.2023 16:00:00.000,179.497,179.986,179.296,179.607,120204.0024
08.06.2023 17:00:00.000,179.617,179.857,179.016,179.527,124176.0025
08.06.2023 18:00:00.000,179.527,180.227,179.457,179.916,81335.9985
08.06.2023 19:00:00.000,179.927,180.826,179.726,180.547,88931.9992
09.06.2023 13:00:00.000,181.467,182.177,181.236,181.566,135468.0023
09.06.2023 14:00:00.000,181.577,182.096,180.976,181.386,228516.0065
09.06.2023 15:00:00.000,181.377,182.066,180.857,180.877,176436.0046
09.06.2023 16:00:00.000,180.887,181.567,180.616,181.386,161039.9933
09.06.2023 17:00:00.000,181.387,182.017,181.276,182.017,96431.9992
09.06.2023 18:00:00.000,182.017,182.217,181.746,182.026,108263.9999
09.06.2023 19:00:00.000,182.027,182.077,180.746,181.037,154548.0042
12.06.2023 13:00:00.000,181.347,182.016,181.256,181.427,131699.9969
12.06.2023 14:00:00.000,181.427,181.947,180.957,181.756,202667.9993
12.06.2023 15:00:00.000,181.746,182.516,181.716,182.316,130619.9951
12.06.2023 16:00:00.000,182.317,182.487,182.107,182.387,83232.0023
12.06.2023 17:00:00.000,182.376,182.757,182.356,182.727,77195.9991
12.06.2023 18:00:00.000,182.737,183.107,182.616,183.096,49391.9983
12.06.2023 19:00:00.000,183.106,183.877,183.006,183.827,106008.0032
13.06.2023 13:00:00.000,182.767,184.126,182.656,183.216,150947.998
13.06.2023 14:00:00.000,183.227,183.607,182.447,182.937,244248.0011
13.06.2023 15:00:00.000,182.946,183.746,182.806,183.097,177000
13.06.2023 16:00:00.000,183.107,183.517,182.956,183.457,128580.0018
13.06.2023 17:00:00.000,183.456,183.537,182.756,183.006,94847.9996
13.06.2023 18:00:00.000,183.006,183.087,182.436,182.906,124139.9994
13.06.2023 19:00:00.000,182.907,183.367,182.676,183.297,112980.0034
14.06.2023 13:00:00.000,183.337,184.017,182.897,183.897,110519.9966
14.06.2023 14:00:00.000,183.906,184.317,183.666,183.776,123744.0033
14.06.2023 15:00:00.000,183.766,184.377,183.506,184.086,125040.0009
14.06.2023 16:00:00.000,184.086,184.237,183.826,184.076,96972.0001
14.06.2023 17:00:00.000,184.077,184.087,183.506,183.696,99167.9993
14.06.2023 18:00:00.000,183.676,184.117,181.997,183.557,325247.9858
14.06.2023 19:00:00.000,183.566,184.187,182.936,183.926,253416.0004
15.06.2023 13:00:00.000,183.937,185.187,183.707,185.176,130727.9968
15.06.2023 14:00:00.000,185.186,185.836,184.996,185.417,208367.9962
15.06.2023 15:00:00.000,185.426,185.947,185.226,185.537,142583.9996
15.06.2023 16:00:00.000,185.547,185.547,185.026,185.096,118608.0017
15.06.2023 17:00:00.000,185.086,185.737,184.557,185.667,112596.0007
15.06.2023 18:00:00.000,185.676,186.506,185.446,186.327,125555.9998
15.06.2023 19:00:00.000,186.337,186.427,185.677,185.996,177936.0046
16.06.2023 13:00:00.000,186.597,186.797,184.966,185.207,156179.9927
16.06.2023 14:00:00.000,185.217,185.956,185.126,185.727,241259.9945
16.06.2023 15:00:00.000,185.726,186.107,185.296,185.756,195539.9933
16.06.2023 16:00:00.000,185.756,185.977,185.496,185.917,120251.9989
16.06.2023 17:00:00.000,185.916,186.017,185.456,185.566,106692.0013
16.06.2023 18:00:00.000,185.556,185.607,184.856,184.887,77160.0037
16.06.2023 19:00:00.000,184.897,185.087,184.656,184.987,117396.0037
20.06.2023 13:00:00.000,184.407,186.077,184.407,185.297,129011.9934
20.06.2023 14:00:00.000,185.306,185.956,184.496,184.847,201492.0044
20.06.2023 15:00:00.000,184.847,185.347,184.776,184.966,161759.9945
20.06.2023 16:00:00.000,184.967,186.077,184.896,185.737,128268.0054
20.06.2023 17:00:00.000,185.726,186.027,185.466,185.536,103931.9992
20.06.2023 18:00:00.000,185.546,185.836,185.206,185.466,91632.0038
20.06.2023 19:00:00.000,185.467,185.526,185.006,185.006,128820.0073
21.06.2023 13:00:00.000,184.817,185.396,183.876,184.096,129815.9943
21.06.2023 14:00:00.000,184.086,184.397,183.186,183.476,242171.9971
21.06.2023 15:00:00.000,183.487,183.807,182.576,183.247,197904.007
21.06.2023 16:00:00.000,183.246,184.326,183.126,184.226,157583.9996
21.06.2023 17:00:00.000,184.217,184.637,183.966,184.577,128483.9935
21.06.2023 18:00:00.000,184.576,185.186,184.426,184.897,113879.9973
21.06.2023 19:00:00.000,184.887,184.897,183.786,183.936,151740.0055
22.06.2023 13:00:00.000,183.666,185.546,183.666,185.426,129251.9989
22.06.2023 14:00:00.000,185.427,185.977,185.006,185.916,180156.0059
22.06.2023 15:00:00.000,185.887,186.717,185.886,186.336,149723.999
22.06.2023 16:00:00.000,186.327,186.336,185.726,186.117,128076.004
22.06.2023 17:00:00.000,186.127,186.477,185.596,186.427,110099.9985
22.06.2023 18:00:00.000,186.436,186.707,186.206,186.696,94512.001
22.06.2023 19:00:00.000,186.687,187.037,186.276,186.937,113531.9977
23.06.2023 13:00:00.000,185.507,186.167,184.996,185.256,126959.9991
23.06.2023 14:00:00.000,185.266,186.337,185.006,186.256,196559.9976
23.06.2023 15:00:00.000,186.266,186.677,185.897,186.546,156899.9939
23.06.2023 16:00:00.000,186.556,187.127,186.526,186.977,113807.9987
23.06.2023 17:00:00.000,186.987,187.547,186.976,187.327,87480.0034
23.06.2023 18:00:00.000,187.337,187.417,186.566,186.697,117624.0005
23.06.2023 19:00:00.000,186.686,187.237,186.376,186.687,153936.0046
26.06.2023 13:00:00.000,186.766,187.817,186.307,187.566,119856.0028
26.06.2023 14:00:00.000,187.577,188.036,186.956,187.617,205692.0013
26.06.2023 15:00:00.000,187.607,187.617,186.406,186.877,187535.9955
26.06.2023 16:00:00.000,186.876,186.957,185.646,186.036,199608.0017
26.06.2023 17:00:00.000,186.036,186.037,185.596,185.817,163679.9927
26.06.2023 18:00:00.000,185.817,186.397,185.766,186.136,136595.993
26.06.2023 19:00:00.000,186.147,186.236,185.227,185.307,153647.995
27.06.2023 13:00:00.000,185.886,187.027,185.636,186.857,130380.0049
27.06.2023 14:00:00.000,186.857,186.987,186.217,186.716,236171.9971
27.06.2023 15:00:00.000,186.706,187.207,186.036,187.106,143268.0054
27.06.2023 16:00:00.000,187.096,187.826,187.036,187.656,108972.0001
27.06.2023 17:00:00.000,187.646,188.177,187.507,188.117,94463.9969
27.06.2023 18:00:00.000,188.117,188.276,187.926,188.007,77424.0036
27.06.2023 19:00:00.000,188.007,188.377,187.956,188.057,89688.0035
28.06.2023 13:00:00.000,187.937,188.617,187.596,188.147,131063.9954
28.06.2023 14:00:00.000,188.156,189.327,187.776,189.127,185916.0004
28.06.2023 15:00:00.000,189.137,189.556,188.926,189.377,140712.0056
28.06.2023 16:00:00.000,189.366,189.887,188.266,188.507,157800.0031
28.06.2023 17:00:00.000,188.497,189.207,188.346,188.937,129227.9968
28.06.2023 18:00:00.000,188.946,189.517,188.896,188.947,103667.9993
28.06.2023 19:00:00.000,188.957,189.277,188.357,189.267,139860.0006
29.06.2023 13:00:00.000,189.007,190.027,189.006,189.687,139332.0007
29.06.2023 14:00:00.000,189.706,189.957,188.926,189.326,237516.0065
29.06.2023 15:00:00.000,189.327,189.897,189.246,189.766,125388.0005
29.06.2023 16:00:00.000,189.766,189.887,189.176,189.327,119111.9995
29.06.2023 17:00:00.000,189.327,189.557,189.106,189.427,100896.0037
29.06.2023 18:00:00.000,189.437,189.777,189.196,189.737,92195.9991
29.06.2023 19:00:00.000,189.747,189.777,189.156,189.586,108564.003
30.06.2023 13:00:00.000,191.677,192.627,191.236,192.446,122279.9988
30.06.2023 14:00:00.000,192.446,193.136,192.146,192.527,169272.0032
30.06.2023 15:00:00.000,192.517,192.797,191.966,192.327,132119.9951
30.06.2023 16:00:00.000,192.327,192.867,192.216,192.667,86832.0007
30.06.2023 17:00:00.000,192.667,193.106,192.626,193.076,78839.9963
30.06.2023 18:00:00.000,193.076,193.177,192.806,192.996,77760.0021
30.06.2023 19:00:00.000,193.006,194.447,192.886,193.757,89267.9977
03.07.2023 13:00:00.000,193.707,193.867,192.786,192.907,100800.0031
03.07.2023 14:00:00.000,192.916,193.137,191.756,191.967,132384.0027
03.07.2023 15:00:00.000,191.966,192.487,191.896,192.216,76188.0035
03.07.2023 16:00:00.000,192.217,192.527,191.996,192.527,53459.9991
05.07.2023 13:00:00.000,191.497,192.957,191.497,192.217,114347.9996
05.07.2023 14:00:00.000,192.226,192.727,192.026,192.346,164748.0011
05.07.2023 15:00:00.000,192.347,192.356,190.896,190.917,126360.0006
05.07.2023 16:00:00.000,190.906,191.297,190.666,191.127,87791.9998
05.07.2023 17:00:00.000,191.096,191.277,190.856,190.927,68891.9983
05.07.2023 18:00:00.000,190.927,191.416,190.606,191.297,105204.0024
05.07.2023 19:00:00.000,191.287,191.477,191.217,191.307,88860.0006
06.07.2023 13:00:00.000,189.857,190.437,189.196,189.907,135276.001
06.07.2023 14:00:00.000,189.917,190.177,189.497,189.536,168167.9993
06.07.2023 15:00:00.000,189.537,190.587,189.526,190.487,96251.9989
06.07.2023 16:00:00.000,190.486,191.167,190.486,190.967,101903.9993
06.07.2023 17:00:00.000,190.966,191.407,190.736,191.397,88356.0028
06.07.2023 18:00:00.000,191.397,191.517,190.906,191.417,79391.9983
06.07.2023 19:00:00.000,191.417,192.007,191.316,191.756,99587.9974
07.07.2023 13:00:00.000,191.346,191.657,190.706,191.526,133751.9989
07.07.2023 14:00:00.000,191.527,191.717,190.236,190.677,163475.9979
07.07.2023 15:00:00.000,190.666,191.776,190.666,191.746,88103.9963
07.07.2023 16:00:00.000,191.767,192.487,191.766,192.307,81671.9971
07.07.2023 17:00:00.000,192.306,192.657,192.166,192.306,55872.0016
07.07.2023 18:00:00.000,192.316,192.477,192.166,192.256,64991.9968
07.07.2023 19:00:00.000,192.246,192.366,190.596,190.686,118608.0017
10.07.2023 13:00:00.000,189.266,189.966,187.136,187.606,128328.0029
10.07.2023 14:00:00.000,187.607,189.497,187.576,188.136,184067.9932
10.07.2023 15:00:00.000,188.146,188.446,187.506,187.507,137856.0028
10.07.2023 16:00:00.000,187.517,188.117,187.027,188.007,127428.0014
10.07.2023 17:00:00.000,188.016,188.337,187.746,188.277,103463.9969
10.07.2023 18:00:00.000,188.296,188.697,187.986,188.567,86531.9977
10.07.2023 19:00:00.000,188.567,188.726,188.096,188.597,114012.001
11.07.2023 13:00:00.000,189.146,189.277,187.586,187.817,129912.0026
11.07.2023 14:00:00.000,187.826,188.557,187.446,188.147,172139.9994
11.07.2023 15:00:00.000,188.156,188.457,187.247,188.186,122316.0019
11.07.2023 16:00:00.000,188.197,188.377,187.446,187.697,109632.0038
11.07.2023 17:00:00.000,187.676,187.777,187.156,187.446,83783.9966
11.07.2023 18:00:00.000,187.456,187.507,186.587,187.346,84732.0023
11.07.2023 19:00:00.000,187.336,188.257,186.957,188.037,101676.0025
12.07.2023 13:00:00.000,189.657,191.687,189.456,190.686,133188.0035
12.07.2023 14:00:00.000,190.697,190.967,189.546,189.656,191003.9978
12.07.2023 15:00:00.000,189.656,189.887,188.456,188.617,171287.9944
12.07.2023 16:00:00.000,188.606,189.807,188.556,189.357,135600.0061
12.07.2023 17:00:00.000,189.356,190.016,189.356,189.917,88199.9969
12.07.2023 18:00:00.000,189.916,190.387,189.796,189.977,84527.9999
12.07.2023 19:00:00.000,189.967,190.227,189.566,189.817,124223.999
13.07.2023 13:00:00.000,190.417,191.077,189.956,190.296,107592.0029
13.07.2023 14:00:00.000,190.306,190.767,189.766,190.306,167363.9984
13.07.2023 15:00:00.000,190.316,190.697,190.036,190.627,104255.9967
13.07.2023 16:00:00.000,190.637,190.837,190.326,190.407,87132.0038
13.07.2023 17:00:00.000,190.407,190.737,190.336,190.567,62208.0002
13.07.2023 18:00:00.000,190.576,190.866,190.496,190.657,50627.9984
13.07.2023 19:00:00.000,190.656,191.176,190.506,190.506,84419.9982
14.07.2023 13:00:00.000,190.147,190.986,190.097,190.787,108947.998
14.07.2023 14:00:00.000,190.777,191.167,190.367,190.606,191651.9928
14.07.2023 15:00:00.000,190.607,190.707,190.276,190.477,111192.0013
14.07.2023 16:00:00.000,190.476,190.487,189.716,190.016,100716.0034
14.07.2023 17:00:00.000,190.006,190.407,189.626,190.197,91980.0034
14.07.2023 18:00:00.000,190.206,190.556,189.976,190.037,102407.9971
14.07.2023 19:00:00.000,190.027,190.717,189.766,190.706,117012.001
17.07.2023 13:00:00.000,191.806,193.427,191.806,192.497,123120.0027
17.07.2023 14:00:00.000,192.506,193.117,192.506,192.947,155436.0046
17.07.2023 15:00:00.000,192.957,193.277,192.736,193.206,93480.0034
17.07.2023 16:00:00.000,193.216,193.237,192.386,192.897,78167.9993
17.07.2023 17:00:00.000,192.886,193.476,192.826,193.296,60096.0007
17.07.2023 18:00:00.000,193.296,193.786,193.156,193.666,61596.0007
17.07.2023 19:00:00.000,193.666,194.307,193.656,193.956,95903.9993
18.07.2023 13:00:00.000,193.297,193.477,192.766,193.317,110267.9977
18.07.2023 14:00:00.000,193.297,193.557,192.796,193.356,144936.0046
18.07.2023 15:00:00.000,193.376,193.646,192.746,193.196,144600.0061
18.07.2023 16:00:00.000,193.197,193.227,192.407,192.506,123924.0036
18.07.2023 17:00:00.000,192.506,193.157,192.496,192.977,78444.0002
18.07.2023 18:00:00.000,192.977,193.957,192.937,193.787,78875.9995
18.07.2023 19:00:00.000,193.777,194.257,193.516,193.626,117480.0034
19.07.2023 13:00:00.000,193.076,193.497,192.677,192.796,100179.6036
19.07.2023 14:00:00.000,192.816,193.327,192.646,192.936,144647.995
19.07.2023 15:00:00.000,192.947,193.587,192.776,193.367,112907.9971
19.07.2023 16:00:00.000,193.367,198.207,193.356,195.077,236639.9994
19.07.2023 17:00:00.000,195.087,195.167,194.046,194.796,141852.005
19.07.2023 18:00:00.000,194.806,195.547,194.256,195.536,92748.0011
19.07.2023 19:00:00.000,195.537,195.707,194.917,195.066,105204.0024
20.07.2023 13:00:00.000,194.956,196.446,194.956,195.726,118356.7505
20.07.2023 14:00:00.000,195.717,195.757,193.946,194.426,208787.9944
20.07.2023 15:00:00.000,194.436,195.117,194.196,194.916,147216.0034
20.07.2023 16:00:00.000,194.917,195.577,194.276,194.467,153167.9993
20.07.2023 17:00:00.000,194.456,194.536,193.876,194.286,124788.002
20.07.2023 18:00:00.000,194.296,194.357,193.096,193.267,126276.001
20.07.2023 19:00:00.000,193.257,193.437,192.486,193.126,145667.9993
21.07.2023 13:00:00.000,194.066,194.947,193.716,193.776,141360.0006
21.07.2023 14:00:00.000,193.777,193.956,192.806,193.136,206712.0056
21.07.2023 15:00:00.000,193.146,193.807,192.696,193.097,169427.9938
21.07.2023 16:00:00.000,193.087,193.137,191.956,192.167,144587.9974
21.07.2023 17:00:00.000,192.177,193.206,192.086,193.096,106608.0017
21.07.2023 18:00:00.000,193.106,193.176,192.377,192.586,107400.0015
21.07.2023 19:00:00.000,192.576,192.676,191.306,191.906,131292.0074
24.07.2023 13:00:00.000,193.137,194.897,193.137,193.497,123012.001
24.07.2023 14:00:00.000,193.486,193.807,192.946,193.367,202091.9952
24.07.2023 15:00:00.000,193.356,193.727,192.816,193.117,150684.0057
24.07.2023 16:00:00.000,193.096,193.417,192.876,193.056,116688.0035
24.07.2023 17:00:00.000,193.056,193.097,192.756,192.957,92891.9983
24.07.2023 18:00:00.000,192.976,193.447,192.586,192.746,97416.0004
24.07.2023 19:00:00.000,192.746,192.867,192.277,192.706,120108.0017
25.07.2023 13:00:00.000,193.316,193.997,192.867,193.936,89351.9974
25.07.2023 14:00:00.000,193.956,194.187,193.216,193.266,149555.9998
25.07.2023 15:00:00.000,193.276,194.116,193.246,193.747,76248.0011
25.07.2023 16:00:00.000,193.756,193.957,193.597,193.907,72204.0024
25.07.2023 17:00:00.000,193.896,194.227,193.836,193.966,61655.9982
25.07.2023 18:00:00.000,193.957,194.427,193.856,193.926,67403.9993
25.07.2023 19:00:00.000,193.936,194.407,193.587,193.627,99192.0013
26.07.2023 13:00:00.000,193.596,194.107,193.306,193.646,105660.0037
26.07.2023 14:00:00.000,193.637,194.707,193.627,194.407,152988.0066
26.07.2023 15:00:00.000,194.386,194.817,194.006,194.766,112127.9984
26.07.2023 16:00:00.000,194.756,194.927,194.166,194.367,76823.9975
26.07.2023 17:00:00.000,194.357,194.437,194.036,194.137,67847.9996
26.07.2023 18:00:00.000,194.136,195.627,193.946,195.036,220895.9961
26.07.2023 19:00:00.000,195.057,195.167,193.657,194.496,216132.0038
27.07.2023 13:00:00.000,196.077,197.187,195.816,196.896,108372.0016
27.07.2023 14:00:00.000,196.907,197.027,195.436,195.537,171468.0023
27.07.2023 15:00:00.000,195.546,196.426,195.486,195.826,132108.0017
27.07.2023 16:00:00.000,195.837,196.407,195.816,196.066,92519.9966
27.07.2023 17:00:00.000,196.076,196.247,194.476,194.656,176783.9966
27.07.2023 18:00:00.000,194.667,194.857,192.896,192.947,198119.9951
27.07.2023 19:00:00.000,192.956,193.646,192.576,193.207,184884.0027
28.07.2023 13:00:00.000,194.577,195.967,194.016,195.636,120360.0006
28.07.2023 14:00:00.000,195.637,196.136,195.306,195.716,170856.0028
28.07.2023 15:00:00.000,195.726,196.617,195.696,196.466,113867.9962
28.07.2023 16:00:00.000,196.477,196.507,195.876,195.926,111671.9971
28.07.2023 17:00:00.000,195.926,195.936,195.027,195.716,142992.0044
28.07.2023 18:00:00.000,195.716,196.187,195.536,195.917,122160.0037
28.07.2023 19:00:00.000,195.916,196.137,195.406,195.776,130380.0049
31.07.2023 13:00:00.000,196.026,196.337,195.377,195.587,136164.0015
31.07.2023 14:00:00.000,195.577,196.427,195.246,196.256,185759.9945
31.07.2023 15:00:00.000,196.256,196.477,195.957,196.126,127692.0013
31.07.2023 16:00:00.000,196.126,196.276,195.757,195.896,100008.0032
31.07.2023 17:00:00.000,195.896,196.377,195.766,196.226,93935.997
31.07.2023 18:00:00.000,196.226,196.357,195.926,196.287,95916.0004
31.07.2023 19:00:00.000,196.287,196.457,195.776,196.457,106512.001
01.08.2023 13:00:00.000,196.227,196.717,195.786,196.427,117587.9974
01.08.2023 14:00:00.000,196.447,196.666,195.266,195.786,198516.0065
01.08.2023 15:00:00.000,195.797,196.167,195.596,195.906,140604.0039
01.08.2023 16:00:00.000,195.887,195.917,195.336,195.767,99036.0031
01.08.2023 17:00:00.000,195.776,196.117,195.516,196.056,83580.0018
01.08.2023 18:00:00.000,196.067,196.266,195.666,195.877,83412.0026
01.08.2023 19:00:00.000,195.867,196.087,195.496,195.606,90047.9965
02.08.2023 13:00:00.000,194.987,195.167,193.367,193.976,130535.9955
02.08.2023 14:00:00.000,193.986,194.257,192.746,192.796,195684.0057
02.08.2023 15:00:00.000,192.786,193.257,192.516,192.566,163451.9958
02.08.2023 16:00:00.000,192.576,192.826,191.836,192.826,154776.001
02.08.2023 17:00:00.000,192.817,193.237,192.686,192.827,136020.0043
02.08.2023 18:00:00.000,192.826,193.247,192.586,192.756,126839.9963
02.08.2023 19:00:00.000,192.757,192.967,192.216,192.577,145416.0004
03.08.2023 13:00:00.000,191.467,192.267,191.106,191.677,142031.9977
03.08.2023 14:00:00.000,191.676,192.017,190.826,191.707,228048.0042
03.08.2023 15:00:00.000,191.707,192.366,191.607,191.736,173772.0032
03.08.2023 16:00:00.000,191.726,192.347,191.606,192.196,132408.0048
03.08.2023 17:00:00.000,192.206,192.287,191.236,191.357,122867.9962
03.08.2023 18:00:00.000,191.366,191.946,191.186,191.837,136139.9994
03.08.2023 19:00:00.000,191.846,191.937,190.986,190.997,152604.0039
04.08.2023 13:00:00.000,185.407,187.367,183.197,185.277,174684.0057
04.08.2023 14:00:00.000,185.287,185.756,184.276,185.336,255647.995
04.08.2023 15:00:00.000,185.346,186.356,184.926,185.596,153837.2955
04.08.2023 16:00:00.000,185.596,185.667,185.076,185.216,93912.0026
04.08.2023 17:00:00.000,185.217,185.237,184.776,184.906,86435.997
04.08.2023 18:00:00.000,184.896,184.897,182.056,182.346,167027.9999
04.08.2023 19:00:00.000,182.337,183.217,181.917,181.986,135216.0034
07.08.2023 13:00:00.000,182.126,183.106,178.216,178.376,161964.0045
07.08.2023 14:00:00.000,178.366,179.777,178.056,178.096,231216.0034
07.08.2023 15:00:00.000,178.087,178.776,177.356,178.646,162455.9937
07.08.2023 16:00:00.000,178.636,178.817,177.736,178.216,133223.999
07.08.2023 17:00:00.000,178.227,178.847,177.957,178.826,120300.0031
07.08.2023 18:00:00.000,178.837,179.026,178.296,178.466,110819.9997
07.08.2023 19:00:00.000,178.477,179.017,178.207,178.817,104351.9974
08.08.2023 13:00:00.000,179.686,179.687,177.576,178.037,143531.9977
08.08.2023 14:00:00.000,178.016,179.207,177.756,178.117,213936.0046
08.08.2023 15:00:00.000,178.127,178.337,177.816,177.856,138444.0002
08.08.2023 16:00:00.000,177.847,178.977,177.826,178.896,114959.9991
08.08.2023 17:00:00.000,178.906,179.467,178.696,179.036,120311.9965
08.08.2023 18:00:00.000,179.037,179.537,178.897,179.477,111681.6025
08.08.2023 19:00:00.000,179.466,180.246,179.336,179.857,124968.0023
09.08.2023 13:00:00.000,180.857,180.857,178.126,178.656,133343.9941
09.08.2023 14:00:00.000,178.647,179.117,177.596,177.796,184212.0056
09.08.2023 15:00:00.000,177.806,178.187,176.996,177.406,171707.9926
09.08.2023 16:00:00.000,177.417,178.476,177.376,178.187,131279.9988
09.08.2023 17:00:00.000,178.187,178.777,178.126,178.667,103919.9982
09.08.2023 18:00:00.000,178.666,179.577,178.596,179.147,101795.9976
09.08.2023 19:00:00.000,179.157,179.286,177.986,178.166,161856.0028
10.08.2023 13:00:00.000,179.457,180.576,178.846,180.537,141468.0023
10.08.2023 14:00:00.000,180.547,180.746,179.126,179.566,226871.994
10.08.2023 15:00:00.000,179.566,179.587,178.006,178.346,216216.0034
10.08.2023 16:00:00.000,178.336,178.907,177.846,177.957,183707.9926
10.08.2023 17:00:00.000,177.956,178.377,177.596,177.676,178643.9972
10.08.2023 18:00:00.000,177.686,178.687,177.646,178.606,183695.9991
10.08.2023 19:00:00.000,178.617,178.687,177.716,177.997,194664.0015
11.08.2023 13:00:00.000,177.247,177.607,176.546,176.827,136992.0044
11.08.2023 14:00:00.000,176.836,178.617,176.836,177.997,226307.9987
11.08.2023 15:00:00.000,177.996,178.167,177.276,177.706,169223.999
11.08.2023 16:00:00.000,177.717,178.077,177.286,177.387,151932.0068
11.08.2023 17:00:00.000,177.396,177.967,177.196,177.747,128496.0022
11.08.2023 18:00:00.000,177.756,178.536,177.727,178.317,135455.9937
11.08.2023 19:00:00.000,178.306,178.347,177.656,177.777,155204.8035
14.08.2023 13:00:00.000,177.906,178.527,177.286,178.267,138815.9943
14.08.2023 14:00:00.000,178.267,179.677,178.016,179.427,195156.0059
14.08.2023 15:00:00.000,179.427,179.527,178.937,179.006,121956.0013
14.08.2023 16:00:00.000,179.007,179.247,178.576,179.157,131520.0043
14.08.2023 17:00:00.000,179.156,179.427,179.016,179.146,106236.0001
14.08.2023 18:00:00.000,179.157,179.337,178.707,178.947,119807.9987
14.08.2023 19:00:00.000,178.956,179.506,178.826,179.506,118596.0007
15.08.2023 13:00:00.000,178.876,179.467,178.407,178.426,134268.0054
15.08.2023 14:00:00.000,178.426,178.486,177.366,177.677,187583.9996
15.08.2023 15:00:00.000,177.686,178.387,177.676,178.306,151332.0007
15.08.2023 16:00:00.000,178.306,178.427,177.766,177.947,133619.9951
15.08.2023 17:00:00.000,177.947,178.227,177.616,177.827,111599.9985
15.08.2023 18:00:00.000,177.837,178.227,177.726,177.987,97211.998
15.08.2023 19:00:00.000,177.987,178.067,177.046,177.457,141468.0023
16.08.2023 13:00:00.000,177.027,178.177,176.836,177.967,123347.9996
16.08.2023 14:00:00.000,177.967,178.527,177.606,178.197,193055.9998
16.08.2023 15:00:00.000,178.207,178.317,177.496,177.646,149147.995
16.08.2023 16:00:00.000,177.656,177.827,177.296,177.587,122148.0026
16.08.2023 17:00:00.000,177.577,178.367,177.376,178.057,122087.9974
16.08.2023 18:00:00.000,178.066,178.296,177.296,177.746,191039.9933
16.08.2023 19:00:00.000,177.737,177.737,176.496,176.537,178440.0024
17.08.2023 13:00:00.000,177.127,177.477,175.226,175.607,117000
17.08.2023 14:00:00.000,175.606,175.616,173.867,174.086,201623.9929
17.08.2023 15:00:00.000,174.087,174.657,173.826,174.617,166619.9951
17.08.2023 16:00:00.000,174.637,175.057,174.397,175.057,127211.998
17.08.2023 17:00:00.000,175.047,175.077,174.076,174.206,122508.0032
17.08.2023 18:00:00.000,174.207,174.337,173.706,173.937,130128.006
17.08.2023 19:00:00.000,173.927,174.697,173.477,173.947,156240.0055
18.08.2023 13:00:00.000,172.207,173.336,171.946,172.467,153804.0009
18.08.2023 14:00:00.000,172.456,173.757,172.417,173.697,217800.0031
18.08.2023 15:00:00.000,173.706,174.357,173.276,174.296,187320.0073
18.08.2023 16:00:00.000,174.297,174.427,173.726,173.966,155052.002
18.08.2023 17:00:00.000,173.966,174.457,173.807,174.396,157259.9945
18.08.2023 18:00:00.000,174.397,174.877,174.277,174.406,149207.9926
18.08.2023 19:00:00.000,174.416,175.056,174.076,174.406,173867.9962
21.08.2023 13:00:00.000,175.046,175.357,174.326,175.357,112463.9969
21.08.2023 14:00:00.000,175.367,175.557,173.907,174.216,189156.0059
21.08.2023 15:00:00.000,174.226,174.447,173.726,174.137,170244.0033
21.08.2023 16:00:00.000,174.127,175.127,174.046,175.066,135852.005
21.08.2023 17:00:00.000,175.077,175.597,174.856,175.236,131496.0022
21.08.2023 18:00:00.000,175.226,175.897,175.107,175.646,99959.9991
21.08.2023 19:00:00.000,175.657,176.117,175.627,175.777,109379.9973
22.08.2023 13:00:00.000,177.017,177.077,176.227,176.587,118896.0037
22.08.2023 14:00:00.000,176.576,177.307,176.266,177.196,168768.0054
22.08.2023 15:00:00.000,177.207,177.417,176.566,176.717,149460.0067
22.08.2023 16:00:00.000,176.706,177.367,176.246,177.016,124319.9997
22.08.2023 17:00:00.000,177.006,177.247,176.756,177.057,121356.0028
22.08.2023 18:00:00.000,177.047,177.366,176.836,177.347,100319.9997
22.08.2023 19:00:00.000,177.357,177.667,177.057,177.177,98472.0001
23.08.2023 13:00:00.000,178.486,180.156,178.296,179.806,114491.9968
23.08.2023 14:00:00.000,179.817,181.267,179.456,181.196,152675.9949
23.08.2023 15:00:00.000,181.207,181.317,180.786,181.116,127416.0004
23.08.2023 16:00:00.000,181.126,181.167,180.626,180.667,95940.0024
23.08.2023 17:00:00.000,180.677,181.537,180.617,181.387,71795.9976
23.08.2023 18:00:00.000,181.356,181.357,180.786,180.937,71987.999
23.08.2023 19:00:00.000,180.936,181.527,180.796,181.137,92952.0035
24.08.2023 13:00:00.000,180.667,181.086,179.606,180.007,130692.0013
24.08.2023 14:00:00.000,180.007,180.117,177.666,177.896,186671.9971
24.08.2023 15:00:00.000,177.886,178.397,177.516,177.596,163175.9949
24.08.2023 16:00:00.000,177.596,178.306,177.496,177.946,136223.999
24.08.2023 17:00:00.000,177.956,178.127,177.426,177.547,115667.9993
24.08.2023 18:00:00.000,177.547,177.867,176.996,177.346,114863.9984
24.08.2023 19:00:00.000,177.357,177.457,175.997,176.307,148548.0042
25.08.2023 13:00:00.000,177.247,178.117,177.226,177.607,124559.9976
25.08.2023 14:00:00.000,177.606,178.597,175.807,175.866,304164.0015
25.08.2023 15:00:00.000,175.876,177.757,175.857,176.647,217343.9941
25.08.2023 16:00:00.000,176.657,177.826,176.636,177.467,181500
25.08.2023 17:00:00.000,177.477,177.637,176.927,177.407,160283.9966
25.08.2023 18:00:00.000,177.406,178.717,177.336,178.606,149027.9999
25.08.2023 19:00:00.000,178.607,179.137,178.426,178.586,178007.9956
28.08.2023 13:00:00.000,180.036,180.167,178.906,179.267,128988.0066
28.08.2023 14:00:00.000,179.276,179.917,178.686,179.007,197699.9969
28.08.2023 15:00:00.000,179.006,179.127,178.537,178.887,148583.9996
28.08.2023 16:00:00.000,178.897,179.597,178.716,179.586,113975.9979
28.08.2023 17:00:00.000,179.596,180.127,179.126,179.336,118536.0031
28.08.2023 18:00:00.000,179.326,179.837,179.226,179.806,124980.0034
28.08.2023 19:00:00.000,179.807,180.577,179.736,180.136,123444.0002
29.08.2023 13:00:00.000,179.657,181.137,179.486,180.867,103236.0001
29.08.2023 14:00:00.000,180.886,182.657,180.866,182.287,190283.9966
29.08.2023 15:00:00.000,182.296,183.517,182.276,183.177,106176.0025
29.08.2023 16:00:00.000,183.177,183.736,183.106,183.586,103223.999
29.08.2023 17:00:00.000,183.586,183.987,183.446,183.697,85176.0025
29.08.2023 18:00:00.000,183.697,184.527,183.646,184.496,84300.0031
29.08.2023 19:00:00.000,184.496,184.886,183.826,184.106,107291.9998
30.08.2023 13:00:00.000,184.867,186.417,184.727,186.356,119736.0001
30.08.2023 14:00:00.000,186.357,187.657,185.846,186.676,190932.0068
30.08.2023 15:00:00.000,186.676,187.317,186.176,187.137,126431.9992
30.08.2023 16:00:00.000,187.146,187.757,186.997,187.426,98891.9983
30.08.2023 17:00:00.000,187.426,187.586,186.886,187.096,86736.0001
30.08.2023 18:00:00.000,187.096,187.596,186.647,187.557,112800.0031
30.08.2023 19:00:00.000,187.547,187.777,187.307,187.716,114000
31.08.2023 13:00:00.000,187.806,188.487,187.666,188.047,118272.0032
31.08.2023 14:00:00.000,188.047,188.747,187.646,188.476,153587.9974
31.08.2023 15:00:00.000,188.486,188.637,188.077,188.216,136248.0011
31.08.2023 16:00:00.000,188.216,188.467,187.477,187.797,131544.0063
31.08.2023 17:00:00.000,187.806,188.177,187.726,188.006,97428.0014
31.08.2023 18:00:00.000,188.016,188.677,187.976,188.497,84276.001
31.08.2023 19:00:00.000,188.497,189.107,187.756,187.867,117912.0026
01.09.2023 13:00:00.000,189.507,189.906,188.266,188.917,140723.999
01.09.2023 14:00:00.000,188.907,189.477,188.306,188.386,226992.0044
01.09.2023 15:00:00.000,188.387,188.877,188.346,188.506,156755.9967
01.09.2023 16:00:00.000,188.506,189.257,188.476,189.166,105216.0034
01.09.2023 17:00:00.000,189.156,189.307,188.837,189.167,83879.9973
01.09.2023 18:00:00.000,189.156,189.187,188.516,188.877,76991.9968
01.09.2023 19:00:00.000,188.867,189.527,188.736,189.447,95723.999
05.09.2023 13:00:00.000,188.247,188.617,187.596,188.036,136811.9965
05.09.2023 14:00:00.000,188.036,189.296,187.797,189.046,179195.9991
05.09.2023 15:00:00.000,189.037,189.597,188.966,189.387,128712.0056
05.09.2023 16:00:00.000,189.397,189.797,189.366,189.637,89195.9991
05.09.2023 17:00:00.000,189.657,189.687,189.147,189.427,95171.9971
05.09.2023 18:00:00.000,189.426,189.927,189.306,189.916,67991.9968
05.09.2023 19:00:00.000,189.926,189.966,189.457,189.676,84599.9985
06.09.2023 13:00:00.000,188.367,188.727,186.496,186.517,105564.003
06.09.2023 14:00:00.000,186.497,186.497,183.916,184.007,201576.004
06.09.2023 15:00:00.000,184.016,184.297,183.517,184.136,120552.002
06.09.2023 16:00:00.000,184.137,184.297,182.796,183.107,111540.0009
06.09.2023 17:00:00.000,183.107,183.366,182.666,182.956,102947.998
06.09.2023 18:00:00.000,182.956,182.996,182.116,182.186,101183.9981
06.09.2023 19:00:00.000,182.187,183.007,181.466,182.847,126251.9989
07.09.2023 13:00:00.000,175.157,177.776,173.546,176.227,165492.0044
07.09.2023 14:00:00.000,176.206,177.166,175.677,176.677,205464.0045
07.09.2023 15:00:00.000,176.686,178.197,176.646,176.967,156348.0072
07.09.2023 16:00:00.000,176.956,177.656,176.646,176.727,112188.0035
07.09.2023 17:00:00.000,176.717,177.087,175.936,177.006,105216.0034
07.09.2023 18:00:00.000,176.996,177.377,176.477,177.177,94176.0025
07.09.2023 19:00:00.000,177.176,178.117,176.766,177.486,114239.9979
08.09.2023 13:00:00.000,178.336,180.227,178.296,179.056,122832.0007
08.09.2023 14:00:00.000,179.066,179.847,178.917,178.926,171852.005
08.09.2023 15:00:00.000,178.906,180.187,178.696,179.536,120204.0024
08.09.2023 16:00:00.000,179.546,179.967,179.207,179.606,96227.9968
08.09.2023 17:00:00.000,179.596,179.897,179.246,179.697,92856.0028
08.09.2023 18:00:00.000,179.687,179.877,178.016,178.196,119856.0028
08.09.2023 19:00:00.000,178.197,178.397,177.786,178.147,121008.0032
11.09.2023 13:00:00.000,180.057,180.287,177.477,177.997,117972.0001
11.09.2023 14:00:00.000,177.997,178.317,177.336,177.787,165707.9926
11.09.2023 15:00:00.000,177.766,178.927,177.746,178.416,122688.0035
11.09.2023 16:00:00.000,178.406,178.827,178.246,178.656,101124.0005
11.09.2023 17:00:00.000,178.656,179.407,178.556,179.237,96515.9988
11.09.2023 18:00:00.000,179.236,179.657,179.026,179.647,81683.9981
11.09.2023 19:00:00.000,179.656,179.937,179.157,179.367,92639.9994
12.09.2023 13:00:00.000,179.416,180.087,178.437,178.717,118907.9971
12.09.2023 14:00:00.000,178.707,178.717,176.216,176.337,181535.9955
12.09.2023 15:00:00.000,176.326,177.107,176.246,176.677,108816.0019
12.09.2023 16:00:00.000,176.657,177.247,176.376,176.946,91559.9976
12.09.2023 17:00:00.000,176.956,177.867,175.446,176.377,149472.0001
12.09.2023 18:00:00.000,176.366,176.757,174.826,175.317,165960.0067
12.09.2023 19:00:00.000,175.327,176.447,174.996,176.287,116844.0018
13.09.2023 13:00:00.000,176.506,177.266,174.586,175.797,124211.998
13.09.2023 14:00:00.000,175.807,175.877,174.047,174.726,154679.9927
13.09.2023 15:00:00.000,174.746,175.757,174.657,175.716,114564.003
13.09.2023 16:00:00.000,175.717,176.217,175.246,175.546,103872.0016
13.09.2023 17:00:00.000,175.557,175.717,175.086,175.167,84300.0031
13.09.2023 18:00:00.000,175.147,175.256,174.356,174.697,90419.9982
13.09.2023 19:00:00.000,174.706,175.186,173.957,174.186,125052.002
14.09.2023 13:00:00.000,173.977,175.607,173.527,175.357,134867.9962
14.09.2023 14:00:00.000,175.387,175.557,174.297,175.217,183072.0062
14.09.2023 15:00:00.000,175.237,175.747,174.816,175.477,118416.0004
14.09.2023 16:00:00.000,175.486,175.977,175.026,175.857,102276.001
14.09.2023 17:00:00.000,175.847,176.026,175.446,175.726,77615.9973
14.09.2023 18:00:00.000,175.717,175.877,175.296,175.717,83052.002
14.09.2023 19:00:00.000,175.716,176.077,175.556,175.686,95867.9962
15.09.2023 13:00:00.000,176.416,176.416,174.686,174.967,121692.0013
15.09.2023 14:00:00.000,174.967,175.367,174.516,174.557,173100.0061
15.09.2023 15:00:00.000,174.556,175.137,174.516,174.946,111503.9978
15.09.2023 16:00:00.000,174.957,175.137,174.666,174.976,78311.9965
15.09.2023 17:00:00.000,174.986,175.027,173.816,174.247,91872.0016
15.09.2023 18:00:00.000,174.266,174.617,174.146,174.367,90155.9982
15.09.2023 19:00:00.000,174.357,175.096,174.117,174.907,123372.0016
18.09.2023 13:00:00.000,176.446,178.957,176.446,177.016,137460.0067
18.09.2023 14:00:00.000,177.007,177.597,176.436,177.116,166500
18.09.2023 15:00:00.000,177.127,178.297,177.066,178.257,98424.0036
18.09.2023 16:00:00.000,178.276,179.177,178.106,178.857,78804.0009
18.09.2023 17:00:00.000,178.866,179.367,178.726,178.997,83736.0001
18.09.2023 18:00:00.000,179.006,179.207,178.416,178.596,77891.9983
18.09.2023 19:00:00.000,178.586,178.737,177.766,177.987,105347.9996
19.09.2023 13:00:00.000,177.346,178.657,177.297,177.577,121980.0034
19.09.2023 14:00:00.000,177.576,177.877,177.126,177.216,146352.005
19.09.2023 15:00:00.000,177.207,178.107,177.146,178.046,100583.9996
19.09.2023 16:00:00.000,178.057,178.226,177.616,178.177,84828.0029
19.09.2023 17:00:00.000,178.187,179.157,178.136,179.077,96444.0002
19.09.2023 18:00:00.000,179.086,179.616,178.906,178.907,90335.9985
19.09.2023 19:00:00.000,178.896,179.417,178.736,179.086,110508.0032
20.09.2023 13:00:00.000,179.227,179.667,177.976,178.386,103559.9976
20.09.2023 14:00:00.000,178.396,178.407,177.256,177.417,133608.0017
20.09.2023 15:00:00.000,177.427,177.567,176.847,177.536,93851.9974
20.09.2023 16:00:00.000,177.536,177.747,177.306,177.717,76019.9966
20.09.2023 17:00:00.000,177.696,177.767,177.166,177.767,80736.0001
20.09.2023 18:00:00.000,177.777,177.787,176.556,177.126,278928.009
20.09.2023 19:00:00.000,177.116,177.287,175.446,175.486,208787.9944
21.09.2023 13:00:00.000,174.276,176.036,174.276,174.667,141516.0065
21.09.2023 14:00:00.000,174.666,176.287,174.646,175.387,214404.007
21.09.2023 15:00:00.000,175.387,175.686,174.806,175.367,154104.0039
21.09.2023 16:00:00.000,175.356,175.426,174.856,174.877,117624.0005
21.09.2023 17:00:00.000,174.877,175.527,174.866,175.336,112332.0007
21.09.2023 18:00:00.000,175.346,175.376,174.516,174.636,107916.0004
21.09.2023 19:00:00.000,174.647,174.797,173.856,173.916,133475.9979
22.09.2023 13:00:00.000,174.406,174.887,174.046,174.887,135552.002
22.09.2023 14:00:00.000,174.896,176.536,174.566,176.466,172475.9979
22.09.2023 15:00:00.000,176.476,176.607,175.927,176.127,121872.0016
22.09.2023 16:00:00.000,176.137,177.057,175.966,176.666,103103.9963
22.09.2023 17:00:00.000,176.657,176.707,175.137,175.306,121968.0023
22.09.2023 18:00:00.000,175.316,175.547,174.806,175.277,134699.9969
22.09.2023 19:00:00.000,175.277,175.976,174.616,174.706,166860.0006
25.09.2023 13:00:00.000,174.146,175.487,174.146,175.327,122664.0015
25.09.2023 14:00:00.000,175.337,175.536,174.196,174.866,181272.0032
25.09.2023 15:00:00.000,174.877,176.527,174.847,176.027,127367.9962
25.09.2023 16:00:00.000,176.016,176.937,175.876,176.276,93120.0027
25.09.2023 17:00:00.000,176.277,176.796,175.866,176.247,107952.0035
25.09.2023 18:00:00.000,176.256,176.357,175.466,175.537,108755.9967
25.09.2023 19:00:00.000,175.546,176.136,174.956,176.076,143507.9956
26.09.2023 13:00:00.000,174.747,175.037,172.936,173.026,116987.999
26.09.2023 14:00:00.000,173.026,173.627,172.466,172.756,177695.9991
26.09.2023 15:00:00.000,172.747,173.177,172.397,172.847,118896.0037
26.09.2023 16:00:00.000,172.846,173.347,172.516,173.196,96816.0019
26.09.2023 17:00:00.000,173.197,173.526,172.556,172.787,114227.9968
26.09.2023 18:00:00.000,172.797,172.857,172.026,172.246,98339.9963
26.09.2023 19:00:00.000,172.237,172.327,171.656,171.887,122844.0018
27.09.2023 13:00:00.000,172.456,173.017,171.456,171.486,117527.9999
27.09.2023 14:00:00.000,171.496,171.637,170.256,170.397,174384.0027
27.09.2023 15:00:00.000,170.406,171.137,170.006,170.397,128268.0054
27.09.2023 16:00:00.000,170.397,170.397,169.637,169.927,115655.9982
27.09.2023 17:00:00.000,169.926,170.177,169.046,169.516,131052.002
27.09.2023 18:00:00.000,169.517,170.657,169.186,170.196,159839.9963
27.09.2023 19:00:00.000,170.187,170.937,169.756,170.436,195059.9976
28.09.2023 13:00:00.000,169.297,169.767,167.627,169.597,159108.0017
28.09.2023 14:00:00.000,169.596,170.257,168.686,170.237,209279.9988
28.09.2023 15:00:00.000,170.216,171.607,169.806,171.587,158207.9926
28.09.2023 16:00:00.000,171.587,172.007,171.016,171.116,134039.9933
28.09.2023 17:00:00.000,171.126,171.506,170.416,170.836,149423.996
28.09.2023 18:00:00.000,170.846,171.156,170.296,170.746,157380.0049
28.09.2023 19:00:00.000,170.727,171.667,170.426,170.676,180167.9993
29.09.2023 13:00:00.000,171.986,172.787,171.766,172.677,127367.9962
29.09.2023 14:00:00.000,172.687,173.057,172.047,172.427,182195.9991
29.09.2023 15:00:00.000,172.436,172.747,171.567,171.926,180923.996
29.09.2023 16:00:00.000,171.937,172.077,171.166,171.317,154608.0017
29.09.2023 17:00:00.000,171.326,171.326,170.616,170.616,165768.0054
29.09.2023 18:00:00.000,170.627,171.546,170.336,171.526,163164.0015
29.09.2023 19:00:00.000,171.537,171.897,170.746,171.156,221604.0039
02.10.2023 13:00:00.000,171.236,173.237,170.937,172.916,131123.9929
02.10.2023 14:00:00.000,172.907,174.027,172.796,172.997,258756.012
02.10.2023 15:00:00.000,173.017,174.287,172.896,173.067,213384.0027
02.10.2023 16:00:00.000,173.076,173.517,172.816,173.166,173507.9956
02.10.2023 17:00:00.000,173.177,173.567,172.716,173.117,154164.0015
02.10.2023 18:00:00.000,173.097,173.697,172.606,172.877,169692.0013
02.10.2023 19:00:00.000,172.866,173.736,172.526,173.736,186828.0029
03.10.2023 13:00:00.000,172.256,173.617,172.256,173.256,138960.0067
03.10.2023 14:00:00.000,173.256,173.287,170.816,171.497,266903.9917
03.10.2023 15:00:00.000,171.486,171.976,171.356,171.736,169740.0055
03.10.2023 16:00:00.000,171.747,172.676,171.676,172.546,142679.9927
03.10.2023 17:00:00.000,172.537,172.787,171.746,171.967,121176.0025
03.10.2023 18:00:00.000,171.956,172.377,171.546,172.257,126503.9978
03.10.2023 19:00:00.000,172.246,172.496,171.767,172.457,160884.0027
04.10.2023 13:00:00.000,170.947,172.677,170.936,172.477,144083.9996
04.10.2023 14:00:00.000,172.457,173.467,171.856,172.436,254220.0012
04.10.2023 15:00:00.000,172.437,173.146,172.116,173.126,202608.0017
04.10.2023 16:00:00.000,173.126,173.287,172.796,173.086,155412.0026
04.10.2023 17:00:00.000,173.097,173.126,172.446,172.496,137772.0032
04.10.2023 18:00:00.000,172.506,173.127,172.356,173.067,138216.0034
04.10.2023 19:00:00.000,173.087,174.197,173.017,173.497,144768.0054
05.10.2023 13:00:00.000,173.687,174.397,173.447,173.856,117204.0024
05.10.2023 14:00:00.000,173.847,173.866,172.667,172.986,196488.0066
05.10.2023 15:00:00.000,172.977,173.826,172.826,173.476,186287.9944
05.10.2023 16:00:00.000,173.477,174.017,173.356,173.926,146651.9928
05.10.2023 17:00:00.000,173.936,175.007,173.636,174.877,133320.0073
05.10.2023 18:00:00.000,174.867,175.437,174.746,175.316,121547.9965
05.10.2023 19:00:00.000,175.306,175.377,174.826,174.957,138828.0029
06.10.2023 13:00:00.000,173.687,175.027,173.167,174.016,165576.004
06.10.2023 14:00:00.000,174.016,175.227,173.346,175.117,240083.9996
06.10.2023 15:00:00.000,175.127,176.827,175.086,176.786,173195.9991
06.10.2023 16:00:00.000,176.777,177.027,176.307,176.817,132947.998
06.10.2023 17:00:00.000,176.816,177.377,176.686,177.266,105347.9996
06.10.2023 18:00:00.000,177.267,177.697,177.116,177.516,94236.0001
06.10.2023 19:00:00.000,177.526,177.976,177.396,177.457,131436.0046
09.10.2023 13:00:00.000,176.707,177.286,175.797,177.176,124536.0031
09.10.2023 14:00:00.000,177.166,177.347,176.196,176.356,167268.0054
09.10.2023 15:00:00.000,176.346,177.217,176.196,177.176,115008.0032
09.10.2023 16:00:00.000,177.187,178.057,177.176,177.596,85559.9976
09.10.2023 17:00:00.000,177.607,178.767,177.556,178.706,96180.0003
09.10.2023 18:00:00.000,178.716,179.027,178.416,178.866,114372.0016
09.10.2023 19:00:00.000,178.877,179.037,178.646,178.997,116975.9979
10.10.2023 13:00:00.000,178.127,179.147,178.096,178.617,111564.003
10.10.2023 14:00:00.000,178.627,179.417,178.336,179.317,150899.9939
10.10.2023 15:00:00.000,179.316,179.667,179.116,179.556,109248.0011
10.10.2023 16:00:00.000,179.547,179.716,179.336,179.496,85068.0008
10.10.2023 17:00:00.000,179.487,179.487,178.026,178.256,140399.9939
10.10.2023 18:00:00.000,178.266,178.617,177.936,178.166,129888.0005
10.10.2023 19:00:00.000,178.167,178.897,178.077,178.397,129815.9943
11.10.2023 13:00:00.000,178.196,178.937,177.597,177.927,118164.0015
11.10.2023 14:00:00.000,177.917,179.267,177.666,179.086,178007.9956
11.10.2023 15:00:00.000,179.097,179.307,178.426,178.697,136332.0007
11.10.2023 16:00:00.000,178.696,178.717,178.256,178.616,112356.0028
11.10.2023 17:00:00.000,178.617,178.727,178.316,178.616,98412.0026
11.10.2023 18:00:00.000,178.617,179.367,178.566,179.077,127872.0016
11.10.2023 19:00:00.000,179.066,179.837,179.026,179.716,111599.9985
12.10.2023 13:00:00.000,180.036,180.977,179.756,180.916,127643.9972
12.10.2023 14:00:00.000,180.937,182.137,180.807,182.047,164628.006
12.10.2023 15:00:00.000,182.056,182.327,181.496,181.927,126660.0037
12.10.2023 16:00:00.000,181.937,182.286,181.786,181.937,96227.9968
12.10.2023 17:00:00.000,181.946,182.047,179.946,179.976,182580.0018
12.10.2023 18:00:00.000,179.977,180.127,179.026,179.797,155304.0009
12.10.2023 19:00:00.000,179.797,180.807,179.726,180.717,150000
13.10.2023 13:00:00.000,181.186,181.917,180.926,181.156,125531.9977
13.10.2023 14:00:00.000,181.126,181.196,179.366,179.606,218160.0037
13.10.2023 15:00:00.000,179.617,179.667,178.456,178.607,176796.0052
13.10.2023 16:00:00.000,178.597,179.456,178.516,179.057,142044.0063
13.10.2023 17:00:00.000,179.037,179.097,178.126,178.807,173735.9924
13.10.2023 18:00:00.000,178.807,179.516,178.686,179.316,175764.0076
13.10.2023 19:00:00.000,179.316,179.717,178.506,178.846,198024.0021
16.10.2023 13:00:00.000,176.727,178.347,176.506,177.796,140567.9932
16.10.2023 14:00:00.000,177.806,178.817,177.327,178.806,186983.9935
16.10.2023 15:00:00.000,178.806,179.057,178.026,178.026,125903.9993
16.10.2023 16:00:00.000,178.026,178.047,177.266,177.537,105192.0013
16.10.2023 17:00:00.000,177.546,178.207,176.847,178.136,132707.9926
16.10.2023 18:00:00.000,178.146,178.537,177.807,178.516,110447.998
16.10.2023 19:00:00.000,178.507,178.987,178.246,178.587,114767.9977
17.10.2023 13:00:00.000,176.547,176.967,174.787,175.346,127080.0018
17.10.2023 14:00:00.000,175.337,177.217,175.277,176.656,193151.9928
17.10.2023 15:00:00.000,176.657,177.836,176.476,177.706,173304.0009
17.10.2023 16:00:00.000,177.716,178.407,177.616,178.186,131423.996
17.10.2023 17:00:00.000,178.187,178.336,176.947,177.146,124428.0014
17.10.2023 18:00:00.000,177.147,177.517,176.347,176.606,153192.0013
17.10.2023 19:00:00.000,176.607,177.167,176.436,177.117,169139.9994
18.10.2023 13:00:00.000,175.476,176.616,175.356,176.577,135647.995
18.10.2023 14:00:00.000,176.577,177.566,175.747,176.117,199740.0055
18.10.2023 15:00:00.000,176.126,177.387,176.106,177.016,143555.9998
18.10.2023 16:00:00.000,177.007,177.517,176.247,176.366,140063.9954
18.10.2023 17:00:00.000,176.367,177.357,176.206,176.747,162072.0062
18.10.2023 18:00:00.000,176.746,177.126,176.216,176.406,139548.0042
18.10.2023 19:00:00.000,176.416,176.427,175.096,175.777,141527.9999
19.10.2023 13:00:00.000,175.976,176.846,175.826,176.837,119472.0001
19.10.2023 14:00:00.000,176.836,177.317,176.156,176.456,215507.9956
19.10.2023 15:00:00.000,176.456,176.707,175.626,176.467,185664.0015
19.10.2023 16:00:00.000,176.467,177.747,175.446,177.027,336876.0071
19.10.2023 17:00:00.000,177.037,177.836,176.546,176.757,223091.9952
19.10.2023 18:00:00.000,176.756,177.007,175.506,175.617,204192.0013
19.10.2023 19:00:00.000,175.616,176.046,175.177,175.427,215423.996
20.10.2023 13:00:00.000,175.267,175.406,174.646,175.097,138923.996
20.10.2023 14:00:00.000,175.086,175.307,173.336,173.356,221891.9983
20.10.2023 15:00:00.000,173.347,173.677,172.636,173.636,176615.9973
20.10.2023 16:00:00.000,173.637,174.357,173.396,174.297,166212.0056
20.10.2023 17:00:00.000,174.307,174.707,173.876,174.297,185315.9943
20.10.2023 18:00:00.000,174.286,174.377,173.246,173.507,177792.0074
20.10.2023 19:00:00.000,173.517,173.747,172.776,172.817,173639.9994
23.10.2023 13:00:00.000,170.836,171.666,169.946,171.366,145955.9937
23.10.2023 14:00:00.000,171.337,172.217,171.076,172.207,228240.0055
23.10.2023 15:00:00.000,172.217,172.976,172.016,172.576,168395.9961
23.10.2023 16:00:00.000,172.587,173.597,172.266,173.586,141324.0051
23.10.2023 17:00:00.000,173.606,173.997,173.106,173.507,154776.001
23.10.2023 18:00:00.000,173.496,173.807,173.126,173.486,159684.0057
23.10.2023 19:00:00.000,173.496,173.717,172.717,172.926,193860.0006
24.10.2023 13:00:00.000,172.987,173.297,171.956,172.657,145955.9937
24.10.2023 14:00:00.000,172.646,172.877,171.806,172.526,224016.0065
24.10.2023 15:00:00.000,172.527,172.767,172.126,172.737,166595.993
24.10.2023 16:00:00.000,172.746,172.977,171.446,171.747,139643.9972
24.10.2023 17:00:00.000,171.737,172.347,171.686,172.087,138108.0017
24.10.2023 18:00:00.000,172.086,173.166,172.056,173.117,126972.0001
24.10.2023 19:00:00.000,173.117,173.657,173.026,173.386,124680.0003
25.10.2023 13:00:00.000,171.806,171.997,170.966,171.256,130404.007
25.10.2023 14:00:00.000,171.256,172.947,170.826,172.127,241524.0021
25.10.2023 15:00:00.000,172.116,173.047,171.706,171.737,209339.9963
25.10.2023 16:00:00.000,171.736,171.967,171.326,171.907,139835.9985
25.10.2023 17:00:00.000,171.897,172.027,170.766,171.117,150720.0012
25.10.2023 18:00:00.000,171.127,171.607,170.926,171.077,135720.0012
25.10.2023 19:00:00.000,171.067,171.417,170.637,171.067,159600.0061
26.10.2023 13:00:00.000,170.427,171.357,169.366,169.786,168192.0013
26.10.2023 14:00:00.000,169.766,170.017,167.876,168.306,239880.0049
26.10.2023 15:00:00.000,168.296,168.406,166.536,167.257,161880.0049
26.10.2023 16:00:00.000,167.247,167.307,165.946,166.066,122040.0009
26.10.2023 17:00:00.000,166.067,166.877,165.686,166.756,117342.0029
26.10.2023 18:00:00.000,166.767,167.677,166.676,167.677,117431.9992
26.10.2023 19:00:00.000,167.676,167.927,166.366,166.826,136908.0048
27.10.2023 13:00:00.000,166.886,168.407,166.886,167.897,154332.0007
27.10.2023 14:00:00.000,167.867,168.697,167.367,168.427,247368.0267
27.10.2023 15:00:00.000,168.426,168.947,168.006,168.336,186863.9984
27.10.2023 16:00:00.000,168.337,168.477,167.287,167.416,158531.9977
27.10.2023 17:00:00.000,167.416,167.876,166.816,167.647,173207.9926
27.10.2023 18:00:00.000,167.627,168.217,167.296,167.596,190848.0072
27.10.2023 19:00:00.000,167.606,168.327,167.477,168.206,193151.9928
30.10.2023 13:00:00.000,169.007,171.156,168.856,170.607,132251.9989
30.10.2023 14:00:00.000,170.617,170.887,169.196,169.436,235104.0039
30.10.2023 15:00:00.000,169.436,170.187,169.416,169.906,182339.9963
30.10.2023 16:00:00.000,169.897,169.986,169.046,169.357,163511.9934
30.10.2023 17:00:00.000,169.357,170.377,169.176,170.276,146555.9998
30.10.2023 18:00:00.000,170.277,170.807,170.127,170.486,123959.9991
30.10.2023 19:00:00.000,170.496,170.657,169.836,170.246,159035.9955
31.10.2023 13:00:00.000,169.247,169.437,167.896,168.527,126851.9974
31.10.2023 14:00:00.000,168.527,169.856,168.316,169.696,228731.9946
31.10.2023 15:00:00.000,169.707,169.807,168.836,169.746,192324.0051
31.10.2023 16:00:00.000,169.746,170.057,169.266,169.987,170100.0061
31.10.2023 17:00:00.000,169.997,170.726,169.756,170.626,141348.0072
31.10.2023 18:00:00.000,170.637,170.727,169.926,170.526,127164.0015
31.10.2023 19:00:00.000,170.527,170.887,170.376,170.737,124956.0013
01.11.2023 13:00:00.000,170.896,171.507,170.077,171.066,132983.9935
01.11.2023 14:00:00.000,171.066,172.067,170.766,171.436,213048.0042
01.11.2023 15:00:00.000,171.447,171.987,170.996,171.937,133007.9956
01.11.2023 16:00:00.000,171.937,172.167,171.606,172.026,126791.9998
01.11.2023 17:00:00.000,172.016,172.367,171.766,172.147,115487.999
01.11.2023 18:00:00.000,172.166,173.257,171.886,173.177,275808.0139
01.11.2023 19:00:00.000,173.167,174.217,173.167,173.976,217139.9994
02.11.2023 13:00:00.000,175.287,176.767,175.287,176.336,122795.9976
02.11.2023 14:00:00.000,176.327,177.527,176.106,177.427,160464.0045
02.11.2023 15:00:00.000,177.427,177.637,176.426,176.787,126755.9967
02.11.2023 16:00:00.000,176.787,177.297,176.397,176.967,117587.9974
02.11.2023 17:00:00.000,176.957,177.467,176.766,177.296,85643.9972
02.11.2023 18:00:00.000,177.287,177.487,177.086,177.447,87407.9971
02.11.2023 19:00:00.000,177.437,177.746,177.156,177.737,83291.9998
03.11.2023 13:00:00.000,174.197,176.377,173.346,175.347,149363.9984
03.11.2023 14:00:00.000,175.346,175.917,174.456,175.717,220139.9994
03.11.2023 15:00:00.000,175.717,175.777,174.617,175.426,148835.9985
03.11.2023 16:00:00.000,175.436,176.477,175.296,176.166,127919.9982
03.11.2023 17:00:00.000,176.177,176.406,175.177,175.557,114959.9991
03.11.2023 18:00:00.000,175.546,176.226,175.057,176.096,107447.998
03.11.2023 19:00:00.000,176.097,176.807,175.836,176.606,117012.001
06.11.2023 14:00:00.000,176.337,178.736,176.196,178.567,133223.999
06.11.2023 15:00:00.000,178.566,179.047,177.916,178.736,184968.0023
06.11.2023 16:00:00.000,178.747,179.417,178.716,179.247,113952.0035
06.11.2023 17:00:00.000,179.247,179.256,178.636,178.886,97547.9965
06.11.2023 18:00:00.000,178.876,178.887,178.006,178.347,122807.9987
06.11.2023 19:00:00.000,178.356,179.207,178.106,179.206,109092.0029
06.11.2023 20:00:00.000,179.197,179.307,178.686,179.287,84444.0002
07.11.2023 14:00:00.000,179.116,180.507,178.956,180.187,116087.9974
07.11.2023 15:00:00.000,180.176,181.256,180.126,181.207,149867.9962
07.11.2023 16:00:00.000,181.207,181.627,181.076,181.467,80711.998
07.11.2023 17:00:00.000,181.476,181.576,180.517,181.566,121643.9972
07.11.2023 18:00:00.000,181.566,182.437,181.507,182.367,77615.9973
07.11.2023 19:00:00.000,182.357,182.417,181.896,182.036,54335.9985
07.11.2023 20:00:00.000,182.046,182.326,181.546,181.897,75407.9971
08.11.2023 14:00:00.000,182.346,183.437,182.166,182.956,115367.9962
08.11.2023 15:00:00.000,182.967,183.317,182.277,182.566,190740.0055
08.11.2023 16:00:00.000,182.587,182.837,181.996,181.996,150132.0038
08.11.2023 17:00:00.000,182.006,182.277,181.586,182.137,125891.9983
08.11.2023 18:00:00.000,182.147,182.737,181.997,182.587,117036.0031
08.11.2023 19:00:00.000,182.577,182.877,182.356,182.416,70643.9972
08.11.2023 20:00:00.000,182.427,182.987,182.396,182.877,68879.9973
09.11.2023 14:00:00.000,182.896,183.536,182.706,183.287,106152.0004
09.11.2023 15:00:00.000,183.287,183.396,182.466,183.346,178055.9998
09.11.2023 16:00:00.000,183.337,184.106,183.316,183.956,117180.0003
09.11.2023 17:00:00.000,183.966,183.996,183.506,183.917,104459.9991
09.11.2023 18:00:00.000,183.916,183.967,182.676,183.106,183324.0051
09.11.2023 19:00:00.000,183.096,183.097,182.157,182.366,180527.9999
09.11.2023 20:00:00.000,182.357,182.456,181.797,182.406,158279.9988
10.11.2023 14:00:00.000,183.877,184.767,183.666,184.167,119220.0012
10.11.2023 15:00:00.000,184.147,184.477,183.516,184.316,203975.9979
10.11.2023 16:00:00.000,184.317,184.927,184.287,184.716,107807.9987
10.11.2023 17:00:00.000,184.706,185.417,184.646,185.267,99480.0034
10.11.2023 18:00:00.000,185.277,185.817,185.156,185.736,90288.002
10.11.2023 19:00:00.000,185.747,185.967,185.546,185.577,64655.9982
10.11.2023 20:00:00.000,185.576,186.557,185.576,186.306,82667.9993
13.11.2023 14:00:00.000,185.776,186.017,184.266,184.587,103283.9966
13.11.2023 15:00:00.000,184.587,184.947,184.196,184.636,131735.9924
13.11.2023 16:00:00.000,184.627,185.127,184.627,184.776,100080.0018
13.11.2023 17:00:00.000,184.776,184.887,184.386,184.797,84132.0038
13.11.2023 18:00:00.000,184.807,184.977,184.446,184.717,76103.9963
13.11.2023 19:00:00.000,184.717,184.997,184.597,184.936,61355.999
13.11.2023 20:00:00.000,184.926,185.067,184.606,184.757,82152.0004
14.11.2023 14:00:00.000,187.667,187.677,186.277,187.246,126767.9977
14.11.2023 15:00:00.000,187.246,187.507,186.836,187.017,142044.0063
14.11.2023 16:00:00.000,187.006,187.147,186.406,186.646,106919.9982
14.11.2023 17:00:00.000,186.656,187.456,186.616,187.417,78791.9998
14.11.2023 18:00:00.000,187.426,187.477,187.097,187.176,58236.0001
14.11.2023 19:00:00.000,187.187,187.977,186.816,187.897,69624.0005
14.11.2023 20:00:00.000,187.886,188.097,187.197,187.406,65087.9974
15.11.2023 14:00:00.000,187.806,188.687,187.786,188.217,111575.9964
15.11.2023 15:00:00.000,188.207,189.227,187.836,189.167,133871.994
15.11.2023 16:00:00.000,189.177,189.486,188.596,188.747,110316.0019
15.11.2023 17:00:00.000,188.756,189.157,188.526,188.786,85847.9996
15.11.2023 18:00:00.000,188.786,189.067,188.447,188.937,87755.9967
15.11.2023 19:00:00.000,188.937,188.956,188.166,188.307,69828.0029
15.11.2023 20:00:00.000,188.306,188.557,187.776,188.106,98603.9963
16.11.2023 14:00:00.000,189.527,190.937,189.526,190.676,102323.9975
16.11.2023 15:00:00.000,190.667,190.846,189.006,189.446,189371.994
16.11.2023 16:00:00.000,189.446,189.557,188.716,189.276,139500
16.11.2023 17:00:00.000,189.286,189.967,189.176,189.746,95664.0015
16.11.2023 18:00:00.000,189.746,189.766,188.966,189.267,104807.9987
16.11.2023 19:00:00.000,189.276,189.727,189.206,189.566,93323.9975
16.11.2023 20:00:00.000,189.556,189.857,189.326,189.746,89807.9987
17.11.2023 14:00:00.000,190.196,190.357,189.136,189.756,105515.9988
17.11.2023 15:00:00.000,189.746,189.747,188.576,189.566,165671.9971
17.11.2023 16:00:00.000,189.556,189.587,188.816,189.237,125279.9988
17.11.2023 17:00:00.000,189.226,189.447,188.877,189.246,72036.0031
17.11.2023 18:00:00.000,189.236,189.727,189.076,189.527,69372.0016
17.11.2023 19:00:00.000,189.527,189.957,189.526,189.957,61223.999
17.11.2023 20:00:00.000,189.956,190.136,189.516,189.686,97980.0034
20.11.2023 14:00:00.000,189.886,191.647,189.886,191.206,99347.9996
20.11.2023 15:00:00.000,191.206,191.357,190.427,191.107,134891.9983
20.11.2023 16:00:00.000,191.106,191.357,191.007,191.307,89615.9973
20.11.2023 17:00:00.000,191.317,191.537,191.076,191.147,68160.0037
20.11.2023 18:00:00.000,191.146,191.777,191.126,191.666,84587.9974
20.11.2023 19:00:00.000,191.677,191.766,191.316,191.567,75311.9965
20.11.2023 20:00:00.000,191.577,191.887,191.156,191.456,65531.9977
21.11.2023 14:00:00.000,191.266,191.486,190.486,190.807,104832.0007
21.11.2023 15:00:00.000,190.816,191.067,190.056,190.237,143447.998
21.11.2023 16:00:00.000,190.236,190.296,189.746,190.216,101400.0015
21.11.2023 17:00:00.000,190.227,190.587,190.086,190.516,70139.9994
21.11.2023 18:00:00.000,190.527,190.587,190.026,190.386,85260.0021
21.11.2023 19:00:00.000,190.387,190.597,190.186,190.506,105804.0009
21.11.2023 20:00:00.000,190.497,190.717,190.287,190.677,98711.998
22.11.2023 14:00:00.000,191.507,192.927,191.446,191.896,107388.0005
22.11.2023 15:00:00.000,191.916,192.357,191.376,191.447,177479.9957
22.11.2023 16:00:00.000,191.437,191.857,191.426,191.646,122195.9991
22.11.2023 17:00:00.000,191.636,191.947,191.546,191.886,85655.9982
22.11.2023 18:00:00.000,191.897,192.077,191.517,191.617,68124.0005
22.11.2023 19:00:00.000,191.606,191.697,190.816,191.347,81924.0036
22.11.2023 20:00:00.000,191.337,191.687,191.207,191.287,65087.9974
24.11.2023 14:00:00.000,190.827,190.887,189.677,189.977,89615.9973
24.11.2023 15:00:00.000,189.986,190.066,189.246,189.476,114047.9965
24.11.2023 16:00:00.000,189.487,189.777,189.336,189.557,74519.9966
27.11.2023 14:00:00.000,189.907,190.377,188.896,189.226,87012.001
27.11.2023 15:00:00.000,189.237,189.896,188.997,189.326,117900.0015
27.11.2023 16:00:00.000,189.317,190.397,189.036,190.257,78227.9968
27.11.2023 17:00:00.000,190.256,190.497,190.196,190.446,51972.0001
27.11.2023 18:00:00.000,190.446,190.657,190.016,190.117,46428.0014
27.11.2023 19:00:00.000,190.127,190.177,189.516,189.876,56939.9986
27.11.2023 20:00:00.000,189.867,190.037,189.596,189.746,59796.0014
28.11.2023 14:00:00.000,189.717,190.256,189.376,189.707,75540.0009
28.11.2023 15:00:00.000,189.717,190.566,189.706,190.136,120419.9982
28.11.2023 16:00:00.000,190.147,191.067,190.066,190.706,87972.0001
28.11.2023 17:00:00.000,190.717,190.796,190.217,190.286,62340.0002
28.11.2023 18:00:00.000,190.287,190.287,189.756,189.896,88188.0035
28.11.2023 19:00:00.000,189.906,190.097,189.657,190.026,65807.9987
28.11.2023 20:00:00.000,190.037,190.366,189.577,190.366,65580.0018
29.11.2023 14:00:00.000,190.896,192.077,190.896,191.727,54431.9992
29.11.2023 15:00:00.000,191.746,191.807,190.586,190.926,125688.0035
29.11.2023 16:00:00.000,190.917,190.947,189.906,189.916,94559.9976
29.11.2023 17:00:00.000,189.907,189.917,189.516,189.696,61200.0008
29.11.2023 18:00:00.000,189.707,189.747,189.176,189.467,71987.999
29.11.2023 19:00:00.000,189.456,189.487,189.037,189.317,75804.0009
29.11.2023 20:00:00.000,189.316,189.436,188.966,189.336,85524.0021
30.11.2023 14:00:00.000,189.806,190.307,189.046,189.187,96720.0012
30.11.2023 15:00:00.000,189.196,189.337,188.327,188.747,147720.0012
30.11.2023 16:00:00.000,188.737,188.907,188.176,188.227,124055.9998
30.11.2023 17:00:00.000,188.236,188.747,188.187,188.687,80856.0028
30.11.2023 18:00:00.000,188.686,188.756,188.266,188.496,70991.9968
30.11.2023 19:00:00.000,188.507,189.197,188.486,189.167,62243.9995
30.11.2023 20:00:00.000,189.167,190.187,188.676,189.877,109223.999
01.12.2023 14:00:00.000,190.246,190.477,189.216,189.946,89472.0001
01.12.2023 15:00:00.000,189.946,190.487,189.896,190.336,144108.0017
01.12.2023 16:00:00.000,190.357,191.226,190.176,191.036,158253.0518
01.12.2023 17:00:00.000,191.026,191.527,190.946,191.486,91053.0014
01.12.2023 18:00:00.000,191.486,191.537,190.807,191.166,86631.4011
01.12.2023 19:00:00.000,191.167,191.327,190.897,191.257,70379.9973
01.12.2023 20:00:00.000,191.247,191.367,190.876,191.177,76055.9998
04.12.2023 14:00:00.000,189.966,190.027,188.926,189.376,93828.0029
04.12.2023 15:00:00.000,189.387,189.627,187.736,188.016,148884.0027
04.12.2023 16:00:00.000,188.006,188.407,187.446,188.357,92424.0036
04.12.2023 17:00:00.000,188.366,188.757,188.176,188.656,75587.9974
04.12.2023 18:00:00.000,188.666,188.807,188.486,188.657,63504.0016
04.12.2023 19:00:00.000,188.646,189.126,188.487,189.006,71615.9973
04.12.2023 20:00:00.000,189.007,189.647,188.706,189.427,81564.003
05.12.2023 14:00:00.000,190.167,193.337,190.167,192.697,107952.0035
05.12.2023 15:00:00.000,192.607,194.347,192.607,194.247,168083.9996
05.12.2023 16:00:00.000,194.256,194.387,192.597,193.207,124811.9965
05.12.2023 17:00:00.000,193.196,193.827,192.937,193.616,104339.9963
05.12.2023 18:00:00.000,193.617,193.647,192.847,192.897,88319.9997
05.12.2023 19:00:00.000,192.896,193.296,192.746,193.217,66024.0021
05.12.2023 20:00:00.000,193.207,193.517,192.856,193.476,73667.9993
06.12.2023 14:00:00.000,194.407,194.726,192.956,193.136,99839.9963
06.12.2023 15:00:00.000,193.126,193.157,192.196,192.657,154632.0038
06.12.2023 16:00:00.000,192.667,193.327,192.457,193.026,125879.9973
06.12.2023 17:00:00.000,193.007,193.087,192.646,192.686,101903.9993
06.12.2023 18:00:00.000,192.686,193.227,192.386,193.147,84732.0023
06.12.2023 19:00:00.000,193.147,193.206,192.746,192.906,83916.0004
06.12.2023 20:00:00.000,192.906,192.917,192.126,192.316,93575.9964
07.12.2023 14:00:00.000,193.567,194.907,193.567,193.876,105732.0023
07.12.2023 15:00:00.000,193.876,194.966,193.876,194.786,163944.0002
07.12.2023 16:00:00.000,194.796,194.887,194.017,194.856,118884.0027
07.12.2023 17:00:00.000,194.866,194.977,194.497,194.497,95783.9966
07.12.2023 18:00:00.000,194.506,194.767,194.226,194.316,79524.0021
07.12.2023 19:00:00.000,194.306,194.487,194.116,194.147,67319.9997
07.12.2023 20:00:00.000,194.157,194.337,193.997,194.216,63900.0015
08.12.2023 14:00:00.000,194.086,194.526,193.657,193.796,108648.0026
08.12.2023 15:00:00.000,193.807,194.987,193.807,194.966,170076.004
08.12.2023 16:00:00.000,194.976,194.977,194.296,194.447,140315.9943
08.12.2023 17:00:00.000,194.447,195.287,194.327,195.166,112307.9987
08.12.2023 18:00:00.000,195.166,195.627,195.016,195.606,77400.0015
08.12.2023 19:00:00.000,195.616,195.967,195.437,195.826,59664.0015
08.12.2023 20:00:00.000,195.827,195.977,195.407,195.666,89676.0025
11.12.2023 14:00:00.000,193.046,193.456,192.276,192.876,113040.0009
11.12.2023 15:00:00.000,192.936,192.967,191.696,191.957,122987.999
11.12.2023 16:00:00.000,191.957,192.217,191.417,191.966,118356.0028
11.12.2023 17:00:00.000,191.956,192.377,191.806,192.206,74772.0032
11.12.2023 18:00:00.000,192.196,192.797,192.136,192.777,59507.9994
11.12.2023 19:00:00.000,192.787,192.987,192.677,192.887,35027.9999
11.12.2023 20:00:00.000,192.886,193.277,192.736,193.186,68963.9969
12.12.2023 14:00:00.000,193.027,193.357,191.717,192.406,105695.9991
12.12.2023 15:00:00.000,192.417,193.417,192.256,193.207,117755.9967
12.12.2023 16:00:00.000,193.207,193.606,193.126,193.427,103188.0035
12.12.2023 17:00:00.000,193.427,193.497,193.066,193.417,79524.0021
12.12.2023 18:00:00.000,193.427,194.137,193.366,194.057,81972.0001
12.12.2023 19:00:00.000,194.047,194.336,193.976,194.237,50472.0001
12.12.2023 20:00:00.000,194.227,194.687,194.197,194.686,50147.9988
13.12.2023 14:00:00.000,195.036,196.567,194.826,195.897,78804.0009
13.12.2023 15:00:00.000,195.866,196.726,195.796,196.317,82416.0004
13.12.2023 16:00:00.000,196.316,196.447,195.636,195.947,80255.9967
13.12.2023 17:00:00.000,195.946,196.097,195.477,196.076,57155.9982
13.12.2023 18:00:00.000,196.086,196.907,196.046,196.456,57431.9992
13.12.2023 19:00:00.000,196.447,197.977,196.447,197.907,187572.0062
13.12.2023 20:00:00.000,197.916,197.967,196.557,197.826,146447.998
14.12.2023 14:00:00.000,197.947,199.606,197.947,199.186,97403.9993
14.12.2023 15:00:00.000,199.196,199.577,198.646,199.106,160332.0007
14.12.2023 16:00:00.000,199.106,199.206,197.746,197.786,131376.0071
14.12.2023 17:00:00.000,197.776,198.547,197.576,197.686,94620.0027
14.12.2023 18:00:00.000,197.697,197.697,196.156,196.776,107111.9995
14.12.2023 19:00:00.000,196.787,197.896,196.756,197.707,78108.0017
14.12.2023 20:00:00.000,197.706,198.136,197.547,198.127,85068.0008
15.12.2023 14:00:00.000,197.526,198.137,197.087,197.877,105732.0023
15.12.2023 15:00:00.000,197.877,198.387,197.406,197.666,103547.9965
15.12.2023 16:00:00.000,197.676,198.007,197.336,197.926,71412.0026
15.12.2023 17:00:00.000,197.927,197.946,197.146,197.156,65412.0026
15.12.2023 18:00:00.000,197.156,197.626,197.006,197.557,82379.9973
15.12.2023 19:00:00.000,197.556,197.647,197.266,197.466,84300.0031
15.12.2023 20:00:00.000,197.477,198.187,196.967,197.067,90155.9982
18.12.2023 14:00:00.000,196.087,196.606,194.386,194.936,92459.9991
18.12.2023 15:00:00.000,194.946,195.577,194.616,194.947,111465.0116
18.12.2023 16:00:00.000,194.937,195.267,194.636,194.827,64763.9999
18.12.2023 17:00:00.000,194.837,195.457,194.806,195.457,51155.9982
18.12.2023 18:00:00.000,195.457,196.217,195.456,196.197,48852.0012
18.12.2023 19:00:00.000,196.207,196.467,196.006,196.247,61500
18.12.2023 20:00:00.000,196.256,196.437,195.776,195.887,70440.0024
19.12.2023 14:00:00.000,195.967,196.646,195.886,196.567,83736.0001
19.12.2023 15:00:00.000,196.567,196.817,196.036,196.717,122003.9978
19.12.2023 16:00:00.000,196.717,196.936,196.206,196.276,75779.9988
19.12.2023 17:00:00.000,196.267,196.337,195.967,196.237,65736.0001
19.12.2023 18:00:00.000,196.236,196.296,195.956,196.076,54875.9995
19.12.2023 19:00:00.000,196.077,196.157,195.986,196.086,36324.0013
19.12.2023 20:00:00.000,196.097,196.937,195.996,196.896,52487.999
20.12.2023 14:00:00.000,196.857,197.666,196.617,197.506,77375.9995
20.12.2023 15:00:00.000,197.496,197.657,197.236,197.376,105816.0019
20.12.2023 16:00:00.000,197.387,197.436,196.996,197.297,81012.001
20.12.2023 17:00:00.000,197.297,197.427,197.186,197.406,70440.0024
20.12.2023 18:00:00.000,197.396,197.556,197.156,197.226,58127.9984
20.12.2023 19:00:00.000,197.217,197.327,195.666,195.707,125916.0004
20.12.2023 20:00:00.000,195.726,196.146,194.886,194.917,233184.0057
21.12.2023 14:00:00.000,196.016,197.067,195.687,195.756,99239.9979
21.12.2023 15:00:00.000,195.787,195.806,194.286,194.426,162240.0055
21.12.2023 16:00:00.000,194.436,194.957,194.326,194.476,122627.9984
21.12.2023 17:00:00.000,194.477,194.517,193.666,193.747,120503.9978
21.12.2023 18:00:00.000,193.736,194.227,193.496,194.057,130164.0015
21.12.2023 19:00:00.000,194.056,194.337,193.776,193.877,85692.0013
21.12.2023 20:00:00.000,193.886,194.967,193.747,194.676,90468.0023
22.12.2023 14:00:00.000,195.137,195.397,194.437,195.227,75204.0024
22.12.2023 15:00:00.000,195.217,195.266,194.316,194.326,112295.9976
22.12.2023 16:00:00.000,194.337,194.366,194.006,194.127,105671.9971
22.12.2023 17:00:00.000,194.126,194.307,193.836,194.237,77328.0029
22.12.2023 18:00:00.000,194.246,194.447,193.977,193.996,45768.0016
22.12.2023 19:00:00.000,193.996,194.007,192.956,193.796,145343.9941
22.12.2023 20:00:00.000,193.807,193.977,193.476,193.577,103944.0002
26.12.2023 14:00:00.000,193.517,193.887,192.976,193.236,68639.9994
26.12.2023 15:00:00.000,193.247,193.427,192.886,193.207,77351.9974
26.12.2023 16:00:00.000,193.216,193.287,192.876,193.216,52847.9996
26.12.2023 17:00:00.000,193.197,193.317,193.026,193.177,45035.9993
26.12.2023 18:00:00.000,193.167,193.346,192.816,192.876,29406.4999
26.12.2023 19:00:00.000,192.887,193.126,192.866,193.037,22128.0003
26.12.2023 20:00:00.000,193.047,193.477,192.906,193.066,49512.001
27.12.2023 14:00:00.000,192.427,192.887,192.346,192.446,66384.0027
27.12.2023 15:00:00.000,192.437,192.527,191.086,191.656,99863.9984
27.12.2023 16:00:00.000,191.666,192.167,191.086,192.126,71363.9984
27.12.2023 17:00:00.000,192.137,192.737,192.096,192.627,49740.0017
27.12.2023 18:00:00.000,192.627,193.487,192.627,193.366,61703.9986
27.12.2023 19:00:00.000,193.377,193.377,192.756,192.907,84924.0036
27.12.2023 20:00:00.000,192.917,193.207,192.717,193.176,77388.0005
28.12.2023 14:00:00.000,194.087,194.637,193.976,194.086,63647.9988
28.12.2023 15:00:00.000,194.076,194.467,193.726,194.206,60395.9999
28.12.2023 16:00:00.000,194.196,194.207,193.876,194.116,63636.0016
28.12.2023 17:00:00.000,194.106,194.337,193.876,193.966,43439.9986
28.12.2023 18:00:00.000,193.956,193.977,193.566,193.856,82307.9987
28.12.2023 19:00:00.000,193.866,194.067,193.856,193.967,49055.9998
28.12.2023 20:00:00.000,193.957,193.967,193.177,193.656,80639.9994
29.12.2023 14:00:00.000,193.866,194.376,193.426,193.487,68160.0037
29.12.2023 15:00:00.000,193.497,193.537,192.656,192.746,110220.0012
29.12.2023 16:00:00.000,192.757,192.857,191.876,192.316,128052.002
29.12.2023 17:00:00.000,192.306,192.467,191.716,191.947,92220.0012
29.12.2023 18:00:00.000,191.937,192.407,191.866,192.366,86435.997
29.12.2023 19:00:00.000,192.357,192.527,192.076,192.467,69288.002
29.12.2023 20:00:00.000,192.466,192.957,192.156,192.506,90468.0023
02.01.2024 14:00:00.000,187.137,188.427,185.997,186.506,125699.9969
02.01.2024 15:00:00.000,186.506,186.957,185.177,185.867,168744.0033
02.01.2024 16:00:00.000,185.866,187.347,185.856,186.737,106008.0032
02.01.2024 17:00:00.000,186.746,187.027,185.836,185.866,88643.9972
02.01.2024 18:00:00.000,185.866,185.946,184.737,184.896,79319.9997
02.01.2024 19:00:00.000,184.897,184.977,184.016,184.037,72720.0012
02.01.2024 20:00:00.000,184.037,185.627,183.886,185.627,111708.0002
03.01.2024 14:00:00.000,184.206,185.857,183.906,184.756,136824.0051
03.01.2024 15:00:00.000,184.687,185.206,183.446,183.856,186660.0037
03.01.2024 16:00:00.000,183.856,184.367,183.486,183.496,120227.9968
03.01.2024 17:00:00.000,183.497,184.367,183.417,184.326,88440.0024
03.01.2024 18:00:00.000,184.317,184.546,184.166,184.357,75732.0023
03.01.2024 19:00:00.000,184.346,184.927,183.796,184.637,178871.994
03.01.2024 20:00:00.000,184.636,184.697,183.976,184.287,117863.9984
04.01.2024 14:00:00.000,181.947,183.067,181.216,181.477,105120.0027
04.01.2024 15:00:00.000,181.476,182.136,180.866,181.477,112860.0006
04.01.2024 16:00:00.000,181.486,182.427,181.316,181.427,100103.9963
04.01.2024 17:00:00.000,181.427,182.376,181.416,182.226,88716.0034
04.01.2024 18:00:00.000,182.217,183.057,182.166,182.737,80891.9983
04.01.2024 19:00:00.000,182.746,182.947,182.256,182.297,92879.9973
04.01.2024 20:00:00.000,182.297,182.537,181.536,181.957,80639.9994
05.01.2024 14:00:00.000,181.927,182.747,181.496,181.667,110400.0015
05.01.2024 15:00:00.000,181.686,182.647,181.686,182.647,148643.9972
05.01.2024 16:00:00.000,182.647,182.727,181.907,182.086,92304.0009
05.01.2024 17:00:00.000,182.096,182.206,181.267,181.586,99047.9965
05.01.2024 18:00:00.000,181.576,182.226,181.196,182.027,104975.9979
05.01.2024 19:00:00.000,182.026,182.167,180.417,180.476,124043.9987
05.01.2024 20:00:00.000,180.467,181.227,180.166,181.127,95568.0008
08.01.2024 14:00:00.000,182.007,183.497,181.496,183.407,105564.003
08.01.2024 15:00:00.000,183.366,183.867,183.296,183.577,131951.9958
08.01.2024 16:00:00.000,183.576,183.837,183.206,183.816,97763.9999
08.01.2024 17:00:00.000,183.826,184.557,183.816,184.236,75251.9989
08.01.2024 18:00:00.000,184.237,184.707,184.006,184.707,52223.999
08.01.2024 19:00:00.000,184.717,185.317,184.536,185.166,59304.0009
08.01.2024 20:00:00.000,185.157,185.577,184.897,185.527,77316.0019
09.01.2024 14:00:00.000,183.916,184.197,182.726,183.256,108732.0023
09.01.2024 15:00:00.000,183.246,183.967,182.956,183.476,137388.0005
09.01.2024 16:00:00.000,183.486,184.786,183.476,184.777,86388.0005
09.01.2024 17:00:00.000,184.787,184.817,184.366,184.707,69791.9998
09.01.2024 18:00:00.000,184.697,184.907,184.026,184.467,112080.0018
09.01.2024 19:00:00.000,184.467,184.676,184.206,184.607,105671.9971
09.01.2024 20:00:00.000,184.606,185.137,184.396,185.096,116291.9998
10.01.2024 14:00:00.000,184.316,184.947,183.946,184.256,101027.9999
10.01.2024 15:00:00.000,184.247,184.797,183.916,184.766,116856.0028
10.01.2024 16:00:00.000,184.757,184.997,184.037,184.276,85367.9962
10.01.2024 17:00:00.000,184.277,184.387,184.076,184.307,64872.0016
10.01.2024 18:00:00.000,184.317,184.837,184.117,184.776,71963.9969
10.01.2024 19:00:00.000,184.786,186.117,184.766,186.107,58644.001
10.01.2024 20:00:00.000,186.097,186.386,185.266,186.116,103692.0013
11.01.2024 14:00:00.000,186.516,187.036,184.596,184.707,122963.9969
11.01.2024 15:00:00.000,184.717,184.866,183.616,184.666,217835.9985
11.01.2024 16:00:00.000,184.677,184.857,183.826,183.936,154151.9928
11.01.2024 17:00:00.000,183.936,184.576,183.906,184.317,108384.0027
11.01.2024 18:00:00.000,184.306,185.157,184.256,185.147,88512.001
11.01.2024 19:00:00.000,185.146,185.697,184.986,185.527,76847.9996
11.01.2024 20:00:00.000,185.526,185.757,184.746,185.597,79608.0017
12.01.2024 14:00:00.000,185.997,186.726,185.736,185.736,105720.0012
12.01.2024 15:00:00.000,185.747,186.297,185.176,185.687,206951.9958
12.01.2024 16:00:00.000,185.696,186.047,185.376,185.566,129371.994
12.01.2024 17:00:00.000,185.546,185.837,185.426,185.616,99132.0038
12.01.2024 18:00:00.000,185.617,185.927,185.576,185.886,53040.0009
12.01.2024 19:00:00.000,185.876,186.057,185.247,185.307,60659.9998
12.01.2024 20:00:00.000,185.287,185.967,185.216,185.857,68279.9988
16.01.2024 14:00:00.000,182.086,182.647,180.917,181.337,113351.9974
16.01.2024 15:00:00.000,181.327,183.886,181.026,183.766,172751.9989
16.01.2024 16:00:00.000,183.787,184.237,182.767,182.887,176292.0074
16.01.2024 17:00:00.000,182.876,182.937,182.216,182.246,104459.9991
16.01.2024 18:00:00.000,182.257,182.936,182.206,182.386,77244.0033
16.01.2024 19:00:00.000,182.396,182.927,182.126,182.887,67907.9971
16.01.2024 20:00:00.000,182.887,183.617,182.826,183.597,55032.0015
17.01.2024 14:00:00.000,181.237,181.537,180.286,181.217,106500
17.01.2024 15:00:00.000,181.216,181.837,181.176,181.487,153923.996
17.01.2024 16:00:00.000,181.477,182.056,181.467,181.727,80435.997
17.01.2024 17:00:00.000,181.756,182.317,181.727,182.226,76416.0004
17.01.2024 18:00:00.000,182.216,182.527,181.366,182.076,106164.0015
17.01.2024 19:00:00.000,182.076,182.677,181.996,182.186,71723.999
17.01.2024 20:00:00.000,182.197,182.917,182.037,182.647,63431.9992
18.01.2024 14:00:00.000,186.007,187.637,185.826,187.346,113963.9969
18.01.2024 15:00:00.000,187.347,188.147,186.586,188.076,158591.9952
18.01.2024 16:00:00.000,188.087,188.777,187.546,188.467,109980.0034
18.01.2024 17:00:00.000,188.466,188.517,187.496,187.836,92255.9967
18.01.2024 18:00:00.000,187.846,188.256,186.746,188.156,88524.0021
18.01.2024 19:00:00.000,188.166,189.127,188.166,188.966,65676.0025
18.01.2024 20:00:00.000,188.977,189.117,188.497,188.637,79547.9965
19.01.2024 14:00:00.000,189.296,189.867,188.816,189.567,109260.0021
19.01.2024 15:00:00.000,189.587,190.117,188.897,189.766,167412.0026
19.01.2024 16:00:00.000,189.767,190.047,189.326,189.966,89316.0019
19.01.2024 17:00:00.000,189.976,190.627,189.896,190.557,78024.0021
19.01.2024 18:00:00.000,190.566,191.436,190.487,191.407,56807.9987
19.01.2024 19:00:00.000,191.407,191.937,191.156,191.637,74639.9994
19.01.2024 20:00:00.000,191.646,191.747,191.306,191.546,82080.0018
22.01.2024 14:00:00.000,192.257,194.707,192.257,194.447,116484.0012
22.01.2024 15:00:00.000,194.437,195.317,193.296,193.426,172488.0066
22.01.2024 16:00:00.000,193.436,193.977,193.156,193.687,98351.9974
22.01.2024 17:00:00.000,193.697,194.056,193.026,193.916,67643.9972
22.01.2024 18:00:00.000,193.927,194.477,193.646,194.477,70475.9979
22.01.2024 19:00:00.000,194.476,194.556,193.936,194.067,60768.0016
22.01.2024 20:00:00.000,194.076,194.097,193.447,193.857,85524.0021
23.01.2024 14:00:00.000,195.096,195.707,194.647,194.796,99732.0023
23.01.2024 15:00:00.000,194.777,194.837,193.807,194.287,123384.0027
23.01.2024 16:00:00.000,194.286,194.707,194.166,194.626,66444.0002
23.01.2024 17:00:00.000,194.616,195.197,194.486,195.127,49523.9983
23.01.2024 18:00:00.000,195.136,195.217,194.746,194.796,50903.9993
23.01.2024 19:00:00.000,194.807,195.027,194.557,194.937,34091.9991
23.01.2024 20:00:00.000,194.946,195.236,194.636,195.136,51083.9996
24.01.2024 14:00:00.000,195.436,196.347,194.896,195.056,99947.998
24.01.2024 15:00:00.000,195.057,196.326,194.647,195.896,131796.0052
24.01.2024 16:00:00.000,195.896,195.967,195.266,195.857,82823.9975
24.01.2024 17:00:00.000,195.846,196.067,195.497,195.736,49116.0011
24.01.2024 18:00:00.000,195.727,195.727,195.136,195.276,76931.9992
24.01.2024 19:00:00.000,195.266,195.377,194.676,194.897,67295.9976
24.01.2024 20:00:00.000,194.896,195.127,194.336,194.557,86232.0023
25.01.2024 14:00:00.000,195.177,195.606,194.686,194.807,109164.0015
25.01.2024 15:00:00.000,194.806,195.617,194.607,195.467,144852.005
25.01.2024 16:00:00.000,195.476,196.257,195.156,195.946,80160.0037
25.01.2024 17:00:00.000,195.957,196.047,195.507,195.787,86148.0026
25.01.2024 18:00:00.000,195.796,195.947,194.046,194.116,125987.999
25.01.2024 19:00:00.000,194.107,194.107,193.096,193.546,104195.9991
25.01.2024 20:00:00.000,193.546,194.297,193.436,194.156,87024.0021
26.01.2024 14:00:00.000,194.147,194.627,193.746,194.617,107711.998
26.01.2024 15:00:00.000,194.597,194.747,194.176,194.517,144371.994
26.01.2024 16:00:00.000,194.506,194.557,193.906,194.026,80891.9983
26.01.2024 17:00:00.000,194.017,194.067,192.437,192.447,96575.9964
26.01.2024 18:00:00.000,192.437,192.746,192.256,192.437,79307.9987
26.01.2024 19:00:00.000,192.447,192.957,192.326,192.906,64080.0018
26.01.2024 20:00:00.000,192.907,192.957,191.936,192.336,76980.0034
29.01.2024 14:00:00.000,192.017,192.166,189.557,190.747,93732.0023
29.01.2024 15:00:00.000,190.767,191.246,190.486,190.576,140352.005
29.01.2024 16:00:00.000,190.577,191.016,190.396,190.766,73896.0037
29.01.2024 17:00:00.000,190.767,191.146,190.716,191.037,57540.0009
29.01.2024 18:00:00.000,191.046,191.377,190.916,191.257,44111.9995
29.01.2024 19:00:00.000,191.266,191.657,191.236,191.366,38495.9984
29.01.2024 20:00:00.000,191.376,192.186,191.366,191.776,88632.0038
30.01.2024 14:00:00.000,190.806,191.797,190.686,191.087,90996.0022
30.01.2024 15:00:00.000,191.097,191.166,188.216,188.476,167832.0007
30.01.2024 16:00:00.000,188.416,188.926,187.856,188.716,98183.9981
30.01.2024 17:00:00.000,188.726,188.917,187.866,187.867,78204.0024
30.01.2024 18:00:00.000,187.857,188.627,187.676,188.016,65711.998
30.01.2024 19:00:00.000,188.017,188.267,187.456,188.216,68291.9998
30.01.2024 20:00:00.000,188.206,188.257,187.796,188.006,77447.998
31.01.2024 14:00:00.000,187.007,187.007,184.777,185.177,104603.9963
31.01.2024 15:00:00.000,185.176,185.767,184.886,185.276,162419.9982
31.01.2024 16:00:00.000,185.286,185.847,185.276,185.667,109248.0011
31.01.2024 17:00:00.000,185.676,186.327,185.596,186.317,74819.9997
31.01.2024 18:00:00.000,186.317,186.517,186.066,186.147,69480.0034
31.01.2024 19:00:00.000,186.147,186.937,185.236,185.966,250632.0038
31.01.2024 20:00:00.000,185.966,185.997,184.496,184.496,218147.995
01.02.2024 14:00:00.000,183.886,185.627,183.686,185.436,110627.9984
01.02.2024 15:00:00.000,185.436,186.297,184.916,185.357,169848.0072
01.02.2024 16:00:00.000,185.357,186.057,185.286,185.666,119928.0014
01.02.2024 17:00:00.000,185.677,186.427,185.626,186.107,100043.9987
01.02.2024 18:00:00.000,186.117,186.166,185.246,185.787,116003.9978
01.02.2024 19:00:00.000,185.797,186.607,185.546,186.466,88487.999
01.02.2024 20:00:00.000,186.456,186.887,186.277,186.827,102071.9986
02.02.2024 14:00:00.000,179.826,183.697,179.226,182.467,141132.0038
02.02.2024 15:00:00.000,182.466,185.927,182.416,185.656,221399.9939
02.02.2024 16:00:00.000,185.666,187.236,185.117,186.317,160871.994
02.02.2024 17:00:00.000,186.326,187.107,185.116,185.266,127896.0037
02.02.2024 18:00:00.000,185.276,186.227,184.846,185.916,128675.9949
02.02.2024 19:00:00.000,185.926,186.987,185.586,186.977,107363.9984
02.02.2024 20:00:00.000,186.987,187.056,185.816,185.816,118043.9987
05.02.2024 14:00:00.000,188.146,188.217,185.847,186.586,110111.9995
05.02.2024 15:00:00.000,186.577,188.346,186.096,186.877,171251.9989
05.02.2024 16:00:00.000,186.876,188.097,186.757,187.976,86400.0015
05.02.2024 17:00:00.000,187.977,189.237,187.876,189.056,70127.9984
05.02.2024 18:00:00.000,189.046,189.067,188.516,188.707,58931.9992
05.02.2024 19:00:00.000,188.707,188.877,188.356,188.507,51444.0002
05.02.2024 20:00:00.000,188.517,188.616,187.626,187.626,102083.9996
06.02.2024 14:00:00.000,186.856,188.616,186.736,187.946,95508.0032
06.02.2024 15:00:00.000,187.956,188.287,187.267,187.697,158783.9966
06.02.2024 16:00:00.000,187.707,189.007,187.696,188.807,125040.0009
06.02.2024 17:00:00.000,188.816,189.126,188.416,188.527,116435.997
06.02.2024 18:00:00.000,188.526,188.987,188.496,188.767,85223.999
06.02.2024 19:00:00.000,188.756,188.807,188.226,188.566,89508.0032
06.02.2024 20:00:00.000,188.576,189.287,188.147,189.277,90192.0013
07.02.2024 14:00:00.000,190.647,190.996,188.836,188.997,93251.9989
07.02.2024 15:00:00.000,188.967,190.387,188.597,189.647,131988.0066
07.02.2024 16:00:00.000,189.647,189.707,188.796,189.116,109211.998
07.02.2024 17:00:00.000,189.126,189.207,188.646,188.987,87888.0005
07.02.2024 18:00:00.000,188.996,189.286,188.726,189.186,75984.0012
07.02.2024 19:00:00.000,189.186,189.397,188.886,189.257,34512.001
07.02.2024 20:00:00.000,189.247,189.407,188.926,189.366,47208.0002
08.02.2024 14:00:00.000,189.337,189.517,188.686,188.937,77723.999
08.02.2024 15:00:00.000,188.956,188.956,187.336,188.106,111624.0005
08.02.2024 16:00:00.000,188.126,188.397,187.826,188.386,55908.0009
08.02.2024 17:00:00.000,188.396,188.737,188.056,188.077,40068.0008
08.02.2024 18:00:00.000,188.086,188.347,187.996,188.137,62543.9987
08.02.2024 19:00:00.000,188.146,188.287,187.986,188.166,33215.9996
08.02.2024 20:00:00.000,188.176,188.437,188.076,188.326,47375.9995
09.02.2024 14:00:00.000,188.667,188.867,187.996,188.656,83339.9963
09.02.2024 15:00:00.000,188.676,188.827,188.346,188.667,101568.0008
09.02.2024 16:00:00.000,188.677,189.977,188.666,189.767,71627.9984
09.02.2024 17:00:00.000,189.747,189.827,189.086,189.626,47844.0018
09.02.2024 18:00:00.000,189.636,189.647,189.036,189.067,36624.0005
09.02.2024 19:00:00.000,189.047,189.047,188.706,188.937,27648.0007
09.02.2024 20:00:00.000,188.946,188.956,188.556,188.776,39731.9984
12.02.2024 14:00:00.000,188.396,188.647,187.436,187.967,70199.9969
12.02.2024 15:00:00.000,187.976,188.046,187.366,187.787,84599.9985
12.02.2024 16:00:00.000,187.776,188.167,187.686,187.996,63360.0006
12.02.2024 17:00:00.000,187.997,188.197,187.687,188.147,61740.0017
12.02.2024 18:00:00.000,188.166,188.347,187.546,187.976,84347.9996
12.02.2024 19:00:00.000,187.977,188.026,186.906,186.977,110412.0026
12.02.2024 20:00:00.000,186.967,187.446,186.776,187.187,76332.0007
13.02.2024 14:00:00.000,185.806,186.167,184.167,185.146,109536.0031
13.02.2024 15:00:00.000,185.136,186.176,184.756,185.826,165600.0061
13.02.2024 16:00:00.000,185.846,186.017,185.266,185.407,106991.9968
13.02.2024 17:00:00.000,185.396,185.767,185.097,185.156,90624.0005
13.02.2024 18:00:00.000,185.147,185.427,184.947,184.986,84000
13.02.2024 19:00:00.000,184.976,184.986,183.786,183.846,94103.9963
13.02.2024 20:00:00.000,183.837,185.187,183.507,185.036,99227.9968
14.02.2024 14:00:00.000,185.277,185.416,183.896,184.017,95543.9987
14.02.2024 15:00:00.000,184.007,184.267,183.096,183.177,144996.0022
14.02.2024 16:00:00.000,183.156,183.587,182.796,182.987,135600.0061
14.02.2024 17:00:00.000,182.996,183.007,182.496,182.707,83615.9973
14.02.2024 18:00:00.000,182.706,183.137,182.417,182.936,83519.9966
14.02.2024 19:00:00.000,182.946,183.197,182.477,182.906,93564.003
14.02.2024 20:00:00.000,182.907,184.247,182.846,184.037,87323.9975
15.02.2024 14:00:00.000,183.437,184.077,181.906,182.056,91223.999
15.02.2024 15:00:00.000,182.066,182.637,181.426,182.016,124847.9996
15.02.2024 16:00:00.000,182.026,182.137,181.536,181.727,99564.003
15.02.2024 17:00:00.000,181.716,182.237,181.626,181.786,65208.0002
15.02.2024 18:00:00.000,181.757,182.447,181.656,182.117,72192.0013
15.02.2024 19:00:00.000,182.106,182.357,181.736,182.337,61212.0018
15.02.2024 20:00:00.000,182.347,184.437,182.096,183.897,98208.0002
16.02.2024 14:00:00.000,183.416,184.837,182.296,182.326,90468.0023
16.02.2024 15:00:00.000,182.307,183.347,181.867,183.046,164184.0057
16.02.2024 16:00:00.000,183.047,183.427,182.826,183.087,105216.0034
16.02.2024 17:00:00.000,183.077,183.137,182.626,182.726,90660.0037
16.02.2024 18:00:00.000,182.727,182.896,182.476,182.887,88236.0001
16.02.2024 19:00:00.000,182.896,183.187,182.017,182.187,88367.9962
16.02.2024 20:00:00.000,182.176,182.377,181.657,182.276,112391.9983
20.02.2024 14:00:00.000,181.856,182.407,180.667,180.816,110903.9993
20.02.2024 15:00:00.000,180.806,180.827,179.996,180.726,153623.9929
20.02.2024 16:00:00.000,180.706,181.357,180.686,181.086,131712.0056
20.02.2024 17:00:00.000,181.086,181.117,180.477,180.736,123000
20.02.2024 18:00:00.000,180.746,180.937,180.396,180.716,119519.9966
20.02.2024 19:00:00.000,180.727,180.906,180.406,180.897,124800.0031
20.02.2024 20:00:00.000,180.907,181.637,180.846,181.596,121344.0018
21.02.2024 14:00:00.000,181.816,182.867,181.526,182.526,96431.9992
21.02.2024 15:00:00.000,182.527,182.837,182.116,182.147,146699.9969
21.02.2024 16:00:00.000,182.147,182.577,181.977,182.107,94632.0038
21.02.2024 17:00:00.000,182.106,182.117,181.176,181.527,99192.0013
21.02.2024 18:00:00.000,181.537,181.717,181.057,181.286,95819.9997
21.02.2024 19:00:00.000,181.276,181.457,180.646,180.996,122903.9993
21.02.2024 20:00:00.000,181.006,182.377,180.946,182.327,118295.9976
22.02.2024 14:00:00.000,183.426,184.167,182.516,183.106,102744.0033
22.02.2024 15:00:00.000,183.116,183.477,182.687,182.847,158772.0032
22.02.2024 16:00:00.000,182.856,183.247,182.457,182.937,124823.9975
22.02.2024 17:00:00.000,182.947,183.646,182.726,183.606,93611.9995
22.02.2024 18:00:00.000,183.617,184.276,183.526,184.206,69683.9981
22.02.2024 19:00:00.000,184.196,184.937,184.176,184.536,76080.0018
22.02.2024 20:00:00.000,184.516,184.837,184.177,184.327,110375.9995
23.02.2024 14:00:00.000,184.776,185.006,183.746,183.866,76043.9987
23.02.2024 15:00:00.000,183.887,183.937,182.927,183.377,124223.999
23.02.2024 16:00:00.000,183.386,183.397,182.636,182.916,105552.002
23.02.2024 17:00:00.000,182.906,183.017,182.296,182.796,89375.9995
23.02.2024 18:00:00.000,182.787,182.957,182.596,182.717,59159.9998
23.02.2024 19:00:00.000,182.726,182.767,182.426,182.596,67115.9973
23.02.2024 20:00:00.000,182.606,182.807,182.416,182.477,68388.0005
26.02.2024 14:00:00.000,182.237,182.747,181.137,181.507,84384.0027
26.02.2024 15:00:00.000,181.497,181.847,181.186,181.226,109559.9976
26.02.2024 16:00:00.000,181.217,181.257,180.736,181.196,61221.0007
26.02.2024 17:00:00.000,181.186,181.187,180.636,180.797,36441.0019
26.02.2024 18:00:00.000,180.787,181.377,180.706,181.376,49518.0016
26.02.2024 19:00:00.000,181.386,181.766,181.326,181.486,44784.0004
26.02.2024 20:00:00.000,181.486,181.607,181.066,181.136,48921.0014
27.02.2024 14:00:00.000,181.056,181.527,180.287,180.917,73884.0027
27.02.2024 15:00:00.000,180.887,181.647,180.696,181.067,109472.9996
27.02.2024 16:00:00.000,181.077,181.107,180.716,180.817,61803.0014
27.02.2024 17:00:00.000,180.816,180.997,180.096,180.176,50453.9986
27.02.2024 18:00:00.000,180.166,180.457,179.976,180.447,51045.0096
27.02.2024 19:00:00.000,180.436,183.897,180.396,182.937,117959.9991
27.02.2024 20:00:00.000,182.947,182.987,182.146,182.637,82332.0007
28.02.2024 14:00:00.000,182.497,183.087,181.106,181.287,72648.0026
28.02.2024 15:00:00.000,181.276,181.877,180.956,181.297,82176.0025
28.02.2024 16:00:00.000,181.287,181.757,181.146,181.237,62580.0018
28.02.2024 17:00:00.000,181.207,181.397,180.176,180.207,67211.998
28.02.2024 18:00:00.000,180.197,180.867,180.126,180.867,46728.0006
28.02.2024 19:00:00.000,180.867,180.917,180.347,180.706,53459.9991
28.02.2024 20:00:00.000,180.716,181.457,180.536,181.427,57228.0006
29.02.2024 14:00:00.000,181.257,182.547,181.166,181.486,66900.0015
29.02.2024 15:00:00.000,181.486,182.107,180.706,180.936,120059.9976
29.02.2024 16:00:00.000,180.947,180.957,179.526,180.096,113697.0444
29.02.2024 17:00:00.000,180.086,180.297,179.646,180.126,77400.0015
29.02.2024 18:00:00.000,180.146,180.706,179.676,180.076,62652.0004
29.02.2024 19:00:00.000,180.077,180.466,179.856,180.186,43332.0007
29.02.2024 20:00:00.000,180.196,181.087,179.557,180.687,69624.0005
01.03.2024 14:00:00.000,179.576,180.486,179.057,179.217,82248.0011
01.03.2024 15:00:00.000,179.246,179.877,177.666,178.286,123491.9968
01.03.2024 16:00:00.000,178.286,178.457,177.716,177.927,83664.0015
01.03.2024 17:00:00.000,177.897,178.646,177.376,178.516,67463.9969
01.03.2024 18:00:00.000,178.527,179.376,178.326,179.307,59664.0015
01.03.2024 19:00:00.000,179.317,180.197,179.296,179.997,65723.999
01.03.2024 20:00:00.000,179.976,179.997,179.396,179.597,85319.9997
04.03.2024 14:00:00.000,176.197,176.847,174.616,174.957,90816.0019
04.03.2024 15:00:00.000,174.957,174.987,173.896,174.797,97140.0681
04.03.2024 16:00:00.000,174.826,174.997,174.096,174.106,85103.9963
04.03.2024 17:00:00.000,174.107,174.687,174.006,174.047,55368
04.03.2024 18:00:00.000,174.026,174.497,173.777,174.197,58632
04.03.2024 19:00:00.000,174.197,175.637,173.966,175.317,62639.9994
04.03.2024 20:00:00.000,175.317,175.466,174.946,175.086,82379.9973
05.03.2024 14:00:00.000,170.526,172.006,170.076,170.467,101898.0026
05.03.2024 15:00:00.000,170.496,170.987,169.626,170.397,110060.997
05.03.2024 16:00:00.000,170.406,170.807,169.846,170.246,78174.0952
05.03.2024 17:00:00.000,170.237,170.886,170.096,170.287,61902.0004
05.03.2024 18:00:00.000,170.286,170.747,169.947,169.976,62738.9984
05.03.2024 19:00:00.000,169.977,170.367,169.786,170.036,67598.999
05.03.2024 20:00:00.000,170.027,170.236,169.797,170.117,61074.0013
06.03.2024 14:00:00.000,171.177,171.206,168.936,169.787,71057.9987
06.03.2024 15:00:00.000,169.777,170.036,168.966,169.537,111708.0002
06.03.2024 16:00:00.000,169.537,169.996,169.306,169.727,96683.9981
06.03.2024 17:00:00.000,169.736,170.337,169.696,170.117,79080.0018
06.03.2024 18:00:00.000,170.117,170.207,169.037,169.377,95304.0009
06.03.2024 19:00:00.000,169.367,169.386,168.676,168.826,138611.9995
06.03.2024 20:00:00.000,168.816,169.377,168.736,169.107,141000
07.03.2024 14:00:00.000,169.207,169.757,168.486,169.706,89148.0026
07.03.2024 15:00:00.000,169.697,169.717,168.606,168.766,107291.9998
07.03.2024 16:00:00.000,168.767,169.507,168.607,169.217,82103.9963
07.03.2024 17:00:00.000,169.227,169.587,168.976,169.107,73907.9971
07.03.2024 18:00:00.000,169.097,170.577,168.987,170.557,48672.0009
07.03.2024 19:00:00.000,170.556,170.717,169.757,170.226,48599.9985
07.03.2024 20:00:00.000,170.206,170.207,168.907,168.967,62934.0286
08.03.2024 14:00:00.000,168.997,170.847,168.916,170.727,93671.9971
08.03.2024 15:00:00.000,170.727,171.887,170.646,171.356,146675.9949
08.03.2024 16:00:00.000,171.356,172.467,170.936,171.476,190391.9983
08.03.2024 17:00:00.000,171.466,172.777,171.356,171.826,173087.9974
08.03.2024 18:00:00.000,171.827,172.477,171.707,172.417,132455.9937
08.03.2024 19:00:00.000,172.427,173.687,172.377,172.707,118835.9985
08.03.2024 20:00:00.000,172.707,172.957,170.707,170.707,146184.0057
11.03.2024 13:00:00.000,172.937,174.357,172.806,173.777,102407.9971
11.03.2024 14:00:00.000,173.786,173.977,172.276,172.457,148091.9952
11.03.2024 15:00:00.000,172.466,173.317,172.286,173.046,94791.0385
11.03.2024 16:00:00.000,173.047,173.147,172.546,172.597,65619.0033
11.03.2024 17:00:00.000,172.596,173.387,172.036,172.596,84456.0318
11.03.2024 18:00:00.000,172.606,172.886,172.356,172.867,67835.9985
11.03.2024 19:00:00.000,172.856,173.057,172.417,172.757,78360.0006
12.03.2024 13:00:00.000,173.147,173.427,171.006,171.467,97440.0024
12.03.2024 14:00:00.000,171.467,172.887,171.437,172.607,131507.9956
12.03.2024 15:00:00.000,172.607,172.897,172.307,172.576,99816.0019
12.03.2024 16:00:00.000,172.587,173.087,171.946,172.516,104183.9981
12.03.2024 17:00:00.000,172.497,173.477,172.416,173.256,86148.0026
12.03.2024 18:00:00.000,173.266,173.957,173.176,173.727,65940.0024
12.03.2024 19:00:00.000,173.736,174.017,173.136,173.207,62004.0016
13.03.2024 13:00:00.000,172.746,173.176,171.566,171.647,79260.0021
13.03.2024 14:00:00.000,171.666,171.686,170.756,171.017,116940.0024
13.03.2024 15:00:00.000,171.026,171.197,170.856,171.027,66771.0037
13.03.2024 16:00:00.000,171.027,171.127,170.846,170.997,34110.0006
13.03.2024 17:00:00.000,171.006,171.516,170.996,171.486,40347.0001
13.03.2024 18:00:00.000,171.486,171.796,171.436,171.637,28908.0009
13.03.2024 19:00:00.000,171.636,171.726,171.026,171.157,59210.9985
14.03.2024 13:00:00.000,172.876,173.266,172.046,172.786,92963.9969
14.03.2024 14:00:00.000,172.787,173.876,172.366,173.827,149111.9995
14.03.2024 15:00:00.000,173.836,174.296,173.046,173.176,116807.9987
14.03.2024 16:00:00.000,173.177,173.346,172.276,172.356,108143.9972
14.03.2024 17:00:00.000,172.366,173.846,172.236,173.677,105888.0005
14.03.2024 18:00:00.000,173.686,173.987,172.866,172.917,95903.9993
14.03.2024 19:00:00.000,172.907,173.276,172.216,173.086,119879.9973
15.03.2024 13:00:00.000,171.367,172.437,171.276,171.436,96552.002
15.03.2024 14:00:00.000,171.417,171.597,170.296,170.686,143880.0049
15.03.2024 15:00:00.000,170.697,171.157,170.596,170.966,98783.9966
15.03.2024 16:00:00.000,170.977,171.506,170.646,170.696,78839.9963
15.03.2024 17:00:00.000,170.696,171.126,170.516,171.107,63312.0003
15.03.2024 18:00:00.000,171.107,171.516,170.796,171.516,59712.0018
15.03.2024 19:00:00.000,171.506,172.587,171.456,172.577,75540.0009
18.03.2024 13:00:00.000,175.556,177.566,174.876,176.737,97655.9982
18.03.2024 14:00:00.000,176.747,177.696,176.576,177.157,105888.0005
18.03.2024 15:00:00.000,177.167,177.317,175.596,175.617,96108.0017
18.03.2024 16:00:00.000,175.617,175.637,175.066,175.066,86856.0028
18.03.2024 17:00:00.000,175.076,175.437,174.736,175.107,65963.9969
18.03.2024 18:00:00.000,175.096,175.527,174.806,174.966,61715.9996
18.03.2024 19:00:00.000,174.987,175.167,173.516,173.696,57840.0002
19.03.2024 13:00:00.000,174.256,174.477,173.027,174.446,85043.9987
19.03.2024 14:00:00.000,174.427,175.357,174.427,174.867,119075.9964
19.03.2024 15:00:00.000,174.866,175.397,174.637,175.197,75839.9963
19.03.2024 16:00:00.000,175.187,175.466,174.877,175.316,60911.9987
19.03.2024 17:00:00.000,175.316,176.107,175.316,176.106,71531.9977
19.03.2024 18:00:00.000,176.116,176.597,176.067,176.207,65183.9981
19.03.2024 19:00:00.000,176.197,176.527,175.776,176.076,77603.9963
20.03.2024 13:00:00.000,175.506,176.077,175.076,175.677,64416.0004
20.03.2024 14:00:00.000,175.676,176.367,175.586,175.897,91103.9963
20.03.2024 15:00:00.000,175.896,176.196,175.717,176.146,57779.9988
20.03.2024 16:00:00.000,176.136,176.757,176.046,176.687,47652.0004
20.03.2024 17:00:00.000,176.707,176.767,176.276,176.627,39144.001
20.03.2024 18:00:00.000,176.627,178.227,176.576,177.947,198048.0042
20.03.2024 19:00:00.000,177.947,178.657,177.796,178.657,106307.9987
21.03.2024 13:00:00.000,176.886,177.477,175.987,176.047,74171.9971
21.03.2024 14:00:00.000,176.026,176.177,172.576,172.587,128231.9946
21.03.2024 15:00:00.000,172.586,173.227,171.816,171.977,119844.0018
21.03.2024 16:00:00.000,171.976,172.587,171.857,172.126,66779.9988
21.03.2024 17:00:00.000,172.127,172.397,171.056,171.086,68615.9973
21.03.2024 18:00:00.000,171.087,171.467,170.836,171.107,76500
21.03.2024 19:00:00.000,171.116,171.557,170.836,171.347,95807.9987
22.03.2024 13:00:00.000,171.687,172.287,170.046,171.027,77819.9997
22.03.2024 14:00:00.000,171.026,172.547,170.866,171.876,96192.0013
22.03.2024 15:00:00.000,171.866,172.867,171.806,172.577,63768.0016
22.03.2024 16:00:00.000,172.587,172.887,172.076,172.627,55187.9997
22.03.2024 17:00:00.000,172.637,172.927,172.356,172.656,37007.9994
22.03.2024 18:00:00.000,172.656,172.926,172.366,172.737,39263.9999
22.03.2024 19:00:00.000,172.736,173.047,172.226,172.236,65075.9964
25.03.2024 13:00:00.000,170.507,170.656,169.436,170.176,71879.9973
25.03.2024 14:00:00.000,170.167,170.597,169.756,170.536,81300.0031
25.03.2024 15:00:00.000,170.536,170.746,170.086,170.616,71304.0009
25.03.2024 16:00:00.000,170.607,171.137,170.377,170.986,53172.0009
25.03.2024 17:00:00.000,170.977,171.507,170.966,171.456,34979.9995
25.03.2024 18:00:00.000,171.467,171.597,171.226,171.437,32015.9988
25.03.2024 19:00:00.000,171.446,171.927,170.786,170.846,55583.9996
26.03.2024 13:00:00.000,170.007,170.817,169.626,170.716,58644.001
26.03.2024 14:00:00.000,170.717,171.057,170.356,170.637,87360.0006
26.03.2024 15:00:00.000,170.626,170.857,170.426,170.567,51132
26.03.2024 16:00:00.000,170.557,171.237,170.536,171.036,49799.9992
26.03.2024 17:00:00.000,171.037,171.406,170.276,170.286,44256.0005
26.03.2024 18:00:00.000,170.286,170.567,170.156,170.537,33827.9991
26.03.2024 19:00:00.000,170.546,170.676,169.616,169.806,77087.9974
27.03.2024 13:00:00.000,170.336,172.867,170.096,172.696,65760.0021
27.03.2024 14:00:00.000,172.697,173.107,171.926,172.436,113928.0014
27.03.2024 15:00:00.000,172.426,172.747,172.046,172.057,82800.0031
27.03.2024 16:00:00.000,172.056,172.337,171.846,172.156,52787.9982
27.03.2024 17:00:00.000,172.147,172.486,171.987,172.276,43967.9985
27.03.2024 18:00:00.000,172.267,172.807,172.226,172.697,43403.9993
27.03.2024 19:00:00.000,172.686,173.587,172.617,173.336,90552.002
28.03.2024 13:00:00.000,171.747,171.936,170.707,171.336,57527.9999
28.03.2024 14:00:00.000,171.336,171.477,170.507,170.827,76019.9966
28.03.2024 15:00:00.000,170.827,171.137,170.556,171.096,43487.999
28.03.2024 16:00:00.000,171.096,171.336,170.726,171.316,46799.9992
28.03.2024 17:00:00.000,171.317,171.487,170.877,171.457,42060.0014
28.03.2024 18:00:00.000,171.477,172.067,171.297,172.047,46152.0004
28.03.2024 19:00:00.000,172.057,172.217,171.467,171.857,68424.0036
01.04.2024 13:00:00.000,171.177,171.197,170.037,170.117,56231.9984
01.04.2024 14:00:00.000,170.106,170.446,169.816,169.876,88500
01.04.2024 15:00:00.000,169.856,170.077,169.466,169.637,65183.9981
01.04.2024 16:00:00.000,169.646,169.987,169.576,169.827,50124.0005
01.04.2024 17:00:00.000,169.827,170.077,169.746,169.986,41591.9991
01.04.2024 18:00:00.000,169.987,170.066,169.847,170.007,26003.9997
01.04.2024 19:00:00.000,169.997,170.227,169.837,169.966,44844.0018
02.04.2024 13:00:00.000,169.057,169.317,168.226,169.036,71339.9963
02.04.2024 14:00:00.000,169.057,169.326,168.537,168.666,104027.9999
02.04.2024 15:00:00.000,168.666,168.947,168.656,168.817,13692.0004
02.04.2024 16:00:00.000,168.626,168.857,168.366,168.787,45287.9982
02.04.2024 17:00:00.000,168.796,169.087,168.786,169.007,37967.9985
02.04.2024 18:00:00.000,169.007,169.047,168.746,168.817,26795.9995
02.04.2024 19:00:00.000,168.846,169.217,168.716,168.886,55619.9989
03.04.2024 13:00:00.000,168.696,169.307,168.576,169.056,43895.9999
03.04.2024 14:00:00.000,169.056,170.627,169.056,170.496,82139.9994
03.04.2024 15:00:00.000,170.507,170.666,170.346,170.397,56375.9995
03.04.2024 16:00:00.000,170.387,170.427,169.737,170.187,77447.998
03.04.2024 17:00:00.000,170.207,170.376,170.146,170.147,41616.0011
03.04.2024 18:00:00.000,170.166,170.367,170.077,170.257,28931.9992
03.04.2024 19:00:00.000,170.257,170.577,169.276,169.666,89508.0032
04.04.2024 13:00:00.000,170.256,170.977,170.017,170.967,60984.0012
04.04.2024 14:00:00.000,170.967,171.177,170.697,171.006,68447.998
04.04.2024 15:00:00.000,171.016,171.756,170.846,171.716,63096.0007
04.04.2024 16:00:00.000,171.726,171.907,171.326,171.407,41004.0016
04.04.2024 17:00:00.000,171.407,171.597,170.786,170.817,49571.9986
04.04.2024 18:00:00.000,170.797,170.817,169.187,169.786,171792.0074
04.04.2024 19:00:00.000,169.776,169.917,168.817,168.877,187115.9973
05.04.2024 13:00:00.000,169.506,169.726,168.947,169.527,71136.0016
05.04.2024 14:00:00.000,169.527,169.896,169.046,169.637,100788.002
05.04.2024 15:00:00.000,169.626,170.227,169.206,170.197,83339.9963
05.04.2024 16:00:00.000,170.197,170.367,169.916,170.256,53147.9988
05.04.2024 17:00:00.000,170.247,170.367,169.506,169.616,62423.9998
05.04.2024 18:00:00.000,169.596,169.967,169.336,169.577,107424.0036
05.04.2024 19:00:00.000,169.587,169.966,169.497,169.586,60287.9982
08.04.2024 13:00:00.000,168.986,169.176,168.226,168.977,70319.9997
08.04.2024 14:00:00.000,168.986,169.147,168.696,168.986,88536.0031
08.04.2024 15:00:00.000,168.977,169.067,168.426,168.637,72695.9991
08.04.2024 16:00:00.000,168.616,168.817,168.256,168.796,60299.9992
08.04.2024 17:00:00.000,168.797,168.817,168.396,168.686,46740.0017
08.04.2024 18:00:00.000,168.687,168.887,168.536,168.747,31068.0008
08.04.2024 19:00:00.000,168.746,168.947,168.316,168.536,45132
09.04.2024 13:00:00.000,168.656,169.866,168.496,169.587,66875.9995
09.04.2024 14:00:00.000,169.577,170.057,168.497,168.836,139500
09.04.2024 15:00:00.000,168.827,169.157,168.586,168.966,101832.0007
09.04.2024 16:00:00.000,168.936,169.237,168.826,169.057,63251.9989
09.04.2024 17:00:00.000,169.046,169.547,168.926,168.947,65664.0015
09.04.2024 18:00:00.000,168.926,168.966,168.496,168.587,56784.0004
09.04.2024 19:00:00.000,168.587,169.707,168.347,169.667,100236.0001
10.04.2024 13:00:00.000,168.747,169.077,167.306,167.447,99096.0007
10.04.2024 14:00:00.000,167.447,168.677,167.106,168.007,167231.9946
10.04.2024 15:00:00.000,168.016,168.067,167.537,167.637,78996.0022
10.04.2024 16:00:00.000,167.627,168.427,167.576,168.406,48276.001
10.04.2024 17:00:00.000,168.406,168.586,167.626,168.196,123599.9985
10.04.2024 18:00:00.000,168.187,168.397,167.676,167.717,119519.9966
10.04.2024 19:00:00.000,167.706,168.667,167.676,167.767,96132.0038
11.04.2024 13:00:00.000,168.266,169.157,168.076,168.957,73211.998
11.04.2024 14:00:00.000,168.957,169.317,168.297,169.147,120755.9967
11.04.2024 15:00:00.000,169.156,169.927,168.946,169.897,83015.9988
11.04.2024 16:00:00.000,169.897,170.426,169.816,170.386,82367.9962
11.04.2024 17:00:00.000,170.377,173.237,170.286,172.996,103907.9971
11.04.2024 18:00:00.000,173.007,174.487,172.926,173.557,88811.9965
11.04.2024 19:00:00.000,173.556,175.447,173.536,174.936,87239.9979
12.04.2024 13:00:00.000,174.246,178.347,174.206,178.026,112776.001
12.04.2024 14:00:00.000,178.037,178.157,175.727,175.867,153371.994
12.04.2024 15:00:00.000,175.857,176.976,175.306,175.906,122603.9963
12.04.2024 16:00:00.000,175.896,176.207,174.906,175.007,107424.0036
12.04.2024 17:00:00.000,175.017,175.956,174.787,175.396,109931.9992
12.04.2024 18:00:00.000,175.386,176.237,175.326,175.927,104064.003
12.04.2024 19:00:00.000,175.916,176.727,175.616,176.567,96480.0034
15.04.2024 13:00:00.000,175.346,175.936,173.817,174.617,72431.9992
15.04.2024 14:00:00.000,174.606,175.257,174.486,174.826,119903.9993
15.04.2024 15:00:00.000,174.816,176.597,174.816,175.997,102912.0026
15.04.2024 16:00:00.000,175.996,176.127,174.886,175.117,79103.9963
15.04.2024 17:00:00.000,175.127,175.546,173.516,173.877,126648.0026
15.04.2024 18:00:00.000,173.866,173.876,172.486,173.306,109248.0011
15.04.2024 19:00:00.000,173.306,173.587,172.657,172.687,101064.003
16.04.2024 13:00:00.000,171.627,173.737,171.417,172.796,100907.9971
16.04.2024 14:00:00.000,172.806,172.967,169.106,169.136,163524.0021
16.04.2024 15:00:00.000,169.126,169.647,168.396,169.016,151856.9946
16.04.2024 16:00:00.000,169.006,169.837,168.257,169.057,138492.0044
16.04.2024 17:00:00.000,169.067,169.707,168.396,169.436,174576.004
16.04.2024 18:00:00.000,169.437,170.387,168.816,170.056,158003.9978
16.04.2024 19:00:00.000,170.057,170.077,169.266,169.337,130248.0011
17.04.2024 13:00:00.000,169.537,170.637,169.296,169.826,66720.0012
17.04.2024 14:00:00.000,169.837,170.617,169.566,169.827,142824.0051
17.04.2024 15:00:00.000,169.826,170.127,168.866,168.906,106907.9971
17.04.2024 16:00:00.000,168.907,169.027,168.057,168.336,106872.0016
17.04.2024 17:00:00.000,168.347,168.987,168.277,168.927,103751.9989
17.04.2024 18:00:00.000,168.937,169.177,168.256,168.307,107867.9962
17.04.2024 19:00:00.000,168.306,168.527,167.977,167.977,116400.0015
18.04.2024 13:00:00.000,167.987,168.627,167.537,167.697,84227.9968
18.04.2024 14:00:00.000,167.677,168.267,167.326,168.146,139932.0068
18.04.2024 15:00:00.000,168.157,168.237,167.776,167.826,99120.0027
18.04.2024 16:00:00.000,167.817,167.937,166.736,166.787,100475.9979
18.04.2024 17:00:00.000,166.796,167.107,166.546,166.826,132419.9982
18.04.2024 18:00:00.000,166.817,167.087,166.616,166.727,123875.9995
18.04.2024 19:00:00.000,166.716,167.367,166.716,166.996,117372.0016
19.04.2024 13:00:00.000,166.066,166.347,165.206,165.356,89963.9969
19.04.2024 14:00:00.000,165.347,165.647,164.806,165.556,162059.9976
19.04.2024 15:00:00.000,165.546,165.597,164.336,164.356,113316.0019
19.04.2024 16:00:00.000,164.356,165.287,164.066,165.197,135108.0017
19.04.2024 17:00:00.000,165.186,165.486,164.826,165.227,131388.0005
19.04.2024 18:00:00.000,165.237,165.657,164.507,164.947,117816.0019
19.04.2024 19:00:00.000,164.936,165.227,164.766,164.956,120935.997
22.04.2024 13:00:00.000,165.387,166.207,165.306,165.827,76139.9994
22.04.2024 14:00:00.000,165.836,166.017,165.097,165.217,105648.0026
22.04.2024 15:00:00.000,165.206,165.687,164.756,165.646,89783.9966
22.04.2024 16:00:00.000,165.657,165.857,165.456,165.796,59484.0012
22.04.2024 17:00:00.000,165.806,167.247,165.786,167.176,73272.0032
22.04.2024 18:00:00.000,167.176,167.237,166.236,166.616,66648.0026
22.04.2024 19:00:00.000,166.617,166.857,165.627,165.867,73344.0018
23.04.2024 13:00:00.000,165.197,166.567,164.907,166.117,81767.9977
23.04.2024 14:00:00.000,166.127,166.687,165.616,166.536,131904.007
23.04.2024 15:00:00.000,166.536,166.967,166.236,166.346,97080.0018
23.04.2024 16:00:00.000,166.347,166.637,166.046,166.446,65171.9971
23.04.2024 17:00:00.000,166.437,166.747,166.156,166.747,57492.0006
23.04.2024 18:00:00.000,166.747,166.857,166.646,166.767,35832.0007
23.04.2024 19:00:00.000,166.767,167.046,166.486,166.897,58692.0013
24.04.2024 13:00:00.000,166.357,167.917,166.137,167.526,83148.0026
24.04.2024 14:00:00.000,167.516,168.287,167.496,167.717,125711.998
24.04.2024 15:00:00.000,167.706,168.697,167.696,168.577,93527.9999
24.04.2024 16:00:00.000,168.586,169.267,168.087,168.346,92459.9991
24.04.2024 17:00:00.000,168.337,169.267,168.246,169.087,53580.0018
24.04.2024 18:00:00.000,169.097,169.107,168.266,168.437,79452.0035
24.04.2024 19:00:00.000,168.437,169.287,168.336,168.946,65148.0026
25.04.2024 13:00:00.000,169.506,170.546,168.917,168.987,95316.0019
25.04.2024 14:00:00.000,169.006,169.477,168.456,168.566,147035.9955
25.04.2024 15:00:00.000,168.556,168.866,168.136,168.536,103835.9985
25.04.2024 16:00:00.000,168.537,169.517,168.486,169.346,91367.9962
25.04.2024 17:00:00.000,169.356,169.606,168.836,169.546,80508.0032
25.04.2024 18:00:00.000,169.546,169.737,168.947,169.556,75599.9985
25.04.2024 19:00:00.000,169.556,170.017,169.397,169.866,83388.0005
26.04.2024 13:00:00.000,169.906,170.697,169.506,170.096,90059.9976
26.04.2024 14:00:00.000,170.107,171.167,170.006,171.076,107208.0002
26.04.2024 15:00:00.000,171.086,171.337,170.366,170.507,94536.0031
26.04.2024 16:00:00.000,170.517,170.517,169.916,170.006,60372.0016
26.04.2024 17:00:00.000,169.986,170.157,169.366,169.466,42132
26.04.2024 18:00:00.000,169.457,170.007,169.366,169.997,47459.9991
26.04.2024 19:00:00.000,169.996,170.097,169.166,169.217,42444.0002
29.04.2024 13:00:00.000,173.277,176.017,173.096,175.177,91788.002
29.04.2024 14:00:00.000,175.166,175.967,174.377,174.856,94835.9985
29.04.2024 15:00:00.000,174.857,175.117,173.976,174.666,76680.0003
29.04.2024 16:00:00.000,174.676,174.806,174.216,174.546,47340.0002
29.04.2024 17:00:00.000,174.517,175.087,174.376,174.796,48888.0005
29.04.2024 18:00:00.000,174.786,174.796,173.946,174.607,55667.9993
29.04.2024 19:00:00.000,174.596,174.597,173.116,173.507,84648.0026
30.04.2024 13:00:00.000,173.317,174.717,172.567,174.436,60060.0014
30.04.2024 14:00:00.000,174.417,174.977,174.006,174.146,101795.9976
30.04.2024 15:00:00.000,174.157,174.376,173.596,174.136,90108.0017
30.04.2024 16:00:00.000,174.146,174.186,173.236,173.857,92891.9983
30.04.2024 17:00:00.000,173.846,173.917,173.096,173.666,86244.0033
30.04.2024 18:00:00.000,173.657,173.867,172.816,173.117,77400.0015
30.04.2024 19:00:00.000,173.116,173.246,169.996,169.996,121788.002
01.05.2024 13:00:00.000,169.596,170.627,169.096,170.296,70092.0029
01.05.2024 14:00:00.000,170.296,171.337,170.156,171.097,117779.9988
01.05.2024 15:00:00.000,171.056,171.587,170.626,171.506,73139.9994
01.05.2024 16:00:00.000,171.517,171.696,171.046,171.046,68388.0005
01.05.2024 17:00:00.000,171.047,171.237,170.596,171.187,54395.9999
01.05.2024 18:00:00.000,171.187,172.617,170.806,172.457,224520.0043
01.05.2024 19:00:00.000,172.466,172.697,169.226,169.247,227531.9977
02.05.2024 13:00:00.000,172.427,172.607,171.156,171.406,100403.9993
02.05.2024 14:00:00.000,171.407,172.067,170.886,171.556,164723.999
02.05.2024 15:00:00.000,171.546,172.177,171.436,172.097,102947.998
02.05.2024 16:00:00.000,172.097,172.486,171.927,172.146,91356.0028
02.05.2024 17:00:00.000,172.166,172.767,172.156,172.586,76800.0031
02.05.2024 18:00:00.000,172.596,173.086,172.396,172.926,71867.9962
02.05.2024 19:00:00.000,172.926,173.406,172.536,173.077,117155.9982
03.05.2024 13:00:00.000,186.716,186.946,183.566,184.087,127475.9979
03.05.2024 14:00:00.000,184.086,184.977,182.637,184.766,201899.9939
03.05.2024 15:00:00.000,184.777,184.977,183.896,184.586,120083.9996
03.05.2024 16:00:00.000,184.577,184.936,184.116,184.746,72335.9985
03.05.2024 17:00:00.000,184.736,185.477,184.577,185.037,63215.9996
03.05.2024 18:00:00.000,185.037,185.977,185.036,185.346,62063.9992
03.05.2024 19:00:00.000,185.336,185.347,183.047,183.357,95531.9977
06.05.2024 13:00:00.000,182.366,184.106,181.636,182.447,77592.0029
06.05.2024 14:00:00.000,182.457,183.067,181.887,182.377,111227.9968
06.05.2024 15:00:00.000,182.377,182.377,181.677,182.307,82379.9973
06.05.2024 16:00:00.000,182.267,182.367,181.276,181.517,54347.9996
06.05.2024 17:00:00.000,181.516,181.697,180.417,181.077,53063.9992
06.05.2024 18:00:00.000,181.077,181.327,180.686,181.146,50279.9988
06.05.2024 19:00:00.000,181.156,181.997,180.846,181.667,75875.9995
07.05.2024 13:00:00.000,183.426,184.877,183.307,183.897,85800.0031
07.05.2024 14:00:00.000,183.897,184.457,182.306,182.606,118283.9966
07.05.2024 15:00:00.000,182.616,182.947,181.426,181.556,70068.0008
07.05.2024 16:00:00.000,181.567,182.007,181.306,181.857,55319.9997
07.05.2024 17:00:00.000,181.857,182.777,181.837,182.667,61824.0013
07.05.2024 18:00:00.000,182.676,182.907,182.297,182.487,64092.0029
07.05.2024 19:00:00.000,182.486,182.667,182.156,182.336,67800.0031
08.05.2024 13:00:00.000,182.506,182.917,181.826,182.076,60479.9995
08.05.2024 14:00:00.000,182.066,182.357,181.447,182.027,81984.0012
08.05.2024 15:00:00.000,182.037,182.347,181.846,182.226,70835.9985
08.05.2024 16:00:00.000,182.236,182.587,182.046,182.157,65052.002
08.05.2024 17:00:00.000,182.177,182.697,182.016,182.636,59976.0017
08.05.2024 18:00:00.000,182.637,182.977,182.476,182.797,37523.9983
08.05.2024 19:00:00.000,182.797,183.017,182.616,182.726,42888.0005
09.05.2024 13:00:00.000,182.507,183.817,182.096,183.726,64152.0004
09.05.2024 14:00:00.000,183.727,183.847,183.097,183.277,80183.9981
09.05.2024 15:00:00.000,183.286,183.836,183.226,183.536,61055.9998
09.05.2024 16:00:00.000,183.516,184.037,183.426,184.006,45408.0009
09.05.2024 17:00:00.000,184.006,184.637,183.876,184.466,58908.0009
09.05.2024 18:00:00.000,184.477,184.607,184.047,184.507,40476.0017
09.05.2024 19:00:00.000,184.507,184.637,184.206,184.597,50675.9987
10.05.2024 13:00:00.000,184.876,185.057,183.356,183.586,68568.0008
10.05.2024 14:00:00.000,183.597,183.957,182.246,182.537,117407.9971
10.05.2024 15:00:00.000,182.547,182.867,182.356,182.567,73991.9968
10.05.2024 16:00:00.000,182.577,182.597,182.236,182.377,42000
10.05.2024 17:00:00.000,182.376,182.507,182.127,182.466,39263.9999
10.05.2024 18:00:00.000,182.476,182.917,182.346,182.896,50687.9997
10.05.2024 19:00:00.000,182.906,183.177,182.666,182.987,44687.9997
13.05.2024 13:00:00.000,185.396,185.557,184.606,185.177,77867.9962
13.05.2024 14:00:00.000,185.187,186.417,184.926,186.066,89543.9987
13.05.2024 15:00:00.000,186.077,186.237,185.757,186.037,72888.0005
13.05.2024 16:00:00.000,186.027,186.867,185.957,186.806,32027.9999
13.05.2024 17:00:00.000,186.796,186.917,186.236,186.777,66083.9996
13.05.2024 18:00:00.000,186.747,186.927,186.556,186.807,35327.9991
13.05.2024 19:00:00.000,186.796,187.087,186.066,186.277,48888.0005
14.05.2024 13:00:00.000,187.597,188.277,186.917,186.986,75204.0024
14.05.2024 14:00:00.000,186.996,187.106,186.276,186.987,102744.0033
14.05.2024 15:00:00.000,186.977,187.187,186.506,186.897,64139.9994
14.05.2024 16:00:00.000,186.907,186.947,186.596,186.767,32495.9984
14.05.2024 17:00:00.000,186.777,187.027,186.447,186.926,31187.9997
14.05.2024 18:00:00.000,186.926,187.637,186.876,187.516,41987.999
14.05.2024 19:00:00.000,187.516,187.897,187.206,187.386,44759.9983
15.05.2024 13:00:00.000,187.827,188.877,187.346,188.847,78804.0009
15.05.2024 14:00:00.000,188.846,189.937,188.776,189.917,87311.9965
15.05.2024 15:00:00.000,189.927,190.006,189.526,189.877,49548.0003
15.05.2024 16:00:00.000,189.887,190.477,189.787,190.386,33672.0009
15.05.2024 17:00:00.000,190.406,190.637,190.166,190.366,39683.9981
15.05.2024 18:00:00.000,190.376,190.377,189.807,189.966,52428.0014
15.05.2024 19:00:00.000,189.956,190.247,189.496,189.727,51000
16.05.2024 13:00:00.000,190.316,191.087,189.966,190.466,66372.0016
16.05.2024 14:00:00.000,190.477,190.766,190.026,190.316,79547.9965
16.05.2024 15:00:00.000,190.326,190.586,189.716,190.007,65723.999
16.05.2024 16:00:00.000,190.006,190.476,189.796,190.317,50819.9997
16.05.2024 17:00:00.000,190.307,190.437,189.876,190.177,58187.9997
16.05.2024 18:00:00.000,190.167,190.167,189.746,189.937,52944.0002
16.05.2024 19:00:00.000,189.926,190.207,189.657,189.857,55368
17.05.2024 13:00:00.000,189.347,190.797,189.197,190.357,64236.0001
17.05.2024 14:00:00.000,190.346,190.507,189.816,189.957,62832.0007
17.05.2024 15:00:00.000,189.966,189.967,189.416,189.566,44411.9987
17.05.2024 16:00:00.000,189.566,189.977,189.546,189.936,39672.0009
17.05.2024 17:00:00.000,189.927,189.927,189.566,189.807,29340.0002
17.05.2024 18:00:00.000,189.816,190.037,189.376,189.967,44279.9988
17.05.2024 19:00:00.000,189.967,190.137,189.746,189.876,42959.9991
20.05.2024 13:00:00.000,189.267,190.887,188.996,190.877,78263.9999
20.05.2024 14:00:00.000,190.886,191.897,190.796,191.467,98819.9997
20.05.2024 15:00:00.000,191.466,191.657,191.066,191.267,55583.9996
20.05.2024 16:00:00.000,191.267,191.667,191.006,191.596,51624.0005
20.05.2024 17:00:00.000,191.607,191.796,191.357,191.496,50220.0012
20.05.2024 18:00:00.000,191.507,191.517,191.116,191.167,53796.0014
20.05.2024 19:00:00.000,191.177,191.377,190.797,191.067,62964.0007
21.05.2024 13:00:00.000,191.076,192.227,190.906,192.176,76823.9975
21.05.2024 14:00:00.000,192.186,192.577,191.846,192.277,89711.998
21.05.2024 15:00:00.000,192.287,192.637,192.016,192.097,45167.9993
21.05.2024 16:00:00.000,192.067,192.207,191.766,192.106,45203.9986
21.05.2024 17:00:00.000,192.096,192.507,192.036,192.487,29760.0002
21.05.2024 18:00:00.000,192.486,192.616,192.316,192.596,32388.0005
21.05.2024 19:00:00.000,192.587,192.717,192.266,192.357,44507.9994
22.05.2024 13:00:00.000,192.187,192.777,191.966,192.426,63948.0019
22.05.2024 14:00:00.000,192.416,192.817,192.066,192.077,77316.0019
22.05.2024 15:00:00.000,192.087,192.287,191.646,191.826,43715.9996
22.05.2024 16:00:00.000,191.816,191.857,191.146,191.287,32388.0005
22.05.2024 17:00:00.000,191.296,191.477,190.716,190.846,44352.0012
22.05.2024 18:00:00.000,190.836,190.886,190.246,190.806,72660.0037
22.05.2024 19:00:00.000,190.797,191.287,190.367,190.956,65304.0009
23.05.2024 13:00:00.000,190.926,190.947,189.036,189.407,104124.0005
23.05.2024 14:00:00.000,189.387,189.677,188.496,188.717,142451.9958
23.05.2024 15:00:00.000,188.716,189.697,188.666,189.667,61319.9997
23.05.2024 16:00:00.000,189.677,189.677,188.746,188.776,68555.9998
23.05.2024 17:00:00.000,188.777,188.957,187.546,187.586,96083.9996
23.05.2024 18:00:00.000,187.567,187.847,187.146,187.267,110987.999
23.05.2024 19:00:00.000,187.236,187.816,186.616,186.876,103716.0034
24.05.2024 13:00:00.000,188.827,189.176,188.036,188.706,89879.9973
24.05.2024 14:00:00.000,188.736,189.736,188.657,189.736,117900.0015
24.05.2024 15:00:00.000,189.737,190.267,189.636,190.167,71220.0012
24.05.2024 16:00:00.000,190.157,190.567,190.146,190.347,55703.9986
24.05.2024 17:00:00.000,190.347,190.546,190.056,190.066,40715.9996
24.05.2024 18:00:00.000,190.047,190.457,190.046,190.196,44736.0001
24.05.2024 19:00:00.000,190.197,190.276,189.826,189.957,61908.0009
28.05.2024 13:00:00.000,191.526,192.957,190.307,191.046,100440.0024
28.05.2024 14:00:00.000,191.047,192.087,190.996,191.636,114767.9977
28.05.2024 15:00:00.000,191.636,191.936,191.297,191.467,59243.9995
28.05.2024 16:00:00.000,191.456,191.737,191.046,191.296,45504.0016
28.05.2024 17:00:00.000,191.296,191.336,190.186,190.316,53291.9998
28.05.2024 18:00:00.000,190.316,190.467,189.106,189.706,64667.9993
28.05.2024 19:00:00.000,189.707,190.077,189.317,190.077,57695.9991
29.05.2024 13:00:00.000,189.506,192.227,189.497,191.767,90924.0036
29.05.2024 14:00:00.000,191.777,192.227,191.336,192.156,113783.9966
29.05.2024 15:00:00.000,192.146,192.147,191.086,191.437,69143.9972
29.05.2024 16:00:00.000,191.437,192.017,191.256,191.886,50004.0016
29.05.2024 17:00:00.000,191.877,192.007,191.457,191.757,51419.9982
29.05.2024 18:00:00.000,191.746,191.747,191.116,191.206,51576.0002
29.05.2024 19:00:00.000,191.206,191.257,189.946,190.336,67127.9984
30.05.2024 13:00:00.000,190.756,192.087,190.606,190.877,92639.9994
30.05.2024 14:00:00.000,190.877,191.616,190.676,191.236,130044.0063
30.05.2024 15:00:00.000,191.236,191.817,191.236,191.456,72311.9965
30.05.2024 16:00:00.000,191.447,191.737,191.086,191.736,57959.9991
30.05.2024 17:00:00.000,191.727,192.167,191.696,191.917,45215.9996
30.05.2024 18:00:00.000,191.906,191.987,191.347,191.727,54515.9988
30.05.2024 19:00:00.000,191.737,191.787,190.837,191.267,95435.997
31.05.2024 13:00:00.000,191.306,192.547,191.276,191.676,84648.0026
31.05.2024 14:00:00.000,191.697,192.406,191.056,191.177,150839.9963
31.05.2024 15:00:00.000,191.167,191.277,190.076,190.317,112367.9962
31.05.2024 16:00:00.000,190.316,190.386,189.896,190.026,96167.9993
31.05.2024 17:00:00.000,190.016,190.777,189.967,190.767,70260.0021
31.05.2024 18:00:00.000,190.777,190.817,190.326,190.757,68963.9969
31.05.2024 19:00:00.000,190.747,192.477,190.626,192.366,115055.9998
03.06.2024 13:00:00.000,192.806,194.547,192.497,194.106,95580.0018
03.06.2024 14:00:00.000,194.117,194.976,193.896,193.926,120888.0005
03.06.2024 15:00:00.000,193.936,194.416,193.576,193.906,103188.0035
03.06.2024 16:00:00.000,193.906,194.067,192.916,193.237,112283.9966
03.06.2024 17:00:00.000,193.237,194.046,192.827,193.586,94416.0004
03.06.2024 18:00:00.000,193.596,193.657,192.906,193.036,79608.0017
03.06.2024 19:00:00.000,193.046,194.067,192.937,194.067,90996.0022
04.06.2024 13:00:00.000,194.617,194.987,193.016,193.136,75227.9968
04.06.2024 14:00:00.000,193.147,194.357,193.056,194.176,133151.9928
04.06.2024 15:00:00.000,194.177,194.267,193.706,193.836,82344.0018
04.06.2024 16:00:00.000,193.826,194.806,193.826,194.517,60119.9989
04.06.2024 17:00:00.000,194.507,194.847,194.366,194.557,54347.9996
04.06.2024 18:00:00.000,194.567,195.307,194.516,194.656,62796.0014
04.06.2024 19:00:00.000,194.627,194.856,193.916,194.336,102624.0005
05.06.2024 13:00:00.000,195.337,196.387,194.866,195.736,84587.9974
05.06.2024 14:00:00.000,195.746,195.787,195.006,195.257,103356.0028
05.06.2024 15:00:00.000,195.266,196.887,195.186,196.007,64823.9975
05.06.2024 16:00:00.000,195.996,196.286,195.806,196.026,42636.0016
05.06.2024 17:00:00.000,196.016,196.687,195.596,196.657,49763.9999
05.06.2024 18:00:00.000,196.626,196.677,195.817,195.826,41484.0012
05.06.2024 19:00:00.000,195.816,196.437,195.616,195.866,54180.0003
06.06.2024 13:00:00.000,195.606,196.347,195.196,196.106,69527.9999
06.06.2024 14:00:00.000,196.116,196.487,195.426,195.737,87984.0012
06.06.2024 15:00:00.000,195.736,195.877,195.396,195.516,69527.9999
06.06.2024 16:00:00.000,195.526,195.957,195.426,195.957,45228.0006
06.06.2024 17:00:00.000,195.946,196.057,195.426,195.466,42276.001
06.06.2024 18:00:00.000,195.447,195.547,194.956,195.227,62495.9984
06.06.2024 19:00:00.000,195.206,195.467,194.157,194.467,74856.0028
07.06.2024 13:00:00.000,194.657,195.737,194.127,194.657,68772.0032
07.06.2024 14:00:00.000,194.646,195.957,194.566,195.617,87192.0013
07.06.2024 15:00:00.000,195.627,195.927,194.907,195.867,78947.998
07.06.2024 16:00:00.000,195.847,196.397,195.607,196.317,59400.0015
07.06.2024 17:00:00.000,196.287,196.567,195.957,196.496,44951.9997
07.06.2024 18:00:00.000,196.477,196.507,195.567,195.846,93180.0003
07.06.2024 19:00:00.000,195.847,196.926,195.757,196.867,120744.0033
10.06.2024 13:00:00.000,196.877,197.277,195.107,195.397,68064.003
10.06.2024 14:00:00.000,195.386,195.727,194.816,195.376,80987.999
10.06.2024 15:00:00.000,195.367,195.677,195.066,195.227,54276.001
10.06.2024 16:00:00.000,195.227,196.196,195.076,195.596,62340.0002
10.06.2024 17:00:00.000,195.597,196.377,193.386,194.946,101027.9999
10.06.2024 18:00:00.000,194.927,196.397,192.127,193.146,170315.9943
10.06.2024 19:00:00.000,193.127,194.147,192.276,193.117,131255.9967
11.06.2024 13:00:00.000,193.456,199.127,193.456,199.087,95723.999
11.06.2024 14:00:00.000,199.087,203.777,198.866,203.206,186636.0016
11.06.2024 15:00:00.000,203.237,205.407,202.236,204.297,171755.9967
11.06.2024 16:00:00.000,204.316,205.046,203.446,205.016,107496.0022
11.06.2024 17:00:00.000,205.016,205.987,204.446,204.967,93875.9995
11.06.2024 18:00:00.000,204.957,205.907,204.437,205.586,83531.9977
11.06.2024 19:00:00.000,205.577,207.117,204.696,207.116,108624.0005
12.06.2024 13:00:00.000,207.347,214.946,206.887,214.217,143244.0033
12.06.2024 14:00:00.000,214.236,216.597,214.226,216.597,184475.9979
12.06.2024 15:00:00.000,216.587,218.096,216.166,216.496,137039.9933
12.06.2024 16:00:00.000,216.496,217.476,214.846,215.816,103500
12.06.2024 17:00:00.000,215.806,217.626,215.497,217.466,80412.0026
12.06.2024 18:00:00.000,217.477,220.106,216.536,219.766,177684.0057
12.06.2024 19:00:00.000,219.736,220.186,212.836,213.107,212664.0015
13.06.2024 13:00:00.000,214.737,216.717,213.917,214.727,112739.9979
13.06.2024 14:00:00.000,214.716,214.967,212.826,212.856,166440.0024
13.06.2024 15:00:00.000,212.877,214.047,212.147,213.736,109092.0029
13.06.2024 16:00:00.000,213.696,213.696,211.596,212.276,100152.0004
13.06.2024 17:00:00.000,212.276,213.767,212.216,212.687,83676.0025
13.06.2024 18:00:00.000,212.717,214.126,212.566,213.967,69984.0012
13.06.2024 19:00:00.000,213.937,214.867,213.236,214.127,96360.0006
14.06.2024 13:00:00.000,213.806,215.127,213.176,213.707,81419.9982
14.06.2024 14:00:00.000,213.706,214.606,212.607,213.106,120300.0031
14.06.2024 15:00:00.000,213.096,213.827,212.446,212.537,92400.0015
14.06.2024 16:00:00.000,212.537,212.537,211.287,212.156,92664.0015
14.06.2024 17:00:00.000,212.166,212.436,211.346,212.356,75744.0033
14.06.2024 18:00:00.000,212.356,212.377,211.666,212.157,69660.0037
14.06.2024 19:00:00.000,212.137,212.577,211.407,212.506,76739.9979
17.06.2024 13:00:00.000,213.177,214.766,212.706,213.527,87012.001
17.06.2024 14:00:00.000,213.527,216.996,213.527,216.866,132923.996
17.06.2024 15:00:00.000,216.897,217.316,215.806,216.317,88332.0007
17.06.2024 16:00:00.000,216.337,217.257,216.116,217.066,83195.9991
17.06.2024 17:00:00.000,217.067,218.727,216.796,217.917,90204.0024
17.06.2024 18:00:00.000,217.887,218.926,217.856,218.696,108047.9965
17.06.2024 19:00:00.000,218.687,218.687,215.437,216.676,139151.9928
18.06.2024 13:00:00.000,217.586,218.596,214.516,214.657,87456.0013
18.06.2024 14:00:00.000,214.677,215.937,214.427,215.486,104328.0029
18.06.2024 15:00:00.000,215.477,215.767,213.396,213.576,96059.9976
18.06.2024 16:00:00.000,213.576,214.207,212.987,214.186,58439.9986
18.06.2024 17:00:00.000,214.187,214.187,213.406,213.567,58992.0006
18.06.2024 18:00:00.000,213.566,214.027,213.056,213.856,53604.0001
18.06.2024 19:00:00.000,213.836,215.087,213.796,214.336,86363.9984
20.06.2024 13:00:00.000,213.926,214.186,212.256,212.797,65496.0022
20.06.2024 14:00:00.000,212.816,213.127,210.096,211.206,112307.9987
20.06.2024 15:00:00.000,211.217,211.307,209.417,210.867,88751.9989
20.06.2024 16:00:00.000,210.876,211.027,209.316,209.887,87384.0027
20.06.2024 17:00:00.000,209.887,210.336,209.116,209.786,87515.9988
20.06.2024 18:00:00.000,209.776,210.596,209.416,210.016,78924.0036
20.06.2024 19:00:00.000,210.016,210.036,208.837,209.637,115475.9979
21.06.2024 13:00:00.000,210.337,211.847,209.836,210.397,92424.0036
21.06.2024 14:00:00.000,210.406,211.467,209.567,211.046,140399.9939
21.06.2024 15:00:00.000,211.047,211.617,210.626,211.256,104867.9962
21.06.2024 16:00:00.000,211.266,211.477,209.856,210.216,91103.9963
21.06.2024 17:00:00.000,210.217,210.617,209.906,210.277,84012.001
21.06.2024 18:00:00.000,210.277,210.966,209.966,210.146,73583.9996
21.06.2024 19:00:00.000,210.146,210.956,207.246,207.246,130199.9969
24.06.2024 13:00:00.000,207.647,208.737,206.587,208.666,72587.9974
24.06.2024 14:00:00.000,208.677,210.767,208.486,210.547,136944.0002
24.06.2024 15:00:00.000,210.537,212.677,210.537,211.827,111935.997
24.06.2024 16:00:00.000,211.816,211.826,209.506,209.747,78708.0002
24.06.2024 17:00:00.000,209.736,210.177,209.176,209.257,88452.0035
24.06.2024 18:00:00.000,209.216,209.497,208.496,208.836,92508.0032
24.06.2024 19:00:00.000,208.816,209.087,207.827,208.216,131304.0009
25.06.2024 13:00:00.000,208.877,211.356,208.596,210.056,63624.0005
25.06.2024 14:00:00.000,210.037,210.707,209.196,209.276,87419.9982
25.06.2024 15:00:00.000,209.267,210.467,209.267,210.306,53903.9993
25.06.2024 16:00:00.000,210.297,210.477,209.516,209.706,47507.9994
25.06.2024 17:00:00.000,209.696,210.386,209.376,210.266,37632
25.06.2024 18:00:00.000,210.236,210.657,209.877,210.446,44279.9988
25.06.2024 19:00:00.000,210.436,210.436,208.806,209.166,63335.9985
26.06.2024 13:00:00.000,211.366,212.307,210.626,211.476,71015.9988
26.06.2024 14:00:00.000,211.446,213.406,211.337,213.187,112428.0014
26.06.2024 15:00:00.000,213.187,214.417,213.026,214.256,95987.999
26.06.2024 16:00:00.000,214.246,214.757,213.247,213.816,76692.0013
26.06.2024 17:00:00.000,213.816,214.046,213.206,213.997,53723.999
26.06.2024 18:00:00.000,213.997,214.817,213.926,214.137,64860.0006
26.06.2024 19:00:00.000,214.127,214.147,212.706,213.147,100068.0008
27.06.2024 13:00:00.000,214.666,215.697,213.736,214.376,94559.9976
27.06.2024 14:00:00.000,214.366,214.827,212.336,213.266,140388.0005
27.06.2024 15:00:00.000,213.267,213.657,212.557,213.187,124536.0031
27.06.2024 16:00:00.000,213.177,214.167,213.036,213.656,90671.9971
27.06.2024 17:00:00.000,213.647,214.057,213.556,213.617,66804.0009
27.06.2024 18:00:00.000,213.607,213.767,213.046,213.737,83519.9966
27.06.2024 19:00:00.000,213.727,214.067,213.126,214.067,91176.0025
28.06.2024 13:00:00.000,215.767,216.027,213.557,214.297,75132.0038
28.06.2024 14:00:00.000,214.296,215.497,213.926,214.357,133416.0004
28.06.2024 15:00:00.000,214.356,214.717,213.766,214.176,108888.0005
28.06.2024 16:00:00.000,214.167,214.356,213.256,213.936,106127.9984
28.06.2024 17:00:00.000,213.937,214.507,213.606,213.917,78575.9964
28.06.2024 18:00:00.000,213.916,214.067,213.066,213.137,77531.9977
28.06.2024 19:00:00.000,213.136,213.596,210.316,210.396,176052.002
01.07.2024 13:00:00.000,212.036,214.016,211.906,213.136,89111.9995
01.07.2024 14:00:00.000,213.146,215.577,212.757,215.337,194100.0061
01.07.2024 15:00:00.000,215.326,215.717,214.326,215.657,135324.0051
01.07.2024 16:00:00.000,215.676,217.486,215.326,216.976,133067.9932
01.07.2024 17:00:00.000,216.966,217.487,216.306,216.707,116963.9969
01.07.2024 18:00:00.000,216.686,216.887,215.416,215.736,105912.0026
01.07.2024 19:00:00.000,215.727,216.987,215.126,216.606,120671.9971
02.07.2024 13:00:00.000,216.097,217.987,215.057,217.937,81047.9965
02.07.2024 14:00:00.000,217.966,219.837,217.636,219.517,140951.9958
02.07.2024 15:00:00.000,219.526,220.317,218.976,219.247,103152.0004
02.07.2024 16:00:00.000,219.236,219.427,218.746,219.156,73332.0007
02.07.2024 17:00:00.000,219.156,219.856,218.807,219.567,57108.0017
02.07.2024 18:00:00.000,219.576,220.297,219.456,219.777,52296.0014
02.07.2024 19:00:00.000,219.736,220.337,219.496,220.317,68940.0024
03.07.2024 13:00:00.000,219.927,221.307,219.596,221.076,88620.0027
03.07.2024 14:00:00.000,221.116,221.387,219.006,220.506,142451.9958
03.07.2024 15:00:00.000,220.507,220.707,219.756,220.297,88980.0034
03.07.2024 16:00:00.000,220.296,221.506,220.296,221.486,94379.9973
05.07.2024 13:00:00.000,221.666,224.507,221.646,224.057,76716.0034
05.07.2024 14:00:00.000,224.106,225.426,223.826,224.216,111333.0002
05.07.2024 15:00:00.000,224.237,225.406,224.126,225.276,65033.9966
05.07.2024 16:00:00.000,225.277,225.397,224.716,225.057,50094.0018
05.07.2024 17:00:00.000,225.056,225.627,224.876,225.127,41426.9981
05.07.2024 18:00:00.000,225.127,225.497,224.966,225.227,39645.0005
05.07.2024 19:00:00.000,225.217,226.436,225.207,226.277,38744.9989
08.07.2024 13:00:00.000,227.097,227.306,223.396,223.646,53595.0012
08.07.2024 14:00:00.000,223.646,225.797,223.247,225.377,81017.9977
08.07.2024 15:00:00.000,225.377,226.997,225.366,226.486,52893.0016
08.07.2024 16:00:00.000,226.467,226.747,225.776,226.676,43344.0018
08.07.2024 17:00:00.000,226.656,227.046,226.246,226.446,30059.9995
08.07.2024 18:00:00.000,226.446,227.427,226.396,226.957,39915.0009
08.07.2024 19:00:00.000,226.956,227.827,226.716,227.757,44036.9987
09.07.2024 13:00:00.000,227.936,228.227,226.336,228.146,52937.9997
09.07.2024 14:00:00.000,228.146,229.367,227.277,228.406,93212.9974
09.07.2024 15:00:00.000,228.406,228.437,227.456,228.197,59507.9994
09.07.2024 16:00:00.000,228.216,228.526,227.696,228.506,42002.9984
09.07.2024 17:00:00.000,228.516,228.707,227.846,228.086,38097.0001
09.07.2024 18:00:00.000,228.076,228.517,227.876,228.276,28871.9997
09.07.2024 19:00:00.000,228.266,228.767,228.146,228.647,34749.0005
10.07.2024 13:00:00.000,229.206,231.367,229.206,231.296,64458.0002
10.07.2024 14:00:00.000,231.216,231.717,230.167,230.266,94968.0023
10.07.2024 15:00:00.000,230.277,231.377,230.096,231.266,69407.9971
10.07.2024 16:00:00.000,231.256,232.717,230.926,231.297,81809.9976
10.07.2024 17:00:00.000,231.307,232.147,230.696,231.956,70317.0013
10.07.2024 18:00:00.000,231.947,232.167,231.606,232.147,45837.0018
10.07.2024 19:00:00.000,232.137,233.057,231.627,232.866,49265.9988
11.07.2024 13:00:00.000,231.286,232.316,230.116,231.816,73448.9975
11.07.2024 14:00:00.000,231.817,232.117,226.636,226.647,163233.0017
11.07.2024 15:00:00.000,226.636,227.697,225.756,226.847,155708.9996
11.07.2024 16:00:00.000,226.846,228.697,226.686,227.687,105209.9991
11.07.2024 17:00:00.000,227.676,228.247,226.567,226.796,104652.0004
11.07.2024 18:00:00.000,226.817,228.007,226.726,227.857,82223.999
11.07.2024 19:00:00.000,227.856,228.687,227.606,227.606,96759.0027
12.07.2024 13:00:00.000,228.937,231.376,228.646,231.317,62459.9991
12.07.2024 14:00:00.000,231.317,232.117,230.276,231.827,96083.9996
12.07.2024 15:00:00.000,231.826,232.367,230.827,230.896,73620.0027
12.07.2024 16:00:00.000,230.896,231.457,230.496,231.436,58824.0013
12.07.2024 17:00:00.000,231.436,232.626,231.307,232.277,50553.0014
12.07.2024 18:00:00.000,232.276,232.467,231.846,232.207,37944.0002
12.07.2024 19:00:00.000,232.196,232.246,229.896,230.487,84851.9974
15.07.2024 13:00:00.000,236.447,237.146,233.316,234.487,89775.0015
15.07.2024 14:00:00.000,234.466,235.606,234.116,235.487,115137.001
15.07.2024 15:00:00.000,235.487,236.307,234.637,235.066,101277.0004
15.07.2024 16:00:00.000,235.066,235.867,234.467,235.446,107541.0004
15.07.2024 17:00:00.000,235.437,235.476,234.106,234.527,108540.0009
15.07.2024 18:00:00.000,234.556,234.836,233.896,234.777,73430.9998
15.07.2024 19:00:00.000,234.746,235.057,233.076,234.377,109413.002
16.07.2024 13:00:00.000,234.996,236.246,233.947,234.356,55791.0004
16.07.2024 14:00:00.000,234.347,234.726,232.996,234.066,109647.0032
16.07.2024 15:00:00.000,234.076,234.896,233.796,233.887,82700.9964
16.07.2024 16:00:00.000,233.906,234.227,232.306,233.557,85374.0005
16.07.2024 17:00:00.000,233.557,234.187,233.266,234.107,56069.9997
16.07.2024 18:00:00.000,234.107,234.857,233.686,234.767,49391.9983
16.07.2024 19:00:00.000,234.776,234.967,234.276,234.767,59373.0011
17.07.2024 13:00:00.000,229.256,231.396,227.896,229.006,87093.0023
17.07.2024 14:00:00.000,228.997,229.037,226.626,227.746,146367.0044
17.07.2024 15:00:00.000,227.747,228.997,227.706,228.706,114939.003
17.07.2024 16:00:00.000,228.716,228.876,228.246,228.697,106083.0002
17.07.2024 17:00:00.000,228.687,228.906,228.136,228.606,86822.998
17.07.2024 18:00:00.000,228.626,229.787,228.486,229.186,83790.0009
17.07.2024 19:00:00.000,229.186,229.807,228.546,228.847,107351.9974
18.07.2024 13:00:00.000,230.166,230.396,226.567,227.006,73485.0006
18.07.2024 14:00:00.000,227.026,228.647,225.117,226.566,156960.0067
18.07.2024 15:00:00.000,226.597,226.656,222.427,223.476,160074.0051
18.07.2024 16:00:00.000,223.466,224.217,222.446,224.197,126557.9987
18.07.2024 17:00:00.000,224.166,225.177,223.467,224.676,119033.9966
18.07.2024 18:00:00.000,224.687,225.017,224.136,224.776,105471.0007
18.07.2024 19:00:00.000,224.757,225.136,223.437,224.156,148328.9948
19.07.2024 13:00:00.000,224.806,226.577,224.387,225.806,58908.0009
19.07.2024 14:00:00.000,225.776,226.777,224.606,224.757,126089.9963
19.07.2024 15:00:00.000,224.787,225.247,223.527,224.966,104264.9994
19.07.2024 16:00:00.000,224.967,224.977,223.267,223.966,85670.9976
19.07.2024 17:00:00.000,223.947,224.767,223.456,224.597,80847.0001
19.07.2024 18:00:00.000,224.587,224.937,223.867,224.427,74466.0034
19.07.2024 19:00:00.000,224.396,225.106,223.997,224.386,93861.0001
22.07.2024 13:00:00.000,227.116,227.647,225.556,226.686,61074.0013
22.07.2024 14:00:00.000,226.676,227.757,225.766,225.966,134981.9946
22.07.2024 15:00:00.000,225.937,226.206,223.206,223.996,111059.9976
22.07.2024 16:00:00.000,223.996,224.316,223.076,224.246,80829.0024
22.07.2024 17:00:00.000,224.286,225.226,223.996,225.176,67221.0007
22.07.2024 18:00:00.000,225.186,225.607,224.916,225.127,52191.0019
22.07.2024 19:00:00.000,225.137,225.197,223.756,223.897,89208.0002
23.07.2024 13:00:00.000,224.336,224.617,222.616,224.116,65978.9963
23.07.2024 14:00:00.000,224.126,225.127,223.967,224.626,143955.0018
23.07.2024 15:00:00.000,224.637,226.907,224.577,226.596,102690.0024
23.07.2024 16:00:00.000,226.617,226.636,225.066,225.227,104930.9998
23.07.2024 17:00:00.000,225.226,225.376,224.536,224.997,89972.9996
23.07.2024 18:00:00.000,224.986,225.026,224.306,224.766,70929.0009
23.07.2024 19:00:00.000,224.757,225.257,224.307,224.976,83052.002
24.07.2024 13:00:00.000,223.806,224.736,220.676,221.276,74852.9968
24.07.2024 14:00:00.000,221.246,221.396,218.796,218.827,121986.0001
24.07.2024 15:00:00.000,218.816,219.167,218.006,218.007,100835.9985
24.07.2024 16:00:00.000,218.007,218.537,217.107,217.806,97344.0018
24.07.2024 17:00:00.000,217.786,218.526,217.736,218.176,80153.9993
24.07.2024 18:00:00.000,218.177,218.847,217.796,218.156,88433.9981
24.07.2024 19:00:00.000,218.146,218.757,217.676,218.536,109566.0019
25.07.2024 13:00:00.000,218.807,219.807,215.046,215.547,72098.999
25.07.2024 14:00:00.000,215.546,218.537,214.596,218.517,140130.4932
25.07.2024 15:00:00.000,218.537,219.387,217.746,219.297,101691.0019
25.07.2024 16:00:00.000,219.296,220.846,218.786,220.187,89208.0002
25.07.2024 17:00:00.000,220.187,220.767,219.247,220.337,80000.9995
25.07.2024 18:00:00.000,220.336,220.417,218.616,218.617,81207.0007
25.07.2024 19:00:00.000,218.597,220.407,217.307,217.466,108774.0021
26.07.2024 13:00:00.000,218.777,219.017,216.247,217.586,62874.0005
26.07.2024 14:00:00.000,217.567,217.927,216.006,217.496,105713.9969
26.07.2024 15:00:00.000,217.507,218.866,217.376,218.477,80972.9996
26.07.2024 16:00:00.000,218.487,219.477,218.407,219.246,60515.9988
26.07.2024 17:00:00.000,219.216,219.367,217.666,218.067,79640.9988
26.07.2024 18:00:00.000,218.067,218.467,217.547,217.766,77040.0009
26.07.2024 19:00:00.000,217.767,218.727,217.106,218.036,95400.0015
29.07.2024 13:00:00.000,216.966,219.267,215.696,218.936,58986.0001
29.07.2024 14:00:00.000,218.916,219.077,217.416,217.777,87471.0007
29.07.2024 15:00:00.000,217.767,218.067,216.506,218.017,74168.9987
29.07.2024 16:00:00.000,218.026,218.927,218.016,218.766,61613.9984
29.07.2024 17:00:00.000,218.767,219.247,218.306,218.337,51561.0008
29.07.2024 18:00:00.000,218.347,218.737,217.967,218.557,57483.0017
29.07.2024 19:00:00.000,218.566,219.107,217.976,218.236,69507.0038
30.07.2024 13:00:00.000,219.036,220.306,218.556,219.586,63657.0015
30.07.2024 14:00:00.000,219.636,220.027,218.026,218.687,108162.0026
30.07.2024 15:00:00.000,218.696,218.797,216.316,216.527,131714.9963
30.07.2024 16:00:00.000,216.516,217.207,216.136,216.147,104625
30.07.2024 17:00:00.000,216.157,217.597,216.096,217.567,103815.0024
30.07.2024 18:00:00.000,217.567,218.727,217.557,218.196,76257.0038
30.07.2024 19:00:00.000,218.197,219.877,217.956,218.717,120717.0029
31.07.2024 13:00:00.000,221.437,222.626,220.607,221.947,69902.9999
31.07.2024 14:00:00.000,221.996,223.797,221.826,222.597,111150.0015
31.07.2024 15:00:00.000,222.586,223.347,222.287,222.526,95049.0036
31.07.2024 16:00:00.000,222.546,222.747,222.076,222.517,87291.0004
31.07.2024 17:00:00.000,222.506,222.987,221.296,222.136,80459.9991
31.07.2024 18:00:00.000,222.146,223.337,221.917,222.647,112445.9991
31.07.2024 19:00:00.000,222.667,223.006,221.257,221.967,160182.0068
01.08.2024 13:00:00.000,224.276,224.397,222.516,224.237,50633.9989
01.08.2024 14:00:00.000,224.217,224.237,220.337,220.946,95166.0004
01.08.2024 15:00:00.000,220.947,221.166,219.196,219.767,80316.0019
01.08.2024 16:00:00.000,219.777,220.157,218.436,218.707,71444.9997
01.08.2024 17:00:00.000,218.697,218.886,217.166,218.616,84564.003
01.08.2024 18:00:00.000,218.596,218.747,217.006,217.477,96900.0015
01.08.2024 19:00:00.000,217.467,219.086,217.106,218.327,133787.9944
02.08.2024 13:00:00.000,219.287,224.367,217.666,223.196,110099.9985
02.08.2024 14:00:00.000,223.227,224.356,220.637,222.396,154679.9927
02.08.2024 15:00:00.000,222.356,223.636,221.397,223.157,142104.0039
02.08.2024 16:00:00.000,223.147,225.567,222.707,224.197,167916.0004
02.08.2024 17:00:00.000,224.197,225.266,223.287,224.167,149027.9999
02.08.2024 18:00:00.000,224.186,224.217,221.896,222.676,140147.995
02.08.2024 19:00:00.000,222.666,223.367,219.006,219.716,186996.0022
05.08.2024 13:00:00.000,199.057,210.886,196.496,207.706,139692.0013
05.08.2024 14:00:00.000,207.846,210.916,207.626,209.516,218699.9969
05.08.2024 15:00:00.000,209.547,213.426,208.726,210.317,162503.9978
05.08.2024 16:00:00.000,210.316,212.906,209.676,210.327,118356.0028
05.08.2024 17:00:00.000,210.326,211.857,209.906,210.707,136091.9952
05.08.2024 18:00:00.000,210.686,210.927,203.927,204.747,140520.0043
05.08.2024 19:00:00.000,204.777,209.246,204.056,209.236,166404.007
06.08.2024 13:00:00.000,205.387,206.196,201.056,203.106,98052.002
06.08.2024 14:00:00.000,203.107,207.656,202.386,207.517,128363.9984
06.08.2024 15:00:00.000,207.467,208.497,206.016,208.437,116316.0019
06.08.2024 16:00:00.000,208.426,209.967,208.236,209.657,75108.0017
06.08.2024 17:00:00.000,209.636,209.687,208.316,208.506,82416.0004
06.08.2024 18:00:00.000,208.476,209.937,207.676,208.696,93012.001
06.08.2024 19:00:00.000,208.696,208.827,206.376,207.126,139031.9977
07.08.2024 13:00:00.000,206.856,212.406,206.376,212.367,102491.9968
07.08.2024 14:00:00.000,212.377,213.457,210.797,213.096,167664.0015
07.08.2024 15:00:00.000,213.106,213.616,211.917,212.537,110987.999
07.08.2024 16:00:00.000,212.556,212.957,211.136,211.516,97583.9996
07.08.2024 17:00:00.000,211.516,211.806,210.336,210.916,113783.9966
07.08.2024 18:00:00.000,210.877,211.237,208.876,208.906,112547.9965
07.08.2024 19:00:00.000,208.907,210.967,208.457,209.786,161591.9952
08.08.2024 13:00:00.000,213.037,213.146,208.786,210.546,88739.9979
08.08.2024 14:00:00.000,210.546,212.977,210.407,212.146,145751.9989
08.08.2024 15:00:00.000,212.177,212.667,211.067,212.377,97043.9987
08.08.2024 16:00:00.000,212.357,213.457,212.226,213.166,72611.9995
08.08.2024 17:00:00.000,213.176,214.177,212.616,213.667,60408.0009
08.08.2024 18:00:00.000,213.596,213.797,212.586,212.896,67800.0031
08.08.2024 19:00:00.000,212.876,213.487,211.826,213.327,122447.998
09.08.2024 13:00:00.000,211.906,213.467,211.906,212.507,77183.9981
09.08.2024 14:00:00.000,212.546,215.157,212.297,214.786,153839.9963
09.08.2024 15:00:00.000,214.816,215.727,214.507,214.656,102384.0027
09.08.2024 16:00:00.000,214.636,215.427,214.396,215.417,74304.0009
09.08.2024 17:00:00.000,215.427,216.767,215.237,215.886,69239.9979
09.08.2024 18:00:00.000,215.907,216.067,214.886,215.597,96071.9986
09.08.2024 19:00:00.000,215.577,216.597,215.196,216.117,132048.0042
12.08.2024 13:00:00.000,216.027,217.617,215.546,216.986,94463.9969
12.08.2024 14:00:00.000,216.986,219.077,216.877,218.606,156408.0048
12.08.2024 15:00:00.000,218.627,219.487,217.126,218.726,140483.9935
12.08.2024 16:00:00.000,218.707,218.736,217.136,217.137,103547.9965
12.08.2024 17:00:00.000,217.177,217.677,216.446,216.816,109596.0007
12.08.2024 18:00:00.000,216.836,217.407,216.506,217.386,99155.9982
12.08.2024 19:00:00.000,217.397,217.557,216.567,217.516,114828.0029
13.08.2024 13:00:00.000,219.137,221.436,219.137,221.096,93120.0027
13.08.2024 14:00:00.000,221.087,221.697,220.256,220.937,145884.0027
13.08.2024 15:00:00.000,220.957,221.586,220.877,221.066,84660.0037
13.08.2024 16:00:00.000,221.067,221.577,220.906,221.556,55152.0004
13.08.2024 17:00:00.000,221.577,221.877,220.537,220.917,56268.0016
13.08.2024 18:00:00.000,220.947,221.477,220.697,221.216,49344.0018
13.08.2024 19:00:00.000,221.257,221.287,220.406,221.107,80040.0009
14.08.2024 13:00:00.000,220.496,221.997,219.696,220.907,89699.9969
14.08.2024 14:00:00.000,220.956,221.697,220.416,221.666,133044.0063
14.08.2024 15:00:00.000,221.646,223.006,221.586,222.936,69732.0023
14.08.2024 16:00:00.000,222.936,222.936,220.356,221.026,71676.0025
14.08.2024 17:00:00.000,221.016,221.747,220.846,221.267,68183.9981
14.08.2024 18:00:00.000,221.246,221.706,220.916,221.557,54096.0007
14.08.2024 19:00:00.000,221.546,222.337,220.796,221.577,73872.0016
15.08.2024 13:00:00.000,224.477,224.787,222.746,224.407,84431.9992
15.08.2024 14:00:00.000,224.387,225.327,223.926,224.416,130692.0013
15.08.2024 15:00:00.000,224.416,224.797,223.826,224.637,76559.9976
15.08.2024 16:00:00.000,224.627,225.007,224.337,224.557,48251.9989
15.08.2024 17:00:00.000,224.526,224.857,224.236,224.666,40908.0009
15.08.2024 18:00:00.000,224.667,225.177,224.616,225.096,41844.0018
15.08.2024 19:00:00.000,225.097,225.317,223.817,224.537,74496.0022
16.08.2024 13:00:00.000,223.737,224.666,223.506,224.036,78347.9996
16.08.2024 14:00:00.000,224.036,225.007,223.956,224.147,146207.9926
16.08.2024 15:00:00.000,224.127,226.007,223.976,225.907,105947.998
16.08.2024 16:00:00.000,225.876,226.797,225.756,226.596,71772.0032
16.08.2024 17:00:00.000,226.597,226.657,225.926,226.137,71375.9995
16.08.2024 18:00:00.000,226.096,226.167,225.617,226.117,72720.0012
16.08.2024 19:00:00.000,226.117,226.206,225.517,226.066,91559.9976
19.08.2024 13:00:00.000,225.626,225.647,224.097,224.347,80424.0036
19.08.2024 14:00:00.000,224.346,224.487,223.036,224.206,134255.9967
19.08.2024 15:00:00.000,224.186,224.727,223.727,223.837,79319.9997
19.08.2024 16:00:00.000,223.836,224.457,223.786,224.357,46223.999
19.08.2024 17:00:00.000,224.366,224.417,223.746,224.296,42492.0006
19.08.2024 18:00:00.000,224.297,224.907,224.256,224.777,35723.999
19.08.2024 19:00:00.000,224.776,225.936,224.656,225.806,65580.0018
20.08.2024 13:00:00.000,225.747,227.147,225.417,227.017,86351.9974
20.08.2024 14:00:00.000,227.016,227.017,225.697,225.937,154044.0063
20.08.2024 15:00:00.000,225.926,226.967,225.836,226.916,99744.0033
20.08.2024 16:00:00.000,226.937,227.077,226.457,226.506,58644.001
20.08.2024 17:00:00.000,226.547,226.777,226.096,226.746,54215.9996
20.08.2024 18:00:00.000,226.736,227.097,226.516,226.516,38423.9998
20.08.2024 19:00:00.000,226.507,226.917,226.186,226.506,67440.0024
21.08.2024 13:00:00.000,226.496,227.057,225.897,227.047,73680.0003
21.08.2024 14:00:00.000,227.067,227.967,225.866,226.247,127559.9976
21.08.2024 15:00:00.000,226.237,226.967,225.736,226.176,72828.0029
21.08.2024 16:00:00.000,226.177,226.487,225.596,226.397,66311.9965
21.08.2024 17:00:00.000,226.416,226.447,225.816,226.137,40812.0003
21.08.2024 18:00:00.000,226.167,226.567,225.847,226.407,64980.0034
21.08.2024 19:00:00.000,226.386,226.547,225.187,226.317,85944.0002
22.08.2024 13:00:00.000,227.556,228.317,226.676,227.927,89723.999
22.08.2024 14:00:00.000,227.936,228.276,226.346,226.776,156983.9935
22.08.2024 15:00:00.000,226.727,227.187,224.906,225.486,142908.0048
22.08.2024 16:00:00.000,225.477,226.597,225.307,225.487,121344.0018
22.08.2024 17:00:00.000,225.496,225.797,223.996,224.367,130559.9976
22.08.2024 18:00:00.000,224.366,224.907,223.907,224.377,102767.9977
22.08.2024 19:00:00.000,224.387,224.936,224.026,224.607,137160.0037
23.08.2024 13:00:00.000,225.646,227.377,225.516,227.006,79620.0027
23.08.2024 14:00:00.000,227.016,228.197,225.496,226.206,181667.9993
23.08.2024 15:00:00.000,226.196,226.717,225.186,225.807,132095.993
23.08.2024 16:00:00.000,225.807,225.896,224.307,225.286,133235.9924
23.08.2024 17:00:00.000,225.286,226.507,225.117,226.196,92244.0033
23.08.2024 18:00:00.000,226.207,226.697,226.096,226.457,58776.001
23.08.2024 19:00:00.000,226.456,227.147,226.187,226.727,99372.0016
26.08.2024 13:00:00.000,226.746,227.106,226.016,226.317,93276.001
26.08.2024 14:00:00.000,226.346,226.697,223.886,224.796,174587.9974
26.08.2024 15:00:00.000,224.796,225.386,224.516,224.857,119412.0026
26.08.2024 16:00:00.000,224.826,226.217,224.616,226.177,72888.0005
26.08.2024 17:00:00.000,226.176,226.417,225.426,225.577,92856.0028
26.08.2024 18:00:00.000,225.576,226.327,225.456,226.316,86208.0002
26.08.2024 19:00:00.000,226.286,227.247,226.097,227.226,103704.0024
27.08.2024 13:00:00.000,226.107,226.816,224.846,226.727,85512.001
27.08.2024 14:00:00.000,226.717,228.307,226.717,228.287,167123.9929
27.08.2024 15:00:00.000,228.296,228.836,227.966,228.146,114120.0027
27.08.2024 16:00:00.000,228.136,228.467,227.527,228.066,69335.9985
27.08.2024 17:00:00.000,228.077,228.657,227.826,228.516,59015.9988
27.08.2024 18:00:00.000,228.516,228.567,228.247,228.416,53472.0001
27.08.2024 19:00:00.000,228.397,228.427,227.736,228.057,80928.0014
28.08.2024 13:00:00.000,227.976,229.627,227.856,228.567,87384.0027
28.08.2024 14:00:00.000,228.566,229.837,227.407,227.446,128315.9943
28.08.2024 15:00:00.000,227.426,227.697,226.246,226.806,121727.9968
28.08.2024 16:00:00.000,226.796,227.556,226.637,227.496,91080.0018
28.08.2024 17:00:00.000,227.516,227.746,225.766,225.867,74304.0009
28.08.2024 18:00:00.000,225.856,227.207,225.646,227.146,77424.0036
28.08.2024 19:00:00.000,227.106,227.627,226.236,226.506,111648.0026
29.08.2024 13:00:00.000,230.116,231.637,228.876,231.557,97440.0024
29.08.2024 14:00:00.000,231.527,232.707,230.316,232.347,123527.9999
29.08.2024 15:00:00.000,232.316,232.907,231.486,231.657,78167.9993
29.08.2024 16:00:00.000,231.657,232.687,231.587,232.526,59916.0004
29.08.2024 17:00:00.000,232.506,232.557,231.327,231.736,60852.0012
29.08.2024 18:00:00.000,231.726,231.726,229.836,230.406,110508.0032
29.08.2024 19:00:00.000,230.436,230.756,229.316,229.707,142115.9973
30.08.2024 13:00:00.000,230.136,230.387,228.797,229.067,78996.0022
30.08.2024 14:00:00.000,229.066,229.987,228.536,228.667,139343.9941
30.08.2024 15:00:00.000,228.677,228.977,227.507,228.596,121103.9963
30.08.2024 16:00:00.000,228.596,228.857,227.476,228.327,106403.9993
30.08.2024 17:00:00.000,228.316,228.676,227.656,227.757,75323.9975
30.08.2024 18:00:00.000,227.767,228.667,227.656,228.546,66575.9964
30.08.2024 19:00:00.000,228.556,229.837,228.217,228.957,113783.9966
03.09.2024 13:00:00.000,228.567,228.937,225.286,226.137,86856.0028
03.09.2024 14:00:00.000,226.097,226.447,223.497,223.626,154895.9961
03.09.2024 15:00:00.000,223.626,224.647,223.256,223.516,122459.9991
03.09.2024 16:00:00.000,223.526,224.277,223.327,223.696,95015.9988
03.09.2024 17:00:00.000,223.697,224.137,223.166,223.197,89375.9995
03.09.2024 18:00:00.000,223.197,223.287,221.806,221.936,114456.0013
03.09.2024 19:00:00.000,221.987,222.767,221.127,222.756,143951.9958
04.09.2024 13:00:00.000,221.666,221.747,219.027,219.546,70283.9966
04.09.2024 14:00:00.000,219.506,219.607,217.457,219.446,159000
04.09.2024 15:00:00.000,219.466,220.237,217.996,219.307,113064.003
04.09.2024 16:00:00.000,219.307,220.207,219.056,220.186,95351.9974
04.09.2024 17:00:00.000,220.196,220.897,219.766,220.867,83772.0032
04.09.2024 18:00:00.000,220.866,221.127,220.396,220.507,95615.9973
04.09.2024 19:00:00.000,220.507,221.426,220.156,220.717,132636.0016
05.09.2024 13:00:00.000,221.517,224.887,221.517,224.676,70199.9969
05.09.2024 14:00:00.000,224.686,225.447,223.606,223.686,111624.0005
05.09.2024 15:00:00.000,223.686,223.836,221.867,221.937,104928.0014
05.09.2024 16:00:00.000,221.947,223.127,221.936,222.806,70907.9971
05.09.2024 17:00:00.000,222.807,223.707,222.327,223.606,63515.9988
05.09.2024 18:00:00.000,223.606,223.876,223.157,223.306,56363.9984
05.09.2024 19:00:00.000,223.296,223.376,221.796,222.377,94043.9987
06.09.2024 13:00:00.000,223.866,225.227,222.796,224.027,93227.9968
06.09.2024 14:00:00.000,224.026,224.717,220.916,221.376,169919.9982
06.09.2024 15:00:00.000,221.366,222.546,220.816,220.957,160955.9937
06.09.2024 16:00:00.000,220.927,221.337,220.446,220.656,113208.0002
06.09.2024 17:00:00.000,220.656,221.627,220.066,220.277,102036.0031
06.09.2024 18:00:00.000,220.277,220.656,219.767,220.527,96564.003
06.09.2024 19:00:00.000,220.527,221.506,220.096,220.767,146735.9924
09.09.2024 13:00:00.000,220.887,221.237,217.807,219.167,58248.0011
09.09.2024 14:00:00.000,219.166,220.167,217.096,217.186,90444.0002
09.09.2024 15:00:00.000,217.177,219.887,217.046,219.867,71807.9987
09.09.2024 16:00:00.000,219.867,220.597,219.617,220.137,52380.0011
09.09.2024 17:00:00.000,220.147,220.917,218.437,219.086,67403.9993
09.09.2024 18:00:00.000,219.136,219.136,216.696,217.866,91356.0028
09.09.2024 19:00:00.000,217.836,221.017,217.766,220.927,90143.9972
10.09.2024 13:00:00.000,218.896,219.936,216.726,217.487,61187.9997
10.09.2024 14:00:00.000,217.487,219.957,217.436,219.137,109860.0006
10.09.2024 15:00:00.000,219.096,220.397,218.256,218.317,84431.9992
10.09.2024 16:00:00.000,218.317,219.917,218.036,219.527,68195.9991
10.09.2024 17:00:00.000,219.527,220.936,219.516,220.777,51192.0013
10.09.2024 18:00:00.000,220.777,221.466,220.186,220.347,47279.9988
10.09.2024 19:00:00.000,220.326,221.087,219.626,220.117,65255.9967
11.09.2024 13:00:00.000,221.317,223.036,220.116,220.467,69720.0012
11.09.2024 14:00:00.000,220.467,220.987,217.886,218.557,117059.9976
11.09.2024 15:00:00.000,218.547,220.337,218.027,219.656,96599.9985
11.09.2024 16:00:00.000,219.677,221.306,219.626,221.047,73236.0001
11.09.2024 17:00:00.000,221.047,221.827,220.816,221.046,54576.0002
11.09.2024 18:00:00.000,221.036,221.756,220.817,221.437,55091.9991
11.09.2024 19:00:00.000,221.407,222.967,221.096,222.446,74856.0028
12.09.2024 13:00:00.000,222.256,222.527,219.806,221.006,85643.9972
12.09.2024 14:00:00.000,221.026,222.367,220.926,221.736,141455.9937
12.09.2024 15:00:00.000,221.706,223.037,221.657,221.966,120503.9978
12.09.2024 16:00:00.000,221.966,222.527,221.616,222.477,86388.0005
12.09.2024 17:00:00.000,222.467,223.217,222.406,223.076,81276.001
12.09.2024 18:00:00.000,223.077,223.527,222.146,223.176,98148.0026
12.09.2024 19:00:00.000,223.136,223.456,222.357,222.847,124103.9963
13.09.2024 13:00:00.000,223.576,223.806,222.196,222.477,64620.0027
13.09.2024 14:00:00.000,222.487,223.467,221.896,223.147,128423.996
13.09.2024 15:00:00.000,223.136,223.837,223.126,223.786,97680.0003
13.09.2024 16:00:00.000,223.777,223.977,223.046,223.856,92844.0018
13.09.2024 17:00:00.000,223.867,224.016,223.316,223.676,77879.9973
13.09.2024 18:00:00.000,223.676,224.017,222.406,222.456,96456.0013
13.09.2024 19:00:00.000,222.456,222.836,222.306,222.427,106956.0013
16.09.2024 13:00:00.000,216.707,216.726,213.907,215.167,79416.0004
16.09.2024 14:00:00.000,215.156,217.187,215.016,215.287,93216.0034
16.09.2024 15:00:00.000,215.206,216.567,214.836,215.946,67319.9997
16.09.2024 16:00:00.000,215.967,216.037,214.906,215.566,52883.9989
16.09.2024 17:00:00.000,215.556,216.376,215.506,216.196,43080.0018
16.09.2024 18:00:00.000,216.207,216.497,215.967,216.397,39611.9995
16.09.2024 19:00:00.000,216.397,216.696,215.906,216.297,57215.9996
17.09.2024 13:00:00.000,215.746,216.567,214.456,216.196,73620.0027
17.09.2024 14:00:00.000,216.256,216.887,215.526,216.086,122832.0007
17.09.2024 15:00:00.000,216.086,216.827,215.937,216.587,89688.0035
17.09.2024 16:00:00.000,216.587,216.607,215.206,215.787,122952.0035
17.09.2024 17:00:00.000,215.787,216.366,215.036,216.116,115788.002
17.09.2024 18:00:00.000,216.127,216.376,215.276,215.837,98531.9977
17.09.2024 19:00:00.000,215.817,216.817,215.706,216.766,123468.0023
18.09.2024 13:00:00.000,217.647,219.536,217.627,219.196,56580.0018
18.09.2024 14:00:00.000,219.167,221.596,218.966,220.917,91823.9975
18.09.2024 15:00:00.000,220.966,221.387,219.506,219.606,63479.9995
18.09.2024 16:00:00.000,219.627,221.337,219.507,221.267,52139.9994
18.09.2024 17:00:00.000,221.276,221.517,220.336,220.617,49680.0003
18.09.2024 18:00:00.000,220.577,222.637,219.807,220.006,149220.0012
18.09.2024 19:00:00.000,219.996,221.777,218.916,220.687,186492.0044
19.09.2024 13:00:00.000,225.107,227.386,224.596,227.286,72515.9988
19.09.2024 14:00:00.000,227.266,229.796,227.226,227.927,135371.994
19.09.2024 15:00:00.000,227.936,228.846,227.627,228.356,100547.9965
19.09.2024 16:00:00.000,228.347,229.317,228.266,229.166,76620.0027
19.09.2024 17:00:00.000,229.166,229.446,228.706,229.367,77819.9997
19.09.2024 18:00:00.000,229.357,229.426,228.376,229.307,99503.9978
19.09.2024 19:00:00.000,229.307,229.566,228.276,228.827,135876.0071
20.09.2024 13:00:00.000,230.016,231.137,229.206,229.956,62580.0018
20.09.2024 14:00:00.000,230.007,230.556,229.386,230.286,92244.0033
20.09.2024 15:00:00.000,230.297,230.936,229.186,230.787,68916.0004
20.09.2024 16:00:00.000,230.786,231.887,230.736,231.836,47964.0007
20.09.2024 17:00:00.000,231.837,231.877,230.596,230.657,53712.0018
20.09.2024 18:00:00.000,230.637,231.597,229.496,231.466,68220.0012
20.09.2024 19:00:00.000,231.477,233.067,227.607,228.206,125183.9981
23.09.2024 13:00:00.000,227.177,227.806,225.847,226.917,63504.0016
23.09.2024 14:00:00.000,226.916,229.427,226.287,228.696,103440.0024
23.09.2024 15:00:00.000,228.696,228.886,228.096,228.306,58608.0017
23.09.2024 16:00:00.000,228.306,228.307,226.596,226.757,60000
23.09.2024 17:00:00.000,226.766,227.117,226.506,227.066,45551.9981
23.09.2024 18:00:00.000,227.057,227.166,226.487,226.666,32015.9988
23.09.2024 19:00:00.000,226.666,226.697,225.806,226.426,66456.0013
24.09.2024 13:00:00.000,228.597,229.276,227.167,227.377,48683.9981
24.09.2024 14:00:00.000,227.406,227.407,225.716,227.167,103536.0031
24.09.2024 15:00:00.000,227.196,227.597,226.696,227.426,52236.0001
24.09.2024 16:00:00.000,227.447,227.746,226.946,226.996,41099.9985
24.09.2024 17:00:00.000,226.986,227.477,226.796,227.277,43812.0003
24.09.2024 18:00:00.000,227.297,227.376,226.526,226.867,41466.0339
24.09.2024 19:00:00.000,226.846,227.486,226.367,227.287,66456.0013
25.09.2024 13:00:00.000,224.936,226.947,224.606,226.866,67127.9984
25.09.2024 14:00:00.000,226.907,227.267,226.106,226.356,84227.9968
25.09.2024 15:00:00.000,226.357,226.637,225.286,225.497,66407.9971
25.09.2024 16:00:00.000,225.496,226.007,225.366,225.776,48299.9992
25.09.2024 17:00:00.000,225.777,225.856,224.816,224.937,69071.9986
25.09.2024 18:00:00.000,224.957,225.077,224.006,224.917,56580.0018
25.09.2024 19:00:00.000,224.906,226.387,224.896,226.356,59784.0004
26.09.2024 13:00:00.000,227.347,227.597,225.406,226.476,82115.9973
26.09.2024 14:00:00.000,226.486,228.477,226.026,227.157,150024.0021
26.09.2024 15:00:00.000,227.157,227.926,226.656,227.666,128447.998
26.09.2024 16:00:00.000,227.686,227.686,226.996,227.236,99947.998
26.09.2024 17:00:00.000,227.226,227.477,226.637,227.116,113003.9978
26.09.2024 18:00:00.000,227.137,227.837,226.966,227.776,94188.0035
26.09.2024 19:00:00.000,227.736,227.857,226.987,227.596,128423.996
27.09.2024 13:00:00.000,228.447,229.476,227.976,228.737,50027.9999
27.09.2024 14:00:00.000,228.777,229.487,228.496,228.627,82571.9986
27.09.2024 15:00:00.000,228.617,228.697,227.267,227.486,78180.0003
27.09.2024 16:00:00.000,227.496,228.327,227.446,228.327,57324.0013
27.09.2024 17:00:00.000,228.317,228.607,227.796,228.346,43464.0007
27.09.2024 18:00:00.000,228.336,228.506,227.507,228.107,56436.0008
27.09.2024 19:00:00.000,228.106,228.107,227.516,227.796,73727.9968
30.09.2024 13:00:00.000,229.997,232.297,229.636,230.906,66347.9996
30.09.2024 14:00:00.000,230.986,231.746,230.296,231.577,88944.0002
30.09.2024 15:00:00.000,231.577,232.396,231.356,232.226,70295.9976
30.09.2024 16:00:00.000,232.237,232.526,231.736,231.766,48360.0006
30.09.2024 17:00:00.000,231.797,232.016,231.306,231.817,48791.9998
30.09.2024 18:00:00.000,231.797,231.886,230.536,231.746,90599.9985
30.09.2024 19:00:00.000,231.727,232.987,231.036,232.977,96047.9965
01.10.2024 13:00:00.000,229.516,229.596,225.596,226.087,106859.9996
01.10.2024 14:00:00.000,226.076,226.237,224.526,225.276,187776.0003
01.10.2024 15:00:00.000,225.266,225.926,224.516,225.207,129539.9995
01.10.2024 16:00:00.000,225.207,225.806,224.256,224.737,145932
01.10.2024 17:00:00.000,224.746,225.156,223.727,225.086,149100.00039999996
01.10.2024 18:00:00.000,225.086,225.717,225.026,225.587,129863.99909999999
01.10.2024 19:00:00.000,225.586,226.327,225.496,226.127,137160.0005
02.10.2024 13:00:00.000,225.816,226.097,223.196,223.356,64079.99999999999
02.10.2024 14:00:00.000,223.336,226.377,223.016,226.026,89064.00029999999
02.10.2024 15:00:00.000,226.046,227.027,225.896,226.827,59423.99970000001
02.10.2024 16:00:00.000,226.826,227.006,226.616,226.626,41735.999899999995
02.10.2024 17:00:00.000,226.626,227.136,226.326,227.107,43775.999899999995
02.10.2024 18:00:00.000,227.086,227.166,226.446,226.897,34883.9998
02.10.2024 19:00:00.000,226.867,227.347,226.677,226.727,44723.999800000005
03.10.2024 13:00:00.000,224.967,226.677,224.846,226.267,48648.0002
03.10.2024 14:00:00.000,226.267,226.786,224.236,224.306,144683.9997
03.10.2024 15:00:00.000,224.287,225.237,224.266,225.116,103320.0003
03.10.2024 16:00:00.000,225.127,225.347,223.616,223.796,90791.99939999997
03.10.2024 17:00:00.000,223.786,224.316,223.297,224.276,96480.00010000002
03.10.2024 18:00:00.000,224.287,224.387,223.596,223.606,56843.999500000005
03.10.2024 19:00:00.000,223.607,225.827,223.496,225.577,80003.9997
04.10.2024 13:00:00.000,227.946,227.946,225.036,225.167,60947.999800000005
04.10.2024 14:00:00.000,225.166,225.597,224.146,225.076,113424.0001
04.10.2024 15:00:00.000,225.076,225.516,224.306,225.506,79259.9994
04.10.2024 16:00:00.000,225.516,225.547,224.686,225.127,57971.9999
04.10.2024 17:00:00.000,225.127,225.387,224.527,224.857,48887.999899999995
04.10.2024 18:00:00.000,224.846,225.527,224.626,225.527,40871.999800000005
04.10.2024 19:00:00.000,225.517,226.947,225.276,226.706,59688.000199999995
07.10.2024 13:00:00.000,224.516,225.377,224.027,225.026,52932.0003
07.10.2024 14:00:00.000,225.016,225.677,224.436,225.297,77244.0001
07.10.2024 15:00:00.000,225.286,225.286,224.456,224.877,54384
07.10.2024 16:00:00.000,224.876,224.917,223.886,223.946,46859.999899999995
07.10.2024 17:00:00.000,223.947,224.557,223.396,223.836,37320
07.10.2024 18:00:00.000,223.847,223.966,222.216,222.317,79091.99990000001
07.10.2024 19:00:00.000,222.287,222.757,221.326,221.646,86963.9997
08.10.2024 13:00:00.000,224.207,225.137,223.216,225.036,56975.9999
08.10.2024 14:00:00.000,225.046,225.936,224.536,225.017,76247.9999
08.10.2024 15:00:00.000,225.006,225.587,224.646,225.337,43056.000100000005
08.10.2024 16:00:00.000,225.326,225.327,224.556,224.667,28920
08.10.2024 17:00:00.000,224.687,224.977,224.206,224.946,49704
08.10.2024 18:00:00.000,224.936,225.426,224.767,225.316,34595.999899999995
08.10.2024 19:00:00.000,225.307,225.966,225.086,225.746,50603.99999999999
09.10.2024 13:00:00.000,225.156,226.467,224.817,226.126,55788
09.10.2024 14:00:00.000,226.136,227.777,225.816,227.637,75600.0001
09.10.2024 15:00:00.000,227.636,228.616,227.636,228.417,50723.9999
09.10.2024 16:00:00.000,228.387,229.026,228.066,228.637,37512
09.10.2024 17:00:00.000,228.626,228.977,228.006,228.496,34140.000100000005
09.10.2024 18:00:00.000,228.497,229.646,228.406,229.287,46368
09.10.2024 19:00:00.000,229.296,229.737,228.796,229.477,59135.99950000001
10.10.2024 13:00:00.000,227.756,228.807,227.147,228.427,57576.00030000001
10.10.2024 14:00:00.000,228.427,228.556,227.626,227.817,77844.0003
10.10.2024 15:00:00.000,227.836,228.647,227.676,228.636,44567.999899999995
10.10.2024 16:00:00.000,228.657,229.226,228.106,228.427,44400.00000000001
10.10.2024 17:00:00.000,228.447,228.787,228.016,228.617,47376.000100000005
10.10.2024 18:00:00.000,228.626,228.636,228.076,228.466,36875.999899999995
10.10.2024 19:00:00.000,228.447,229.466,228.246,229.017,52764.0003
11.10.2024 13:00:00.000,229.366,229.377,227.326,227.946,48120.00009999999
11.10.2024 14:00:00.000,227.927,229.166,227.607,228.076,70523.9997
11.10.2024 15:00:00.000,228.066,228.386,227.676,228.056,50171.9997
11.10.2024 16:00:00.000,228.046,228.066,227.406,227.847,33984
11.10.2024 17:00:00.000,227.837,228.066,227.486,227.806,28752
11.10.2024 18:00:00.000,227.807,228.617,227.807,228.567,33312
11.10.2024 19:00:00.000,228.556,228.956,227.486,227.517,53687.99970000001
14.10.2024 13:00:00.000,228.597,231.297,228.596,230.537,79896.0004
14.10.2024 14:00:00.000,230.546,230.847,229.286,229.477,108947.99989999998
14.10.2024 15:00:00.000,229.476,230.346,229.146,230.337,82956.0001
14.10.2024 16:00:00.000,230.317,230.607,229.957,230.326,48156.0001
14.10.2024 17:00:00.000,230.336,230.537,230.157,230.176,37116
14.10.2024 18:00:00.000,230.196,231.187,230.037,231.146,42047.9997
14.10.2024 19:00:00.000,231.126,231.717,231.036,231.286,75576
15.10.2024 13:00:00.000,233.607,237.107,232.367,236.616,90323.99989999998
15.10.2024 14:00:00.000,236.617,237.467,235.137,235.357,197076.0002
15.10.2024 15:00:00.000,235.356,236.277,234.657,235.357,136548.00020000004
15.10.2024 16:00:00.000,235.366,235.807,234.286,234.466,99984.00020000001
15.10.2024 17:00:00.000,234.457,234.657,233.726,233.757,86916.00020000001
15.10.2024 18:00:00.000,233.766,234.157,233.506,233.776,78396.0001
15.10.2024 19:00:00.000,233.797,234.057,232.806,233.736,129684.00009999999
16.10.2024 13:00:00.000,231.606,232.087,230.016,230.067,94536.00000000001
16.10.2024 14:00:00.000,230.066,230.987,229.846,230.386,128892.0001
16.10.2024 15:00:00.000,230.406,231.137,230.106,230.187,72528
16.10.2024 16:00:00.000,230.177,231.057,230.056,231.037,51167.999899999995
16.10.2024 17:00:00.000,231.026,231.276,230.576,230.797,54611.9999
16.10.2024 18:00:00.000,230.786,231.417,230.716,231.257,54311.999800000005
16.10.2024 19:00:00.000,231.266,231.927,231.186,231.706,65568.0003
17.10.2024 13:00:00.000,233.427,233.836,230.516,231.707,93648.00080000002
17.10.2024 14:00:00.000,231.716,232.567,231.156,231.347,116940.00050000001
17.10.2024 15:00:00.000,231.356,232.537,231.246,232.536,76128
17.10.2024 16:00:00.000,232.526,232.796,232.006,232.156,49908
17.10.2024 17:00:00.000,232.166,232.567,232.047,232.427,42840.0001
17.10.2024 18:00:00.000,232.426,232.566,231.267,232.087,68159.9997
17.10.2024 19:00:00.000,232.096,232.306,231.646,232.126,75095.9999
18.10.2024 13:00:00.000,236.267,236.267,233.997,235.456,44747.9998
18.10.2024 14:00:00.000,235.447,235.856,234.266,234.686,72371.9999
18.10.2024 15:00:00.000,234.696,235.326,234.636,235.006,55728.000199999995
18.10.2024 16:00:00.000,235.006,235.637,234.856,235.447,41651.9999
18.10.2024 17:00:00.000,235.446,235.837,235.036,235.627,46260.000100000005
18.10.2024 18:00:00.000,235.616,235.736,235.316,235.547,34956
18.10.2024 19:00:00.000,235.536,235.536,234.797,234.937,49751.9996
21.10.2024 13:00:00.000,234.446,235.476,234.446,235.156,60696.000499999995
21.10.2024 14:00:00.000,235.166,236.056,234.946,235.867,103380.00020000001
21.10.2024 15:00:00.000,235.876,236.437,235.156,236.226,109248.0004
21.10.2024 16:00:00.000,236.216,236.587,235.937,236.496,62303.9997
21.10.2024 17:00:00.000,236.487,236.827,236.186,236.667,43452.000199999995
21.10.2024 18:00:00.000,236.677,236.787,235.926,235.977,44699.9998
21.10.2024 19:00:00.000,236.007,236.517,235.806,236.467,57780.0001
22.10.2024 13:00:00.000,233.847,234.176,232.596,233.126,82344.0004
22.10.2024 14:00:00.000,233.157,234.277,232.986,234.206,111779.99979999999
22.10.2024 15:00:00.000,234.216,234.897,233.946,234.476,58043.9999
22.10.2024 16:00:00.000,234.487,234.927,234.126,234.926,50340.00000000001
22.10.2024 17:00:00.000,234.917,235.737,234.726,235.656,43559.999899999995
22.10.2024 18:00:00.000,235.666,235.987,235.176,235.366,48371.9998
22.10.2024 19:00:00.000,235.357,236.167,235.257,235.846,52847.9999
23.10.2024 13:00:00.000,234.017,235.126,233.817,234.896,62724.0001
23.10.2024 14:00:00.000,234.876,235.097,234.096,234.267,121679.99960000001
23.10.2024 15:00:00.000,234.267,234.546,230.567,231.536,105767.9996
23.10.2024 16:00:00.000,231.546,231.886,228.947,229.626,135468.0001
23.10.2024 17:00:00.000,229.616,230.177,228.277,228.347,103571.99969999999
23.10.2024 18:00:00.000,228.346,229.647,227.747,229.266,90155.99930000001
23.10.2024 19:00:00.000,229.227,230.846,229.176,230.727,85644.00000000003
24.10.2024 13:00:00.000,229.936,230.366,228.396,229.796,77856
24.10.2024 14:00:00.000,229.807,230.367,229.236,229.237,104724.00080000001
24.10.2024 15:00:00.000,229.237,230.186,228.876,229.577,79572.0001
24.10.2024 16:00:00.000,229.566,230.337,228.666,230.296,78611.9997
24.10.2024 17:00:00.000,230.306,230.807,230.097,230.247,60780
24.10.2024 18:00:00.000,230.256,230.546,230.026,230.446,39468.000100000005
24.10.2024 19:00:00.000,230.427,230.797,230.126,230.496,67823.99979999999
25.10.2024 13:00:00.000,229.706,232.066,229.566,231.896,74304
25.10.2024 14:00:00.000,231.936,232.897,231.717,232.837,117767.9995
25.10.2024 15:00:00.000,232.847,233.147,231.756,232.016,95124.0004
25.10.2024 16:00:00.000,232.007,232.927,231.926,232.767,56735.999899999995
25.10.2024 17:00:00.000,232.736,232.737,231.127,231.467,97200.0002
25.10.2024 18:00:00.000,231.467,232.177,231.056,232.116,93791.99979999998
25.10.2024 19:00:00.000,232.126,232.157,231.096,231.267,84432.00009999999
28.10.2024 13:00:00.000,233.297,234.497,232.546,233.157,79860
28.10.2024 14:00:00.000,233.157,234.317,232.876,233.896,82596
28.10.2024 15:00:00.000,233.917,234.137,233.196,233.547,92400.00040000002
28.10.2024 16:00:00.000,233.536,234.707,233.127,234.306,74160.00029999999
28.10.2024 17:00:00.000,234.297,234.667,234.056,234.387,47688.000100000005
28.10.2024 18:00:00.000,234.386,234.387,233.556,233.757,49199.999899999995
28.10.2024 19:00:00.000,233.716,233.987,233.106,233.377,65399.999899999995
29.10.2024 13:00:00.000,233.257,233.926,232.286,233.587,82644
29.10.2024 14:00:00.000,233.606,234.037,233.016,233.477,148764.001
29.10.2024 15:00:00.000,233.477,233.617,233.016,233.316,109176.0001
29.10.2024 16:00:00.000,233.327,233.967,233.006,233.946,90648
29.10.2024 17:00:00.000,233.936,234.197,233.766,233.796,87876.00030000001
29.10.2024 18:00:00.000,233.807,234.167,233.756,234.086,60095.99990000001
29.10.2024 19:00:00.000,234.086,234.317,233.536,233.617,72323.9998
30.10.2024 13:00:00.000,232.537,233.197,231.826,232.567,80832.0003
30.10.2024 14:00:00.000,232.526,232.777,231.126,231.147,117108.00040000002
30.10.2024 15:00:00.000,231.147,231.657,230.496,231.377,90503.9995
30.10.2024 16:00:00.000,231.376,231.537,230.916,230.916,76235.99970000001
30.10.2024 17:00:00.000,230.907,231.037,229.866,230.207,85463.9998
30.10.2024 18:00:00.000,230.216,230.957,230.216,230.486,75875.99969999999
30.10.2024 19:00:00.000,230.486,230.927,229.557,230.056,108372.00009999998