Datetime,Open,High,Low,Close,Volume
07.10.2024 13:30:00.000,224.516,224.586,224.436,224.436,96
07.10.2024 13:30:01.000,224.407,224.436,224.336,224.336,143.99999999999997
07.10.2024 13:30:02.000,224.317,224.487,224.317,224.427,119.99999999999999
07.10.2024 13:30:03.000,224.486,224.556,224.456,224.486,131.99999999999997
07.10.2024 13:30:04.000,224.557,224.716,224.557,224.716,48
07.10.2024 13:30:05.000,224.657,224.676,224.416,224.516,60
07.10.2024 13:30:06.000,224.497,224.567,224.497,224.567,36
07.10.2024 13:30:07.000,224.656,224.756,224.656,224.687,84.00000000000001
07.10.2024 13:30:08.000,224.676,224.677,224.616,224.616,84.00000000000001
07.10.2024 13:30:09.000,224.647,224.737,224.647,224.707,84.00000000000001
07.10.2024 13:30:10.000,224.726,224.747,224.627,224.627,96
07.10.2024 13:30:11.000,224.677,224.677,224.596,224.637,84.00000000000001
07.10.2024 13:30:12.000,224.647,224.676,224.647,224.647,36
07.10.2024 13:30:13.000,224.726,224.776,224.717,224.717,48
07.10.2024 13:30:14.000,224.717,224.797,224.717,224.797,36
07.10.2024 13:30:15.000,224.806,224.886,224.806,224.886,36
07.10.2024 13:30:16.000,224.886,224.907,224.837,224.837,84.00000000000001
07.10.2024 13:30:17.000,224.827,224.847,224.817,224.846,84.00000000000001
07.10.2024 13:30:18.000,224.847,224.856,224.846,224.846,84.00000000000001
07.10.2024 13:30:19.000,224.887,225.047,224.887,225.047,60
07.10.2024 13:30:20.000,225.047,225.047,224.966,224.966,72
07.10.2024 13:30:21.000,224.957,224.957,224.917,224.917,48
07.10.2024 13:30:22.000,224.957,224.986,224.957,224.986,36
07.10.2024 13:30:23.000,225.017,225.017,224.987,224.997,60
07.10.2024 13:30:24.000,224.986,224.986,224.916,224.916,60
07.10.2024 13:30:25.000,224.867,224.916,224.867,224.867,36
07.10.2024 13:30:26.000,224.926,225.006,224.926,224.986,36
07.10.2024 13:30:27.000,224.957,224.957,224.957,224.957,12
07.10.2024 13:30:28.000,224.957,224.957,224.947,224.947,24
07.10.2024 13:30:29.000,224.937,224.986,224.937,224.946,72
07.10.2024 13:30:30.000,224.966,224.966,224.887,224.896,72
07.10.2024 13:30:31.000,224.927,224.937,224.896,224.937,84.00000000000001
07.10.2024 13:30:32.000,224.937,224.937,224.897,224.897,72
07.10.2024 13:30:34.000,224.997,225.017,224.956,224.956,48
07.10.2024 13:30:35.000,224.977,224.977,224.907,224.907,60
07.10.2024 13:30:36.000,224.936,224.937,224.917,224.917,36
07.10.2024 13:30:37.000,224.936,224.936,224.936,224.936,12
07.10.2024 13:30:38.000,224.937,224.937,224.636,224.766,36
07.10.2024 13:30:39.000,224.717,224.896,224.717,224.896,60
07.10.2024 13:30:40.000,224.837,224.997,224.837,224.997,84.00000000000001
07.10.2024 13:30:41.000,224.996,225.006,224.976,224.976,72
07.10.2024 13:30:42.000,225.006,225.037,224.937,224.937,84.00000000000001
07.10.2024 13:30:43.000,224.947,224.947,224.917,224.927,36
07.10.2024 13:30:44.000,224.937,224.937,224.917,224.937,48
07.10.2024 13:30:45.000,224.997,225.007,224.997,225.007,24
07.10.2024 13:30:46.000,224.936,224.936,224.936,224.936,36
07.10.2024 13:30:47.000,224.937,224.937,224.736,224.786,72
07.10.2024 13:30:48.000,224.877,224.877,224.877,224.877,12
07.10.2024 13:30:49.000,224.747,224.747,224.706,224.707,48
07.10.2024 13:30:50.000,224.716,224.727,224.716,224.727,24
07.10.2024 13:30:51.000,224.786,224.817,224.786,224.787,48
07.10.2024 13:30:52.000,224.806,224.806,224.787,224.797,36
07.10.2024 13:30:53.000,224.756,224.767,224.756,224.766,36
07.10.2024 13:30:54.000,224.756,224.756,224.687,224.687,60
07.10.2024 13:30:55.000,224.636,224.686,224.636,224.677,36
07.10.2024 13:30:56.000,224.636,224.636,224.636,224.636,24
07.10.2024 13:30:57.000,224.686,224.686,224.537,224.537,48
07.10.2024 13:30:58.000,224.476,224.527,224.466,224.466,96
07.10.2024 13:30:59.000,224.466,224.466,224.457,224.466,72
07.10.2024 13:31:00.000,224.466,224.637,224.466,224.637,108
07.10.2024 13:31:01.000,224.577,224.597,224.536,224.577,96
07.10.2024 13:31:02.000,224.547,224.547,224.526,224.526,72
07.10.2024 13:31:03.000,224.487,224.547,224.487,224.547,60
07.10.2024 13:31:04.000,224.546,224.607,224.546,224.556,72
07.10.2024 13:31:05.000,224.586,224.586,224.586,224.586,12
07.10.2024 13:31:06.000,224.587,224.676,224.587,224.657,60
07.10.2024 13:31:07.000,224.676,224.677,224.676,224.677,24
07.10.2024 13:31:08.000,224.686,224.686,224.686,224.686,12
07.10.2024 13:31:09.000,224.757,224.786,224.757,224.766,36
07.10.2024 13:31:11.000,224.787,224.796,224.766,224.766,48
07.10.2024 13:31:12.000,224.767,224.776,224.767,224.776,36
07.10.2024 13:31:13.000,224.807,224.807,224.777,224.777,36
07.10.2024 13:31:14.000,224.756,224.756,224.747,224.747,24
07.10.2024 13:31:15.000,224.756,224.846,224.756,224.846,48
07.10.2024 13:31:16.000,224.927,224.957,224.907,224.907,60
07.10.2024 13:31:17.000,224.866,224.866,224.827,224.827,24
07.10.2024 13:31:19.000,224.826,224.826,224.796,224.796,24
07.10.2024 13:31:20.000,224.797,224.797,224.797,224.797,12
07.10.2024 13:31:21.000,224.807,224.807,224.807,224.807,12
07.10.2024 13:31:22.000,224.807,224.807,224.807,224.807,12
07.10.2024 13:31:24.000,224.867,224.887,224.867,224.887,36
07.10.2024 13:31:25.000,224.887,224.887,224.836,224.836,24
07.10.2024 13:31:26.000,224.836,224.836,224.807,224.807,36
07.10.2024 13:31:27.000,224.816,224.816,224.816,224.816,12
07.10.2024 13:31:28.000,224.797,224.816,224.797,224.816,36
07.10.2024 13:31:29.000,224.817,224.817,224.817,224.817,12
07.10.2024 13:31:30.000,224.837,224.837,224.837,224.837,12
07.10.2024 13:31:31.000,224.807,224.807,224.807,224.807,12
07.10.2024 13:31:32.000,224.737,224.746,224.737,224.737,36
07.10.2024 13:31:34.000,224.736,224.776,224.736,224.776,36
07.10.2024 13:31:35.000,224.767,224.817,224.767,224.817,36
07.10.2024 13:31:36.000,224.756,224.797,224.756,224.797,36
07.10.2024 13:31:37.000,224.827,224.867,224.796,224.866,84.00000000000001
07.10.2024 13:31:38.000,224.867,224.867,224.867,224.867,24
07.10.2024 13:31:39.000,224.857,224.877,224.816,224.877,48
07.10.2024 13:31:40.000,224.836,224.836,224.826,224.826,24
07.10.2024 13:31:42.000,224.877,224.877,224.877,224.877,12
07.10.2024 13:31:43.000,224.827,224.827,224.826,224.826,24
07.10.2024 13:31:44.000,224.807,224.837,224.807,224.837,24
07.10.2024 13:31:45.000,224.837,224.837,224.797,224.797,24
07.10.2024 13:31:46.000,224.797,224.797,224.797,224.797,36
07.10.2024 13:31:47.000,224.716,224.727,224.716,224.727,60
07.10.2024 13:31:48.000,224.786,224.816,224.786,224.816,36
07.10.2024 13:31:49.000,224.867,224.896,224.867,224.887,60
07.10.2024 13:31:50.000,224.946,224.946,224.887,224.887,36
07.10.2024 13:31:51.000,224.906,224.936,224.906,224.936,36
07.10.2024 13:31:52.000,224.906,224.907,224.897,224.897,36
07.10.2024 13:31:53.000,224.956,224.956,224.936,224.936,24
07.10.2024 13:31:54.000,224.916,224.916,224.916,224.916,12
07.10.2024 13:31:55.000,224.927,224.927,224.916,224.916,24
07.10.2024 13:31:56.000,224.916,224.916,224.836,224.836,36
07.10.2024 13:31:59.000,224.837,224.837,224.837,224.837,12
07.10.2024 13:32:00.000,224.867,224.867,224.867,224.867,12
07.10.2024 13:32:01.000,224.866,224.866,224.866,224.866,24
07.10.2024 13:32:02.000,224.867,224.867,224.807,224.816,36
07.10.2024 13:32:03.000,224.806,224.867,224.806,224.867,24
07.10.2024 13:32:04.000,224.787,224.787,224.787,224.787,12
07.10.2024 13:32:05.000,224.787,224.856,224.787,224.826,60
07.10.2024 13:32:06.000,224.827,224.876,224.827,224.876,36
07.10.2024 13:32:08.000,224.826,224.827,224.826,224.827,24
07.10.2024 13:32:09.000,224.817,224.817,224.797,224.797,36
07.10.2024 13:32:10.000,224.797,224.797,224.746,224.746,96
07.10.2024 13:32:11.000,224.747,224.747,224.747,224.747,24
07.10.2024 13:32:13.000,224.757,224.766,224.757,224.766,24
07.10.2024 13:32:14.000,224.757,224.757,224.706,224.706,48
07.10.2024 13:32:15.000,224.706,224.747,224.706,224.747,48
07.10.2024 13:32:16.000,224.717,224.717,224.717,224.717,12
07.10.2024 13:32:17.000,224.726,224.736,224.717,224.736,36
07.10.2024 13:32:18.000,224.717,224.717,224.657,224.657,36
07.10.2024 13:32:19.000,224.656,224.656,224.656,224.656,24
07.10.2024 13:32:20.000,224.667,224.667,224.606,224.606,36
07.10.2024 13:32:22.000,224.607,224.607,224.607,224.607,12
07.10.2024 13:32:23.000,224.587,224.617,224.577,224.617,36
07.10.2024 13:32:24.000,224.587,224.617,224.587,224.596,48
07.10.2024 13:32:25.000,224.627,224.627,224.607,224.607,36
07.10.2024 13:32:26.000,224.636,224.687,224.607,224.687,48
07.10.2024 13:32:27.000,224.687,224.726,224.687,224.726,24
07.10.2024 13:32:28.000,224.776,224.787,224.776,224.787,24
07.10.2024 13:32:29.000,224.786,224.787,224.746,224.746,36
07.10.2024 13:32:30.000,224.736,224.736,224.727,224.727,36
07.10.2024 13:32:31.000,224.747,224.756,224.747,224.756,24
07.10.2024 13:32:32.000,224.817,224.817,224.817,224.817,12
07.10.2024 13:32:33.000,224.817,224.817,224.817,224.817,24
07.10.2024 13:32:34.000,224.787,224.787,224.746,224.746,36
07.10.2024 13:32:35.000,224.776,224.777,224.776,224.777,24
07.10.2024 13:32:36.000,224.737,224.767,224.737,224.767,24
07.10.2024 13:32:38.000,224.776,224.776,224.747,224.747,24
07.10.2024 13:32:39.000,224.746,224.746,224.737,224.737,24
07.10.2024 13:32:41.000,224.726,224.726,224.687,224.707,48
07.10.2024 13:32:42.000,224.706,224.766,224.706,224.766,24
07.10.2024 13:32:43.000,224.797,224.797,224.797,224.797,12
07.10.2024 13:32:44.000,224.837,224.837,224.817,224.817,24
07.10.2024 13:32:45.000,224.786,224.786,224.746,224.746,60
07.10.2024 13:32:46.000,224.747,224.747,224.747,224.747,12
07.10.2024 13:32:48.000,224.746,224.766,224.746,224.766,24
07.10.2024 13:32:49.000,224.806,224.806,224.797,224.797,24
07.10.2024 13:32:50.000,224.816,224.836,224.816,224.836,24
07.10.2024 13:32:51.000,224.837,224.916,224.837,224.916,48
07.10.2024 13:32:52.000,224.936,224.936,224.927,224.927,24
07.10.2024 13:32:53.000,224.867,224.867,224.867,224.867,12
07.10.2024 13:32:54.000,224.847,224.847,224.837,224.837,24
07.10.2024 13:32:55.000,224.826,224.826,224.776,224.776,36
07.10.2024 13:32:56.000,224.766,224.766,224.766,224.766,12
07.10.2024 13:32:57.000,224.786,224.786,224.786,224.786,12
07.10.2024 13:32:59.000,224.826,224.826,224.786,224.786,24
07.10.2024 13:33:00.000,224.777,224.777,224.777,224.777,12
07.10.2024 13:33:01.000,224.777,224.777,224.777,224.777,12
07.10.2024 13:33:02.000,224.776,224.776,224.776,224.776,12
07.10.2024 13:33:03.000,224.777,224.827,224.777,224.786,36
07.10.2024 13:33:04.000,224.807,224.807,224.807,224.807,24
07.10.2024 13:33:05.000,224.807,224.807,224.797,224.797,36
07.10.2024 13:33:06.000,224.797,224.797,224.756,224.777,60
07.10.2024 13:33:07.000,224.757,224.757,224.756,224.756,24
07.10.2024 13:33:08.000,224.757,224.757,224.676,224.676,60
07.10.2024 13:33:09.000,224.646,224.646,224.646,224.646,12
07.10.2024 13:33:10.000,224.556,224.577,224.536,224.536,48
07.10.2024 13:33:11.000,224.536,224.536,224.506,224.506,72
07.10.2024 13:33:13.000,224.496,224.526,224.486,224.506,60
07.10.2024 13:33:14.000,224.507,224.507,224.456,224.466,96
07.10.2024 13:33:16.000,224.487,224.487,224.477,224.477,24
07.10.2024 13:33:17.000,224.476,224.476,224.407,224.437,72
07.10.2024 13:33:19.000,224.417,224.417,224.417,224.417,12
07.10.2024 13:33:20.000,224.516,224.557,224.516,224.557,36
07.10.2024 13:33:21.000,224.556,224.557,224.536,224.536,48
07.10.2024 13:33:22.000,224.527,224.527,224.527,224.527,12
07.10.2024 13:33:23.000,224.527,224.527,224.527,224.527,12
07.10.2024 13:33:24.000,224.507,224.556,224.507,224.517,60
07.10.2024 13:33:25.000,224.507,224.527,224.506,224.527,60
07.10.2024 13:33:26.000,224.506,224.506,224.506,224.506,12
07.10.2024 13:33:27.000,224.477,224.477,224.417,224.446,60
07.10.2024 13:33:28.000,224.417,224.426,224.417,224.426,24
07.10.2024 13:33:29.000,224.456,224.466,224.456,224.456,60
07.10.2024 13:33:30.000,224.447,224.447,224.447,224.447,12
07.10.2024 13:33:31.000,224.406,224.407,224.406,224.406,36
07.10.2024 13:33:32.000,224.396,224.396,224.396,224.396,12
07.10.2024 13:33:34.000,224.396,224.397,224.396,224.397,24
07.10.2024 13:33:36.000,224.417,224.417,224.346,224.346,48
07.10.2024 13:33:37.000,224.346,224.346,224.266,224.277,48
07.10.2024 13:33:38.000,224.267,224.276,224.266,224.266,60
07.10.2024 13:33:39.000,224.276,224.276,224.267,224.267,24
07.10.2024 13:33:41.000,224.327,224.327,224.276,224.276,36
07.10.2024 13:33:42.000,224.337,224.416,224.337,224.416,48
07.10.2024 13:33:43.000,224.356,224.396,224.356,224.396,24
07.10.2024 13:33:44.000,224.417,224.426,224.397,224.397,60
07.10.2024 13:33:45.000,224.427,224.466,224.427,224.466,36
07.10.2024 13:33:46.000,224.436,224.456,224.436,224.456,24
07.10.2024 13:33:47.000,224.456,224.506,224.456,224.506,48
07.10.2024 13:33:48.000,224.497,224.497,224.496,224.496,36
07.10.2024 13:33:49.000,224.516,224.516,224.516,224.516,12
07.10.2024 13:33:50.000,224.486,224.486,224.486,224.486,24
07.10.2024 13:33:51.000,224.516,224.516,224.516,224.516,12
07.10.2024 13:33:53.000,224.487,224.517,224.486,224.486,36
07.10.2024 13:33:54.000,224.486,224.517,224.447,224.517,72
07.10.2024 13:33:55.000,224.527,224.546,224.527,224.546,24
07.10.2024 13:33:56.000,224.587,224.587,224.586,224.586,24
07.10.2024 13:33:57.000,224.627,224.637,224.626,224.627,48
07.10.2024 13:33:58.000,224.607,224.607,224.597,224.597,24
07.10.2024 13:33:59.000,224.597,224.597,224.556,224.556,48
07.10.2024 13:34:00.000,224.556,224.556,224.556,224.556,24
07.10.2024 13:34:02.000,224.656,224.656,224.656,224.656,12
07.10.2024 13:34:04.000,224.676,224.676,224.566,224.566,36
07.10.2024 13:34:05.000,224.547,224.547,224.547,224.547,12
07.10.2024 13:34:08.000,224.616,224.616,224.527,224.527,48
07.10.2024 13:34:09.000,224.547,224.547,224.477,224.477,84.00000000000001
07.10.2024 13:34:10.000,224.476,224.487,224.476,224.487,24
07.10.2024 13:34:11.000,224.487,224.487,224.487,224.487,12
07.10.2024 13:34:12.000,224.557,224.577,224.557,224.577,24
07.10.2024 13:34:13.000,224.527,224.556,224.516,224.556,36
07.10.2024 13:34:14.000,224.557,224.557,224.487,224.487,36
07.10.2024 13:34:15.000,224.496,224.496,224.496,224.496,12
07.10.2024 13:34:16.000,224.517,224.527,224.517,224.517,36
07.10.2024 13:34:17.000,224.517,224.517,224.507,224.507,24
07.10.2024 13:34:18.000,224.526,224.576,224.526,224.576,48
07.10.2024 13:34:19.000,224.597,224.607,224.597,224.607,36
07.10.2024 13:34:20.000,224.616,224.647,224.616,224.647,60
07.10.2024 13:34:21.000,224.646,224.646,224.626,224.626,60
07.10.2024 13:34:22.000,224.596,224.607,224.596,224.607,24
07.10.2024 13:34:23.000,224.577,224.606,224.546,224.547,84.00000000000001
07.10.2024 13:34:24.000,224.517,224.517,224.517,224.517,24
07.10.2024 13:34:25.000,224.516,224.516,224.516,224.516,12
07.10.2024 13:34:26.000,224.517,224.517,224.517,224.517,24
07.10.2024 13:34:27.000,224.516,224.547,224.516,224.536,48
07.10.2024 13:34:28.000,224.547,224.547,224.547,224.547,12
07.10.2024 13:34:29.000,224.546,224.547,224.467,224.467,48
07.10.2024 13:34:30.000,224.447,224.457,224.446,224.447,48
07.10.2024 13:34:31.000,224.456,224.456,224.456,224.456,12
07.10.2024 13:34:32.000,224.517,224.536,224.507,224.507,48
07.10.2024 13:34:33.000,224.536,224.536,224.487,224.526,84.00000000000001
07.10.2024 13:34:34.000,224.526,224.526,224.487,224.487,24
07.10.2024 13:34:35.000,224.477,224.487,224.477,224.487,24
07.10.2024 13:34:36.000,224.487,224.536,224.486,224.487,96
07.10.2024 13:34:37.000,224.486,224.487,224.477,224.477,72
07.10.2024 13:34:38.000,224.476,224.476,224.446,224.446,36
07.10.2024 13:34:39.000,224.447,224.447,224.426,224.427,36
07.10.2024 13:34:40.000,224.426,224.427,224.426,224.427,36
07.10.2024 13:34:41.000,224.397,224.397,224.396,224.396,36
07.10.2024 13:34:42.000,224.357,224.407,224.327,224.407,96
07.10.2024 13:34:43.000,224.397,224.407,224.386,224.407,48
07.10.2024 13:34:44.000,224.406,224.406,224.406,224.406,12
07.10.2024 13:34:45.000,224.416,224.416,224.406,224.406,24
07.10.2024 13:34:46.000,224.467,224.507,224.446,224.446,48
07.10.2024 13:34:47.000,224.426,224.426,224.416,224.416,36
07.10.2024 13:34:48.000,224.417,224.427,224.417,224.427,36
07.10.2024 13:34:49.000,224.436,224.437,224.436,224.437,24
07.10.2024 13:34:50.000,224.437,224.437,224.436,224.436,24
07.10.2024 13:34:51.000,224.457,224.466,224.436,224.436,48
07.10.2024 13:34:52.000,224.447,224.447,224.426,224.426,60
07.10.2024 13:34:53.000,224.437,224.437,224.367,224.377,84.00000000000001
07.10.2024 13:34:54.000,224.367,224.367,224.356,224.356,36
07.10.2024 13:34:55.000,224.357,224.357,224.317,224.317,60
07.10.2024 13:34:56.000,224.316,224.366,224.316,224.366,60
07.10.2024 13:34:57.000,224.387,224.407,224.367,224.396,48
07.10.2024 13:34:58.000,224.417,224.417,224.386,224.417,36
07.10.2024 13:34:59.000,224.397,224.397,224.397,224.397,12
07.10.2024 13:35:00.000,224.366,224.367,224.316,224.316,96
07.10.2024 13:35:01.000,224.316,224.316,224.296,224.297,36
07.10.2024 13:35:02.000,224.287,224.306,224.287,224.306,36
07.10.2024 13:35:03.000,224.317,224.326,224.306,224.317,72
07.10.2024 13:35:04.000,224.316,224.316,224.316,224.316,24
07.10.2024 13:35:05.000,224.316,224.316,224.316,224.316,24
07.10.2024 13:35:06.000,224.307,224.307,224.307,224.307,12
07.10.2024 13:35:08.000,224.306,224.397,224.306,224.397,48
07.10.2024 13:35:09.000,224.376,224.416,224.376,224.416,36
07.10.2024 13:35:10.000,224.407,224.407,224.367,224.386,60
07.10.2024 13:35:11.000,224.427,224.456,224.426,224.456,48
07.10.2024 13:35:12.000,224.477,224.477,224.427,224.427,96
07.10.2024 13:35:13.000,224.437,224.437,224.427,224.437,36
07.10.2024 13:35:14.000,224.427,224.427,224.427,224.427,12
07.10.2024 13:35:15.000,224.487,224.487,224.467,224.467,60
07.10.2024 13:35:16.000,224.456,224.456,224.447,224.447,24
07.10.2024 13:35:17.000,224.437,224.437,224.427,224.427,24
07.10.2024 13:35:18.000,224.447,224.476,224.447,224.476,48
07.10.2024 13:35:19.000,224.496,224.496,224.496,224.496,12
07.10.2024 13:35:20.000,224.497,224.497,224.497,224.497,12
07.10.2024 13:35:21.000,224.547,224.627,224.547,224.627,48
07.10.2024 13:35:22.000,224.586,224.606,224.586,224.597,60
07.10.2024 13:35:23.000,224.587,224.587,224.576,224.576,36
07.10.2024 13:35:25.000,224.566,224.586,224.566,224.586,24
07.10.2024 13:35:26.000,224.576,224.576,224.566,224.566,24
07.10.2024 13:35:27.000,224.587,224.597,224.587,224.597,24
07.10.2024 13:35:28.000,224.597,224.597,224.566,224.566,24
07.10.2024 13:35:29.000,224.517,224.517,224.517,224.517,24
07.10.2024 13:35:30.000,224.546,224.557,224.546,224.547,60
07.10.2024 13:35:31.000,224.516,224.527,224.516,224.516,72
07.10.2024 13:35:32.000,224.516,224.516,224.476,224.476,36
07.10.2024 13:35:33.000,224.497,224.497,224.497,224.497,12
07.10.2024 13:35:34.000,224.476,224.477,224.456,224.456,36
07.10.2024 13:35:35.000,224.517,224.517,224.516,224.517,48
07.10.2024 13:35:36.000,224.506,224.506,224.467,224.467,60
07.10.2024 13:35:37.000,224.457,224.457,224.446,224.456,36
07.10.2024 13:35:38.000,224.457,224.487,224.457,224.477,48
07.10.2024 13:35:39.000,224.476,224.476,224.456,224.456,48
07.10.2024 13:35:40.000,224.446,224.446,224.446,224.446,12
07.10.2024 13:35:41.000,224.447,224.496,224.447,224.496,36
07.10.2024 13:35:42.000,224.506,224.566,224.506,224.566,48
07.10.2024 13:35:43.000,224.576,224.597,224.576,224.597,72
07.10.2024 13:35:44.000,224.626,224.667,224.626,224.667,60
07.10.2024 13:35:45.000,224.657,224.657,224.636,224.636,24
07.10.2024 13:35:46.000,224.597,224.597,224.586,224.586,36
07.10.2024 13:35:47.000,224.587,224.587,224.587,224.587,12
07.10.2024 13:35:48.000,224.556,224.556,224.556,224.556,12
07.10.2024 13:35:49.000,224.556,224.557,224.546,224.546,48
07.10.2024 13:35:50.000,224.537,224.546,224.537,224.546,36
07.10.2024 13:35:51.000,224.577,224.577,224.557,224.566,36
07.10.2024 13:35:52.000,224.556,224.556,224.546,224.556,36
07.10.2024 13:35:53.000,224.577,224.577,224.567,224.567,24
07.10.2024 13:35:54.000,224.557,224.557,224.557,224.557,12
07.10.2024 13:35:55.000,224.567,224.567,224.546,224.546,24
07.10.2024 13:35:56.000,224.556,224.556,224.547,224.547,24
07.10.2024 13:35:57.000,224.547,224.547,224.546,224.547,36
07.10.2024 13:35:58.000,224.546,224.576,224.546,224.576,36
07.10.2024 13:36:00.000,224.536,224.536,224.496,224.506,48
07.10.2024 13:36:01.000,224.497,224.507,224.486,224.496,72
07.10.2024 13:36:02.000,224.486,224.516,224.476,224.516,36
07.10.2024 13:36:03.000,224.517,224.526,224.517,224.526,24
07.10.2024 13:36:04.000,224.536,224.566,224.536,224.546,60
07.10.2024 13:36:05.000,224.536,224.566,224.536,224.566,60
07.10.2024 13:36:06.000,224.536,224.537,224.536,224.537,24
07.10.2024 13:36:07.000,224.527,224.527,224.526,224.526,36
07.10.2024 13:36:08.000,224.527,224.527,224.507,224.507,36
07.10.2024 13:36:09.000,224.466,224.487,224.466,224.466,60
07.10.2024 13:36:10.000,224.476,224.486,224.476,224.486,36
07.10.2024 13:36:11.000,224.487,224.487,224.426,224.446,72
07.10.2024 13:36:12.000,224.437,224.437,224.416,224.416,24
07.10.2024 13:36:13.000,224.417,224.417,224.386,224.386,24
07.10.2024 13:36:14.000,224.436,224.436,224.396,224.396,36
07.10.2024 13:36:15.000,224.386,224.417,224.366,224.417,48
07.10.2024 13:36:16.000,224.416,224.416,224.416,224.416,12
07.10.2024 13:36:17.000,224.427,224.427,224.427,224.427,12
07.10.2024 13:36:18.000,224.437,224.437,224.386,224.386,60
07.10.2024 13:36:19.000,224.327,224.327,224.247,224.287,96
07.10.2024 13:36:20.000,224.347,224.366,224.347,224.366,36
07.10.2024 13:36:21.000,224.356,224.376,224.356,224.376,48
07.10.2024 13:36:22.000,224.357,224.386,224.357,224.386,24
07.10.2024 13:36:23.000,224.387,224.387,224.347,224.347,48
07.10.2024 13:36:24.000,224.337,224.366,224.326,224.366,36
07.10.2024 13:36:25.000,224.346,224.346,224.337,224.337,24
07.10.2024 13:36:26.000,224.326,224.356,224.326,224.356,24
07.10.2024 13:36:27.000,224.346,224.347,224.346,224.347,24
07.10.2024 13:36:28.000,224.336,224.337,224.327,224.336,48
07.10.2024 13:36:29.000,224.347,224.347,224.327,224.327,36
07.10.2024 13:36:30.000,224.366,224.426,224.366,224.426,72
07.10.2024 13:36:31.000,224.436,224.477,224.436,224.467,60
07.10.2024 13:36:32.000,224.446,224.447,224.436,224.436,36
07.10.2024 13:36:33.000,224.466,224.497,224.466,224.466,60
07.10.2024 13:36:34.000,224.456,224.456,224.456,224.456,12
07.10.2024 13:36:36.000,224.457,224.477,224.457,224.467,48
07.10.2024 13:36:37.000,224.476,224.476,224.476,224.476,12
07.10.2024 13:36:38.000,224.456,224.486,224.456,224.486,36
07.10.2024 13:36:39.000,224.467,224.507,224.456,224.487,60
07.10.2024 13:36:40.000,224.507,224.546,224.506,224.506,60
07.10.2024 13:36:41.000,224.517,224.517,224.517,224.517,12
07.10.2024 13:36:42.000,224.496,224.526,224.477,224.526,60
07.10.2024 13:36:43.000,224.506,224.506,224.466,224.466,60
07.10.2024 13:36:44.000,224.466,224.497,224.466,224.466,36
07.10.2024 13:36:45.000,224.427,224.447,224.406,224.406,60
07.10.2024 13:36:46.000,224.377,224.396,224.377,224.396,24
07.10.2024 13:36:47.000,224.356,224.356,224.207,224.217,96
07.10.2024 13:36:48.000,224.207,224.217,224.207,224.217,24
07.10.2024 13:36:49.000,224.216,224.216,224.216,224.216,12
07.10.2024 13:36:50.000,224.267,224.287,224.267,224.286,36
07.10.2024 13:36:51.000,224.307,224.307,224.247,224.277,48
07.10.2024 13:36:52.000,224.246,224.246,224.246,224.246,12
07.10.2024 13:36:54.000,224.276,224.276,224.257,224.276,48
07.10.2024 13:36:55.000,224.287,224.287,224.276,224.276,24
07.10.2024 13:36:56.000,224.216,224.217,224.216,224.216,36
07.10.2024 13:36:57.000,224.197,224.197,224.156,224.156,24
07.10.2024 13:36:58.000,224.157,224.177,224.096,224.096,84.00000000000001
07.10.2024 13:36:59.000,224.097,224.106,224.096,224.106,48
07.10.2024 13:37:00.000,224.086,224.086,224.037,224.047,48
07.10.2024 13:37:01.000,224.027,224.077,224.027,224.066,60
07.10.2024 13:37:02.000,224.066,224.076,224.047,224.047,36
07.10.2024 13:37:03.000,224.096,224.187,224.096,224.187,96
07.10.2024 13:37:04.000,224.156,224.156,224.147,224.147,24
07.10.2024 13:37:05.000,224.147,224.147,224.117,224.127,60
07.10.2024 13:37:06.000,224.166,224.166,224.166,224.166,24
07.10.2024 13:37:07.000,224.167,224.196,224.167,224.196,24
07.10.2024 13:37:08.000,224.177,224.207,224.176,224.207,36
07.10.2024 13:37:09.000,224.197,224.197,224.177,224.177,24
07.10.2024 13:37:10.000,224.177,224.197,224.177,224.197,36
07.10.2024 13:37:11.000,224.206,224.206,224.187,224.197,36
07.10.2024 13:37:12.000,224.227,224.227,224.187,224.187,36
07.10.2024 13:37:14.000,224.187,224.227,224.177,224.227,60
07.10.2024 13:37:15.000,224.267,224.267,224.206,224.206,36
07.10.2024 13:37:16.000,224.246,224.246,224.207,224.207,24
07.10.2024 13:37:17.000,224.196,224.196,224.196,224.196,12
07.10.2024 13:37:18.000,224.217,224.237,224.217,224.237,24
07.10.2024 13:37:20.000,224.256,224.256,224.246,224.246,48
07.10.2024 13:37:21.000,224.256,224.256,224.247,224.247,24
07.10.2024 13:37:22.000,224.266,224.337,224.266,224.296,60
07.10.2024 13:37:24.000,224.317,224.317,224.266,224.266,48
07.10.2024 13:37:25.000,224.236,224.236,224.207,224.207,36
07.10.2024 13:37:26.000,224.207,224.207,224.206,224.206,24
07.10.2024 13:37:27.000,224.207,224.207,224.207,224.207,36
07.10.2024 13:37:29.000,224.226,224.226,224.226,224.226,12
07.10.2024 13:37:30.000,224.256,224.257,224.227,224.227,36
07.10.2024 13:37:33.000,224.276,224.276,224.276,224.276,12
07.10.2024 13:37:34.000,224.266,224.266,224.266,224.266,12
07.10.2024 13:37:35.000,224.267,224.267,224.267,224.267,24
07.10.2024 13:37:36.000,224.277,224.277,224.277,224.277,12
07.10.2024 13:37:37.000,224.276,224.296,224.276,224.296,24
07.10.2024 13:37:38.000,224.277,224.277,224.277,224.277,12
07.10.2024 13:37:39.000,224.346,224.346,224.346,224.346,12
07.10.2024 13:37:40.000,224.327,224.327,224.316,224.316,24
07.10.2024 13:37:41.000,224.316,224.316,224.306,224.306,24
07.10.2024 13:37:42.000,224.327,224.367,224.327,224.367,24
07.10.2024 13:37:43.000,224.326,224.326,224.326,224.326,24
07.10.2024 13:37:44.000,224.317,224.317,224.307,224.307,24
07.10.2024 13:37:45.000,224.286,224.287,224.277,224.277,60
07.10.2024 13:37:47.000,224.276,224.337,224.276,224.277,84.00000000000001
07.10.2024 13:37:48.000,224.277,224.277,224.277,224.277,12
07.10.2024 13:37:49.000,224.266,224.266,224.246,224.256,60
07.10.2024 13:37:50.000,224.247,224.256,224.226,224.226,48
07.10.2024 13:37:51.000,224.237,224.237,224.206,224.206,24
07.10.2024 13:37:52.000,224.206,224.226,224.206,224.216,48
07.10.2024 13:37:53.000,224.227,224.227,224.227,224.227,12
07.10.2024 13:37:54.000,224.257,224.257,224.257,224.257,12
07.10.2024 13:37:57.000,224.257,224.257,224.206,224.206,72
07.10.2024 13:37:58.000,224.206,224.206,224.206,224.206,12
07.10.2024 13:37:59.000,224.206,224.206,224.206,224.206,12
07.10.2024 13:38:00.000,224.257,224.257,224.206,224.206,24
07.10.2024 13:38:02.000,224.207,224.207,224.207,224.207,12
07.10.2024 13:38:03.000,224.206,224.206,224.206,224.206,24
07.10.2024 13:38:05.000,224.206,224.206,224.206,224.206,12
07.10.2024 13:38:06.000,224.236,224.236,224.206,224.207,60
07.10.2024 13:38:07.000,224.217,224.256,224.217,224.226,60
07.10.2024 13:38:09.000,224.236,224.277,224.227,224.277,36
07.10.2024 13:38:10.000,224.236,224.296,224.236,224.296,60
07.10.2024 13:38:11.000,224.297,224.336,224.297,224.336,24
07.10.2024 13:38:12.000,224.307,224.357,224.306,224.356,72
07.10.2024 13:38:13.000,224.396,224.396,224.316,224.327,60
07.10.2024 13:38:14.000,224.306,224.306,224.306,224.306,12
07.10.2024 13:38:16.000,224.296,224.317,224.296,224.316,48
07.10.2024 13:38:17.000,224.316,224.316,224.316,224.316,12
07.10.2024 13:38:18.000,224.366,224.366,224.346,224.346,24
07.10.2024 13:38:19.000,224.346,224.346,224.346,224.346,12
07.10.2024 13:38:20.000,224.386,224.387,224.386,224.387,24
07.10.2024 13:38:21.000,224.417,224.456,224.417,224.456,36
07.10.2024 13:38:22.000,224.426,224.507,224.426,224.506,48
07.10.2024 13:38:23.000,224.497,224.497,224.497,224.497,12
07.10.2024 13:38:24.000,224.466,224.466,224.427,224.427,24
07.10.2024 13:38:25.000,224.397,224.397,224.396,224.396,24
07.10.2024 13:38:26.000,224.397,224.397,224.396,224.396,24
07.10.2024 13:38:27.000,224.377,224.407,224.377,224.387,60
07.10.2024 13:38:28.000,224.376,224.386,224.376,224.377,36
07.10.2024 13:38:29.000,224.397,224.397,224.397,224.397,12
07.10.2024 13:38:31.000,224.376,224.457,224.376,224.457,48
07.10.2024 13:38:32.000,224.457,224.457,224.457,224.457,24
07.10.2024 13:38:33.000,224.467,224.497,224.467,224.497,48
07.10.2024 13:38:34.000,224.476,224.497,224.456,224.497,60
07.10.2024 13:38:35.000,224.496,224.496,224.496,224.496,12
07.10.2024 13:38:36.000,224.487,224.487,224.487,224.487,12
07.10.2024 13:38:40.000,224.516,224.516,224.516,224.516,12
07.10.2024 13:38:41.000,224.547,224.547,224.547,224.547,12
07.10.2024 13:38:42.000,224.536,224.557,224.536,224.557,24
07.10.2024 13:38:43.000,224.537,224.537,224.536,224.536,36
07.10.2024 13:38:44.000,224.556,224.556,224.556,224.556,12
07.10.2024 13:38:45.000,224.557,224.577,224.557,224.576,72
07.10.2024 13:38:46.000,224.566,224.566,224.557,224.557,24
07.10.2024 13:38:47.000,224.526,224.526,224.496,224.497,48
07.10.2024 13:38:48.000,224.497,224.536,224.497,224.536,36
07.10.2024 13:38:49.000,224.557,224.557,224.496,224.496,36
07.10.2024 13:38:50.000,224.496,224.496,224.426,224.466,72
07.10.2024 13:38:51.000,224.446,224.456,224.446,224.456,24
07.10.2024 13:38:52.000,224.447,224.447,224.447,224.447,12
07.10.2024 13:38:53.000,224.486,224.497,224.456,224.456,72
07.10.2024 13:38:55.000,224.507,224.507,224.467,224.467,48
07.10.2024 13:38:56.000,224.457,224.457,224.446,224.446,60
07.10.2024 13:38:57.000,224.417,224.427,224.407,224.407,72
07.10.2024 13:38:58.000,224.387,224.387,224.377,224.377,24
07.10.2024 13:38:59.000,224.377,224.417,224.377,224.417,48
07.10.2024 13:39:00.000,224.436,224.496,224.436,224.496,36
07.10.2024 13:39:01.000,224.457,224.517,224.457,224.517,36
07.10.2024 13:39:02.000,224.506,224.506,224.486,224.486,36
07.10.2024 13:39:03.000,224.516,224.547,224.516,224.536,60
07.10.2024 13:39:04.000,224.547,224.606,224.547,224.597,84.00000000000001
07.10.2024 13:39:05.000,224.607,224.607,224.596,224.597,36
07.10.2024 13:39:06.000,224.596,224.596,224.596,224.596,12
07.10.2024 13:39:07.000,224.586,224.586,224.586,224.586,24
07.10.2024 13:39:08.000,224.557,224.596,224.557,224.596,24
07.10.2024 13:39:09.000,224.586,224.586,224.586,224.586,12
07.10.2024 13:39:10.000,224.587,224.627,224.587,224.617,36
07.10.2024 13:39:11.000,224.607,224.607,224.596,224.596,24
07.10.2024 13:39:12.000,224.567,224.616,224.567,224.616,36
07.10.2024 13:39:13.000,224.636,224.636,224.616,224.616,24
07.10.2024 13:39:14.000,224.626,224.657,224.616,224.617,60
07.10.2024 13:39:16.000,224.617,224.617,224.617,224.617,12
07.10.2024 13:39:17.000,224.647,224.647,224.616,224.637,60
07.10.2024 13:39:18.000,224.666,224.697,224.656,224.697,60
07.10.2024 13:39:20.000,224.697,224.726,224.676,224.716,72
07.10.2024 13:39:21.000,224.737,224.737,224.737,224.737,12
07.10.2024 13:39:23.000,224.776,224.797,224.756,224.756,84.00000000000001
07.10.2024 13:39:24.000,224.696,224.736,224.686,224.686,84.00000000000001
07.10.2024 13:39:25.000,224.687,224.707,224.687,224.687,60
07.10.2024 13:39:26.000,224.696,224.717,224.696,224.717,24
07.10.2024 13:39:27.000,224.707,224.747,224.707,224.747,24
07.10.2024 13:39:28.000,224.736,224.736,224.726,224.727,36
07.10.2024 13:39:29.000,224.726,224.776,224.726,224.756,60
07.10.2024 13:39:30.000,224.747,224.747,224.747,224.747,12
07.10.2024 13:39:31.000,224.737,224.756,224.726,224.736,96
07.10.2024 13:39:32.000,224.737,224.756,224.737,224.756,24
07.10.2024 13:39:33.000,224.766,224.766,224.766,224.766,12
07.10.2024 13:39:34.000,224.777,224.777,224.776,224.776,60
07.10.2024 13:39:36.000,224.797,224.797,224.776,224.776,24
07.10.2024 13:39:37.000,224.816,224.827,224.806,224.827,72
07.10.2024 13:39:38.000,224.806,224.817,224.797,224.807,48
07.10.2024 13:39:39.000,224.796,224.796,224.796,224.796,12
07.10.2024 13:39:40.000,224.837,224.837,224.837,224.837,24
07.10.2024 13:39:43.000,224.786,224.787,224.786,224.786,36
07.10.2024 13:39:44.000,224.777,224.777,224.777,224.777,48
07.10.2024 13:39:45.000,224.837,224.837,224.807,224.807,24
07.10.2024 13:39:47.000,224.817,224.857,224.806,224.816,48
07.10.2024 13:39:48.000,224.857,224.857,224.816,224.816,60
07.10.2024 13:39:49.000,224.846,224.856,224.846,224.856,24
07.10.2024 13:39:50.000,224.846,224.846,224.836,224.836,36
07.10.2024 13:39:52.000,224.847,224.847,224.806,224.806,36
07.10.2024 13:39:53.000,224.806,224.806,224.806,224.806,12
07.10.2024 13:39:54.000,224.836,224.836,224.806,224.806,24
07.10.2024 13:39:55.000,224.796,224.806,224.796,224.806,36
07.10.2024 13:39:56.000,224.847,224.847,224.816,224.837,48
07.10.2024 13:39:57.000,224.897,224.907,224.887,224.887,36
07.10.2024 13:39:58.000,224.876,224.896,224.876,224.877,36
07.10.2024 13:39:59.000,224.897,224.897,224.877,224.877,24
07.10.2024 13:40:00.000,224.867,224.867,224.847,224.866,36
07.10.2024 13:40:01.000,224.876,224.927,224.876,224.927,48
07.10.2024 13:40:02.000,224.907,224.907,224.907,224.907,24
07.10.2024 13:40:03.000,224.896,224.906,224.836,224.837,72
07.10.2024 13:40:04.000,224.817,224.817,224.807,224.807,36
07.10.2024 13:40:05.000,224.807,224.807,224.777,224.777,48
07.10.2024 13:40:06.000,224.756,224.756,224.727,224.727,36
07.10.2024 13:40:07.000,224.736,224.787,224.717,224.786,84.00000000000001
07.10.2024 13:40:08.000,224.796,224.796,224.796,224.796,12
07.10.2024 13:40:09.000,224.796,224.847,224.796,224.827,72
07.10.2024 13:40:10.000,224.837,224.847,224.807,224.807,84.00000000000001
07.10.2024 13:40:11.000,224.847,224.847,224.807,224.847,36
07.10.2024 13:40:12.000,224.797,224.837,224.797,224.827,84.00000000000001
07.10.2024 13:40:13.000,224.827,224.827,224.826,224.826,36
07.10.2024 13:40:14.000,224.867,224.877,224.866,224.866,36
07.10.2024 13:40:15.000,224.877,224.877,224.866,224.866,24
07.10.2024 13:40:18.000,224.896,224.897,224.866,224.866,36
07.10.2024 13:40:20.000,224.897,224.906,224.887,224.906,36
07.10.2024 13:40:21.000,224.897,224.897,224.897,224.897,12
07.10.2024 13:40:23.000,224.936,224.937,224.936,224.937,24
07.10.2024 13:40:25.000,224.956,224.956,224.956,224.956,12
07.10.2024 13:40:26.000,224.957,224.957,224.957,224.957,12
07.10.2024 13:40:27.000,224.976,224.986,224.956,224.956,48
07.10.2024 13:40:28.000,224.957,224.957,224.917,224.917,36
07.10.2024 13:40:30.000,224.917,224.917,224.916,224.916,24
07.10.2024 13:40:31.000,224.967,224.967,224.947,224.947,48
07.10.2024 13:40:32.000,224.997,224.997,224.946,224.946,24
07.10.2024 13:40:33.000,224.996,224.996,224.956,224.956,60
07.10.2024 13:40:35.000,224.966,224.987,224.966,224.976,36
07.10.2024 13:40:36.000,224.977,224.987,224.976,224.976,48
07.10.2024 13:40:37.000,224.976,224.976,224.956,224.956,24
07.10.2024 13:40:38.000,224.997,225.036,224.997,225.036,36
07.10.2024 13:40:39.000,224.996,224.997,224.996,224.996,36
07.10.2024 13:40:40.000,224.997,224.997,224.966,224.966,36
07.10.2024 13:40:41.000,224.976,224.996,224.957,224.996,84.00000000000001
07.10.2024 13:40:42.000,224.986,224.986,224.966,224.967,36
07.10.2024 13:40:43.000,224.956,225.016,224.956,224.996,60
07.10.2024 13:40:44.000,224.996,225.026,224.996,225.026,36
07.10.2024 13:40:45.000,225.027,225.046,225.027,225.037,48
07.10.2024 13:40:46.000,225.037,225.037,225.037,225.037,12
07.10.2024 13:40:47.000,225.036,225.036,225.017,225.017,36
07.10.2024 13:40:51.000,224.997,224.997,224.957,224.957,24
07.10.2024 13:40:53.000,224.957,224.957,224.926,224.926,36
07.10.2024 13:40:55.000,224.916,224.936,224.916,224.936,36
07.10.2024 13:40:56.000,224.966,224.966,224.956,224.956,24
07.10.2024 13:40:57.000,224.916,224.947,224.916,224.937,60
07.10.2024 13:40:58.000,224.977,224.977,224.976,224.976,24
07.10.2024 13:40:59.000,224.967,224.967,224.947,224.947,60
07.10.2024 13:41:00.000,224.936,224.936,224.857,224.857,60
07.10.2024 13:41:01.000,224.846,224.857,224.807,224.857,84.00000000000001
07.10.2024 13:41:02.000,224.837,224.896,224.837,224.887,60
07.10.2024 13:41:03.000,224.877,224.877,224.876,224.876,24
07.10.2024 13:41:04.000,224.886,224.887,224.886,224.887,24
07.10.2024 13:41:06.000,224.866,224.867,224.866,224.867,48
07.10.2024 13:41:07.000,224.866,224.867,224.866,224.867,24
07.10.2024 13:41:08.000,224.877,224.877,224.866,224.866,60
07.10.2024 13:41:10.000,224.867,224.867,224.867,224.867,12
07.10.2024 13:41:11.000,224.887,224.887,224.887,224.887,12
07.10.2024 13:41:12.000,224.887,224.897,224.886,224.897,36
07.10.2024 13:41:14.000,224.866,224.867,224.866,224.866,36
07.10.2024 13:41:15.000,224.867,224.867,224.867,224.867,12
07.10.2024 13:41:16.000,224.867,224.876,224.867,224.876,24
07.10.2024 13:41:17.000,224.906,224.917,224.877,224.877,60
07.10.2024 13:41:20.000,224.877,224.877,224.866,224.866,48
07.10.2024 13:41:21.000,224.876,224.876,224.876,224.876,12
07.10.2024 13:41:22.000,224.876,224.876,224.876,224.876,12
07.10.2024 13:41:23.000,224.867,224.867,224.866,224.866,24
07.10.2024 13:41:24.000,224.867,224.876,224.867,224.876,24
07.10.2024 13:41:25.000,224.877,224.877,224.877,224.877,12
07.10.2024 13:41:26.000,224.887,224.887,224.887,224.887,12
07.10.2024 13:41:29.000,224.906,224.906,224.906,224.906,12
07.10.2024 13:41:30.000,224.886,224.917,224.886,224.917,24
07.10.2024 13:41:31.000,224.887,224.887,224.887,224.887,12
07.10.2024 13:41:32.000,224.877,224.877,224.866,224.866,48
07.10.2024 13:41:38.000,224.866,224.866,224.866,224.866,12
07.10.2024 13:41:39.000,224.827,224.827,224.827,224.827,12
07.10.2024 13:41:41.000,224.826,224.887,224.826,224.886,60
07.10.2024 13:41:42.000,224.887,224.887,224.886,224.887,36
07.10.2024 13:41:43.000,224.887,224.887,224.887,224.887,12
07.10.2024 13:41:44.000,224.876,224.887,224.876,224.876,36
07.10.2024 13:41:45.000,224.877,224.937,224.866,224.937,72
07.10.2024 13:41:46.000,224.956,224.956,224.937,224.947,36
07.10.2024 13:41:47.000,224.936,224.936,224.936,224.936,36
07.10.2024 13:41:48.000,224.926,224.926,224.926,224.926,12
07.10.2024 13:41:50.000,224.927,224.927,224.927,224.927,12
07.10.2024 13:41:51.000,224.956,224.976,224.956,224.976,36
07.10.2024 13:41:52.000,224.967,224.967,224.956,224.956,24
07.10.2024 13:41:53.000,224.956,224.957,224.956,224.956,36
07.10.2024 13:41:55.000,224.987,224.987,224.987,224.987,12
07.10.2024 13:41:56.000,224.956,224.986,224.956,224.986,24
07.10.2024 13:41:57.000,225.027,225.027,224.986,224.987,36
07.10.2024 13:41:58.000,224.957,224.967,224.957,224.967,24
07.10.2024 13:41:59.000,224.967,224.967,224.967,224.967,36
07.10.2024 13:42:00.000,224.966,224.966,224.966,224.966,12
07.10.2024 13:42:01.000,224.976,224.976,224.976,224.976,12
07.10.2024 13:42:02.000,224.967,224.967,224.967,224.967,12
07.10.2024 13:42:03.000,224.966,224.966,224.956,224.956,36
07.10.2024 13:42:04.000,224.966,224.977,224.966,224.977,48
07.10.2024 13:42:05.000,224.967,224.967,224.967,224.967,12
07.10.2024 13:42:06.000,224.886,224.907,224.886,224.896,36
07.10.2024 13:42:07.000,224.887,224.887,224.887,224.887,12
07.10.2024 13:42:08.000,224.877,224.877,224.877,224.877,12
07.10.2024 13:42:10.000,224.877,224.887,224.877,224.887,36
07.10.2024 13:42:11.000,224.886,224.886,224.886,224.886,12
07.10.2024 13:42:12.000,224.907,224.916,224.876,224.906,60
07.10.2024 13:42:13.000,224.887,224.887,224.877,224.877,36
07.10.2024 13:42:14.000,224.926,224.956,224.926,224.956,36
07.10.2024 13:42:15.000,224.947,224.957,224.946,224.956,48
07.10.2024 13:42:16.000,224.957,224.957,224.806,224.807,84.00000000000001
07.10.2024 13:42:17.000,224.826,224.826,224.826,224.826,12
07.10.2024 13:42:18.000,224.807,224.807,224.807,224.807,12
07.10.2024 13:42:20.000,224.796,224.797,224.796,224.797,24
07.10.2024 13:42:21.000,224.786,224.816,224.786,224.807,96
07.10.2024 13:42:22.000,224.806,224.806,224.797,224.797,24
07.10.2024 13:42:23.000,224.807,224.807,224.807,224.807,12
07.10.2024 13:42:24.000,224.807,224.807,224.797,224.797,48
07.10.2024 13:42:25.000,224.786,224.786,224.786,224.786,12
07.10.2024 13:42:26.000,224.776,224.776,224.776,224.776,12
07.10.2024 13:42:27.000,224.776,224.776,224.776,224.776,12
07.10.2024 13:42:28.000,224.747,224.747,224.717,224.717,24
07.10.2024 13:42:29.000,224.686,224.707,224.686,224.686,48
07.10.2024 13:42:30.000,224.706,224.707,224.706,224.707,24
07.10.2024 13:42:31.000,224.686,224.687,224.686,224.687,24
07.10.2024 13:42:32.000,224.687,224.687,224.687,224.687,24
07.10.2024 13:42:33.000,224.686,224.686,224.686,224.686,36
07.10.2024 13:42:35.000,224.687,224.716,224.687,224.716,36
07.10.2024 13:42:36.000,224.716,224.717,224.716,224.717,60
07.10.2024 13:42:40.000,224.736,224.767,224.736,224.767,36
07.10.2024 13:42:41.000,224.787,224.787,224.776,224.776,48
07.10.2024 13:42:42.000,224.767,224.767,224.767,224.767,24
07.10.2024 13:42:43.000,224.777,224.787,224.777,224.787,24
07.10.2024 13:42:45.000,224.786,224.786,224.767,224.777,48
07.10.2024 13:42:46.000,224.797,224.806,224.796,224.806,60
07.10.2024 13:42:47.000,224.796,224.847,224.796,224.806,60
07.10.2024 13:42:48.000,224.807,224.807,224.797,224.797,24
07.10.2024 13:42:49.000,224.796,224.797,224.796,224.797,24
07.10.2024 13:42:50.000,224.807,224.816,224.796,224.816,36
07.10.2024 13:42:51.000,224.787,224.787,224.776,224.776,24
07.10.2024 13:42:52.000,224.746,224.746,224.746,224.746,12
07.10.2024 13:42:53.000,224.747,224.747,224.747,224.747,12
07.10.2024 13:42:55.000,224.746,224.746,224.746,224.746,24
07.10.2024 13:42:56.000,224.746,224.746,224.746,224.746,12
07.10.2024 13:42:58.000,224.766,224.766,224.766,224.766,12
07.10.2024 13:43:02.000,224.807,224.837,224.806,224.837,36
07.10.2024 13:43:03.000,224.856,224.866,224.856,224.866,24
07.10.2024 13:43:04.000,224.877,224.877,224.867,224.867,36
07.10.2024 13:43:05.000,224.837,224.837,224.837,224.837,12
07.10.2024 13:43:07.000,224.876,224.876,224.876,224.876,12
07.10.2024 13:43:08.000,224.886,224.886,224.857,224.857,24
07.10.2024 13:43:09.000,224.907,224.916,224.907,224.907,36
07.10.2024 13:43:11.000,224.906,224.936,224.906,224.936,24
07.10.2024 13:43:12.000,224.947,224.966,224.946,224.946,48
07.10.2024 13:43:13.000,224.957,224.957,224.936,224.936,60
07.10.2024 13:43:14.000,224.936,224.936,224.936,224.936,12
07.10.2024 13:43:17.000,224.936,224.936,224.847,224.847,36
07.10.2024 13:43:18.000,224.816,224.816,224.806,224.806,24
07.10.2024 13:43:19.000,224.827,224.827,224.817,224.817,24
07.10.2024 13:43:21.000,224.797,224.797,224.767,224.767,36
07.10.2024 13:43:22.000,224.746,224.747,224.746,224.747,24
07.10.2024 13:43:23.000,224.777,224.777,224.777,224.777,12
07.10.2024 13:43:24.000,224.796,224.816,224.796,224.816,24
07.10.2024 13:43:25.000,224.816,224.827,224.816,224.827,36
07.10.2024 13:43:26.000,224.827,224.827,224.827,224.827,12
07.10.2024 13:43:28.000,224.867,224.867,224.867,224.867,12
07.10.2024 13:43:29.000,224.886,224.886,224.886,224.886,24
07.10.2024 13:43:32.000,224.916,224.916,224.907,224.907,24
07.10.2024 13:43:33.000,224.896,224.897,224.886,224.886,48
07.10.2024 13:43:34.000,224.876,224.876,224.866,224.866,48
07.10.2024 13:43:36.000,224.866,224.866,224.866,224.866,12
07.10.2024 13:43:38.000,224.906,224.916,224.906,224.916,24
07.10.2024 13:43:39.000,224.906,224.906,224.906,224.906,12
07.10.2024 13:43:40.000,224.916,224.927,224.907,224.927,36
07.10.2024 13:43:41.000,224.927,224.927,224.927,224.927,12
07.10.2024 13:43:42.000,224.927,224.927,224.906,224.906,48
07.10.2024 13:43:43.000,224.896,224.896,224.867,224.867,24
07.10.2024 13:43:45.000,224.877,224.877,224.877,224.877,12
07.10.2024 13:43:46.000,224.916,224.916,224.897,224.897,36
07.10.2024 13:43:47.000,224.897,224.926,224.897,224.917,60
07.10.2024 13:43:48.000,224.906,224.906,224.906,224.906,12
07.10.2024 13:43:49.000,224.926,224.927,224.917,224.917,36
07.10.2024 13:43:50.000,224.906,224.906,224.877,224.877,24
07.10.2024 13:43:51.000,224.896,224.907,224.896,224.907,48
07.10.2024 13:43:52.000,224.886,224.886,224.856,224.856,24
07.10.2024 13:43:53.000,224.857,224.857,224.846,224.857,48
07.10.2024 13:43:54.000,224.866,224.877,224.866,224.867,48
07.10.2024 13:43:55.000,224.846,224.867,224.826,224.867,36
07.10.2024 13:43:56.000,224.856,224.857,224.856,224.857,24
07.10.2024 13:43:57.000,224.836,224.836,224.836,224.836,12
07.10.2024 13:43:58.000,224.836,224.836,224.836,224.836,24
07.10.2024 13:44:00.000,224.846,224.886,224.846,224.877,60
07.10.2024 13:44:01.000,224.886,224.887,224.866,224.866,48
07.10.2024 13:44:02.000,224.866,224.866,224.866,224.866,12
07.10.2024 13:44:03.000,224.836,224.866,224.836,224.866,36
07.10.2024 13:44:04.000,224.887,224.887,224.857,224.857,24
07.10.2024 13:44:05.000,224.836,224.836,224.836,224.836,12
07.10.2024 13:44:06.000,224.826,224.827,224.817,224.827,36
07.10.2024 13:44:07.000,224.837,224.847,224.816,224.846,72
07.10.2024 13:44:08.000,224.877,224.877,224.847,224.847,36
07.10.2024 13:44:09.000,224.867,224.867,224.867,224.867,12
07.10.2024 13:44:10.000,224.866,224.876,224.866,224.876,24
07.10.2024 13:44:12.000,224.887,224.887,224.887,224.887,12
07.10.2024 13:44:13.000,224.867,224.916,224.867,224.916,60
07.10.2024 13:44:14.000,224.937,224.937,224.937,224.937,36
07.10.2024 13:44:15.000,224.917,224.917,224.887,224.887,36
07.10.2024 13:44:16.000,224.927,224.937,224.917,224.926,48
07.10.2024 13:44:17.000,224.926,224.937,224.917,224.937,60
07.10.2024 13:44:18.000,224.947,224.947,224.947,224.947,12
07.10.2024 13:44:19.000,224.946,224.946,224.946,224.946,12
07.10.2024 13:44:20.000,224.956,224.966,224.956,224.966,24
07.10.2024 13:44:21.000,224.986,224.986,224.966,224.966,24
07.10.2024 13:44:23.000,224.956,224.956,224.946,224.946,36
07.10.2024 13:44:28.000,224.946,224.946,224.896,224.896,48
07.10.2024 13:44:29.000,224.886,224.917,224.886,224.917,24
07.10.2024 13:44:30.000,224.907,224.907,224.907,224.907,12
07.10.2024 13:44:31.000,224.916,224.916,224.907,224.907,24
07.10.2024 13:44:32.000,224.907,224.917,224.906,224.906,36
07.10.2024 13:44:33.000,224.896,224.896,224.886,224.887,36
07.10.2024 13:44:34.000,224.866,224.866,224.866,224.866,12
07.10.2024 13:44:35.000,224.846,224.846,224.846,224.846,12
07.10.2024 13:44:36.000,224.867,224.867,224.867,224.867,12
07.10.2024 13:44:37.000,224.867,224.886,224.867,224.886,36
07.10.2024 13:44:38.000,224.877,224.907,224.877,224.907,36
07.10.2024 13:44:39.000,224.926,224.926,224.926,224.926,12
07.10.2024 13:44:40.000,224.926,224.926,224.926,224.926,12
07.10.2024 13:44:41.000,224.917,224.917,224.917,224.917,12
07.10.2024 13:44:42.000,224.967,224.976,224.947,224.967,60
07.10.2024 13:44:43.000,224.976,224.976,224.976,224.976,12
07.10.2024 13:44:44.000,224.987,224.987,224.896,224.896,84.00000000000001
07.10.2024 13:44:45.000,224.857,224.857,224.857,224.857,12
07.10.2024 13:44:46.000,224.847,224.847,224.847,224.847,24
07.10.2024 13:44:47.000,224.846,224.846,224.846,224.846,12
07.10.2024 13:44:48.000,224.877,224.877,224.866,224.866,24
07.10.2024 13:44:49.000,224.847,224.847,224.836,224.836,24
07.10.2024 13:44:50.000,224.797,224.807,224.796,224.807,48
07.10.2024 13:44:51.000,224.806,224.806,224.796,224.806,36
07.10.2024 13:44:52.000,224.817,224.817,224.817,224.817,12
07.10.2024 13:44:53.000,224.796,224.796,224.796,224.796,12
07.10.2024 13:44:54.000,224.817,224.817,224.817,224.817,12
07.10.2024 13:44:57.000,224.816,224.816,224.816,224.816,24
07.10.2024 13:44:59.000,224.837,224.847,224.837,224.847,24
07.10.2024 13:45:00.000,224.846,224.877,224.846,224.857,84.00000000000001
07.10.2024 13:45:01.000,224.867,224.906,224.867,224.887,48
07.10.2024 13:45:03.000,224.887,224.906,224.887,224.906,24
07.10.2024 13:45:04.000,224.907,224.926,224.856,224.857,84.00000000000001
07.10.2024 13:45:05.000,224.837,224.887,224.837,224.887,24
07.10.2024 13:45:06.000,224.887,224.897,224.887,224.897,48
07.10.2024 13:45:07.000,224.897,224.897,224.897,224.897,12
07.10.2024 13:45:08.000,224.897,224.907,224.876,224.876,48
07.10.2024 13:45:09.000,224.857,224.857,224.846,224.846,48
07.10.2024 13:45:10.000,224.836,224.867,224.836,224.867,24
07.10.2024 13:45:11.000,224.876,224.876,224.866,224.866,24
07.10.2024 13:45:12.000,224.866,224.866,224.866,224.866,12
07.10.2024 13:45:13.000,224.867,224.867,224.867,224.867,12
07.10.2024 13:45:14.000,224.836,224.906,224.836,224.906,48
07.10.2024 13:45:16.000,224.926,224.926,224.887,224.887,24
07.10.2024 13:45:18.000,224.897,224.906,224.886,224.906,60
07.10.2024 13:45:20.000,224.877,224.877,224.876,224.876,24
07.10.2024 13:45:21.000,224.887,224.906,224.887,224.906,36
07.10.2024 13:45:22.000,224.877,224.877,224.866,224.867,36
07.10.2024 13:45:23.000,224.867,224.867,224.867,224.867,24
07.10.2024 13:45:24.000,224.877,224.927,224.876,224.906,60
07.10.2024 13:45:25.000,224.876,224.876,224.876,224.876,12
07.10.2024 13:45:26.000,224.877,224.877,224.866,224.867,36
07.10.2024 13:45:27.000,224.837,224.856,224.837,224.856,36
07.10.2024 13:45:28.000,224.867,224.867,224.837,224.837,24
07.10.2024 13:45:29.000,224.816,224.816,224.807,224.807,36
07.10.2024 13:45:30.000,224.806,224.807,224.796,224.797,72
07.10.2024 13:45:31.000,224.807,224.807,224.777,224.777,36
07.10.2024 13:45:32.000,224.776,224.776,224.766,224.767,48
07.10.2024 13:45:33.000,224.767,224.767,224.767,224.767,12
07.10.2024 13:45:34.000,224.766,224.767,224.766,224.767,24
07.10.2024 13:45:36.000,224.776,224.787,224.776,224.777,36
07.10.2024 13:45:37.000,224.787,224.797,224.776,224.797,72
07.10.2024 13:45:41.000,224.816,224.816,224.816,224.816,12
07.10.2024 13:45:42.000,224.807,224.807,224.807,224.807,12
07.10.2024 13:45:44.000,224.826,224.847,224.826,224.847,36
07.10.2024 13:45:47.000,224.837,224.837,224.837,224.837,12
07.10.2024 13:45:48.000,224.826,224.826,224.817,224.817,24
07.10.2024 13:45:49.000,224.807,224.817,224.807,224.817,24
07.10.2024 13:45:50.000,224.806,224.837,224.806,224.836,48
07.10.2024 13:45:51.000,224.856,224.877,224.856,224.877,24
07.10.2024 13:45:52.000,224.897,224.897,224.897,224.897,24
07.10.2024 13:45:53.000,224.877,224.877,224.877,224.877,24
07.10.2024 13:45:54.000,224.856,224.856,224.856,224.856,12
07.10.2024 13:45:55.000,224.856,224.856,224.856,224.856,12
07.10.2024 13:45:56.000,224.856,224.856,224.856,224.856,12
07.10.2024 13:45:57.000,224.836,224.836,224.836,224.836,24
07.10.2024 13:45:59.000,224.827,224.866,224.827,224.866,24
07.10.2024 13:46:00.000,224.866,224.886,224.866,224.886,24
07.10.2024 13:46:01.000,224.867,224.867,224.866,224.866,36
07.10.2024 13:46:02.000,224.886,224.886,224.867,224.867,24
07.10.2024 13:46:03.000,224.876,224.876,224.876,224.876,12
07.10.2024 13:46:04.000,224.907,224.907,224.907,224.907,12
07.10.2024 13:46:06.000,224.936,224.936,224.926,224.926,24
07.10.2024 13:46:08.000,224.926,224.926,224.926,224.926,36
07.10.2024 13:46:09.000,224.947,224.947,224.947,224.947,12
07.10.2024 13:46:10.000,224.946,224.956,224.917,224.937,48
07.10.2024 13:46:11.000,224.936,224.997,224.936,224.996,72
07.10.2024 13:46:12.000,225.006,225.026,224.986,224.987,48
07.10.2024 13:46:13.000,224.977,224.977,224.957,224.957,36
07.10.2024 13:46:14.000,224.957,225.066,224.957,225.057,60
07.10.2024 13:46:15.000,225.057,225.107,225.057,225.096,36
07.10.2024 13:46:16.000,225.097,225.097,225.076,225.076,36
07.10.2024 13:46:17.000,225.066,225.067,225.066,225.067,24
07.10.2024 13:46:18.000,225.047,225.047,225.047,225.047,12
07.10.2024 13:46:19.000,225.047,225.047,225.046,225.046,48
07.10.2024 13:46:20.000,225.047,225.047,225.047,225.047,12
07.10.2024 13:46:21.000,225.056,225.056,225.036,225.036,36
07.10.2024 13:46:23.000,225.107,225.207,225.107,225.207,84.00000000000001
07.10.2024 13:46:24.000,225.256,225.256,225.206,225.206,36
07.10.2024 13:46:25.000,225.186,225.186,225.177,225.177,24
07.10.2024 13:46:26.000,225.206,225.206,225.206,225.206,12
07.10.2024 13:46:29.000,225.216,225.217,225.206,225.206,48
07.10.2024 13:46:31.000,225.206,225.216,225.206,225.207,84.00000000000001
07.10.2024 13:46:32.000,225.207,225.256,225.207,225.247,48
07.10.2024 13:46:33.000,225.266,225.297,225.266,225.297,84.00000000000001
07.10.2024 13:46:34.000,225.276,225.276,225.276,225.276,24
07.10.2024 13:46:36.000,225.257,225.266,225.226,225.226,48
07.10.2024 13:46:37.000,225.236,225.237,225.236,225.236,48
07.10.2024 13:46:38.000,225.257,225.257,225.257,225.257,24
07.10.2024 13:46:39.000,225.276,225.276,225.276,225.276,12
07.10.2024 13:46:40.000,225.276,225.276,225.276,225.276,12
07.10.2024 13:46:42.000,225.276,225.327,225.276,225.276,84.00000000000001
07.10.2024 13:46:43.000,225.277,225.277,225.277,225.277,12
07.10.2024 13:46:44.000,225.226,225.227,225.226,225.226,36
07.10.2024 13:46:45.000,225.216,225.227,225.216,225.216,84.00000000000001
07.10.2024 13:46:47.000,225.216,225.247,225.216,225.247,36
07.10.2024 13:46:49.000,225.217,225.217,225.217,225.217,12
07.10.2024 13:46:50.000,225.216,225.266,225.216,225.217,96
07.10.2024 13:46:51.000,225.256,225.257,225.256,225.257,24
07.10.2024 13:46:52.000,225.256,225.256,225.246,225.246,24
07.10.2024 13:46:53.000,225.247,225.247,225.246,225.246,24
07.10.2024 13:46:55.000,225.207,225.207,225.207,225.207,24
07.10.2024 13:46:56.000,225.197,225.197,225.197,225.197,12
07.10.2024 13:46:57.000,225.177,225.187,225.177,225.177,48
07.10.2024 13:46:58.000,225.176,225.176,225.176,225.176,12
07.10.2024 13:47:00.000,225.206,225.206,225.206,225.206,12
07.10.2024 13:47:01.000,225.206,225.206,225.206,225.206,12
07.10.2024 13:47:02.000,225.216,225.216,225.207,225.207,24
07.10.2024 13:47:03.000,225.246,225.247,225.237,225.247,48
07.10.2024 13:47:04.000,225.207,225.207,225.206,225.206,24
07.10.2024 13:47:05.000,225.206,225.206,225.206,225.206,12
07.10.2024 13:47:06.000,225.216,225.327,225.216,225.327,60
07.10.2024 13:47:07.000,225.356,225.356,225.317,225.317,84.00000000000001
07.10.2024 13:47:08.000,225.306,225.306,225.247,225.247,60
07.10.2024 13:47:10.000,225.287,225.306,225.287,225.297,72
07.10.2024 13:47:11.000,225.266,225.296,225.266,225.296,24
07.10.2024 13:47:12.000,225.267,225.296,225.267,225.296,48
07.10.2024 13:47:13.000,225.287,225.346,225.277,225.346,48
07.10.2024 13:47:14.000,225.347,225.347,225.337,225.347,48
07.10.2024 13:47:15.000,225.336,225.336,225.336,225.336,12
07.10.2024 13:47:17.000,225.377,225.377,225.347,225.347,36
07.10.2024 13:47:18.000,225.357,225.357,225.356,225.357,48
07.10.2024 13:47:19.000,225.356,225.356,225.307,225.307,48
07.10.2024 13:47:20.000,225.306,225.307,225.287,225.307,36
07.10.2024 13:47:21.000,225.327,225.336,225.306,225.306,60
07.10.2024 13:47:24.000,225.316,225.316,225.306,225.306,24
07.10.2024 13:47:25.000,225.267,225.267,225.267,225.267,12
07.10.2024 13:47:27.000,225.257,225.257,225.257,225.257,12
07.10.2024 13:47:28.000,225.257,225.267,225.257,225.266,72
07.10.2024 13:47:29.000,225.277,225.277,225.266,225.267,36
07.10.2024 13:47:30.000,225.277,225.277,225.267,225.267,24
07.10.2024 13:47:31.000,225.297,225.297,225.286,225.286,24
07.10.2024 13:47:32.000,225.277,225.287,225.267,225.276,48
07.10.2024 13:47:33.000,225.306,225.327,225.286,225.327,60
07.10.2024 13:47:34.000,225.287,225.287,225.266,225.266,36
07.10.2024 13:47:35.000,225.267,225.276,225.266,225.266,36
07.10.2024 13:47:36.000,225.276,225.276,225.267,225.267,36
07.10.2024 13:47:38.000,225.256,225.267,225.256,225.257,36
07.10.2024 13:47:40.000,225.246,225.247,225.226,225.226,48
07.10.2024 13:47:41.000,225.227,225.227,225.216,225.216,24
07.10.2024 13:47:42.000,225.197,225.197,225.146,225.146,48
07.10.2024 13:47:43.000,225.147,225.156,225.146,225.146,48
07.10.2024 13:47:44.000,225.166,225.187,225.136,225.136,72
07.10.2024 13:47:45.000,225.106,225.177,225.106,225.167,48
07.10.2024 13:47:46.000,225.177,225.177,225.167,225.167,24
07.10.2024 13:47:47.000,225.157,225.157,225.157,225.157,12
07.10.2024 13:47:48.000,225.166,225.166,225.166,225.166,12
07.10.2024 13:47:50.000,225.156,225.156,225.156,225.156,12
07.10.2024 13:47:51.000,225.177,225.227,225.177,225.187,84.00000000000001
07.10.2024 13:47:52.000,225.176,225.176,225.166,225.166,24
07.10.2024 13:47:53.000,225.196,225.206,225.176,225.176,60
07.10.2024 13:47:54.000,225.167,225.176,225.137,225.137,84.00000000000001
07.10.2024 13:47:55.000,225.157,225.157,225.107,225.117,60
07.10.2024 13:47:57.000,225.116,225.126,225.106,225.126,48
07.10.2024 13:47:58.000,225.097,225.106,225.097,225.106,48
07.10.2024 13:48:00.000,225.127,225.127,225.127,225.127,12
07.10.2024 13:48:01.000,225.147,225.147,225.117,225.117,48
07.10.2024 13:48:02.000,225.137,225.166,225.137,225.166,48
07.10.2024 13:48:03.000,225.186,225.186,225.186,225.186,12
07.10.2024 13:48:04.000,225.167,225.167,225.167,225.167,24
07.10.2024 13:48:05.000,225.166,225.166,225.107,225.107,60
07.10.2024 13:48:06.000,225.106,225.117,225.106,225.107,36
07.10.2024 13:48:07.000,225.147,225.157,225.146,225.146,36
07.10.2024 13:48:08.000,225.166,225.166,225.147,225.147,36
07.10.2024 13:48:09.000,225.146,225.146,225.136,225.136,36
07.10.2024 13:48:10.000,225.127,225.127,225.127,225.127,24
07.10.2024 13:48:11.000,225.146,225.146,225.146,225.146,12
07.10.2024 13:48:12.000,225.157,225.167,225.156,225.156,36
07.10.2024 13:48:13.000,225.137,225.137,225.136,225.137,36
07.10.2024 13:48:14.000,225.146,225.146,225.066,225.066,72
07.10.2024 13:48:15.000,225.066,225.066,225.017,225.027,60
07.10.2024 13:48:16.000,225.036,225.077,225.036,225.077,60
07.10.2024 13:48:17.000,225.077,225.077,225.077,225.077,12
07.10.2024 13:48:18.000,225.076,225.076,225.076,225.076,12
07.10.2024 13:48:21.000,225.086,225.086,225.086,225.086,12
07.10.2024 13:48:22.000,225.076,225.106,225.076,225.106,36
07.10.2024 13:48:23.000,225.126,225.126,225.086,225.086,36
07.10.2024 13:48:24.000,225.096,225.096,225.096,225.096,12
07.10.2024 13:48:25.000,225.066,225.066,225.066,225.066,12
07.10.2024 13:48:27.000,225.076,225.087,225.076,225.077,36
07.10.2024 13:48:28.000,225.077,225.077,225.077,225.077,12
07.10.2024 13:48:29.000,225.086,225.086,225.077,225.077,24
07.10.2024 13:48:30.000,225.076,225.087,225.076,225.076,48
07.10.2024 13:48:31.000,225.086,225.086,225.077,225.077,24
07.10.2024 13:48:32.000,225.107,225.116,225.107,225.116,24
07.10.2024 13:48:33.000,225.136,225.136,225.126,225.126,24
07.10.2024 13:48:35.000,225.107,225.107,225.086,225.086,24
07.10.2024 13:48:36.000,225.086,225.107,225.086,225.107,24
07.10.2024 13:48:37.000,225.126,225.126,225.126,225.126,12
07.10.2024 13:48:38.000,225.127,225.127,225.117,225.117,24
07.10.2024 13:48:40.000,225.117,225.117,225.087,225.087,60
07.10.2024 13:48:41.000,225.046,225.046,225.046,225.046,24
07.10.2024 13:48:42.000,225.036,225.047,225.036,225.047,24
07.10.2024 13:48:43.000,225.067,225.067,225.046,225.046,36
07.10.2024 13:48:45.000,225.046,225.046,225.046,225.046,12
07.10.2024 13:48:46.000,225.106,225.106,225.046,225.046,60
07.10.2024 13:48:47.000,225.016,225.026,225.016,225.026,48
07.10.2024 13:48:48.000,225.026,225.026,225.017,225.017,24
07.10.2024 13:48:49.000,225.006,225.006,224.997,224.997,24
07.10.2024 13:48:50.000,225.006,225.006,224.996,224.996,60
07.10.2024 13:48:51.000,224.997,224.997,224.936,224.936,36
07.10.2024 13:48:53.000,224.977,224.977,224.966,224.966,24
07.10.2024 13:48:54.000,224.996,225.036,224.996,225.036,48
07.10.2024 13:48:57.000,225.046,225.047,225.037,225.047,36
07.10.2024 13:48:58.000,225.066,225.066,225.047,225.047,24
07.10.2024 13:48:59.000,225.037,225.037,225.036,225.036,48
07.10.2024 13:49:00.000,225.037,225.047,225.036,225.037,48
07.10.2024 13:49:01.000,225.057,225.057,225.036,225.036,48
07.10.2024 13:49:02.000,225.076,225.087,225.066,225.066,48
07.10.2024 13:49:03.000,225.077,225.077,225.077,225.077,12
07.10.2024 13:49:04.000,225.076,225.076,225.076,225.076,12
07.10.2024 13:49:05.000,225.097,225.097,225.076,225.076,48
07.10.2024 13:49:06.000,225.077,225.077,225.076,225.076,24
07.10.2024 13:49:07.000,225.107,225.117,225.106,225.116,60
07.10.2024 13:49:08.000,225.126,225.146,225.126,225.146,24
07.10.2024 13:49:09.000,225.136,225.136,225.126,225.126,24
07.10.2024 13:49:11.000,225.126,225.126,225.126,225.126,12
07.10.2024 13:49:12.000,225.147,225.147,225.126,225.126,24
07.10.2024 13:49:13.000,225.136,225.136,225.126,225.126,24
07.10.2024 13:49:14.000,225.116,225.116,225.087,225.107,48
07.10.2024 13:49:15.000,225.086,225.086,225.086,225.086,12
07.10.2024 13:49:16.000,225.057,225.057,225.046,225.047,48
07.10.2024 13:49:17.000,225.046,225.076,225.046,225.067,36
07.10.2024 13:49:19.000,225.056,225.056,225.047,225.047,24
07.10.2024 13:49:22.000,225.056,225.087,225.047,225.087,36
07.10.2024 13:49:23.000,225.086,225.086,225.056,225.056,36
07.10.2024 13:49:24.000,225.046,225.046,225.046,225.046,12
07.10.2024 13:49:25.000,225.056,225.057,225.056,225.056,36
07.10.2024 13:49:26.000,225.067,225.067,225.057,225.057,24
07.10.2024 13:49:27.000,225.066,225.067,225.056,225.056,48
07.10.2024 13:49:28.000,225.097,225.097,225.097,225.097,12
07.10.2024 13:49:29.000,225.097,225.107,225.097,225.107,24
07.10.2024 13:49:30.000,225.106,225.116,225.106,225.107,36
07.10.2024 13:49:31.000,225.097,225.097,225.097,225.097,12
07.10.2024 13:49:32.000,225.097,225.097,225.076,225.076,24
07.10.2024 13:49:33.000,225.077,225.077,225.056,225.056,48
07.10.2024 13:49:34.000,225.047,225.047,225.036,225.036,24
07.10.2024 13:49:35.000,225.037,225.037,225.036,225.036,36
07.10.2024 13:49:37.000,225.027,225.027,225.026,225.027,48
07.10.2024 13:49:38.000,225.027,225.027,225.026,225.026,48
07.10.2024 13:49:39.000,225.057,225.057,225.037,225.037,36
07.10.2024 13:49:40.000,225.026,225.026,225.026,225.026,12
07.10.2024 13:49:44.000,225.046,225.046,225.046,225.046,12
07.10.2024 13:49:45.000,225.027,225.046,225.026,225.026,36
07.10.2024 13:49:46.000,225.027,225.027,225.006,225.027,48
07.10.2024 13:49:47.000,225.006,225.007,224.996,224.996,36
07.10.2024 13:49:48.000,224.997,224.997,224.997,224.997,24
07.10.2024 13:49:49.000,225.017,225.026,225.017,225.026,24
07.10.2024 13:49:50.000,225.037,225.037,225.026,225.026,24
07.10.2024 13:49:51.000,225.037,225.076,225.037,225.067,48
07.10.2024 13:49:52.000,225.056,225.056,225.046,225.046,24
07.10.2024 13:49:54.000,225.067,225.067,225.067,225.067,12
07.10.2024 13:49:55.000,225.066,225.066,225.066,225.066,12
07.10.2024 13:49:56.000,225.077,225.096,225.067,225.067,72
07.10.2024 13:49:57.000,225.057,225.057,225.046,225.047,60
07.10.2024 13:49:58.000,225.006,225.006,224.997,224.997,36
07.10.2024 13:50:00.000,224.997,224.997,224.966,224.997,72
07.10.2024 13:50:01.000,224.977,224.997,224.977,224.997,24
07.10.2024 13:50:02.000,224.926,224.927,224.926,224.927,36
07.10.2024 13:50:03.000,224.947,224.947,224.926,224.926,48
07.10.2024 13:50:04.000,224.887,224.887,224.876,224.876,24
07.10.2024 13:50:05.000,224.916,224.916,224.906,224.906,24
07.10.2024 13:50:07.000,224.897,224.897,224.897,224.897,12
07.10.2024 13:50:08.000,224.887,224.907,224.887,224.906,36
07.10.2024 13:50:09.000,224.926,224.926,224.926,224.926,12
07.10.2024 13:50:10.000,224.936,224.937,224.936,224.937,24
07.10.2024 13:50:13.000,224.946,224.946,224.946,224.946,12
07.10.2024 13:50:15.000,224.936,224.936,224.936,224.936,24
07.10.2024 13:50:16.000,224.947,224.947,224.936,224.936,36
07.10.2024 13:50:18.000,224.907,224.907,224.906,224.906,24
07.10.2024 13:50:19.000,224.906,224.906,224.887,224.887,36
07.10.2024 13:50:20.000,224.876,224.887,224.876,224.887,36
07.10.2024 13:50:23.000,224.886,224.907,224.886,224.907,24
07.10.2024 13:50:24.000,224.897,224.897,224.857,224.857,60
07.10.2024 13:50:25.000,224.846,224.857,224.846,224.846,48
07.10.2024 13:50:26.000,224.846,224.846,224.846,224.846,24
07.10.2024 13:50:27.000,224.846,224.846,224.846,224.846,36
07.10.2024 13:50:28.000,224.847,224.847,224.847,224.847,24
07.10.2024 13:50:29.000,224.846,224.846,224.846,224.846,12
07.10.2024 13:50:30.000,224.836,224.836,224.827,224.827,24
07.10.2024 13:50:31.000,224.836,224.836,224.836,224.836,12
07.10.2024 13:50:33.000,224.827,224.827,224.827,224.827,12
07.10.2024 13:50:35.000,224.846,224.857,224.846,224.857,24
07.10.2024 13:50:36.000,224.887,224.896,224.876,224.876,60
07.10.2024 13:50:37.000,224.887,224.906,224.886,224.906,36
07.10.2024 13:50:38.000,224.886,224.886,224.886,224.886,12
07.10.2024 13:50:39.000,224.897,224.897,224.897,224.897,12
07.10.2024 13:50:41.000,224.916,224.916,224.916,224.916,12
07.10.2024 13:50:43.000,224.927,224.946,224.927,224.937,48
07.10.2024 13:50:45.000,224.986,224.987,224.976,224.976,72
07.10.2024 13:50:46.000,224.956,224.956,224.947,224.947,36
07.10.2024 13:50:47.000,224.937,224.937,224.927,224.927,24
07.10.2024 13:50:48.000,224.916,224.916,224.916,224.916,12
07.10.2024 13:50:49.000,224.907,224.907,224.907,224.907,12
07.10.2024 13:50:50.000,224.887,224.887,224.846,224.846,48
07.10.2024 13:50:51.000,224.867,224.877,224.857,224.867,84.00000000000001
07.10.2024 13:50:52.000,224.847,224.847,224.826,224.827,48
07.10.2024 13:50:53.000,224.826,224.837,224.826,224.837,24
07.10.2024 13:50:54.000,224.827,224.827,224.827,224.827,12
07.10.2024 13:50:55.000,224.816,224.836,224.816,224.826,36
07.10.2024 13:50:56.000,224.837,224.837,224.837,224.837,12
07.10.2024 13:50:57.000,224.827,224.837,224.827,224.837,36
07.10.2024 13:50:58.000,224.866,224.866,224.866,224.866,12
07.10.2024 13:50:59.000,224.846,224.846,224.846,224.846,12
07.10.2024 13:51:00.000,224.836,224.836,224.836,224.836,12
07.10.2024 13:51:01.000,224.846,224.846,224.846,224.846,12
07.10.2024 13:51:02.000,224.866,224.887,224.866,224.877,72
07.10.2024 13:51:03.000,224.867,224.887,224.867,224.887,24
07.10.2024 13:51:04.000,224.887,224.887,224.866,224.866,60
07.10.2024 13:51:05.000,224.866,224.876,224.866,224.876,24
07.10.2024 13:51:06.000,224.877,224.877,224.867,224.867,24
07.10.2024 13:51:08.000,224.866,224.866,224.866,224.866,12
07.10.2024 13:51:09.000,224.896,224.896,224.896,224.896,12
07.10.2024 13:51:10.000,224.896,224.917,224.896,224.917,24
07.10.2024 13:51:12.000,224.916,224.916,224.916,224.916,24
07.10.2024 13:51:13.000,224.887,224.896,224.877,224.887,60
07.10.2024 13:51:14.000,224.876,224.877,224.876,224.877,36
07.10.2024 13:51:15.000,224.876,224.876,224.846,224.857,36
07.10.2024 13:51:16.000,224.877,224.877,224.877,224.877,24
07.10.2024 13:51:17.000,224.847,224.847,224.836,224.836,24
07.10.2024 13:51:18.000,224.846,224.857,224.846,224.857,24
07.10.2024 13:51:19.000,224.857,224.857,224.846,224.846,24
07.10.2024 13:51:20.000,224.867,224.897,224.867,224.897,48
07.10.2024 13:51:21.000,224.917,224.917,224.916,224.916,24
07.10.2024 13:51:22.000,224.917,224.927,224.896,224.927,36
07.10.2024 13:51:25.000,224.926,224.957,224.926,224.937,84.00000000000001
07.10.2024 13:51:26.000,224.926,224.926,224.906,224.907,36
07.10.2024 13:51:27.000,224.897,224.906,224.897,224.906,36
07.10.2024 13:51:28.000,224.907,224.907,224.907,224.907,12
07.10.2024 13:51:29.000,224.917,224.917,224.907,224.907,24
07.10.2024 13:51:30.000,224.906,224.907,224.906,224.907,24
07.10.2024 13:51:31.000,224.917,224.926,224.906,224.926,36
07.10.2024 13:51:33.000,224.947,224.976,224.947,224.976,48
07.10.2024 13:51:34.000,224.966,224.967,224.966,224.966,36
07.10.2024 13:51:35.000,224.957,224.957,224.946,224.946,24
07.10.2024 13:51:36.000,224.977,224.977,224.967,224.967,24
07.10.2024 13:51:38.000,224.956,224.956,224.956,224.956,12
07.10.2024 13:51:41.000,224.986,224.986,224.986,224.986,12
07.10.2024 13:51:42.000,224.987,225.006,224.986,225.006,36
07.10.2024 13:51:43.000,224.997,224.997,224.986,224.986,36
07.10.2024 13:51:45.000,224.997,224.997,224.997,224.997,12
07.10.2024 13:51:46.000,225.007,225.036,225.007,225.026,48
07.10.2024 13:51:47.000,225.037,225.037,225.017,225.026,72
07.10.2024 13:51:48.000,225.027,225.027,225.027,225.027,24
07.10.2024 13:51:49.000,225.017,225.017,224.997,224.997,36
07.10.2024 13:51:50.000,224.997,225.007,224.997,225.007,24
07.10.2024 13:51:51.000,225.007,225.007,224.996,224.996,36
07.10.2024 13:51:52.000,224.987,224.987,224.956,224.977,60
07.10.2024 13:51:53.000,224.967,224.967,224.947,224.957,36
07.10.2024 13:51:54.000,224.997,224.997,224.986,224.987,36
07.10.2024 13:51:55.000,224.986,224.986,224.976,224.976,24
07.10.2024 13:51:56.000,224.967,224.967,224.946,224.946,48
07.10.2024 13:51:57.000,224.967,224.977,224.956,224.956,60
07.10.2024 13:51:58.000,224.946,224.967,224.946,224.967,36
07.10.2024 13:51:59.000,224.976,224.977,224.976,224.977,24
07.10.2024 13:52:01.000,224.987,225.017,224.987,225.006,60
07.10.2024 13:52:02.000,225.026,225.027,225.016,225.016,36
07.10.2024 13:52:03.000,225.007,225.017,225.007,225.017,24
07.10.2024 13:52:04.000,225.017,225.017,225.017,225.017,12
07.10.2024 13:52:05.000,225.046,225.046,225.046,225.046,12
07.10.2024 13:52:06.000,225.016,225.037,225.016,225.036,48
07.10.2024 13:52:07.000,225.027,225.047,225.026,225.026,48
07.10.2024 13:52:08.000,225.016,225.016,225.016,225.016,12
07.10.2024 13:52:09.000,224.997,224.997,224.997,224.997,12
07.10.2024 13:52:10.000,224.987,224.987,224.987,224.987,12
07.10.2024 13:52:11.000,225.007,225.027,225.006,225.006,36
07.10.2024 13:52:12.000,225.026,225.026,225.007,225.017,36
07.10.2024 13:52:13.000,225.007,225.007,225.007,225.007,12
07.10.2024 13:52:15.000,225.007,225.007,225.007,225.007,12
07.10.2024 13:52:16.000,225.007,225.007,224.996,225.006,36
07.10.2024 13:52:17.000,225.036,225.067,225.036,225.067,48
07.10.2024 13:52:18.000,225.067,225.067,225.056,225.056,24
07.10.2024 13:52:20.000,225.047,225.047,225.047,225.047,12
07.10.2024 13:52:21.000,225.057,225.057,225.046,225.046,24
07.10.2024 13:52:26.000,225.056,225.066,225.046,225.066,36
07.10.2024 13:52:29.000,225.036,225.036,225.036,225.036,12
07.10.2024 13:52:30.000,225.037,225.116,225.037,225.116,60
07.10.2024 13:52:31.000,225.096,225.096,225.096,225.096,24
07.10.2024 13:52:32.000,225.087,225.087,225.066,225.066,36
07.10.2024 13:52:33.000,225.066,225.066,225.066,225.066,12
07.10.2024 13:52:34.000,225.086,225.086,225.086,225.086,12
07.10.2024 13:52:35.000,225.057,225.057,225.057,225.057,24
07.10.2024 13:52:36.000,225.057,225.067,225.046,225.047,48
07.10.2024 13:52:37.000,225.036,225.036,225.036,225.036,12
07.10.2024 13:52:41.000,225.036,225.036,225.036,225.036,12
07.10.2024 13:52:42.000,225.037,225.037,225.037,225.037,12
07.10.2024 13:52:44.000,225.037,225.037,225.036,225.036,36
07.10.2024 13:52:45.000,225.006,225.047,225.006,225.047,60
07.10.2024 13:52:48.000,225.066,225.066,225.046,225.046,24
07.10.2024 13:52:49.000,225.086,225.086,225.046,225.047,96
07.10.2024 13:52:50.000,225.047,225.047,225.047,225.047,24
07.10.2024 13:52:51.000,225.046,225.076,225.046,225.046,60
07.10.2024 13:52:52.000,225.047,225.067,225.046,225.067,72
07.10.2024 13:52:53.000,225.046,225.046,225.046,225.046,12
07.10.2024 13:52:55.000,225.056,225.056,225.056,225.056,12
07.10.2024 13:52:56.000,225.066,225.066,225.066,225.066,12
07.10.2024 13:52:57.000,225.057,225.057,225.057,225.057,12
07.10.2024 13:52:58.000,225.047,225.047,225.036,225.036,36
07.10.2024 13:52:59.000,225.036,225.047,225.036,225.047,24
07.10.2024 13:53:00.000,225.037,225.037,225.026,225.026,72
07.10.2024 13:53:01.000,225.007,225.017,225.006,225.017,60
07.10.2024 13:53:02.000,225.017,225.017,225.017,225.017,12
07.10.2024 13:53:03.000,225.017,225.017,225.006,225.006,48
07.10.2024 13:53:04.000,224.976,224.986,224.976,224.976,36
07.10.2024 13:53:05.000,224.986,224.987,224.976,224.976,48
07.10.2024 13:53:06.000,224.986,224.987,224.976,224.987,36
07.10.2024 13:53:07.000,225.016,225.037,225.016,225.037,60
07.10.2024 13:53:09.000,225.016,225.016,224.996,224.996,36
07.10.2024 13:53:10.000,224.996,224.996,224.996,224.996,12
07.10.2024 13:53:11.000,224.997,224.997,224.996,224.996,36
07.10.2024 13:53:12.000,224.997,224.997,224.977,224.987,36
07.10.2024 13:53:15.000,224.987,224.987,224.977,224.977,36
07.10.2024 13:53:16.000,224.996,224.996,224.977,224.977,24
07.10.2024 13:53:17.000,224.987,224.987,224.976,224.976,24
07.10.2024 13:53:18.000,225.007,225.007,224.976,224.976,24
07.10.2024 13:53:19.000,224.976,225.046,224.976,225.017,60
07.10.2024 13:53:20.000,225.007,225.007,225.007,225.007,24
07.10.2024 13:53:21.000,224.997,225.016,224.997,225.016,24
07.10.2024 13:53:22.000,225.027,225.027,225.016,225.016,36
07.10.2024 13:53:23.000,225.016,225.016,225.016,225.016,24
07.10.2024 13:53:24.000,225.037,225.037,225.037,225.037,12
07.10.2024 13:53:26.000,225.006,225.006,225.006,225.006,12
07.10.2024 13:53:27.000,225.006,225.006,225.006,225.006,12
07.10.2024 13:53:30.000,225.007,225.007,225.006,225.006,36
07.10.2024 13:53:31.000,225.017,225.017,225.006,225.006,24
07.10.2024 13:53:32.000,224.977,224.977,224.977,224.977,36
07.10.2024 13:53:37.000,224.967,224.967,224.946,224.947,60
07.10.2024 13:53:38.000,224.947,224.947,224.946,224.946,36
07.10.2024 13:53:39.000,224.956,224.977,224.947,224.957,48
07.10.2024 13:53:40.000,224.946,224.946,224.946,224.946,12
07.10.2024 13:53:41.000,224.946,224.946,224.946,224.946,12
07.10.2024 13:53:43.000,224.916,224.916,224.897,224.897,36
07.10.2024 13:53:44.000,224.897,224.897,224.897,224.897,12
07.10.2024 13:53:45.000,224.886,224.887,224.876,224.876,48
07.10.2024 13:53:47.000,224.876,224.876,224.876,224.876,12
07.10.2024 13:53:48.000,224.876,224.876,224.876,224.876,12
07.10.2024 13:53:49.000,224.867,224.867,224.867,224.867,24
07.10.2024 13:53:50.000,224.877,224.877,224.876,224.876,24
07.10.2024 13:53:51.000,224.887,224.887,224.877,224.877,24
07.10.2024 13:53:52.000,224.896,224.896,224.896,224.896,12
07.10.2024 13:53:53.000,224.876,224.917,224.876,224.907,108
07.10.2024 13:53:54.000,224.916,224.916,224.906,224.906,24
07.10.2024 13:53:55.000,224.917,224.917,224.906,224.906,48
07.10.2024 13:53:58.000,224.926,224.926,224.926,224.926,12
07.10.2024 13:53:59.000,224.907,224.907,224.907,224.907,12
07.10.2024 13:54:00.000,224.887,224.887,224.887,224.887,12
07.10.2024 13:54:01.000,224.916,224.916,224.916,224.916,12
07.10.2024 13:54:02.000,224.886,224.886,224.886,224.886,12
07.10.2024 13:54:03.000,224.896,224.917,224.896,224.917,24
07.10.2024 13:54:04.000,224.926,224.947,224.926,224.927,36
07.10.2024 13:54:05.000,224.937,224.937,224.926,224.927,48
07.10.2024 13:54:06.000,224.926,224.937,224.926,224.937,48
07.10.2024 13:54:07.000,224.926,224.926,224.926,224.926,12
07.10.2024 13:54:08.000,224.916,224.917,224.916,224.917,24
07.10.2024 13:54:09.000,224.937,224.966,224.937,224.966,48
07.10.2024 13:54:10.000,224.957,224.957,224.896,224.896,48
07.10.2024 13:54:11.000,224.887,224.887,224.827,224.827,72
07.10.2024 13:54:12.000,224.837,224.837,224.827,224.827,24
07.10.2024 13:54:13.000,224.826,224.826,224.826,224.826,12
07.10.2024 13:54:14.000,224.816,224.816,224.807,224.807,60
07.10.2024 13:54:15.000,224.806,224.806,224.806,224.806,12
07.10.2024 13:54:16.000,224.766,224.766,224.766,224.766,24
07.10.2024 13:54:17.000,224.747,224.747,224.746,224.747,36
07.10.2024 13:54:18.000,224.736,224.747,224.726,224.726,60
07.10.2024 13:54:19.000,224.737,224.737,224.737,224.737,24
07.10.2024 13:54:20.000,224.726,224.746,224.726,224.746,24
07.10.2024 13:54:21.000,224.756,224.756,224.747,224.756,36
07.10.2024 13:54:23.000,224.746,224.747,224.746,224.747,36
07.10.2024 13:54:24.000,224.747,224.747,224.747,224.747,24
07.10.2024 13:54:25.000,224.737,224.747,224.737,224.747,24
07.10.2024 13:54:26.000,224.747,224.777,224.747,224.766,36
07.10.2024 13:54:27.000,224.767,224.767,224.766,224.766,24
07.10.2024 13:54:30.000,224.786,224.786,224.786,224.786,12
07.10.2024 13:54:31.000,224.776,224.776,224.776,224.776,24
07.10.2024 13:54:32.000,224.787,224.826,224.787,224.816,60
07.10.2024 13:54:33.000,224.797,224.797,224.796,224.796,24
07.10.2024 13:54:34.000,224.816,224.816,224.816,224.816,12
07.10.2024 13:54:35.000,224.816,224.817,224.816,224.817,36
07.10.2024 13:54:36.000,224.816,224.816,224.796,224.796,36
07.10.2024 13:54:38.000,224.796,224.796,224.786,224.796,48
07.10.2024 13:54:39.000,224.797,224.797,224.787,224.787,36
07.10.2024 13:54:41.000,224.787,224.787,224.787,224.787,12
07.10.2024 13:54:45.000,224.786,224.826,224.786,224.816,48
07.10.2024 13:54:46.000,224.806,224.806,224.806,224.806,24
07.10.2024 13:54:47.000,224.797,224.797,224.786,224.786,36
07.10.2024 13:54:48.000,224.807,224.816,224.806,224.816,48
07.10.2024 13:54:49.000,224.816,224.816,224.816,224.816,24
07.10.2024 13:54:50.000,224.827,224.837,224.816,224.816,36
07.10.2024 13:54:51.000,224.826,224.826,224.826,224.826,12
07.10.2024 13:54:53.000,224.807,224.807,224.807,224.807,12
07.10.2024 13:54:54.000,224.827,224.856,224.827,224.856,36
07.10.2024 13:54:56.000,224.847,224.847,224.836,224.836,36
07.10.2024 13:54:57.000,224.827,224.827,224.826,224.826,24
07.10.2024 13:54:58.000,224.836,224.836,224.836,224.836,12
07.10.2024 13:54:59.000,224.826,224.826,224.826,224.826,24
07.10.2024 13:55:00.000,224.856,224.856,224.847,224.847,36
07.10.2024 13:55:01.000,224.877,224.877,224.856,224.856,48
07.10.2024 13:55:02.000,224.846,224.847,224.836,224.846,84.00000000000001
07.10.2024 13:55:03.000,224.847,224.887,224.847,224.887,36
07.10.2024 13:55:04.000,224.877,224.877,224.877,224.877,12
07.10.2024 13:55:05.000,224.886,224.886,224.886,224.886,12
07.10.2024 13:55:07.000,224.867,224.867,224.867,224.867,12
07.10.2024 13:55:08.000,224.867,224.956,224.867,224.927,96
07.10.2024 13:55:09.000,224.927,224.957,224.927,224.957,96
07.10.2024 13:55:10.000,224.957,224.957,224.946,224.947,72
07.10.2024 13:55:11.000,224.966,224.966,224.966,224.966,12
07.10.2024 13:55:12.000,224.996,224.996,224.986,224.986,36
07.10.2024 13:55:13.000,224.987,224.987,224.987,224.987,36
07.10.2024 13:55:14.000,224.976,225.007,224.976,225.007,24
07.10.2024 13:55:15.000,225.017,225.026,225.006,225.007,48
07.10.2024 13:55:16.000,225.036,225.036,225.036,225.036,12
07.10.2024 13:55:17.000,225.016,225.037,225.016,225.037,36
07.10.2024 13:55:18.000,225.027,225.046,225.027,225.027,36
07.10.2024 13:55:19.000,225.047,225.047,225.026,225.046,36
07.10.2024 13:55:20.000,225.056,225.056,225.056,225.056,12
07.10.2024 13:55:22.000,225.106,225.106,225.106,225.106,12
07.10.2024 13:55:23.000,225.106,225.106,225.106,225.106,12
07.10.2024 13:55:24.000,225.126,225.126,225.106,225.106,24
07.10.2024 13:55:26.000,225.087,225.107,225.087,225.087,60
07.10.2024 13:55:27.000,225.097,225.097,225.086,225.086,24
07.10.2024 13:55:28.000,225.086,225.086,225.086,225.086,12
07.10.2024 13:55:30.000,225.096,225.096,225.096,225.096,12
07.10.2024 13:55:31.000,225.097,225.117,225.097,225.117,24
07.10.2024 13:55:33.000,225.107,225.156,225.107,225.126,36
07.10.2024 13:55:34.000,225.117,225.117,225.117,225.117,12
07.10.2024 13:55:37.000,225.107,225.107,225.097,225.097,48
07.10.2024 13:55:38.000,225.096,225.096,225.096,225.096,12
07.10.2024 13:55:39.000,225.107,225.107,225.097,225.097,48
07.10.2024 13:55:40.000,225.106,225.106,225.096,225.096,36
07.10.2024 13:55:41.000,225.136,225.136,225.136,225.136,24
07.10.2024 13:55:42.000,225.137,225.147,225.136,225.147,36
07.10.2024 13:55:43.000,225.136,225.136,225.136,225.136,12
07.10.2024 13:55:45.000,225.157,225.157,225.136,225.146,60
07.10.2024 13:55:46.000,225.166,225.166,225.137,225.137,48
07.10.2024 13:55:47.000,225.136,225.136,225.136,225.136,12
07.10.2024 13:55:48.000,225.136,225.147,225.136,225.147,24
07.10.2024 13:55:49.000,225.146,225.146,225.127,225.127,24
07.10.2024 13:55:50.000,225.146,225.146,225.146,225.146,24
07.10.2024 13:55:51.000,225.196,225.196,225.196,225.196,12
07.10.2024 13:55:52.000,225.186,225.206,225.186,225.187,60
07.10.2024 13:55:53.000,225.176,225.176,225.136,225.136,60
07.10.2024 13:55:54.000,225.137,225.137,225.126,225.126,24
07.10.2024 13:55:55.000,225.136,225.136,225.127,225.127,24
07.10.2024 13:55:57.000,225.137,225.137,225.126,225.126,24
07.10.2024 13:55:58.000,225.136,225.146,225.136,225.136,48
07.10.2024 13:56:00.000,225.157,225.157,225.127,225.127,84.00000000000001
07.10.2024 13:56:01.000,225.147,225.166,225.146,225.146,60
07.10.2024 13:56:02.000,225.157,225.157,225.147,225.147,36
07.10.2024 13:56:03.000,225.157,225.157,225.157,225.157,24
07.10.2024 13:56:04.000,225.167,225.167,225.147,225.147,36
07.10.2024 13:56:05.000,225.147,225.147,225.096,225.106,36
07.10.2024 13:56:06.000,225.097,225.097,225.056,225.056,60
07.10.2024 13:56:07.000,225.057,225.057,225.006,225.006,96
07.10.2024 13:56:08.000,225.006,225.006,224.927,224.927,48
07.10.2024 13:56:09.000,224.906,224.936,224.906,224.936,36
07.10.2024 13:56:10.000,224.906,224.907,224.906,224.907,24
07.10.2024 13:56:11.000,224.897,224.946,224.897,224.937,48
07.10.2024 13:56:12.000,224.946,224.946,224.946,224.946,12
07.10.2024 13:56:13.000,224.966,224.966,224.966,224.966,24
07.10.2024 13:56:14.000,224.966,224.966,224.966,224.966,12
07.10.2024 13:56:15.000,225.007,225.027,225.007,225.017,36
07.10.2024 13:56:16.000,225.006,225.006,225.006,225.006,12
07.10.2024 13:56:19.000,225.007,225.007,225.007,225.007,12
07.10.2024 13:56:20.000,225.007,225.007,225.007,225.007,12
07.10.2024 13:56:21.000,225.037,225.047,225.037,225.047,24
07.10.2024 13:56:22.000,225.006,225.017,225.006,225.006,36
07.10.2024 13:56:23.000,225.046,225.047,225.046,225.047,24
07.10.2024 13:56:24.000,225.067,225.067,225.046,225.046,36
07.10.2024 13:56:25.000,225.046,225.047,225.046,225.047,24
07.10.2024 13:56:27.000,225.066,225.066,225.047,225.047,24
07.10.2024 13:56:28.000,225.046,225.046,225.046,225.046,12
07.10.2024 13:56:29.000,225.047,225.047,225.047,225.047,12
07.10.2024 13:56:30.000,225.077,225.077,225.077,225.077,36
07.10.2024 13:56:31.000,225.057,225.057,225.057,225.057,24
07.10.2024 13:56:33.000,225.037,225.086,225.036,225.086,48
07.10.2024 13:56:34.000,225.077,225.077,225.066,225.066,24
07.10.2024 13:56:35.000,225.066,225.077,225.057,225.067,72
07.10.2024 13:56:36.000,225.097,225.097,225.076,225.076,48
07.10.2024 13:56:37.000,225.106,225.106,225.106,225.106,12
07.10.2024 13:56:38.000,225.116,225.136,225.116,225.126,60
07.10.2024 13:56:39.000,225.166,225.167,225.136,225.137,84.00000000000001
07.10.2024 13:56:40.000,225.166,225.166,225.166,225.166,12
07.10.2024 13:56:42.000,225.186,225.197,225.186,225.197,36
07.10.2024 13:56:43.000,225.176,225.176,225.176,225.176,12
07.10.2024 13:56:44.000,225.146,225.176,225.146,225.176,24
07.10.2024 13:56:45.000,225.186,225.186,225.177,225.177,24
07.10.2024 13:56:47.000,225.177,225.177,225.146,225.147,36
07.10.2024 13:56:48.000,225.156,225.207,225.156,225.187,72
07.10.2024 13:56:49.000,225.207,225.207,225.196,225.196,24
07.10.2024 13:56:50.000,225.216,225.217,225.216,225.217,24
07.10.2024 13:56:51.000,225.196,225.237,225.196,225.226,48
07.10.2024 13:56:52.000,225.226,225.226,225.186,225.186,48
07.10.2024 13:56:53.000,225.187,225.197,225.187,225.197,24
07.10.2024 13:56:56.000,225.206,225.207,225.196,225.196,36
07.10.2024 13:56:57.000,225.207,225.207,225.207,225.207,24
07.10.2024 13:56:58.000,225.197,225.206,225.196,225.196,36
07.10.2024 13:56:59.000,225.197,225.207,225.197,225.197,36
07.10.2024 13:57:00.000,225.177,225.177,225.146,225.147,72
07.10.2024 13:57:01.000,225.157,225.176,225.156,225.156,48
07.10.2024 13:57:02.000,225.157,225.157,225.146,225.146,24
07.10.2024 13:57:03.000,225.107,225.107,225.086,225.086,72
07.10.2024 13:57:04.000,225.087,225.097,225.087,225.097,24
07.10.2024 13:57:05.000,225.096,225.106,225.096,225.096,36
07.10.2024 13:57:09.000,225.087,225.087,225.087,225.087,12
07.10.2024 13:57:10.000,225.106,225.126,225.106,225.126,24
07.10.2024 13:57:11.000,225.136,225.136,225.117,225.117,48
07.10.2024 13:57:12.000,225.106,225.107,225.106,225.107,24
07.10.2024 13:57:13.000,225.137,225.137,225.106,225.106,48
07.10.2024 13:57:14.000,225.106,225.107,225.106,225.107,24
07.10.2024 13:57:15.000,225.106,225.116,225.106,225.107,60
07.10.2024 13:57:17.000,225.137,225.137,225.106,225.106,24
07.10.2024 13:57:18.000,225.127,225.127,225.107,225.107,24
07.10.2024 13:57:19.000,225.107,225.137,225.107,225.137,72
07.10.2024 13:57:21.000,225.156,225.156,225.126,225.126,36
07.10.2024 13:57:24.000,225.107,225.107,225.107,225.107,24
07.10.2024 13:57:25.000,225.096,225.096,225.096,225.096,24
07.10.2024 13:57:27.000,225.127,225.127,225.127,225.127,12
07.10.2024 13:57:28.000,225.137,225.137,225.126,225.126,24
07.10.2024 13:57:31.000,225.137,225.137,225.126,225.126,24
07.10.2024 13:57:32.000,225.127,225.127,225.116,225.116,24
07.10.2024 13:57:33.000,225.117,225.127,225.116,225.127,48
07.10.2024 13:57:34.000,225.117,225.117,225.106,225.117,36
07.10.2024 13:57:35.000,225.106,225.116,225.096,225.096,60
07.10.2024 13:57:36.000,225.076,225.076,225.046,225.056,60
07.10.2024 13:57:38.000,225.047,225.077,225.047,225.077,48
07.10.2024 13:57:39.000,225.086,225.086,225.086,225.086,12
07.10.2024 13:57:40.000,225.097,225.097,225.066,225.077,60
07.10.2024 13:57:41.000,225.097,225.116,225.097,225.097,48
07.10.2024 13:57:42.000,225.097,225.097,225.097,225.097,12
07.10.2024 13:57:43.000,225.086,225.086,225.077,225.077,36
07.10.2024 13:57:44.000,225.076,225.076,225.076,225.076,12
07.10.2024 13:57:45.000,225.046,225.067,225.046,225.067,24
07.10.2024 13:57:46.000,225.056,225.056,225.026,225.026,36
07.10.2024 13:57:47.000,225.026,225.036,225.026,225.036,36
07.10.2024 13:57:49.000,225.037,225.037,225.037,225.037,24
07.10.2024 13:57:52.000,225.027,225.027,225.027,225.027,12
07.10.2024 13:57:53.000,225.027,225.036,225.027,225.036,24
07.10.2024 13:57:54.000,225.037,225.037,225.037,225.037,12
07.10.2024 13:57:55.000,225.036,225.036,225.036,225.036,12
07.10.2024 13:57:58.000,225.026,225.026,225.026,225.026,12
07.10.2024 13:57:59.000,225.026,225.037,225.007,225.007,48
07.10.2024 13:58:00.000,225.007,225.007,225.007,225.007,12
07.10.2024 13:58:01.000,225.007,225.007,224.996,224.996,24
07.10.2024 13:58:02.000,225.016,225.016,225.016,225.016,36
07.10.2024 13:58:03.000,225.007,225.007,224.987,224.987,36
07.10.2024 13:58:05.000,225.016,225.016,225.016,225.016,12
07.10.2024 13:58:06.000,224.986,224.986,224.976,224.976,24
07.10.2024 13:58:08.000,224.987,224.996,224.986,224.986,36
07.10.2024 13:58:09.000,225.006,225.006,224.997,224.997,24
07.10.2024 13:58:11.000,224.986,224.986,224.976,224.976,24
07.10.2024 13:58:12.000,224.977,224.977,224.977,224.977,12
07.10.2024 13:58:13.000,224.977,224.977,224.976,224.976,24
07.10.2024 13:58:15.000,224.986,224.986,224.986,224.986,12
07.10.2024 13:58:16.000,225.026,225.047,225.026,225.047,24
07.10.2024 13:58:17.000,225.067,225.067,225.046,225.047,36
07.10.2024 13:58:20.000,225.047,225.047,225.047,225.047,12
07.10.2024 13:58:21.000,225.096,225.117,225.096,225.117,48
07.10.2024 13:58:22.000,225.117,225.117,225.076,225.076,36
07.10.2024 13:58:23.000,225.057,225.057,225.046,225.046,24
07.10.2024 13:58:24.000,225.027,225.027,225.027,225.027,12
07.10.2024 13:58:25.000,225.046,225.057,225.027,225.057,48
07.10.2024 13:58:26.000,225.077,225.086,225.077,225.086,36
07.10.2024 13:58:27.000,225.076,225.076,225.076,225.076,12
07.10.2024 13:58:28.000,225.107,225.107,225.096,225.096,24
07.10.2024 13:58:30.000,225.077,225.097,225.076,225.097,48
07.10.2024 13:58:31.000,225.107,225.107,225.107,225.107,12
07.10.2024 13:58:32.000,225.086,225.086,225.086,225.086,24
07.10.2024 13:58:33.000,225.077,225.077,225.077,225.077,24
07.10.2024 13:58:34.000,225.107,225.107,225.096,225.096,24
07.10.2024 13:58:36.000,225.086,225.087,225.086,225.087,36
07.10.2024 13:58:37.000,225.086,225.086,225.086,225.086,12
07.10.2024 13:58:38.000,225.086,225.096,225.086,225.086,36
07.10.2024 13:58:39.000,225.086,225.087,225.086,225.087,24
07.10.2024 13:58:40.000,225.086,225.117,225.086,225.117,36
07.10.2024 13:58:41.000,225.127,225.127,225.127,225.127,12
07.10.2024 13:58:44.000,225.136,225.137,225.136,225.137,24
07.10.2024 13:58:46.000,225.146,225.146,225.146,225.146,12
07.10.2024 13:58:47.000,225.116,225.116,225.116,225.116,12
07.10.2024 13:58:48.000,225.116,225.116,225.116,225.116,12
07.10.2024 13:58:50.000,225.116,225.116,225.116,225.116,12
07.10.2024 13:58:52.000,225.116,225.116,225.116,225.116,12
07.10.2024 13:58:55.000,225.146,225.166,225.146,225.166,24
07.10.2024 13:58:56.000,225.176,225.176,225.157,225.157,36
07.10.2024 13:58:57.000,225.146,225.146,225.146,225.146,12
07.10.2024 13:58:58.000,225.136,225.136,225.126,225.126,36
07.10.2024 13:58:59.000,225.127,225.127,225.126,225.126,24
07.10.2024 13:59:01.000,225.116,225.137,225.116,225.137,48
07.10.2024 13:59:02.000,225.137,225.137,225.117,225.117,36
07.10.2024 13:59:03.000,225.117,225.117,225.116,225.117,48
07.10.2024 13:59:04.000,225.106,225.147,225.106,225.147,36
07.10.2024 13:59:05.000,225.136,225.136,225.136,225.136,12
07.10.2024 13:59:06.000,225.147,225.157,225.137,225.146,72
07.10.2024 13:59:07.000,225.147,225.156,225.137,225.137,48
07.10.2024 13:59:08.000,225.136,225.136,225.136,225.136,12
07.10.2024 13:59:09.000,225.146,225.146,225.137,225.137,24
07.10.2024 13:59:10.000,225.136,225.147,225.136,225.137,36
07.10.2024 13:59:11.000,225.146,225.147,225.137,225.137,48
07.10.2024 13:59:12.000,225.126,225.126,225.117,225.117,36
07.10.2024 13:59:13.000,225.117,225.136,225.116,225.127,60
07.10.2024 13:59:14.000,225.137,225.137,225.116,225.116,24
07.10.2024 13:59:15.000,225.106,225.106,225.047,225.057,84.00000000000001
07.10.2024 13:59:16.000,225.046,225.066,225.046,225.066,24
07.10.2024 13:59:17.000,225.057,225.057,225.027,225.046,60
07.10.2024 13:59:18.000,225.037,225.037,225.036,225.036,48
07.10.2024 13:59:19.000,225.027,225.027,225.006,225.016,60
07.10.2024 13:59:20.000,225.026,225.026,225.026,225.026,12
07.10.2024 13:59:21.000,225.036,225.076,225.036,225.076,60
07.10.2024 13:59:22.000,225.047,225.047,225.047,225.047,24
07.10.2024 13:59:23.000,225.037,225.037,225.026,225.036,36
07.10.2024 13:59:25.000,225.026,225.046,225.026,225.046,24
07.10.2024 13:59:26.000,225.046,225.046,225.046,225.046,12
07.10.2024 13:59:27.000,225.067,225.076,225.067,225.076,36
07.10.2024 13:59:28.000,225.067,225.067,225.067,225.067,24
07.10.2024 13:59:29.000,225.046,225.046,225.046,225.046,12
07.10.2024 13:59:31.000,225.056,225.056,225.056,225.056,12
07.10.2024 13:59:32.000,225.056,225.057,225.016,225.016,84.00000000000001
07.10.2024 13:59:33.000,225.017,225.017,224.996,224.996,60
07.10.2024 13:59:34.000,224.996,225.037,224.996,225.036,36
07.10.2024 13:59:36.000,225.036,225.036,225.036,225.036,12
07.10.2024 13:59:37.000,225.036,225.037,225.036,225.037,24
07.10.2024 13:59:39.000,225.046,225.046,225.037,225.037,24
07.10.2024 13:59:41.000,225.037,225.047,225.036,225.036,72
07.10.2024 13:59:42.000,225.037,225.037,225.037,225.037,12
07.10.2024 13:59:43.000,225.047,225.047,225.046,225.046,24
07.10.2024 13:59:44.000,225.046,225.046,225.046,225.046,12
07.10.2024 13:59:45.000,225.037,225.046,225.036,225.036,48
07.10.2024 13:59:46.000,225.037,225.037,225.037,225.037,12
07.10.2024 13:59:47.000,225.037,225.037,225.016,225.036,60
07.10.2024 13:59:48.000,225.026,225.037,225.026,225.036,48
07.10.2024 13:59:49.000,225.016,225.037,225.016,225.027,48
07.10.2024 13:59:50.000,225.027,225.046,225.027,225.046,36
07.10.2024 13:59:51.000,225.056,225.056,225.056,225.056,12
07.10.2024 13:59:52.000,225.057,225.057,225.057,225.057,36
07.10.2024 13:59:53.000,225.067,225.076,225.067,225.076,36
07.10.2024 13:59:54.000,225.076,225.076,225.076,225.076,12
07.10.2024 13:59:55.000,225.087,225.087,225.077,225.077,48
07.10.2024 13:59:57.000,225.066,225.067,225.057,225.067,36
07.10.2024 13:59:58.000,225.056,225.056,225.046,225.046,36
07.10.2024 13:59:59.000,225.066,225.066,225.026,225.026,36
07.10.2024 14:00:00.000,225.016,225.017,224.997,225.007,84.00000000000001
07.10.2024 14:00:01.000,225.006,225.047,225.006,225.036,96
07.10.2024 14:00:02.000,225.056,225.066,225.056,225.057,36
07.10.2024 14:00:04.000,225.067,225.067,225.067,225.067,12
07.10.2024 14:00:05.000,225.067,225.067,225.067,225.067,12
07.10.2024 14:00:07.000,225.046,225.046,225.046,225.046,24
07.10.2024 14:00:08.000,225.067,225.067,225.067,225.067,12
07.10.2024 14:00:09.000,225.047,225.047,225.026,225.026,36
07.10.2024 14:00:10.000,225.056,225.056,225.026,225.046,96
07.10.2024 14:00:11.000,225.057,225.097,225.047,225.087,96
07.10.2024 14:00:12.000,225.087,225.087,225.077,225.077,36
07.10.2024 14:00:13.000,225.087,225.096,225.087,225.087,36
07.10.2024 14:00:14.000,225.086,225.097,225.086,225.087,36
07.10.2024 14:00:15.000,225.097,225.097,225.086,225.097,36
07.10.2024 14:00:16.000,225.087,225.117,225.087,225.107,36
07.10.2024 14:00:17.000,225.117,225.117,225.117,225.117,12
07.10.2024 14:00:18.000,225.106,225.106,225.106,225.106,12
07.10.2024 14:00:19.000,225.116,225.116,225.116,225.116,12
07.10.2024 14:00:20.000,225.137,225.137,225.096,225.107,36
07.10.2024 14:00:21.000,225.116,225.137,225.107,225.127,72
07.10.2024 14:00:22.000,225.106,225.106,225.096,225.097,48
07.10.2024 14:00:24.000,225.096,225.096,225.046,225.046,36
07.10.2024 14:00:25.000,225.056,225.057,225.056,225.057,24
07.10.2024 14:00:26.000,225.076,225.096,225.056,225.087,72
07.10.2024 14:00:27.000,225.087,225.087,225.087,225.087,12
07.10.2024 14:00:28.000,225.076,225.076,225.076,225.076,12
07.10.2024 14:00:29.000,225.087,225.087,225.026,225.027,84.00000000000001
07.10.2024 14:00:30.000,225.037,225.056,225.037,225.056,48
07.10.2024 14:00:31.000,225.017,225.017,225.017,225.017,12
07.10.2024 14:00:32.000,225.027,225.047,225.027,225.037,108
07.10.2024 14:00:33.000,225.026,225.036,225.026,225.036,24
07.10.2024 14:00:34.000,225.057,225.067,225.057,225.067,36
07.10.2024 14:00:35.000,225.067,225.096,225.067,225.096,24
07.10.2024 14:00:36.000,225.067,225.067,225.067,225.067,12
07.10.2024 14:00:37.000,225.077,225.077,225.076,225.076,24
07.10.2024 14:00:39.000,225.136,225.176,225.136,225.167,48
07.10.2024 14:00:40.000,225.166,225.166,225.166,225.166,24
07.10.2024 14:00:41.000,225.187,225.207,225.187,225.207,36
07.10.2024 14:00:42.000,225.217,225.226,225.217,225.217,48
07.10.2024 14:00:43.000,225.206,225.206,225.197,225.206,36
07.10.2024 14:00:44.000,225.197,225.216,225.197,225.216,36
07.10.2024 14:00:45.000,225.196,225.206,225.167,225.167,84.00000000000001
07.10.2024 14:00:46.000,225.157,225.157,225.136,225.136,48
07.10.2024 14:00:47.000,225.126,225.126,225.106,225.106,24
07.10.2024 14:00:48.000,225.116,225.157,225.116,225.136,60
07.10.2024 14:00:49.000,225.146,225.146,225.146,225.146,12
07.10.2024 14:00:50.000,225.137,225.146,225.137,225.146,24
07.10.2024 14:00:51.000,225.157,225.157,225.157,225.157,12
07.10.2024 14:00:52.000,225.157,225.157,225.146,225.146,36
07.10.2024 14:00:53.000,225.177,225.186,225.177,225.186,24
07.10.2024 14:00:54.000,225.166,225.166,225.166,225.166,24
07.10.2024 14:00:55.000,225.157,225.157,225.106,225.106,72
07.10.2024 14:00:56.000,225.117,225.147,225.117,225.147,24
07.10.2024 14:00:57.000,225.147,225.157,225.147,225.157,24
07.10.2024 14:01:00.000,225.167,225.167,225.167,225.167,12
07.10.2024 14:01:01.000,225.156,225.156,225.156,225.156,12
07.10.2024 14:01:03.000,225.166,225.166,225.166,225.166,12
07.10.2024 14:01:04.000,225.176,225.176,225.176,225.176,12
07.10.2024 14:01:05.000,225.167,225.167,225.137,225.137,48
07.10.2024 14:01:06.000,225.126,225.126,225.107,225.107,24
07.10.2024 14:01:08.000,225.117,225.127,225.107,225.117,72
07.10.2024 14:01:09.000,225.097,225.117,225.097,225.117,48
07.10.2024 14:01:10.000,225.126,225.126,225.096,225.096,48
07.10.2024 14:01:11.000,225.096,225.106,225.096,225.106,60
07.10.2024 14:01:12.000,225.096,225.096,225.096,225.096,12
07.10.2024 14:01:13.000,225.086,225.086,225.056,225.056,24
07.10.2024 14:01:14.000,225.076,225.076,225.076,225.076,12
07.10.2024 14:01:15.000,225.097,225.097,225.086,225.097,60
07.10.2024 14:01:16.000,225.086,225.087,225.076,225.087,36
07.10.2024 14:01:17.000,225.086,225.097,225.086,225.097,36
07.10.2024 14:01:18.000,225.086,225.097,225.086,225.097,36
07.10.2024 14:01:19.000,225.117,225.137,225.106,225.137,60
07.10.2024 14:01:20.000,225.167,225.167,225.156,225.166,84.00000000000001
07.10.2024 14:01:21.000,225.156,225.167,225.146,225.146,36
07.10.2024 14:01:22.000,225.136,225.136,225.126,225.126,36
07.10.2024 14:01:23.000,225.126,225.136,225.126,225.136,36
07.10.2024 14:01:24.000,225.146,225.146,225.107,225.107,60
07.10.2024 14:01:25.000,225.106,225.126,225.106,225.107,72
07.10.2024 14:01:26.000,225.107,225.107,225.067,225.067,72
07.10.2024 14:01:27.000,225.086,225.127,225.086,225.126,48
07.10.2024 14:01:28.000,225.126,225.127,225.126,225.127,48
07.10.2024 14:01:29.000,225.127,225.127,225.116,225.117,72
07.10.2024 14:01:30.000,225.126,225.127,225.126,225.127,24
07.10.2024 14:01:31.000,225.126,225.146,225.126,225.137,36
07.10.2024 14:01:32.000,225.127,225.127,225.126,225.126,24
07.10.2024 14:01:33.000,225.136,225.136,225.136,225.136,24
07.10.2024 14:01:34.000,225.147,225.187,225.136,225.187,48
07.10.2024 14:01:35.000,225.167,225.167,225.127,225.127,48
07.10.2024 14:01:36.000,225.126,225.127,225.126,225.127,24
07.10.2024 14:01:37.000,225.126,225.126,225.126,225.126,12
07.10.2024 14:01:38.000,225.116,225.116,225.116,225.116,12
07.10.2024 14:01:39.000,225.117,225.117,225.116,225.116,24
07.10.2024 14:01:40.000,225.157,225.157,225.146,225.146,24
07.10.2024 14:01:41.000,225.166,225.167,225.136,225.136,72
07.10.2024 14:01:42.000,225.127,225.127,225.127,225.127,36
07.10.2024 14:01:43.000,225.116,225.117,225.107,225.107,48
07.10.2024 14:01:44.000,225.096,225.096,225.087,225.087,24
07.10.2024 14:01:45.000,225.096,225.096,225.096,225.096,12
07.10.2024 14:01:49.000,225.087,225.087,225.087,225.087,12
07.10.2024 14:01:50.000,225.067,225.067,225.056,225.056,24
07.10.2024 14:01:51.000,225.077,225.077,225.077,225.077,12
07.10.2024 14:01:52.000,225.066,225.066,225.066,225.066,12
07.10.2024 14:01:53.000,225.106,225.126,225.106,225.126,24
07.10.2024 14:01:54.000,225.137,225.137,225.136,225.136,24
07.10.2024 14:01:57.000,225.127,225.127,225.086,225.096,48
07.10.2024 14:01:58.000,225.087,225.087,225.087,225.087,12
07.10.2024 14:02:00.000,225.087,225.087,225.087,225.087,12
07.10.2024 14:02:01.000,225.116,225.116,225.116,225.116,12
07.10.2024 14:02:03.000,225.127,225.147,225.126,225.126,36
07.10.2024 14:02:04.000,225.147,225.147,225.127,225.127,36
07.10.2024 14:02:05.000,225.147,225.157,225.126,225.156,48
07.10.2024 14:02:07.000,225.156,225.156,225.156,225.156,12
07.10.2024 14:02:08.000,225.177,225.177,225.157,225.166,36
07.10.2024 14:02:09.000,225.156,225.166,225.156,225.166,24
07.10.2024 14:02:10.000,225.157,225.157,225.157,225.157,24
07.10.2024 14:02:11.000,225.166,225.187,225.166,225.177,60
07.10.2024 14:02:12.000,225.166,225.166,225.166,225.166,12
07.10.2024 14:02:13.000,225.187,225.187,225.187,225.187,12
07.10.2024 14:02:14.000,225.166,225.166,225.146,225.146,24
07.10.2024 14:02:15.000,225.127,225.127,225.126,225.126,36
07.10.2024 14:02:17.000,225.097,225.097,225.097,225.097,12
07.10.2024 14:02:18.000,225.077,225.077,225.077,225.077,12
07.10.2024 14:02:19.000,225.076,225.076,225.057,225.066,36
07.10.2024 14:02:20.000,225.076,225.076,225.076,225.076,12
07.10.2024 14:02:21.000,225.087,225.087,225.076,225.076,24
07.10.2024 14:02:22.000,225.107,225.107,225.096,225.097,48
07.10.2024 14:02:23.000,225.117,225.117,225.106,225.106,24
07.10.2024 14:02:24.000,225.116,225.126,225.116,225.126,24
07.10.2024 14:02:25.000,225.117,225.146,225.117,225.146,60
07.10.2024 14:02:26.000,225.147,225.147,225.127,225.127,24
07.10.2024 14:02:27.000,225.127,225.127,225.106,225.106,24
07.10.2024 14:02:28.000,225.127,225.127,225.107,225.126,36
07.10.2024 14:02:29.000,225.136,225.137,225.136,225.137,24
07.10.2024 14:02:30.000,225.127,225.127,225.127,225.127,12
07.10.2024 14:02:31.000,225.136,225.156,225.136,225.156,36
07.10.2024 14:02:32.000,225.176,225.176,225.147,225.147,36
07.10.2024 14:02:34.000,225.156,225.166,225.156,225.157,48
07.10.2024 14:02:35.000,225.156,225.156,225.156,225.156,12
07.10.2024 14:02:37.000,225.167,225.167,225.156,225.156,24
07.10.2024 14:02:38.000,225.167,225.167,225.167,225.167,24
07.10.2024 14:02:39.000,225.196,225.196,225.196,225.196,12
07.10.2024 14:02:40.000,225.197,225.197,225.197,225.197,12
07.10.2024 14:02:41.000,225.206,225.206,225.206,225.206,12
07.10.2024 14:02:42.000,225.196,225.196,225.196,225.196,12
07.10.2024 14:02:43.000,225.217,225.217,225.217,225.217,12
07.10.2024 14:02:44.000,225.227,225.227,225.227,225.227,12
07.10.2024 14:02:45.000,225.217,225.217,225.217,225.217,12
07.10.2024 14:02:46.000,225.186,225.206,225.186,225.197,36
07.10.2024 14:02:47.000,225.207,225.226,225.197,225.226,36
07.10.2024 14:02:48.000,225.206,225.216,225.206,225.216,24
07.10.2024 14:02:49.000,225.227,225.227,225.227,225.227,12
07.10.2024 14:02:51.000,225.227,225.227,225.227,225.227,24
07.10.2024 14:02:52.000,225.236,225.236,225.236,225.236,12
07.10.2024 14:02:54.000,225.257,225.257,225.257,225.257,24
07.10.2024 14:02:55.000,225.236,225.237,225.236,225.237,24
07.10.2024 14:02:56.000,225.237,225.237,225.237,225.237,24
07.10.2024 14:02:58.000,225.236,225.236,225.236,225.236,12
07.10.2024 14:02:59.000,225.237,225.246,225.236,225.236,36
07.10.2024 14:03:00.000,225.227,225.227,225.216,225.216,24
07.10.2024 14:03:01.000,225.226,225.226,225.216,225.216,36
07.10.2024 14:03:02.000,225.217,225.217,225.217,225.217,12
07.10.2024 14:03:03.000,225.186,225.186,225.186,225.186,12
07.10.2024 14:03:05.000,225.197,225.206,225.186,225.187,48
07.10.2024 14:03:06.000,225.197,225.197,225.186,225.186,24
07.10.2024 14:03:07.000,225.197,225.217,225.197,225.217,36
07.10.2024 14:03:08.000,225.226,225.226,225.216,225.216,36
07.10.2024 14:03:09.000,225.236,225.296,225.236,225.266,60
07.10.2024 14:03:11.000,225.296,225.306,225.277,225.306,48
07.10.2024 14:03:12.000,225.307,225.317,225.306,225.306,72
07.10.2024 14:03:13.000,225.306,225.326,225.306,225.316,48
07.10.2024 14:03:14.000,225.327,225.327,225.327,225.327,12
07.10.2024 14:03:17.000,225.346,225.356,225.337,225.337,60
07.10.2024 14:03:18.000,225.326,225.327,225.307,225.327,48
07.10.2024 14:03:19.000,225.347,225.357,225.347,225.357,24
07.10.2024 14:03:20.000,225.366,225.366,225.306,225.306,48
07.10.2024 14:03:21.000,225.296,225.296,225.267,225.277,60
07.10.2024 14:03:22.000,225.266,225.266,225.247,225.257,36
07.10.2024 14:03:24.000,225.277,225.277,225.276,225.276,24
07.10.2024 14:03:26.000,225.257,225.257,225.206,225.217,60
07.10.2024 14:03:27.000,225.207,225.237,225.207,225.227,48
07.10.2024 14:03:28.000,225.236,225.236,225.216,225.226,36
07.10.2024 14:03:29.000,225.217,225.236,225.217,225.236,24
07.10.2024 14:03:30.000,225.237,225.257,225.237,225.256,60
07.10.2024 14:03:31.000,225.276,225.276,225.256,225.256,24
07.10.2024 14:03:32.000,225.286,225.286,225.247,225.247,36
07.10.2024 14:03:33.000,225.266,225.266,225.246,225.256,36
07.10.2024 14:03:34.000,225.247,225.257,225.246,225.257,48
07.10.2024 14:03:35.000,225.287,225.287,225.287,225.287,12
07.10.2024 14:03:37.000,225.286,225.306,225.286,225.306,24
07.10.2024 14:03:38.000,225.327,225.327,225.306,225.316,36
07.10.2024 14:03:39.000,225.286,225.317,225.286,225.317,48
07.10.2024 14:03:40.000,225.336,225.336,225.336,225.336,12
07.10.2024 14:03:42.000,225.347,225.347,225.307,225.307,24
07.10.2024 14:03:43.000,225.316,225.346,225.316,225.346,24
07.10.2024 14:03:44.000,225.347,225.347,225.307,225.307,48
07.10.2024 14:03:45.000,225.296,225.296,225.287,225.296,36
07.10.2024 14:03:46.000,225.307,225.316,225.307,225.316,24
07.10.2024 14:03:47.000,225.327,225.327,225.327,225.327,12
07.10.2024 14:03:50.000,225.316,225.316,225.316,225.316,12
07.10.2024 14:03:51.000,225.337,225.337,225.336,225.336,48
07.10.2024 14:03:52.000,225.317,225.317,225.306,225.306,48
07.10.2024 14:03:53.000,225.307,225.307,225.307,225.307,12
07.10.2024 14:03:54.000,225.306,225.306,225.306,225.306,12
07.10.2024 14:03:55.000,225.286,225.286,225.256,225.256,36
07.10.2024 14:03:56.000,225.267,225.267,225.256,225.267,48
07.10.2024 14:03:57.000,225.246,225.266,225.246,225.246,36
07.10.2024 14:03:58.000,225.247,225.257,225.247,225.257,24
07.10.2024 14:03:59.000,225.287,225.287,225.287,225.287,12
07.10.2024 14:04:00.000,225.296,225.296,225.286,225.286,36
07.10.2024 14:04:01.000,225.316,225.316,225.316,225.316,12
07.10.2024 14:04:02.000,225.346,225.347,225.326,225.346,48
07.10.2024 14:04:03.000,225.376,225.397,225.376,225.376,60
07.10.2024 14:04:04.000,225.387,225.406,225.377,225.406,36
07.10.2024 14:04:05.000,225.377,225.377,225.377,225.377,24
07.10.2024 14:04:06.000,225.377,225.377,225.377,225.377,12
07.10.2024 14:04:07.000,225.416,225.416,225.376,225.376,36
07.10.2024 14:04:08.000,225.376,225.407,225.376,225.376,60
07.10.2024 14:04:09.000,225.367,225.367,225.366,225.366,36
07.10.2024 14:04:10.000,225.396,225.396,225.387,225.387,24
07.10.2024 14:04:11.000,225.397,225.397,225.387,225.387,24
07.10.2024 14:04:12.000,225.376,225.376,225.376,225.376,12
07.10.2024 14:04:13.000,225.387,225.396,225.387,225.396,24
07.10.2024 14:04:14.000,225.407,225.407,225.407,225.407,12
07.10.2024 14:04:16.000,225.376,225.377,225.366,225.377,36
07.10.2024 14:04:17.000,225.376,225.396,225.376,225.377,60
07.10.2024 14:04:18.000,225.387,225.387,225.377,225.377,24
07.10.2024 14:04:19.000,225.386,225.386,225.386,225.386,12
07.10.2024 14:04:20.000,225.407,225.407,225.396,225.396,48
07.10.2024 14:04:21.000,225.387,225.396,225.387,225.396,24
07.10.2024 14:04:22.000,225.407,225.407,225.407,225.407,12
07.10.2024 14:04:23.000,225.387,225.387,225.387,225.387,12
07.10.2024 14:04:24.000,225.386,225.386,225.386,225.386,12
07.10.2024 14:04:25.000,225.377,225.377,225.377,225.377,12
07.10.2024 14:04:26.000,225.357,225.366,225.356,225.356,48
07.10.2024 14:04:27.000,225.386,225.397,225.376,225.376,48
07.10.2024 14:04:29.000,225.377,225.377,225.376,225.376,24
07.10.2024 14:04:30.000,225.376,225.387,225.376,225.387,48
07.10.2024 14:04:31.000,225.377,225.377,225.357,225.357,36
07.10.2024 14:04:32.000,225.356,225.356,225.356,225.356,12
07.10.2024 14:04:33.000,225.386,225.387,225.386,225.387,24
07.10.2024 14:04:35.000,225.406,225.406,225.396,225.396,24
07.10.2024 14:04:36.000,225.386,225.386,225.386,225.386,12
07.10.2024 14:04:37.000,225.377,225.377,225.366,225.366,48
07.10.2024 14:04:38.000,225.377,225.396,225.377,225.377,48
07.10.2024 14:04:39.000,225.406,225.417,225.376,225.417,60
07.10.2024 14:04:40.000,225.406,225.406,225.376,225.376,60
07.10.2024 14:04:41.000,225.416,225.416,225.407,225.407,24
07.10.2024 14:04:42.000,225.427,225.427,225.396,225.396,24
07.10.2024 14:04:43.000,225.397,225.397,225.397,225.397,12
07.10.2024 14:04:44.000,225.396,225.426,225.396,225.426,24
07.10.2024 14:04:45.000,225.396,225.396,225.396,225.396,12
07.10.2024 14:04:46.000,225.397,225.397,225.397,225.397,12
07.10.2024 14:04:47.000,225.376,225.396,225.376,225.396,60
07.10.2024 14:04:48.000,225.397,225.397,225.397,225.397,12
07.10.2024 14:04:49.000,225.387,225.387,225.357,225.376,60
07.10.2024 14:04:50.000,225.376,225.397,225.376,225.377,36
07.10.2024 14:04:51.000,225.377,225.397,225.377,225.397,24
07.10.2024 14:04:52.000,225.377,225.377,225.356,225.357,72
07.10.2024 14:04:53.000,225.347,225.347,225.347,225.347,24
07.10.2024 14:04:54.000,225.347,225.356,225.307,225.307,48
07.10.2024 14:04:55.000,225.337,225.337,225.316,225.326,36
07.10.2024 14:04:57.000,225.337,225.356,225.327,225.356,36
07.10.2024 14:04:58.000,225.366,225.366,225.366,225.366,12
07.10.2024 14:04:59.000,225.366,225.416,225.366,225.416,36
07.10.2024 14:05:00.000,225.386,225.406,225.386,225.386,60
07.10.2024 14:05:01.000,225.397,225.397,225.356,225.357,60
07.10.2024 14:05:02.000,225.386,225.386,225.366,225.366,36
07.10.2024 14:05:03.000,225.367,225.377,225.367,225.377,24
07.10.2024 14:05:04.000,225.377,225.377,225.377,225.377,12
07.10.2024 14:05:05.000,225.377,225.377,225.377,225.377,12
07.10.2024 14:05:06.000,225.396,225.396,225.396,225.396,12
07.10.2024 14:05:07.000,225.406,225.406,225.387,225.387,36
07.10.2024 14:05:08.000,225.386,225.406,225.386,225.387,36
07.10.2024 14:05:09.000,225.387,225.387,225.387,225.387,12
07.10.2024 14:05:12.000,225.387,225.387,225.387,225.387,12
07.10.2024 14:05:15.000,225.377,225.387,225.377,225.377,36
07.10.2024 14:05:17.000,225.416,225.416,225.377,225.406,36
07.10.2024 14:05:18.000,225.416,225.417,225.416,225.417,24
07.10.2024 14:05:19.000,225.426,225.427,225.407,225.407,60
07.10.2024 14:05:20.000,225.406,225.457,225.406,225.457,60
07.10.2024 14:05:21.000,225.446,225.446,225.446,225.446,12
07.10.2024 14:05:23.000,225.466,225.517,225.466,225.496,96
07.10.2024 14:05:24.000,225.497,225.497,225.486,225.496,60
07.10.2024 14:05:25.000,225.517,225.517,225.487,225.497,60
07.10.2024 14:05:26.000,225.487,225.487,225.436,225.447,84.00000000000001
07.10.2024 14:05:27.000,225.437,225.437,225.406,225.416,60
07.10.2024 14:05:28.000,225.407,225.407,225.407,225.407,12
07.10.2024 14:05:29.000,225.406,225.406,225.406,225.406,12
07.10.2024 14:05:30.000,225.416,225.416,225.416,225.416,12
07.10.2024 14:05:31.000,225.407,225.407,225.407,225.407,12
07.10.2024 14:05:33.000,225.416,225.416,225.416,225.416,12
07.10.2024 14:05:34.000,225.406,225.406,225.387,225.387,48
07.10.2024 14:05:35.000,225.387,225.387,225.356,225.356,36
07.10.2024 14:05:36.000,225.346,225.346,225.316,225.316,84.00000000000001
07.10.2024 14:05:37.000,225.327,225.347,225.327,225.347,36
07.10.2024 14:05:39.000,225.326,225.336,225.317,225.336,48
07.10.2024 14:05:40.000,225.357,225.367,225.356,225.356,36
07.10.2024 14:05:41.000,225.387,225.387,225.357,225.357,36
07.10.2024 14:05:43.000,225.386,225.396,225.386,225.396,24
07.10.2024 14:05:44.000,225.357,225.406,225.357,225.406,24
07.10.2024 14:05:45.000,225.397,225.397,225.376,225.376,24
07.10.2024 14:05:46.000,225.396,225.396,225.386,225.386,24
07.10.2024 14:05:49.000,225.377,225.416,225.377,225.406,36
07.10.2024 14:05:50.000,225.397,225.397,225.396,225.396,24
07.10.2024 14:05:51.000,225.427,225.436,225.427,225.427,36
07.10.2024 14:05:52.000,225.426,225.426,225.356,225.356,36
07.10.2024 14:05:54.000,225.387,225.387,225.376,225.376,24
07.10.2024 14:05:56.000,225.366,225.367,225.366,225.367,24
07.10.2024 14:05:57.000,225.387,225.407,225.387,225.397,72
07.10.2024 14:06:00.000,225.406,225.406,225.397,225.406,36
07.10.2024 14:06:01.000,225.376,225.397,225.376,225.397,36
07.10.2024 14:06:02.000,225.376,225.387,225.366,225.366,48
07.10.2024 14:06:03.000,225.356,225.356,225.336,225.336,48
07.10.2024 14:06:04.000,225.347,225.356,225.336,225.336,60
07.10.2024 14:06:05.000,225.327,225.337,225.327,225.327,36
07.10.2024 14:06:06.000,225.326,225.347,225.326,225.337,60
07.10.2024 14:06:07.000,225.357,225.357,225.347,225.347,24
07.10.2024 14:06:08.000,225.336,225.337,225.336,225.337,24
07.10.2024 14:06:09.000,225.327,225.327,225.297,225.297,60
07.10.2024 14:06:10.000,225.317,225.327,225.316,225.317,60
07.10.2024 14:06:11.000,225.326,225.326,225.316,225.326,60
07.10.2024 14:06:12.000,225.296,225.307,225.296,225.306,48
07.10.2024 14:06:13.000,225.317,225.317,225.306,225.306,36
07.10.2024 14:06:14.000,225.347,225.357,225.347,225.357,36
07.10.2024 14:06:15.000,225.356,225.397,225.356,225.397,36
07.10.2024 14:06:16.000,225.387,225.407,225.387,225.407,48
07.10.2024 14:06:17.000,225.397,225.397,225.397,225.397,12
07.10.2024 14:06:18.000,225.387,225.406,225.387,225.406,60
07.10.2024 14:06:19.000,225.396,225.427,225.396,225.427,36
07.10.2024 14:06:20.000,225.417,225.417,225.406,225.406,24
07.10.2024 14:06:21.000,225.416,225.427,225.416,225.427,24
07.10.2024 14:06:22.000,225.417,225.417,225.386,225.386,36
07.10.2024 14:06:23.000,225.376,225.376,225.376,225.376,12
07.10.2024 14:06:24.000,225.387,225.387,225.387,225.387,12
07.10.2024 14:06:27.000,225.386,225.386,225.377,225.377,36
07.10.2024 14:06:28.000,225.366,225.366,225.357,225.357,36
07.10.2024 14:06:29.000,225.357,225.357,225.357,225.357,12
07.10.2024 14:06:30.000,225.367,225.367,225.367,225.367,12
07.10.2024 14:06:31.000,225.377,225.377,225.376,225.376,24
07.10.2024 14:06:34.000,225.377,225.377,225.376,225.376,24
07.10.2024 14:06:35.000,225.397,225.397,225.397,225.397,12
07.10.2024 14:06:36.000,225.406,225.406,225.406,225.406,12
07.10.2024 14:06:37.000,225.417,225.436,225.417,225.436,24
07.10.2024 14:06:38.000,225.407,225.407,225.407,225.407,12
07.10.2024 14:06:39.000,225.377,225.377,225.377,225.377,12
07.10.2024 14:06:41.000,225.376,225.376,225.376,225.376,24
07.10.2024 14:06:42.000,225.376,225.376,225.376,225.376,12
07.10.2024 14:06:43.000,225.386,225.386,225.386,225.386,12
07.10.2024 14:06:44.000,225.377,225.377,225.377,225.377,12
07.10.2024 14:06:45.000,225.387,225.387,225.386,225.386,24
07.10.2024 14:06:46.000,225.416,225.416,225.416,225.416,12
07.10.2024 14:06:47.000,225.416,225.416,225.406,225.406,24
07.10.2024 14:06:48.000,225.396,225.396,225.396,225.396,24
07.10.2024 14:06:49.000,225.377,225.396,225.377,225.396,60
07.10.2024 14:06:50.000,225.397,225.397,225.396,225.397,36
07.10.2024 14:06:51.000,225.396,225.406,225.396,225.406,24
07.10.2024 14:06:52.000,225.406,225.406,225.376,225.376,72
07.10.2024 14:06:53.000,225.377,225.397,225.377,225.397,24
07.10.2024 14:06:54.000,225.406,225.436,225.406,225.436,36
07.10.2024 14:06:55.000,225.426,225.426,225.407,225.407,36
07.10.2024 14:07:00.000,225.416,225.416,225.416,225.416,12
07.10.2024 14:07:01.000,225.406,225.406,225.406,225.406,12
07.10.2024 14:07:02.000,225.426,225.426,225.426,225.426,24
07.10.2024 14:07:03.000,225.416,225.416,225.406,225.406,24
07.10.2024 14:07:07.000,225.396,225.396,225.396,225.396,12
07.10.2024 14:07:08.000,225.386,225.386,225.356,225.356,72
07.10.2024 14:07:09.000,225.347,225.357,225.347,225.357,72
07.10.2024 14:07:10.000,225.377,225.387,225.376,225.376,48
07.10.2024 14:07:11.000,225.396,225.397,225.396,225.397,24
07.10.2024 14:07:12.000,225.426,225.447,225.426,225.447,24
07.10.2024 14:07:13.000,225.456,225.456,225.417,225.417,48
07.10.2024 14:07:14.000,225.406,225.406,225.406,225.406,24
07.10.2024 14:07:15.000,225.417,225.417,225.407,225.407,36
07.10.2024 14:07:17.000,225.416,225.416,225.407,225.407,24
07.10.2024 14:07:19.000,225.406,225.426,225.406,225.426,36
07.10.2024 14:07:20.000,225.446,225.446,225.427,225.427,36
07.10.2024 14:07:21.000,225.416,225.427,225.406,225.427,36
07.10.2024 14:07:22.000,225.427,225.427,225.426,225.426,24
07.10.2024 14:07:23.000,225.426,225.426,225.426,225.426,12
07.10.2024 14:07:24.000,225.437,225.437,225.407,225.437,72
07.10.2024 14:07:25.000,225.407,225.416,225.407,225.416,36
07.10.2024 14:07:28.000,225.426,225.426,225.426,225.426,12
07.10.2024 14:07:31.000,225.427,225.437,225.427,225.427,36
07.10.2024 14:07:32.000,225.436,225.446,225.436,225.446,24
07.10.2024 14:07:33.000,225.436,225.436,225.426,225.426,36
07.10.2024 14:07:34.000,225.427,225.427,225.417,225.417,48
07.10.2024 14:07:36.000,225.416,225.416,225.416,225.416,24
07.10.2024 14:07:38.000,225.406,225.406,225.406,225.406,12
07.10.2024 14:07:39.000,225.377,225.377,225.367,225.367,24
07.10.2024 14:07:40.000,225.376,225.376,225.376,225.376,12
07.10.2024 14:07:41.000,225.376,225.376,225.367,225.367,24
07.10.2024 14:07:42.000,225.357,225.367,225.356,225.367,48
07.10.2024 14:07:43.000,225.357,225.366,225.357,225.366,24
07.10.2024 14:07:44.000,225.387,225.387,225.386,225.386,24
07.10.2024 14:07:45.000,225.387,225.387,225.387,225.387,12
07.10.2024 14:07:47.000,225.387,225.387,225.387,225.387,12
07.10.2024 14:07:49.000,225.386,225.386,225.386,225.386,24
07.10.2024 14:07:50.000,225.387,225.387,225.387,225.387,12
07.10.2024 14:07:51.000,225.386,225.387,225.356,225.356,48
07.10.2024 14:07:52.000,225.357,225.357,225.357,225.357,12
07.10.2024 14:07:53.000,225.356,225.356,225.327,225.327,24
07.10.2024 14:07:54.000,225.336,225.336,225.336,225.336,24
07.10.2024 14:07:55.000,225.346,225.367,225.337,225.367,48
07.10.2024 14:07:56.000,225.347,225.356,225.336,225.356,36
07.10.2024 14:07:57.000,225.337,225.337,225.337,225.337,12
07.10.2024 14:07:58.000,225.336,225.336,225.336,225.336,12
07.10.2024 14:07:59.000,225.337,225.357,225.336,225.346,60
07.10.2024 14:08:00.000,225.346,225.346,225.306,225.306,48
07.10.2024 14:08:01.000,225.326,225.337,225.326,225.337,48
07.10.2024 14:08:02.000,225.327,225.347,225.326,225.347,84.00000000000001
07.10.2024 14:08:03.000,225.337,225.337,225.306,225.306,36
07.10.2024 14:08:04.000,225.297,225.297,225.286,225.287,48
07.10.2024 14:08:05.000,225.277,225.277,225.277,225.277,12
07.10.2024 14:08:07.000,225.266,225.276,225.266,225.276,36
07.10.2024 14:08:09.000,225.267,225.267,225.267,225.267,12
07.10.2024 14:08:10.000,225.267,225.286,225.246,225.246,48
07.10.2024 14:08:11.000,225.247,225.247,225.247,225.247,12
07.10.2024 14:08:12.000,225.247,225.247,225.176,225.176,72
07.10.2024 14:08:13.000,225.187,225.197,225.187,225.197,36
07.10.2024 14:08:14.000,225.186,225.197,225.167,225.167,36
07.10.2024 14:08:15.000,225.167,225.176,225.166,225.166,48
07.10.2024 14:08:16.000,225.196,225.196,225.176,225.176,24
07.10.2024 14:08:17.000,225.197,225.226,225.196,225.226,60
07.10.2024 14:08:18.000,225.236,225.237,225.226,225.237,36
07.10.2024 14:08:19.000,225.226,225.247,225.226,225.237,72
07.10.2024 14:08:20.000,225.246,225.247,225.237,225.237,48
07.10.2024 14:08:21.000,225.257,225.257,225.257,225.257,12
07.10.2024 14:08:22.000,225.236,225.247,225.226,225.247,48
07.10.2024 14:08:23.000,225.226,225.256,225.226,225.256,36
07.10.2024 14:08:24.000,225.277,225.286,225.277,225.286,24
07.10.2024 14:08:25.000,225.267,225.267,225.256,225.256,24
07.10.2024 14:08:26.000,225.266,225.277,225.266,225.267,36
07.10.2024 14:08:27.000,225.266,225.267,225.266,225.267,48
07.10.2024 14:08:28.000,225.257,225.257,225.246,225.247,36
07.10.2024 14:08:29.000,225.227,225.227,225.226,225.226,24
07.10.2024 14:08:30.000,225.216,225.216,225.216,225.216,24
07.10.2024 14:08:31.000,225.167,225.207,225.167,225.206,48
07.10.2024 14:08:32.000,225.206,225.217,225.196,225.196,84.00000000000001
07.10.2024 14:08:33.000,225.177,225.187,225.166,225.176,72
07.10.2024 14:08:34.000,225.147,225.187,225.147,225.187,48
07.10.2024 14:08:35.000,225.196,225.196,225.196,225.196,12
07.10.2024 14:08:36.000,225.207,225.207,225.197,225.197,24
07.10.2024 14:08:37.000,225.197,225.207,225.197,225.207,24
07.10.2024 14:08:40.000,225.197,225.197,225.197,225.197,12
07.10.2024 14:08:41.000,225.207,225.207,225.207,225.207,12
07.10.2024 14:08:42.000,225.197,225.197,225.197,225.197,12
07.10.2024 14:08:44.000,225.206,225.237,225.206,225.237,60
07.10.2024 14:08:45.000,225.246,225.256,225.236,225.247,96
07.10.2024 14:08:46.000,225.226,225.226,225.217,225.217,24
07.10.2024 14:08:47.000,225.207,225.207,225.207,225.207,12
07.10.2024 14:08:48.000,225.167,225.167,225.147,225.167,84.00000000000001
07.10.2024 14:08:49.000,225.176,225.176,225.157,225.157,36
07.10.2024 14:08:50.000,225.166,225.166,225.166,225.166,12
07.10.2024 14:08:51.000,225.177,225.177,225.166,225.166,24
07.10.2024 14:08:52.000,225.156,225.156,225.156,225.156,12
07.10.2024 14:08:53.000,225.166,225.166,225.157,225.166,36
07.10.2024 14:08:54.000,225.167,225.167,225.156,225.166,48
07.10.2024 14:08:55.000,225.166,225.167,225.166,225.167,24
07.10.2024 14:08:56.000,225.187,225.187,225.176,225.176,24
07.10.2024 14:08:57.000,225.196,225.196,225.196,225.196,12
07.10.2024 14:08:58.000,225.176,225.197,225.176,225.197,24
07.10.2024 14:09:02.000,225.176,225.196,225.176,225.196,24
07.10.2024 14:09:05.000,225.197,225.197,225.197,225.197,12
07.10.2024 14:09:06.000,225.197,225.197,225.196,225.196,24
07.10.2024 14:09:07.000,225.197,225.197,225.197,225.197,12
07.10.2024 14:09:09.000,225.207,225.207,225.197,225.197,24
07.10.2024 14:09:10.000,225.176,225.176,225.166,225.166,24
07.10.2024 14:09:11.000,225.196,225.196,225.196,225.196,12
07.10.2024 14:09:12.000,225.206,225.216,225.206,225.216,24
07.10.2024 14:09:13.000,225.197,225.197,225.197,225.197,12
07.10.2024 14:09:14.000,225.207,225.207,225.197,225.197,24
07.10.2024 14:09:15.000,225.177,225.177,225.177,225.177,12
07.10.2024 14:09:16.000,225.197,225.197,225.197,225.197,24
07.10.2024 14:09:18.000,225.207,225.207,225.207,225.207,12
07.10.2024 14:09:19.000,225.197,225.197,225.197,225.197,12
07.10.2024 14:09:20.000,225.207,225.207,225.207,225.207,12
07.10.2024 14:09:21.000,225.187,225.187,225.176,225.176,36
07.10.2024 14:09:22.000,225.166,225.166,225.166,225.166,24
07.10.2024 14:09:23.000,225.177,225.177,225.177,225.177,12
07.10.2024 14:09:24.000,225.177,225.177,225.176,225.176,24
07.10.2024 14:09:26.000,225.197,225.197,225.187,225.187,24
07.10.2024 14:09:27.000,225.127,225.136,225.126,225.136,60
07.10.2024 14:09:28.000,225.127,225.127,225.127,225.127,12
07.10.2024 14:09:29.000,225.126,225.127,225.117,225.127,48
07.10.2024 14:09:30.000,225.127,225.127,225.076,225.076,48
07.10.2024 14:09:31.000,225.066,225.066,225.057,225.066,48
07.10.2024 14:09:32.000,225.047,225.047,225.037,225.046,60
07.10.2024 14:09:33.000,225.046,225.047,225.037,225.047,36
07.10.2024 14:09:34.000,225.037,225.046,225.037,225.046,24
07.10.2024 14:09:35.000,225.046,225.046,225.037,225.046,36
07.10.2024 14:09:36.000,225.067,225.067,225.067,225.067,12
07.10.2024 14:09:37.000,225.067,225.077,225.067,225.077,24
07.10.2024 14:09:38.000,225.077,225.077,225.077,225.077,12
07.10.2024 14:09:39.000,225.057,225.057,225.047,225.047,48
07.10.2024 14:09:40.000,225.056,225.067,225.046,225.057,72
07.10.2024 14:09:41.000,225.067,225.067,225.057,225.057,24
07.10.2024 14:09:42.000,225.066,225.066,225.056,225.056,24
07.10.2024 14:09:43.000,225.067,225.067,225.067,225.067,12
07.10.2024 14:09:45.000,225.047,225.047,225.047,225.047,12
07.10.2024 14:09:46.000,225.037,225.037,225.026,225.026,60
07.10.2024 14:09:47.000,225.027,225.066,225.027,225.066,60
07.10.2024 14:09:48.000,225.066,225.066,225.056,225.056,24
07.10.2024 14:09:51.000,225.066,225.066,225.066,225.066,12
07.10.2024 14:09:52.000,225.066,225.087,225.066,225.076,36
07.10.2024 14:09:54.000,225.077,225.087,225.077,225.087,24
07.10.2024 14:09:55.000,225.106,225.106,225.106,225.106,12
07.10.2024 14:09:56.000,225.117,225.117,225.106,225.106,24
07.10.2024 14:09:58.000,225.117,225.126,225.117,225.126,24
07.10.2024 14:10:00.000,225.127,225.127,225.127,225.127,12
07.10.2024 14:10:01.000,225.107,225.126,225.106,225.106,48
07.10.2024 14:10:02.000,225.116,225.117,225.116,225.117,24
07.10.2024 14:10:03.000,225.106,225.116,225.106,225.106,48
07.10.2024 14:10:04.000,225.116,225.126,225.107,225.117,48
07.10.2024 14:10:05.000,225.106,225.106,225.076,225.076,36
07.10.2024 14:10:06.000,225.077,225.087,225.076,225.077,96
07.10.2024 14:10:07.000,225.076,225.077,225.076,225.077,24
07.10.2024 14:10:08.000,225.087,225.096,225.087,225.096,24
07.10.2024 14:10:10.000,225.107,225.116,225.106,225.106,48
07.10.2024 14:10:11.000,225.076,225.076,225.076,225.076,24
07.10.2024 14:10:12.000,225.057,225.057,225.057,225.057,12
07.10.2024 14:10:13.000,225.066,225.066,225.057,225.057,24
07.10.2024 14:10:14.000,225.056,225.066,225.056,225.056,36
07.10.2024 14:10:15.000,225.077,225.086,225.076,225.076,36
07.10.2024 14:10:17.000,225.077,225.107,225.077,225.107,72
07.10.2024 14:10:18.000,225.106,225.106,225.087,225.096,60
07.10.2024 14:10:19.000,225.106,225.106,225.096,225.097,48
07.10.2024 14:10:20.000,225.107,225.107,225.107,225.107,12
07.10.2024 14:10:21.000,225.116,225.116,225.116,225.116,12
07.10.2024 14:10:22.000,225.097,225.097,225.097,225.097,12
07.10.2024 14:10:24.000,225.107,225.107,225.087,225.087,36
07.10.2024 14:10:25.000,225.077,225.077,225.077,225.077,12
07.10.2024 14:10:27.000,225.086,225.086,225.057,225.057,36
07.10.2024 14:10:28.000,225.057,225.057,225.056,225.056,24
07.10.2024 14:10:29.000,225.076,225.076,225.076,225.076,12
07.10.2024 14:10:30.000,225.056,225.056,225.056,225.056,12
07.10.2024 14:10:31.000,225.046,225.046,225.046,225.046,12
07.10.2024 14:10:32.000,225.047,225.047,225.036,225.036,24
07.10.2024 14:10:34.000,225.047,225.057,225.036,225.046,84.00000000000001
07.10.2024 14:10:35.000,225.037,225.056,225.037,225.056,36
07.10.2024 14:10:36.000,225.057,225.057,225.057,225.057,12
07.10.2024 14:10:38.000,225.056,225.056,225.056,225.056,12
07.10.2024 14:10:39.000,225.027,225.027,225.016,225.016,24
07.10.2024 14:10:40.000,225.016,225.016,225.016,225.016,24
07.10.2024 14:10:41.000,224.986,224.997,224.976,224.987,84.00000000000001
07.10.2024 14:10:42.000,224.977,224.977,224.977,224.977,12
07.10.2024 14:10:43.000,224.976,224.976,224.976,224.976,24
07.10.2024 14:10:44.000,224.967,224.967,224.967,224.967,12
07.10.2024 14:10:45.000,224.967,224.977,224.967,224.977,24
07.10.2024 14:10:46.000,224.966,224.966,224.966,224.966,12
07.10.2024 14:10:47.000,224.977,224.977,224.967,224.967,48
07.10.2024 14:10:48.000,224.997,224.997,224.987,224.987,36
07.10.2024 14:10:49.000,224.977,224.986,224.977,224.977,36
07.10.2024 14:10:50.000,224.986,224.986,224.966,224.966,84.00000000000001
07.10.2024 14:10:51.000,224.976,224.977,224.976,224.976,60
07.10.2024 14:10:52.000,224.976,224.976,224.926,224.927,60
07.10.2024 14:10:54.000,224.936,224.937,224.906,224.937,48
07.10.2024 14:10:55.000,224.946,224.946,224.946,224.946,12
07.10.2024 14:10:56.000,224.956,224.956,224.937,224.937,36
07.10.2024 14:10:57.000,224.947,224.957,224.936,224.936,48
07.10.2024 14:10:58.000,224.947,224.947,224.936,224.936,24
07.10.2024 14:10:59.000,224.947,224.947,224.947,224.947,12
07.10.2024 14:11:00.000,224.956,224.956,224.956,224.956,12
07.10.2024 14:11:01.000,224.956,224.956,224.956,224.956,12
07.10.2024 14:11:02.000,224.946,224.946,224.946,224.946,12
07.10.2024 14:11:04.000,224.926,224.937,224.926,224.937,36
07.10.2024 14:11:05.000,224.916,224.916,224.916,224.916,12
07.10.2024 14:11:06.000,224.907,224.916,224.907,224.916,24
07.10.2024 14:11:07.000,224.907,224.907,224.907,224.907,12
07.10.2024 14:11:08.000,224.897,224.897,224.897,224.897,12
07.10.2024 14:11:09.000,224.906,224.906,224.906,224.906,12
07.10.2024 14:11:10.000,224.897,224.906,224.897,224.906,24
07.10.2024 14:11:11.000,224.926,224.947,224.926,224.947,24
07.10.2024 14:11:12.000,224.956,224.956,224.956,224.956,12
07.10.2024 14:11:13.000,224.957,224.967,224.957,224.967,24
07.10.2024 14:11:14.000,224.966,224.967,224.966,224.967,24
07.10.2024 14:11:16.000,224.956,224.956,224.956,224.956,12
07.10.2024 14:11:17.000,224.946,224.957,224.946,224.957,24
07.10.2024 14:11:18.000,224.967,224.967,224.967,224.967,12
07.10.2024 14:11:19.000,224.976,224.987,224.976,224.987,24
07.10.2024 14:11:20.000,224.987,224.987,224.977,224.977,24
07.10.2024 14:11:22.000,224.986,224.997,224.986,224.997,24
07.10.2024 14:11:23.000,224.977,224.977,224.977,224.977,24
07.10.2024 14:11:24.000,225.006,225.006,225.006,225.006,12
07.10.2024 14:11:26.000,225.006,225.006,224.986,224.986,24
07.10.2024 14:11:27.000,225.016,225.016,224.987,225.016,36
07.10.2024 14:11:28.000,225.006,225.006,225.006,225.006,12
07.10.2024 14:11:30.000,224.997,224.997,224.997,224.997,12
07.10.2024 14:11:31.000,224.986,225.007,224.966,224.966,72
07.10.2024 14:11:32.000,224.956,224.967,224.956,224.957,48
07.10.2024 14:11:33.000,224.956,224.957,224.946,224.947,48
07.10.2024 14:11:34.000,224.947,224.947,224.927,224.927,48
07.10.2024 14:11:35.000,224.927,224.927,224.906,224.906,60
07.10.2024 14:11:36.000,224.896,224.896,224.866,224.867,48
07.10.2024 14:11:37.000,224.856,224.856,224.856,224.856,12
07.10.2024 14:11:38.000,224.867,224.867,224.776,224.776,72
07.10.2024 14:11:40.000,224.777,224.777,224.707,224.707,84.00000000000001
07.10.2024 14:11:41.000,224.717,224.727,224.717,224.717,60
07.10.2024 14:11:42.000,224.737,224.737,224.737,224.737,12
07.10.2024 14:11:43.000,224.706,224.706,224.647,224.647,60
07.10.2024 14:11:44.000,224.626,224.647,224.626,224.647,48
07.10.2024 14:11:45.000,224.636,224.636,224.606,224.606,60
07.10.2024 14:11:47.000,224.617,224.617,224.576,224.576,36
07.10.2024 14:11:49.000,224.567,224.576,224.567,224.576,24
07.10.2024 14:11:50.000,224.546,224.546,224.526,224.536,72
07.10.2024 14:11:51.000,224.546,224.567,224.517,224.566,131.99999999999997
07.10.2024 14:11:52.000,224.566,224.576,224.546,224.556,96
07.10.2024 14:11:53.000,224.566,224.567,224.526,224.526,60
07.10.2024 14:11:54.000,224.516,224.516,224.496,224.496,48
07.10.2024 14:11:55.000,224.547,224.557,224.527,224.546,72
07.10.2024 14:11:57.000,224.566,224.576,224.556,224.556,36
07.10.2024 14:11:58.000,224.546,224.577,224.546,224.547,48
07.10.2024 14:11:59.000,224.586,224.586,224.586,224.586,12
07.10.2024 14:12:00.000,224.596,224.596,224.596,224.596,12
07.10.2024 14:12:01.000,224.616,224.627,224.616,224.617,36
07.10.2024 14:12:03.000,224.646,224.686,224.636,224.686,60
07.10.2024 14:12:04.000,224.637,224.637,224.637,224.637,12
07.10.2024 14:12:06.000,224.667,224.696,224.636,224.687,60
07.10.2024 14:12:07.000,224.636,224.676,224.636,224.637,48
07.10.2024 14:12:08.000,224.626,224.626,224.597,224.597,24
07.10.2024 14:12:09.000,224.557,224.557,224.557,224.557,12
07.10.2024 14:12:10.000,224.556,224.576,224.556,224.576,24
07.10.2024 14:12:11.000,224.577,224.597,224.577,224.597,24
07.10.2024 14:12:12.000,224.596,224.596,224.596,224.596,12
07.10.2024 14:12:13.000,224.586,224.597,224.586,224.597,24
07.10.2024 14:12:14.000,224.586,224.597,224.577,224.587,108
07.10.2024 14:12:15.000,224.586,224.587,224.576,224.576,60
07.10.2024 14:12:16.000,224.586,224.586,224.576,224.576,24
07.10.2024 14:12:17.000,224.577,224.587,224.576,224.577,60
07.10.2024 14:12:18.000,224.576,224.577,224.576,224.577,36
07.10.2024 14:12:19.000,224.586,224.586,224.576,224.577,48
07.10.2024 14:12:21.000,224.577,224.577,224.577,224.577,12
07.10.2024 14:12:23.000,224.497,224.527,224.496,224.496,48
07.10.2024 14:12:24.000,224.436,224.436,224.436,224.436,12
07.10.2024 14:12:25.000,224.436,224.447,224.436,224.447,36
07.10.2024 14:12:26.000,224.436,224.436,224.436,224.436,12
07.10.2024 14:12:27.000,224.437,224.447,224.437,224.437,48
07.10.2024 14:12:28.000,224.447,224.447,224.436,224.437,48
07.10.2024 14:12:29.000,224.437,224.457,224.437,224.457,24
07.10.2024 14:12:31.000,224.467,224.467,224.456,224.456,24
07.10.2024 14:12:32.000,224.467,224.517,224.467,224.517,48
07.10.2024 14:12:33.000,224.516,224.517,224.516,224.517,24
07.10.2024 14:12:34.000,224.516,224.516,224.516,224.516,24
07.10.2024 14:12:35.000,224.546,224.546,224.546,224.546,12
07.10.2024 14:12:36.000,224.517,224.517,224.517,224.517,12
07.10.2024 14:12:37.000,224.517,224.526,224.517,224.526,24
07.10.2024 14:12:38.000,224.537,224.537,224.527,224.527,36
07.10.2024 14:12:39.000,224.576,224.576,224.517,224.517,48
07.10.2024 14:12:40.000,224.547,224.547,224.516,224.516,36
07.10.2024 14:12:41.000,224.526,224.526,224.526,224.526,12
07.10.2024 14:12:42.000,224.536,224.587,224.536,224.567,60
07.10.2024 14:12:43.000,224.577,224.577,224.566,224.566,24
07.10.2024 14:12:44.000,224.567,224.577,224.566,224.567,48
07.10.2024 14:12:45.000,224.567,224.567,224.537,224.556,36
07.10.2024 14:12:46.000,224.557,224.557,224.557,224.557,12
07.10.2024 14:12:47.000,224.556,224.567,224.556,224.567,48
07.10.2024 14:12:48.000,224.567,224.596,224.536,224.556,108
07.10.2024 14:12:49.000,224.557,224.557,224.557,224.557,12
07.10.2024 14:12:50.000,224.546,224.547,224.546,224.547,36
07.10.2024 14:12:51.000,224.547,224.547,224.546,224.546,36
07.10.2024 14:12:52.000,224.587,224.587,224.587,224.587,12
07.10.2024 14:12:53.000,224.596,224.596,224.557,224.557,36
07.10.2024 14:12:54.000,224.547,224.587,224.547,224.587,84.00000000000001
07.10.2024 14:12:55.000,224.586,224.586,224.567,224.567,24
07.10.2024 14:12:56.000,224.557,224.567,224.557,224.557,48
07.10.2024 14:12:57.000,224.557,224.557,224.547,224.547,96
07.10.2024 14:12:58.000,224.536,224.536,224.536,224.536,36
07.10.2024 14:12:59.000,224.526,224.526,224.526,224.526,12
07.10.2024 14:13:00.000,224.527,224.527,224.517,224.517,36
07.10.2024 14:13:01.000,224.526,224.547,224.526,224.547,48
07.10.2024 14:13:03.000,224.577,224.577,224.556,224.556,72
07.10.2024 14:13:06.000,224.566,224.566,224.566,224.566,12
07.10.2024 14:13:07.000,224.567,224.567,224.547,224.547,24
07.10.2024 14:13:08.000,224.547,224.547,224.547,224.547,12
07.10.2024 14:13:12.000,224.576,224.576,224.546,224.546,24
07.10.2024 14:13:13.000,224.577,224.577,224.577,224.577,12
07.10.2024 14:13:15.000,224.586,224.586,224.586,224.586,12
07.10.2024 14:13:16.000,224.576,224.576,224.576,224.576,12
07.10.2024 14:13:17.000,224.577,224.577,224.556,224.557,36
07.10.2024 14:13:18.000,224.547,224.547,224.546,224.546,24
07.10.2024 14:13:19.000,224.556,224.566,224.546,224.557,60
07.10.2024 14:13:20.000,224.547,224.547,224.547,224.547,12
07.10.2024 14:13:21.000,224.547,224.557,224.546,224.557,48
07.10.2024 14:13:22.000,224.556,224.566,224.556,224.557,36
07.10.2024 14:13:23.000,224.556,224.556,224.556,224.556,12
07.10.2024 14:13:25.000,224.557,224.557,224.516,224.517,72
07.10.2024 14:13:26.000,224.486,224.497,224.486,224.497,24
07.10.2024 14:13:27.000,224.507,224.507,224.507,224.507,12
07.10.2024 14:13:30.000,224.506,224.506,224.506,224.506,24
07.10.2024 14:13:31.000,224.517,224.526,224.517,224.526,36
07.10.2024 14:13:32.000,224.547,224.547,224.547,224.547,12
07.10.2024 14:13:33.000,224.537,224.546,224.537,224.546,36
07.10.2024 14:13:34.000,224.536,224.536,224.536,224.536,12
07.10.2024 14:13:35.000,224.537,224.567,224.537,224.557,48
07.10.2024 14:13:36.000,224.566,224.587,224.566,224.587,24
07.10.2024 14:13:37.000,224.596,224.596,224.596,224.596,12
07.10.2024 14:13:38.000,224.606,224.606,224.596,224.596,24
07.10.2024 14:13:39.000,224.586,224.587,224.586,224.586,48
07.10.2024 14:13:41.000,224.597,224.597,224.586,224.586,24
07.10.2024 14:13:42.000,224.597,224.597,224.597,224.597,12
07.10.2024 14:13:45.000,224.606,224.606,224.606,224.606,12
07.10.2024 14:13:46.000,224.606,224.607,224.606,224.607,36
07.10.2024 14:13:47.000,224.606,224.606,224.606,224.606,24
07.10.2024 14:13:48.000,224.606,224.616,224.606,224.616,24
07.10.2024 14:13:49.000,224.606,224.627,224.606,224.626,48
07.10.2024 14:13:50.000,224.607,224.607,224.606,224.606,36
07.10.2024 14:13:51.000,224.607,224.607,224.606,224.607,36
07.10.2024 14:13:52.000,224.627,224.627,224.607,224.607,24
07.10.2024 14:13:55.000,224.607,224.607,224.607,224.607,24
07.10.2024 14:13:56.000,224.597,224.597,224.597,224.597,12
07.10.2024 14:13:57.000,224.616,224.616,224.616,224.616,12
07.10.2024 14:13:58.000,224.616,224.616,224.616,224.616,12
07.10.2024 14:13:59.000,224.617,224.617,224.617,224.617,12
07.10.2024 14:14:00.000,224.616,224.686,224.616,224.686,72
07.10.2024 14:14:01.000,224.697,224.757,224.697,224.726,119.99999999999999
07.10.2024 14:14:02.000,224.727,224.727,224.727,224.727,12
07.10.2024 14:14:03.000,224.757,224.797,224.757,224.797,36
07.10.2024 14:14:06.000,224.737,224.747,224.736,224.736,84.00000000000001
07.10.2024 14:14:07.000,224.757,224.757,224.727,224.727,36
07.10.2024 14:14:09.000,224.726,224.726,224.726,224.726,12
07.10.2024 14:14:10.000,224.726,224.786,224.726,224.786,24
07.10.2024 14:14:11.000,224.786,224.786,224.786,224.786,24
07.10.2024 14:14:12.000,224.787,224.787,224.787,224.787,12
07.10.2024 14:14:14.000,224.847,224.857,224.836,224.837,60
07.10.2024 14:14:15.000,224.847,224.907,224.847,224.866,48
07.10.2024 14:14:16.000,224.906,224.907,224.906,224.907,24
07.10.2024 14:14:17.000,224.846,224.847,224.846,224.847,24
07.10.2024 14:14:18.000,224.867,224.937,224.867,224.916,48
07.10.2024 14:14:19.000,224.917,224.936,224.916,224.936,36
07.10.2024 14:14:20.000,224.937,224.956,224.926,224.927,48
07.10.2024 14:14:21.000,224.916,224.916,224.916,224.916,12
07.10.2024 14:14:22.000,224.917,224.947,224.917,224.947,24
07.10.2024 14:14:23.000,224.977,224.977,224.977,224.977,24
07.10.2024 14:14:24.000,224.976,224.987,224.976,224.977,60
07.10.2024 14:14:25.000,224.957,224.977,224.956,224.957,48
07.10.2024 14:14:26.000,224.957,224.957,224.957,224.957,12
07.10.2024 14:14:27.000,224.986,224.986,224.986,224.986,12
07.10.2024 14:14:28.000,224.957,224.987,224.957,224.986,36
07.10.2024 14:14:29.000,224.997,224.997,224.996,224.996,24
07.10.2024 14:14:30.000,225.067,225.067,225.026,225.067,36
07.10.2024 14:14:31.000,225.027,225.027,225.027,225.027,12
07.10.2024 14:14:33.000,225.076,225.097,225.076,225.097,60
07.10.2024 14:14:34.000,225.097,225.097,225.097,225.097,12
07.10.2024 14:14:35.000,225.087,225.096,225.086,225.087,72
07.10.2024 14:14:37.000,225.116,225.126,225.116,225.126,24
07.10.2024 14:14:38.000,225.136,225.137,225.136,225.137,24
07.10.2024 14:14:39.000,225.167,225.167,225.126,225.126,24
07.10.2024 14:14:40.000,225.137,225.146,225.137,225.146,24
07.10.2024 14:14:41.000,225.127,225.127,225.127,225.127,12
07.10.2024 14:14:42.000,225.127,225.127,225.087,225.087,24
07.10.2024 14:14:43.000,225.097,225.097,225.096,225.096,24
07.10.2024 14:14:44.000,225.107,225.107,225.076,225.076,24
07.10.2024 14:14:45.000,225.086,225.086,225.086,225.086,12
07.10.2024 14:14:47.000,225.087,225.087,225.087,225.087,12
07.10.2024 14:14:48.000,225.086,225.086,225.086,225.086,12
07.10.2024 14:14:49.000,225.076,225.077,225.076,225.077,24
07.10.2024 14:14:50.000,225.077,225.077,225.076,225.076,36
07.10.2024 14:14:51.000,225.086,225.116,225.086,225.116,36
07.10.2024 14:14:53.000,225.077,225.077,225.077,225.077,12
07.10.2024 14:14:54.000,225.097,225.097,225.096,225.096,24
07.10.2024 14:14:55.000,225.106,225.106,225.097,225.097,24
07.10.2024 14:14:56.000,225.107,225.107,225.096,225.096,24
07.10.2024 14:14:57.000,225.097,225.097,225.097,225.097,12
07.10.2024 14:14:58.000,225.096,225.096,225.077,225.077,36
07.10.2024 14:14:59.000,225.057,225.057,225.047,225.047,24
07.10.2024 14:15:00.000,225.047,225.106,225.047,225.106,48
07.10.2024 14:15:01.000,225.107,225.107,225.076,225.076,36
07.10.2024 14:15:02.000,225.076,225.077,225.076,225.077,24
07.10.2024 14:15:03.000,225.087,225.096,225.076,225.076,36
07.10.2024 14:15:04.000,225.096,225.097,225.096,225.097,36
07.10.2024 14:15:05.000,225.117,225.117,225.077,225.077,36
07.10.2024 14:15:06.000,225.077,225.097,225.077,225.086,48
07.10.2024 14:15:07.000,225.077,225.077,225.077,225.077,12
07.10.2024 14:15:09.000,225.057,225.077,225.057,225.077,24
07.10.2024 14:15:10.000,225.076,225.076,225.057,225.057,24
07.10.2024 14:15:11.000,225.076,225.086,225.066,225.086,36
07.10.2024 14:15:12.000,225.116,225.127,225.067,225.067,60
07.10.2024 14:15:13.000,225.066,225.077,225.066,225.067,36
07.10.2024 14:15:14.000,225.067,225.067,225.067,225.067,12
07.10.2024 14:15:16.000,225.056,225.056,225.046,225.046,72
07.10.2024 14:15:18.000,225.047,225.047,225.047,225.047,12
07.10.2024 14:15:19.000,225.046,225.046,225.007,225.007,36
07.10.2024 14:15:20.000,225.017,225.017,225.017,225.017,12
07.10.2024 14:15:21.000,225.027,225.036,225.027,225.036,24
07.10.2024 14:15:22.000,225.036,225.036,225.036,225.036,12
07.10.2024 14:15:23.000,225.056,225.056,225.056,225.056,12
07.10.2024 14:15:24.000,225.057,225.076,225.057,225.057,48
07.10.2024 14:15:25.000,225.047,225.047,225.036,225.036,24
07.10.2024 14:15:27.000,225.037,225.037,225.036,225.036,24
07.10.2024 14:15:29.000,225.017,225.017,225.017,225.017,12
07.10.2024 14:15:30.000,225.017,225.017,225.017,225.017,12
07.10.2024 14:15:33.000,225.006,225.007,224.946,224.947,84.00000000000001
07.10.2024 14:15:34.000,224.966,224.987,224.966,224.977,72
07.10.2024 14:15:35.000,224.976,224.986,224.976,224.977,72
07.10.2024 14:15:36.000,224.976,224.976,224.976,224.976,24
07.10.2024 14:15:37.000,224.976,224.987,224.976,224.987,24
07.10.2024 14:15:38.000,224.976,224.986,224.976,224.976,48
07.10.2024 14:15:40.000,224.977,224.986,224.977,224.986,36
07.10.2024 14:15:41.000,224.977,224.977,224.977,224.977,12
07.10.2024 14:15:43.000,224.976,224.976,224.976,224.976,12
07.10.2024 14:15:45.000,224.956,224.956,224.956,224.956,12
07.10.2024 14:15:46.000,225.006,225.006,224.986,224.986,24
07.10.2024 14:15:48.000,224.977,224.977,224.977,224.977,12
07.10.2024 14:15:49.000,224.967,224.967,224.956,224.956,36
07.10.2024 14:15:50.000,224.957,224.957,224.916,224.916,60
07.10.2024 14:15:51.000,224.937,224.947,224.927,224.947,48
07.10.2024 14:15:52.000,224.926,224.936,224.916,224.936,48
07.10.2024 14:15:53.000,224.926,224.926,224.916,224.916,24
07.10.2024 14:15:55.000,224.916,224.916,224.916,224.916,24
07.10.2024 14:15:57.000,224.956,224.956,224.956,224.956,12
07.10.2024 14:15:59.000,224.966,224.966,224.966,224.966,12
07.10.2024 14:16:00.000,224.966,224.966,224.966,224.966,12
07.10.2024 14:16:01.000,224.986,225.026,224.986,225.026,48
07.10.2024 14:16:02.000,225.027,225.037,224.987,224.987,48
07.10.2024 14:16:03.000,224.977,224.977,224.967,224.967,24
07.10.2024 14:16:09.000,224.977,225.007,224.977,225.007,24
07.10.2024 14:16:10.000,225.017,225.017,225.006,225.006,24
07.10.2024 14:16:11.000,225.006,225.006,225.006,225.006,24
07.10.2024 14:16:12.000,225.007,225.007,224.997,224.997,24
07.10.2024 14:16:14.000,225.026,225.026,225.016,225.016,24
07.10.2024 14:16:16.000,225.036,225.036,225.036,225.036,12
07.10.2024 14:16:17.000,225.046,225.046,225.037,225.037,24
07.10.2024 14:16:18.000,225.027,225.027,225.026,225.026,24
07.10.2024 14:16:19.000,225.036,225.036,225.027,225.027,24
07.10.2024 14:16:20.000,225.057,225.057,225.057,225.057,24
07.10.2024 14:16:24.000,225.067,225.067,225.067,225.067,12
07.10.2024 14:16:25.000,225.086,225.086,225.086,225.086,12
07.10.2024 14:16:26.000,225.086,225.086,225.067,225.067,36
07.10.2024 14:16:29.000,225.076,225.086,225.076,225.086,24
07.10.2024 14:16:30.000,225.096,225.096,225.096,225.096,12
07.10.2024 14:16:32.000,225.076,225.076,225.076,225.076,24
07.10.2024 14:16:34.000,225.077,225.087,225.077,225.087,24
07.10.2024 14:16:35.000,225.126,225.126,225.077,225.077,36
07.10.2024 14:16:36.000,225.076,225.076,225.056,225.056,24
07.10.2024 14:16:37.000,225.056,225.056,225.056,225.056,12
07.10.2024 14:16:38.000,225.066,225.076,225.056,225.076,36
07.10.2024 14:16:39.000,225.056,225.056,225.056,225.056,12
07.10.2024 14:16:40.000,225.067,225.067,225.067,225.067,12
07.10.2024 14:16:41.000,225.086,225.126,225.086,225.096,48
07.10.2024 14:16:42.000,225.107,225.167,225.107,225.127,96
07.10.2024 14:16:43.000,225.126,225.126,225.126,225.126,12
07.10.2024 14:16:44.000,225.127,225.127,225.096,225.096,48
07.10.2024 14:16:45.000,225.106,225.106,225.096,225.096,24
07.10.2024 14:16:46.000,225.097,225.097,225.086,225.086,48
07.10.2024 14:16:47.000,225.127,225.136,225.126,225.126,60
07.10.2024 14:16:48.000,225.127,225.137,225.127,225.137,24
07.10.2024 14:16:49.000,225.136,225.157,225.136,225.136,48
07.10.2024 14:16:50.000,225.136,225.157,225.136,225.146,72
07.10.2024 14:16:51.000,225.136,225.166,225.136,225.166,24
07.10.2024 14:16:52.000,225.166,225.176,225.166,225.176,36
07.10.2024 14:16:53.000,225.166,225.166,225.166,225.166,12
07.10.2024 14:16:54.000,225.156,225.156,225.117,225.126,60
07.10.2024 14:16:55.000,225.117,225.117,225.117,225.117,24
07.10.2024 14:16:57.000,225.117,225.127,225.116,225.116,36
07.10.2024 14:16:58.000,225.097,225.097,225.097,225.097,12
07.10.2024 14:16:59.000,225.087,225.087,225.086,225.086,24
07.10.2024 14:17:00.000,225.096,225.126,225.096,225.126,24
07.10.2024 14:17:01.000,225.137,225.137,225.106,225.117,72
07.10.2024 14:17:02.000,225.107,225.107,225.106,225.106,24
07.10.2024 14:17:03.000,225.107,225.107,225.107,225.107,36
07.10.2024 14:17:04.000,225.106,225.106,225.106,225.106,24
07.10.2024 14:17:05.000,225.066,225.066,225.066,225.066,24
07.10.2024 14:17:06.000,225.047,225.047,225.046,225.046,36
07.10.2024 14:17:07.000,225.036,225.036,225.036,225.036,12
07.10.2024 14:17:10.000,225.067,225.067,225.066,225.066,48
07.10.2024 14:17:12.000,225.066,225.106,225.066,225.106,36
07.10.2024 14:17:13.000,225.106,225.106,225.076,225.076,24
07.10.2024 14:17:14.000,225.086,225.086,225.086,225.086,12
07.10.2024 14:17:15.000,225.076,225.076,225.076,225.076,12
07.10.2024 14:17:17.000,225.086,225.086,225.086,225.086,12
07.10.2024 14:17:18.000,225.106,225.117,225.106,225.106,36
07.10.2024 14:17:19.000,225.116,225.116,225.116,225.116,12
07.10.2024 14:17:21.000,225.106,225.106,225.106,225.106,12
07.10.2024 14:17:24.000,225.117,225.117,225.107,225.107,24
07.10.2024 14:17:25.000,225.117,225.117,225.107,225.107,24
07.10.2024 14:17:26.000,225.107,225.107,225.107,225.107,12
07.10.2024 14:17:27.000,225.106,225.106,225.106,225.106,12
07.10.2024 14:17:28.000,225.116,225.116,225.116,225.116,12
07.10.2024 14:17:29.000,225.117,225.117,225.117,225.117,12
07.10.2024 14:17:30.000,225.127,225.166,225.127,225.166,60
07.10.2024 14:17:34.000,225.167,225.167,225.146,225.146,48
07.10.2024 14:17:35.000,225.147,225.147,225.146,225.146,24
07.10.2024 14:17:38.000,225.147,225.147,225.127,225.136,48
07.10.2024 14:17:39.000,225.127,225.136,225.126,225.126,84.00000000000001
07.10.2024 14:17:40.000,225.126,225.126,225.126,225.126,12
07.10.2024 14:17:41.000,225.137,225.137,225.126,225.126,24
07.10.2024 14:17:42.000,225.126,225.146,225.126,225.146,24
07.10.2024 14:17:43.000,225.147,225.147,225.146,225.146,24
07.10.2024 14:17:44.000,225.127,225.127,225.117,225.117,24
07.10.2024 14:17:45.000,225.126,225.157,225.126,225.147,48
07.10.2024 14:17:46.000,225.157,225.157,225.157,225.157,12
07.10.2024 14:17:47.000,225.146,225.146,225.146,225.146,12
07.10.2024 14:17:48.000,225.146,225.156,225.146,225.156,48
07.10.2024 14:17:52.000,225.156,225.156,225.156,225.156,24
07.10.2024 14:17:54.000,225.167,225.167,225.157,225.157,24
07.10.2024 14:17:55.000,225.137,225.147,225.136,225.147,48
07.10.2024 14:17:56.000,225.136,225.136,225.136,225.136,12
07.10.2024 14:17:57.000,225.136,225.136,225.136,225.136,12
07.10.2024 14:17:58.000,225.156,225.187,225.156,225.187,24
07.10.2024 14:17:59.000,225.196,225.196,225.186,225.186,24
07.10.2024 14:18:01.000,225.197,225.217,225.187,225.187,48
07.10.2024 14:18:02.000,225.217,225.217,225.197,225.197,24
07.10.2024 14:18:03.000,225.207,225.207,225.196,225.196,24
07.10.2024 14:18:04.000,225.197,225.197,225.197,225.197,48
07.10.2024 14:18:05.000,225.186,225.186,225.177,225.177,24
07.10.2024 14:18:06.000,225.176,225.196,225.176,225.196,36
07.10.2024 14:18:08.000,225.197,225.227,225.197,225.227,36
07.10.2024 14:18:09.000,225.216,225.226,225.216,225.226,24
07.10.2024 14:18:10.000,225.226,225.257,225.226,225.257,60
07.10.2024 14:18:11.000,225.216,225.216,225.216,225.216,12
07.10.2024 14:18:13.000,225.247,225.247,225.216,225.216,36
07.10.2024 14:18:14.000,225.217,225.217,225.217,225.217,24
07.10.2024 14:18:15.000,225.226,225.236,225.226,225.236,24
07.10.2024 14:18:16.000,225.236,225.246,225.236,225.246,48
07.10.2024 14:18:17.000,225.236,225.236,225.206,225.206,48
07.10.2024 14:18:18.000,225.216,225.227,225.216,225.227,36
07.10.2024 14:18:19.000,225.226,225.236,225.226,225.236,36
07.10.2024 14:18:20.000,225.247,225.247,225.236,225.236,60
07.10.2024 14:18:21.000,225.226,225.246,225.216,225.216,72
07.10.2024 14:18:22.000,225.207,225.207,225.186,225.186,48
07.10.2024 14:18:23.000,225.187,225.187,225.187,225.187,12
07.10.2024 14:18:24.000,225.186,225.186,225.167,225.167,24
07.10.2024 14:18:25.000,225.146,225.156,225.146,225.147,36
07.10.2024 14:18:26.000,225.147,225.147,225.147,225.147,24
07.10.2024 14:18:27.000,225.146,225.146,225.146,225.146,12
07.10.2024 14:18:30.000,225.156,225.177,225.156,225.177,24
07.10.2024 14:18:31.000,225.146,225.167,225.146,225.167,60
07.10.2024 14:18:32.000,225.197,225.197,225.167,225.196,36
07.10.2024 14:18:33.000,225.197,225.197,225.197,225.197,12
07.10.2024 14:18:34.000,225.197,225.197,225.196,225.196,24
07.10.2024 14:18:36.000,225.217,225.217,225.217,225.217,12
07.10.2024 14:18:37.000,225.207,225.207,225.207,225.207,12
07.10.2024 14:18:38.000,225.196,225.197,225.196,225.196,36
07.10.2024 14:18:39.000,225.207,225.207,225.197,225.197,24
07.10.2024 14:18:40.000,225.187,225.187,225.177,225.177,24
07.10.2024 14:18:42.000,225.166,225.176,225.166,225.166,48
07.10.2024 14:18:43.000,225.167,225.167,225.166,225.167,36
07.10.2024 14:18:45.000,225.187,225.187,225.187,225.187,12
07.10.2024 14:18:48.000,225.167,225.167,225.166,225.167,48
07.10.2024 14:18:50.000,225.177,225.177,225.166,225.166,24
07.10.2024 14:18:51.000,225.176,225.176,225.166,225.166,24
07.10.2024 14:18:52.000,225.147,225.147,225.147,225.147,12
07.10.2024 14:18:54.000,225.147,225.147,225.146,225.146,24
07.10.2024 14:18:55.000,225.157,225.157,225.146,225.146,24
07.10.2024 14:18:56.000,225.157,225.157,225.157,225.157,12
07.10.2024 14:18:57.000,225.146,225.146,225.146,225.146,12
07.10.2024 14:18:58.000,225.156,225.156,225.147,225.147,24
07.10.2024 14:19:00.000,225.086,225.087,225.077,225.077,36
07.10.2024 14:19:01.000,225.076,225.097,225.076,225.076,60
07.10.2024 14:19:02.000,225.076,225.076,225.076,225.076,12
07.10.2024 14:19:03.000,225.077,225.077,225.077,225.077,12
07.10.2024 14:19:04.000,225.087,225.087,225.077,225.077,36
07.10.2024 14:19:07.000,225.077,225.077,225.077,225.077,12
07.10.2024 14:19:08.000,225.117,225.117,225.107,225.107,24
07.10.2024 14:19:11.000,225.116,225.116,225.116,225.116,12
07.10.2024 14:19:12.000,225.126,225.136,225.126,225.136,24
07.10.2024 14:19:13.000,225.126,225.137,225.126,225.126,36
07.10.2024 14:19:15.000,225.117,225.117,225.117,225.117,24
07.10.2024 14:19:17.000,225.126,225.126,225.116,225.116,36
07.10.2024 14:19:20.000,225.116,225.116,225.116,225.116,12
07.10.2024 14:19:22.000,225.076,225.096,225.076,225.096,36
07.10.2024 14:19:23.000,225.107,225.107,225.096,225.096,36
07.10.2024 14:19:25.000,225.097,225.127,225.086,225.127,36
07.10.2024 14:19:27.000,225.127,225.136,225.127,225.136,24
07.10.2024 14:19:30.000,225.157,225.166,225.146,225.166,48
07.10.2024 14:19:32.000,225.156,225.156,225.156,225.156,12
07.10.2024 14:19:34.000,225.166,225.176,225.166,225.166,36
07.10.2024 14:19:35.000,225.177,225.177,225.167,225.167,24
07.10.2024 14:19:36.000,225.187,225.187,225.187,225.187,12
07.10.2024 14:19:37.000,225.187,225.187,225.187,225.187,12
07.10.2024 14:19:38.000,225.196,225.196,225.186,225.186,24
07.10.2024 14:19:39.000,225.166,225.167,225.166,225.167,72
07.10.2024 14:19:41.000,225.166,225.167,225.166,225.167,24
07.10.2024 14:19:42.000,225.167,225.167,225.167,225.167,12
07.10.2024 14:19:46.000,225.187,225.187,225.187,225.187,12
07.10.2024 14:19:47.000,225.186,225.206,225.186,225.206,48
07.10.2024 14:19:49.000,225.206,225.206,225.206,225.206,24
07.10.2024 14:19:50.000,225.206,225.217,225.206,225.217,36
07.10.2024 14:19:51.000,225.207,225.217,225.207,225.217,24
07.10.2024 14:19:52.000,225.226,225.226,225.226,225.226,12
07.10.2024 14:19:54.000,225.217,225.236,225.217,225.236,24
07.10.2024 14:19:56.000,225.236,225.236,225.236,225.236,12
07.10.2024 14:19:57.000,225.216,225.246,225.216,225.246,24
07.10.2024 14:19:58.000,225.247,225.247,225.247,225.247,12
07.10.2024 14:20:00.000,225.256,225.277,225.256,225.277,36
07.10.2024 14:20:01.000,225.277,225.277,225.256,225.256,36
07.10.2024 14:20:02.000,225.256,225.277,225.256,225.257,36
07.10.2024 14:20:03.000,225.257,225.257,225.227,225.227,48
07.10.2024 14:20:05.000,225.237,225.247,225.236,225.236,48
07.10.2024 14:20:06.000,225.237,225.237,225.227,225.237,36
07.10.2024 14:20:08.000,225.226,225.246,225.226,225.246,60
07.10.2024 14:20:09.000,225.237,225.237,225.237,225.237,12
07.10.2024 14:20:10.000,225.237,225.256,225.236,225.236,60
07.10.2024 14:20:11.000,225.226,225.226,225.226,225.226,24
07.10.2024 14:20:14.000,225.226,225.226,225.226,225.226,12
07.10.2024 14:20:15.000,225.226,225.226,225.226,225.226,12
07.10.2024 14:20:16.000,225.227,225.227,225.227,225.227,36
07.10.2024 14:20:20.000,225.236,225.236,225.236,225.236,12
07.10.2024 14:20:21.000,225.247,225.266,225.247,225.266,24
07.10.2024 14:20:22.000,225.237,225.256,225.237,225.256,24
07.10.2024 14:20:23.000,225.237,225.237,225.237,225.237,12
07.10.2024 14:20:24.000,225.247,225.247,225.236,225.237,48
07.10.2024 14:20:26.000,225.237,225.237,225.236,225.236,24
07.10.2024 14:20:27.000,225.237,225.237,225.236,225.236,24
07.10.2024 14:20:28.000,225.236,225.237,225.226,225.226,72
07.10.2024 14:20:29.000,225.226,225.226,225.226,225.226,12
07.10.2024 14:20:30.000,225.226,225.226,225.226,225.226,12
07.10.2024 14:20:32.000,225.226,225.226,225.226,225.226,12
07.10.2024 14:20:33.000,225.237,225.237,225.237,225.237,12
07.10.2024 14:20:35.000,225.227,225.227,225.227,225.227,12
07.10.2024 14:20:37.000,225.227,225.227,225.226,225.226,36
07.10.2024 14:20:38.000,225.206,225.207,225.206,225.207,48
07.10.2024 14:20:39.000,225.206,225.206,225.156,225.177,72
07.10.2024 14:20:40.000,225.187,225.187,225.187,225.187,12
07.10.2024 14:20:41.000,225.186,225.186,225.186,225.186,12
07.10.2024 14:20:43.000,225.186,225.186,225.186,225.186,12
07.10.2024 14:20:44.000,225.197,225.206,225.187,225.206,36
07.10.2024 14:20:45.000,225.186,225.186,225.186,225.186,12
07.10.2024 14:20:46.000,225.206,225.206,225.206,225.206,12
07.10.2024 14:20:47.000,225.207,225.216,225.206,225.206,36
07.10.2024 14:20:48.000,225.197,225.197,225.197,225.197,12
07.10.2024 14:20:50.000,225.197,225.197,225.197,225.197,12
07.10.2024 14:20:52.000,225.207,225.207,225.207,225.207,12
07.10.2024 14:20:53.000,225.216,225.216,225.216,225.216,12
07.10.2024 14:20:54.000,225.206,225.206,225.206,225.206,12
07.10.2024 14:20:55.000,225.197,225.197,225.197,225.197,12
07.10.2024 14:20:56.000,225.197,225.197,225.197,225.197,12
07.10.2024 14:20:57.000,225.207,225.207,225.196,225.197,48
07.10.2024 14:20:58.000,225.197,225.197,225.197,225.197,12
07.10.2024 14:21:00.000,225.196,225.196,225.196,225.196,12
07.10.2024 14:21:01.000,225.186,225.197,225.186,225.197,24
07.10.2024 14:21:02.000,225.197,225.197,225.186,225.186,48
07.10.2024 14:21:03.000,225.187,225.196,225.186,225.187,48
07.10.2024 14:21:04.000,225.186,225.186,225.186,225.186,24
07.10.2024 14:21:05.000,225.206,225.206,225.206,225.206,12
07.10.2024 14:21:06.000,225.206,225.206,225.186,225.206,48
07.10.2024 14:21:07.000,225.216,225.217,225.216,225.216,36
07.10.2024 14:21:08.000,225.216,225.217,225.216,225.217,24
07.10.2024 14:21:10.000,225.247,225.247,225.247,225.247,24
07.10.2024 14:21:11.000,225.236,225.247,225.236,225.247,36
07.10.2024 14:21:12.000,225.247,225.276,225.247,225.276,36
07.10.2024 14:21:13.000,225.266,225.276,225.266,225.276,24
07.10.2024 14:21:15.000,225.276,225.297,225.276,225.297,48
07.10.2024 14:21:19.000,225.286,225.286,225.286,225.286,12
07.10.2024 14:21:20.000,225.286,225.317,225.286,225.317,36
07.10.2024 14:21:22.000,225.327,225.327,225.306,225.306,60
07.10.2024 14:21:24.000,225.307,225.307,225.307,225.307,12
07.10.2024 14:21:25.000,225.317,225.317,225.317,225.317,12
07.10.2024 14:21:26.000,225.306,225.307,225.306,225.307,24
07.10.2024 14:21:27.000,225.326,225.326,225.326,225.326,12
07.10.2024 14:21:28.000,225.346,225.347,225.346,225.347,24
07.10.2024 14:21:30.000,225.347,225.347,225.346,225.346,24
07.10.2024 14:21:31.000,225.336,225.336,225.336,225.336,12
07.10.2024 14:21:32.000,225.337,225.337,225.336,225.336,36
07.10.2024 14:21:33.000,225.347,225.347,225.347,225.347,24
07.10.2024 14:21:34.000,225.346,225.346,225.346,225.346,12
07.10.2024 14:21:36.000,225.337,225.337,225.306,225.307,48
07.10.2024 14:21:37.000,225.286,225.286,225.286,225.286,12
07.10.2024 14:21:38.000,225.286,225.286,225.286,225.286,12
07.10.2024 14:21:39.000,225.286,225.286,225.286,225.286,12
07.10.2024 14:21:40.000,225.286,225.286,225.286,225.286,12
07.10.2024 14:21:42.000,225.317,225.337,225.317,225.337,36
07.10.2024 14:21:43.000,225.326,225.326,225.326,225.326,12
07.10.2024 14:21:45.000,225.326,225.327,225.326,225.327,24
07.10.2024 14:21:49.000,225.347,225.347,225.337,225.337,48
07.10.2024 14:21:50.000,225.327,225.327,225.327,225.327,12
07.10.2024 14:21:51.000,225.336,225.336,225.336,225.336,12
07.10.2024 14:21:52.000,225.337,225.337,225.326,225.326,36
07.10.2024 14:21:54.000,225.326,225.326,225.326,225.326,12
07.10.2024 14:21:56.000,225.326,225.326,225.326,225.326,12
07.10.2024 14:21:57.000,225.327,225.337,225.327,225.327,48
07.10.2024 14:21:58.000,225.287,225.287,225.247,225.267,36
07.10.2024 14:21:59.000,225.276,225.276,225.267,225.267,24
07.10.2024 14:22:01.000,225.247,225.247,225.247,225.247,12
07.10.2024 14:22:02.000,225.247,225.247,225.236,225.237,48
07.10.2024 14:22:03.000,225.237,225.237,225.237,225.237,12
07.10.2024 14:22:05.000,225.187,225.227,225.187,225.226,72
07.10.2024 14:22:06.000,225.207,225.217,225.207,225.217,24
07.10.2024 14:22:07.000,225.216,225.227,225.216,225.227,48
07.10.2024 14:22:08.000,225.246,225.246,225.227,225.227,36
07.10.2024 14:22:09.000,225.226,225.227,225.226,225.227,24
07.10.2024 14:22:10.000,225.246,225.296,225.246,225.277,48
07.10.2024 14:22:11.000,225.307,225.336,225.307,225.336,48
07.10.2024 14:22:13.000,225.347,225.347,225.336,225.336,24
07.10.2024 14:22:14.000,225.337,225.346,225.337,225.346,36
07.10.2024 14:22:15.000,225.347,225.347,225.347,225.347,12
07.10.2024 14:22:16.000,225.337,225.337,225.337,225.337,12
07.10.2024 14:22:17.000,225.306,225.307,225.306,225.307,24
07.10.2024 14:22:19.000,225.307,225.307,225.307,225.307,12
07.10.2024 14:22:20.000,225.307,225.307,225.307,225.307,12
07.10.2024 14:22:21.000,225.326,225.347,225.326,225.347,48
07.10.2024 14:22:22.000,225.326,225.326,225.326,225.326,24
07.10.2024 14:22:23.000,225.317,225.317,225.317,225.317,12
07.10.2024 14:22:25.000,225.306,225.306,225.306,225.306,12
07.10.2024 14:22:26.000,225.307,225.307,225.307,225.307,12
07.10.2024 14:22:27.000,225.306,225.307,225.306,225.307,48
07.10.2024 14:22:29.000,225.307,225.307,225.307,225.307,12
07.10.2024 14:22:30.000,225.286,225.286,225.286,225.286,12
07.10.2024 14:22:31.000,225.286,225.286,225.286,225.286,12
07.10.2024 14:22:32.000,225.316,225.326,225.316,225.326,24
07.10.2024 14:22:34.000,225.327,225.327,225.327,225.327,12
07.10.2024 14:22:35.000,225.316,225.316,225.316,225.316,12
07.10.2024 14:22:39.000,225.327,225.327,225.327,225.327,12
07.10.2024 14:22:40.000,225.307,225.307,225.307,225.307,36
07.10.2024 14:22:41.000,225.307,225.307,225.307,225.307,12
07.10.2024 14:22:42.000,225.306,225.306,225.286,225.286,24
07.10.2024 14:22:43.000,225.287,225.287,225.286,225.286,24
07.10.2024 14:22:44.000,225.297,225.297,225.297,225.297,12
07.10.2024 14:22:45.000,225.307,225.307,225.307,225.307,12
07.10.2024 14:22:46.000,225.306,225.327,225.296,225.296,48
07.10.2024 14:22:47.000,225.297,225.307,225.297,225.307,36
07.10.2024 14:22:48.000,225.296,225.296,225.296,225.296,24
07.10.2024 14:22:49.000,225.297,225.297,225.297,225.297,12
07.10.2024 14:22:53.000,225.326,225.346,225.326,225.336,48
07.10.2024 14:22:54.000,225.366,225.377,225.366,225.377,24
07.10.2024 14:22:56.000,225.377,225.377,225.377,225.377,12
07.10.2024 14:22:57.000,225.387,225.387,225.387,225.387,12
07.10.2024 14:22:58.000,225.376,225.376,225.376,225.376,12
07.10.2024 14:22:59.000,225.376,225.376,225.337,225.337,24
07.10.2024 14:23:00.000,225.347,225.347,225.337,225.337,24
07.10.2024 14:23:01.000,225.377,225.377,225.377,225.377,12
07.10.2024 14:23:03.000,225.386,225.386,225.326,225.326,48
07.10.2024 14:23:05.000,225.317,225.336,225.317,225.317,36
07.10.2024 14:23:06.000,225.347,225.347,225.306,225.306,60
07.10.2024 14:23:08.000,225.306,225.307,225.306,225.307,24
07.10.2024 14:23:09.000,225.286,225.286,225.286,225.286,12
07.10.2024 14:23:10.000,225.276,225.277,225.276,225.276,48
07.10.2024 14:23:11.000,225.267,225.267,225.257,225.257,24
07.10.2024 14:23:12.000,225.246,225.247,225.246,225.246,36
07.10.2024 14:23:13.000,225.247,225.257,225.247,225.257,24
07.10.2024 14:23:14.000,225.266,225.266,225.266,225.266,12
07.10.2024 14:23:16.000,225.257,225.267,225.256,225.267,48
07.10.2024 14:23:17.000,225.276,225.276,225.266,225.266,24
07.10.2024 14:23:18.000,225.266,225.266,225.266,225.266,12
07.10.2024 14:23:19.000,225.286,225.286,225.276,225.276,24
07.10.2024 14:23:20.000,225.266,225.266,225.266,225.266,12
07.10.2024 14:23:22.000,225.297,225.297,225.297,225.297,12
07.10.2024 14:23:25.000,225.286,225.287,225.286,225.287,36
07.10.2024 14:23:27.000,225.277,225.287,225.277,225.287,24
07.10.2024 14:23:28.000,225.267,225.267,225.256,225.256,36
07.10.2024 14:23:29.000,225.257,225.257,225.257,225.257,12
07.10.2024 14:23:30.000,225.246,225.247,225.246,225.247,24
07.10.2024 14:23:31.000,225.246,225.247,225.246,225.246,36
07.10.2024 14:23:32.000,225.266,225.266,225.246,225.246,60
07.10.2024 14:23:33.000,225.246,225.247,225.216,225.226,84.00000000000001
07.10.2024 14:23:34.000,225.226,225.236,225.226,225.226,72
07.10.2024 14:23:35.000,225.216,225.216,225.216,225.216,12
07.10.2024 14:23:37.000,225.237,225.237,225.237,225.237,12
07.10.2024 14:23:38.000,225.236,225.236,225.236,225.236,12
07.10.2024 14:23:39.000,225.246,225.266,225.246,225.266,48
07.10.2024 14:23:40.000,225.256,225.267,225.256,225.267,24
07.10.2024 14:23:41.000,225.256,225.266,225.256,225.257,48
07.10.2024 14:23:42.000,225.296,225.296,225.296,225.296,12
07.10.2024 14:23:44.000,225.257,225.257,225.256,225.256,36
07.10.2024 14:23:46.000,225.257,225.257,225.256,225.256,24
07.10.2024 14:23:47.000,225.267,225.296,225.267,225.296,36
07.10.2024 14:23:50.000,225.306,225.306,225.296,225.296,24
07.10.2024 14:23:51.000,225.316,225.326,225.316,225.326,24
07.10.2024 14:23:52.000,225.316,225.316,225.277,225.297,96
07.10.2024 14:23:53.000,225.287,225.287,225.276,225.276,24
07.10.2024 14:23:54.000,225.276,225.276,225.266,225.266,24
07.10.2024 14:23:57.000,225.286,225.286,225.286,225.286,12
07.10.2024 14:23:58.000,225.277,225.277,225.266,225.266,24
07.10.2024 14:24:00.000,225.266,225.297,225.266,225.297,24
07.10.2024 14:24:02.000,225.297,225.297,225.297,225.297,12
07.10.2024 14:24:05.000,225.306,225.306,225.296,225.296,24
07.10.2024 14:24:06.000,225.317,225.317,225.317,225.317,12
07.10.2024 14:24:07.000,225.317,225.317,225.317,225.317,12
07.10.2024 14:24:08.000,225.326,225.326,225.326,225.326,12
07.10.2024 14:24:10.000,225.326,225.326,225.326,225.326,12
07.10.2024 14:24:11.000,225.346,225.346,225.326,225.336,60
07.10.2024 14:24:12.000,225.337,225.347,225.326,225.347,36
07.10.2024 14:24:13.000,225.336,225.336,225.326,225.326,24
07.10.2024 14:24:14.000,225.327,225.327,225.327,225.327,24
07.10.2024 14:24:15.000,225.346,225.346,225.346,225.346,12
07.10.2024 14:24:16.000,225.337,225.346,225.337,225.346,24
07.10.2024 14:24:19.000,225.336,225.337,225.336,225.337,24
07.10.2024 14:24:20.000,225.346,225.346,225.346,225.346,12
07.10.2024 14:24:21.000,225.346,225.357,225.346,225.346,48
07.10.2024 14:24:22.000,225.357,225.367,225.347,225.347,96
07.10.2024 14:24:23.000,225.347,225.347,225.336,225.336,60
07.10.2024 14:24:24.000,225.356,225.356,225.356,225.356,12
07.10.2024 14:24:25.000,225.367,225.367,225.367,225.367,12
07.10.2024 14:24:27.000,225.366,225.366,225.346,225.357,72
07.10.2024 14:24:28.000,225.356,225.356,225.356,225.356,12
07.10.2024 14:24:29.000,225.356,225.357,225.356,225.356,60
07.10.2024 14:24:32.000,225.357,225.357,225.347,225.347,48
07.10.2024 14:24:33.000,225.347,225.367,225.347,225.367,36
07.10.2024 14:24:34.000,225.357,225.357,225.357,225.357,12
07.10.2024 14:24:35.000,225.356,225.357,225.356,225.357,36
07.10.2024 14:24:36.000,225.376,225.386,225.376,225.376,36
07.10.2024 14:24:37.000,225.386,225.386,225.376,225.376,24
07.10.2024 14:24:38.000,225.376,225.376,225.357,225.357,24
07.10.2024 14:24:39.000,225.367,225.377,225.367,225.377,24
07.10.2024 14:24:40.000,225.376,225.387,225.376,225.376,36
07.10.2024 14:24:41.000,225.387,225.387,225.387,225.387,24
07.10.2024 14:24:42.000,225.376,225.416,225.376,225.387,48
07.10.2024 14:24:43.000,225.426,225.426,225.386,225.386,24
07.10.2024 14:24:44.000,225.387,225.387,225.386,225.386,60
07.10.2024 14:24:45.000,225.386,225.397,225.386,225.397,24
07.10.2024 14:24:46.000,225.406,225.406,225.406,225.406,24
07.10.2024 14:24:47.000,225.397,225.397,225.396,225.396,24
07.10.2024 14:24:48.000,225.387,225.406,225.387,225.406,36
07.10.2024 14:24:49.000,225.406,225.406,225.406,225.406,12
07.10.2024 14:24:50.000,225.407,225.407,225.386,225.387,36
07.10.2024 14:24:51.000,225.406,225.406,225.387,225.387,24
07.10.2024 14:24:52.000,225.406,225.406,225.377,225.377,36
07.10.2024 14:24:53.000,225.377,225.377,225.376,225.376,36
07.10.2024 14:24:54.000,225.376,225.377,225.336,225.336,60
07.10.2024 14:24:55.000,225.327,225.327,225.327,225.327,24
07.10.2024 14:24:57.000,225.296,225.297,225.296,225.297,24
07.10.2024 14:24:58.000,225.296,225.296,225.296,225.296,12
07.10.2024 14:24:59.000,225.297,225.297,225.297,225.297,12
07.10.2024 14:25:01.000,225.307,225.327,225.307,225.326,72
07.10.2024 14:25:02.000,225.326,225.327,225.326,225.326,36
07.10.2024 14:25:04.000,225.327,225.327,225.327,225.327,24
07.10.2024 14:25:05.000,225.346,225.346,225.337,225.337,24
07.10.2024 14:25:06.000,225.357,225.357,225.356,225.356,24
07.10.2024 14:25:07.000,225.356,225.377,225.356,225.377,48
07.10.2024 14:25:08.000,225.386,225.396,225.386,225.396,24
07.10.2024 14:25:09.000,225.407,225.407,225.407,225.407,24
07.10.2024 14:25:11.000,225.406,225.407,225.406,225.407,24
07.10.2024 14:25:12.000,225.347,225.347,225.346,225.346,24
07.10.2024 14:25:13.000,225.366,225.366,225.366,225.366,12
07.10.2024 14:25:15.000,225.366,225.366,225.366,225.366,12
07.10.2024 14:25:16.000,225.367,225.367,225.367,225.367,24
07.10.2024 14:25:17.000,225.346,225.386,225.346,225.386,24
07.10.2024 14:25:18.000,225.386,225.386,225.326,225.326,60
07.10.2024 14:25:19.000,225.326,225.327,225.326,225.327,36
07.10.2024 14:25:20.000,225.327,225.327,225.306,225.317,96
07.10.2024 14:25:21.000,225.316,225.326,225.316,225.326,36
07.10.2024 14:25:22.000,225.296,225.297,225.296,225.297,36
07.10.2024 14:25:23.000,225.297,225.297,225.297,225.297,12
07.10.2024 14:25:24.000,225.307,225.307,225.296,225.296,24
07.10.2024 14:25:26.000,225.297,225.297,225.296,225.296,36
07.10.2024 14:25:27.000,225.296,225.307,225.296,225.297,36
07.10.2024 14:25:28.000,225.297,225.297,225.296,225.296,24
07.10.2024 14:25:30.000,225.296,225.296,225.296,225.296,12
07.10.2024 14:25:32.000,225.296,225.307,225.296,225.306,60
07.10.2024 14:25:33.000,225.306,225.307,225.306,225.307,36
07.10.2024 14:25:34.000,225.307,225.307,225.296,225.296,48
07.10.2024 14:25:38.000,225.296,225.297,225.296,225.297,24
07.10.2024 14:25:39.000,225.316,225.316,225.316,225.316,12
07.10.2024 14:25:40.000,225.317,225.317,225.316,225.316,36
07.10.2024 14:25:41.000,225.326,225.326,225.326,225.326,12
07.10.2024 14:25:42.000,225.326,225.347,225.326,225.346,72
07.10.2024 14:25:43.000,225.347,225.347,225.346,225.346,24
07.10.2024 14:25:44.000,225.347,225.347,225.347,225.347,12
07.10.2024 14:25:46.000,225.347,225.347,225.346,225.346,24
07.10.2024 14:25:47.000,225.357,225.357,225.347,225.347,24
07.10.2024 14:25:48.000,225.346,225.346,225.346,225.346,12
07.10.2024 14:25:49.000,225.347,225.357,225.347,225.357,24
07.10.2024 14:25:50.000,225.366,225.366,225.366,225.366,12
07.10.2024 14:25:51.000,225.376,225.376,225.366,225.366,24
07.10.2024 14:25:52.000,225.377,225.377,225.377,225.377,12
07.10.2024 14:25:53.000,225.366,225.366,225.356,225.356,24
07.10.2024 14:25:59.000,225.356,225.357,225.356,225.356,36
07.10.2024 14:26:01.000,225.357,225.357,225.357,225.357,12
07.10.2024 14:26:02.000,225.326,225.337,225.326,225.337,36
07.10.2024 14:26:03.000,225.336,225.337,225.327,225.327,48
07.10.2024 14:26:05.000,225.307,225.307,225.297,225.297,36
07.10.2024 14:26:06.000,225.296,225.296,225.296,225.296,12
07.10.2024 14:26:08.000,225.306,225.306,225.306,225.306,12
07.10.2024 14:26:10.000,225.297,225.297,225.296,225.296,36
07.10.2024 14:26:11.000,225.296,225.296,225.296,225.296,12
07.10.2024 14:26:13.000,225.296,225.296,225.296,225.296,24
07.10.2024 14:26:14.000,225.316,225.326,225.316,225.326,36
07.10.2024 14:26:15.000,225.326,225.326,225.316,225.316,24
07.10.2024 14:26:17.000,225.347,225.347,225.347,225.347,12
07.10.2024 14:26:22.000,225.346,225.346,225.316,225.316,24
07.10.2024 14:26:23.000,225.326,225.326,225.326,225.326,12
07.10.2024 14:26:25.000,225.317,225.317,225.317,225.317,12
07.10.2024 14:26:27.000,225.327,225.357,225.327,225.357,36
07.10.2024 14:26:30.000,225.377,225.377,225.377,225.377,12
07.10.2024 14:26:33.000,225.366,225.366,225.366,225.366,12
07.10.2024 14:26:36.000,225.386,225.386,225.386,225.386,12
07.10.2024 14:26:38.000,225.387,225.387,225.387,225.387,24
07.10.2024 14:26:39.000,225.387,225.387,225.387,225.387,12
07.10.2024 14:26:40.000,225.387,225.387,225.387,225.387,12
07.10.2024 14:26:41.000,225.396,225.396,225.396,225.396,12
07.10.2024 14:26:42.000,225.406,225.406,225.396,225.396,24
07.10.2024 14:26:46.000,225.397,225.397,225.367,225.367,24
07.10.2024 14:26:47.000,225.366,225.366,225.366,225.366,12
07.10.2024 14:26:48.000,225.366,225.366,225.366,225.366,12
07.10.2024 14:26:50.000,225.356,225.356,225.347,225.347,24
07.10.2024 14:26:51.000,225.347,225.347,225.347,225.347,12
07.10.2024 14:26:53.000,225.366,225.366,225.366,225.366,12
07.10.2024 14:26:57.000,225.387,225.387,225.386,225.386,24
07.10.2024 14:26:58.000,225.367,225.367,225.367,225.367,12
07.10.2024 14:27:00.000,225.397,225.397,225.367,225.367,48
07.10.2024 14:27:01.000,225.366,225.366,225.366,225.366,24
07.10.2024 14:27:02.000,225.367,225.396,225.367,225.396,48
07.10.2024 14:27:03.000,225.417,225.417,225.417,225.417,12
07.10.2024 14:27:05.000,225.456,225.466,225.456,225.466,24
07.10.2024 14:27:06.000,225.456,225.456,225.456,225.456,12
07.10.2024 14:27:07.000,225.466,225.466,225.466,225.466,12
07.10.2024 14:27:08.000,225.466,225.466,225.466,225.466,12
07.10.2024 14:27:09.000,225.496,225.497,225.476,225.476,72
07.10.2024 14:27:10.000,225.486,225.486,225.476,225.477,60
07.10.2024 14:27:11.000,225.466,225.467,225.466,225.467,36
07.10.2024 14:27:12.000,225.467,225.467,225.467,225.467,12
07.10.2024 14:27:13.000,225.466,225.466,225.436,225.436,36
07.10.2024 14:27:16.000,225.437,225.437,225.437,225.437,12
07.10.2024 14:27:17.000,225.467,225.496,225.467,225.477,60
07.10.2024 14:27:18.000,225.496,225.496,225.477,225.477,24
07.10.2024 14:27:19.000,225.476,225.476,225.476,225.476,12
07.10.2024 14:27:20.000,225.476,225.476,225.467,225.467,36
07.10.2024 14:27:22.000,225.486,225.486,225.486,225.486,24
07.10.2024 14:27:23.000,225.466,225.466,225.466,225.466,24
07.10.2024 14:27:24.000,225.506,225.506,225.477,225.496,36
07.10.2024 14:27:28.000,225.497,225.497,225.497,225.497,12
07.10.2024 14:27:35.000,225.496,225.496,225.496,225.496,12
07.10.2024 14:27:41.000,225.507,225.507,225.506,225.506,36
07.10.2024 14:27:43.000,225.507,225.507,225.507,225.507,12
07.10.2024 14:27:44.000,225.517,225.517,225.507,225.507,36
07.10.2024 14:27:46.000,225.496,225.496,225.496,225.496,12
07.10.2024 14:27:49.000,225.477,225.477,225.466,225.467,36
07.10.2024 14:27:50.000,225.446,225.446,225.446,225.446,12
07.10.2024 14:27:51.000,225.466,225.466,225.466,225.466,12
07.10.2024 14:27:52.000,225.477,225.477,225.477,225.477,12
07.10.2024 14:27:55.000,225.486,225.487,225.486,225.487,24
07.10.2024 14:27:56.000,225.507,225.507,225.507,225.507,12
07.10.2024 14:27:57.000,225.487,225.487,225.486,225.487,36
07.10.2024 14:27:59.000,225.476,225.476,225.476,225.476,12
07.10.2024 14:28:00.000,225.476,225.476,225.476,225.476,12
07.10.2024 14:28:01.000,225.477,225.477,225.466,225.467,84.00000000000001
07.10.2024 14:28:02.000,225.477,225.497,225.466,225.466,48
07.10.2024 14:28:03.000,225.467,225.467,225.466,225.466,24
07.10.2024 14:28:04.000,225.466,225.467,225.466,225.467,24
07.10.2024 14:28:06.000,225.436,225.436,225.426,225.426,24
07.10.2024 14:28:08.000,225.426,225.426,225.426,225.426,12
07.10.2024 14:28:10.000,225.426,225.426,225.396,225.396,36
07.10.2024 14:28:11.000,225.396,225.397,225.387,225.397,72
07.10.2024 14:28:12.000,225.386,225.407,225.386,225.407,24
07.10.2024 14:28:13.000,225.416,225.416,225.396,225.396,24
07.10.2024 14:28:14.000,225.396,225.396,225.396,225.396,36
07.10.2024 14:28:15.000,225.396,225.396,225.396,225.396,12
07.10.2024 14:28:16.000,225.407,225.407,225.407,225.407,12
07.10.2024 14:28:20.000,225.407,225.407,225.407,225.407,24
07.10.2024 14:28:21.000,225.406,225.407,225.406,225.407,24
07.10.2024 14:28:22.000,225.406,225.406,225.406,225.406,12
07.10.2024 14:28:23.000,225.376,225.376,225.366,225.367,48
07.10.2024 14:28:25.000,225.347,225.347,225.347,225.347,12
07.10.2024 14:28:26.000,225.347,225.347,225.347,225.347,12
07.10.2024 14:28:27.000,225.336,225.336,225.336,225.336,12
07.10.2024 14:28:29.000,225.336,225.336,225.336,225.336,12
07.10.2024 14:28:30.000,225.336,225.336,225.336,225.336,12
07.10.2024 14:28:33.000,225.346,225.346,225.346,225.346,12
07.10.2024 14:28:34.000,225.347,225.347,225.347,225.347,36
07.10.2024 14:28:35.000,225.337,225.337,225.336,225.336,36
07.10.2024 14:28:36.000,225.297,225.297,225.286,225.286,48
07.10.2024 14:28:37.000,225.287,225.287,225.287,225.287,12
07.10.2024 14:28:39.000,225.276,225.286,225.276,225.286,24
07.10.2024 14:28:43.000,225.296,225.296,225.286,225.286,24
07.10.2024 14:28:45.000,225.287,225.287,225.286,225.286,24
07.10.2024 14:28:48.000,225.256,225.257,225.236,225.246,60
07.10.2024 14:28:49.000,225.236,225.236,225.236,225.236,12
07.10.2024 14:28:50.000,225.237,225.237,225.226,225.236,48
07.10.2024 14:28:51.000,225.236,225.236,225.236,225.236,12
07.10.2024 14:28:52.000,225.237,225.237,225.237,225.237,12
07.10.2024 14:28:53.000,225.237,225.256,225.236,225.236,60
07.10.2024 14:28:54.000,225.237,225.237,225.237,225.237,12
07.10.2024 14:28:55.000,225.277,225.277,225.246,225.246,48
07.10.2024 14:28:57.000,225.247,225.247,225.246,225.246,24
07.10.2024 14:28:58.000,225.246,225.246,225.246,225.246,24
07.10.2024 14:28:59.000,225.246,225.256,225.246,225.256,24
07.10.2024 14:29:00.000,225.267,225.267,225.267,225.267,12
07.10.2024 14:29:01.000,225.247,225.267,225.247,225.267,24
07.10.2024 14:29:02.000,225.246,225.246,225.246,225.246,12
07.10.2024 14:29:05.000,225.256,225.267,225.256,225.267,24
07.10.2024 14:29:07.000,225.256,225.256,225.256,225.256,12
07.10.2024 14:29:08.000,225.246,225.256,225.246,225.246,48
07.10.2024 14:29:09.000,225.267,225.267,225.267,225.267,12
07.10.2024 14:29:10.000,225.257,225.257,225.246,225.246,24
07.10.2024 14:29:11.000,225.247,225.247,225.247,225.247,24
07.10.2024 14:29:13.000,225.257,225.276,225.257,225.276,36
07.10.2024 14:29:17.000,225.297,225.297,225.267,225.267,60
07.10.2024 14:29:18.000,225.276,225.276,225.276,225.276,24
07.10.2024 14:29:20.000,225.276,225.276,225.276,225.276,24
07.10.2024 14:29:26.000,225.267,225.267,225.246,225.246,24
07.10.2024 14:29:27.000,225.257,225.257,225.247,225.247,24
07.10.2024 14:29:33.000,225.257,225.257,225.257,225.257,12
07.10.2024 14:29:34.000,225.216,225.217,225.216,225.216,36
07.10.2024 14:29:36.000,225.217,225.217,225.216,225.216,24
07.10.2024 14:29:37.000,225.227,225.227,225.227,225.227,12
07.10.2024 14:29:38.000,225.247,225.247,225.247,225.247,12
07.10.2024 14:29:39.000,225.236,225.256,225.236,225.256,24
07.10.2024 14:29:40.000,225.266,225.287,225.266,225.287,24
07.10.2024 14:29:43.000,225.297,225.307,225.297,225.307,36
07.10.2024 14:29:44.000,225.316,225.336,225.316,225.336,24
07.10.2024 14:29:45.000,225.337,225.337,225.327,225.327,36
07.10.2024 14:29:46.000,225.326,225.326,225.316,225.316,24
07.10.2024 14:29:47.000,225.316,225.316,225.316,225.316,12
07.10.2024 14:29:50.000,225.316,225.316,225.316,225.316,12
07.10.2024 14:29:51.000,225.316,225.316,225.316,225.316,12
07.10.2024 14:29:52.000,225.336,225.336,225.336,225.336,36
07.10.2024 14:29:54.000,225.316,225.316,225.307,225.307,24
07.10.2024 14:29:55.000,225.306,225.307,225.286,225.286,48
07.10.2024 14:29:56.000,225.297,225.297,225.297,225.297,24
07.10.2024 14:29:57.000,225.297,225.297,225.297,225.297,36
07.10.2024 14:29:59.000,225.296,225.297,225.296,225.297,36
07.10.2024 14:30:00.000,225.296,225.296,225.287,225.287,36
07.10.2024 14:30:01.000,225.296,225.296,225.296,225.296,12
07.10.2024 14:30:02.000,225.287,225.287,225.287,225.287,12
07.10.2024 14:30:03.000,225.326,225.336,225.296,225.296,60
07.10.2024 14:30:04.000,225.296,225.306,225.276,225.276,48
07.10.2024 14:30:05.000,225.287,225.287,225.276,225.276,72
07.10.2024 14:30:06.000,225.276,225.276,225.276,225.276,12
07.10.2024 14:30:07.000,225.276,225.276,225.276,225.276,12
07.10.2024 14:30:08.000,225.287,225.287,225.266,225.266,24
07.10.2024 14:30:09.000,225.276,225.277,225.266,225.276,48
07.10.2024 14:30:10.000,225.266,225.297,225.266,225.286,60
07.10.2024 14:30:11.000,225.316,225.327,225.316,225.327,72
07.10.2024 14:30:12.000,225.367,225.367,225.326,225.356,48
07.10.2024 14:30:13.000,225.356,225.356,225.356,225.356,12
07.10.2024 14:30:14.000,225.326,225.326,225.326,225.326,12
07.10.2024 14:30:15.000,225.366,225.366,225.366,225.366,12
07.10.2024 14:30:16.000,225.327,225.327,225.327,225.327,48
07.10.2024 14:30:21.000,225.356,225.356,225.356,225.356,12
07.10.2024 14:30:22.000,225.316,225.316,225.316,225.316,12
07.10.2024 14:30:23.000,225.316,225.336,225.316,225.336,24
07.10.2024 14:30:24.000,225.366,225.366,225.366,225.366,12
07.10.2024 14:30:25.000,225.366,225.366,225.366,225.366,24
07.10.2024 14:30:26.000,225.317,225.317,225.306,225.306,84.00000000000001
07.10.2024 14:30:27.000,225.276,225.276,225.266,225.266,36
07.10.2024 14:30:28.000,225.277,225.277,225.266,225.266,24
07.10.2024 14:30:29.000,225.267,225.267,225.236,225.236,24
07.10.2024 14:30:30.000,225.226,225.236,225.226,225.236,24
07.10.2024 14:30:31.000,225.237,225.237,225.236,225.236,24
07.10.2024 14:30:33.000,225.226,225.226,225.226,225.226,12
07.10.2024 14:30:34.000,225.237,225.237,225.236,225.236,36
07.10.2024 14:30:35.000,225.237,225.237,225.227,225.227,36
07.10.2024 14:30:39.000,225.256,225.277,225.256,225.277,24
07.10.2024 14:30:40.000,225.276,225.276,225.226,225.226,36
07.10.2024 14:30:41.000,225.226,225.247,225.226,225.247,48
07.10.2024 14:30:42.000,225.237,225.237,225.237,225.237,12
07.10.2024 14:30:43.000,225.257,225.257,225.247,225.247,24
07.10.2024 14:30:44.000,225.247,225.247,225.247,225.247,24
07.10.2024 14:30:45.000,225.246,225.246,225.246,225.246,12
07.10.2024 14:30:46.000,225.257,225.257,225.257,225.257,12
07.10.2024 14:30:49.000,225.246,225.247,225.246,225.247,36
07.10.2024 14:30:50.000,225.266,225.266,225.266,225.266,12
07.10.2024 14:30:51.000,225.267,225.267,225.267,225.267,12
07.10.2024 14:30:52.000,225.266,225.266,225.236,225.236,48
07.10.2024 14:30:53.000,225.266,225.266,225.266,225.266,12
07.10.2024 14:30:54.000,225.277,225.277,225.246,225.246,24
07.10.2024 14:30:55.000,225.247,225.256,225.247,225.256,24
07.10.2024 14:30:56.000,225.247,225.247,225.246,225.246,36
07.10.2024 14:30:58.000,225.266,225.267,225.266,225.266,48
07.10.2024 14:30:59.000,225.246,225.246,225.246,225.246,12
07.10.2024 14:31:00.000,225.246,225.266,225.246,225.266,36
07.10.2024 14:31:01.000,225.246,225.246,225.246,225.246,12
07.10.2024 14:31:02.000,225.256,225.257,225.246,225.247,48
07.10.2024 14:31:03.000,225.266,225.266,225.266,225.266,12
07.10.2024 14:31:04.000,225.276,225.276,225.246,225.246,24
07.10.2024 14:31:05.000,225.247,225.287,225.246,225.287,72
07.10.2024 14:31:06.000,225.286,225.296,225.286,225.296,36
07.10.2024 14:31:07.000,225.277,225.277,225.266,225.266,60
07.10.2024 14:31:08.000,225.277,225.277,225.276,225.276,48
07.10.2024 14:31:09.000,225.286,225.286,225.286,225.286,36
07.10.2024 14:31:10.000,225.297,225.317,225.297,225.317,24
07.10.2024 14:31:11.000,225.326,225.326,225.317,225.317,24
07.10.2024 14:31:13.000,225.316,225.327,225.316,225.327,24
07.10.2024 14:31:18.000,225.297,225.297,225.286,225.286,24
07.10.2024 14:31:19.000,225.287,225.287,225.287,225.287,12
07.10.2024 14:31:21.000,225.267,225.267,225.266,225.266,24
07.10.2024 14:31:22.000,225.267,225.267,225.267,225.267,12
07.10.2024 14:31:24.000,225.266,225.296,225.266,225.277,48
07.10.2024 14:31:25.000,225.276,225.276,225.276,225.276,12
07.10.2024 14:31:26.000,225.276,225.276,225.276,225.276,12
07.10.2024 14:31:27.000,225.267,225.267,225.267,225.267,12
07.10.2024 14:31:30.000,225.246,225.246,225.227,225.227,36
07.10.2024 14:31:33.000,225.226,225.247,225.226,225.247,60
07.10.2024 14:31:34.000,225.247,225.247,225.247,225.247,24
07.10.2024 14:31:36.000,225.236,225.236,225.236,225.236,12
07.10.2024 14:31:38.000,225.237,225.237,225.237,225.237,12
07.10.2024 14:31:39.000,225.237,225.237,225.237,225.237,24
07.10.2024 14:31:40.000,225.247,225.247,225.247,225.247,12
07.10.2024 14:31:41.000,225.266,225.267,225.266,225.266,48
07.10.2024 14:31:43.000,225.267,225.267,225.266,225.266,24
07.10.2024 14:31:44.000,225.267,225.267,225.267,225.267,36
07.10.2024 14:31:45.000,225.277,225.277,225.256,225.256,72
07.10.2024 14:31:46.000,225.246,225.246,225.236,225.236,24
07.10.2024 14:31:47.000,225.236,225.236,225.236,225.236,12
07.10.2024 14:31:48.000,225.237,225.237,225.236,225.236,84.00000000000001
07.10.2024 14:31:49.000,225.237,225.237,225.237,225.237,36
07.10.2024 14:31:50.000,225.237,225.237,225.236,225.236,36
07.10.2024 14:31:51.000,225.247,225.247,225.247,225.247,12
07.10.2024 14:31:53.000,225.236,225.247,225.236,225.247,24
07.10.2024 14:31:57.000,225.246,225.247,225.246,225.247,24
07.10.2024 14:31:58.000,225.266,225.266,225.266,225.266,12
07.10.2024 14:32:00.000,225.236,225.237,225.236,225.237,24
07.10.2024 14:32:01.000,225.237,225.247,225.237,225.247,24
07.10.2024 14:32:02.000,225.246,225.246,225.246,225.246,48
07.10.2024 14:32:03.000,225.246,225.246,225.246,225.246,12
07.10.2024 14:32:04.000,225.237,225.256,225.237,225.256,24
07.10.2024 14:32:05.000,225.246,225.247,225.246,225.247,24
07.10.2024 14:32:06.000,225.236,225.237,225.236,225.237,24
07.10.2024 14:32:07.000,225.236,225.236,225.236,225.236,12
07.10.2024 14:32:08.000,225.237,225.237,225.237,225.237,12
07.10.2024 14:32:09.000,225.236,225.237,225.236,225.237,24
07.10.2024 14:32:10.000,225.246,225.247,225.237,225.237,36
07.10.2024 14:32:11.000,225.237,225.237,225.236,225.236,72
07.10.2024 14:32:12.000,225.237,225.237,225.237,225.237,12
07.10.2024 14:32:13.000,225.236,225.236,225.236,225.236,12
07.10.2024 14:32:14.000,225.197,225.197,225.177,225.177,36
07.10.2024 14:32:15.000,225.167,225.167,225.157,225.157,24
07.10.2024 14:32:16.000,225.167,225.167,225.156,225.156,60
07.10.2024 14:32:17.000,225.166,225.167,225.166,225.167,24
07.10.2024 14:32:18.000,225.166,225.166,225.166,225.166,24
07.10.2024 14:32:19.000,225.167,225.167,225.167,225.167,12
07.10.2024 14:32:20.000,225.177,225.177,225.177,225.177,12
07.10.2024 14:32:21.000,225.167,225.167,225.166,225.166,24
07.10.2024 14:32:23.000,225.167,225.167,225.167,225.167,12
07.10.2024 14:32:24.000,225.177,225.186,225.177,225.186,24
07.10.2024 14:32:25.000,225.226,225.226,225.196,225.196,36
07.10.2024 14:32:26.000,225.187,225.207,225.187,225.207,24
07.10.2024 14:32:28.000,225.217,225.217,225.206,225.206,24
07.10.2024 14:32:30.000,225.217,225.217,225.157,225.157,84.00000000000001
07.10.2024 14:32:31.000,225.197,225.197,225.197,225.197,24
07.10.2024 14:32:32.000,225.206,225.217,225.156,225.156,48
07.10.2024 14:32:33.000,225.187,225.187,225.187,225.187,12
07.10.2024 14:32:34.000,225.187,225.197,225.177,225.187,84.00000000000001
07.10.2024 14:32:35.000,225.187,225.187,225.166,225.166,48
07.10.2024 14:32:36.000,225.156,225.156,225.156,225.156,12
07.10.2024 14:32:38.000,225.177,225.177,225.176,225.176,24
07.10.2024 14:32:39.000,225.177,225.177,225.177,225.177,12
07.10.2024 14:32:40.000,225.177,225.177,225.166,225.176,48
07.10.2024 14:32:41.000,225.166,225.166,225.166,225.166,12
07.10.2024 14:32:42.000,225.176,225.176,225.176,225.176,12
07.10.2024 14:32:43.000,225.167,225.167,225.167,225.167,12
07.10.2024 14:32:45.000,225.206,225.206,225.206,225.206,12
07.10.2024 14:32:46.000,225.216,225.217,225.216,225.216,72
07.10.2024 14:32:47.000,225.197,225.197,225.197,225.197,12
07.10.2024 14:32:48.000,225.196,225.196,225.186,225.186,24
07.10.2024 14:32:49.000,225.186,225.186,225.186,225.186,12
07.10.2024 14:32:50.000,225.207,225.207,225.207,225.207,12
07.10.2024 14:32:51.000,225.227,225.257,225.227,225.257,60
07.10.2024 14:32:52.000,225.257,225.257,225.257,225.257,24
07.10.2024 14:32:55.000,225.256,225.257,225.197,225.197,72
07.10.2024 14:32:57.000,225.207,225.207,225.177,225.177,24
07.10.2024 14:32:58.000,225.177,225.187,225.177,225.187,24
07.10.2024 14:32:59.000,225.176,225.177,225.176,225.177,24
07.10.2024 14:33:01.000,225.197,225.197,225.177,225.187,48
07.10.2024 14:33:02.000,225.176,225.186,225.176,225.176,36
07.10.2024 14:33:03.000,225.187,225.187,225.187,225.187,24
07.10.2024 14:33:04.000,225.197,225.197,225.186,225.186,36
07.10.2024 14:33:06.000,225.197,225.197,225.197,225.197,36
07.10.2024 14:33:08.000,225.207,225.227,225.207,225.227,36
07.10.2024 14:33:10.000,225.227,225.227,225.226,225.227,48
07.10.2024 14:33:11.000,225.236,225.236,225.227,225.227,24
07.10.2024 14:33:14.000,225.256,225.256,225.256,225.256,12
07.10.2024 14:33:15.000,225.257,225.257,225.257,225.257,24
07.10.2024 14:33:21.000,225.276,225.287,225.267,225.287,48
07.10.2024 14:33:23.000,225.297,225.297,225.297,225.297,12
07.10.2024 14:33:24.000,225.307,225.307,225.307,225.307,24
07.10.2024 14:33:25.000,225.317,225.317,225.317,225.317,12
07.10.2024 14:33:26.000,225.307,225.307,225.286,225.286,36
07.10.2024 14:33:27.000,225.287,225.287,225.287,225.287,24
07.10.2024 14:33:28.000,225.287,225.287,225.287,225.287,12
07.10.2024 14:33:29.000,225.307,225.307,225.307,225.307,12
07.10.2024 14:33:30.000,225.316,225.316,225.287,225.287,48
07.10.2024 14:33:31.000,225.287,225.317,225.286,225.286,60
07.10.2024 14:33:32.000,225.277,225.277,225.276,225.276,24
07.10.2024 14:33:35.000,225.277,225.277,225.266,225.266,48
07.10.2024 14:33:36.000,225.266,225.266,225.266,225.266,12
07.10.2024 14:33:38.000,225.296,225.297,225.296,225.297,48
07.10.2024 14:33:39.000,225.306,225.306,225.296,225.296,24
07.10.2024 14:33:42.000,225.296,225.316,225.296,225.316,36
07.10.2024 14:33:44.000,225.306,225.306,225.296,225.297,48
07.10.2024 14:33:45.000,225.307,225.307,225.296,225.296,24
07.10.2024 14:33:48.000,225.327,225.327,225.306,225.306,36
07.10.2024 14:33:49.000,225.316,225.316,225.307,225.307,24
07.10.2024 14:33:52.000,225.317,225.317,225.307,225.307,24
07.10.2024 14:33:53.000,225.307,225.307,225.307,225.307,48
07.10.2024 14:33:54.000,225.296,225.296,225.296,225.296,24
07.10.2024 14:33:56.000,225.316,225.316,225.316,225.316,12
07.10.2024 14:33:58.000,225.316,225.316,225.316,225.316,24
07.10.2024 14:33:59.000,225.307,225.307,225.306,225.306,24
07.10.2024 14:34:00.000,225.307,225.307,225.307,225.307,12
07.10.2024 14:34:01.000,225.316,225.316,225.306,225.306,60
07.10.2024 14:34:02.000,225.316,225.316,225.316,225.316,12
07.10.2024 14:34:04.000,225.337,225.337,225.317,225.317,36
07.10.2024 14:34:05.000,225.337,225.337,225.316,225.316,24
07.10.2024 14:34:06.000,225.327,225.327,225.316,225.316,48
07.10.2024 14:34:08.000,225.316,225.316,225.316,225.316,36
07.10.2024 14:34:09.000,225.316,225.316,225.316,225.316,24
07.10.2024 14:34:10.000,225.327,225.327,225.327,225.327,12
07.10.2024 14:34:11.000,225.316,225.316,225.316,225.316,24
07.10.2024 14:34:13.000,225.317,225.317,225.317,225.317,12
07.10.2024 14:34:14.000,225.316,225.316,225.316,225.316,24
07.10.2024 14:34:15.000,225.326,225.326,225.326,225.326,12
07.10.2024 14:34:18.000,225.347,225.347,225.347,225.347,12
07.10.2024 14:34:20.000,225.346,225.346,225.346,225.346,12
07.10.2024 14:34:21.000,225.366,225.376,225.366,225.376,48
07.10.2024 14:34:22.000,225.367,225.386,225.367,225.386,24
07.10.2024 14:34:23.000,225.387,225.387,225.387,225.387,12
07.10.2024 14:34:26.000,225.407,225.416,225.406,225.416,36
07.10.2024 14:34:29.000,225.417,225.417,225.416,225.416,24
07.10.2024 14:34:30.000,225.417,225.417,225.417,225.417,12
07.10.2024 14:34:31.000,225.366,225.407,225.366,225.407,36
07.10.2024 14:34:33.000,225.406,225.406,225.406,225.406,12
07.10.2024 14:34:35.000,225.416,225.416,225.416,225.416,12
07.10.2024 14:34:39.000,225.417,225.417,225.396,225.396,36
07.10.2024 14:34:42.000,225.407,225.416,225.396,225.396,36
07.10.2024 14:34:43.000,225.396,225.396,225.367,225.367,24
07.10.2024 14:34:45.000,225.357,225.357,225.357,225.357,12
07.10.2024 14:34:46.000,225.357,225.357,225.357,225.357,24
07.10.2024 14:34:47.000,225.357,225.396,225.357,225.396,36
07.10.2024 14:34:48.000,225.397,225.397,225.397,225.397,12
07.10.2024 14:34:49.000,225.357,225.357,225.357,225.357,12
07.10.2024 14:34:50.000,225.356,225.357,225.356,225.357,24
07.10.2024 14:34:51.000,225.356,225.356,225.356,225.356,12
07.10.2024 14:34:52.000,225.357,225.357,225.356,225.356,24
07.10.2024 14:34:55.000,225.357,225.357,225.357,225.357,24
07.10.2024 14:34:57.000,225.367,225.367,225.367,225.367,12
07.10.2024 14:34:58.000,225.367,225.367,225.367,225.367,24
07.10.2024 14:35:00.000,225.376,225.376,225.376,225.376,12
07.10.2024 14:35:05.000,225.366,225.366,225.366,225.366,12
07.10.2024 14:35:07.000,225.357,225.357,225.357,225.357,12
07.10.2024 14:35:08.000,225.336,225.336,225.326,225.336,36
07.10.2024 14:35:09.000,225.327,225.327,225.327,225.327,12
07.10.2024 14:35:10.000,225.326,225.337,225.316,225.316,48
07.10.2024 14:35:12.000,225.336,225.347,225.316,225.316,36
07.10.2024 14:35:13.000,225.326,225.326,225.326,225.326,24
07.10.2024 14:35:14.000,225.346,225.357,225.346,225.357,24
07.10.2024 14:35:15.000,225.346,225.346,225.336,225.336,24
07.10.2024 14:35:16.000,225.347,225.347,225.327,225.327,36
07.10.2024 14:35:17.000,225.346,225.367,225.346,225.367,24
07.10.2024 14:35:18.000,225.377,225.377,225.377,225.377,12
07.10.2024 14:35:19.000,225.366,225.366,225.366,225.366,12
07.10.2024 14:35:21.000,225.386,225.416,225.386,225.416,36
07.10.2024 14:35:23.000,225.417,225.417,225.417,225.417,12
07.10.2024 14:35:26.000,225.407,225.407,225.407,225.407,12
07.10.2024 14:35:27.000,225.437,225.437,225.437,225.437,12
07.10.2024 14:35:28.000,225.447,225.447,225.437,225.437,36
07.10.2024 14:35:30.000,225.427,225.457,225.427,225.457,36
07.10.2024 14:35:32.000,225.457,225.457,225.457,225.457,12
07.10.2024 14:35:35.000,225.457,225.457,225.447,225.447,24
07.10.2024 14:35:36.000,225.446,225.457,225.446,225.457,24
07.10.2024 14:35:37.000,225.446,225.446,225.396,225.396,48
07.10.2024 14:35:42.000,225.387,225.397,225.386,225.386,36
07.10.2024 14:35:43.000,225.406,225.406,225.406,225.406,24
07.10.2024 14:35:47.000,225.417,225.417,225.406,225.406,24
07.10.2024 14:35:48.000,225.407,225.407,225.406,225.406,24
07.10.2024 14:35:49.000,225.407,225.407,225.406,225.406,36
07.10.2024 14:35:51.000,225.437,225.437,225.407,225.407,36
07.10.2024 14:35:53.000,225.417,225.417,225.407,225.407,24
07.10.2024 14:35:56.000,225.447,225.447,225.447,225.447,12
07.10.2024 14:35:57.000,225.416,225.427,225.416,225.427,24
07.10.2024 14:35:59.000,225.446,225.446,225.446,225.446,12
07.10.2024 14:36:00.000,225.446,225.467,225.446,225.467,24
07.10.2024 14:36:01.000,225.437,225.437,225.437,225.437,12
07.10.2024 14:36:02.000,225.427,225.437,225.426,225.426,36
07.10.2024 14:36:03.000,225.447,225.447,225.426,225.426,24
07.10.2024 14:36:04.000,225.426,225.426,225.426,225.426,12
07.10.2024 14:36:05.000,225.436,225.436,225.436,225.436,12
07.10.2024 14:36:06.000,225.436,225.436,225.436,225.436,12
07.10.2024 14:36:07.000,225.476,225.476,225.476,225.476,12
07.10.2024 14:36:08.000,225.487,225.487,225.487,225.487,12
07.10.2024 14:36:10.000,225.486,225.497,225.486,225.497,24
07.10.2024 14:36:11.000,225.526,225.526,225.506,225.506,36
07.10.2024 14:36:12.000,225.526,225.527,225.517,225.517,48
07.10.2024 14:36:15.000,225.537,225.537,225.537,225.537,12
07.10.2024 14:36:16.000,225.517,225.527,225.516,225.516,36
07.10.2024 14:36:18.000,225.506,225.506,225.506,225.506,12
07.10.2024 14:36:20.000,225.506,225.506,225.506,225.506,24
07.10.2024 14:36:21.000,225.516,225.546,225.516,225.537,48
07.10.2024 14:36:22.000,225.517,225.517,225.517,225.517,12
07.10.2024 14:36:27.000,225.517,225.517,225.517,225.517,12
07.10.2024 14:36:30.000,225.526,225.526,225.526,225.526,12
07.10.2024 14:36:31.000,225.537,225.537,225.537,225.537,12
07.10.2024 14:36:32.000,225.526,225.527,225.526,225.526,36
07.10.2024 14:36:35.000,225.537,225.537,225.526,225.526,24
07.10.2024 14:36:38.000,225.517,225.517,225.517,225.517,12
07.10.2024 14:36:39.000,225.516,225.516,225.516,225.516,12
07.10.2024 14:36:40.000,225.516,225.516,225.516,225.516,12
07.10.2024 14:36:41.000,225.517,225.517,225.516,225.516,24
07.10.2024 14:36:44.000,225.526,225.576,225.526,225.566,48
07.10.2024 14:36:45.000,225.576,225.587,225.576,225.587,24
07.10.2024 14:36:46.000,225.596,225.596,225.587,225.587,24
07.10.2024 14:36:47.000,225.596,225.596,225.596,225.596,12
07.10.2024 14:36:48.000,225.596,225.596,225.567,225.567,24
07.10.2024 14:36:50.000,225.557,225.557,225.547,225.547,24
07.10.2024 14:36:51.000,225.546,225.547,225.546,225.547,24
07.10.2024 14:36:52.000,225.546,225.546,225.546,225.546,12
07.10.2024 14:36:54.000,225.557,225.557,225.557,225.557,12
07.10.2024 14:36:55.000,225.557,225.557,225.556,225.556,36
07.10.2024 14:36:56.000,225.527,225.527,225.526,225.527,36
07.10.2024 14:37:02.000,225.537,225.537,225.537,225.537,12
07.10.2024 14:37:03.000,225.537,225.537,225.526,225.526,24
07.10.2024 14:37:04.000,225.527,225.527,225.527,225.527,12
07.10.2024 14:37:05.000,225.527,225.527,225.527,225.527,24
07.10.2024 14:37:06.000,225.537,225.537,225.526,225.527,48
07.10.2024 14:37:08.000,225.526,225.526,225.526,225.526,24
07.10.2024 14:37:09.000,225.537,225.566,225.527,225.566,48
07.10.2024 14:37:10.000,225.556,225.566,225.556,225.557,36
07.10.2024 14:37:11.000,225.566,225.566,225.566,225.566,24
07.10.2024 14:37:12.000,225.556,225.556,225.556,225.556,12
07.10.2024 14:37:15.000,225.556,225.556,225.556,225.556,12
07.10.2024 14:37:17.000,225.567,225.567,225.567,225.567,12
07.10.2024 14:37:21.000,225.596,225.596,225.596,225.596,12
07.10.2024 14:37:22.000,225.566,225.597,225.566,225.597,24
07.10.2024 14:37:23.000,225.586,225.586,225.586,225.586,12
07.10.2024 14:37:24.000,225.606,225.606,225.586,225.586,36
07.10.2024 14:37:25.000,225.597,225.607,225.597,225.607,24
07.10.2024 14:37:26.000,225.627,225.646,225.627,225.636,60
07.10.2024 14:37:29.000,225.657,225.657,225.647,225.657,36
07.10.2024 14:37:30.000,225.646,225.666,225.646,225.666,24
07.10.2024 14:37:31.000,225.666,225.676,225.646,225.676,36
07.10.2024 14:37:32.000,225.646,225.667,225.646,225.667,36
07.10.2024 14:37:33.000,225.656,225.677,225.646,225.677,36
07.10.2024 14:37:35.000,225.667,225.667,225.667,225.667,24
07.10.2024 14:37:36.000,225.667,225.667,225.667,225.667,12
07.10.2024 14:37:37.000,225.666,225.667,225.656,225.666,60
07.10.2024 14:37:38.000,225.667,225.667,225.626,225.626,48
07.10.2024 14:37:39.000,225.627,225.627,225.606,225.606,24
07.10.2024 14:37:40.000,225.607,225.607,225.607,225.607,24
07.10.2024 14:37:42.000,225.597,225.597,225.597,225.597,12
07.10.2024 14:37:43.000,225.577,225.577,225.577,225.577,12
07.10.2024 14:37:44.000,225.567,225.567,225.556,225.556,24
07.10.2024 14:37:45.000,225.566,225.566,225.556,225.556,24
07.10.2024 14:37:46.000,225.576,225.576,225.576,225.576,12
07.10.2024 14:37:47.000,225.576,225.576,225.576,225.576,24
07.10.2024 14:37:50.000,225.567,225.567,225.567,225.567,24
07.10.2024 14:37:51.000,225.566,225.566,225.557,225.557,24
07.10.2024 14:37:53.000,225.546,225.546,225.536,225.536,48
07.10.2024 14:37:54.000,225.527,225.527,225.527,225.527,12
07.10.2024 14:37:55.000,225.507,225.507,225.496,225.507,48
07.10.2024 14:37:56.000,225.506,225.506,225.496,225.496,24
07.10.2024 14:37:57.000,225.527,225.557,225.527,225.536,72
07.10.2024 14:37:58.000,225.547,225.547,225.547,225.547,12
07.10.2024 14:37:59.000,225.547,225.547,225.547,225.547,12
07.10.2024 14:38:00.000,225.557,225.557,225.557,225.557,12
07.10.2024 14:38:01.000,225.556,225.556,225.556,225.556,12
07.10.2024 14:38:02.000,225.557,225.557,225.557,225.557,12
07.10.2024 14:38:03.000,225.506,225.516,225.496,225.496,48
07.10.2024 14:38:04.000,225.506,225.506,225.496,225.496,24
07.10.2024 14:38:05.000,225.497,225.506,225.496,225.506,36
07.10.2024 14:38:06.000,225.497,225.506,225.497,225.506,24
07.10.2024 14:38:07.000,225.497,225.507,225.496,225.496,36
07.10.2024 14:38:09.000,225.496,225.507,225.496,225.497,36
07.10.2024 14:38:10.000,225.517,225.517,225.517,225.517,12
07.10.2024 14:38:11.000,225.516,225.516,225.507,225.507,24
07.10.2024 14:38:12.000,225.496,225.496,225.496,225.496,12
07.10.2024 14:38:13.000,225.496,225.496,225.496,225.496,12
07.10.2024 14:38:14.000,225.506,225.506,225.506,225.506,12
07.10.2024 14:38:15.000,225.496,225.516,225.496,225.516,60
07.10.2024 14:38:16.000,225.527,225.527,225.527,225.527,24
07.10.2024 14:38:17.000,225.537,225.537,225.526,225.526,24
07.10.2024 14:38:18.000,225.527,225.527,225.527,225.527,12
07.10.2024 14:38:20.000,225.537,225.537,225.527,225.527,36
07.10.2024 14:38:21.000,225.557,225.557,225.536,225.536,72
07.10.2024 14:38:25.000,225.546,225.546,225.536,225.546,36
07.10.2024 14:38:26.000,225.557,225.557,225.557,225.557,24
07.10.2024 14:38:27.000,225.557,225.557,225.557,225.557,12
07.10.2024 14:38:30.000,225.557,225.557,225.557,225.557,12
07.10.2024 14:38:31.000,225.556,225.556,225.526,225.526,36
07.10.2024 14:38:32.000,225.527,225.527,225.516,225.516,24
07.10.2024 14:38:33.000,225.516,225.517,225.516,225.517,36
07.10.2024 14:38:35.000,225.526,225.527,225.516,225.516,96
07.10.2024 14:38:37.000,225.526,225.526,225.526,225.526,12
07.10.2024 14:38:39.000,225.547,225.547,225.547,225.547,12
07.10.2024 14:38:41.000,225.537,225.537,225.536,225.536,24
07.10.2024 14:38:42.000,225.547,225.547,225.537,225.537,24
07.10.2024 14:38:43.000,225.526,225.527,225.526,225.527,48
07.10.2024 14:38:44.000,225.527,225.527,225.516,225.517,48
07.10.2024 14:38:45.000,225.516,225.527,225.516,225.527,24
07.10.2024 14:38:47.000,225.517,225.517,225.517,225.517,12
07.10.2024 14:38:48.000,225.497,225.506,225.497,225.506,24
07.10.2024 14:38:52.000,225.517,225.527,225.517,225.527,24
07.10.2024 14:38:55.000,225.527,225.536,225.516,225.526,60
07.10.2024 14:38:56.000,225.517,225.517,225.517,225.517,12
07.10.2024 14:38:57.000,225.517,225.527,225.516,225.516,36
07.10.2024 14:38:58.000,225.526,225.536,225.517,225.536,36
07.10.2024 14:39:00.000,225.527,225.527,225.506,225.506,36
07.10.2024 14:39:01.000,225.506,225.517,225.506,225.507,60
07.10.2024 14:39:02.000,225.507,225.527,225.506,225.527,48
07.10.2024 14:39:03.000,225.537,225.537,225.526,225.537,60
07.10.2024 14:39:04.000,225.557,225.557,225.557,225.557,12
07.10.2024 14:39:05.000,225.556,225.576,225.546,225.576,36
07.10.2024 14:39:06.000,225.547,225.547,225.547,225.547,24
07.10.2024 14:39:07.000,225.546,225.557,225.546,225.546,60
07.10.2024 14:39:08.000,225.547,225.567,225.547,225.567,60
07.10.2024 14:39:09.000,225.546,225.556,225.537,225.537,60
07.10.2024 14:39:10.000,225.537,225.537,225.537,225.537,36
07.10.2024 14:39:11.000,225.537,225.537,225.537,225.537,12
07.10.2024 14:39:12.000,225.536,225.557,225.536,225.536,48
07.10.2024 14:39:13.000,225.537,225.537,225.537,225.537,12
07.10.2024 14:39:14.000,225.547,225.547,225.547,225.547,24
07.10.2024 14:39:15.000,225.546,225.546,225.546,225.546,24
07.10.2024 14:39:16.000,225.546,225.546,225.546,225.546,24
07.10.2024 14:39:17.000,225.547,225.547,225.547,225.547,12
07.10.2024 14:39:18.000,225.556,225.557,225.556,225.557,24
07.10.2024 14:39:19.000,225.576,225.576,225.566,225.566,24
07.10.2024 14:39:20.000,225.567,225.567,225.567,225.567,12
07.10.2024 14:39:23.000,225.566,225.577,225.566,225.577,24
07.10.2024 14:39:24.000,225.566,225.566,225.566,225.566,12
07.10.2024 14:39:28.000,225.556,225.557,225.556,225.557,24
07.10.2024 14:39:29.000,225.557,225.557,225.557,225.557,12
07.10.2024 14:39:30.000,225.557,225.557,225.547,225.547,24
07.10.2024 14:39:31.000,225.537,225.537,225.517,225.517,36
07.10.2024 14:39:32.000,225.507,225.516,225.506,225.506,36
07.10.2024 14:39:33.000,225.516,225.516,225.507,225.507,24
07.10.2024 14:39:34.000,225.527,225.527,225.527,225.527,12
07.10.2024 14:39:36.000,225.516,225.516,225.507,225.507,24
07.10.2024 14:39:37.000,225.506,225.517,225.506,225.517,48
07.10.2024 14:39:38.000,225.507,225.507,225.507,225.507,12
07.10.2024 14:39:39.000,225.506,225.506,225.506,225.506,12
07.10.2024 14:39:40.000,225.517,225.526,225.517,225.526,24
07.10.2024 14:39:41.000,225.506,225.507,225.506,225.507,24
07.10.2024 14:39:42.000,225.526,225.526,225.526,225.526,12
07.10.2024 14:39:43.000,225.526,225.526,225.526,225.526,12
07.10.2024 14:39:48.000,225.547,225.547,225.547,225.547,12
07.10.2024 14:39:50.000,225.557,225.557,225.557,225.557,12
07.10.2024 14:39:51.000,225.586,225.586,225.586,225.586,12
07.10.2024 14:39:54.000,225.607,225.616,225.607,225.616,24
07.10.2024 14:39:56.000,225.607,225.607,225.566,225.566,24
07.10.2024 14:39:57.000,225.566,225.566,225.556,225.556,24
07.10.2024 14:39:58.000,225.557,225.567,225.556,225.557,60
07.10.2024 14:39:59.000,225.546,225.546,225.546,225.546,12
07.10.2024 14:40:00.000,225.566,225.566,225.566,225.566,12
07.10.2024 14:40:01.000,225.537,225.537,225.536,225.536,24
07.10.2024 14:40:02.000,225.536,225.537,225.536,225.537,24
07.10.2024 14:40:03.000,225.547,225.547,225.526,225.537,72
07.10.2024 14:40:04.000,225.536,225.546,225.536,225.537,36
07.10.2024 14:40:05.000,225.566,225.566,225.556,225.556,36
07.10.2024 14:40:07.000,225.557,225.557,225.536,225.547,60
07.10.2024 14:40:08.000,225.546,225.546,225.546,225.546,12
07.10.2024 14:40:09.000,225.556,225.556,225.547,225.547,24
07.10.2024 14:40:10.000,225.557,225.557,225.536,225.536,36
07.10.2024 14:40:11.000,225.537,225.537,225.537,225.537,12
07.10.2024 14:40:12.000,225.547,225.547,225.547,225.547,12
07.10.2024 14:40:13.000,225.547,225.566,225.547,225.547,36
07.10.2024 14:40:14.000,225.547,225.547,225.546,225.546,24
07.10.2024 14:40:15.000,225.556,225.567,225.546,225.557,60
07.10.2024 14:40:17.000,225.557,225.566,225.557,225.566,36
07.10.2024 14:40:18.000,225.556,225.556,225.546,225.547,72
07.10.2024 14:40:19.000,225.547,225.547,225.546,225.546,84.00000000000001
07.10.2024 14:40:20.000,225.506,225.506,225.456,225.466,96
07.10.2024 14:40:21.000,225.456,225.466,225.447,225.466,60
07.10.2024 14:40:22.000,225.477,225.477,225.467,225.476,36
07.10.2024 14:40:23.000,225.467,225.467,225.347,225.347,108
07.10.2024 14:40:24.000,225.377,225.377,225.347,225.347,48
07.10.2024 14:40:25.000,225.367,225.397,225.366,225.397,48
07.10.2024 14:40:26.000,225.367,225.427,225.367,225.386,60
07.10.2024 14:40:27.000,225.427,225.436,225.416,225.417,60
07.10.2024 14:40:28.000,225.436,225.436,225.436,225.436,12
07.10.2024 14:40:29.000,225.446,225.456,225.437,225.456,36
07.10.2024 14:40:30.000,225.466,225.487,225.466,225.487,24
07.10.2024 14:40:31.000,225.456,225.456,225.456,225.456,12
07.10.2024 14:40:33.000,225.446,225.446,225.446,225.446,24
07.10.2024 14:40:34.000,225.447,225.447,225.447,225.447,12
07.10.2024 14:40:35.000,225.446,225.446,225.446,225.446,12
07.10.2024 14:40:36.000,225.436,225.437,225.416,225.427,60
07.10.2024 14:40:38.000,225.417,225.417,225.416,225.416,24
07.10.2024 14:40:39.000,225.426,225.426,225.426,225.426,12
07.10.2024 14:40:40.000,225.436,225.437,225.417,225.426,48
07.10.2024 14:40:42.000,225.457,225.457,225.457,225.457,12
07.10.2024 14:40:43.000,225.457,225.457,225.417,225.427,48
07.10.2024 14:40:45.000,225.437,225.467,225.437,225.467,24
07.10.2024 14:40:46.000,225.457,225.457,225.457,225.457,12
07.10.2024 14:40:47.000,225.456,225.486,225.456,225.477,36
07.10.2024 14:40:48.000,225.486,225.497,225.486,225.487,36
07.10.2024 14:40:49.000,225.497,225.497,225.486,225.487,96
07.10.2024 14:40:50.000,225.476,225.476,225.476,225.476,12
07.10.2024 14:40:53.000,225.487,225.517,225.486,225.486,36
07.10.2024 14:40:54.000,225.497,225.497,225.497,225.497,24
07.10.2024 14:40:55.000,225.487,225.487,225.487,225.487,12
07.10.2024 14:40:56.000,225.487,225.507,225.487,225.496,36
07.10.2024 14:40:57.000,225.496,225.527,225.496,225.527,48
07.10.2024 14:41:01.000,225.527,225.527,225.526,225.526,24
07.10.2024 14:41:03.000,225.526,225.546,225.526,225.527,72
07.10.2024 14:41:04.000,225.547,225.557,225.546,225.546,60
07.10.2024 14:41:05.000,225.537,225.537,225.526,225.526,24
07.10.2024 14:41:06.000,225.547,225.547,225.547,225.547,12
07.10.2024 14:41:07.000,225.516,225.526,225.516,225.526,48
07.10.2024 14:41:08.000,225.517,225.517,225.507,225.507,24
07.10.2024 14:41:10.000,225.476,225.497,225.476,225.476,36
07.10.2024 14:41:11.000,225.457,225.457,225.446,225.446,36
07.10.2024 14:41:12.000,225.456,225.457,225.446,225.447,48
07.10.2024 14:41:13.000,225.436,225.436,225.436,225.436,12
07.10.2024 14:41:14.000,225.436,225.437,225.436,225.437,24
07.10.2024 14:41:16.000,225.427,225.427,225.416,225.416,24
07.10.2024 14:41:17.000,225.427,225.427,225.427,225.427,12
07.10.2024 14:41:18.000,225.426,225.426,225.377,225.397,84.00000000000001
07.10.2024 14:41:19.000,225.377,225.417,225.367,225.417,48
07.10.2024 14:41:20.000,225.416,225.416,225.416,225.416,12
07.10.2024 14:41:21.000,225.427,225.437,225.377,225.377,48
07.10.2024 14:41:22.000,225.377,225.406,225.377,225.397,84.00000000000001
07.10.2024 14:41:25.000,225.437,225.437,225.396,225.396,48
07.10.2024 14:41:26.000,225.406,225.437,225.406,225.416,36
07.10.2024 14:41:28.000,225.436,225.436,225.436,225.436,12
07.10.2024 14:41:30.000,225.456,225.486,225.446,225.486,48
07.10.2024 14:41:31.000,225.506,225.507,225.497,225.497,48
07.10.2024 14:41:32.000,225.477,225.477,225.477,225.477,12
07.10.2024 14:41:33.000,225.467,225.467,225.467,225.467,12
07.10.2024 14:41:36.000,225.486,225.486,225.486,225.486,24
07.10.2024 14:41:37.000,225.476,225.476,225.476,225.476,12
07.10.2024 14:41:38.000,225.497,225.497,225.486,225.486,24
07.10.2024 14:41:39.000,225.476,225.476,225.476,225.476,12
07.10.2024 14:41:41.000,225.477,225.477,225.476,225.476,24
07.10.2024 14:41:43.000,225.527,225.527,225.517,225.517,24
07.10.2024 14:41:44.000,225.537,225.537,225.526,225.526,24
07.10.2024 14:41:47.000,225.517,225.517,225.517,225.517,12
07.10.2024 14:41:48.000,225.517,225.557,225.517,225.536,48
07.10.2024 14:41:49.000,225.527,225.527,225.516,225.516,24
07.10.2024 14:41:50.000,225.527,225.557,225.527,225.557,24
07.10.2024 14:41:51.000,225.566,225.566,225.556,225.557,36
07.10.2024 14:41:52.000,225.557,225.557,225.557,225.557,48
07.10.2024 14:41:54.000,225.556,225.557,225.556,225.557,36
07.10.2024 14:41:59.000,225.567,225.567,225.556,225.556,24
07.10.2024 14:42:01.000,225.566,225.586,225.556,225.556,48
07.10.2024 14:42:02.000,225.557,225.557,225.557,225.557,12
07.10.2024 14:42:04.000,225.557,225.557,225.546,225.546,36
07.10.2024 14:42:05.000,225.536,225.537,225.517,225.517,36
07.10.2024 14:42:06.000,225.496,225.496,225.496,225.496,12
07.10.2024 14:42:07.000,225.506,225.506,225.496,225.497,48
07.10.2024 14:42:08.000,225.477,225.477,225.477,225.477,12
07.10.2024 14:42:09.000,225.477,225.477,225.456,225.457,48
07.10.2024 14:42:10.000,225.446,225.446,225.446,225.446,12
07.10.2024 14:42:12.000,225.476,225.486,225.476,225.486,24
07.10.2024 14:42:14.000,225.497,225.497,225.477,225.477,24
07.10.2024 14:42:15.000,225.486,225.507,225.486,225.507,24
07.10.2024 14:42:16.000,225.487,225.487,225.487,225.487,12
07.10.2024 14:42:18.000,225.476,225.476,225.476,225.476,12
07.10.2024 14:42:19.000,225.496,225.496,225.496,225.496,12
07.10.2024 14:42:21.000,225.506,225.516,225.486,225.507,60
07.10.2024 14:42:22.000,225.476,225.476,225.476,225.476,12
07.10.2024 14:42:23.000,225.497,225.497,225.497,225.497,12
07.10.2024 14:42:24.000,225.507,225.517,225.496,225.506,48
07.10.2024 14:42:25.000,225.496,225.496,225.496,225.496,24
07.10.2024 14:42:26.000,225.506,225.506,225.506,225.506,24
07.10.2024 14:42:28.000,225.517,225.517,225.507,225.507,24
07.10.2024 14:42:29.000,225.537,225.537,225.527,225.527,24
07.10.2024 14:42:32.000,225.527,225.527,225.507,225.507,24
07.10.2024 14:42:34.000,225.496,225.526,225.496,225.516,48
07.10.2024 14:42:36.000,225.516,225.516,225.516,225.516,12
07.10.2024 14:42:40.000,225.517,225.547,225.517,225.537,36
07.10.2024 14:42:41.000,225.557,225.557,225.557,225.557,12
07.10.2024 14:42:42.000,225.556,225.556,225.556,225.556,24
07.10.2024 14:42:47.000,225.567,225.567,225.567,225.567,12
07.10.2024 14:42:48.000,225.556,225.556,225.556,225.556,12
07.10.2024 14:42:49.000,225.567,225.567,225.557,225.557,24
07.10.2024 14:42:51.000,225.576,225.586,225.576,225.586,24
07.10.2024 14:42:52.000,225.537,225.576,225.537,225.576,36
07.10.2024 14:42:55.000,225.587,225.587,225.576,225.576,36
07.10.2024 14:42:56.000,225.576,225.576,225.576,225.576,12
07.10.2024 14:42:57.000,225.557,225.557,225.557,225.557,12
07.10.2024 14:42:58.000,225.547,225.547,225.547,225.547,12
07.10.2024 14:42:59.000,225.576,225.577,225.576,225.576,36
07.10.2024 14:43:00.000,225.587,225.587,225.576,225.576,24
07.10.2024 14:43:05.000,225.606,225.606,225.596,225.596,24
07.10.2024 14:43:07.000,225.597,225.597,225.597,225.597,12
07.10.2024 14:43:08.000,225.636,225.636,225.617,225.617,36
07.10.2024 14:43:09.000,225.627,225.637,225.627,225.637,36
07.10.2024 14:43:10.000,225.637,225.637,225.637,225.637,12
07.10.2024 14:43:11.000,225.637,225.637,225.617,225.617,24
07.10.2024 14:43:12.000,225.647,225.647,225.616,225.616,48
07.10.2024 14:43:13.000,225.617,225.647,225.617,225.647,36
07.10.2024 14:43:14.000,225.617,225.617,225.616,225.616,36
07.10.2024 14:43:17.000,225.596,225.596,225.596,225.596,12
07.10.2024 14:43:18.000,225.587,225.587,225.576,225.576,48
07.10.2024 14:43:19.000,225.576,225.576,225.576,225.576,24
07.10.2024 14:43:20.000,225.576,225.576,225.576,225.576,12
07.10.2024 14:43:21.000,225.596,225.596,225.576,225.596,60
07.10.2024 14:43:22.000,225.576,225.577,225.576,225.577,36
07.10.2024 14:43:23.000,225.557,225.557,225.556,225.556,24
07.10.2024 14:43:24.000,225.557,225.557,225.546,225.546,24
07.10.2024 14:43:25.000,225.557,225.557,225.546,225.547,36
07.10.2024 14:43:26.000,225.536,225.547,225.536,225.547,24
07.10.2024 14:43:27.000,225.546,225.556,225.546,225.546,36
07.10.2024 14:43:28.000,225.537,225.537,225.536,225.537,36
07.10.2024 14:43:29.000,225.547,225.547,225.547,225.547,12
07.10.2024 14:43:30.000,225.537,225.547,225.537,225.547,24
07.10.2024 14:43:31.000,225.546,225.546,225.536,225.537,48
07.10.2024 14:43:33.000,225.517,225.557,225.517,225.557,24
07.10.2024 14:43:34.000,225.547,225.547,225.547,225.547,12
07.10.2024 14:43:35.000,225.557,225.557,225.557,225.557,12
07.10.2024 14:43:36.000,225.536,225.576,225.536,225.557,48
07.10.2024 14:43:37.000,225.546,225.567,225.546,225.567,24
07.10.2024 14:43:38.000,225.567,225.577,225.566,225.566,48
07.10.2024 14:43:41.000,225.587,225.587,225.587,225.587,12
07.10.2024 14:43:42.000,225.566,225.586,225.566,225.566,48
07.10.2024 14:43:43.000,225.566,225.566,225.527,225.527,36
07.10.2024 14:43:44.000,225.516,225.516,225.497,225.497,48
07.10.2024 14:43:45.000,225.516,225.527,225.516,225.527,48
07.10.2024 14:43:47.000,225.496,225.496,225.496,225.496,12
07.10.2024 14:43:48.000,225.497,225.497,225.497,225.497,12
07.10.2024 14:43:50.000,225.486,225.506,225.486,225.496,36
07.10.2024 14:43:51.000,225.506,225.506,225.487,225.487,24
07.10.2024 14:43:52.000,225.476,225.476,225.476,225.476,12
07.10.2024 14:43:53.000,225.486,225.486,225.476,225.476,24
07.10.2024 14:43:54.000,225.477,225.486,225.446,225.446,72
07.10.2024 14:43:55.000,225.447,225.467,225.447,225.467,36
07.10.2024 14:43:56.000,225.467,225.477,225.467,225.477,48
07.10.2024 14:43:57.000,225.476,225.476,225.476,225.476,12
07.10.2024 14:43:58.000,225.486,225.496,225.477,225.487,60
07.10.2024 14:44:00.000,225.497,225.497,225.497,225.497,12
07.10.2024 14:44:01.000,225.456,225.466,225.456,225.456,36
07.10.2024 14:44:02.000,225.467,225.487,225.467,225.487,24
07.10.2024 14:44:04.000,225.487,225.487,225.486,225.486,24
07.10.2024 14:44:05.000,225.487,225.496,225.487,225.487,60
07.10.2024 14:44:06.000,225.497,225.506,225.486,225.506,60
07.10.2024 14:44:07.000,225.496,225.496,225.496,225.496,12
07.10.2024 14:44:11.000,225.506,225.506,225.506,225.506,12
07.10.2024 14:44:12.000,225.506,225.506,225.506,225.506,12
07.10.2024 14:44:14.000,225.477,225.477,225.477,225.477,12
07.10.2024 14:44:15.000,225.477,225.477,225.477,225.477,12
07.10.2024 14:44:18.000,225.497,225.497,225.487,225.487,48
07.10.2024 14:44:19.000,225.497,225.497,225.486,225.486,24
07.10.2024 14:44:20.000,225.486,225.507,225.486,225.497,36
07.10.2024 14:44:21.000,225.507,225.516,225.487,225.516,60
07.10.2024 14:44:22.000,225.487,225.487,225.466,225.466,24
07.10.2024 14:44:23.000,225.467,225.467,225.447,225.447,24
07.10.2024 14:44:24.000,225.416,225.427,225.416,225.417,36
07.10.2024 14:44:25.000,225.406,225.406,225.396,225.396,24
07.10.2024 14:44:26.000,225.406,225.406,225.387,225.387,24
07.10.2024 14:44:27.000,225.396,225.396,225.386,225.387,36
07.10.2024 14:44:28.000,225.367,225.367,225.357,225.366,36
07.10.2024 14:44:29.000,225.366,225.377,225.366,225.377,60
07.10.2024 14:44:31.000,225.377,225.396,225.377,225.377,36
07.10.2024 14:44:32.000,225.406,225.416,225.406,225.416,24
07.10.2024 14:44:36.000,225.427,225.436,225.427,225.436,24
07.10.2024 14:44:37.000,225.417,225.417,225.407,225.407,24
07.10.2024 14:44:41.000,225.397,225.397,225.397,225.397,12
07.10.2024 14:44:42.000,225.397,225.397,225.397,225.397,12
07.10.2024 14:44:44.000,225.397,225.397,225.397,225.397,12
07.10.2024 14:44:46.000,225.396,225.396,225.386,225.386,24
07.10.2024 14:44:47.000,225.386,225.386,225.386,225.386,12
07.10.2024 14:44:48.000,225.397,225.397,225.397,225.397,12
07.10.2024 14:44:49.000,225.387,225.387,225.387,225.387,12
07.10.2024 14:44:50.000,225.376,225.376,225.356,225.357,48
07.10.2024 14:44:51.000,225.356,225.356,225.346,225.346,36
07.10.2024 14:44:52.000,225.366,225.366,225.366,225.366,12
07.10.2024 14:44:53.000,225.346,225.356,225.346,225.356,24
07.10.2024 14:44:55.000,225.347,225.347,225.347,225.347,12
07.10.2024 14:44:56.000,225.357,225.357,225.336,225.356,84.00000000000001
07.10.2024 14:44:57.000,225.357,225.376,225.357,225.376,36
07.10.2024 14:44:59.000,225.387,225.387,225.377,225.387,36
07.10.2024 14:45:00.000,225.376,225.407,225.376,225.407,24
07.10.2024 14:45:01.000,225.407,225.407,225.407,225.407,12
07.10.2024 14:45:02.000,225.416,225.416,225.416,225.416,12
07.10.2024 14:45:05.000,225.406,225.406,225.406,225.406,12
07.10.2024 14:45:06.000,225.417,225.417,225.406,225.406,24
07.10.2024 14:45:08.000,225.416,225.416,225.416,225.416,12
07.10.2024 14:45:09.000,225.406,225.406,225.406,225.406,12
07.10.2024 14:45:10.000,225.417,225.417,225.416,225.416,36
07.10.2024 14:45:11.000,225.406,225.407,225.406,225.407,24
07.10.2024 14:45:13.000,225.406,225.406,225.377,225.377,36
07.10.2024 14:45:15.000,225.386,225.407,225.377,225.407,48
07.10.2024 14:45:16.000,225.397,225.397,225.397,225.397,12
07.10.2024 14:45:17.000,225.407,225.407,225.407,225.407,12
07.10.2024 14:45:18.000,225.397,225.397,225.397,225.397,12
07.10.2024 14:45:19.000,225.427,225.427,225.427,225.427,12
07.10.2024 14:45:20.000,225.436,225.437,225.436,225.437,48
07.10.2024 14:45:21.000,225.437,225.437,225.437,225.437,24
07.10.2024 14:45:23.000,225.446,225.447,225.446,225.447,24
07.10.2024 14:45:27.000,225.457,225.457,225.447,225.447,24
07.10.2024 14:45:28.000,225.457,225.457,225.447,225.456,60
07.10.2024 14:45:29.000,225.446,225.446,225.446,225.446,12
07.10.2024 14:45:31.000,225.456,225.456,225.456,225.456,12
07.10.2024 14:45:32.000,225.456,225.456,225.456,225.456,12
07.10.2024 14:45:36.000,225.446,225.457,225.446,225.446,60
07.10.2024 14:45:38.000,225.446,225.457,225.446,225.446,60
07.10.2024 14:45:39.000,225.456,225.467,225.447,225.467,36
07.10.2024 14:45:40.000,225.447,225.467,225.447,225.467,24
07.10.2024 14:45:41.000,225.457,225.476,225.457,225.476,24
07.10.2024 14:45:42.000,225.497,225.497,225.497,225.497,12
07.10.2024 14:45:43.000,225.486,225.486,225.486,225.486,12
07.10.2024 14:45:45.000,225.477,225.477,225.477,225.477,12
07.10.2024 14:45:48.000,225.477,225.477,225.477,225.477,12
07.10.2024 14:45:49.000,225.476,225.486,225.476,225.486,36
07.10.2024 14:45:50.000,225.477,225.487,225.477,225.487,24
07.10.2024 14:45:51.000,225.486,225.496,225.476,225.487,60
07.10.2024 14:45:52.000,225.476,225.477,225.457,225.457,36
07.10.2024 14:45:53.000,225.447,225.466,225.447,225.447,36
07.10.2024 14:45:54.000,225.466,225.466,225.447,225.447,24
07.10.2024 14:45:55.000,225.446,225.446,225.446,225.446,12
07.10.2024 14:45:56.000,225.476,225.476,225.456,225.456,24
07.10.2024 14:45:57.000,225.477,225.477,225.457,225.457,24
07.10.2024 14:45:58.000,225.446,225.446,225.446,225.446,12
07.10.2024 14:46:00.000,225.476,225.476,225.476,225.476,12
07.10.2024 14:46:02.000,225.487,225.487,225.477,225.477,24
07.10.2024 14:46:04.000,225.446,225.447,225.446,225.446,60
07.10.2024 14:46:05.000,225.456,225.456,225.416,225.416,48
07.10.2024 14:46:07.000,225.407,225.407,225.407,225.407,24
07.10.2024 14:46:11.000,225.406,225.406,225.406,225.406,12
07.10.2024 14:46:12.000,225.406,225.406,225.386,225.386,48
07.10.2024 14:46:13.000,225.377,225.377,225.356,225.356,36
07.10.2024 14:46:14.000,225.357,225.357,225.356,225.357,48
07.10.2024 14:46:15.000,225.337,225.346,225.336,225.336,60
07.10.2024 14:46:16.000,225.336,225.336,225.336,225.336,24
07.10.2024 14:46:18.000,225.357,225.367,225.347,225.367,72
07.10.2024 14:46:20.000,225.367,225.367,225.356,225.356,36
07.10.2024 14:46:21.000,225.367,225.367,225.346,225.346,36
07.10.2024 14:46:24.000,225.336,225.356,225.336,225.356,60
07.10.2024 14:46:25.000,225.347,225.347,225.347,225.347,12
07.10.2024 14:46:26.000,225.366,225.366,225.366,225.366,12
07.10.2024 14:46:27.000,225.356,225.366,225.356,225.366,24
07.10.2024 14:46:30.000,225.357,225.357,225.357,225.357,12
07.10.2024 14:46:31.000,225.367,225.367,225.357,225.366,36
07.10.2024 14:46:33.000,225.367,225.376,225.367,225.367,36
07.10.2024 14:46:34.000,225.367,225.367,225.367,225.367,12
07.10.2024 14:46:36.000,225.367,225.367,225.347,225.347,36
07.10.2024 14:46:37.000,225.327,225.347,225.326,225.327,60
07.10.2024 14:46:38.000,225.346,225.346,225.326,225.326,36
07.10.2024 14:46:39.000,225.307,225.307,225.306,225.306,24
07.10.2024 14:46:40.000,225.316,225.336,225.316,225.336,24
07.10.2024 14:46:41.000,225.347,225.347,225.337,225.337,24
07.10.2024 14:46:43.000,225.347,225.347,225.337,225.337,24
07.10.2024 14:46:46.000,225.366,225.366,225.366,225.366,12
07.10.2024 14:46:47.000,225.356,225.356,225.356,225.356,12
07.10.2024 14:46:48.000,225.366,225.366,225.366,225.366,12
07.10.2024 14:46:49.000,225.366,225.366,225.366,225.366,12
07.10.2024 14:46:51.000,225.366,225.366,225.366,225.366,12
07.10.2024 14:46:52.000,225.357,225.357,225.317,225.317,24
07.10.2024 14:46:53.000,225.317,225.317,225.317,225.317,12
07.10.2024 14:46:55.000,225.297,225.297,225.297,225.297,12
07.10.2024 14:46:56.000,225.287,225.287,225.276,225.276,36
07.10.2024 14:46:59.000,225.287,225.287,225.267,225.267,36
07.10.2024 14:47:00.000,225.247,225.257,225.247,225.247,48
07.10.2024 14:47:01.000,225.257,225.257,225.216,225.216,36
07.10.2024 14:47:02.000,225.217,225.217,225.217,225.217,24
07.10.2024 14:47:04.000,225.216,225.216,225.206,225.206,24
07.10.2024 14:47:05.000,225.216,225.227,225.216,225.217,60
07.10.2024 14:47:06.000,225.206,225.206,225.206,225.206,24
07.10.2024 14:47:07.000,225.196,225.196,225.186,225.186,24
07.10.2024 14:47:08.000,225.187,225.187,225.186,225.186,24
07.10.2024 14:47:09.000,225.197,225.197,225.197,225.197,24
07.10.2024 14:47:10.000,225.197,225.197,225.197,225.197,12
07.10.2024 14:47:11.000,225.196,225.196,225.196,225.196,12
07.10.2024 14:47:12.000,225.197,225.197,225.197,225.197,12
07.10.2024 14:47:13.000,225.176,225.176,225.166,225.166,24
07.10.2024 14:47:14.000,225.177,225.196,225.177,225.196,24
07.10.2024 14:47:15.000,225.207,225.227,225.207,225.216,48
07.10.2024 14:47:18.000,225.207,225.217,225.207,225.217,24
07.10.2024 14:47:21.000,225.216,225.216,225.216,225.216,12
07.10.2024 14:47:22.000,225.216,225.217,225.216,225.217,24
07.10.2024 14:47:23.000,225.226,225.226,225.216,225.216,24
07.10.2024 14:47:24.000,225.216,225.216,225.216,225.216,12
07.10.2024 14:47:25.000,225.216,225.216,225.216,225.216,12
07.10.2024 14:47:26.000,225.227,225.237,225.227,225.227,36
07.10.2024 14:47:27.000,225.216,225.216,225.216,225.216,12
07.10.2024 14:47:28.000,225.226,225.226,225.226,225.226,12
07.10.2024 14:47:29.000,225.216,225.237,225.216,225.227,36
07.10.2024 14:47:34.000,225.217,225.226,225.217,225.226,24
07.10.2024 14:47:35.000,225.237,225.237,225.237,225.237,12
07.10.2024 14:47:36.000,225.237,225.237,225.237,225.237,12
07.10.2024 14:47:38.000,225.227,225.237,225.216,225.237,36
07.10.2024 14:47:39.000,225.216,225.236,225.216,225.217,36
07.10.2024 14:47:40.000,225.236,225.236,225.216,225.216,36
07.10.2024 14:47:41.000,225.236,225.236,225.236,225.236,12
07.10.2024 14:47:42.000,225.236,225.236,225.167,225.167,60
07.10.2024 14:47:45.000,225.166,225.167,225.157,225.167,36
07.10.2024 14:47:46.000,225.177,225.177,225.146,225.146,60
07.10.2024 14:47:47.000,225.136,225.157,225.136,225.157,48
07.10.2024 14:47:48.000,225.137,225.157,225.137,225.157,24
07.10.2024 14:47:49.000,225.166,225.167,225.156,225.167,36
07.10.2024 14:47:50.000,225.167,225.167,225.167,225.167,24
07.10.2024 14:47:52.000,225.167,225.167,225.167,225.167,24
07.10.2024 14:47:54.000,225.157,225.157,225.157,225.157,12
07.10.2024 14:47:57.000,225.156,225.156,225.156,225.156,12
07.10.2024 14:47:58.000,225.167,225.167,225.157,225.157,24
07.10.2024 14:47:59.000,225.166,225.166,225.166,225.166,12
07.10.2024 14:48:00.000,225.176,225.206,225.176,225.206,36
07.10.2024 14:48:01.000,225.177,225.177,225.166,225.166,24
07.10.2024 14:48:02.000,225.177,225.177,225.156,225.156,60
07.10.2024 14:48:03.000,225.167,225.167,225.167,225.167,24
07.10.2024 14:48:04.000,225.177,225.187,225.177,225.177,48
07.10.2024 14:48:05.000,225.176,225.187,225.176,225.187,24
07.10.2024 14:48:06.000,225.177,225.187,225.176,225.176,36
07.10.2024 14:48:09.000,225.167,225.167,225.167,225.167,12
07.10.2024 14:48:11.000,225.157,225.167,225.157,225.166,48
07.10.2024 14:48:12.000,225.177,225.177,225.177,225.177,12
07.10.2024 14:48:15.000,225.176,225.176,225.176,225.176,12
07.10.2024 14:48:16.000,225.167,225.167,225.167,225.167,12
07.10.2024 14:48:17.000,225.197,225.197,225.197,225.197,24
07.10.2024 14:48:18.000,225.207,225.207,225.196,225.197,36
07.10.2024 14:48:19.000,225.187,225.187,225.187,225.187,12
07.10.2024 14:48:20.000,225.177,225.177,225.177,225.177,12
07.10.2024 14:48:22.000,225.187,225.187,225.187,225.187,12
07.10.2024 14:48:23.000,225.187,225.227,225.187,225.227,36
07.10.2024 14:48:24.000,225.217,225.217,225.196,225.216,48
07.10.2024 14:48:25.000,225.206,225.206,225.206,225.206,12
07.10.2024 14:48:26.000,225.196,225.196,225.196,225.196,12
07.10.2024 14:48:27.000,225.187,225.187,225.187,225.187,12
07.10.2024 14:48:28.000,225.227,225.227,225.207,225.226,48
07.10.2024 14:48:29.000,225.217,225.226,225.217,225.226,24
07.10.2024 14:48:30.000,225.217,225.227,225.217,225.227,24
07.10.2024 14:48:31.000,225.217,225.227,225.217,225.227,48
07.10.2024 14:48:33.000,225.226,225.226,225.226,225.226,12
07.10.2024 14:48:34.000,225.217,225.217,225.217,225.217,12
07.10.2024 14:48:35.000,225.237,225.237,225.217,225.217,24
07.10.2024 14:48:38.000,225.236,225.236,225.236,225.236,12
07.10.2024 14:48:39.000,225.247,225.247,225.247,225.247,12
07.10.2024 14:48:40.000,225.246,225.246,225.246,225.246,12
07.10.2024 14:48:41.000,225.237,225.237,225.237,225.237,12
07.10.2024 14:48:42.000,225.227,225.227,225.216,225.216,48
07.10.2024 14:48:43.000,225.217,225.217,225.217,225.217,12
07.10.2024 14:48:44.000,225.226,225.257,225.226,225.257,36
07.10.2024 14:48:48.000,225.256,225.256,225.247,225.247,24
07.10.2024 14:48:49.000,225.247,225.247,225.247,225.247,12
07.10.2024 14:48:50.000,225.227,225.227,225.227,225.227,12
07.10.2024 14:48:52.000,225.237,225.237,225.227,225.227,24
07.10.2024 14:48:53.000,225.226,225.226,225.226,225.226,12
07.10.2024 14:48:56.000,225.226,225.226,225.226,225.226,12
07.10.2024 14:48:57.000,225.226,225.227,225.226,225.227,36
07.10.2024 14:48:58.000,225.227,225.227,225.217,225.217,36
07.10.2024 14:48:59.000,225.206,225.217,225.206,225.217,48
07.10.2024 14:49:00.000,225.217,225.226,225.217,225.226,48
07.10.2024 14:49:03.000,225.227,225.277,225.227,225.266,84.00000000000001
07.10.2024 14:49:04.000,225.277,225.277,225.277,225.277,12
07.10.2024 14:49:05.000,225.256,225.256,225.236,225.236,36
07.10.2024 14:49:06.000,225.256,225.256,225.246,225.246,24
07.10.2024 14:49:07.000,225.257,225.257,225.237,225.237,48
07.10.2024 14:49:08.000,225.247,225.247,225.237,225.237,24
07.10.2024 14:49:09.000,225.237,225.237,225.237,225.237,12
07.10.2024 14:49:11.000,225.207,225.227,225.207,225.226,36
07.10.2024 14:49:12.000,225.207,225.207,225.207,225.207,12
07.10.2024 14:49:13.000,225.227,225.227,225.227,225.227,12
07.10.2024 14:49:15.000,225.226,225.226,225.226,225.226,12
07.10.2024 14:49:16.000,225.207,225.227,225.206,225.227,48
07.10.2024 14:49:18.000,225.237,225.237,225.236,225.237,48
07.10.2024 14:49:19.000,225.246,225.246,225.246,225.246,12
07.10.2024 14:49:21.000,225.256,225.256,225.246,225.246,24
07.10.2024 14:49:22.000,225.256,225.256,225.246,225.246,24
07.10.2024 14:49:23.000,225.257,225.257,225.257,225.257,12
07.10.2024 14:49:24.000,225.267,225.267,225.267,225.267,12
07.10.2024 14:49:25.000,225.257,225.257,225.257,225.257,24
07.10.2024 14:49:26.000,225.277,225.277,225.277,225.277,12
07.10.2024 14:49:28.000,225.287,225.287,225.276,225.276,24
07.10.2024 14:49:33.000,225.256,225.286,225.256,225.286,36
07.10.2024 14:49:35.000,225.286,225.286,225.226,225.226,36
07.10.2024 14:49:36.000,225.217,225.217,225.207,225.207,48
07.10.2024 14:49:37.000,225.207,225.207,225.207,225.207,12
07.10.2024 14:49:38.000,225.216,225.216,225.216,225.216,12
07.10.2024 14:49:39.000,225.216,225.216,225.216,225.216,12
07.10.2024 14:49:45.000,225.206,225.207,225.206,225.207,24
07.10.2024 14:49:47.000,225.226,225.226,225.176,225.177,48
07.10.2024 14:49:48.000,225.176,225.176,225.176,225.176,12
07.10.2024 14:49:49.000,225.177,225.177,225.177,225.177,12
07.10.2024 14:49:50.000,225.177,225.177,225.177,225.177,12
07.10.2024 14:49:51.000,225.176,225.176,225.176,225.176,12
07.10.2024 14:49:58.000,225.197,225.197,225.197,225.197,12
07.10.2024 14:50:00.000,225.197,225.197,225.197,225.197,24
07.10.2024 14:50:01.000,225.197,225.197,225.197,225.197,12
07.10.2024 14:50:02.000,225.177,225.177,225.177,225.177,24
07.10.2024 14:50:05.000,225.177,225.177,225.177,225.177,12
07.10.2024 14:50:09.000,225.156,225.156,225.156,225.156,12
07.10.2024 14:50:10.000,225.137,225.137,225.137,225.137,12
07.10.2024 14:50:11.000,225.136,225.146,225.136,225.146,36
07.10.2024 14:50:12.000,225.137,225.137,225.136,225.136,24
07.10.2024 14:50:13.000,225.136,225.136,225.136,225.136,24
07.10.2024 14:50:14.000,225.137,225.137,225.137,225.137,12
07.10.2024 14:50:16.000,225.136,225.136,225.136,225.136,12
07.10.2024 14:50:17.000,225.146,225.146,225.137,225.137,24
07.10.2024 14:50:19.000,225.166,225.166,225.166,225.166,12
07.10.2024 14:50:20.000,225.167,225.167,225.167,225.167,12
07.10.2024 14:50:23.000,225.166,225.167,225.166,225.167,24
07.10.2024 14:50:24.000,225.167,225.167,225.167,225.167,12
07.10.2024 14:50:25.000,225.137,225.137,225.137,225.137,12
07.10.2024 14:50:28.000,225.137,225.137,225.137,225.137,24
07.10.2024 14:50:29.000,225.137,225.137,225.137,225.137,12
07.10.2024 14:50:30.000,225.136,225.136,225.136,225.136,12
07.10.2024 14:50:33.000,225.136,225.136,225.136,225.136,12
07.10.2024 14:50:34.000,225.137,225.137,225.137,225.137,36
07.10.2024 14:50:35.000,225.137,225.137,225.137,225.137,12
07.10.2024 14:50:36.000,225.137,225.137,225.137,225.137,12
07.10.2024 14:50:37.000,225.107,225.107,225.106,225.106,60
07.10.2024 14:50:38.000,225.117,225.117,225.117,225.117,12
07.10.2024 14:50:39.000,225.116,225.116,225.116,225.116,12
07.10.2024 14:50:40.000,225.137,225.156,225.137,225.156,24
07.10.2024 14:50:41.000,225.147,225.147,225.147,225.147,12
07.10.2024 14:50:42.000,225.167,225.167,225.137,225.137,36
07.10.2024 14:50:43.000,225.137,225.156,225.137,225.146,36
07.10.2024 14:50:44.000,225.147,225.156,225.147,225.156,24
07.10.2024 14:50:45.000,225.157,225.157,225.157,225.157,12
07.10.2024 14:50:46.000,225.157,225.157,225.157,225.157,12
07.10.2024 14:50:47.000,225.177,225.177,225.166,225.166,24
07.10.2024 14:50:48.000,225.167,225.167,225.156,225.156,36
07.10.2024 14:50:50.000,225.156,225.156,225.136,225.136,36
07.10.2024 14:50:51.000,225.146,225.146,225.136,225.136,24
07.10.2024 14:50:52.000,225.127,225.127,225.127,225.127,12
07.10.2024 14:50:53.000,225.117,225.117,225.117,225.117,12
07.10.2024 14:50:54.000,225.116,225.116,225.116,225.116,12
07.10.2024 14:50:56.000,225.116,225.116,225.116,225.116,12
07.10.2024 14:50:57.000,225.126,225.126,225.116,225.116,36
07.10.2024 14:50:58.000,225.127,225.127,225.127,225.127,12
07.10.2024 14:51:00.000,225.136,225.137,225.126,225.137,48
07.10.2024 14:51:01.000,225.136,225.137,225.136,225.137,36
07.10.2024 14:51:02.000,225.146,225.146,225.136,225.136,48
07.10.2024 14:51:06.000,225.127,225.127,225.127,225.127,12
07.10.2024 14:51:07.000,225.126,225.156,225.126,225.147,48
07.10.2024 14:51:08.000,225.146,225.147,225.146,225.147,24
07.10.2024 14:51:12.000,225.167,225.167,225.146,225.146,24
07.10.2024 14:51:13.000,225.157,225.166,225.156,225.156,36
07.10.2024 14:51:14.000,225.157,225.157,225.156,225.156,36
07.10.2024 14:51:19.000,225.167,225.167,225.157,225.157,24
07.10.2024 14:51:20.000,225.156,225.177,225.156,225.176,36
07.10.2024 14:51:21.000,225.176,225.176,225.176,225.176,12
07.10.2024 14:51:22.000,225.176,225.177,225.176,225.177,24
07.10.2024 14:51:23.000,225.176,225.176,225.176,225.176,12
07.10.2024 14:51:24.000,225.177,225.177,225.176,225.176,24
07.10.2024 14:51:25.000,225.177,225.177,225.146,225.147,72
07.10.2024 14:51:26.000,225.147,225.147,225.147,225.147,12
07.10.2024 14:51:28.000,225.157,225.167,225.157,225.167,36
07.10.2024 14:51:29.000,225.166,225.166,225.166,225.166,12
07.10.2024 14:51:32.000,225.166,225.166,225.156,225.156,24
07.10.2024 14:51:37.000,225.157,225.157,225.157,225.157,12
07.10.2024 14:51:38.000,225.157,225.157,225.146,225.146,60
07.10.2024 14:51:39.000,225.146,225.157,225.146,225.157,24
07.10.2024 14:51:41.000,225.157,225.167,225.157,225.167,36
07.10.2024 14:51:42.000,225.177,225.177,225.177,225.177,12
07.10.2024 14:51:43.000,225.167,225.167,225.166,225.167,36
07.10.2024 14:51:45.000,225.187,225.187,225.187,225.187,12
07.10.2024 14:51:47.000,225.177,225.177,225.176,225.177,72
07.10.2024 14:51:48.000,225.186,225.186,225.186,225.186,12
07.10.2024 14:51:50.000,225.196,225.196,225.196,225.196,24
07.10.2024 14:51:51.000,225.196,225.197,225.196,225.197,24
07.10.2024 14:51:52.000,225.197,225.207,225.196,225.207,60
07.10.2024 14:51:57.000,225.206,225.206,225.206,225.206,12
07.10.2024 14:51:59.000,225.236,225.236,225.236,225.236,12
07.10.2024 14:52:00.000,225.246,225.246,225.227,225.227,48
07.10.2024 14:52:01.000,225.226,225.226,225.216,225.216,24
07.10.2024 14:52:02.000,225.216,225.216,225.216,225.216,24
07.10.2024 14:52:03.000,225.217,225.217,225.217,225.217,12
07.10.2024 14:52:04.000,225.237,225.237,225.237,225.237,12
07.10.2024 14:52:05.000,225.217,225.217,225.217,225.217,24
07.10.2024 14:52:06.000,225.216,225.216,225.206,225.206,24
07.10.2024 14:52:07.000,225.207,225.207,225.207,225.207,12
07.10.2024 14:52:08.000,225.197,225.197,225.187,225.187,36
07.10.2024 14:52:09.000,225.197,225.197,225.197,225.197,12
07.10.2024 14:52:11.000,225.206,225.206,225.206,225.206,12
07.10.2024 14:52:12.000,225.206,225.217,225.206,225.217,24
07.10.2024 14:52:13.000,225.207,225.207,225.206,225.206,24
07.10.2024 14:52:14.000,225.206,225.206,225.206,225.206,24
07.10.2024 14:52:15.000,225.206,225.207,225.206,225.206,36
07.10.2024 14:52:16.000,225.196,225.196,225.196,225.196,12
07.10.2024 14:52:17.000,225.196,225.196,225.176,225.176,72
07.10.2024 14:52:18.000,225.176,225.177,225.176,225.177,36
07.10.2024 14:52:19.000,225.177,225.177,225.177,225.177,24
07.10.2024 14:52:21.000,225.177,225.177,225.176,225.176,48
07.10.2024 14:52:22.000,225.177,225.177,225.176,225.176,36
07.10.2024 14:52:25.000,225.186,225.186,225.176,225.176,24
07.10.2024 14:52:26.000,225.176,225.176,225.176,225.176,12
07.10.2024 14:52:27.000,225.176,225.176,225.176,225.176,12
07.10.2024 14:52:30.000,225.186,225.186,225.176,225.176,24
07.10.2024 14:52:31.000,225.187,225.187,225.176,225.176,24
07.10.2024 14:52:34.000,225.177,225.177,225.177,225.177,12
07.10.2024 14:52:36.000,225.187,225.196,225.187,225.196,36
07.10.2024 14:52:37.000,225.196,225.216,225.196,225.216,24
07.10.2024 14:52:38.000,225.197,225.197,225.196,225.196,36
07.10.2024 14:52:39.000,225.196,225.196,225.186,225.186,24
07.10.2024 14:52:40.000,225.186,225.186,225.176,225.176,24
07.10.2024 14:52:41.000,225.177,225.187,225.176,225.177,48
07.10.2024 14:52:42.000,225.186,225.186,225.176,225.176,24
07.10.2024 14:52:43.000,225.177,225.177,225.177,225.177,24
07.10.2024 14:52:44.000,225.176,225.177,225.077,225.077,60
07.10.2024 14:52:45.000,225.107,225.107,225.056,225.057,108
07.10.2024 14:52:46.000,225.067,225.097,225.066,225.097,60
07.10.2024 14:52:47.000,225.096,225.096,225.076,225.077,72
07.10.2024 14:52:48.000,225.067,225.087,225.067,225.087,24
07.10.2024 14:52:49.000,225.087,225.087,225.076,225.086,48
07.10.2024 14:52:50.000,225.076,225.076,225.066,225.067,36
07.10.2024 14:52:51.000,225.077,225.077,225.077,225.077,12
07.10.2024 14:52:52.000,225.077,225.077,225.077,225.077,24
07.10.2024 14:52:54.000,225.077,225.077,225.077,225.077,12
07.10.2024 14:52:55.000,225.067,225.067,225.037,225.037,36
07.10.2024 14:52:56.000,225.037,225.037,225.037,225.037,24
07.10.2024 14:52:57.000,225.047,225.047,225.036,225.036,60
07.10.2024 14:52:58.000,225.047,225.077,225.047,225.067,36
07.10.2024 14:52:59.000,225.076,225.077,225.056,225.056,96
07.10.2024 14:53:00.000,225.057,225.057,225.046,225.046,36
07.10.2024 14:53:01.000,225.037,225.037,225.036,225.036,48
07.10.2024 14:53:02.000,225.036,225.056,225.036,225.056,48
07.10.2024 14:53:03.000,225.077,225.077,225.076,225.076,36
07.10.2024 14:53:04.000,225.077,225.077,225.037,225.056,60
07.10.2024 14:53:05.000,225.056,225.056,225.056,225.056,12
07.10.2024 14:53:06.000,225.047,225.056,225.047,225.056,36
07.10.2024 14:53:07.000,225.066,225.066,225.056,225.056,72
07.10.2024 14:53:08.000,225.076,225.076,225.076,225.076,12
07.10.2024 14:53:09.000,225.076,225.076,225.076,225.076,24
07.10.2024 14:53:10.000,225.076,225.076,225.076,225.076,12
07.10.2024 14:53:11.000,225.087,225.087,225.077,225.077,24
07.10.2024 14:53:12.000,225.086,225.086,225.086,225.086,12
07.10.2024 14:53:15.000,225.086,225.086,225.086,225.086,12
07.10.2024 14:53:16.000,225.096,225.096,225.087,225.087,24
07.10.2024 14:53:17.000,225.106,225.106,225.106,225.106,12
07.10.2024 14:53:18.000,225.116,225.116,225.086,225.086,84.00000000000001
07.10.2024 14:53:19.000,225.117,225.117,225.117,225.117,12
07.10.2024 14:53:20.000,225.087,225.096,225.086,225.087,48
07.10.2024 14:53:21.000,225.097,225.097,225.086,225.086,72
07.10.2024 14:53:23.000,225.086,225.086,225.086,225.086,12
07.10.2024 14:53:24.000,225.087,225.087,225.087,225.087,12
07.10.2024 14:53:26.000,225.086,225.087,225.086,225.087,36
07.10.2024 14:53:27.000,225.087,225.087,225.087,225.087,36
07.10.2024 14:53:28.000,225.047,225.047,225.047,225.047,48
07.10.2024 14:53:29.000,225.046,225.046,225.046,225.046,24
07.10.2024 14:53:30.000,225.067,225.067,225.056,225.066,36
07.10.2024 14:53:31.000,225.067,225.067,225.067,225.067,12
07.10.2024 14:53:32.000,225.056,225.067,225.056,225.067,24
07.10.2024 14:53:33.000,225.057,225.057,225.046,225.046,24
07.10.2024 14:53:34.000,225.057,225.057,225.057,225.057,12
07.10.2024 14:53:35.000,225.047,225.047,225.046,225.046,48
07.10.2024 14:53:36.000,225.047,225.047,225.047,225.047,12
07.10.2024 14:53:38.000,225.047,225.047,225.046,225.046,24
07.10.2024 14:53:39.000,225.046,225.047,225.046,225.047,36
07.10.2024 14:53:40.000,225.047,225.047,225.046,225.047,36
07.10.2024 14:53:41.000,225.066,225.077,225.066,225.077,24
07.10.2024 14:53:42.000,225.077,225.077,225.077,225.077,24
07.10.2024 14:53:43.000,225.046,225.046,225.046,225.046,12
07.10.2024 14:53:44.000,225.047,225.047,225.046,225.046,24
07.10.2024 14:53:45.000,225.047,225.047,225.047,225.047,12
07.10.2024 14:53:47.000,225.057,225.057,225.046,225.046,24
07.10.2024 14:53:48.000,225.047,225.047,225.047,225.047,12
07.10.2024 14:53:49.000,225.047,225.047,225.046,225.046,36
07.10.2024 14:53:52.000,225.066,225.066,225.047,225.047,24
07.10.2024 14:53:53.000,225.057,225.057,225.057,225.057,12
07.10.2024 14:53:55.000,225.066,225.066,225.066,225.066,12
07.10.2024 14:54:02.000,225.076,225.117,225.076,225.117,36
07.10.2024 14:54:03.000,225.107,225.107,225.107,225.107,12
07.10.2024 14:54:05.000,225.116,225.116,225.106,225.106,24
07.10.2024 14:54:07.000,225.096,225.097,225.086,225.086,36
07.10.2024 14:54:08.000,225.087,225.087,225.087,225.087,12
07.10.2024 14:54:10.000,225.087,225.087,225.067,225.067,48
07.10.2024 14:54:11.000,225.066,225.066,225.066,225.066,36
07.10.2024 14:54:12.000,225.067,225.067,225.067,225.067,12
07.10.2024 14:54:13.000,225.067,225.087,225.067,225.087,36
07.10.2024 14:54:15.000,225.096,225.096,225.087,225.087,24
07.10.2024 14:54:17.000,225.097,225.097,225.097,225.097,12
07.10.2024 14:54:18.000,225.087,225.087,225.086,225.086,24
07.10.2024 14:54:21.000,225.087,225.087,225.086,225.086,24
07.10.2024 14:54:22.000,225.067,225.067,225.056,225.056,36
07.10.2024 14:54:24.000,225.036,225.077,225.036,225.066,84.00000000000001
07.10.2024 14:54:25.000,225.056,225.107,225.056,225.106,36
07.10.2024 14:54:26.000,225.106,225.106,225.106,225.106,12
07.10.2024 14:54:29.000,225.116,225.126,225.116,225.126,24
07.10.2024 14:54:30.000,225.127,225.127,225.127,225.127,12
07.10.2024 14:54:31.000,225.136,225.137,225.126,225.137,36
07.10.2024 14:54:32.000,225.126,225.127,225.126,225.127,36
07.10.2024 14:54:33.000,225.127,225.127,225.127,225.127,12
07.10.2024 14:54:37.000,225.097,225.097,225.097,225.097,12
07.10.2024 14:54:38.000,225.106,225.107,225.106,225.107,24
07.10.2024 14:54:40.000,225.117,225.117,225.117,225.117,12
07.10.2024 14:54:41.000,225.126,225.126,225.126,225.126,12
07.10.2024 14:54:42.000,225.107,225.107,225.107,225.107,12
07.10.2024 14:54:43.000,225.096,225.097,225.096,225.096,36
07.10.2024 14:54:45.000,225.107,225.117,225.107,225.117,24
07.10.2024 14:54:46.000,225.107,225.107,225.107,225.107,12
07.10.2024 14:54:51.000,225.117,225.117,225.117,225.117,12
07.10.2024 14:54:52.000,225.107,225.117,225.107,225.117,36
07.10.2024 14:54:55.000,225.107,225.107,225.107,225.107,12
07.10.2024 14:54:56.000,225.127,225.127,225.127,225.127,12
07.10.2024 14:54:58.000,225.127,225.127,225.126,225.127,36
07.10.2024 14:55:00.000,225.127,225.146,225.127,225.146,60
07.10.2024 14:55:01.000,225.146,225.146,225.146,225.146,24
07.10.2024 14:55:02.000,225.146,225.187,225.146,225.177,48
07.10.2024 14:55:04.000,225.176,225.196,225.176,225.186,72
07.10.2024 14:55:05.000,225.196,225.207,225.196,225.196,84.00000000000001
07.10.2024 14:55:06.000,225.197,225.197,225.197,225.197,12
07.10.2024 14:55:07.000,225.196,225.196,225.196,225.196,12
07.10.2024 14:55:08.000,225.207,225.207,225.206,225.206,36
07.10.2024 14:55:09.000,225.197,225.197,225.197,225.197,12
07.10.2024 14:55:10.000,225.196,225.197,225.196,225.197,36
07.10.2024 14:55:12.000,225.197,225.207,225.197,225.207,36
07.10.2024 14:55:15.000,225.206,225.207,225.206,225.207,24
07.10.2024 14:55:17.000,225.207,225.207,225.207,225.207,24
07.10.2024 14:55:18.000,225.217,225.217,225.217,225.217,12
07.10.2024 14:55:20.000,225.206,225.206,225.206,225.206,12
07.10.2024 14:55:22.000,225.207,225.207,225.207,225.207,12
07.10.2024 14:55:23.000,225.207,225.207,225.207,225.207,12
07.10.2024 14:55:24.000,225.187,225.187,225.186,225.186,36
07.10.2024 14:55:25.000,225.197,225.197,225.197,225.197,12
07.10.2024 14:55:26.000,225.186,225.187,225.186,225.187,48
07.10.2024 14:55:27.000,225.186,225.187,225.186,225.187,24
07.10.2024 14:55:28.000,225.187,225.187,225.187,225.187,12
07.10.2024 14:55:29.000,225.196,225.196,225.196,225.196,12
07.10.2024 14:55:30.000,225.187,225.197,225.187,225.197,24
07.10.2024 14:55:31.000,225.166,225.166,225.157,225.157,24
07.10.2024 14:55:32.000,225.147,225.147,225.147,225.147,24
07.10.2024 14:55:33.000,225.156,225.156,225.156,225.156,12
07.10.2024 14:55:34.000,225.166,225.166,225.166,225.166,12
07.10.2024 14:55:35.000,225.156,225.156,225.156,225.156,12
07.10.2024 14:55:40.000,225.167,225.167,225.167,225.167,12
07.10.2024 14:55:41.000,225.166,225.176,225.166,225.176,24
07.10.2024 14:55:42.000,225.186,225.186,225.186,225.186,12
07.10.2024 14:55:43.000,225.196,225.196,225.196,225.196,12
07.10.2024 14:55:44.000,225.207,225.207,225.206,225.206,48
07.10.2024 14:55:45.000,225.207,225.207,225.207,225.207,12
07.10.2024 14:55:46.000,225.207,225.207,225.206,225.206,24
07.10.2024 14:55:47.000,225.206,225.206,225.206,225.206,12
07.10.2024 14:55:48.000,225.197,225.197,225.197,225.197,24
07.10.2024 14:55:49.000,225.206,225.206,225.197,225.197,24
07.10.2024 14:55:50.000,225.197,225.197,225.197,225.197,24
07.10.2024 14:55:51.000,225.196,225.196,225.196,225.196,24
07.10.2024 14:55:52.000,225.196,225.196,225.196,225.196,12
07.10.2024 14:55:53.000,225.207,225.207,225.207,225.207,12
07.10.2024 14:55:54.000,225.237,225.257,225.237,225.257,24
07.10.2024 14:55:55.000,225.256,225.257,225.256,225.257,36
07.10.2024 14:55:57.000,225.267,225.267,225.267,225.267,12
07.10.2024 14:55:58.000,225.286,225.286,225.267,225.267,36
07.10.2024 14:55:59.000,225.257,225.257,225.257,225.257,24
07.10.2024 14:56:01.000,225.256,225.256,225.256,225.256,12
07.10.2024 14:56:02.000,225.276,225.276,225.276,225.276,12
07.10.2024 14:56:03.000,225.276,225.276,225.276,225.276,24
07.10.2024 14:56:04.000,225.276,225.276,225.276,225.276,12
07.10.2024 14:56:05.000,225.277,225.277,225.277,225.277,12
07.10.2024 14:56:06.000,225.297,225.297,225.297,225.297,12
07.10.2024 14:56:08.000,225.277,225.277,225.277,225.277,12
07.10.2024 14:56:11.000,225.266,225.267,225.266,225.267,24
07.10.2024 14:56:12.000,225.277,225.306,225.277,225.306,24
07.10.2024 14:56:13.000,225.316,225.336,225.316,225.336,48
07.10.2024 14:56:14.000,225.327,225.327,225.326,225.326,36
07.10.2024 14:56:15.000,225.357,225.357,225.357,225.357,24
07.10.2024 14:56:16.000,225.357,225.357,225.356,225.356,24
07.10.2024 14:56:17.000,225.356,225.357,225.356,225.357,24
07.10.2024 14:56:24.000,225.357,225.377,225.357,225.377,36
07.10.2024 14:56:25.000,225.356,225.357,225.356,225.356,48
07.10.2024 14:56:26.000,225.356,225.356,225.356,225.356,12
07.10.2024 14:56:27.000,225.357,225.357,225.357,225.357,12
07.10.2024 14:56:28.000,225.357,225.386,225.357,225.386,36
07.10.2024 14:56:29.000,225.357,225.357,225.357,225.357,12
07.10.2024 14:56:30.000,225.356,225.356,225.356,225.356,24
07.10.2024 14:56:31.000,225.376,225.377,225.376,225.377,24
07.10.2024 14:56:32.000,225.387,225.387,225.376,225.376,24
07.10.2024 14:56:33.000,225.356,225.356,225.356,225.356,36
07.10.2024 14:56:36.000,225.356,225.356,225.356,225.356,12
07.10.2024 14:56:37.000,225.337,225.337,225.327,225.327,24
07.10.2024 14:56:39.000,225.326,225.326,225.326,225.326,24
07.10.2024 14:56:40.000,225.326,225.337,225.326,225.326,48
07.10.2024 14:56:41.000,225.366,225.366,225.366,225.366,12
07.10.2024 14:56:42.000,225.336,225.337,225.336,225.337,24
07.10.2024 14:56:43.000,225.326,225.326,225.326,225.326,12
07.10.2024 14:56:44.000,225.327,225.327,225.327,225.327,12
07.10.2024 14:56:45.000,225.367,225.367,225.367,225.367,12
07.10.2024 14:56:47.000,225.367,225.367,225.327,225.336,96
07.10.2024 14:56:48.000,225.337,225.337,225.336,225.336,24
07.10.2024 14:56:49.000,225.327,225.327,225.327,225.327,12
07.10.2024 14:56:50.000,225.327,225.327,225.327,225.327,12
07.10.2024 14:56:51.000,225.326,225.327,225.326,225.327,48
07.10.2024 14:56:52.000,225.336,225.346,225.326,225.346,36
07.10.2024 14:56:53.000,225.356,225.356,225.346,225.346,24
07.10.2024 14:56:54.000,225.367,225.367,225.367,225.367,12
07.10.2024 14:56:56.000,225.377,225.377,225.377,225.377,12
07.10.2024 14:56:58.000,225.376,225.376,225.376,225.376,24
07.10.2024 14:56:59.000,225.396,225.397,225.357,225.357,48
07.10.2024 14:57:00.000,225.356,225.377,225.347,225.347,36
07.10.2024 14:57:01.000,225.346,225.346,225.346,225.346,12
07.10.2024 14:57:04.000,225.337,225.337,225.337,225.337,24
07.10.2024 14:57:05.000,225.357,225.357,225.357,225.357,36
07.10.2024 14:57:07.000,225.357,225.357,225.357,225.357,12
07.10.2024 14:57:08.000,225.356,225.356,225.356,225.356,12
07.10.2024 14:57:09.000,225.357,225.357,225.327,225.327,36
07.10.2024 14:57:10.000,225.327,225.327,225.316,225.316,48
07.10.2024 14:57:11.000,225.316,225.326,225.316,225.316,36
07.10.2024 14:57:13.000,225.336,225.337,225.336,225.337,24
07.10.2024 14:57:14.000,225.336,225.336,225.336,225.336,12
07.10.2024 14:57:15.000,225.336,225.336,225.336,225.336,24
07.10.2024 14:57:16.000,225.336,225.347,225.336,225.336,48
07.10.2024 14:57:17.000,225.327,225.327,225.327,225.327,12
07.10.2024 14:57:18.000,225.337,225.337,225.337,225.337,12
07.10.2024 14:57:19.000,225.367,225.367,225.336,225.336,24
07.10.2024 14:57:22.000,225.327,225.327,225.327,225.327,12
07.10.2024 14:57:23.000,225.386,225.397,225.386,225.397,48
07.10.2024 14:57:24.000,225.386,225.417,225.386,225.417,24
07.10.2024 14:57:25.000,225.426,225.426,225.416,225.416,24
07.10.2024 14:57:26.000,225.397,225.397,225.377,225.377,24
07.10.2024 14:57:28.000,225.386,225.386,225.377,225.377,36
07.10.2024 14:57:33.000,225.367,225.367,225.366,225.366,24
07.10.2024 14:57:34.000,225.356,225.357,225.356,225.357,24
07.10.2024 14:57:35.000,225.346,225.346,225.346,225.346,12
07.10.2024 14:57:36.000,225.346,225.346,225.336,225.336,24
07.10.2024 14:57:38.000,225.356,225.356,225.356,225.356,12
07.10.2024 14:57:40.000,225.346,225.346,225.346,225.346,12
07.10.2024 14:57:42.000,225.366,225.366,225.366,225.366,12
07.10.2024 14:57:46.000,225.346,225.366,225.346,225.357,36
07.10.2024 14:57:47.000,225.346,225.346,225.346,225.346,24
07.10.2024 14:57:48.000,225.346,225.346,225.346,225.346,12
07.10.2024 14:57:53.000,225.346,225.346,225.346,225.346,12
07.10.2024 14:57:54.000,225.326,225.326,225.316,225.326,36
07.10.2024 14:57:55.000,225.316,225.327,225.316,225.327,24
07.10.2024 14:57:56.000,225.327,225.327,225.327,225.327,12
07.10.2024 14:57:58.000,225.337,225.337,225.336,225.336,24
07.10.2024 14:58:00.000,225.357,225.357,225.356,225.356,24
07.10.2024 14:58:01.000,225.366,225.387,225.366,225.387,60
07.10.2024 14:58:02.000,225.377,225.377,225.377,225.377,12
07.10.2024 14:58:03.000,225.367,225.367,225.367,225.367,12
07.10.2024 14:58:04.000,225.386,225.386,225.386,225.386,12
07.10.2024 14:58:05.000,225.367,225.367,225.367,225.367,12
07.10.2024 14:58:06.000,225.366,225.367,225.366,225.367,36
07.10.2024 14:58:07.000,225.367,225.367,225.367,225.367,12
07.10.2024 14:58:08.000,225.366,225.367,225.366,225.367,24
07.10.2024 14:58:10.000,225.386,225.386,225.376,225.376,24
07.10.2024 14:58:11.000,225.386,225.386,225.376,225.376,24
07.10.2024 14:58:13.000,225.376,225.377,225.367,225.367,36
07.10.2024 14:58:14.000,225.366,225.367,225.366,225.366,36
07.10.2024 14:58:15.000,225.367,225.367,225.367,225.367,12
07.10.2024 14:58:16.000,225.386,225.386,225.386,225.386,12
07.10.2024 14:58:21.000,225.406,225.407,225.386,225.407,60
07.10.2024 14:58:23.000,225.417,225.417,225.417,225.417,12
07.10.2024 14:58:26.000,225.386,225.396,225.386,225.396,36
07.10.2024 14:58:27.000,225.397,225.397,225.397,225.397,12
07.10.2024 14:58:28.000,225.397,225.397,225.397,225.397,12
07.10.2024 14:58:29.000,225.397,225.397,225.397,225.397,12
07.10.2024 14:58:31.000,225.396,225.396,225.396,225.396,12
07.10.2024 14:58:32.000,225.397,225.397,225.397,225.397,12
07.10.2024 14:58:35.000,225.396,225.396,225.396,225.396,12
07.10.2024 14:58:37.000,225.406,225.406,225.406,225.406,12
07.10.2024 14:58:38.000,225.437,225.467,225.437,225.457,36
07.10.2024 14:58:39.000,225.446,225.446,225.426,225.426,36
07.10.2024 14:58:40.000,225.437,225.446,225.427,225.446,48
07.10.2024 14:58:41.000,225.436,225.447,225.436,225.437,36
07.10.2024 14:58:43.000,225.447,225.447,225.446,225.446,24
07.10.2024 14:58:44.000,225.447,225.447,225.447,225.447,24
07.10.2024 14:58:45.000,225.446,225.457,225.446,225.457,36
07.10.2024 14:58:47.000,225.437,225.437,225.437,225.437,12
07.10.2024 14:58:48.000,225.446,225.446,225.406,225.426,48
07.10.2024 14:58:51.000,225.427,225.427,225.396,225.396,36
07.10.2024 14:58:52.000,225.396,225.396,225.396,225.396,24
07.10.2024 14:58:54.000,225.396,225.396,225.396,225.396,12
07.10.2024 14:58:56.000,225.386,225.386,225.386,225.386,12
07.10.2024 14:58:57.000,225.386,225.386,225.386,225.386,12
07.10.2024 14:59:01.000,225.396,225.396,225.387,225.387,24
07.10.2024 14:59:04.000,225.407,225.407,225.407,225.407,12
07.10.2024 14:59:08.000,225.387,225.387,225.386,225.386,24
07.10.2024 14:59:10.000,225.407,225.407,225.407,225.407,12
07.10.2024 14:59:11.000,225.406,225.406,225.406,225.406,12
07.10.2024 14:59:13.000,225.406,225.406,225.406,225.406,12
07.10.2024 14:59:14.000,225.407,225.407,225.407,225.407,12
07.10.2024 14:59:16.000,225.407,225.407,225.407,225.407,12
07.10.2024 14:59:17.000,225.427,225.427,225.407,225.407,48
07.10.2024 14:59:18.000,225.406,225.406,225.406,225.406,48
07.10.2024 14:59:19.000,225.406,225.406,225.406,225.406,36
07.10.2024 14:59:21.000,225.396,225.396,225.386,225.386,24
07.10.2024 14:59:22.000,225.367,225.367,225.366,225.366,36
07.10.2024 14:59:25.000,225.367,225.367,225.367,225.367,12
07.10.2024 14:59:27.000,225.377,225.377,225.376,225.377,36
07.10.2024 14:59:29.000,225.377,225.377,225.377,225.377,24
07.10.2024 14:59:30.000,225.377,225.377,225.377,225.377,12
07.10.2024 14:59:31.000,225.367,225.367,225.366,225.366,24
07.10.2024 14:59:33.000,225.377,225.377,225.367,225.367,24
07.10.2024 14:59:34.000,225.376,225.376,225.366,225.366,24
07.10.2024 14:59:37.000,225.377,225.377,225.377,225.377,12
07.10.2024 14:59:38.000,225.366,225.367,225.366,225.367,24
07.10.2024 14:59:39.000,225.366,225.366,225.366,225.366,12
07.10.2024 14:59:41.000,225.386,225.386,225.386,225.386,12
07.10.2024 14:59:42.000,225.367,225.377,225.367,225.377,24
07.10.2024 14:59:47.000,225.376,225.376,225.376,225.376,12
07.10.2024 14:59:48.000,225.366,225.366,225.366,225.366,12
07.10.2024 14:59:49.000,225.346,225.347,225.346,225.347,24
07.10.2024 14:59:50.000,225.356,225.356,225.356,225.356,36
07.10.2024 14:59:52.000,225.346,225.357,225.346,225.357,24
07.10.2024 14:59:53.000,225.346,225.357,225.346,225.346,36
07.10.2024 14:59:54.000,225.346,225.346,225.346,225.346,12
07.10.2024 14:59:55.000,225.316,225.316,225.307,225.307,24
07.10.2024 14:59:56.000,225.296,225.296,225.296,225.296,12
07.10.2024 14:59:57.000,225.296,225.297,225.287,225.287,36
07.10.2024 14:59:58.000,225.297,225.307,225.296,225.296,36
07.10.2024 14:59:59.000,225.297,225.297,225.297,225.297,12
07.10.2024 15:00:00.000,225.286,225.286,225.237,225.237,36
07.10.2024 15:00:01.000,225.226,225.246,225.226,225.226,36
07.10.2024 15:00:02.000,225.227,225.227,225.227,225.227,12
07.10.2024 15:00:03.000,225.207,225.207,225.196,225.196,36
07.10.2024 15:00:04.000,225.196,225.197,225.196,225.196,36
07.10.2024 15:00:05.000,225.196,225.196,225.167,225.167,60
07.10.2024 15:00:06.000,225.167,225.167,225.166,225.166,36
07.10.2024 15:00:07.000,225.167,225.167,225.157,225.157,24
07.10.2024 15:00:08.000,225.156,225.156,225.116,225.116,72
07.10.2024 15:00:09.000,225.127,225.136,225.127,225.136,24
07.10.2024 15:00:10.000,225.146,225.166,225.146,225.166,48
07.10.2024 15:00:11.000,225.166,225.186,225.166,225.166,48
07.10.2024 15:00:12.000,225.166,225.166,225.166,225.166,12
07.10.2024 15:00:15.000,225.167,225.167,225.136,225.136,48
07.10.2024 15:00:16.000,225.146,225.147,225.136,225.136,36
07.10.2024 15:00:17.000,225.146,225.157,225.146,225.157,24
07.10.2024 15:00:18.000,225.167,225.167,225.157,225.157,24
07.10.2024 15:00:19.000,225.157,225.157,225.157,225.157,12
07.10.2024 15:00:20.000,225.186,225.186,225.176,225.177,48
07.10.2024 15:00:21.000,225.166,225.166,225.166,225.166,12
07.10.2024 15:00:22.000,225.156,225.156,225.136,225.136,24
07.10.2024 15:00:23.000,225.126,225.127,225.126,225.126,36
07.10.2024 15:00:24.000,225.127,225.146,225.127,225.146,48
07.10.2024 15:00:26.000,225.147,225.147,225.126,225.126,60
07.10.2024 15:00:27.000,225.127,225.127,225.106,225.116,72
07.10.2024 15:00:28.000,225.126,225.137,225.117,225.117,72
07.10.2024 15:00:29.000,225.116,225.116,225.077,225.077,48
07.10.2024 15:00:30.000,225.077,225.096,225.076,225.086,72
07.10.2024 15:00:31.000,225.097,225.097,225.097,225.097,12
07.10.2024 15:00:32.000,225.087,225.107,225.087,225.107,24
07.10.2024 15:00:34.000,225.106,225.107,225.106,225.107,24
07.10.2024 15:00:35.000,225.107,225.107,225.107,225.107,36
07.10.2024 15:00:36.000,225.107,225.107,225.107,225.107,12
07.10.2024 15:00:37.000,225.117,225.127,225.117,225.127,24
07.10.2024 15:00:39.000,225.126,225.126,225.126,225.126,12
07.10.2024 15:00:40.000,225.136,225.156,225.127,225.156,60
07.10.2024 15:00:41.000,225.127,225.127,225.127,225.127,12
07.10.2024 15:00:42.000,225.126,225.126,225.126,225.126,36
07.10.2024 15:00:43.000,225.126,225.127,225.126,225.127,36
07.10.2024 15:00:44.000,225.127,225.127,225.127,225.127,12
07.10.2024 15:00:45.000,225.146,225.146,225.137,225.137,24
07.10.2024 15:00:48.000,225.127,225.127,225.127,225.127,12
07.10.2024 15:00:51.000,225.157,225.157,225.157,225.157,12
07.10.2024 15:00:52.000,225.166,225.166,225.166,225.166,12
07.10.2024 15:00:53.000,225.186,225.197,225.186,225.197,36
07.10.2024 15:00:54.000,225.186,225.186,225.176,225.176,48
07.10.2024 15:00:55.000,225.177,225.177,225.176,225.176,24
07.10.2024 15:00:56.000,225.187,225.187,225.187,225.187,12
07.10.2024 15:00:57.000,225.167,225.167,225.156,225.157,60
07.10.2024 15:00:58.000,225.166,225.166,225.166,225.166,12
07.10.2024 15:00:59.000,225.136,225.137,225.136,225.137,24
07.10.2024 15:01:00.000,225.126,225.127,225.126,225.126,36
07.10.2024 15:01:01.000,225.117,225.117,225.117,225.117,12
07.10.2024 15:01:02.000,225.117,225.117,225.086,225.086,24
07.10.2024 15:01:03.000,225.117,225.117,225.106,225.106,36
07.10.2024 15:01:04.000,225.106,225.117,225.106,225.106,36
07.10.2024 15:01:05.000,225.106,225.106,225.106,225.106,12
07.10.2024 15:01:06.000,225.096,225.097,225.096,225.097,24
07.10.2024 15:01:07.000,225.107,225.107,225.107,225.107,12
07.10.2024 15:01:08.000,225.107,225.107,225.107,225.107,12
07.10.2024 15:01:10.000,225.086,225.086,225.086,225.086,24
07.10.2024 15:01:11.000,225.077,225.077,225.077,225.077,12
07.10.2024 15:01:12.000,225.076,225.076,225.076,225.076,24
07.10.2024 15:01:13.000,225.066,225.066,225.027,225.027,36
07.10.2024 15:01:14.000,225.046,225.046,225.046,225.046,12
07.10.2024 15:01:15.000,225.046,225.047,225.006,225.017,72
07.10.2024 15:01:17.000,225.006,225.017,225.006,225.017,24
07.10.2024 15:01:18.000,225.007,225.007,225.007,225.007,12
07.10.2024 15:01:21.000,224.956,224.956,224.956,224.956,12
07.10.2024 15:01:22.000,224.956,224.956,224.956,224.956,12
07.10.2024 15:01:24.000,224.957,224.957,224.957,224.957,12
07.10.2024 15:01:28.000,224.957,224.957,224.937,224.937,24
07.10.2024 15:01:31.000,224.956,224.957,224.926,224.926,48
07.10.2024 15:01:33.000,224.937,224.937,224.937,224.937,12
07.10.2024 15:01:36.000,224.936,224.936,224.926,224.926,24
07.10.2024 15:01:38.000,224.917,224.927,224.906,224.927,48
07.10.2024 15:01:39.000,224.937,224.947,224.926,224.926,60
07.10.2024 15:01:42.000,224.936,224.936,224.936,224.936,12
07.10.2024 15:01:43.000,224.916,224.927,224.916,224.927,24
07.10.2024 15:01:44.000,224.916,224.916,224.916,224.916,12
07.10.2024 15:01:45.000,224.927,224.927,224.916,224.926,36
07.10.2024 15:01:46.000,224.906,224.917,224.906,224.917,36
07.10.2024 15:01:47.000,224.926,224.926,224.917,224.917,24
07.10.2024 15:01:48.000,224.927,224.927,224.927,224.927,12
07.10.2024 15:01:51.000,224.936,224.936,224.936,224.936,12
07.10.2024 15:01:52.000,224.936,224.937,224.936,224.937,24
07.10.2024 15:01:53.000,224.936,224.936,224.936,224.936,12
07.10.2024 15:01:55.000,224.947,224.966,224.946,224.946,36
07.10.2024 15:01:56.000,224.936,224.957,224.936,224.957,24
07.10.2024 15:01:57.000,224.967,224.976,224.967,224.976,24
07.10.2024 15:01:59.000,224.997,224.997,224.997,224.997,12
07.10.2024 15:02:00.000,224.997,224.997,224.997,224.997,12
07.10.2024 15:02:02.000,224.957,224.957,224.937,224.937,24
07.10.2024 15:02:03.000,224.926,224.926,224.926,224.926,24
07.10.2024 15:02:04.000,224.927,224.936,224.927,224.936,24
07.10.2024 15:02:05.000,224.926,224.926,224.926,224.926,12
07.10.2024 15:02:07.000,224.937,224.937,224.926,224.926,24
07.10.2024 15:02:10.000,224.926,224.926,224.926,224.926,24
07.10.2024 15:02:11.000,224.906,224.906,224.906,224.906,12
07.10.2024 15:02:12.000,224.906,224.917,224.906,224.916,36
07.10.2024 15:02:13.000,224.937,224.937,224.936,224.936,24
07.10.2024 15:02:14.000,224.906,224.906,224.877,224.877,96
07.10.2024 15:02:15.000,224.876,224.876,224.876,224.876,12
07.10.2024 15:02:17.000,224.876,224.876,224.867,224.867,24
07.10.2024 15:02:18.000,224.877,224.877,224.877,224.877,12
07.10.2024 15:02:19.000,224.866,224.866,224.847,224.847,24
07.10.2024 15:02:20.000,224.856,224.856,224.856,224.856,12
07.10.2024 15:02:21.000,224.846,224.846,224.846,224.846,12
07.10.2024 15:02:22.000,224.846,224.846,224.766,224.766,84.00000000000001
07.10.2024 15:02:23.000,224.756,224.786,224.756,224.786,72
07.10.2024 15:02:24.000,224.807,224.807,224.786,224.786,36
07.10.2024 15:02:25.000,224.817,224.817,224.787,224.787,36
07.10.2024 15:02:27.000,224.786,224.786,224.776,224.776,24
07.10.2024 15:02:28.000,224.797,224.816,224.797,224.816,36
07.10.2024 15:02:30.000,224.817,224.817,224.817,224.817,12
07.10.2024 15:02:32.000,224.807,224.807,224.766,224.766,36
07.10.2024 15:02:33.000,224.757,224.777,224.757,224.776,48
07.10.2024 15:02:34.000,224.767,224.767,224.767,224.767,24
07.10.2024 15:02:35.000,224.787,224.787,224.766,224.766,24
07.10.2024 15:02:36.000,224.766,224.766,224.717,224.717,48
07.10.2024 15:02:37.000,224.717,224.736,224.717,224.727,60
07.10.2024 15:02:38.000,224.757,224.777,224.756,224.756,60
07.10.2024 15:02:39.000,224.757,224.757,224.757,224.757,12
07.10.2024 15:02:40.000,224.786,224.786,224.777,224.777,24
07.10.2024 15:02:41.000,224.786,224.786,224.777,224.777,24
07.10.2024 15:02:42.000,224.787,224.787,224.776,224.786,36
07.10.2024 15:02:43.000,224.787,224.796,224.787,224.796,36
07.10.2024 15:02:45.000,224.817,224.817,224.817,224.817,12
07.10.2024 15:02:46.000,224.826,224.826,224.816,224.816,24
07.10.2024 15:02:50.000,224.827,224.827,224.827,224.827,12
07.10.2024 15:02:51.000,224.836,224.836,224.836,224.836,12
07.10.2024 15:02:52.000,224.846,224.846,224.836,224.836,24
07.10.2024 15:02:53.000,224.847,224.847,224.816,224.817,48
07.10.2024 15:02:54.000,224.807,224.807,224.807,224.807,24
07.10.2024 15:02:55.000,224.817,224.827,224.817,224.827,24
07.10.2024 15:02:56.000,224.837,224.837,224.837,224.837,12
07.10.2024 15:03:01.000,224.837,224.837,224.816,224.826,84.00000000000001
07.10.2024 15:03:02.000,224.826,224.826,224.826,224.826,12
07.10.2024 15:03:03.000,224.836,224.846,224.836,224.846,24
07.10.2024 15:03:04.000,224.837,224.837,224.837,224.837,24
07.10.2024 15:03:05.000,224.817,224.817,224.817,224.817,12
07.10.2024 15:03:07.000,224.836,224.836,224.836,224.836,12
07.10.2024 15:03:11.000,224.836,224.836,224.816,224.816,36
07.10.2024 15:03:12.000,224.796,224.826,224.796,224.796,48
07.10.2024 15:03:13.000,224.786,224.797,224.786,224.797,24
07.10.2024 15:03:14.000,224.817,224.817,224.817,224.817,24
07.10.2024 15:03:16.000,224.826,224.826,224.826,224.826,24
07.10.2024 15:03:17.000,224.827,224.827,224.816,224.816,36
07.10.2024 15:03:18.000,224.797,224.797,224.786,224.786,60
07.10.2024 15:03:21.000,224.776,224.776,224.776,224.776,24
07.10.2024 15:03:25.000,224.746,224.746,224.746,224.746,12
07.10.2024 15:03:26.000,224.746,224.746,224.746,224.746,12
07.10.2024 15:03:27.000,224.756,224.757,224.756,224.757,24
07.10.2024 15:03:30.000,224.727,224.727,224.727,224.727,12
07.10.2024 15:03:31.000,224.717,224.737,224.717,224.737,24
07.10.2024 15:03:32.000,224.726,224.736,224.716,224.736,84.00000000000001
07.10.2024 15:03:33.000,224.757,224.767,224.756,224.756,36
07.10.2024 15:03:34.000,224.766,224.816,224.766,224.816,48
07.10.2024 15:03:35.000,224.816,224.816,224.816,224.816,12
07.10.2024 15:03:36.000,224.806,224.806,224.806,224.806,12
07.10.2024 15:03:40.000,224.796,224.796,224.766,224.767,60
07.10.2024 15:03:41.000,224.767,224.767,224.767,224.767,12
07.10.2024 15:03:43.000,224.796,224.796,224.787,224.787,24
07.10.2024 15:03:44.000,224.817,224.827,224.816,224.827,36
07.10.2024 15:03:45.000,224.827,224.827,224.796,224.796,48
07.10.2024 15:03:46.000,224.796,224.796,224.786,224.786,36
07.10.2024 15:03:47.000,224.776,224.787,224.776,224.787,48
07.10.2024 15:03:48.000,224.806,224.806,224.796,224.797,60
07.10.2024 15:03:49.000,224.797,224.797,224.797,224.797,24
07.10.2024 15:03:50.000,224.796,224.807,224.796,224.807,24
07.10.2024 15:03:51.000,224.786,224.786,224.786,224.786,12
07.10.2024 15:03:54.000,224.787,224.787,224.706,224.716,96
07.10.2024 15:03:55.000,224.717,224.717,224.717,224.717,24
07.10.2024 15:03:56.000,224.697,224.697,224.667,224.676,48
07.10.2024 15:03:57.000,224.666,224.666,224.666,224.666,12
07.10.2024 15:03:59.000,224.666,224.666,224.647,224.647,24
07.10.2024 15:04:00.000,224.657,224.657,224.627,224.627,36
07.10.2024 15:04:01.000,224.636,224.637,224.636,224.637,24
07.10.2024 15:04:03.000,224.617,224.617,224.617,224.617,12
07.10.2024 15:04:04.000,224.626,224.647,224.626,224.647,48
07.10.2024 15:04:05.000,224.667,224.667,224.667,224.667,12
07.10.2024 15:04:06.000,224.667,224.667,224.666,224.666,24
07.10.2024 15:04:07.000,224.647,224.647,224.647,224.647,12
07.10.2024 15:04:08.000,224.626,224.626,224.626,224.626,12
07.10.2024 15:04:09.000,224.616,224.616,224.596,224.596,36
07.10.2024 15:04:10.000,224.596,224.606,224.596,224.597,36
07.10.2024 15:04:11.000,224.596,224.606,224.596,224.606,24
07.10.2024 15:04:12.000,224.597,224.597,224.597,224.597,12
07.10.2024 15:04:14.000,224.596,224.607,224.596,224.606,48
07.10.2024 15:04:15.000,224.606,224.607,224.606,224.607,24
07.10.2024 15:04:16.000,224.606,224.607,224.606,224.607,24
07.10.2024 15:04:17.000,224.606,224.606,224.606,224.606,12
07.10.2024 15:04:19.000,224.626,224.626,224.617,224.617,36
07.10.2024 15:04:20.000,224.617,224.617,224.617,224.617,24
07.10.2024 15:04:22.000,224.616,224.627,224.616,224.627,36
07.10.2024 15:04:23.000,224.627,224.627,224.627,224.627,24
07.10.2024 15:04:26.000,224.626,224.626,224.626,224.626,48
07.10.2024 15:04:27.000,224.626,224.626,224.626,224.626,24
07.10.2024 15:04:29.000,224.626,224.647,224.626,224.647,48
07.10.2024 15:04:30.000,224.656,224.656,224.647,224.647,36
07.10.2024 15:04:31.000,224.646,224.647,224.646,224.646,48
07.10.2024 15:04:32.000,224.647,224.656,224.647,224.656,24
07.10.2024 15:04:33.000,224.656,224.656,224.656,224.656,24
07.10.2024 15:04:37.000,224.666,224.666,224.666,224.666,12
07.10.2024 15:04:38.000,224.656,224.656,224.656,224.656,24
07.10.2024 15:04:39.000,224.657,224.657,224.657,224.657,24
07.10.2024 15:04:40.000,224.677,224.686,224.666,224.666,72
07.10.2024 15:04:41.000,224.667,224.677,224.666,224.677,48
07.10.2024 15:04:42.000,224.667,224.686,224.666,224.686,60
07.10.2024 15:04:43.000,224.677,224.677,224.676,224.676,24
07.10.2024 15:04:45.000,224.676,224.697,224.676,224.686,60
07.10.2024 15:04:47.000,224.676,224.677,224.666,224.666,36
07.10.2024 15:04:48.000,224.666,224.666,224.666,224.666,12
07.10.2024 15:04:50.000,224.656,224.666,224.656,224.666,24
07.10.2024 15:04:51.000,224.676,224.676,224.667,224.667,24
07.10.2024 15:04:52.000,224.686,224.686,224.667,224.667,48
07.10.2024 15:04:54.000,224.697,224.697,224.686,224.686,24
07.10.2024 15:04:55.000,224.696,224.697,224.696,224.697,24
07.10.2024 15:04:56.000,224.696,224.696,224.696,224.696,12
07.10.2024 15:04:57.000,224.696,224.696,224.696,224.696,12
07.10.2024 15:04:58.000,224.727,224.727,224.727,224.727,12
07.10.2024 15:04:59.000,224.736,224.736,224.736,224.736,12
07.10.2024 15:05:00.000,224.746,224.746,224.746,224.746,12
07.10.2024 15:05:01.000,224.757,224.757,224.757,224.757,12
07.10.2024 15:05:02.000,224.776,224.776,224.776,224.776,12
07.10.2024 15:05:06.000,224.786,224.797,224.786,224.797,24
07.10.2024 15:05:07.000,224.787,224.796,224.787,224.796,24
07.10.2024 15:05:08.000,224.786,224.786,224.786,224.786,12
07.10.2024 15:05:10.000,224.786,224.807,224.786,224.807,24
07.10.2024 15:05:11.000,224.817,224.817,224.817,224.817,12
07.10.2024 15:05:13.000,224.816,224.817,224.816,224.817,60
07.10.2024 15:05:15.000,224.797,224.797,224.797,224.797,12
07.10.2024 15:05:16.000,224.797,224.797,224.776,224.776,36
07.10.2024 15:05:17.000,224.736,224.736,224.726,224.727,36
07.10.2024 15:05:18.000,224.697,224.706,224.696,224.696,36
07.10.2024 15:05:20.000,224.687,224.687,224.687,224.687,12
07.10.2024 15:05:21.000,224.657,224.657,224.657,224.657,12
07.10.2024 15:05:22.000,224.637,224.656,224.637,224.656,24
07.10.2024 15:05:23.000,224.656,224.656,224.656,224.656,12
07.10.2024 15:05:24.000,224.636,224.636,224.636,224.636,12
07.10.2024 15:05:25.000,224.636,224.657,224.636,224.637,36
07.10.2024 15:05:26.000,224.637,224.647,224.637,224.646,48
07.10.2024 15:05:27.000,224.637,224.637,224.637,224.637,24
07.10.2024 15:05:29.000,224.637,224.647,224.637,224.647,24
07.10.2024 15:05:30.000,224.657,224.657,224.657,224.657,12
07.10.2024 15:05:31.000,224.646,224.646,224.646,224.646,12
07.10.2024 15:05:32.000,224.666,224.667,224.666,224.667,24
07.10.2024 15:05:33.000,224.687,224.696,224.687,224.696,36
07.10.2024 15:05:34.000,224.697,224.697,224.697,224.697,12
07.10.2024 15:05:35.000,224.697,224.697,224.677,224.677,36
07.10.2024 15:05:36.000,224.677,224.677,224.677,224.677,12
07.10.2024 15:05:37.000,224.687,224.706,224.687,224.706,24
07.10.2024 15:05:39.000,224.697,224.697,224.697,224.697,12
07.10.2024 15:05:41.000,224.727,224.727,224.727,224.727,12
07.10.2024 15:05:43.000,224.737,224.737,224.727,224.727,24
07.10.2024 15:05:44.000,224.727,224.727,224.676,224.676,24
07.10.2024 15:05:45.000,224.687,224.687,224.676,224.676,24
07.10.2024 15:05:46.000,224.677,224.677,224.677,224.677,12
07.10.2024 15:05:47.000,224.686,224.686,224.686,224.686,12
07.10.2024 15:05:49.000,224.697,224.697,224.696,224.696,36
07.10.2024 15:05:51.000,224.676,224.687,224.626,224.626,60
07.10.2024 15:05:55.000,224.626,224.667,224.626,224.667,48
07.10.2024 15:05:56.000,224.667,224.667,224.667,224.667,12
07.10.2024 15:05:57.000,224.657,224.657,224.646,224.647,36
07.10.2024 15:05:59.000,224.666,224.666,224.646,224.646,24
07.10.2024 15:06:02.000,224.666,224.666,224.666,224.666,12
07.10.2024 15:06:03.000,224.657,224.657,224.657,224.657,12
07.10.2024 15:06:04.000,224.657,224.666,224.656,224.666,36
07.10.2024 15:06:05.000,224.626,224.647,224.626,224.647,48
07.10.2024 15:06:11.000,224.656,224.656,224.646,224.646,24
07.10.2024 15:06:12.000,224.627,224.627,224.627,224.627,12
07.10.2024 15:06:13.000,224.626,224.626,224.616,224.616,24
07.10.2024 15:06:17.000,224.607,224.607,224.607,224.607,12
07.10.2024 15:06:19.000,224.596,224.647,224.596,224.647,36
07.10.2024 15:06:20.000,224.647,224.647,224.647,224.647,12
07.10.2024 15:06:21.000,224.656,224.656,224.656,224.656,12
07.10.2024 15:06:22.000,224.636,224.636,224.627,224.636,48
07.10.2024 15:06:23.000,224.637,224.637,224.637,224.637,12
07.10.2024 15:06:28.000,224.647,224.647,224.636,224.636,24
07.10.2024 15:06:29.000,224.636,224.636,224.636,224.636,12
07.10.2024 15:06:30.000,224.637,224.637,224.637,224.637,12
07.10.2024 15:06:31.000,224.636,224.636,224.636,224.636,12
07.10.2024 15:06:32.000,224.636,224.636,224.636,224.636,12
07.10.2024 15:06:35.000,224.626,224.626,224.626,224.626,12
07.10.2024 15:06:38.000,224.606,224.606,224.606,224.606,12
07.10.2024 15:06:39.000,224.597,224.597,224.597,224.597,12
07.10.2024 15:06:41.000,224.586,224.586,224.586,224.586,12
07.10.2024 15:06:42.000,224.556,224.556,224.556,224.556,12
07.10.2024 15:06:43.000,224.537,224.537,224.516,224.516,60
07.10.2024 15:06:44.000,224.507,224.526,224.506,224.507,60
07.10.2024 15:06:45.000,224.516,224.516,224.516,224.516,12
07.10.2024 15:06:46.000,224.517,224.537,224.516,224.536,48
07.10.2024 15:06:48.000,224.516,224.516,224.506,224.506,24
07.10.2024 15:06:51.000,224.517,224.526,224.517,224.526,60
07.10.2024 15:06:52.000,224.526,224.567,224.526,224.567,24
07.10.2024 15:06:53.000,224.587,224.587,224.587,224.587,12
07.10.2024 15:06:54.000,224.576,224.576,224.576,224.576,12
07.10.2024 15:06:55.000,224.537,224.576,224.537,224.576,36
07.10.2024 15:06:56.000,224.567,224.567,224.567,224.567,12
07.10.2024 15:06:57.000,224.567,224.567,224.567,224.567,24
07.10.2024 15:06:59.000,224.536,224.537,224.536,224.537,24
07.10.2024 15:07:00.000,224.527,224.547,224.516,224.547,36
07.10.2024 15:07:01.000,224.557,224.557,224.547,224.547,24
07.10.2024 15:07:02.000,224.557,224.576,224.557,224.576,36
07.10.2024 15:07:03.000,224.596,224.596,224.577,224.577,36
07.10.2024 15:07:04.000,224.567,224.567,224.547,224.547,24
07.10.2024 15:07:05.000,224.546,224.546,224.546,224.546,12
07.10.2024 15:07:06.000,224.557,224.557,224.557,224.557,12
07.10.2024 15:07:08.000,224.546,224.556,224.536,224.536,48
07.10.2024 15:07:09.000,224.516,224.546,224.516,224.536,72
07.10.2024 15:07:10.000,224.546,224.546,224.537,224.537,24
07.10.2024 15:07:12.000,224.536,224.536,224.536,224.536,12
07.10.2024 15:07:13.000,224.516,224.516,224.507,224.507,36
07.10.2024 15:07:14.000,224.506,224.506,224.506,224.506,12
07.10.2024 15:07:15.000,224.456,224.456,224.456,224.456,12
07.10.2024 15:07:16.000,224.457,224.516,224.457,224.516,48
07.10.2024 15:07:17.000,224.507,224.507,224.507,224.507,12
07.10.2024 15:07:18.000,224.516,224.516,224.507,224.507,24
07.10.2024 15:07:19.000,224.506,224.516,224.506,224.516,36
07.10.2024 15:07:20.000,224.526,224.526,224.507,224.507,36
07.10.2024 15:07:21.000,224.536,224.536,224.517,224.536,36
07.10.2024 15:07:26.000,224.557,224.557,224.556,224.556,48
07.10.2024 15:07:27.000,224.557,224.557,224.557,224.557,12
07.10.2024 15:07:28.000,224.566,224.587,224.556,224.567,60
07.10.2024 15:07:29.000,224.597,224.597,224.597,224.597,12
07.10.2024 15:07:30.000,224.576,224.577,224.576,224.576,84.00000000000001
07.10.2024 15:07:31.000,224.567,224.567,224.566,224.567,48
07.10.2024 15:07:32.000,224.566,224.566,224.566,224.566,12
07.10.2024 15:07:33.000,224.567,224.567,224.567,224.567,12
07.10.2024 15:07:34.000,224.576,224.576,224.576,224.576,12
07.10.2024 15:07:36.000,224.577,224.577,224.577,224.577,24
07.10.2024 15:07:39.000,224.586,224.586,224.586,224.586,12
07.10.2024 15:07:40.000,224.586,224.586,224.586,224.586,12
07.10.2024 15:07:41.000,224.596,224.606,224.596,224.597,48
07.10.2024 15:07:42.000,224.596,224.596,224.596,224.596,24
07.10.2024 15:07:43.000,224.586,224.586,224.586,224.586,24
07.10.2024 15:07:44.000,224.597,224.597,224.597,224.597,12
07.10.2024 15:07:45.000,224.597,224.597,224.596,224.596,24
07.10.2024 15:07:46.000,224.637,224.637,224.637,224.637,12
07.10.2024 15:07:47.000,224.636,224.636,224.636,224.636,12
07.10.2024 15:07:48.000,224.637,224.646,224.636,224.637,48
07.10.2024 15:07:49.000,224.637,224.637,224.626,224.626,72
07.10.2024 15:07:50.000,224.636,224.636,224.636,224.636,12
07.10.2024 15:07:51.000,224.656,224.656,224.656,224.656,12
07.10.2024 15:07:52.000,224.647,224.647,224.637,224.637,24
07.10.2024 15:07:54.000,224.636,224.637,224.636,224.637,24
07.10.2024 15:07:55.000,224.637,224.646,224.636,224.636,36
07.10.2024 15:07:56.000,224.647,224.647,224.636,224.636,36
07.10.2024 15:07:57.000,224.637,224.637,224.637,224.637,24
07.10.2024 15:07:59.000,224.606,224.607,224.606,224.607,24
07.10.2024 15:08:00.000,224.607,224.607,224.607,224.607,12
07.10.2024 15:08:01.000,224.616,224.616,224.606,224.606,24
07.10.2024 15:08:02.000,224.617,224.626,224.606,224.626,36
07.10.2024 15:08:03.000,224.646,224.647,224.636,224.636,36
07.10.2024 15:08:04.000,224.646,224.646,224.646,224.646,12
07.10.2024 15:08:05.000,224.637,224.637,224.637,224.637,12
07.10.2024 15:08:08.000,224.626,224.626,224.626,224.626,12
07.10.2024 15:08:10.000,224.637,224.637,224.637,224.637,12
07.10.2024 15:08:11.000,224.626,224.626,224.626,224.626,12
07.10.2024 15:08:13.000,224.627,224.627,224.627,224.627,12
07.10.2024 15:08:15.000,224.627,224.627,224.627,224.627,12
07.10.2024 15:08:18.000,224.646,224.646,224.646,224.646,12
07.10.2024 15:08:19.000,224.627,224.646,224.627,224.646,24
07.10.2024 15:08:20.000,224.647,224.647,224.647,224.647,12
07.10.2024 15:08:21.000,224.596,224.596,224.566,224.566,48
07.10.2024 15:08:22.000,224.567,224.567,224.567,224.567,12
07.10.2024 15:08:23.000,224.537,224.537,224.537,224.537,12
07.10.2024 15:08:24.000,224.527,224.527,224.527,224.527,12
07.10.2024 15:08:25.000,224.527,224.536,224.527,224.536,24
07.10.2024 15:08:26.000,224.526,224.526,224.526,224.526,12
07.10.2024 15:08:27.000,224.537,224.537,224.537,224.537,12
07.10.2024 15:08:28.000,224.547,224.597,224.547,224.597,60
07.10.2024 15:08:29.000,224.587,224.597,224.587,224.597,48
07.10.2024 15:08:31.000,224.607,224.607,224.607,224.607,12
07.10.2024 15:08:32.000,224.617,224.617,224.617,224.617,12
07.10.2024 15:08:33.000,224.627,224.627,224.626,224.626,24
07.10.2024 15:08:34.000,224.626,224.626,224.626,224.626,12
07.10.2024 15:08:36.000,224.636,224.636,224.636,224.636,12
07.10.2024 15:08:38.000,224.647,224.656,224.647,224.647,36
07.10.2024 15:08:39.000,224.656,224.656,224.636,224.636,36
07.10.2024 15:08:40.000,224.646,224.646,224.646,224.646,12
07.10.2024 15:08:41.000,224.637,224.637,224.637,224.637,12
07.10.2024 15:08:42.000,224.666,224.667,224.666,224.667,24
07.10.2024 15:08:43.000,224.677,224.687,224.667,224.667,48
07.10.2024 15:08:44.000,224.667,224.667,224.666,224.667,36
07.10.2024 15:08:45.000,224.667,224.667,224.657,224.657,24
07.10.2024 15:08:48.000,224.657,224.657,224.656,224.656,84.00000000000001
07.10.2024 15:08:49.000,224.657,224.657,224.657,224.657,12
07.10.2024 15:08:51.000,224.677,224.687,224.677,224.687,24
07.10.2024 15:08:52.000,224.686,224.686,224.686,224.686,12
07.10.2024 15:08:53.000,224.696,224.696,224.696,224.696,12
07.10.2024 15:08:54.000,224.687,224.687,224.687,224.687,12
07.10.2024 15:08:55.000,224.687,224.687,224.686,224.687,48
07.10.2024 15:08:56.000,224.687,224.687,224.686,224.686,24
07.10.2024 15:08:57.000,224.686,224.687,224.686,224.687,36
07.10.2024 15:08:58.000,224.687,224.687,224.687,224.687,12
07.10.2024 15:09:03.000,224.686,224.687,224.686,224.687,24
07.10.2024 15:09:04.000,224.686,224.686,224.686,224.686,12
07.10.2024 15:09:05.000,224.697,224.697,224.697,224.697,12
07.10.2024 15:09:06.000,224.707,224.707,224.707,224.707,24
07.10.2024 15:09:07.000,224.706,224.707,224.696,224.696,48
07.10.2024 15:09:08.000,224.696,224.696,224.696,224.696,12
07.10.2024 15:09:13.000,224.696,224.727,224.696,224.717,60
07.10.2024 15:09:14.000,224.716,224.716,224.687,224.687,24
07.10.2024 15:09:15.000,224.687,224.687,224.686,224.686,24
07.10.2024 15:09:17.000,224.637,224.637,224.616,224.616,60
07.10.2024 15:09:18.000,224.616,224.616,224.616,224.616,24
07.10.2024 15:09:19.000,224.616,224.616,224.586,224.587,48
07.10.2024 15:09:20.000,224.587,224.587,224.586,224.586,36
07.10.2024 15:09:21.000,224.587,224.587,224.587,224.587,12
07.10.2024 15:09:22.000,224.576,224.577,224.576,224.577,24
07.10.2024 15:09:23.000,224.576,224.576,224.556,224.556,48
07.10.2024 15:09:24.000,224.567,224.567,224.567,224.567,12
07.10.2024 15:09:28.000,224.546,224.546,224.546,224.546,12
07.10.2024 15:09:29.000,224.546,224.546,224.546,224.546,12
07.10.2024 15:09:31.000,224.546,224.547,224.546,224.547,24
07.10.2024 15:09:33.000,224.566,224.566,224.566,224.566,12
07.10.2024 15:09:34.000,224.557,224.557,224.547,224.547,24
07.10.2024 15:09:35.000,224.557,224.557,224.557,224.557,12
07.10.2024 15:09:37.000,224.547,224.547,224.546,224.546,36
07.10.2024 15:09:42.000,224.547,224.556,224.547,224.556,24
07.10.2024 15:09:43.000,224.567,224.567,224.567,224.567,12
07.10.2024 15:09:44.000,224.577,224.577,224.577,224.577,12
07.10.2024 15:09:47.000,224.586,224.596,224.576,224.596,48
07.10.2024 15:09:49.000,224.596,224.617,224.596,224.617,48
07.10.2024 15:09:50.000,224.616,224.616,224.616,224.616,12
07.10.2024 15:09:51.000,224.626,224.626,224.626,224.626,12
07.10.2024 15:09:55.000,224.666,224.667,224.646,224.646,60
07.10.2024 15:09:56.000,224.646,224.657,224.646,224.657,24
07.10.2024 15:09:58.000,224.646,224.657,224.646,224.657,48
07.10.2024 15:09:59.000,224.657,224.657,224.657,224.657,12
07.10.2024 15:10:00.000,224.657,224.657,224.657,224.657,24
07.10.2024 15:10:01.000,224.656,224.656,224.656,224.656,12
07.10.2024 15:10:02.000,224.656,224.656,224.626,224.626,72
07.10.2024 15:10:03.000,224.626,224.626,224.626,224.626,12
07.10.2024 15:10:05.000,224.606,224.606,224.596,224.597,48
07.10.2024 15:10:07.000,224.596,224.596,224.596,224.596,12
07.10.2024 15:10:08.000,224.607,224.607,224.607,224.607,12
07.10.2024 15:10:09.000,224.596,224.597,224.596,224.597,36
07.10.2024 15:10:10.000,224.597,224.597,224.597,224.597,12
07.10.2024 15:10:11.000,224.596,224.596,224.596,224.596,12
07.10.2024 15:10:14.000,224.596,224.597,224.596,224.597,24
07.10.2024 15:10:17.000,224.606,224.606,224.606,224.606,12
07.10.2024 15:10:22.000,224.606,224.606,224.606,224.606,24
07.10.2024 15:10:23.000,224.626,224.637,224.626,224.637,36
07.10.2024 15:10:24.000,224.646,224.646,224.646,224.646,12
07.10.2024 15:10:28.000,224.657,224.677,224.657,224.677,24
07.10.2024 15:10:32.000,224.687,224.687,224.687,224.687,12
07.10.2024 15:10:35.000,224.677,224.677,224.676,224.676,24
07.10.2024 15:10:37.000,224.677,224.677,224.677,224.677,12
07.10.2024 15:10:39.000,224.687,224.687,224.687,224.687,12
07.10.2024 15:10:41.000,224.707,224.707,224.696,224.696,24
07.10.2024 15:10:45.000,224.697,224.697,224.697,224.697,12
07.10.2024 15:10:46.000,224.657,224.657,224.656,224.656,24
07.10.2024 15:10:47.000,224.647,224.647,224.647,224.647,12
07.10.2024 15:10:48.000,224.647,224.647,224.626,224.626,48
07.10.2024 15:10:49.000,224.627,224.637,224.627,224.637,24
07.10.2024 15:10:50.000,224.647,224.647,224.647,224.647,12
07.10.2024 15:10:51.000,224.646,224.656,224.646,224.656,24
07.10.2024 15:10:53.000,224.636,224.636,224.636,224.636,12
07.10.2024 15:10:55.000,224.637,224.637,224.637,224.637,12
07.10.2024 15:10:56.000,224.636,224.646,224.636,224.637,60
07.10.2024 15:10:57.000,224.637,224.637,224.637,224.637,12
07.10.2024 15:10:58.000,224.637,224.637,224.637,224.637,24
07.10.2024 15:10:59.000,224.637,224.637,224.626,224.627,48
07.10.2024 15:11:00.000,224.626,224.626,224.626,224.626,12
07.10.2024 15:11:01.000,224.636,224.647,224.636,224.647,48
07.10.2024 15:11:02.000,224.676,224.676,224.676,224.676,12
07.10.2024 15:11:03.000,224.677,224.687,224.677,224.687,36
07.10.2024 15:11:04.000,224.706,224.707,224.706,224.706,48
07.10.2024 15:11:05.000,224.716,224.717,224.707,224.717,48
07.10.2024 15:11:06.000,224.707,224.707,224.706,224.706,48
07.10.2024 15:11:07.000,224.707,224.707,224.706,224.707,36
07.10.2024 15:11:08.000,224.736,224.736,224.736,224.736,12
07.10.2024 15:11:09.000,224.757,224.757,224.737,224.747,36
07.10.2024 15:11:10.000,224.737,224.757,224.736,224.736,48
07.10.2024 15:11:11.000,224.716,224.716,224.706,224.706,24
07.10.2024 15:11:12.000,224.726,224.747,224.716,224.736,60
07.10.2024 15:11:13.000,224.717,224.727,224.716,224.716,48
07.10.2024 15:11:14.000,224.716,224.717,224.716,224.717,36
07.10.2024 15:11:15.000,224.717,224.717,224.676,224.676,36
07.10.2024 15:11:16.000,224.646,224.647,224.637,224.637,48
07.10.2024 15:11:17.000,224.627,224.627,224.627,224.627,12
07.10.2024 15:11:18.000,224.687,224.696,224.677,224.677,36
07.10.2024 15:11:19.000,224.677,224.677,224.666,224.666,36
07.10.2024 15:11:21.000,224.676,224.676,224.676,224.676,12
07.10.2024 15:11:22.000,224.697,224.697,224.667,224.667,24
07.10.2024 15:11:24.000,224.677,224.677,224.677,224.677,12
07.10.2024 15:11:27.000,224.707,224.707,224.707,224.707,12
07.10.2024 15:11:29.000,224.706,224.706,224.706,224.706,12
07.10.2024 15:11:30.000,224.717,224.737,224.717,224.737,24
07.10.2024 15:11:31.000,224.737,224.737,224.726,224.726,24
07.10.2024 15:11:32.000,224.726,224.727,224.726,224.727,24
07.10.2024 15:11:34.000,224.716,224.716,224.716,224.716,12
07.10.2024 15:11:38.000,224.717,224.736,224.717,224.736,36
07.10.2024 15:11:40.000,224.736,224.766,224.736,224.756,36
07.10.2024 15:11:41.000,224.766,224.766,224.766,224.766,12
07.10.2024 15:11:42.000,224.786,224.786,224.776,224.776,24
07.10.2024 15:11:43.000,224.786,224.786,224.777,224.777,36
07.10.2024 15:11:44.000,224.766,224.766,224.766,224.766,12
07.10.2024 15:11:45.000,224.796,224.796,224.796,224.796,12
07.10.2024 15:11:47.000,224.807,224.816,224.807,224.816,24
07.10.2024 15:11:48.000,224.816,224.816,224.816,224.816,12
07.10.2024 15:11:49.000,224.837,224.837,224.826,224.826,24
07.10.2024 15:11:52.000,224.847,224.847,224.836,224.836,60
07.10.2024 15:11:53.000,224.826,224.826,224.826,224.826,12
07.10.2024 15:11:54.000,224.826,224.826,224.826,224.826,12
07.10.2024 15:11:55.000,224.806,224.806,224.806,224.806,12
07.10.2024 15:12:00.000,224.807,224.807,224.807,224.807,12
07.10.2024 15:12:01.000,224.796,224.796,224.796,224.796,12
07.10.2024 15:12:02.000,224.786,224.796,224.786,224.796,36
07.10.2024 15:12:03.000,224.796,224.796,224.796,224.796,12
07.10.2024 15:12:05.000,224.807,224.807,224.807,224.807,12
07.10.2024 15:12:08.000,224.806,224.806,224.806,224.806,12
07.10.2024 15:12:10.000,224.807,224.837,224.807,224.836,48
07.10.2024 15:12:11.000,224.827,224.847,224.827,224.837,36
07.10.2024 15:12:12.000,224.846,224.856,224.846,224.856,24
07.10.2024 15:12:13.000,224.847,224.847,224.847,224.847,12
07.10.2024 15:12:17.000,224.837,224.837,224.837,224.837,12
07.10.2024 15:12:18.000,224.867,224.867,224.866,224.866,24
07.10.2024 15:12:21.000,224.876,224.876,224.876,224.876,12
07.10.2024 15:12:24.000,224.886,224.886,224.886,224.886,12
07.10.2024 15:12:25.000,224.896,224.896,224.896,224.896,12
07.10.2024 15:12:27.000,224.906,224.906,224.886,224.886,36
07.10.2024 15:12:30.000,224.886,224.897,224.857,224.857,48
07.10.2024 15:12:31.000,224.846,224.846,224.837,224.837,24
07.10.2024 15:12:32.000,224.847,224.847,224.837,224.847,36
07.10.2024 15:12:33.000,224.857,224.857,224.836,224.836,48
07.10.2024 15:12:35.000,224.846,224.846,224.836,224.836,24
07.10.2024 15:12:36.000,224.847,224.847,224.837,224.837,24
07.10.2024 15:12:37.000,224.866,224.866,224.836,224.836,36
07.10.2024 15:12:38.000,224.837,224.837,224.837,224.837,12
07.10.2024 15:12:39.000,224.837,224.877,224.837,224.877,24
07.10.2024 15:12:40.000,224.837,224.837,224.836,224.837,36
07.10.2024 15:12:41.000,224.836,224.837,224.836,224.837,24
07.10.2024 15:12:42.000,224.846,224.847,224.846,224.847,24
07.10.2024 15:12:43.000,224.836,224.867,224.836,224.866,48
07.10.2024 15:12:46.000,224.876,224.876,224.866,224.867,36
07.10.2024 15:12:48.000,224.866,224.866,224.866,224.866,12
07.10.2024 15:12:52.000,224.866,224.866,224.837,224.837,36
07.10.2024 15:12:53.000,224.836,224.837,224.836,224.836,48
07.10.2024 15:12:54.000,224.836,224.836,224.836,224.836,12
07.10.2024 15:12:57.000,224.836,224.857,224.836,224.857,24
07.10.2024 15:12:58.000,224.867,224.867,224.867,224.867,12
07.10.2024 15:12:59.000,224.856,224.856,224.856,224.856,12
07.10.2024 15:13:00.000,224.856,224.857,224.856,224.856,36
07.10.2024 15:13:01.000,224.857,224.857,224.857,224.857,36
07.10.2024 15:13:02.000,224.857,224.857,224.857,224.857,24
07.10.2024 15:13:03.000,224.856,224.856,224.856,224.856,12
07.10.2024 15:13:06.000,224.886,224.886,224.886,224.886,12
07.10.2024 15:13:07.000,224.887,224.906,224.886,224.886,48
07.10.2024 15:13:08.000,224.886,224.887,224.886,224.887,36
07.10.2024 15:13:09.000,224.896,224.897,224.886,224.897,48
07.10.2024 15:13:10.000,224.886,224.886,224.886,224.886,12
07.10.2024 15:13:14.000,224.886,224.897,224.877,224.897,36
07.10.2024 15:13:17.000,224.926,224.926,224.926,224.926,12
07.10.2024 15:13:19.000,224.926,224.927,224.926,224.927,24
07.10.2024 15:13:20.000,224.927,224.927,224.926,224.926,24
07.10.2024 15:13:23.000,224.927,224.927,224.916,224.916,36
07.10.2024 15:13:24.000,224.917,224.917,224.917,224.917,24
07.10.2024 15:13:25.000,224.916,224.916,224.916,224.916,12
07.10.2024 15:13:28.000,224.926,224.926,224.926,224.926,12
07.10.2024 15:13:29.000,224.936,224.936,224.936,224.936,12
07.10.2024 15:13:30.000,224.956,224.967,224.956,224.967,24
07.10.2024 15:13:31.000,224.956,224.956,224.937,224.937,36
07.10.2024 15:13:35.000,224.946,224.946,224.937,224.937,24
07.10.2024 15:13:37.000,224.947,224.957,224.947,224.957,24
07.10.2024 15:13:38.000,224.936,224.936,224.936,224.936,12
07.10.2024 15:13:41.000,224.937,224.937,224.937,224.937,12
07.10.2024 15:13:42.000,224.936,224.936,224.916,224.927,48
07.10.2024 15:13:43.000,224.926,224.926,224.916,224.916,24
07.10.2024 15:13:45.000,224.917,224.917,224.917,224.917,12
07.10.2024 15:13:46.000,224.917,224.917,224.917,224.917,12
07.10.2024 15:13:47.000,224.936,224.936,224.917,224.917,24
07.10.2024 15:13:51.000,224.927,224.927,224.917,224.917,24
07.10.2024 15:13:52.000,224.926,224.926,224.926,224.926,12
07.10.2024 15:13:53.000,224.926,224.926,224.926,224.926,12
07.10.2024 15:13:56.000,224.917,224.917,224.917,224.917,12
07.10.2024 15:13:59.000,224.916,224.916,224.916,224.916,12
07.10.2024 15:14:00.000,224.917,224.917,224.917,224.917,12
07.10.2024 15:14:05.000,224.916,224.916,224.916,224.916,12
07.10.2024 15:14:08.000,224.926,224.926,224.916,224.916,24
07.10.2024 15:14:19.000,224.917,224.917,224.917,224.917,12
07.10.2024 15:14:21.000,224.936,224.936,224.916,224.916,36
07.10.2024 15:14:22.000,224.967,224.967,224.956,224.956,48
07.10.2024 15:14:23.000,224.956,224.956,224.956,224.956,12
07.10.2024 15:14:25.000,224.966,224.967,224.966,224.967,36
07.10.2024 15:14:27.000,224.977,224.977,224.966,224.966,24
07.10.2024 15:14:28.000,224.977,224.977,224.977,224.977,12
07.10.2024 15:14:29.000,224.966,224.967,224.966,224.967,36
07.10.2024 15:14:30.000,224.976,224.976,224.967,224.967,24
07.10.2024 15:14:31.000,224.986,224.986,224.966,224.966,48
07.10.2024 15:14:32.000,224.967,224.967,224.967,224.967,12
07.10.2024 15:14:33.000,224.967,224.977,224.967,224.977,36
07.10.2024 15:14:35.000,224.987,224.996,224.987,224.996,24
07.10.2024 15:14:37.000,224.986,224.986,224.986,224.986,12
07.10.2024 15:14:39.000,224.966,224.967,224.957,224.957,48
07.10.2024 15:14:40.000,224.947,224.947,224.947,224.947,12
07.10.2024 15:14:41.000,224.947,224.947,224.947,224.947,12
07.10.2024 15:14:42.000,224.936,224.936,224.917,224.917,36
07.10.2024 15:14:44.000,224.917,224.917,224.917,224.917,12
07.10.2024 15:14:45.000,224.906,224.906,224.906,224.906,12
07.10.2024 15:14:46.000,224.897,224.897,224.897,224.897,24
07.10.2024 15:14:47.000,224.907,224.907,224.896,224.896,24
07.10.2024 15:14:50.000,224.907,224.907,224.907,224.907,12
07.10.2024 15:14:51.000,224.906,224.906,224.906,224.906,12
07.10.2024 15:14:53.000,224.906,224.907,224.906,224.907,24
07.10.2024 15:14:54.000,224.907,224.907,224.907,224.907,12
07.10.2024 15:15:02.000,224.927,224.927,224.926,224.926,24
07.10.2024 15:15:03.000,224.926,224.926,224.926,224.926,12
07.10.2024 15:15:06.000,224.917,224.917,224.917,224.917,12
07.10.2024 15:15:08.000,224.936,224.936,224.936,224.936,24
07.10.2024 15:15:09.000,224.926,224.926,224.917,224.917,24
07.10.2024 15:15:11.000,224.917,224.917,224.917,224.917,12
07.10.2024 15:15:12.000,224.917,224.917,224.917,224.917,12
07.10.2024 15:15:14.000,224.946,224.946,224.936,224.937,36
07.10.2024 15:15:15.000,224.936,224.936,224.936,224.936,24
07.10.2024 15:15:16.000,224.927,224.927,224.926,224.926,24
07.10.2024 15:15:17.000,224.867,224.867,224.856,224.856,36
07.10.2024 15:15:18.000,224.847,224.857,224.847,224.857,24
07.10.2024 15:15:19.000,224.867,224.867,224.867,224.867,24
07.10.2024 15:15:20.000,224.866,224.867,224.866,224.866,36
07.10.2024 15:15:21.000,224.866,224.866,224.866,224.866,36
07.10.2024 15:15:23.000,224.867,224.867,224.867,224.867,12
07.10.2024 15:15:25.000,224.866,224.866,224.826,224.826,24
07.10.2024 15:15:26.000,224.797,224.807,224.797,224.807,24
07.10.2024 15:15:27.000,224.817,224.826,224.806,224.817,72
07.10.2024 15:15:28.000,224.806,224.806,224.806,224.806,12
07.10.2024 15:15:31.000,224.807,224.807,224.807,224.807,12
07.10.2024 15:15:32.000,224.827,224.837,224.827,224.837,24
07.10.2024 15:15:33.000,224.826,224.826,224.826,224.826,12
07.10.2024 15:15:34.000,224.837,224.837,224.837,224.837,12
07.10.2024 15:15:35.000,224.826,224.837,224.826,224.836,48
07.10.2024 15:15:36.000,224.826,224.826,224.826,224.826,12
07.10.2024 15:15:37.000,224.816,224.816,224.816,224.816,24
07.10.2024 15:15:39.000,224.817,224.827,224.817,224.827,36
07.10.2024 15:15:40.000,224.827,224.827,224.816,224.817,48
07.10.2024 15:15:41.000,224.837,224.837,224.827,224.827,24
07.10.2024 15:15:43.000,224.826,224.826,224.826,224.826,24
07.10.2024 15:15:45.000,224.836,224.836,224.836,224.836,24
07.10.2024 15:15:46.000,224.837,224.847,224.837,224.847,48
07.10.2024 15:15:48.000,224.847,224.857,224.847,224.857,36
07.10.2024 15:15:49.000,224.856,224.856,224.856,224.856,24
07.10.2024 15:15:50.000,224.857,224.857,224.857,224.857,24
07.10.2024 15:15:52.000,224.867,224.867,224.857,224.857,24
07.10.2024 15:15:53.000,224.866,224.866,224.866,224.866,12
07.10.2024 15:15:55.000,224.887,224.887,224.887,224.887,12
07.10.2024 15:15:56.000,224.857,224.866,224.857,224.866,24
07.10.2024 15:15:57.000,224.896,224.896,224.876,224.876,24
07.10.2024 15:15:58.000,224.906,224.907,224.906,224.907,36
07.10.2024 15:15:59.000,224.906,224.907,224.906,224.907,24
07.10.2024 15:16:02.000,224.906,224.907,224.856,224.856,108
07.10.2024 15:16:03.000,224.857,224.857,224.856,224.857,60
07.10.2024 15:16:04.000,224.857,224.857,224.856,224.856,36
07.10.2024 15:16:05.000,224.856,224.856,224.856,224.856,12
07.10.2024 15:16:06.000,224.837,224.837,224.837,224.837,12
07.10.2024 15:16:07.000,224.827,224.827,224.826,224.826,24
07.10.2024 15:16:10.000,224.827,224.827,224.826,224.826,36
07.10.2024 15:16:11.000,224.827,224.827,224.826,224.827,48
07.10.2024 15:16:12.000,224.827,224.847,224.827,224.847,36
07.10.2024 15:16:13.000,224.827,224.867,224.827,224.867,24
07.10.2024 15:16:14.000,224.876,224.876,224.876,224.876,12
07.10.2024 15:16:15.000,224.886,224.886,224.877,224.877,24
07.10.2024 15:16:16.000,224.877,224.877,224.877,224.877,12
07.10.2024 15:16:18.000,224.877,224.877,224.877,224.877,12
07.10.2024 15:16:19.000,224.876,224.876,224.876,224.876,36
07.10.2024 15:16:20.000,224.876,224.886,224.867,224.886,48
07.10.2024 15:16:21.000,224.867,224.867,224.867,224.867,12
07.10.2024 15:16:22.000,224.887,224.887,224.887,224.887,12
07.10.2024 15:16:25.000,224.866,224.866,224.857,224.857,24
07.10.2024 15:16:26.000,224.857,224.857,224.847,224.847,24
07.10.2024 15:16:27.000,224.867,224.867,224.867,224.867,24
07.10.2024 15:16:28.000,224.866,224.866,224.866,224.866,24
07.10.2024 15:16:29.000,224.867,224.867,224.866,224.866,24
07.10.2024 15:16:30.000,224.866,224.886,224.866,224.886,24
07.10.2024 15:16:32.000,224.886,224.886,224.867,224.867,24
07.10.2024 15:16:33.000,224.876,224.876,224.866,224.866,24
07.10.2024 15:16:36.000,224.877,224.877,224.867,224.867,24
07.10.2024 15:16:38.000,224.866,224.866,224.866,224.866,24
07.10.2024 15:16:42.000,224.877,224.877,224.877,224.877,12
07.10.2024 15:16:43.000,224.866,224.866,224.866,224.866,12
07.10.2024 15:16:45.000,224.896,224.896,224.867,224.886,60
07.10.2024 15:16:46.000,224.886,224.887,224.886,224.887,24
07.10.2024 15:16:47.000,224.887,224.887,224.887,224.887,12
07.10.2024 15:16:48.000,224.886,224.886,224.886,224.886,12
07.10.2024 15:16:52.000,224.887,224.887,224.887,224.887,12
07.10.2024 15:16:53.000,224.886,224.897,224.886,224.897,24
07.10.2024 15:16:54.000,224.907,224.907,224.907,224.907,12
07.10.2024 15:16:55.000,224.897,224.897,224.886,224.886,24
07.10.2024 15:16:56.000,224.887,224.896,224.887,224.896,36
07.10.2024 15:16:57.000,224.887,224.887,224.877,224.877,24
07.10.2024 15:16:58.000,224.876,224.876,224.876,224.876,12
07.10.2024 15:17:00.000,224.877,224.877,224.866,224.866,24
07.10.2024 15:17:02.000,224.866,224.866,224.866,224.866,12
07.10.2024 15:17:04.000,224.857,224.866,224.857,224.866,24
07.10.2024 15:17:05.000,224.866,224.887,224.866,224.887,24
07.10.2024 15:17:06.000,224.877,224.877,224.877,224.877,12
07.10.2024 15:17:08.000,224.876,224.876,224.876,224.876,24
07.10.2024 15:17:11.000,224.897,224.897,224.897,224.897,12
07.10.2024 15:17:12.000,224.896,224.896,224.876,224.877,36
07.10.2024 15:17:17.000,224.847,224.857,224.847,224.857,24
07.10.2024 15:17:18.000,224.866,224.877,224.866,224.877,36
07.10.2024 15:17:19.000,224.876,224.887,224.866,224.866,36
07.10.2024 15:17:21.000,224.856,224.897,224.856,224.897,24
07.10.2024 15:17:26.000,224.847,224.847,224.847,224.847,12
07.10.2024 15:17:28.000,224.846,224.846,224.846,224.846,24
07.10.2024 15:17:30.000,224.856,224.887,224.856,224.887,24
07.10.2024 15:17:32.000,224.887,224.887,224.887,224.887,12
07.10.2024 15:17:33.000,224.897,224.897,224.886,224.886,60
07.10.2024 15:17:41.000,224.887,224.887,224.887,224.887,24
07.10.2024 15:17:42.000,224.896,224.926,224.886,224.926,48
07.10.2024 15:17:43.000,224.907,224.907,224.907,224.907,12
07.10.2024 15:17:44.000,224.927,224.927,224.927,224.927,12
07.10.2024 15:17:45.000,224.906,224.906,224.906,224.906,12
07.10.2024 15:17:49.000,224.896,224.897,224.896,224.897,48
07.10.2024 15:17:53.000,224.856,224.856,224.856,224.856,12
07.10.2024 15:17:54.000,224.857,224.857,224.857,224.857,12
07.10.2024 15:17:55.000,224.856,224.856,224.856,224.856,12
07.10.2024 15:17:56.000,224.866,224.866,224.866,224.866,12
07.10.2024 15:17:57.000,224.867,224.867,224.856,224.856,24
07.10.2024 15:17:58.000,224.866,224.877,224.866,224.877,24
07.10.2024 15:18:00.000,224.886,224.907,224.886,224.907,24
07.10.2024 15:18:02.000,224.906,224.916,224.906,224.916,24
07.10.2024 15:18:03.000,224.926,224.926,224.926,224.926,12
07.10.2024 15:18:05.000,224.927,224.927,224.927,224.927,12
07.10.2024 15:18:06.000,224.926,224.937,224.926,224.937,24
07.10.2024 15:18:07.000,224.927,224.927,224.927,224.927,12
07.10.2024 15:18:08.000,224.937,224.937,224.936,224.936,24
07.10.2024 15:18:09.000,224.936,224.947,224.936,224.947,24
07.10.2024 15:18:14.000,224.947,224.956,224.947,224.956,24
07.10.2024 15:18:15.000,224.946,224.947,224.946,224.947,24
07.10.2024 15:18:16.000,224.946,224.957,224.946,224.957,36
07.10.2024 15:18:17.000,224.966,224.967,224.956,224.956,36
07.10.2024 15:18:19.000,224.956,224.967,224.956,224.967,36
07.10.2024 15:18:20.000,224.966,224.967,224.966,224.967,24
07.10.2024 15:18:21.000,224.967,224.967,224.967,224.967,12
07.10.2024 15:18:22.000,224.966,224.967,224.966,224.967,24
07.10.2024 15:18:23.000,224.957,224.957,224.957,224.957,12
07.10.2024 15:18:24.000,224.967,224.967,224.966,224.966,24
07.10.2024 15:18:26.000,224.956,224.956,224.956,224.956,12
07.10.2024 15:18:27.000,224.966,224.966,224.966,224.966,12
07.10.2024 15:18:28.000,224.977,224.977,224.977,224.977,12
07.10.2024 15:18:29.000,224.956,224.956,224.956,224.956,12
07.10.2024 15:18:32.000,224.986,224.986,224.986,224.986,12
07.10.2024 15:18:37.000,224.997,225.007,224.997,225.007,24
07.10.2024 15:18:38.000,225.006,225.036,225.006,225.036,48
07.10.2024 15:18:39.000,225.007,225.007,225.007,225.007,12
07.10.2024 15:18:42.000,225.007,225.007,225.007,225.007,12
07.10.2024 15:18:43.000,225.007,225.007,225.007,225.007,12
07.10.2024 15:18:44.000,225.007,225.007,225.006,225.007,36
07.10.2024 15:18:45.000,225.007,225.016,225.006,225.006,48
07.10.2024 15:18:46.000,225.007,225.037,225.007,225.027,60
07.10.2024 15:18:47.000,225.027,225.037,225.026,225.026,48
07.10.2024 15:18:50.000,225.036,225.036,225.027,225.027,24
07.10.2024 15:18:51.000,225.026,225.026,225.026,225.026,12
07.10.2024 15:18:52.000,225.037,225.077,225.036,225.057,96
07.10.2024 15:18:53.000,225.057,225.057,225.057,225.057,24
07.10.2024 15:18:54.000,225.077,225.077,225.056,225.056,36
07.10.2024 15:18:55.000,225.056,225.067,225.047,225.067,36
07.10.2024 15:18:56.000,225.047,225.047,225.047,225.047,12
07.10.2024 15:18:57.000,225.056,225.056,225.056,225.056,48
07.10.2024 15:18:58.000,225.076,225.077,225.076,225.077,36
07.10.2024 15:19:00.000,225.097,225.097,225.097,225.097,12
07.10.2024 15:19:01.000,225.096,225.096,225.096,225.096,24
07.10.2024 15:19:02.000,225.096,225.096,225.096,225.096,24
07.10.2024 15:19:03.000,225.097,225.097,225.097,225.097,12
07.10.2024 15:19:05.000,225.096,225.106,225.096,225.096,36
07.10.2024 15:19:06.000,225.096,225.097,225.096,225.097,24
07.10.2024 15:19:07.000,225.106,225.107,225.096,225.096,48
07.10.2024 15:19:09.000,225.087,225.087,225.087,225.087,12
07.10.2024 15:19:10.000,225.096,225.097,225.087,225.087,36
07.10.2024 15:19:11.000,225.087,225.087,225.087,225.087,12
07.10.2024 15:19:12.000,225.087,225.087,225.087,225.087,12
07.10.2024 15:19:13.000,225.096,225.096,225.096,225.096,12
07.10.2024 15:19:14.000,225.087,225.096,225.087,225.096,24
07.10.2024 15:19:15.000,225.107,225.107,225.106,225.106,24
07.10.2024 15:19:16.000,225.107,225.107,225.106,225.106,36
07.10.2024 15:19:17.000,225.096,225.096,225.096,225.096,12
07.10.2024 15:19:20.000,225.087,225.087,225.087,225.087,12
07.10.2024 15:19:21.000,225.087,225.087,225.087,225.087,12
07.10.2024 15:19:23.000,225.086,225.086,225.086,225.086,12
07.10.2024 15:19:24.000,225.096,225.096,225.096,225.096,12
07.10.2024 15:19:25.000,225.096,225.096,225.086,225.086,36
07.10.2024 15:19:26.000,225.086,225.086,225.086,225.086,12
07.10.2024 15:19:28.000,225.067,225.067,225.067,225.067,12
07.10.2024 15:19:29.000,225.026,225.036,225.016,225.017,72
07.10.2024 15:19:30.000,225.017,225.017,225.006,225.016,48
07.10.2024 15:19:31.000,225.016,225.016,225.016,225.016,12
07.10.2024 15:19:32.000,225.027,225.027,225.027,225.027,12
07.10.2024 15:19:33.000,225.026,225.026,225.017,225.017,24
07.10.2024 15:19:34.000,225.016,225.027,225.016,225.026,48
07.10.2024 15:19:36.000,225.017,225.017,225.017,225.017,12
07.10.2024 15:19:37.000,225.006,225.006,225.006,225.006,12
07.10.2024 15:19:38.000,225.017,225.017,225.017,225.017,24
07.10.2024 15:19:40.000,225.007,225.007,225.007,225.007,12
07.10.2024 15:19:41.000,225.007,225.017,225.007,225.017,24
07.10.2024 15:19:43.000,225.017,225.027,225.017,225.027,24
07.10.2024 15:19:44.000,225.017,225.046,225.017,225.046,36
07.10.2024 15:19:45.000,225.056,225.056,225.036,225.036,24
07.10.2024 15:19:46.000,225.057,225.057,225.057,225.057,12
07.10.2024 15:19:47.000,225.056,225.056,225.056,225.056,12
07.10.2024 15:19:48.000,225.067,225.067,225.067,225.067,12
07.10.2024 15:19:50.000,225.077,225.077,225.067,225.067,24
07.10.2024 15:19:51.000,225.076,225.076,225.076,225.076,12
07.10.2024 15:19:54.000,225.077,225.077,225.077,225.077,12
07.10.2024 15:19:55.000,225.086,225.086,225.086,225.086,12
07.10.2024 15:19:56.000,225.087,225.087,225.087,225.087,24
07.10.2024 15:19:57.000,225.076,225.077,225.076,225.077,24
07.10.2024 15:19:58.000,225.057,225.057,225.057,225.057,12
07.10.2024 15:19:59.000,225.047,225.047,225.036,225.036,36
07.10.2024 15:20:00.000,225.047,225.047,225.047,225.047,12
07.10.2024 15:20:01.000,225.046,225.046,225.046,225.046,12
07.10.2024 15:20:03.000,225.036,225.036,225.036,225.036,12
07.10.2024 15:20:04.000,225.027,225.057,225.027,225.057,24
07.10.2024 15:20:05.000,225.066,225.066,225.066,225.066,12
07.10.2024 15:20:12.000,225.066,225.066,225.066,225.066,12
07.10.2024 15:20:14.000,225.076,225.077,225.076,225.077,24
07.10.2024 15:20:15.000,225.077,225.077,225.077,225.077,12
07.10.2024 15:20:16.000,225.077,225.077,225.077,225.077,12
07.10.2024 15:20:21.000,225.047,225.047,225.047,225.047,12
07.10.2024 15:20:22.000,225.027,225.027,225.027,225.027,12
07.10.2024 15:20:23.000,225.017,225.017,225.017,225.017,12
07.10.2024 15:20:24.000,225.027,225.027,225.027,225.027,24
07.10.2024 15:20:28.000,225.027,225.037,225.027,225.037,24
07.10.2024 15:20:30.000,225.047,225.047,225.047,225.047,12
07.10.2024 15:20:31.000,225.027,225.027,225.026,225.026,36
07.10.2024 15:20:32.000,225.036,225.036,225.036,225.036,12
07.10.2024 15:20:34.000,225.026,225.026,225.026,225.026,12
07.10.2024 15:20:35.000,225.017,225.017,225.017,225.017,12
07.10.2024 15:20:37.000,225.016,225.016,225.016,225.016,12
07.10.2024 15:20:38.000,225.036,225.036,225.036,225.036,12
07.10.2024 15:20:40.000,225.036,225.036,225.036,225.036,12
07.10.2024 15:20:41.000,225.036,225.037,225.036,225.037,24
07.10.2024 15:20:44.000,225.056,225.056,225.047,225.047,24
07.10.2024 15:20:45.000,225.067,225.067,225.067,225.067,12
07.10.2024 15:20:50.000,225.066,225.066,225.066,225.066,12
07.10.2024 15:20:52.000,225.067,225.067,225.067,225.067,24
07.10.2024 15:20:55.000,225.077,225.077,225.077,225.077,12
07.10.2024 15:20:57.000,225.077,225.077,225.077,225.077,12
07.10.2024 15:20:58.000,225.037,225.037,225.037,225.037,12
07.10.2024 15:21:02.000,225.017,225.017,225.017,225.017,12
07.10.2024 15:21:03.000,225.007,225.007,224.996,224.996,24
07.10.2024 15:21:04.000,224.997,224.997,224.956,224.976,60
07.10.2024 15:21:05.000,224.986,224.986,224.986,224.986,24
07.10.2024 15:21:06.000,224.996,225.006,224.987,224.987,60
07.10.2024 15:21:07.000,224.976,224.977,224.967,224.977,36
07.10.2024 15:21:09.000,224.996,224.996,224.996,224.996,24
07.10.2024 15:21:13.000,224.996,224.996,224.996,224.996,24
07.10.2024 15:21:14.000,225.006,225.017,225.006,225.017,24
07.10.2024 15:21:15.000,225.017,225.017,225.017,225.017,12
07.10.2024 15:21:17.000,225.017,225.017,225.016,225.016,24
07.10.2024 15:21:18.000,225.017,225.017,224.987,224.987,84.00000000000001
07.10.2024 15:21:19.000,224.977,224.977,224.977,224.977,12
07.10.2024 15:21:20.000,224.996,224.996,224.996,224.996,12
07.10.2024 15:21:21.000,224.997,225.007,224.997,225.007,24
07.10.2024 15:21:27.000,225.007,225.007,224.986,225.007,36
07.10.2024 15:21:28.000,225.007,225.026,225.007,225.026,24
07.10.2024 15:21:29.000,225.026,225.026,225.026,225.026,12
07.10.2024 15:21:30.000,225.007,225.007,225.006,225.007,48
07.10.2024 15:21:36.000,225.006,225.006,225.006,225.006,12
07.10.2024 15:21:39.000,225.016,225.016,225.006,225.006,24
07.10.2024 15:21:40.000,225.017,225.017,225.017,225.017,12
07.10.2024 15:21:41.000,225.017,225.017,225.017,225.017,12
07.10.2024 15:21:43.000,224.987,224.987,224.966,224.966,36
07.10.2024 15:21:44.000,224.967,224.967,224.967,224.967,12
07.10.2024 15:21:47.000,224.967,224.967,224.967,224.967,12
07.10.2024 15:21:48.000,224.996,224.996,224.967,224.967,24
07.10.2024 15:21:50.000,224.977,224.977,224.977,224.977,12
07.10.2024 15:21:51.000,224.957,224.977,224.957,224.977,24
07.10.2024 15:21:52.000,224.986,224.986,224.986,224.986,12
07.10.2024 15:21:53.000,224.967,224.967,224.966,224.966,36
07.10.2024 15:21:54.000,224.957,224.957,224.946,224.946,48
07.10.2024 15:21:55.000,224.927,224.937,224.927,224.937,24
07.10.2024 15:21:56.000,224.956,224.956,224.956,224.956,12
07.10.2024 15:21:58.000,224.967,224.967,224.967,224.967,12
07.10.2024 15:22:00.000,224.957,224.967,224.957,224.967,24
07.10.2024 15:22:01.000,224.976,224.976,224.976,224.976,12
07.10.2024 15:22:02.000,224.966,224.986,224.966,224.976,48
07.10.2024 15:22:03.000,224.976,224.976,224.976,224.976,12
07.10.2024 15:22:05.000,224.986,224.986,224.986,224.986,12
07.10.2024 15:22:06.000,224.987,224.996,224.987,224.996,24
07.10.2024 15:22:08.000,225.007,225.007,225.007,225.007,12
07.10.2024 15:22:11.000,225.007,225.007,225.007,225.007,12
07.10.2024 15:22:15.000,225.006,225.006,225.006,225.006,12
07.10.2024 15:22:16.000,225.016,225.017,225.016,225.017,24
07.10.2024 15:22:18.000,225.036,225.036,225.036,225.036,12
07.10.2024 15:22:23.000,225.036,225.037,225.036,225.037,24
07.10.2024 15:22:24.000,225.037,225.037,225.037,225.037,12
07.10.2024 15:22:27.000,225.036,225.057,225.036,225.057,36
07.10.2024 15:22:28.000,225.077,225.077,225.056,225.056,60
07.10.2024 15:22:29.000,225.057,225.057,225.057,225.057,12
07.10.2024 15:22:31.000,225.057,225.057,225.057,225.057,12
07.10.2024 15:22:32.000,225.056,225.057,225.056,225.057,24
07.10.2024 15:22:37.000,225.057,225.057,225.056,225.056,24
07.10.2024 15:22:38.000,225.056,225.057,225.056,225.057,36
07.10.2024 15:22:41.000,225.067,225.067,225.067,225.067,24
07.10.2024 15:22:42.000,225.067,225.067,225.067,225.067,12
07.10.2024 15:22:49.000,225.066,225.066,225.066,225.066,12
07.10.2024 15:22:50.000,225.077,225.077,225.077,225.077,12
07.10.2024 15:22:51.000,225.086,225.087,225.086,225.087,24
07.10.2024 15:22:52.000,225.087,225.087,225.087,225.087,12
07.10.2024 15:22:53.000,225.086,225.087,225.086,225.087,24
07.10.2024 15:22:57.000,225.086,225.086,225.066,225.066,24
07.10.2024 15:22:59.000,225.086,225.086,225.086,225.086,12
07.10.2024 15:23:00.000,225.097,225.097,225.097,225.097,12
07.10.2024 15:23:01.000,225.087,225.087,225.087,225.087,12
07.10.2024 15:23:02.000,225.086,225.096,225.086,225.096,36
07.10.2024 15:23:03.000,225.087,225.087,225.087,225.087,24
07.10.2024 15:23:04.000,225.086,225.096,225.086,225.096,24
07.10.2024 15:23:05.000,225.106,225.106,225.106,225.106,12
07.10.2024 15:23:08.000,225.117,225.117,225.106,225.106,24
07.10.2024 15:23:09.000,225.087,225.087,225.087,225.087,12
07.10.2024 15:23:10.000,225.066,225.066,225.066,225.066,12
07.10.2024 15:23:11.000,225.066,225.067,225.066,225.066,36
07.10.2024 15:23:14.000,225.037,225.047,225.036,225.036,48
07.10.2024 15:23:15.000,225.027,225.027,225.026,225.027,36
07.10.2024 15:23:16.000,225.026,225.046,225.026,225.026,48
07.10.2024 15:23:17.000,225.027,225.027,225.027,225.027,12
07.10.2024 15:23:18.000,225.027,225.057,225.027,225.036,36
07.10.2024 15:23:19.000,225.047,225.057,225.047,225.047,36
07.10.2024 15:23:20.000,225.056,225.056,225.047,225.047,24
07.10.2024 15:23:21.000,225.047,225.047,225.047,225.047,12
07.10.2024 15:23:25.000,225.056,225.056,225.056,225.056,12
07.10.2024 15:23:29.000,225.067,225.067,225.067,225.067,12
07.10.2024 15:23:30.000,225.077,225.097,225.077,225.087,60
07.10.2024 15:23:35.000,225.087,225.087,225.076,225.076,24
07.10.2024 15:23:38.000,225.076,225.076,225.076,225.076,12
07.10.2024 15:23:40.000,225.096,225.106,225.096,225.097,48
07.10.2024 15:23:41.000,225.087,225.087,225.086,225.086,36
07.10.2024 15:23:42.000,225.096,225.106,225.096,225.106,36
07.10.2024 15:23:43.000,225.106,225.106,225.087,225.087,24
07.10.2024 15:23:44.000,225.097,225.107,225.097,225.107,24
07.10.2024 15:23:48.000,225.107,225.107,225.096,225.096,24
07.10.2024 15:23:49.000,225.096,225.096,225.096,225.096,12
07.10.2024 15:23:50.000,225.117,225.117,225.117,225.117,12
07.10.2024 15:23:51.000,225.116,225.116,225.116,225.116,24
07.10.2024 15:23:52.000,225.126,225.126,225.126,225.126,12
07.10.2024 15:23:53.000,225.136,225.136,225.126,225.126,24
07.10.2024 15:23:54.000,225.117,225.117,225.117,225.117,12
07.10.2024 15:23:55.000,225.117,225.117,225.096,225.096,24
07.10.2024 15:23:56.000,225.106,225.106,225.096,225.096,72
07.10.2024 15:23:57.000,225.096,225.096,225.077,225.077,24
07.10.2024 15:24:00.000,225.057,225.057,225.036,225.036,24
07.10.2024 15:24:01.000,225.027,225.027,225.007,225.007,84.00000000000001
07.10.2024 15:24:02.000,225.006,225.017,225.006,225.017,36
07.10.2024 15:24:03.000,225.036,225.036,224.996,224.996,48
07.10.2024 15:24:04.000,224.996,225.007,224.986,225.007,84.00000000000001
07.10.2024 15:24:05.000,225.016,225.016,225.016,225.016,12
07.10.2024 15:24:07.000,225.026,225.027,225.026,225.027,24
07.10.2024 15:24:09.000,225.036,225.036,225.036,225.036,12
07.10.2024 15:24:12.000,225.026,225.026,225.026,225.026,12
07.10.2024 15:24:13.000,225.027,225.027,225.027,225.027,24
07.10.2024 15:24:14.000,225.006,225.006,225.006,225.006,36
07.10.2024 15:24:16.000,225.016,225.016,225.016,225.016,12
07.10.2024 15:24:17.000,225.016,225.037,225.016,225.017,36
07.10.2024 15:24:18.000,225.017,225.017,225.016,225.016,24
07.10.2024 15:24:19.000,225.007,225.007,225.007,225.007,12
07.10.2024 15:24:20.000,225.026,225.037,225.016,225.016,36
07.10.2024 15:24:21.000,225.016,225.016,225.016,225.016,24
07.10.2024 15:24:23.000,225.026,225.027,225.007,225.007,48
07.10.2024 15:24:24.000,225.006,225.006,224.987,224.987,36
07.10.2024 15:24:25.000,224.997,225.007,224.986,224.996,60
07.10.2024 15:24:26.000,224.997,224.997,224.997,224.997,12
07.10.2024 15:24:27.000,224.997,224.997,224.997,224.997,12
07.10.2024 15:24:29.000,225.027,225.027,225.027,225.027,12
07.10.2024 15:24:30.000,225.036,225.036,225.036,225.036,12
07.10.2024 15:24:32.000,225.016,225.016,225.016,225.016,12
07.10.2024 15:24:34.000,225.017,225.017,225.017,225.017,12
07.10.2024 15:24:35.000,225.017,225.017,225.017,225.017,12
07.10.2024 15:24:36.000,225.027,225.027,225.016,225.017,36
07.10.2024 15:24:37.000,224.996,224.996,224.986,224.986,48
07.10.2024 15:24:38.000,224.996,224.996,224.996,224.996,24
07.10.2024 15:24:40.000,225.006,225.006,224.996,224.996,24
07.10.2024 15:24:42.000,224.996,225.027,224.996,225.027,48
07.10.2024 15:24:44.000,225.006,225.006,225.006,225.006,12
07.10.2024 15:24:45.000,224.996,224.996,224.996,224.996,12
07.10.2024 15:24:47.000,224.987,224.987,224.987,224.987,12
07.10.2024 15:24:49.000,225.006,225.007,225.006,225.007,24
07.10.2024 15:24:50.000,224.996,225.006,224.996,225.006,24
07.10.2024 15:24:52.000,225.006,225.006,225.006,225.006,12
07.10.2024 15:24:55.000,225.007,225.007,225.007,225.007,12
07.10.2024 15:25:01.000,225.007,225.007,225.006,225.006,36
07.10.2024 15:25:02.000,225.006,225.006,225.006,225.006,12
07.10.2024 15:25:03.000,225.026,225.026,225.017,225.017,36
07.10.2024 15:25:04.000,225.017,225.017,225.017,225.017,24
07.10.2024 15:25:05.000,225.016,225.016,225.016,225.016,24
07.10.2024 15:25:09.000,225.016,225.016,225.016,225.016,12
07.10.2024 15:25:10.000,225.017,225.017,225.017,225.017,12
07.10.2024 15:25:11.000,225.016,225.016,225.016,225.016,12
07.10.2024 15:25:12.000,225.007,225.007,225.007,225.007,12
07.10.2024 15:25:13.000,224.997,224.997,224.976,224.976,24
07.10.2024 15:25:14.000,224.996,224.996,224.996,224.996,24
07.10.2024 15:25:16.000,224.986,225.007,224.986,225.007,24
07.10.2024 15:25:17.000,224.986,224.987,224.977,224.987,36
07.10.2024 15:25:18.000,224.987,224.987,224.987,224.987,12
07.10.2024 15:25:19.000,224.987,224.997,224.986,224.986,36
07.10.2024 15:25:21.000,224.986,224.986,224.986,224.986,12
07.10.2024 15:25:25.000,224.986,224.986,224.986,224.986,12
07.10.2024 15:25:26.000,224.997,224.997,224.997,224.997,12
07.10.2024 15:25:30.000,224.976,224.976,224.956,224.966,48
07.10.2024 15:25:31.000,224.967,224.967,224.966,224.966,36
07.10.2024 15:25:32.000,224.957,224.966,224.946,224.966,36
07.10.2024 15:25:33.000,224.956,224.956,224.956,224.956,12
07.10.2024 15:25:35.000,224.956,224.956,224.936,224.936,48
07.10.2024 15:25:36.000,224.937,224.937,224.937,224.937,12
07.10.2024 15:25:38.000,224.926,224.926,224.926,224.926,12
07.10.2024 15:25:39.000,224.936,224.936,224.936,224.936,12
07.10.2024 15:25:40.000,224.947,224.957,224.936,224.957,36
07.10.2024 15:25:41.000,224.966,224.966,224.966,224.966,12
07.10.2024 15:25:43.000,224.977,224.977,224.976,224.976,24
07.10.2024 15:25:44.000,224.966,224.966,224.966,224.966,12
07.10.2024 15:25:45.000,224.967,224.967,224.967,224.967,24
07.10.2024 15:25:47.000,224.967,224.967,224.967,224.967,12
07.10.2024 15:25:48.000,224.967,224.967,224.967,224.967,12
07.10.2024 15:25:52.000,224.967,224.977,224.967,224.977,24
07.10.2024 15:25:54.000,224.947,224.947,224.947,224.947,12
07.10.2024 15:25:55.000,224.946,224.947,224.936,224.946,84.00000000000001
07.10.2024 15:25:56.000,224.956,224.956,224.946,224.946,36
07.10.2024 15:25:57.000,224.927,224.936,224.927,224.936,24
07.10.2024 15:25:58.000,224.947,224.947,224.947,224.947,12
07.10.2024 15:26:00.000,224.957,224.957,224.957,224.957,12
07.10.2024 15:26:02.000,224.967,224.967,224.967,224.967,12
07.10.2024 15:26:03.000,224.967,224.977,224.966,224.966,48
07.10.2024 15:26:05.000,224.966,224.976,224.966,224.976,36
07.10.2024 15:26:06.000,224.986,224.986,224.977,224.977,24
07.10.2024 15:26:07.000,224.986,224.997,224.986,224.997,24
07.10.2024 15:26:12.000,224.977,224.977,224.977,224.977,12
07.10.2024 15:26:13.000,224.967,224.967,224.967,224.967,12
07.10.2024 15:26:16.000,224.956,224.956,224.956,224.956,12
07.10.2024 15:26:17.000,224.957,224.957,224.957,224.957,12
07.10.2024 15:26:18.000,224.946,224.946,224.946,224.946,12
07.10.2024 15:26:19.000,224.946,224.946,224.946,224.946,12
07.10.2024 15:26:22.000,224.947,224.947,224.947,224.947,12
07.10.2024 15:26:23.000,224.967,224.967,224.947,224.947,24
07.10.2024 15:26:24.000,224.957,224.957,224.957,224.957,12
07.10.2024 15:26:26.000,224.956,224.966,224.956,224.966,24
07.10.2024 15:26:27.000,224.956,224.956,224.956,224.956,12
07.10.2024 15:26:28.000,224.966,224.966,224.957,224.966,36
07.10.2024 15:26:29.000,224.967,224.967,224.967,224.967,12
07.10.2024 15:26:30.000,224.977,224.977,224.977,224.977,12
07.10.2024 15:26:32.000,224.977,224.977,224.977,224.977,12
07.10.2024 15:26:34.000,224.986,224.986,224.966,224.966,48
07.10.2024 15:26:39.000,224.957,224.957,224.946,224.946,24
07.10.2024 15:26:41.000,224.947,224.947,224.946,224.946,24
07.10.2024 15:26:43.000,224.966,224.967,224.956,224.967,36
07.10.2024 15:26:44.000,224.957,224.957,224.946,224.946,24
07.10.2024 15:26:45.000,224.916,224.927,224.916,224.917,36
07.10.2024 15:26:46.000,224.926,224.946,224.926,224.946,24
07.10.2024 15:26:47.000,224.946,224.946,224.946,224.946,12
07.10.2024 15:26:48.000,224.926,224.936,224.926,224.926,48
07.10.2024 15:26:49.000,224.937,224.937,224.936,224.936,24
07.10.2024 15:26:51.000,224.917,224.917,224.917,224.917,12
07.10.2024 15:26:52.000,224.917,224.917,224.916,224.916,24
07.10.2024 15:26:53.000,224.906,224.906,224.906,224.906,12
07.10.2024 15:26:54.000,224.917,224.917,224.917,224.917,12
07.10.2024 15:26:55.000,224.907,224.927,224.907,224.927,36
07.10.2024 15:26:56.000,224.927,224.927,224.927,224.927,24
07.10.2024 15:26:57.000,224.927,224.927,224.927,224.927,24
07.10.2024 15:26:58.000,224.926,224.926,224.907,224.907,24
07.10.2024 15:27:00.000,224.896,224.906,224.896,224.896,36
07.10.2024 15:27:01.000,224.887,224.887,224.866,224.866,36
07.10.2024 15:27:02.000,224.876,224.876,224.857,224.857,36
07.10.2024 15:27:05.000,224.867,224.876,224.867,224.876,24
07.10.2024 15:27:07.000,224.886,224.887,224.876,224.876,36
07.10.2024 15:27:08.000,224.887,224.887,224.887,224.887,12
07.10.2024 15:27:14.000,224.887,224.897,224.887,224.887,36
07.10.2024 15:27:15.000,224.896,224.896,224.896,224.896,12
07.10.2024 15:27:17.000,224.886,224.886,224.886,224.886,12
07.10.2024 15:27:20.000,224.897,224.897,224.897,224.897,12
07.10.2024 15:27:21.000,224.886,224.897,224.886,224.897,48
07.10.2024 15:27:22.000,224.917,224.917,224.917,224.917,12
07.10.2024 15:27:24.000,224.927,224.937,224.927,224.937,24
07.10.2024 15:27:25.000,224.957,224.957,224.947,224.947,36
07.10.2024 15:27:26.000,224.957,224.957,224.946,224.956,48
07.10.2024 15:27:27.000,224.966,224.966,224.966,224.966,12
07.10.2024 15:27:28.000,224.976,224.976,224.967,224.967,24
07.10.2024 15:27:32.000,224.976,224.976,224.967,224.976,36
07.10.2024 15:27:35.000,224.987,224.987,224.976,224.986,36
07.10.2024 15:27:36.000,224.977,224.986,224.976,224.986,36
07.10.2024 15:27:37.000,224.976,224.986,224.976,224.986,24
07.10.2024 15:27:38.000,225.016,225.016,225.016,225.016,12
07.10.2024 15:27:40.000,225.046,225.046,225.026,225.026,36
07.10.2024 15:27:41.000,225.036,225.036,225.036,225.036,24
07.10.2024 15:27:42.000,225.057,225.057,225.046,225.046,24
07.10.2024 15:27:43.000,225.047,225.047,225.047,225.047,12
07.10.2024 15:27:45.000,225.027,225.037,225.027,225.037,24
07.10.2024 15:27:47.000,225.047,225.047,225.047,225.047,12
07.10.2024 15:27:48.000,225.037,225.037,225.037,225.037,12
07.10.2024 15:27:50.000,225.037,225.037,225.037,225.037,12
07.10.2024 15:27:51.000,225.036,225.036,225.036,225.036,12
07.10.2024 15:27:53.000,225.017,225.026,225.017,225.026,24
07.10.2024 15:27:54.000,225.017,225.027,225.017,225.027,36
07.10.2024 15:27:55.000,225.017,225.026,225.017,225.026,24
07.10.2024 15:27:58.000,225.016,225.016,225.016,225.016,12
07.10.2024 15:27:59.000,225.017,225.017,225.017,225.017,12
07.10.2024 15:28:00.000,225.026,225.026,225.026,225.026,12
07.10.2024 15:28:01.000,225.036,225.036,225.036,225.036,12
07.10.2024 15:28:02.000,225.036,225.036,225.036,225.036,12
07.10.2024 15:28:03.000,225.056,225.056,225.056,225.056,12
07.10.2024 15:28:04.000,225.076,225.077,225.076,225.077,24
07.10.2024 15:28:05.000,225.067,225.067,225.067,225.067,12
07.10.2024 15:28:06.000,225.077,225.077,225.067,225.067,24
07.10.2024 15:28:07.000,225.066,225.066,225.046,225.046,60
07.10.2024 15:28:08.000,225.046,225.067,225.046,225.067,36
07.10.2024 15:28:09.000,225.047,225.056,225.046,225.046,48
07.10.2024 15:28:11.000,225.057,225.057,225.046,225.046,24
07.10.2024 15:28:12.000,225.046,225.056,225.046,225.056,24
07.10.2024 15:28:13.000,225.067,225.067,225.046,225.066,72
07.10.2024 15:28:14.000,225.066,225.066,225.057,225.057,24
07.10.2024 15:28:15.000,225.047,225.047,225.047,225.047,12
07.10.2024 15:28:16.000,225.056,225.056,225.056,225.056,12
07.10.2024 15:28:18.000,225.047,225.047,225.047,225.047,24
07.10.2024 15:28:19.000,225.046,225.046,225.046,225.046,12
07.10.2024 15:28:21.000,225.066,225.066,225.066,225.066,12
07.10.2024 15:28:22.000,225.067,225.067,225.067,225.067,12
07.10.2024 15:28:23.000,225.067,225.067,225.067,225.067,12
07.10.2024 15:28:29.000,225.066,225.067,225.056,225.056,36
07.10.2024 15:28:30.000,225.066,225.067,225.056,225.067,48
07.10.2024 15:28:31.000,225.057,225.077,225.026,225.026,108
07.10.2024 15:28:32.000,225.016,225.016,225.016,225.016,12
07.10.2024 15:28:33.000,225.006,225.017,225.006,225.007,36
07.10.2024 15:28:34.000,225.017,225.036,225.017,225.026,36
07.10.2024 15:28:35.000,225.036,225.037,225.036,225.037,24
07.10.2024 15:28:36.000,225.027,225.027,225.027,225.027,12
07.10.2024 15:28:38.000,225.037,225.037,225.037,225.037,12
07.10.2024 15:28:39.000,225.036,225.036,225.036,225.036,12
07.10.2024 15:28:42.000,225.047,225.047,225.037,225.037,24
07.10.2024 15:28:43.000,225.046,225.046,225.046,225.046,12
07.10.2024 15:28:44.000,225.056,225.056,225.046,225.046,24
07.10.2024 15:28:45.000,225.036,225.037,225.036,225.037,24
07.10.2024 15:28:46.000,225.046,225.057,225.046,225.047,36
07.10.2024 15:28:48.000,225.066,225.066,225.066,225.066,12
07.10.2024 15:28:49.000,225.046,225.046,225.046,225.046,24
07.10.2024 15:28:50.000,225.047,225.047,225.047,225.047,12
07.10.2024 15:28:52.000,225.046,225.047,225.046,225.047,24
07.10.2024 15:28:53.000,225.047,225.047,225.036,225.036,24
07.10.2024 15:28:54.000,225.036,225.036,225.036,225.036,12
07.10.2024 15:28:55.000,225.026,225.027,225.026,225.027,60
07.10.2024 15:28:56.000,225.037,225.046,225.037,225.046,36
07.10.2024 15:28:57.000,225.047,225.057,225.047,225.056,36
07.10.2024 15:28:58.000,225.057,225.057,225.057,225.057,12
07.10.2024 15:28:59.000,225.047,225.047,225.036,225.037,48
07.10.2024 15:29:00.000,225.037,225.047,225.037,225.047,24
07.10.2024 15:29:01.000,225.047,225.047,225.037,225.037,36
07.10.2024 15:29:02.000,225.037,225.037,225.037,225.037,12
07.10.2024 15:29:03.000,225.047,225.047,225.036,225.036,48
07.10.2024 15:29:04.000,225.017,225.017,225.017,225.017,12
07.10.2024 15:29:05.000,225.006,225.006,225.006,225.006,12
07.10.2024 15:29:06.000,224.997,225.007,224.997,225.006,48
07.10.2024 15:29:07.000,225.006,225.006,225.006,225.006,12
07.10.2024 15:29:08.000,224.997,224.997,224.977,224.977,60
07.10.2024 15:29:09.000,224.987,224.987,224.987,224.987,12
07.10.2024 15:29:10.000,224.976,224.976,224.976,224.976,12
07.10.2024 15:29:11.000,224.986,224.986,224.976,224.976,24
07.10.2024 15:29:12.000,224.976,224.977,224.967,224.977,60
07.10.2024 15:29:13.000,224.987,224.987,224.986,224.986,24
07.10.2024 15:29:14.000,224.976,224.976,224.976,224.976,12
07.10.2024 15:29:15.000,224.986,224.986,224.976,224.976,48
07.10.2024 15:29:17.000,225.007,225.007,225.006,225.006,24
07.10.2024 15:29:18.000,224.997,224.997,224.997,224.997,12
07.10.2024 15:29:19.000,224.997,225.006,224.997,225.006,24
07.10.2024 15:29:20.000,225.006,225.006,224.997,224.997,24
07.10.2024 15:29:21.000,225.006,225.016,225.006,225.016,36
07.10.2024 15:29:22.000,225.007,225.007,225.007,225.007,12
07.10.2024 15:29:23.000,225.017,225.017,225.017,225.017,12
07.10.2024 15:29:27.000,225.027,225.046,225.027,225.046,24
07.10.2024 15:29:28.000,225.036,225.037,225.036,225.037,24
07.10.2024 15:29:29.000,225.036,225.036,225.036,225.036,24
07.10.2024 15:29:31.000,225.056,225.056,225.027,225.027,36
07.10.2024 15:29:32.000,225.067,225.067,225.067,225.067,12
07.10.2024 15:29:36.000,225.066,225.066,225.066,225.066,12
07.10.2024 15:29:37.000,225.057,225.057,225.057,225.057,12
07.10.2024 15:29:38.000,225.057,225.057,225.057,225.057,12
07.10.2024 15:29:39.000,225.047,225.086,225.047,225.086,24
07.10.2024 15:29:40.000,225.076,225.076,225.076,225.076,12
07.10.2024 15:29:41.000,225.087,225.087,225.087,225.087,12
07.10.2024 15:29:44.000,225.036,225.036,225.026,225.026,24
07.10.2024 15:29:47.000,225.036,225.036,225.027,225.027,36
07.10.2024 15:29:48.000,225.046,225.056,225.046,225.056,36
07.10.2024 15:29:50.000,225.046,225.046,225.046,225.046,12
07.10.2024 15:29:52.000,225.046,225.047,225.046,225.046,48
07.10.2024 15:29:55.000,225.057,225.057,225.047,225.047,24
07.10.2024 15:29:56.000,225.056,225.057,225.046,225.047,60
07.10.2024 15:29:57.000,225.057,225.067,225.057,225.067,48
07.10.2024 15:30:00.000,225.066,225.066,225.066,225.066,12
07.10.2024 15:30:02.000,225.067,225.067,225.067,225.067,12
07.10.2024 15:30:03.000,225.077,225.077,225.067,225.067,24
07.10.2024 15:30:04.000,225.077,225.077,225.066,225.066,24
07.10.2024 15:30:05.000,225.087,225.096,225.087,225.096,36
07.10.2024 15:30:06.000,225.097,225.097,225.086,225.086,24
07.10.2024 15:30:08.000,225.086,225.086,225.076,225.076,24
07.10.2024 15:30:09.000,225.077,225.097,225.077,225.097,24
07.10.2024 15:30:10.000,225.086,225.086,225.086,225.086,12
07.10.2024 15:30:11.000,225.076,225.076,225.066,225.067,48
07.10.2024 15:30:12.000,225.067,225.076,225.066,225.076,60
07.10.2024 15:30:13.000,225.076,225.076,225.076,225.076,12
07.10.2024 15:30:14.000,225.076,225.086,225.076,225.086,24
07.10.2024 15:30:15.000,225.106,225.106,225.106,225.106,24
07.10.2024 15:30:16.000,225.106,225.106,225.106,225.106,12
07.10.2024 15:30:17.000,225.076,225.076,225.066,225.067,36
07.10.2024 15:30:19.000,225.067,225.067,225.067,225.067,12
07.10.2024 15:30:22.000,225.066,225.066,225.066,225.066,12
07.10.2024 15:30:25.000,225.067,225.067,225.067,225.067,12
07.10.2024 15:30:26.000,225.067,225.067,225.067,225.067,12
07.10.2024 15:30:28.000,225.066,225.066,225.047,225.047,24
07.10.2024 15:30:29.000,225.047,225.047,225.046,225.047,48
07.10.2024 15:30:30.000,225.047,225.047,225.046,225.046,36
07.10.2024 15:30:31.000,225.047,225.047,225.046,225.046,24
07.10.2024 15:30:32.000,225.047,225.047,225.047,225.047,12
07.10.2024 15:30:35.000,225.037,225.037,225.036,225.037,48
07.10.2024 15:30:36.000,225.037,225.037,225.036,225.036,24
07.10.2024 15:30:37.000,225.036,225.036,225.027,225.027,24
07.10.2024 15:30:38.000,225.036,225.037,225.016,225.016,96
07.10.2024 15:30:39.000,225.016,225.016,225.016,225.016,60
07.10.2024 15:30:42.000,225.037,225.037,225.037,225.037,24
07.10.2024 15:30:43.000,225.027,225.027,225.027,225.027,12
07.10.2024 15:30:47.000,225.027,225.027,225.027,225.027,12
07.10.2024 15:30:48.000,225.046,225.046,225.046,225.046,12
07.10.2024 15:30:49.000,225.066,225.066,225.066,225.066,24
07.10.2024 15:30:50.000,225.047,225.047,225.047,225.047,24
07.10.2024 15:30:51.000,225.056,225.056,225.047,225.047,24
07.10.2024 15:30:53.000,225.046,225.067,225.046,225.057,36
07.10.2024 15:30:56.000,225.056,225.056,225.056,225.056,12
07.10.2024 15:30:58.000,225.047,225.047,225.047,225.047,12
07.10.2024 15:30:59.000,225.057,225.057,225.057,225.057,12
07.10.2024 15:31:00.000,225.057,225.057,225.057,225.057,12
07.10.2024 15:31:05.000,225.057,225.057,225.057,225.057,12
07.10.2024 15:31:06.000,225.066,225.077,225.066,225.077,24
07.10.2024 15:31:07.000,225.087,225.087,225.087,225.087,12
07.10.2024 15:31:08.000,225.097,225.097,225.097,225.097,12
07.10.2024 15:31:09.000,225.056,225.077,225.056,225.066,72
07.10.2024 15:31:12.000,225.066,225.066,225.066,225.066,12
07.10.2024 15:31:13.000,225.067,225.067,225.066,225.066,36
07.10.2024 15:31:15.000,225.067,225.067,225.067,225.067,12
07.10.2024 15:31:20.000,225.076,225.087,225.076,225.076,36
07.10.2024 15:31:22.000,225.087,225.087,225.087,225.087,12
07.10.2024 15:31:24.000,225.086,225.086,225.046,225.046,60
07.10.2024 15:31:25.000,225.047,225.047,225.047,225.047,12
07.10.2024 15:31:26.000,225.037,225.037,225.037,225.037,12
07.10.2024 15:31:27.000,225.017,225.017,225.017,225.017,12
07.10.2024 15:31:32.000,225.017,225.017,225.017,225.017,12
07.10.2024 15:31:33.000,225.016,225.027,225.016,225.027,24
07.10.2024 15:31:34.000,225.027,225.036,225.026,225.036,36
07.10.2024 15:31:35.000,225.036,225.036,225.036,225.036,12
07.10.2024 15:31:36.000,225.046,225.046,225.046,225.046,12
07.10.2024 15:31:41.000,225.057,225.057,225.057,225.057,12
07.10.2024 15:31:42.000,225.056,225.056,225.056,225.056,24
07.10.2024 15:31:43.000,225.056,225.056,225.017,225.017,48
07.10.2024 15:31:44.000,225.026,225.026,225.026,225.026,12
07.10.2024 15:31:45.000,225.016,225.027,225.016,225.027,24
07.10.2024 15:31:47.000,225.016,225.016,225.016,225.016,12
07.10.2024 15:31:48.000,225.027,225.027,225.027,225.027,12
07.10.2024 15:31:49.000,225.016,225.016,225.016,225.016,12
07.10.2024 15:31:50.000,225.007,225.016,225.006,225.016,48
07.10.2024 15:31:51.000,225.037,225.037,225.037,225.037,12
07.10.2024 15:31:52.000,225.016,225.016,225.016,225.016,12
07.10.2024 15:31:53.000,225.016,225.017,225.016,225.017,24
07.10.2024 15:31:56.000,225.007,225.017,225.007,225.017,24
07.10.2024 15:31:57.000,225.007,225.016,225.007,225.016,24
07.10.2024 15:31:58.000,225.027,225.027,225.007,225.016,36
07.10.2024 15:32:00.000,225.016,225.027,225.016,225.027,24
07.10.2024 15:32:05.000,225.017,225.017,225.017,225.017,12
07.10.2024 15:32:06.000,225.037,225.047,225.037,225.047,24
07.10.2024 15:32:09.000,225.057,225.057,225.057,225.057,12
07.10.2024 15:32:10.000,225.037,225.056,225.037,225.056,24
07.10.2024 15:32:11.000,225.057,225.057,225.057,225.057,12
07.10.2024 15:32:12.000,225.067,225.087,225.067,225.087,36
07.10.2024 15:32:15.000,225.057,225.057,225.057,225.057,12
07.10.2024 15:32:16.000,225.057,225.057,225.057,225.057,12
07.10.2024 15:32:18.000,225.077,225.077,225.077,225.077,12
07.10.2024 15:32:19.000,225.056,225.056,225.056,225.056,12
07.10.2024 15:32:21.000,225.067,225.067,225.066,225.066,24
07.10.2024 15:32:22.000,225.066,225.066,225.066,225.066,12
07.10.2024 15:32:23.000,225.057,225.057,225.056,225.056,24
07.10.2024 15:32:25.000,225.057,225.057,225.057,225.057,12
07.10.2024 15:32:27.000,225.057,225.066,225.057,225.066,24
07.10.2024 15:32:29.000,225.066,225.076,225.066,225.076,24
07.10.2024 15:32:30.000,225.087,225.087,225.087,225.087,12
07.10.2024 15:32:32.000,225.057,225.067,225.057,225.067,24
07.10.2024 15:32:34.000,225.076,225.076,225.056,225.076,48
07.10.2024 15:32:36.000,225.076,225.076,225.056,225.067,48
07.10.2024 15:32:37.000,225.067,225.067,225.067,225.067,12
07.10.2024 15:32:38.000,225.077,225.087,225.066,225.066,48
07.10.2024 15:32:39.000,225.096,225.096,225.096,225.096,12
07.10.2024 15:32:40.000,225.077,225.097,225.077,225.097,36
07.10.2024 15:32:42.000,225.066,225.066,225.066,225.066,12
07.10.2024 15:32:45.000,225.077,225.077,225.067,225.067,48
07.10.2024 15:32:46.000,225.067,225.067,225.067,225.067,24
07.10.2024 15:32:47.000,225.077,225.077,225.077,225.077,12
07.10.2024 15:32:49.000,225.066,225.066,225.066,225.066,12
07.10.2024 15:32:51.000,225.077,225.077,225.076,225.076,36
07.10.2024 15:32:52.000,225.087,225.096,225.087,225.096,24
07.10.2024 15:32:53.000,225.096,225.096,225.096,225.096,24
07.10.2024 15:32:56.000,225.076,225.077,225.076,225.077,24
07.10.2024 15:32:57.000,225.086,225.086,225.086,225.086,12
07.10.2024 15:32:58.000,225.097,225.097,225.096,225.096,36
07.10.2024 15:32:59.000,225.117,225.127,225.117,225.127,36
07.10.2024 15:33:03.000,225.097,225.097,225.096,225.096,48
07.10.2024 15:33:04.000,225.106,225.106,225.106,225.106,12
07.10.2024 15:33:05.000,225.087,225.087,225.087,225.087,12
07.10.2024 15:33:06.000,225.097,225.097,225.097,225.097,12
07.10.2024 15:33:07.000,225.076,225.077,225.066,225.066,48
07.10.2024 15:33:08.000,225.077,225.077,225.077,225.077,12
07.10.2024 15:33:09.000,225.066,225.066,225.066,225.066,12
07.10.2024 15:33:10.000,225.066,225.066,225.066,225.066,12
07.10.2024 15:33:11.000,225.077,225.077,225.077,225.077,24
07.10.2024 15:33:12.000,225.086,225.096,225.086,225.096,24
07.10.2024 15:33:14.000,225.097,225.097,225.097,225.097,12
07.10.2024 15:33:17.000,225.097,225.106,225.097,225.106,24
07.10.2024 15:33:18.000,225.117,225.127,225.107,225.107,60
07.10.2024 15:33:19.000,225.126,225.137,225.126,225.137,24
07.10.2024 15:33:20.000,225.147,225.147,225.137,225.137,24
07.10.2024 15:33:21.000,225.156,225.167,225.156,225.167,24
07.10.2024 15:33:22.000,225.177,225.177,225.157,225.157,48
07.10.2024 15:33:23.000,225.166,225.166,225.166,225.166,12
07.10.2024 15:33:24.000,225.156,225.167,225.156,225.167,36
07.10.2024 15:33:25.000,225.177,225.177,225.177,225.177,12
07.10.2024 15:33:26.000,225.156,225.156,225.156,225.156,12
07.10.2024 15:33:27.000,225.167,225.167,225.156,225.156,36
07.10.2024 15:33:29.000,225.156,225.156,225.156,225.156,12
07.10.2024 15:33:30.000,225.157,225.157,225.157,225.157,12
07.10.2024 15:33:32.000,225.137,225.137,225.137,225.137,12
07.10.2024 15:33:33.000,225.166,225.166,225.137,225.147,36
07.10.2024 15:33:36.000,225.156,225.166,225.156,225.166,24
07.10.2024 15:33:38.000,225.167,225.167,225.167,225.167,12
07.10.2024 15:33:39.000,225.166,225.166,225.166,225.166,24
07.10.2024 15:33:40.000,225.167,225.167,225.167,225.167,12
07.10.2024 15:33:42.000,225.176,225.176,225.176,225.176,12
07.10.2024 15:33:43.000,225.166,225.177,225.166,225.177,48
07.10.2024 15:33:44.000,225.186,225.196,225.166,225.166,36
07.10.2024 15:33:46.000,225.176,225.176,225.167,225.176,60
07.10.2024 15:33:47.000,225.166,225.166,225.166,225.166,12
07.10.2024 15:33:52.000,225.166,225.166,225.166,225.166,12
07.10.2024 15:33:54.000,225.167,225.176,225.167,225.176,24
07.10.2024 15:33:55.000,225.176,225.176,225.176,225.176,12
07.10.2024 15:33:56.000,225.176,225.176,225.176,225.176,12
07.10.2024 15:33:57.000,225.187,225.187,225.187,225.187,12
07.10.2024 15:33:58.000,225.187,225.187,225.187,225.187,12
07.10.2024 15:33:59.000,225.187,225.187,225.187,225.187,12
07.10.2024 15:34:00.000,225.207,225.216,225.186,225.186,60
07.10.2024 15:34:01.000,225.187,225.187,225.186,225.187,36
07.10.2024 15:34:02.000,225.187,225.187,225.187,225.187,12
07.10.2024 15:34:04.000,225.187,225.187,225.186,225.186,24
07.10.2024 15:34:05.000,225.187,225.197,225.187,225.187,36
07.10.2024 15:34:06.000,225.196,225.196,225.196,225.196,12
07.10.2024 15:34:08.000,225.227,225.227,225.217,225.217,24
07.10.2024 15:34:09.000,225.236,225.237,225.236,225.237,24
07.10.2024 15:34:10.000,225.237,225.246,225.237,225.246,24
07.10.2024 15:34:11.000,225.256,225.256,225.256,225.256,12
07.10.2024 15:34:12.000,225.256,225.256,225.256,225.256,12
07.10.2024 15:34:14.000,225.266,225.266,225.246,225.246,48
07.10.2024 15:34:15.000,225.247,225.247,225.247,225.247,12
07.10.2024 15:34:18.000,225.237,225.237,225.236,225.236,24
07.10.2024 15:34:19.000,225.236,225.236,225.236,225.236,12
07.10.2024 15:34:20.000,225.226,225.226,225.226,225.226,12
07.10.2024 15:34:21.000,225.227,225.236,225.227,225.236,24
07.10.2024 15:34:24.000,225.237,225.237,225.237,225.237,12
07.10.2024 15:34:28.000,225.236,225.236,225.236,225.236,12
07.10.2024 15:34:29.000,225.236,225.236,225.236,225.236,12
07.10.2024 15:34:30.000,225.237,225.237,225.237,225.237,12
07.10.2024 15:34:31.000,225.237,225.237,225.237,225.237,12
07.10.2024 15:34:32.000,225.237,225.237,225.237,225.237,12
07.10.2024 15:34:33.000,225.237,225.237,225.237,225.237,12
07.10.2024 15:34:34.000,225.227,225.227,225.227,225.227,12
07.10.2024 15:34:38.000,225.237,225.237,225.237,225.237,24
07.10.2024 15:34:39.000,225.237,225.237,225.237,225.237,12
07.10.2024 15:34:42.000,225.226,225.226,225.226,225.226,12
07.10.2024 15:34:43.000,225.236,225.237,225.236,225.237,24
07.10.2024 15:34:45.000,225.236,225.236,225.236,225.236,12
07.10.2024 15:34:46.000,225.267,225.267,225.246,225.257,36
07.10.2024 15:34:47.000,225.257,225.257,225.257,225.257,12
07.10.2024 15:34:48.000,225.236,225.236,225.236,225.236,12
07.10.2024 15:34:53.000,225.236,225.236,225.236,225.236,12
07.10.2024 15:34:54.000,225.216,225.216,225.216,225.216,12
07.10.2024 15:34:55.000,225.217,225.217,225.216,225.216,24
07.10.2024 15:34:56.000,225.227,225.227,225.216,225.216,24
07.10.2024 15:34:57.000,225.217,225.217,225.217,225.217,12
07.10.2024 15:34:59.000,225.237,225.237,225.237,225.237,12
07.10.2024 15:35:00.000,225.237,225.237,225.237,225.237,12
07.10.2024 15:35:03.000,225.246,225.246,225.236,225.236,24
07.10.2024 15:35:07.000,225.236,225.236,225.236,225.236,12
07.10.2024 15:35:08.000,225.237,225.237,225.237,225.237,12
07.10.2024 15:35:09.000,225.236,225.236,225.236,225.236,12
07.10.2024 15:35:10.000,225.217,225.217,225.217,225.217,12
07.10.2024 15:35:11.000,225.217,225.217,225.216,225.216,24
07.10.2024 15:35:12.000,225.197,225.197,225.197,225.197,12
07.10.2024 15:35:13.000,225.197,225.197,225.196,225.196,24
07.10.2024 15:35:14.000,225.206,225.207,225.206,225.207,24
07.10.2024 15:35:15.000,225.196,225.206,225.196,225.197,36
07.10.2024 15:35:17.000,225.197,225.197,225.196,225.196,48
07.10.2024 15:35:18.000,225.196,225.196,225.196,225.196,12
07.10.2024 15:35:20.000,225.196,225.196,225.196,225.196,12
07.10.2024 15:35:22.000,225.197,225.197,225.197,225.197,12
07.10.2024 15:35:25.000,225.196,225.196,225.196,225.196,12
07.10.2024 15:35:26.000,225.196,225.196,225.167,225.167,24
07.10.2024 15:35:29.000,225.156,225.156,225.146,225.146,24
07.10.2024 15:35:30.000,225.137,225.137,225.116,225.117,48
07.10.2024 15:35:31.000,225.117,225.117,225.117,225.117,12
07.10.2024 15:35:32.000,225.106,225.127,225.106,225.127,24
07.10.2024 15:35:33.000,225.116,225.116,225.116,225.116,12
07.10.2024 15:35:34.000,225.117,225.126,225.117,225.126,24
07.10.2024 15:35:35.000,225.117,225.117,225.117,225.117,24
07.10.2024 15:35:38.000,225.117,225.117,225.117,225.117,12
07.10.2024 15:35:39.000,225.137,225.147,225.137,225.147,24
07.10.2024 15:35:40.000,225.136,225.136,225.136,225.136,24
07.10.2024 15:35:41.000,225.126,225.126,225.096,225.096,48
07.10.2024 15:35:42.000,225.086,225.086,225.086,225.086,12
07.10.2024 15:35:43.000,225.087,225.097,225.087,225.087,48
07.10.2024 15:35:44.000,225.096,225.096,225.096,225.096,24
07.10.2024 15:35:45.000,225.096,225.106,225.086,225.086,60
07.10.2024 15:35:47.000,225.077,225.077,225.077,225.077,12
07.10.2024 15:35:50.000,225.066,225.066,225.066,225.066,12
07.10.2024 15:35:51.000,225.046,225.046,225.036,225.036,24
07.10.2024 15:35:52.000,225.037,225.037,225.037,225.037,12
07.10.2024 15:35:53.000,225.016,225.037,225.016,225.037,36
07.10.2024 15:35:54.000,225.056,225.066,225.056,225.066,24
07.10.2024 15:35:56.000,225.067,225.067,225.067,225.067,12
07.10.2024 15:35:58.000,225.086,225.097,225.077,225.077,36
07.10.2024 15:36:00.000,225.127,225.127,225.127,225.127,12
07.10.2024 15:36:02.000,225.076,225.076,225.076,225.076,24
07.10.2024 15:36:05.000,225.076,225.086,225.066,225.086,36
07.10.2024 15:36:07.000,225.077,225.077,225.077,225.077,12
07.10.2024 15:36:08.000,225.096,225.096,225.077,225.077,24
07.10.2024 15:36:09.000,225.066,225.077,225.066,225.077,36
07.10.2024 15:36:10.000,225.066,225.067,225.066,225.067,24
07.10.2024 15:36:11.000,225.047,225.047,225.047,225.047,24
07.10.2024 15:36:12.000,225.057,225.067,225.046,225.067,36
07.10.2024 15:36:14.000,225.057,225.057,225.057,225.057,12
07.10.2024 15:36:16.000,225.076,225.076,225.076,225.076,12
07.10.2024 15:36:17.000,225.086,225.087,225.086,225.087,36
07.10.2024 15:36:18.000,225.077,225.077,225.077,225.077,24
07.10.2024 15:36:19.000,225.086,225.087,225.086,225.087,24
07.10.2024 15:36:20.000,225.086,225.086,225.086,225.086,12
07.10.2024 15:36:21.000,225.097,225.107,225.097,225.107,36
07.10.2024 15:36:23.000,225.096,225.096,225.096,225.096,12
07.10.2024 15:36:25.000,225.087,225.087,225.087,225.087,12
07.10.2024 15:36:28.000,225.067,225.067,225.067,225.067,12
07.10.2024 15:36:29.000,225.077,225.077,225.077,225.077,12
07.10.2024 15:36:31.000,225.057,225.057,225.037,225.037,36
07.10.2024 15:36:32.000,225.036,225.036,225.036,225.036,12
07.10.2024 15:36:35.000,225.046,225.046,225.046,225.046,12
07.10.2024 15:36:36.000,225.037,225.037,225.037,225.037,12
07.10.2024 15:36:37.000,225.036,225.037,225.036,225.037,24
07.10.2024 15:36:38.000,225.016,225.017,225.016,225.017,36
07.10.2024 15:36:39.000,225.027,225.027,225.016,225.016,24
07.10.2024 15:36:40.000,225.017,225.017,225.017,225.017,12
07.10.2024 15:36:43.000,225.007,225.007,225.007,225.007,12
07.10.2024 15:36:44.000,225.007,225.007,225.007,225.007,12
07.10.2024 15:36:47.000,224.996,224.996,224.996,224.996,12
07.10.2024 15:36:48.000,224.986,224.986,224.986,224.986,24
07.10.2024 15:36:49.000,224.986,224.987,224.986,224.987,24
07.10.2024 15:36:51.000,224.977,224.977,224.977,224.977,12
07.10.2024 15:36:52.000,224.987,224.987,224.977,224.977,24
07.10.2024 15:36:54.000,224.977,224.977,224.946,224.946,24
07.10.2024 15:36:55.000,224.936,224.936,224.936,224.936,12
07.10.2024 15:37:00.000,224.937,224.937,224.937,224.937,12
07.10.2024 15:37:01.000,224.937,224.946,224.936,224.946,36
07.10.2024 15:37:02.000,224.946,224.946,224.946,224.946,12
07.10.2024 15:37:03.000,224.937,224.937,224.937,224.937,12
07.10.2024 15:37:05.000,224.946,224.946,224.946,224.946,12
07.10.2024 15:37:06.000,224.947,224.947,224.947,224.947,12
07.10.2024 15:37:07.000,224.936,224.946,224.936,224.946,24
07.10.2024 15:37:08.000,224.936,224.947,224.936,224.946,48
07.10.2024 15:37:09.000,224.936,224.936,224.936,224.936,12
07.10.2024 15:37:10.000,224.917,224.936,224.917,224.936,36
07.10.2024 15:37:11.000,224.926,224.926,224.926,224.926,12
07.10.2024 15:37:12.000,224.926,224.926,224.926,224.926,12
07.10.2024 15:37:13.000,224.927,224.927,224.927,224.927,12
07.10.2024 15:37:15.000,224.927,224.927,224.927,224.927,12
07.10.2024 15:37:18.000,224.937,224.937,224.937,224.937,12
07.10.2024 15:37:19.000,224.927,224.927,224.927,224.927,12
07.10.2024 15:37:20.000,224.916,224.916,224.916,224.916,12
07.10.2024 15:37:22.000,224.927,224.927,224.927,224.927,12
07.10.2024 15:37:23.000,224.927,224.927,224.927,224.927,24
07.10.2024 15:37:24.000,224.936,224.936,224.936,224.936,12
07.10.2024 15:37:31.000,224.947,224.966,224.947,224.956,36
07.10.2024 15:37:32.000,224.956,224.967,224.956,224.956,36
07.10.2024 15:37:33.000,224.967,224.967,224.967,224.967,12
07.10.2024 15:37:36.000,224.986,224.986,224.977,224.977,24
07.10.2024 15:37:38.000,224.987,224.987,224.987,224.987,24
07.10.2024 15:37:40.000,224.987,224.987,224.987,224.987,12
07.10.2024 15:37:41.000,224.977,224.977,224.946,224.946,36
07.10.2024 15:37:42.000,224.967,224.967,224.967,224.967,12
07.10.2024 15:37:43.000,224.966,224.966,224.936,224.936,24
07.10.2024 15:37:44.000,224.937,224.937,224.937,224.937,12
07.10.2024 15:37:45.000,224.927,224.936,224.926,224.926,36
07.10.2024 15:37:48.000,224.936,224.937,224.927,224.937,36
07.10.2024 15:37:49.000,224.957,224.957,224.936,224.936,60
07.10.2024 15:37:51.000,224.926,224.927,224.926,224.927,24
07.10.2024 15:37:52.000,224.927,224.927,224.927,224.927,12
07.10.2024 15:37:53.000,224.926,224.926,224.926,224.926,12
07.10.2024 15:37:55.000,224.936,224.936,224.927,224.927,24
07.10.2024 15:37:56.000,224.927,224.927,224.926,224.926,36
07.10.2024 15:37:58.000,224.916,224.916,224.916,224.916,12
07.10.2024 15:38:01.000,224.927,224.936,224.927,224.936,36
07.10.2024 15:38:02.000,224.946,224.946,224.946,224.946,12
07.10.2024 15:38:04.000,224.956,224.956,224.956,224.956,12
07.10.2024 15:38:08.000,224.967,224.967,224.966,224.966,36
07.10.2024 15:38:10.000,224.977,224.977,224.957,224.957,24
07.10.2024 15:38:13.000,224.966,224.966,224.966,224.966,12
07.10.2024 15:38:14.000,224.956,224.956,224.947,224.947,24
07.10.2024 15:38:16.000,224.917,224.917,224.916,224.916,24
07.10.2024 15:38:17.000,224.887,224.887,224.886,224.886,24
07.10.2024 15:38:18.000,224.876,224.877,224.876,224.877,24
07.10.2024 15:38:19.000,224.857,224.867,224.857,224.866,36
07.10.2024 15:38:20.000,224.866,224.876,224.866,224.876,24
07.10.2024 15:38:22.000,224.886,224.886,224.866,224.866,24
07.10.2024 15:38:23.000,224.866,224.866,224.866,224.866,12
07.10.2024 15:38:24.000,224.876,224.876,224.866,224.866,24
07.10.2024 15:38:25.000,224.877,224.877,224.866,224.866,24
07.10.2024 15:38:26.000,224.876,224.876,224.876,224.876,12
07.10.2024 15:38:29.000,224.877,224.877,224.877,224.877,12
07.10.2024 15:38:30.000,224.866,224.877,224.856,224.856,36
07.10.2024 15:38:31.000,224.856,224.856,224.856,224.856,12
07.10.2024 15:38:33.000,224.867,224.867,224.856,224.867,36
07.10.2024 15:38:34.000,224.857,224.857,224.857,224.857,12
07.10.2024 15:38:37.000,224.866,224.866,224.866,224.866,12
07.10.2024 15:38:38.000,224.857,224.857,224.857,224.857,12
07.10.2024 15:38:39.000,224.867,224.867,224.867,224.867,12
07.10.2024 15:38:41.000,224.867,224.867,224.866,224.866,36
07.10.2024 15:38:42.000,224.877,224.877,224.877,224.877,12
07.10.2024 15:38:43.000,224.867,224.867,224.867,224.867,12
07.10.2024 15:38:45.000,224.837,224.837,224.826,224.826,24
07.10.2024 15:38:46.000,224.827,224.827,224.827,224.827,36
07.10.2024 15:38:47.000,224.826,224.826,224.826,224.826,12
07.10.2024 15:38:48.000,224.807,224.807,224.797,224.797,24
07.10.2024 15:38:49.000,224.796,224.797,224.776,224.776,36
07.10.2024 15:38:50.000,224.767,224.787,224.766,224.787,84.00000000000001
07.10.2024 15:38:52.000,224.806,224.806,224.777,224.777,36
07.10.2024 15:38:53.000,224.777,224.777,224.776,224.776,36
07.10.2024 15:38:54.000,224.776,224.776,224.776,224.776,24
07.10.2024 15:38:55.000,224.766,224.766,224.766,224.766,12
07.10.2024 15:38:56.000,224.767,224.767,224.736,224.746,60
07.10.2024 15:38:57.000,224.746,224.757,224.746,224.756,48
07.10.2024 15:39:00.000,224.767,224.767,224.757,224.767,36
07.10.2024 15:39:01.000,224.776,224.776,224.776,224.776,12
07.10.2024 15:39:02.000,224.747,224.756,224.747,224.756,24
07.10.2024 15:39:03.000,224.767,224.767,224.767,224.767,12
07.10.2024 15:39:04.000,224.757,224.757,224.757,224.757,12
07.10.2024 15:39:05.000,224.777,224.777,224.777,224.777,12
07.10.2024 15:39:06.000,224.786,224.786,224.786,224.786,12
07.10.2024 15:39:07.000,224.797,224.797,224.786,224.796,36
07.10.2024 15:39:08.000,224.806,224.806,224.806,224.806,12
07.10.2024 15:39:09.000,224.816,224.816,224.816,224.816,12
07.10.2024 15:39:10.000,224.826,224.826,224.816,224.816,24
07.10.2024 15:39:11.000,224.816,224.826,224.816,224.826,24
07.10.2024 15:39:12.000,224.816,224.816,224.816,224.816,12
07.10.2024 15:39:13.000,224.827,224.827,224.827,224.827,12
07.10.2024 15:39:14.000,224.836,224.836,224.836,224.836,12
07.10.2024 15:39:15.000,224.817,224.836,224.817,224.836,24
07.10.2024 15:39:17.000,224.826,224.836,224.826,224.836,24
07.10.2024 15:39:18.000,224.847,224.847,224.847,224.847,12
07.10.2024 15:39:19.000,224.827,224.827,224.827,224.827,12
07.10.2024 15:39:20.000,224.846,224.847,224.816,224.816,48
07.10.2024 15:39:21.000,224.816,224.816,224.816,224.816,12
07.10.2024 15:39:23.000,224.827,224.827,224.827,224.827,12
07.10.2024 15:39:28.000,224.827,224.827,224.827,224.827,12
07.10.2024 15:39:29.000,224.797,224.806,224.797,224.806,24
07.10.2024 15:39:32.000,224.816,224.816,224.816,224.816,12
07.10.2024 15:39:33.000,224.816,224.817,224.807,224.817,36
07.10.2024 15:39:34.000,224.797,224.806,224.797,224.806,24
07.10.2024 15:39:35.000,224.797,224.797,224.797,224.797,12
07.10.2024 15:39:36.000,224.807,224.807,224.796,224.807,36
07.10.2024 15:39:37.000,224.796,224.807,224.796,224.807,24
07.10.2024 15:39:39.000,224.796,224.806,224.796,224.796,36
07.10.2024 15:39:40.000,224.806,224.816,224.806,224.816,24
07.10.2024 15:39:45.000,224.826,224.826,224.826,224.826,12
07.10.2024 15:39:48.000,224.827,224.827,224.827,224.827,24
07.10.2024 15:39:50.000,224.826,224.826,224.826,224.826,12
07.10.2024 15:39:52.000,224.827,224.827,224.827,224.827,12
07.10.2024 15:39:56.000,224.837,224.837,224.826,224.826,24
07.10.2024 15:40:04.000,224.837,224.856,224.837,224.856,24
07.10.2024 15:40:05.000,224.856,224.856,224.856,224.856,12
07.10.2024 15:40:06.000,224.836,224.847,224.836,224.847,24
07.10.2024 15:40:07.000,224.836,224.846,224.836,224.846,24
07.10.2024 15:40:08.000,224.827,224.827,224.827,224.827,12
07.10.2024 15:40:15.000,224.866,224.866,224.837,224.837,36
07.10.2024 15:40:16.000,224.836,224.836,224.836,224.836,12
07.10.2024 15:40:17.000,224.847,224.847,224.847,224.847,12
07.10.2024 15:40:21.000,224.827,224.827,224.827,224.827,12
07.10.2024 15:40:24.000,224.847,224.847,224.847,224.847,12
07.10.2024 15:40:25.000,224.847,224.857,224.847,224.857,36
07.10.2024 15:40:28.000,224.847,224.847,224.847,224.847,12
07.10.2024 15:40:29.000,224.856,224.876,224.856,224.876,24
07.10.2024 15:40:30.000,224.886,224.886,224.886,224.886,12
07.10.2024 15:40:31.000,224.876,224.876,224.876,224.876,12
07.10.2024 15:40:35.000,224.877,224.877,224.876,224.876,24
07.10.2024 15:40:36.000,224.886,224.886,224.877,224.877,24
07.10.2024 15:40:40.000,224.906,224.916,224.906,224.916,24
07.10.2024 15:40:41.000,224.906,224.906,224.906,224.906,12
07.10.2024 15:40:44.000,224.907,224.917,224.907,224.917,24
07.10.2024 15:40:45.000,224.926,224.936,224.917,224.917,48
07.10.2024 15:40:47.000,224.936,224.936,224.917,224.917,24
07.10.2024 15:40:48.000,224.936,224.936,224.936,224.936,12
07.10.2024 15:40:49.000,224.946,224.946,224.937,224.937,24
07.10.2024 15:40:51.000,224.947,224.947,224.947,224.947,12
07.10.2024 15:40:53.000,224.947,224.947,224.947,224.947,12
07.10.2024 15:40:56.000,224.947,224.966,224.947,224.966,36
07.10.2024 15:40:58.000,224.966,224.966,224.966,224.966,12
07.10.2024 15:41:04.000,224.976,224.976,224.966,224.966,24
07.10.2024 15:41:05.000,224.967,224.977,224.966,224.966,36
07.10.2024 15:41:08.000,224.976,224.976,224.976,224.976,12
07.10.2024 15:41:09.000,224.987,224.987,224.987,224.987,12
07.10.2024 15:41:10.000,224.986,225.007,224.986,225.007,36
07.10.2024 15:41:11.000,225.027,225.027,225.027,225.027,24
07.10.2024 15:41:12.000,225.007,225.007,225.007,225.007,12
07.10.2024 15:41:13.000,225.007,225.026,225.007,225.026,24
07.10.2024 15:41:14.000,225.016,225.016,225.016,225.016,12
07.10.2024 15:41:17.000,225.017,225.017,225.017,225.017,12
07.10.2024 15:41:18.000,225.006,225.006,225.006,225.006,12
07.10.2024 15:41:19.000,225.027,225.027,225.007,225.007,24
07.10.2024 15:41:22.000,224.997,224.997,224.997,224.997,12
07.10.2024 15:41:24.000,224.996,224.996,224.996,224.996,24
07.10.2024 15:41:25.000,224.996,224.997,224.967,224.967,36
07.10.2024 15:41:28.000,224.987,224.987,224.987,224.987,24
07.10.2024 15:41:29.000,224.976,224.976,224.976,224.976,12
07.10.2024 15:41:30.000,224.976,224.976,224.976,224.976,12
07.10.2024 15:41:31.000,224.966,224.966,224.966,224.966,12
07.10.2024 15:41:33.000,224.967,224.967,224.967,224.967,12
07.10.2024 15:41:35.000,224.946,224.946,224.946,224.946,12
07.10.2024 15:41:36.000,224.936,224.936,224.936,224.936,12
07.10.2024 15:41:37.000,224.936,224.936,224.936,224.936,24
07.10.2024 15:41:41.000,224.927,224.927,224.927,224.927,24
07.10.2024 15:41:42.000,224.916,224.916,224.916,224.916,24
07.10.2024 15:41:45.000,224.917,224.917,224.917,224.917,12
07.10.2024 15:41:46.000,224.937,224.937,224.937,224.937,12
07.10.2024 15:41:50.000,224.936,224.937,224.936,224.936,48
07.10.2024 15:41:51.000,224.937,224.937,224.937,224.937,24
07.10.2024 15:41:54.000,224.907,224.917,224.907,224.917,24
07.10.2024 15:41:55.000,224.907,224.907,224.907,224.907,12
07.10.2024 15:41:59.000,224.916,224.916,224.906,224.916,36
07.10.2024 15:42:00.000,224.907,224.936,224.907,224.936,36
07.10.2024 15:42:02.000,224.906,224.906,224.906,224.906,24
07.10.2024 15:42:07.000,224.926,224.937,224.926,224.926,36
07.10.2024 15:42:09.000,224.957,224.957,224.947,224.947,24
07.10.2024 15:42:10.000,224.946,224.946,224.946,224.946,12
07.10.2024 15:42:11.000,224.957,224.957,224.957,224.957,12
07.10.2024 15:42:12.000,224.957,224.957,224.956,224.956,24
07.10.2024 15:42:14.000,224.956,224.956,224.956,224.956,12
07.10.2024 15:42:16.000,224.967,224.967,224.967,224.967,12
07.10.2024 15:42:17.000,224.956,224.967,224.956,224.967,48
07.10.2024 15:42:18.000,224.966,224.976,224.966,224.966,36
07.10.2024 15:42:20.000,224.977,224.977,224.966,224.966,24
07.10.2024 15:42:21.000,224.976,224.976,224.966,224.966,24
07.10.2024 15:42:25.000,224.977,224.977,224.977,224.977,12
07.10.2024 15:42:28.000,224.966,224.966,224.966,224.966,12
07.10.2024 15:42:32.000,224.937,224.937,224.937,224.937,24
07.10.2024 15:42:36.000,224.937,224.946,224.937,224.937,36
07.10.2024 15:42:37.000,224.967,224.967,224.956,224.956,24
07.10.2024 15:42:40.000,224.946,224.957,224.946,224.957,24
07.10.2024 15:42:41.000,224.966,224.966,224.966,224.966,12
07.10.2024 15:42:43.000,224.977,224.977,224.977,224.977,12
07.10.2024 15:42:44.000,224.987,224.987,224.987,224.987,12
07.10.2024 15:42:45.000,224.986,224.996,224.976,224.987,72
07.10.2024 15:42:46.000,224.976,224.976,224.976,224.976,12
07.10.2024 15:42:47.000,224.987,224.987,224.976,224.986,48
07.10.2024 15:42:48.000,224.987,224.987,224.987,224.987,12
07.10.2024 15:42:49.000,224.996,224.996,224.996,224.996,12
07.10.2024 15:42:53.000,224.987,224.987,224.967,224.967,24
07.10.2024 15:42:54.000,224.966,224.966,224.966,224.966,12
07.10.2024 15:42:55.000,224.966,224.967,224.966,224.967,24
07.10.2024 15:42:57.000,224.977,224.977,224.977,224.977,12
07.10.2024 15:42:58.000,224.967,224.967,224.967,224.967,12
07.10.2024 15:42:59.000,224.966,224.966,224.966,224.966,12
07.10.2024 15:43:01.000,224.966,224.966,224.966,224.966,12
07.10.2024 15:43:02.000,224.966,224.966,224.936,224.936,36
07.10.2024 15:43:03.000,224.946,224.947,224.946,224.947,24
07.10.2024 15:43:04.000,224.926,224.926,224.916,224.916,36
07.10.2024 15:43:05.000,224.917,224.926,224.917,224.917,36
07.10.2024 15:43:06.000,224.916,224.917,224.906,224.906,48
07.10.2024 15:43:07.000,224.917,224.917,224.917,224.917,12
07.10.2024 15:43:09.000,224.916,224.926,224.907,224.907,36
07.10.2024 15:43:10.000,224.897,224.897,224.897,224.897,12
07.10.2024 15:43:11.000,224.897,224.937,224.896,224.896,36
07.10.2024 15:43:13.000,224.916,224.916,224.916,224.916,12
07.10.2024 15:43:14.000,224.896,224.897,224.896,224.897,24
07.10.2024 15:43:15.000,224.917,224.927,224.917,224.927,36
07.10.2024 15:43:18.000,224.926,224.926,224.926,224.926,36
07.10.2024 15:43:21.000,224.927,224.936,224.916,224.936,36
07.10.2024 15:43:22.000,224.926,224.936,224.926,224.927,36
07.10.2024 15:43:24.000,224.917,224.917,224.917,224.917,12
07.10.2024 15:43:29.000,224.927,224.927,224.917,224.917,24
07.10.2024 15:43:31.000,224.926,224.936,224.926,224.936,36
07.10.2024 15:43:32.000,224.937,224.946,224.927,224.946,36
07.10.2024 15:43:34.000,224.916,224.916,224.916,224.916,12
07.10.2024 15:43:36.000,224.916,224.916,224.916,224.916,12
07.10.2024 15:43:37.000,224.896,224.896,224.896,224.896,12
07.10.2024 15:43:38.000,224.886,224.896,224.886,224.896,36
07.10.2024 15:43:41.000,224.916,224.916,224.916,224.916,12
07.10.2024 15:43:42.000,224.907,224.907,224.907,224.907,12
07.10.2024 15:43:43.000,224.906,224.906,224.887,224.887,36
07.10.2024 15:43:45.000,224.886,224.886,224.886,224.886,12
07.10.2024 15:43:46.000,224.896,224.896,224.886,224.886,24
07.10.2024 15:43:47.000,224.887,224.887,224.856,224.856,24
07.10.2024 15:43:49.000,224.866,224.866,224.866,224.866,12
07.10.2024 15:43:50.000,224.827,224.836,224.827,224.836,36
07.10.2024 15:43:51.000,224.817,224.826,224.807,224.826,48
07.10.2024 15:43:52.000,224.827,224.827,224.817,224.817,24
07.10.2024 15:43:53.000,224.796,224.806,224.796,224.806,60
07.10.2024 15:43:54.000,224.796,224.806,224.796,224.797,48
07.10.2024 15:43:56.000,224.787,224.797,224.786,224.797,48
07.10.2024 15:43:58.000,224.807,224.826,224.807,224.826,36
07.10.2024 15:44:01.000,224.817,224.817,224.817,224.817,12
07.10.2024 15:44:02.000,224.816,224.837,224.816,224.827,48
07.10.2024 15:44:04.000,224.837,224.837,224.837,224.837,12
07.10.2024 15:44:06.000,224.827,224.827,224.806,224.807,48
07.10.2024 15:44:07.000,224.816,224.826,224.816,224.826,36
07.10.2024 15:44:08.000,224.816,224.817,224.816,224.817,24
07.10.2024 15:44:09.000,224.826,224.826,224.826,224.826,12
07.10.2024 15:44:10.000,224.826,224.826,224.826,224.826,12
07.10.2024 15:44:11.000,224.826,224.836,224.826,224.836,24
07.10.2024 15:44:13.000,224.846,224.856,224.846,224.856,24
07.10.2024 15:44:15.000,224.847,224.847,224.847,224.847,12
07.10.2024 15:44:16.000,224.857,224.857,224.846,224.846,24
07.10.2024 15:44:17.000,224.847,224.847,224.847,224.847,24
07.10.2024 15:44:18.000,224.847,224.847,224.847,224.847,12
07.10.2024 15:44:20.000,224.837,224.837,224.837,224.837,12
07.10.2024 15:44:21.000,224.846,224.846,224.846,224.846,12
07.10.2024 15:44:22.000,224.857,224.857,224.847,224.847,24
07.10.2024 15:44:24.000,224.867,224.867,224.867,224.867,12
07.10.2024 15:44:25.000,224.847,224.847,224.847,224.847,36
07.10.2024 15:44:26.000,224.846,224.846,224.846,224.846,12
07.10.2024 15:44:33.000,224.867,224.867,224.867,224.867,12
07.10.2024 15:44:34.000,224.867,224.867,224.867,224.867,24
07.10.2024 15:44:37.000,224.887,224.887,224.887,224.887,12
07.10.2024 15:44:38.000,224.886,224.887,224.866,224.866,48
07.10.2024 15:44:39.000,224.866,224.867,224.866,224.867,36
07.10.2024 15:44:40.000,224.867,224.867,224.867,224.867,12
07.10.2024 15:44:41.000,224.867,224.867,224.867,224.867,24
07.10.2024 15:44:43.000,224.867,224.877,224.866,224.866,48
07.10.2024 15:44:46.000,224.876,224.876,224.847,224.847,36
07.10.2024 15:44:48.000,224.856,224.856,224.856,224.856,12
07.10.2024 15:44:49.000,224.846,224.846,224.846,224.846,12
07.10.2024 15:44:50.000,224.856,224.857,224.856,224.857,24
07.10.2024 15:44:51.000,224.847,224.847,224.846,224.846,24
07.10.2024 15:44:54.000,224.846,224.846,224.826,224.826,36
07.10.2024 15:44:55.000,224.816,224.816,224.796,224.796,48
07.10.2024 15:44:56.000,224.806,224.807,224.806,224.807,24
07.10.2024 15:44:57.000,224.806,224.806,224.806,224.806,12
07.10.2024 15:44:58.000,224.796,224.817,224.796,224.817,48
07.10.2024 15:45:00.000,224.817,224.827,224.817,224.827,24
07.10.2024 15:45:01.000,224.817,224.827,224.817,224.827,60
07.10.2024 15:45:03.000,224.826,224.826,224.816,224.816,36
07.10.2024 15:45:04.000,224.817,224.817,224.816,224.816,36
07.10.2024 15:45:06.000,224.836,224.836,224.836,224.836,12
07.10.2024 15:45:09.000,224.827,224.827,224.816,224.817,48
07.10.2024 15:45:10.000,224.826,224.826,224.826,224.826,12
07.10.2024 15:45:11.000,224.816,224.827,224.816,224.827,36
07.10.2024 15:45:13.000,224.826,224.837,224.826,224.837,24
07.10.2024 15:45:16.000,224.837,224.837,224.836,224.836,24
07.10.2024 15:45:17.000,224.816,224.827,224.816,224.827,24
07.10.2024 15:45:18.000,224.836,224.837,224.836,224.837,24
07.10.2024 15:45:19.000,224.847,224.847,224.847,224.847,12
07.10.2024 15:45:20.000,224.826,224.827,224.826,224.827,24
07.10.2024 15:45:21.000,224.826,224.827,224.826,224.827,24
07.10.2024 15:45:22.000,224.837,224.837,224.837,224.837,12
07.10.2024 15:45:23.000,224.826,224.826,224.796,224.797,48
07.10.2024 15:45:24.000,224.816,224.816,224.816,224.816,12
07.10.2024 15:45:32.000,224.816,224.817,224.816,224.817,48
07.10.2024 15:45:33.000,224.817,224.817,224.816,224.816,24
07.10.2024 15:45:34.000,224.826,224.826,224.826,224.826,12
07.10.2024 15:45:35.000,224.836,224.846,224.827,224.846,36
07.10.2024 15:45:36.000,224.846,224.846,224.846,224.846,12
07.10.2024 15:45:37.000,224.847,224.847,224.847,224.847,24
07.10.2024 15:45:42.000,224.837,224.847,224.837,224.847,24
07.10.2024 15:45:44.000,224.856,224.856,224.856,224.856,12
07.10.2024 15:45:45.000,224.847,224.847,224.846,224.846,24
07.10.2024 15:45:47.000,224.856,224.856,224.856,224.856,12
07.10.2024 15:45:48.000,224.866,224.866,224.866,224.866,24
07.10.2024 15:45:49.000,224.876,224.876,224.876,224.876,12
07.10.2024 15:45:51.000,224.877,224.877,224.846,224.846,48
07.10.2024 15:45:52.000,224.846,224.846,224.846,224.846,12
07.10.2024 15:45:53.000,224.846,224.846,224.846,224.846,12
07.10.2024 15:45:54.000,224.847,224.847,224.847,224.847,12
07.10.2024 15:45:57.000,224.847,224.847,224.847,224.847,12
07.10.2024 15:45:58.000,224.827,224.837,224.827,224.837,36
07.10.2024 15:45:59.000,224.846,224.846,224.846,224.846,12
07.10.2024 15:46:01.000,224.837,224.846,224.816,224.816,60
07.10.2024 15:46:03.000,224.816,224.816,224.816,224.816,12
07.10.2024 15:46:04.000,224.817,224.817,224.817,224.817,24
07.10.2024 15:46:06.000,224.826,224.826,224.826,224.826,12
07.10.2024 15:46:07.000,224.836,224.836,224.836,224.836,12
07.10.2024 15:46:09.000,224.837,224.837,224.837,224.837,12
07.10.2024 15:46:12.000,224.846,224.856,224.846,224.856,24
07.10.2024 15:46:16.000,224.867,224.867,224.857,224.857,24
07.10.2024 15:46:17.000,224.856,224.856,224.846,224.847,36
07.10.2024 15:46:18.000,224.846,224.846,224.846,224.846,12
07.10.2024 15:46:19.000,224.847,224.847,224.846,224.846,24
07.10.2024 15:46:20.000,224.846,224.846,224.837,224.837,24
07.10.2024 15:46:21.000,224.847,224.847,224.847,224.847,12
07.10.2024 15:46:23.000,224.837,224.837,224.837,224.837,12
07.10.2024 15:46:24.000,224.856,224.856,224.856,224.856,12
07.10.2024 15:46:25.000,224.836,224.836,224.836,224.836,12
07.10.2024 15:46:26.000,224.837,224.837,224.837,224.837,24
07.10.2024 15:46:28.000,224.856,224.866,224.856,224.866,36
07.10.2024 15:46:30.000,224.846,224.846,224.837,224.837,48
07.10.2024 15:46:31.000,224.837,224.837,224.837,224.837,12
07.10.2024 15:46:32.000,224.837,224.837,224.837,224.837,12
07.10.2024 15:46:33.000,224.847,224.847,224.847,224.847,12
07.10.2024 15:46:35.000,224.837,224.837,224.837,224.837,24
07.10.2024 15:46:36.000,224.836,224.837,224.836,224.837,24
07.10.2024 15:46:37.000,224.857,224.857,224.857,224.857,12
07.10.2024 15:46:38.000,224.847,224.847,224.837,224.837,48
07.10.2024 15:46:40.000,224.836,224.836,224.836,224.836,12
07.10.2024 15:46:41.000,224.817,224.817,224.817,224.817,12
07.10.2024 15:46:44.000,224.786,224.787,224.776,224.776,36
07.10.2024 15:46:45.000,224.796,224.796,224.796,224.796,12
07.10.2024 15:46:46.000,224.776,224.776,224.776,224.776,12
07.10.2024 15:46:47.000,224.786,224.786,224.786,224.786,12
07.10.2024 15:46:48.000,224.797,224.797,224.797,224.797,12
07.10.2024 15:46:49.000,224.797,224.797,224.797,224.797,12
07.10.2024 15:46:50.000,224.797,224.797,224.797,224.797,12
07.10.2024 15:46:51.000,224.806,224.806,224.806,224.806,12
07.10.2024 15:46:52.000,224.817,224.817,224.806,224.816,36
07.10.2024 15:46:56.000,224.826,224.827,224.826,224.827,36
07.10.2024 15:46:59.000,224.827,224.827,224.827,224.827,12
07.10.2024 15:47:06.000,224.826,224.826,224.826,224.826,12
07.10.2024 15:47:07.000,224.807,224.807,224.797,224.806,72
07.10.2024 15:47:08.000,224.797,224.817,224.797,224.807,60
07.10.2024 15:47:09.000,224.817,224.817,224.816,224.816,36
07.10.2024 15:47:10.000,224.826,224.826,224.826,224.826,12
07.10.2024 15:47:11.000,224.817,224.817,224.817,224.817,12
07.10.2024 15:47:12.000,224.827,224.827,224.827,224.827,12
07.10.2024 15:47:13.000,224.817,224.817,224.817,224.817,12
07.10.2024 15:47:14.000,224.826,224.826,224.826,224.826,12
07.10.2024 15:47:15.000,224.817,224.817,224.817,224.817,12
07.10.2024 15:47:16.000,224.826,224.826,224.826,224.826,12
07.10.2024 15:47:17.000,224.817,224.846,224.816,224.846,60
07.10.2024 15:47:19.000,224.837,224.837,224.836,224.836,24
07.10.2024 15:47:20.000,224.837,224.837,224.837,224.837,12
07.10.2024 15:47:21.000,224.836,224.837,224.836,224.837,24
07.10.2024 15:47:24.000,224.867,224.867,224.867,224.867,12
07.10.2024 15:47:25.000,224.836,224.836,224.836,224.836,36
07.10.2024 15:47:26.000,224.837,224.837,224.837,224.837,12
07.10.2024 15:47:27.000,224.837,224.837,224.837,224.837,12
07.10.2024 15:47:30.000,224.836,224.837,224.836,224.837,24
07.10.2024 15:47:31.000,224.857,224.877,224.856,224.856,48
07.10.2024 15:47:32.000,224.867,224.867,224.867,224.867,12
07.10.2024 15:47:37.000,224.877,224.877,224.877,224.877,12
07.10.2024 15:47:38.000,224.867,224.867,224.866,224.866,24
07.10.2024 15:47:39.000,224.867,224.886,224.867,224.886,24
07.10.2024 15:47:40.000,224.867,224.896,224.867,224.867,48
07.10.2024 15:47:43.000,224.866,224.866,224.866,224.866,12
07.10.2024 15:47:44.000,224.887,224.887,224.887,224.887,12
07.10.2024 15:47:45.000,224.876,224.907,224.876,224.896,60
07.10.2024 15:47:46.000,224.886,224.886,224.886,224.886,12
07.10.2024 15:47:49.000,224.907,224.907,224.897,224.907,36
07.10.2024 15:47:50.000,224.896,224.896,224.886,224.886,24
07.10.2024 15:47:53.000,224.897,224.897,224.886,224.886,48
07.10.2024 15:47:54.000,224.896,224.897,224.896,224.897,24
07.10.2024 15:47:55.000,224.887,224.887,224.887,224.887,12
07.10.2024 15:47:56.000,224.887,224.887,224.887,224.887,12
07.10.2024 15:47:58.000,224.896,224.896,224.886,224.886,24
07.10.2024 15:48:00.000,224.896,224.896,224.887,224.887,24
07.10.2024 15:48:01.000,224.867,224.867,224.857,224.857,24
07.10.2024 15:48:02.000,224.867,224.867,224.836,224.836,36
07.10.2024 15:48:03.000,224.816,224.816,224.816,224.816,12
07.10.2024 15:48:05.000,224.826,224.837,224.826,224.836,48
07.10.2024 15:48:06.000,224.837,224.837,224.827,224.836,36
07.10.2024 15:48:07.000,224.827,224.827,224.827,224.827,12
07.10.2024 15:48:08.000,224.837,224.837,224.827,224.827,24
07.10.2024 15:48:09.000,224.837,224.837,224.837,224.837,12
07.10.2024 15:48:10.000,224.856,224.856,224.856,224.856,12
07.10.2024 15:48:11.000,224.846,224.846,224.846,224.846,12
07.10.2024 15:48:14.000,224.866,224.866,224.866,224.866,12
07.10.2024 15:48:15.000,224.856,224.856,224.847,224.856,36
07.10.2024 15:48:17.000,224.847,224.847,224.847,224.847,12
07.10.2024 15:48:18.000,224.846,224.856,224.846,224.856,24
07.10.2024 15:48:19.000,224.846,224.847,224.846,224.847,24
07.10.2024 15:48:20.000,224.876,224.877,224.856,224.877,60
07.10.2024 15:48:21.000,224.887,224.887,224.887,224.887,12
07.10.2024 15:48:22.000,224.876,224.876,224.876,224.876,24
07.10.2024 15:48:24.000,224.867,224.867,224.857,224.857,24
07.10.2024 15:48:26.000,224.847,224.847,224.837,224.837,36
07.10.2024 15:48:29.000,224.837,224.837,224.827,224.827,24
07.10.2024 15:48:31.000,224.817,224.817,224.806,224.806,24
07.10.2024 15:48:34.000,224.796,224.796,224.796,224.796,12
07.10.2024 15:48:35.000,224.777,224.777,224.777,224.777,12
07.10.2024 15:48:36.000,224.756,224.756,224.746,224.746,36
07.10.2024 15:48:37.000,224.746,224.756,224.736,224.736,36
07.10.2024 15:48:38.000,224.746,224.746,224.737,224.746,36
07.10.2024 15:48:39.000,224.777,224.777,224.757,224.757,24
07.10.2024 15:48:41.000,224.746,224.747,224.746,224.747,24
07.10.2024 15:48:43.000,224.767,224.767,224.767,224.767,12
07.10.2024 15:48:45.000,224.766,224.766,224.766,224.766,12
07.10.2024 15:48:46.000,224.746,224.746,224.736,224.736,36
07.10.2024 15:48:47.000,224.746,224.746,224.746,224.746,12
07.10.2024 15:48:48.000,224.776,224.776,224.757,224.757,24
07.10.2024 15:48:49.000,224.746,224.746,224.746,224.746,12
07.10.2024 15:48:50.000,224.757,224.757,224.747,224.747,24
07.10.2024 15:48:51.000,224.756,224.756,224.746,224.746,24
07.10.2024 15:48:53.000,224.756,224.756,224.737,224.737,36
07.10.2024 15:48:55.000,224.727,224.737,224.727,224.737,24
07.10.2024 15:48:56.000,224.736,224.747,224.736,224.746,36
07.10.2024 15:48:57.000,224.757,224.757,224.757,224.757,12
07.10.2024 15:48:58.000,224.756,224.756,224.756,224.756,12
07.10.2024 15:49:01.000,224.757,224.757,224.747,224.747,36
07.10.2024 15:49:02.000,224.746,224.746,224.746,224.746,24
07.10.2024 15:49:03.000,224.737,224.737,224.737,224.737,12
07.10.2024 15:49:04.000,224.737,224.737,224.737,224.737,12
07.10.2024 15:49:05.000,224.757,224.757,224.747,224.747,24
07.10.2024 15:49:06.000,224.756,224.757,224.756,224.757,36
07.10.2024 15:49:08.000,224.757,224.767,224.757,224.767,24
07.10.2024 15:49:09.000,224.776,224.776,224.766,224.766,24
07.10.2024 15:49:12.000,224.756,224.756,224.756,224.756,12
07.10.2024 15:49:20.000,224.776,224.776,224.776,224.776,12
07.10.2024 15:49:21.000,224.767,224.767,224.767,224.767,12
07.10.2024 15:49:22.000,224.797,224.797,224.797,224.797,12
07.10.2024 15:49:23.000,224.786,224.786,224.786,224.786,12
07.10.2024 15:49:24.000,224.797,224.797,224.757,224.757,60
07.10.2024 15:49:26.000,224.757,224.767,224.757,224.767,24
07.10.2024 15:49:27.000,224.756,224.777,224.756,224.766,36
07.10.2024 15:49:33.000,224.767,224.767,224.767,224.767,24
07.10.2024 15:49:34.000,224.777,224.777,224.777,224.777,12
07.10.2024 15:49:35.000,224.797,224.797,224.797,224.797,12
07.10.2024 15:49:36.000,224.767,224.767,224.767,224.767,12
07.10.2024 15:49:37.000,224.756,224.756,224.756,224.756,12
07.10.2024 15:49:39.000,224.797,224.797,224.797,224.797,12
07.10.2024 15:49:40.000,224.787,224.787,224.787,224.787,12
07.10.2024 15:49:43.000,224.796,224.796,224.796,224.796,12
07.10.2024 15:49:49.000,224.797,224.807,224.797,224.797,48
07.10.2024 15:49:59.000,224.796,224.796,224.777,224.777,24
07.10.2024 15:50:00.000,224.787,224.797,224.786,224.786,36
07.10.2024 15:50:02.000,224.796,224.796,224.796,224.796,12
07.10.2024 15:50:03.000,224.797,224.797,224.797,224.797,12
07.10.2024 15:50:05.000,224.797,224.797,224.766,224.767,96
07.10.2024 15:50:06.000,224.757,224.757,224.746,224.746,24
07.10.2024 15:50:07.000,224.757,224.757,224.757,224.757,12
07.10.2024 15:50:08.000,224.777,224.777,224.756,224.756,48
07.10.2024 15:50:10.000,224.777,224.777,224.756,224.756,24
07.10.2024 15:50:13.000,224.756,224.777,224.756,224.777,24
07.10.2024 15:50:14.000,224.786,224.786,224.786,224.786,12
07.10.2024 15:50:16.000,224.777,224.787,224.777,224.787,24
07.10.2024 15:50:19.000,224.776,224.787,224.776,224.787,24
07.10.2024 15:50:21.000,224.797,224.797,224.797,224.797,12
07.10.2024 15:50:22.000,224.756,224.756,224.747,224.747,24
07.10.2024 15:50:23.000,224.747,224.747,224.726,224.726,36
07.10.2024 15:50:24.000,224.727,224.727,224.727,224.727,12
07.10.2024 15:50:25.000,224.727,224.727,224.727,224.727,12
07.10.2024 15:50:26.000,224.726,224.726,224.726,224.726,12
07.10.2024 15:50:29.000,224.706,224.706,224.706,224.706,12
07.10.2024 15:50:30.000,224.706,224.706,224.706,224.706,12
07.10.2024 15:50:31.000,224.717,224.717,224.717,224.717,12
07.10.2024 15:50:32.000,224.696,224.696,224.696,224.696,12
07.10.2024 15:50:33.000,224.706,224.717,224.697,224.717,36
07.10.2024 15:50:34.000,224.717,224.717,224.717,224.717,12
07.10.2024 15:50:38.000,224.696,224.706,224.696,224.706,24
07.10.2024 15:50:41.000,224.707,224.716,224.707,224.716,24
07.10.2024 15:50:46.000,224.717,224.737,224.717,224.726,48
07.10.2024 15:50:47.000,224.746,224.746,224.746,224.746,12
07.10.2024 15:50:48.000,224.726,224.726,224.726,224.726,12
07.10.2024 15:50:49.000,224.717,224.717,224.717,224.717,12
07.10.2024 15:50:50.000,224.717,224.717,224.706,224.706,24
07.10.2024 15:50:51.000,224.707,224.707,224.707,224.707,12
07.10.2024 15:50:54.000,224.716,224.736,224.716,224.736,36
07.10.2024 15:50:59.000,224.737,224.757,224.737,224.757,24
07.10.2024 15:51:00.000,224.756,224.756,224.756,224.756,12
07.10.2024 15:51:01.000,224.756,224.756,224.737,224.737,24
07.10.2024 15:51:03.000,224.737,224.746,224.737,224.746,24
07.10.2024 15:51:07.000,224.746,224.746,224.746,224.746,12
07.10.2024 15:51:11.000,224.716,224.727,224.716,224.727,36
07.10.2024 15:51:12.000,224.716,224.716,224.716,224.716,12
07.10.2024 15:51:14.000,224.707,224.707,224.697,224.697,24
07.10.2024 15:51:15.000,224.697,224.697,224.697,224.697,24
07.10.2024 15:51:16.000,224.716,224.716,224.696,224.696,24
07.10.2024 15:51:20.000,224.717,224.717,224.717,224.717,12
07.10.2024 15:51:24.000,224.716,224.716,224.716,224.716,12
07.10.2024 15:51:25.000,224.737,224.737,224.727,224.727,24
07.10.2024 15:51:26.000,224.747,224.747,224.747,224.747,12
07.10.2024 15:51:28.000,224.736,224.756,224.736,224.736,36
07.10.2024 15:51:33.000,224.767,224.767,224.736,224.736,60
07.10.2024 15:51:34.000,224.766,224.766,224.766,224.766,12
07.10.2024 15:51:38.000,224.776,224.776,224.766,224.766,36
07.10.2024 15:51:40.000,224.757,224.757,224.747,224.747,24
07.10.2024 15:51:43.000,224.757,224.767,224.747,224.767,36
07.10.2024 15:51:45.000,224.767,224.767,224.767,224.767,12
07.10.2024 15:51:47.000,224.776,224.777,224.776,224.777,24
07.10.2024 15:51:49.000,224.776,224.776,224.776,224.776,12
07.10.2024 15:51:51.000,224.807,224.807,224.807,224.807,12
07.10.2024 15:51:55.000,224.817,224.817,224.806,224.806,24
07.10.2024 15:52:00.000,224.807,224.807,224.807,224.807,12
07.10.2024 15:52:01.000,224.776,224.787,224.767,224.767,60
07.10.2024 15:52:03.000,224.756,224.756,224.737,224.737,36
07.10.2024 15:52:07.000,224.737,224.737,224.737,224.737,12
07.10.2024 15:52:09.000,224.736,224.736,224.736,224.736,12
07.10.2024 15:52:14.000,224.756,224.756,224.747,224.747,36
07.10.2024 15:52:16.000,224.767,224.767,224.767,224.767,36
07.10.2024 15:52:17.000,224.766,224.766,224.766,224.766,12
07.10.2024 15:52:19.000,224.776,224.777,224.776,224.777,24
07.10.2024 15:52:20.000,224.767,224.767,224.767,224.767,12
07.10.2024 15:52:22.000,224.777,224.777,224.777,224.777,12
07.10.2024 15:52:23.000,224.766,224.766,224.766,224.766,12
07.10.2024 15:52:25.000,224.777,224.777,224.777,224.777,12
07.10.2024 15:52:28.000,224.767,224.767,224.767,224.767,12
07.10.2024 15:52:29.000,224.767,224.767,224.767,224.767,12
07.10.2024 15:52:33.000,224.776,224.787,224.776,224.787,24
07.10.2024 15:52:34.000,224.787,224.787,224.786,224.786,48
07.10.2024 15:52:35.000,224.786,224.786,224.786,224.786,12
07.10.2024 15:52:36.000,224.787,224.787,224.787,224.787,12
07.10.2024 15:52:37.000,224.786,224.786,224.786,224.786,12
07.10.2024 15:52:38.000,224.787,224.787,224.787,224.787,12
07.10.2024 15:52:41.000,224.787,224.787,224.787,224.787,24
07.10.2024 15:52:43.000,224.787,224.787,224.786,224.786,24
07.10.2024 15:52:46.000,224.796,224.796,224.796,224.796,12
07.10.2024 15:52:47.000,224.777,224.777,224.777,224.777,12
07.10.2024 15:52:48.000,224.776,224.776,224.776,224.776,12
07.10.2024 15:52:49.000,224.777,224.777,224.777,224.777,12
07.10.2024 15:52:56.000,224.796,224.796,224.787,224.787,24
07.10.2024 15:52:59.000,224.776,224.776,224.776,224.776,12
07.10.2024 15:53:00.000,224.776,224.776,224.776,224.776,12
07.10.2024 15:53:03.000,224.777,224.777,224.777,224.777,12
07.10.2024 15:53:05.000,224.756,224.767,224.756,224.767,48
07.10.2024 15:53:06.000,224.766,224.766,224.747,224.747,36
07.10.2024 15:53:07.000,224.747,224.747,224.736,224.736,24
07.10.2024 15:53:08.000,224.757,224.757,224.757,224.757,12
07.10.2024 15:53:10.000,224.766,224.766,224.766,224.766,12
07.10.2024 15:53:11.000,224.757,224.757,224.757,224.757,24
07.10.2024 15:53:12.000,224.776,224.776,224.766,224.766,24
07.10.2024 15:53:14.000,224.766,224.776,224.766,224.767,36
07.10.2024 15:53:15.000,224.767,224.767,224.717,224.726,60
07.10.2024 15:53:17.000,224.727,224.727,224.726,224.726,24
07.10.2024 15:53:18.000,224.726,224.727,224.726,224.727,24
07.10.2024 15:53:19.000,224.736,224.747,224.736,224.747,24
07.10.2024 15:53:20.000,224.736,224.736,224.736,224.736,12
07.10.2024 15:53:24.000,224.746,224.757,224.746,224.757,48
07.10.2024 15:53:25.000,224.757,224.757,224.757,224.757,12
07.10.2024 15:53:27.000,224.747,224.747,224.747,224.747,12
07.10.2024 15:53:30.000,224.746,224.747,224.736,224.736,48
07.10.2024 15:53:31.000,224.736,224.736,224.736,224.736,12
07.10.2024 15:53:35.000,224.747,224.747,224.747,224.747,12
07.10.2024 15:53:36.000,224.736,224.747,224.736,224.747,24
07.10.2024 15:53:37.000,224.746,224.746,224.746,224.746,12
07.10.2024 15:53:38.000,224.746,224.757,224.746,224.757,24
07.10.2024 15:53:41.000,224.766,224.766,224.766,224.766,12
07.10.2024 15:53:44.000,224.777,224.786,224.777,224.786,24
07.10.2024 15:53:45.000,224.786,224.797,224.786,224.797,24
07.10.2024 15:53:46.000,224.796,224.797,224.796,224.797,48
07.10.2024 15:53:47.000,224.797,224.807,224.796,224.796,36
07.10.2024 15:53:48.000,224.796,224.797,224.796,224.796,48
07.10.2024 15:53:50.000,224.796,224.807,224.796,224.807,36
07.10.2024 15:53:53.000,224.797,224.797,224.796,224.797,36
07.10.2024 15:53:54.000,224.776,224.776,224.766,224.766,24
07.10.2024 15:53:55.000,224.777,224.777,224.777,224.777,12
07.10.2024 15:53:56.000,224.776,224.776,224.776,224.776,36
07.10.2024 15:53:57.000,224.777,224.777,224.776,224.777,48
07.10.2024 15:54:00.000,224.756,224.756,224.747,224.747,24
07.10.2024 15:54:02.000,224.756,224.756,224.756,224.756,12
07.10.2024 15:54:03.000,224.767,224.767,224.756,224.757,36
07.10.2024 15:54:04.000,224.757,224.757,224.757,224.757,24
07.10.2024 15:54:05.000,224.767,224.767,224.767,224.767,12
07.10.2024 15:54:06.000,224.777,224.777,224.747,224.747,36
07.10.2024 15:54:07.000,224.757,224.757,224.756,224.756,48
07.10.2024 15:54:08.000,224.767,224.767,224.766,224.766,24
07.10.2024 15:54:09.000,224.776,224.777,224.776,224.777,24
07.10.2024 15:54:10.000,224.776,224.776,224.767,224.767,24
07.10.2024 15:54:12.000,224.776,224.776,224.776,224.776,12
07.10.2024 15:54:13.000,224.787,224.796,224.787,224.796,24
07.10.2024 15:54:14.000,224.807,224.827,224.807,224.817,36
07.10.2024 15:54:15.000,224.826,224.826,224.826,224.826,12
07.10.2024 15:54:16.000,224.826,224.826,224.826,224.826,12
07.10.2024 15:54:19.000,224.856,224.856,224.856,224.856,12
07.10.2024 15:54:20.000,224.867,224.867,224.867,224.867,36
07.10.2024 15:54:22.000,224.877,224.877,224.877,224.877,12
07.10.2024 15:54:23.000,224.877,224.877,224.877,224.877,24
07.10.2024 15:54:24.000,224.886,224.886,224.886,224.886,24
07.10.2024 15:54:27.000,224.887,224.887,224.886,224.886,24
07.10.2024 15:54:29.000,224.897,224.897,224.897,224.897,12
07.10.2024 15:54:31.000,224.896,224.896,224.896,224.896,24
07.10.2024 15:54:32.000,224.886,224.887,224.886,224.887,24
07.10.2024 15:54:34.000,224.887,224.887,224.886,224.886,24
07.10.2024 15:54:35.000,224.897,224.897,224.887,224.887,36
07.10.2024 15:54:36.000,224.907,224.907,224.897,224.897,24
07.10.2024 15:54:46.000,224.897,224.897,224.897,224.897,12
07.10.2024 15:54:47.000,224.897,224.897,224.897,224.897,12
07.10.2024 15:54:48.000,224.907,224.907,224.896,224.896,24
07.10.2024 15:54:49.000,224.917,224.917,224.917,224.917,12
07.10.2024 15:54:50.000,224.907,224.907,224.907,224.907,12
07.10.2024 15:54:51.000,224.917,224.917,224.917,224.917,12
07.10.2024 15:54:55.000,224.896,224.896,224.896,224.896,12
07.10.2024 15:54:58.000,224.896,224.896,224.896,224.896,12
07.10.2024 15:55:00.000,224.907,224.916,224.906,224.906,48
07.10.2024 15:55:02.000,224.897,224.897,224.846,224.846,48
07.10.2024 15:55:03.000,224.846,224.846,224.846,224.846,12
07.10.2024 15:55:04.000,224.836,224.837,224.806,224.826,84.00000000000001
07.10.2024 15:55:05.000,224.817,224.817,224.817,224.817,12
07.10.2024 15:55:06.000,224.816,224.827,224.816,224.827,36
07.10.2024 15:55:07.000,224.827,224.846,224.827,224.846,36
07.10.2024 15:55:08.000,224.837,224.837,224.837,224.837,12
07.10.2024 15:55:09.000,224.826,224.826,224.816,224.817,48
07.10.2024 15:55:10.000,224.807,224.807,224.786,224.807,48
07.10.2024 15:55:11.000,224.807,224.817,224.807,224.817,24
07.10.2024 15:55:12.000,224.816,224.817,224.816,224.817,24
07.10.2024 15:55:14.000,224.807,224.807,224.806,224.806,24
07.10.2024 15:55:15.000,224.806,224.806,224.806,224.806,12
07.10.2024 15:55:16.000,224.816,224.816,224.816,224.816,12
07.10.2024 15:55:17.000,224.817,224.817,224.817,224.817,12
07.10.2024 15:55:19.000,224.806,224.807,224.806,224.806,48
07.10.2024 15:55:22.000,224.817,224.817,224.806,224.807,48
07.10.2024 15:55:24.000,224.806,224.806,224.806,224.806,24
07.10.2024 15:55:26.000,224.807,224.807,224.806,224.807,36
07.10.2024 15:55:29.000,224.806,224.806,224.806,224.806,24
07.10.2024 15:55:30.000,224.817,224.817,224.807,224.807,24
07.10.2024 15:55:34.000,224.807,224.807,224.796,224.796,24
07.10.2024 15:55:35.000,224.796,224.797,224.796,224.797,24
07.10.2024 15:55:39.000,224.797,224.797,224.796,224.796,24
07.10.2024 15:55:40.000,224.797,224.797,224.796,224.796,36
07.10.2024 15:55:47.000,224.796,224.796,224.796,224.796,12
07.10.2024 15:55:49.000,224.786,224.786,224.786,224.786,12
07.10.2024 15:55:50.000,224.777,224.777,224.777,224.777,12
07.10.2024 15:55:51.000,224.786,224.786,224.776,224.776,24
07.10.2024 15:55:54.000,224.787,224.787,224.786,224.786,24
07.10.2024 15:55:55.000,224.806,224.806,224.806,224.806,12
07.10.2024 15:55:57.000,224.816,224.816,224.816,224.816,12
07.10.2024 15:55:58.000,224.806,224.806,224.806,224.806,12
07.10.2024 15:56:01.000,224.776,224.776,224.776,224.776,48
07.10.2024 15:56:02.000,224.787,224.787,224.787,224.787,12
07.10.2024 15:56:03.000,224.777,224.777,224.766,224.767,36
07.10.2024 15:56:06.000,224.766,224.766,224.766,224.766,12
07.10.2024 15:56:08.000,224.777,224.777,224.756,224.767,36
07.10.2024 15:56:09.000,224.767,224.767,224.766,224.766,24
07.10.2024 15:56:12.000,224.787,224.787,224.777,224.777,24
07.10.2024 15:56:13.000,224.776,224.776,224.776,224.776,12
07.10.2024 15:56:14.000,224.807,224.816,224.797,224.807,72
07.10.2024 15:56:15.000,224.817,224.817,224.817,224.817,12
07.10.2024 15:56:16.000,224.807,224.807,224.807,224.807,12
07.10.2024 15:56:17.000,224.806,224.806,224.806,224.806,12
07.10.2024 15:56:20.000,224.816,224.817,224.816,224.817,24
07.10.2024 15:56:25.000,224.837,224.837,224.837,224.837,12
07.10.2024 15:56:26.000,224.857,224.857,224.857,224.857,12
07.10.2024 15:56:27.000,224.837,224.837,224.837,224.837,12
07.10.2024 15:56:30.000,224.846,224.846,224.837,224.837,24
07.10.2024 15:56:31.000,224.836,224.857,224.836,224.857,36
07.10.2024 15:56:32.000,224.856,224.856,224.856,224.856,12
07.10.2024 15:56:34.000,224.876,224.876,224.876,224.876,12
07.10.2024 15:56:35.000,224.856,224.856,224.856,224.856,12
07.10.2024 15:56:37.000,224.877,224.877,224.877,224.877,12
07.10.2024 15:56:42.000,224.846,224.846,224.846,224.846,12
07.10.2024 15:56:44.000,224.846,224.846,224.846,224.846,12
07.10.2024 15:56:45.000,224.856,224.856,224.856,224.856,12
07.10.2024 15:56:46.000,224.847,224.847,224.847,224.847,60
07.10.2024 15:56:47.000,224.846,224.846,224.846,224.846,12
07.10.2024 15:56:48.000,224.847,224.847,224.847,224.847,12
07.10.2024 15:56:50.000,224.846,224.846,224.846,224.846,12
07.10.2024 15:56:51.000,224.837,224.837,224.837,224.837,12
07.10.2024 15:56:52.000,224.836,224.836,224.836,224.836,12
07.10.2024 15:56:53.000,224.846,224.856,224.837,224.856,36
07.10.2024 15:56:55.000,224.856,224.856,224.856,224.856,12
07.10.2024 15:56:59.000,224.867,224.867,224.867,224.867,12
07.10.2024 15:57:01.000,224.867,224.867,224.866,224.867,36
07.10.2024 15:57:04.000,224.856,224.857,224.856,224.856,36
07.10.2024 15:57:05.000,224.836,224.837,224.836,224.836,60
07.10.2024 15:57:06.000,224.837,224.837,224.837,224.837,24
07.10.2024 15:57:09.000,224.846,224.846,224.846,224.846,12
07.10.2024 15:57:10.000,224.846,224.846,224.836,224.836,24
07.10.2024 15:57:13.000,224.857,224.866,224.856,224.866,36
07.10.2024 15:57:14.000,224.867,224.867,224.867,224.867,12
07.10.2024 15:57:15.000,224.886,224.897,224.876,224.897,36
07.10.2024 15:57:19.000,224.906,224.907,224.906,224.907,24
07.10.2024 15:57:20.000,224.927,224.927,224.927,224.927,12
07.10.2024 15:57:21.000,224.917,224.917,224.917,224.917,24
07.10.2024 15:57:22.000,224.906,224.907,224.906,224.907,24
07.10.2024 15:57:23.000,224.907,224.907,224.906,224.906,36
07.10.2024 15:57:24.000,224.897,224.897,224.897,224.897,12
07.10.2024 15:57:25.000,224.907,224.907,224.907,224.907,12
07.10.2024 15:57:27.000,224.896,224.896,224.896,224.896,24
07.10.2024 15:57:28.000,224.897,224.897,224.897,224.897,24
07.10.2024 15:57:29.000,224.897,224.907,224.897,224.906,36
07.10.2024 15:57:30.000,224.896,224.896,224.896,224.896,12
07.10.2024 15:57:34.000,224.897,224.897,224.897,224.897,12
07.10.2024 15:57:35.000,224.896,224.896,224.896,224.896,12
07.10.2024 15:57:39.000,224.907,224.907,224.907,224.907,12
07.10.2024 15:57:40.000,224.897,224.897,224.897,224.897,12
07.10.2024 15:57:41.000,224.906,224.906,224.906,224.906,12
07.10.2024 15:57:42.000,224.897,224.897,224.897,224.897,12
07.10.2024 15:57:45.000,224.907,224.907,224.907,224.907,24
07.10.2024 15:57:46.000,224.896,224.896,224.896,224.896,12
07.10.2024 15:57:49.000,224.907,224.907,224.906,224.906,24
07.10.2024 15:57:53.000,224.906,224.906,224.906,224.906,24
07.10.2024 15:57:54.000,224.917,224.917,224.917,224.917,12
07.10.2024 15:57:56.000,224.917,224.917,224.907,224.907,36
07.10.2024 15:57:59.000,224.916,224.926,224.916,224.926,24
07.10.2024 15:58:01.000,224.936,224.936,224.936,224.936,12
07.10.2024 15:58:02.000,224.927,224.927,224.927,224.927,12
07.10.2024 15:58:03.000,224.937,224.947,224.937,224.937,36
07.10.2024 15:58:04.000,224.936,224.936,224.936,224.936,12
07.10.2024 15:58:05.000,224.947,224.947,224.947,224.947,12
07.10.2024 15:58:07.000,224.916,224.916,224.916,224.916,12
07.10.2024 15:58:08.000,224.916,224.926,224.916,224.926,24
07.10.2024 15:58:09.000,224.917,224.917,224.917,224.917,12
07.10.2024 15:58:11.000,224.927,224.927,224.916,224.916,24
07.10.2024 15:58:12.000,224.906,224.906,224.897,224.897,24
07.10.2024 15:58:13.000,224.896,224.896,224.896,224.896,24
07.10.2024 15:58:14.000,224.907,224.907,224.906,224.906,36
07.10.2024 15:58:15.000,224.896,224.896,224.896,224.896,12
07.10.2024 15:58:17.000,224.897,224.897,224.897,224.897,12
07.10.2024 15:58:19.000,224.886,224.887,224.877,224.877,36
07.10.2024 15:58:20.000,224.877,224.877,224.877,224.877,12
07.10.2024 15:58:26.000,224.876,224.897,224.876,224.897,36
07.10.2024 15:58:27.000,224.897,224.897,224.896,224.896,24
07.10.2024 15:58:30.000,224.876,224.876,224.876,224.876,12
07.10.2024 15:58:31.000,224.877,224.877,224.877,224.877,12
07.10.2024 15:58:32.000,224.897,224.897,224.897,224.897,12
07.10.2024 15:58:33.000,224.886,224.886,224.886,224.886,12
07.10.2024 15:58:34.000,224.877,224.877,224.877,224.877,12
07.10.2024 15:58:35.000,224.876,224.886,224.876,224.877,36
07.10.2024 15:58:36.000,224.877,224.877,224.877,224.877,12
07.10.2024 15:58:37.000,224.887,224.887,224.887,224.887,12
07.10.2024 15:58:38.000,224.886,224.886,224.877,224.877,24
07.10.2024 15:58:39.000,224.877,224.877,224.877,224.877,12
07.10.2024 15:58:41.000,224.877,224.877,224.876,224.876,24
07.10.2024 15:58:44.000,224.877,224.877,224.877,224.877,24
07.10.2024 15:58:45.000,224.877,224.877,224.876,224.876,24
07.10.2024 15:58:46.000,224.886,224.886,224.876,224.876,24
07.10.2024 15:58:48.000,224.887,224.887,224.876,224.876,24
07.10.2024 15:58:49.000,224.886,224.886,224.886,224.886,12
07.10.2024 15:58:50.000,224.877,224.877,224.877,224.877,12
07.10.2024 15:58:52.000,224.877,224.887,224.876,224.877,48
07.10.2024 15:58:53.000,224.886,224.886,224.886,224.886,12
07.10.2024 15:59:00.000,224.887,224.897,224.887,224.897,24
07.10.2024 15:59:01.000,224.886,224.896,224.886,224.896,24
07.10.2024 15:59:02.000,224.887,224.887,224.887,224.887,12
07.10.2024 15:59:04.000,224.896,224.896,224.896,224.896,12
07.10.2024 15:59:05.000,224.886,224.897,224.886,224.886,36
07.10.2024 15:59:07.000,224.897,224.897,224.886,224.886,24
07.10.2024 15:59:08.000,224.886,224.886,224.886,224.886,12
07.10.2024 15:59:09.000,224.886,224.886,224.886,224.886,12
07.10.2024 15:59:12.000,224.897,224.897,224.897,224.897,12
07.10.2024 15:59:13.000,224.886,224.886,224.886,224.886,12
07.10.2024 15:59:14.000,224.886,224.896,224.886,224.886,36
07.10.2024 15:59:18.000,224.887,224.896,224.887,224.887,36
07.10.2024 15:59:19.000,224.907,224.907,224.907,224.907,12
07.10.2024 15:59:20.000,224.907,224.907,224.907,224.907,12
07.10.2024 15:59:21.000,224.907,224.907,224.877,224.877,36
07.10.2024 15:59:24.000,224.877,224.877,224.856,224.856,48
07.10.2024 15:59:32.000,224.866,224.867,224.856,224.856,48
07.10.2024 15:59:33.000,224.857,224.857,224.857,224.857,24
07.10.2024 15:59:34.000,224.857,224.857,224.856,224.856,24
07.10.2024 15:59:35.000,224.867,224.867,224.856,224.856,36
07.10.2024 15:59:36.000,224.877,224.877,224.877,224.877,12
07.10.2024 15:59:39.000,224.886,224.886,224.876,224.876,36
07.10.2024 15:59:40.000,224.876,224.876,224.876,224.876,12
07.10.2024 15:59:41.000,224.876,224.876,224.876,224.876,24
07.10.2024 15:59:43.000,224.887,224.887,224.887,224.887,12
07.10.2024 15:59:51.000,224.897,224.897,224.897,224.897,12
07.10.2024 15:59:52.000,224.886,224.886,224.886,224.886,24
07.10.2024 15:59:53.000,224.867,224.867,224.867,224.867,12
07.10.2024 15:59:56.000,224.876,224.876,224.876,224.876,12
07.10.2024 15:59:57.000,224.877,224.877,224.877,224.877,12
07.10.2024 15:59:58.000,224.877,224.877,224.877,224.877,12
07.10.2024 16:00:00.000,224.876,224.877,224.876,224.877,24
07.10.2024 16:00:01.000,224.876,224.876,224.876,224.876,12
07.10.2024 16:00:02.000,224.857,224.857,224.827,224.827,48
07.10.2024 16:00:03.000,224.836,224.836,224.836,224.836,12
07.10.2024 16:00:04.000,224.847,224.847,224.847,224.847,12
07.10.2024 16:00:05.000,224.857,224.857,224.857,224.857,12
07.10.2024 16:00:10.000,224.847,224.847,224.836,224.836,24
07.10.2024 16:00:11.000,224.836,224.836,224.836,224.836,12
07.10.2024 16:00:12.000,224.846,224.846,224.846,224.846,12
07.10.2024 16:00:13.000,224.837,224.837,224.836,224.836,24
07.10.2024 16:00:14.000,224.847,224.847,224.837,224.837,24
07.10.2024 16:00:15.000,224.837,224.837,224.836,224.836,48
07.10.2024 16:00:16.000,224.836,224.847,224.836,224.847,36
07.10.2024 16:00:17.000,224.837,224.837,224.837,224.837,24
07.10.2024 16:00:18.000,224.846,224.846,224.846,224.846,12
07.10.2024 16:00:19.000,224.856,224.867,224.856,224.867,36
07.10.2024 16:00:20.000,224.876,224.876,224.866,224.866,24
07.10.2024 16:00:21.000,224.866,224.866,224.866,224.866,24
07.10.2024 16:00:25.000,224.856,224.856,224.846,224.846,48
07.10.2024 16:00:26.000,224.846,224.857,224.846,224.857,24
07.10.2024 16:00:28.000,224.866,224.867,224.856,224.856,72
07.10.2024 16:00:29.000,224.856,224.857,224.856,224.857,36
07.10.2024 16:00:30.000,224.846,224.847,224.846,224.847,36
07.10.2024 16:00:31.000,224.847,224.847,224.846,224.847,48
07.10.2024 16:00:32.000,224.846,224.847,224.846,224.847,84.00000000000001
07.10.2024 16:00:33.000,224.847,224.847,224.847,224.847,24
07.10.2024 16:00:34.000,224.867,224.867,224.867,224.867,12
07.10.2024 16:00:37.000,224.847,224.847,224.846,224.846,60
07.10.2024 16:00:38.000,224.857,224.857,224.847,224.847,36
07.10.2024 16:00:39.000,224.847,224.847,224.847,224.847,12
07.10.2024 16:00:41.000,224.856,224.867,224.856,224.867,24
07.10.2024 16:00:42.000,224.846,224.846,224.846,224.846,24
07.10.2024 16:00:44.000,224.847,224.847,224.846,224.846,24
07.10.2024 16:00:45.000,224.847,224.847,224.846,224.847,48
07.10.2024 16:00:46.000,224.846,224.847,224.846,224.847,36
07.10.2024 16:00:49.000,224.846,224.846,224.846,224.846,12
07.10.2024 16:00:50.000,224.847,224.847,224.847,224.847,24
07.10.2024 16:00:52.000,224.876,224.876,224.876,224.876,12
07.10.2024 16:00:53.000,224.886,224.917,224.886,224.917,48
07.10.2024 16:00:55.000,224.916,224.917,224.916,224.917,24
07.10.2024 16:01:02.000,224.897,224.897,224.887,224.887,24
07.10.2024 16:01:03.000,224.896,224.906,224.896,224.906,24
07.10.2024 16:01:04.000,224.896,224.896,224.896,224.896,24
07.10.2024 16:01:05.000,224.896,224.896,224.896,224.896,12
07.10.2024 16:01:07.000,224.887,224.887,224.887,224.887,12
07.10.2024 16:01:10.000,224.886,224.886,224.886,224.886,12
07.10.2024 16:01:13.000,224.876,224.876,224.876,224.876,12
07.10.2024 16:01:16.000,224.877,224.877,224.877,224.877,12
07.10.2024 16:01:17.000,224.866,224.866,224.866,224.866,12
07.10.2024 16:01:19.000,224.846,224.846,224.846,224.846,12
07.10.2024 16:01:20.000,224.846,224.847,224.846,224.847,24
07.10.2024 16:01:21.000,224.846,224.847,224.826,224.826,36
07.10.2024 16:01:22.000,224.816,224.816,224.816,224.816,12
07.10.2024 16:01:23.000,224.827,224.827,224.807,224.807,60
07.10.2024 16:01:24.000,224.807,224.807,224.797,224.797,36
07.10.2024 16:01:25.000,224.806,224.806,224.796,224.796,24
07.10.2024 16:01:26.000,224.796,224.797,224.796,224.797,36
07.10.2024 16:01:27.000,224.796,224.806,224.796,224.806,36
07.10.2024 16:01:28.000,224.817,224.817,224.797,224.797,36
07.10.2024 16:01:29.000,224.816,224.816,224.816,224.816,24
07.10.2024 16:01:30.000,224.816,224.817,224.797,224.797,60
07.10.2024 16:01:31.000,224.797,224.797,224.797,224.797,24
07.10.2024 16:01:32.000,224.807,224.807,224.807,224.807,24
07.10.2024 16:01:33.000,224.806,224.837,224.806,224.826,72
07.10.2024 16:01:34.000,224.836,224.836,224.826,224.826,24
07.10.2024 16:01:35.000,224.836,224.837,224.836,224.837,24
07.10.2024 16:01:36.000,224.837,224.837,224.827,224.836,36
07.10.2024 16:01:39.000,224.826,224.827,224.826,224.827,36
07.10.2024 16:01:40.000,224.836,224.836,224.836,224.836,12
07.10.2024 16:01:41.000,224.827,224.827,224.827,224.827,12
07.10.2024 16:01:42.000,224.836,224.837,224.836,224.837,48
07.10.2024 16:01:43.000,224.837,224.847,224.836,224.837,48
07.10.2024 16:01:45.000,224.847,224.847,224.847,224.847,12
07.10.2024 16:01:46.000,224.847,224.847,224.846,224.846,48
07.10.2024 16:01:47.000,224.847,224.847,224.846,224.846,24
07.10.2024 16:01:49.000,224.847,224.847,224.846,224.846,24
07.10.2024 16:01:51.000,224.847,224.847,224.846,224.847,48
07.10.2024 16:01:52.000,224.856,224.856,224.856,224.856,12
07.10.2024 16:01:53.000,224.857,224.866,224.857,224.866,24
07.10.2024 16:01:55.000,224.857,224.857,224.846,224.846,60
07.10.2024 16:01:56.000,224.856,224.856,224.856,224.856,12
07.10.2024 16:01:57.000,224.856,224.856,224.856,224.856,12
07.10.2024 16:01:58.000,224.846,224.847,224.846,224.847,24
07.10.2024 16:02:00.000,224.847,224.847,224.847,224.847,12
07.10.2024 16:02:01.000,224.857,224.857,224.857,224.857,12
07.10.2024 16:02:02.000,224.867,224.867,224.856,224.866,36
07.10.2024 16:02:03.000,224.867,224.867,224.867,224.867,12
07.10.2024 16:02:04.000,224.856,224.856,224.856,224.856,12
07.10.2024 16:02:06.000,224.876,224.887,224.867,224.887,36
07.10.2024 16:02:07.000,224.886,224.897,224.886,224.887,36
07.10.2024 16:02:08.000,224.877,224.877,224.877,224.877,24
07.10.2024 16:02:09.000,224.876,224.876,224.876,224.876,48
07.10.2024 16:02:10.000,224.876,224.876,224.856,224.856,24
07.10.2024 16:02:14.000,224.857,224.857,224.856,224.856,36
07.10.2024 16:02:16.000,224.846,224.846,224.846,224.846,12
07.10.2024 16:02:17.000,224.847,224.857,224.847,224.857,96
07.10.2024 16:02:18.000,224.867,224.867,224.867,224.867,12
07.10.2024 16:02:19.000,224.857,224.857,224.857,224.857,12
07.10.2024 16:02:20.000,224.856,224.856,224.856,224.856,12
07.10.2024 16:02:21.000,224.856,224.856,224.846,224.846,36
07.10.2024 16:02:22.000,224.837,224.837,224.837,224.837,24
07.10.2024 16:02:23.000,224.827,224.827,224.816,224.816,60
07.10.2024 16:02:24.000,224.816,224.817,224.767,224.767,72
07.10.2024 16:02:25.000,224.756,224.757,224.747,224.747,72
07.10.2024 16:02:26.000,224.756,224.757,224.756,224.757,24
07.10.2024 16:02:27.000,224.766,224.766,224.766,224.766,12
07.10.2024 16:02:28.000,224.776,224.776,224.766,224.766,24
07.10.2024 16:02:30.000,224.776,224.776,224.776,224.776,24
07.10.2024 16:02:31.000,224.777,224.777,224.777,224.777,12
07.10.2024 16:02:35.000,224.797,224.797,224.797,224.797,12
07.10.2024 16:02:36.000,224.797,224.797,224.797,224.797,24
07.10.2024 16:02:44.000,224.797,224.797,224.796,224.797,48
07.10.2024 16:02:45.000,224.796,224.796,224.796,224.796,12
07.10.2024 16:02:46.000,224.797,224.797,224.797,224.797,12
07.10.2024 16:02:47.000,224.797,224.797,224.776,224.776,24
07.10.2024 16:02:48.000,224.777,224.777,224.777,224.777,24
07.10.2024 16:02:49.000,224.756,224.756,224.746,224.746,24
07.10.2024 16:02:50.000,224.747,224.747,224.746,224.746,24
07.10.2024 16:02:51.000,224.747,224.747,224.747,224.747,72
07.10.2024 16:02:52.000,224.757,224.757,224.747,224.747,60
07.10.2024 16:02:53.000,224.746,224.747,224.746,224.746,60
07.10.2024 16:02:54.000,224.757,224.757,224.757,224.757,12
07.10.2024 16:02:55.000,224.757,224.757,224.757,224.757,12
07.10.2024 16:02:56.000,224.777,224.777,224.767,224.767,24
07.10.2024 16:02:58.000,224.787,224.787,224.777,224.777,24
07.10.2024 16:02:59.000,224.787,224.787,224.777,224.777,24
07.10.2024 16:03:03.000,224.766,224.766,224.766,224.766,12
07.10.2024 16:03:04.000,224.776,224.777,224.776,224.777,24
07.10.2024 16:03:05.000,224.776,224.786,224.776,224.777,84.00000000000001
07.10.2024 16:03:08.000,224.787,224.787,224.787,224.787,12
07.10.2024 16:03:09.000,224.776,224.776,224.776,224.776,12
07.10.2024 16:03:11.000,224.756,224.756,224.756,224.756,12
07.10.2024 16:03:12.000,224.757,224.757,224.757,224.757,12
07.10.2024 16:03:14.000,224.757,224.766,224.757,224.766,48
07.10.2024 16:03:15.000,224.766,224.766,224.766,224.766,12
07.10.2024 16:03:16.000,224.767,224.777,224.767,224.777,36
07.10.2024 16:03:17.000,224.776,224.776,224.776,224.776,12
07.10.2024 16:03:20.000,224.756,224.757,224.756,224.756,36
07.10.2024 16:03:22.000,224.766,224.766,224.756,224.756,36
07.10.2024 16:03:23.000,224.756,224.756,224.756,224.756,12
07.10.2024 16:03:26.000,224.736,224.746,224.736,224.746,24
07.10.2024 16:03:27.000,224.747,224.747,224.746,224.746,24
07.10.2024 16:03:30.000,224.747,224.757,224.747,224.747,36
07.10.2024 16:03:31.000,224.736,224.737,224.736,224.737,24
07.10.2024 16:03:34.000,224.736,224.736,224.716,224.716,24
07.10.2024 16:03:35.000,224.727,224.727,224.727,224.727,12
07.10.2024 16:03:37.000,224.736,224.736,224.736,224.736,24
07.10.2024 16:03:39.000,224.746,224.746,224.746,224.746,12
07.10.2024 16:03:40.000,224.746,224.746,224.746,224.746,12
07.10.2024 16:03:41.000,224.747,224.747,224.747,224.747,12
07.10.2024 16:03:46.000,224.746,224.746,224.746,224.746,24
07.10.2024 16:03:57.000,224.717,224.727,224.716,224.716,48
07.10.2024 16:03:58.000,224.716,224.716,224.716,224.716,36
07.10.2024 16:04:00.000,224.707,224.707,224.707,224.707,12
07.10.2024 16:04:01.000,224.707,224.707,224.706,224.706,24
07.10.2024 16:04:03.000,224.707,224.717,224.706,224.706,60
07.10.2024 16:04:04.000,224.717,224.717,224.697,224.697,60
07.10.2024 16:04:05.000,224.696,224.696,224.696,224.696,12
07.10.2024 16:04:09.000,224.687,224.697,224.686,224.697,60
07.10.2024 16:04:11.000,224.706,224.706,224.706,224.706,24
07.10.2024 16:04:13.000,224.706,224.706,224.706,224.706,12
07.10.2024 16:04:16.000,224.716,224.716,224.716,224.716,12
07.10.2024 16:04:17.000,224.706,224.706,224.706,224.706,12
07.10.2024 16:04:18.000,224.716,224.727,224.716,224.727,24
07.10.2024 16:04:19.000,224.716,224.716,224.707,224.707,24
07.10.2024 16:04:20.000,224.707,224.707,224.707,224.707,12
07.10.2024 16:04:21.000,224.707,224.707,224.706,224.706,24
07.10.2024 16:04:23.000,224.706,224.716,224.706,224.716,24
07.10.2024 16:04:27.000,224.726,224.726,224.726,224.726,12
07.10.2024 16:04:29.000,224.736,224.736,224.736,224.736,12
07.10.2024 16:04:30.000,224.727,224.727,224.727,224.727,12
07.10.2024 16:04:35.000,224.707,224.707,224.707,224.707,12
07.10.2024 16:04:38.000,224.717,224.717,224.717,224.717,12
07.10.2024 16:04:39.000,224.717,224.717,224.706,224.706,24
07.10.2024 16:04:40.000,224.706,224.706,224.706,224.706,12
07.10.2024 16:04:41.000,224.727,224.727,224.727,224.727,12
07.10.2024 16:04:45.000,224.716,224.716,224.716,224.716,12
07.10.2024 16:04:48.000,224.717,224.717,224.717,224.717,12
07.10.2024 16:04:50.000,224.737,224.737,224.737,224.737,12
07.10.2024 16:04:51.000,224.717,224.717,224.717,224.717,12
07.10.2024 16:04:52.000,224.726,224.726,224.716,224.716,24
07.10.2024 16:04:53.000,224.707,224.707,224.707,224.707,12
07.10.2024 16:04:56.000,224.727,224.727,224.706,224.706,36
07.10.2024 16:04:59.000,224.707,224.707,224.707,224.707,12
07.10.2024 16:05:01.000,224.716,224.716,224.707,224.707,24
07.10.2024 16:05:02.000,224.736,224.736,224.736,224.736,12
07.10.2024 16:05:03.000,224.727,224.727,224.727,224.727,12
07.10.2024 16:05:04.000,224.737,224.737,224.737,224.737,12
07.10.2024 16:05:06.000,224.716,224.716,224.707,224.707,24
07.10.2024 16:05:07.000,224.706,224.706,224.706,224.706,12
07.10.2024 16:05:08.000,224.687,224.687,224.687,224.687,12
07.10.2024 16:05:09.000,224.687,224.687,224.657,224.657,24
07.10.2024 16:05:10.000,224.657,224.666,224.657,224.666,24
07.10.2024 16:05:13.000,224.667,224.667,224.667,224.667,12
07.10.2024 16:05:14.000,224.667,224.667,224.667,224.667,12
07.10.2024 16:05:17.000,224.676,224.676,224.676,224.676,12
07.10.2024 16:05:18.000,224.677,224.677,224.677,224.677,12
07.10.2024 16:05:19.000,224.677,224.677,224.657,224.657,36
07.10.2024 16:05:20.000,224.626,224.647,224.626,224.647,60
07.10.2024 16:05:21.000,224.656,224.657,224.647,224.647,36
07.10.2024 16:05:22.000,224.637,224.637,224.637,224.637,12
07.10.2024 16:05:23.000,224.657,224.657,224.656,224.656,24
07.10.2024 16:05:24.000,224.636,224.636,224.636,224.636,12
07.10.2024 16:05:26.000,224.666,224.666,224.666,224.666,12
07.10.2024 16:05:27.000,224.656,224.656,224.656,224.656,12
07.10.2024 16:05:28.000,224.647,224.656,224.647,224.656,24
07.10.2024 16:05:29.000,224.676,224.676,224.657,224.657,24
07.10.2024 16:05:30.000,224.656,224.677,224.656,224.657,36
07.10.2024 16:05:32.000,224.666,224.666,224.656,224.656,24
07.10.2024 16:05:33.000,224.647,224.647,224.647,224.647,12
07.10.2024 16:05:34.000,224.646,224.646,224.637,224.637,24
07.10.2024 16:05:36.000,224.647,224.647,224.647,224.647,12
07.10.2024 16:05:37.000,224.637,224.637,224.637,224.637,12
07.10.2024 16:05:38.000,224.647,224.647,224.647,224.647,24
07.10.2024 16:05:40.000,224.647,224.647,224.647,224.647,12
07.10.2024 16:05:42.000,224.637,224.637,224.637,224.637,24
07.10.2024 16:05:43.000,224.647,224.647,224.637,224.637,24
07.10.2024 16:05:47.000,224.637,224.637,224.637,224.637,12
07.10.2024 16:05:48.000,224.657,224.657,224.657,224.657,12
07.10.2024 16:05:49.000,224.656,224.656,224.646,224.646,24
07.10.2024 16:05:51.000,224.637,224.637,224.637,224.637,24
07.10.2024 16:05:53.000,224.637,224.637,224.637,224.637,12
07.10.2024 16:05:54.000,224.616,224.616,224.616,224.616,12
07.10.2024 16:05:56.000,224.606,224.606,224.606,224.606,12
07.10.2024 16:06:00.000,224.617,224.617,224.606,224.606,36
07.10.2024 16:06:01.000,224.606,224.606,224.606,224.606,12
07.10.2024 16:06:02.000,224.607,224.607,224.587,224.587,24
07.10.2024 16:06:03.000,224.556,224.556,224.556,224.556,12
07.10.2024 16:06:04.000,224.556,224.577,224.556,224.567,84.00000000000001
07.10.2024 16:06:05.000,224.557,224.557,224.557,224.557,12
07.10.2024 16:06:06.000,224.567,224.567,224.567,224.567,12
07.10.2024 16:06:09.000,224.567,224.577,224.567,224.577,36
07.10.2024 16:06:10.000,224.587,224.587,224.587,224.587,36
07.10.2024 16:06:11.000,224.577,224.577,224.577,224.577,12
07.10.2024 16:06:12.000,224.586,224.586,224.576,224.576,24
07.10.2024 16:06:14.000,224.566,224.576,224.566,224.566,48
07.10.2024 16:06:15.000,224.586,224.586,224.567,224.567,36
07.10.2024 16:06:18.000,224.587,224.587,224.576,224.576,24
07.10.2024 16:06:21.000,224.587,224.587,224.587,224.587,12
07.10.2024 16:06:25.000,224.567,224.567,224.567,224.567,12
07.10.2024 16:06:26.000,224.567,224.567,224.567,224.567,12
07.10.2024 16:06:27.000,224.576,224.576,224.567,224.567,24
07.10.2024 16:06:28.000,224.577,224.577,224.566,224.566,24
07.10.2024 16:06:29.000,224.576,224.576,224.576,224.576,12
07.10.2024 16:06:31.000,224.576,224.577,224.576,224.577,24
07.10.2024 16:06:32.000,224.567,224.577,224.567,224.567,36
07.10.2024 16:06:33.000,224.587,224.587,224.566,224.567,36
07.10.2024 16:06:34.000,224.557,224.557,224.557,224.557,12
07.10.2024 16:06:35.000,224.546,224.546,224.546,224.546,12
07.10.2024 16:06:38.000,224.537,224.537,224.507,224.507,60
07.10.2024 16:06:39.000,224.526,224.526,224.506,224.506,24
07.10.2024 16:06:41.000,224.526,224.526,224.526,224.526,12
07.10.2024 16:06:42.000,224.527,224.527,224.527,224.527,12
07.10.2024 16:06:44.000,224.506,224.507,224.506,224.507,36
07.10.2024 16:06:49.000,224.516,224.517,224.506,224.507,48
07.10.2024 16:06:50.000,224.506,224.506,224.506,224.506,12
07.10.2024 16:06:52.000,224.506,224.507,224.506,224.507,24
07.10.2024 16:06:53.000,224.516,224.516,224.506,224.506,24
07.10.2024 16:06:55.000,224.507,224.507,224.507,224.507,12
07.10.2024 16:06:57.000,224.507,224.507,224.507,224.507,12
07.10.2024 16:06:58.000,224.497,224.497,224.486,224.486,24
07.10.2024 16:06:59.000,224.487,224.487,224.487,224.487,12
07.10.2024 16:07:00.000,224.487,224.487,224.487,224.487,12
07.10.2024 16:07:01.000,224.496,224.496,224.496,224.496,12
07.10.2024 16:07:04.000,224.497,224.497,224.496,224.496,24
07.10.2024 16:07:05.000,224.537,224.537,224.526,224.526,24
07.10.2024 16:07:06.000,224.537,224.537,224.537,224.537,12
07.10.2024 16:07:07.000,224.527,224.527,224.527,224.527,12
07.10.2024 16:07:08.000,224.527,224.527,224.527,224.527,12
07.10.2024 16:07:10.000,224.526,224.526,224.526,224.526,12
07.10.2024 16:07:11.000,224.517,224.517,224.517,224.517,12
07.10.2024 16:07:12.000,224.507,224.507,224.507,224.507,12
07.10.2024 16:07:15.000,224.527,224.527,224.527,224.527,12
07.10.2024 16:07:17.000,224.546,224.546,224.546,224.546,12
07.10.2024 16:07:18.000,224.536,224.536,224.536,224.536,12
07.10.2024 16:07:22.000,224.547,224.547,224.536,224.537,48
07.10.2024 16:07:24.000,224.547,224.547,224.527,224.527,24
07.10.2024 16:07:25.000,224.547,224.547,224.547,224.547,12
07.10.2024 16:07:40.000,224.526,224.527,224.526,224.527,24
07.10.2024 16:07:45.000,224.526,224.526,224.526,224.526,12
07.10.2024 16:07:48.000,224.526,224.526,224.526,224.526,12
07.10.2024 16:07:50.000,224.527,224.546,224.527,224.546,24
07.10.2024 16:08:17.000,224.556,224.556,224.556,224.556,24
07.10.2024 16:08:18.000,224.567,224.567,224.556,224.556,24
07.10.2024 16:08:20.000,224.567,224.577,224.567,224.577,24
07.10.2024 16:08:21.000,224.566,224.566,224.566,224.566,12
07.10.2024 16:08:22.000,224.576,224.576,224.557,224.557,24
07.10.2024 16:08:23.000,224.547,224.547,224.547,224.547,24
07.10.2024 16:08:24.000,224.557,224.557,224.546,224.546,48
07.10.2024 16:08:28.000,224.547,224.547,224.547,224.547,12
07.10.2024 16:08:30.000,224.546,224.547,224.546,224.547,24
07.10.2024 16:08:31.000,224.536,224.537,224.536,224.536,36
07.10.2024 16:08:32.000,224.546,224.547,224.536,224.546,48
07.10.2024 16:08:34.000,224.537,224.537,224.537,224.537,12
07.10.2024 16:08:35.000,224.537,224.557,224.537,224.547,48
07.10.2024 16:08:36.000,224.546,224.546,224.546,224.546,12
07.10.2024 16:08:37.000,224.546,224.556,224.546,224.556,24
07.10.2024 16:08:38.000,224.567,224.567,224.546,224.547,48
07.10.2024 16:08:40.000,224.547,224.547,224.547,224.547,24
07.10.2024 16:08:41.000,224.557,224.557,224.557,224.557,36
07.10.2024 16:08:43.000,224.547,224.547,224.547,224.547,12
07.10.2024 16:08:44.000,224.527,224.527,224.527,224.527,12
07.10.2024 16:08:47.000,224.527,224.527,224.517,224.517,36
07.10.2024 16:08:48.000,224.506,224.507,224.506,224.507,24
07.10.2024 16:08:49.000,224.506,224.506,224.506,224.506,12
07.10.2024 16:08:54.000,224.497,224.497,224.497,224.497,12
07.10.2024 16:08:56.000,224.497,224.497,224.497,224.497,12
07.10.2024 16:08:58.000,224.497,224.497,224.497,224.497,12
07.10.2024 16:08:59.000,224.507,224.517,224.496,224.496,36
07.10.2024 16:09:00.000,224.496,224.497,224.467,224.467,60
07.10.2024 16:09:01.000,224.456,224.456,224.436,224.446,48
07.10.2024 16:09:02.000,224.446,224.466,224.446,224.457,72
07.10.2024 16:09:04.000,224.467,224.467,224.456,224.457,36
07.10.2024 16:09:05.000,224.457,224.457,224.457,224.457,12
07.10.2024 16:09:06.000,224.447,224.447,224.447,224.447,12
07.10.2024 16:09:07.000,224.427,224.437,224.426,224.437,48
07.10.2024 16:09:08.000,224.437,224.437,224.436,224.436,24
07.10.2024 16:09:09.000,224.437,224.437,224.437,224.437,12
07.10.2024 16:09:11.000,224.426,224.426,224.416,224.416,36
07.10.2024 16:09:12.000,224.417,224.417,224.416,224.417,36
07.10.2024 16:09:13.000,224.427,224.427,224.426,224.426,24
07.10.2024 16:09:14.000,224.437,224.437,224.436,224.436,24
07.10.2024 16:09:15.000,224.436,224.437,224.436,224.436,48
07.10.2024 16:09:16.000,224.436,224.436,224.427,224.427,24
07.10.2024 16:09:17.000,224.427,224.427,224.426,224.426,36
07.10.2024 16:09:18.000,224.417,224.417,224.406,224.406,24
07.10.2024 16:09:20.000,224.396,224.396,224.377,224.377,36
07.10.2024 16:09:21.000,224.397,224.397,224.376,224.386,48
07.10.2024 16:09:22.000,224.376,224.377,224.367,224.367,36
07.10.2024 16:09:23.000,224.366,224.366,224.366,224.366,36
07.10.2024 16:09:24.000,224.377,224.377,224.376,224.376,24
07.10.2024 16:09:27.000,224.376,224.377,224.376,224.377,24
07.10.2024 16:09:28.000,224.377,224.387,224.376,224.387,36
07.10.2024 16:09:29.000,224.386,224.386,224.386,224.386,24
07.10.2024 16:09:31.000,224.367,224.367,224.367,224.367,24
07.10.2024 16:09:32.000,224.376,224.376,224.376,224.376,12
07.10.2024 16:09:33.000,224.367,224.387,224.366,224.377,48
07.10.2024 16:09:34.000,224.376,224.376,224.357,224.357,24
07.10.2024 16:09:35.000,224.356,224.356,224.356,224.356,24
07.10.2024 16:09:36.000,224.367,224.367,224.367,224.367,12
07.10.2024 16:09:37.000,224.356,224.356,224.347,224.347,24
07.10.2024 16:09:38.000,224.336,224.336,224.336,224.336,12
07.10.2024 16:09:40.000,224.326,224.336,224.326,224.336,24
07.10.2024 16:09:41.000,224.326,224.326,224.326,224.326,12
07.10.2024 16:09:42.000,224.337,224.337,224.336,224.336,24
07.10.2024 16:09:43.000,224.326,224.326,224.276,224.287,72
07.10.2024 16:09:44.000,224.296,224.316,224.296,224.316,48
07.10.2024 16:09:45.000,224.327,224.327,224.307,224.307,60
07.10.2024 16:09:46.000,224.307,224.307,224.296,224.296,36
07.10.2024 16:09:47.000,224.296,224.296,224.276,224.276,36
07.10.2024 16:09:48.000,224.286,224.287,224.286,224.287,24
07.10.2024 16:09:49.000,224.307,224.307,224.307,224.307,12
07.10.2024 16:09:51.000,224.277,224.277,224.277,224.277,12
07.10.2024 16:09:52.000,224.287,224.317,224.287,224.317,60
07.10.2024 16:09:53.000,224.306,224.306,224.306,224.306,12
07.10.2024 16:09:54.000,224.296,224.296,224.287,224.287,24
07.10.2024 16:09:55.000,224.276,224.276,224.276,224.276,12
07.10.2024 16:09:56.000,224.276,224.276,224.276,224.276,12
07.10.2024 16:09:57.000,224.277,224.277,224.277,224.277,24
07.10.2024 16:09:58.000,224.287,224.287,224.287,224.287,12
07.10.2024 16:10:01.000,224.266,224.266,224.226,224.236,48
07.10.2024 16:10:02.000,224.216,224.227,224.186,224.227,84.00000000000001
07.10.2024 16:10:03.000,224.216,224.216,224.206,224.206,24
07.10.2024 16:10:04.000,224.206,224.226,224.186,224.197,84.00000000000001
07.10.2024 16:10:05.000,224.197,224.197,224.187,224.187,36
07.10.2024 16:10:06.000,224.177,224.197,224.167,224.167,72
07.10.2024 16:10:07.000,224.147,224.147,224.116,224.117,96
07.10.2024 16:10:08.000,224.147,224.147,224.136,224.136,60
07.10.2024 16:10:09.000,224.126,224.136,224.116,224.116,108
07.10.2024 16:10:10.000,224.077,224.077,224.056,224.056,96
07.10.2024 16:10:11.000,224.056,224.057,224.056,224.057,24
07.10.2024 16:10:12.000,224.096,224.096,224.066,224.086,60
07.10.2024 16:10:13.000,224.086,224.097,224.086,224.086,60
07.10.2024 16:10:14.000,224.106,224.107,224.106,224.106,48
07.10.2024 16:10:15.000,224.116,224.156,224.107,224.107,60
07.10.2024 16:10:16.000,224.136,224.136,224.107,224.107,24
07.10.2024 16:10:17.000,224.106,224.166,224.106,224.156,60
07.10.2024 16:10:18.000,224.157,224.167,224.147,224.166,84.00000000000001
07.10.2024 16:10:19.000,224.137,224.186,224.137,224.157,72
07.10.2024 16:10:20.000,224.156,224.156,224.136,224.147,48
07.10.2024 16:10:21.000,224.167,224.167,224.167,224.167,12
07.10.2024 16:10:23.000,224.177,224.177,224.166,224.166,24
07.10.2024 16:10:25.000,224.166,224.166,224.127,224.127,48
07.10.2024 16:10:26.000,224.137,224.137,224.136,224.136,24
07.10.2024 16:10:27.000,224.127,224.127,224.127,224.127,12
07.10.2024 16:10:28.000,224.186,224.186,224.177,224.186,36
07.10.2024 16:10:29.000,224.207,224.217,224.207,224.217,24
07.10.2024 16:10:30.000,224.226,224.237,224.226,224.237,48
07.10.2024 16:10:31.000,224.237,224.237,224.226,224.226,36
07.10.2024 16:10:32.000,224.207,224.207,224.206,224.206,36
07.10.2024 16:10:33.000,224.216,224.226,224.206,224.206,48
07.10.2024 16:10:34.000,224.216,224.247,224.216,224.226,60
07.10.2024 16:10:35.000,224.256,224.267,224.256,224.267,24
07.10.2024 16:10:36.000,224.276,224.276,224.236,224.246,60
07.10.2024 16:10:37.000,224.246,224.256,224.237,224.237,36
07.10.2024 16:10:40.000,224.256,224.266,224.236,224.266,60
07.10.2024 16:10:41.000,224.267,224.267,224.267,224.267,12
07.10.2024 16:10:42.000,224.286,224.286,224.286,224.286,12
07.10.2024 16:10:44.000,224.306,224.306,224.306,224.306,12
07.10.2024 16:10:45.000,224.337,224.337,224.337,224.337,12
07.10.2024 16:10:47.000,224.347,224.347,224.336,224.336,24
07.10.2024 16:10:48.000,224.347,224.367,224.337,224.357,72
07.10.2024 16:10:49.000,224.336,224.336,224.336,224.336,12
07.10.2024 16:10:50.000,224.347,224.347,224.347,224.347,12
07.10.2024 16:10:53.000,224.337,224.337,224.336,224.336,24
07.10.2024 16:10:54.000,224.336,224.336,224.336,224.336,12
07.10.2024 16:10:55.000,224.357,224.357,224.356,224.356,24
07.10.2024 16:10:58.000,224.356,224.387,224.347,224.387,36
07.10.2024 16:11:00.000,224.387,224.387,224.387,224.387,12
07.10.2024 16:11:02.000,224.397,224.397,224.397,224.397,12
07.10.2024 16:11:03.000,224.387,224.396,224.386,224.396,48
07.10.2024 16:11:04.000,224.386,224.386,224.386,224.386,12
07.10.2024 16:11:05.000,224.386,224.386,224.367,224.367,36
07.10.2024 16:11:06.000,224.376,224.376,224.336,224.336,48
07.10.2024 16:11:07.000,224.346,224.346,224.337,224.337,24
07.10.2024 16:11:08.000,224.336,224.347,224.336,224.347,36
07.10.2024 16:11:09.000,224.346,224.346,224.346,224.346,12
07.10.2024 16:11:11.000,224.346,224.356,224.346,224.356,24
07.10.2024 16:11:12.000,224.356,224.367,224.356,224.356,36
07.10.2024 16:11:13.000,224.347,224.347,224.347,224.347,12
07.10.2024 16:11:14.000,224.346,224.367,224.346,224.367,36
07.10.2024 16:11:15.000,224.366,224.366,224.366,224.366,12
07.10.2024 16:11:17.000,224.336,224.336,224.296,224.296,36
07.10.2024 16:11:18.000,224.296,224.307,224.296,224.297,36
07.10.2024 16:11:19.000,224.327,224.327,224.327,224.327,24
07.10.2024 16:11:20.000,224.307,224.307,224.297,224.297,24
07.10.2024 16:11:21.000,224.297,224.297,224.297,224.297,12
07.10.2024 16:11:22.000,224.297,224.297,224.297,224.297,24
07.10.2024 16:11:23.000,224.316,224.327,224.316,224.317,36
07.10.2024 16:11:24.000,224.327,224.327,224.327,224.327,12
07.10.2024 16:11:25.000,224.316,224.327,224.316,224.327,24
07.10.2024 16:11:26.000,224.317,224.317,224.317,224.317,12
07.10.2024 16:11:28.000,224.327,224.327,224.327,224.327,12
07.10.2024 16:11:30.000,224.307,224.307,224.306,224.306,24
07.10.2024 16:11:31.000,224.306,224.306,224.296,224.296,24
07.10.2024 16:11:32.000,224.297,224.297,224.297,224.297,12
07.10.2024 16:11:33.000,224.297,224.337,224.296,224.337,36
07.10.2024 16:11:35.000,224.327,224.327,224.327,224.327,12
07.10.2024 16:11:36.000,224.326,224.327,224.326,224.326,36
07.10.2024 16:11:37.000,224.327,224.327,224.326,224.326,24
07.10.2024 16:11:38.000,224.327,224.327,224.327,224.327,12
07.10.2024 16:11:39.000,224.337,224.337,224.337,224.337,12
07.10.2024 16:11:40.000,224.346,224.346,224.346,224.346,12
07.10.2024 16:11:43.000,224.337,224.356,224.337,224.356,24
07.10.2024 16:11:44.000,224.367,224.367,224.367,224.367,12
07.10.2024 16:11:45.000,224.377,224.377,224.377,224.377,12
07.10.2024 16:11:46.000,224.367,224.367,224.367,224.367,24
07.10.2024 16:11:48.000,224.367,224.367,224.367,224.367,12
07.10.2024 16:11:49.000,224.377,224.377,224.377,224.377,12
07.10.2024 16:11:51.000,224.387,224.387,224.387,224.387,12
07.10.2024 16:11:55.000,224.386,224.386,224.386,224.386,12
07.10.2024 16:11:57.000,224.396,224.396,224.396,224.396,12
07.10.2024 16:12:00.000,224.386,224.386,224.386,224.386,12
07.10.2024 16:12:01.000,224.387,224.387,224.367,224.367,24
07.10.2024 16:12:02.000,224.366,224.366,224.366,224.366,12
07.10.2024 16:12:06.000,224.376,224.376,224.376,224.376,12
07.10.2024 16:12:08.000,224.366,224.366,224.366,224.366,24
07.10.2024 16:12:09.000,224.367,224.367,224.367,224.367,12
07.10.2024 16:12:12.000,224.377,224.387,224.377,224.387,24
07.10.2024 16:12:16.000,224.396,224.396,224.396,224.396,12
07.10.2024 16:12:17.000,224.417,224.417,224.417,224.417,24
07.10.2024 16:12:19.000,224.416,224.416,224.416,224.416,24
07.10.2024 16:12:29.000,224.417,224.417,224.417,224.417,12
07.10.2024 16:12:30.000,224.416,224.416,224.416,224.416,12
07.10.2024 16:12:32.000,224.427,224.427,224.427,224.427,12
07.10.2024 16:12:33.000,224.426,224.426,224.416,224.416,36
07.10.2024 16:12:35.000,224.386,224.386,224.386,224.386,12
07.10.2024 16:12:36.000,224.376,224.376,224.336,224.356,48
07.10.2024 16:12:37.000,224.367,224.367,224.346,224.346,60
07.10.2024 16:12:38.000,224.347,224.347,224.337,224.337,36
07.10.2024 16:12:39.000,224.317,224.327,224.316,224.327,36
07.10.2024 16:12:40.000,224.316,224.317,224.316,224.317,36
07.10.2024 16:12:41.000,224.306,224.327,224.306,224.327,36
07.10.2024 16:12:42.000,224.317,224.317,224.317,224.317,12
07.10.2024 16:12:43.000,224.316,224.316,224.286,224.286,36
07.10.2024 16:12:44.000,224.297,224.297,224.296,224.296,24
07.10.2024 16:12:45.000,224.307,224.307,224.286,224.286,36
07.10.2024 16:12:46.000,224.277,224.286,224.276,224.286,60
07.10.2024 16:12:47.000,224.286,224.287,224.286,224.287,48
07.10.2024 16:12:49.000,224.297,224.297,224.287,224.287,24
07.10.2024 16:12:50.000,224.307,224.307,224.297,224.297,36
07.10.2024 16:12:51.000,224.306,224.316,224.306,224.316,24
07.10.2024 16:12:52.000,224.336,224.346,224.316,224.346,48
07.10.2024 16:12:53.000,224.357,224.357,224.357,224.357,12
07.10.2024 16:12:54.000,224.356,224.356,224.356,224.356,12
07.10.2024 16:12:55.000,224.347,224.366,224.347,224.366,24
07.10.2024 16:12:56.000,224.386,224.386,224.386,224.386,12
07.10.2024 16:12:59.000,224.386,224.386,224.386,224.386,12
07.10.2024 16:13:05.000,224.396,224.397,224.386,224.397,36
07.10.2024 16:13:06.000,224.407,224.407,224.407,224.407,12
07.10.2024 16:13:09.000,224.396,224.426,224.396,224.426,24
07.10.2024 16:13:11.000,224.436,224.436,224.436,224.436,12
07.10.2024 16:13:13.000,224.426,224.426,224.426,224.426,12
07.10.2024 16:13:18.000,224.427,224.437,224.427,224.437,24
07.10.2024 16:13:19.000,224.427,224.427,224.427,224.427,12
07.10.2024 16:13:25.000,224.437,224.437,224.437,224.437,12
07.10.2024 16:13:27.000,224.447,224.447,224.437,224.437,36
07.10.2024 16:13:28.000,224.456,224.457,224.456,224.457,36
07.10.2024 16:13:29.000,224.457,224.457,224.457,224.457,12
07.10.2024 16:13:30.000,224.446,224.446,224.446,224.446,12
07.10.2024 16:13:31.000,224.446,224.486,224.446,224.466,84.00000000000001
07.10.2024 16:13:32.000,224.466,224.476,224.466,224.476,24
07.10.2024 16:13:33.000,224.476,224.476,224.476,224.476,12
07.10.2024 16:13:34.000,224.446,224.447,224.437,224.437,36
07.10.2024 16:13:36.000,224.437,224.437,224.437,224.437,12
07.10.2024 16:13:37.000,224.437,224.437,224.437,224.437,12
07.10.2024 16:13:38.000,224.426,224.426,224.426,224.426,12
07.10.2024 16:13:39.000,224.406,224.416,224.406,224.416,24
07.10.2024 16:13:41.000,224.437,224.437,224.437,224.437,12
07.10.2024 16:13:42.000,224.406,224.406,224.406,224.406,24
07.10.2024 16:13:43.000,224.426,224.426,224.426,224.426,12
07.10.2024 16:13:46.000,224.437,224.437,224.437,224.437,24
07.10.2024 16:13:47.000,224.447,224.447,224.437,224.437,24
07.10.2024 16:13:48.000,224.437,224.437,224.437,224.437,12
07.10.2024 16:13:50.000,224.437,224.437,224.437,224.437,12
07.10.2024 16:13:52.000,224.436,224.436,224.416,224.416,24
07.10.2024 16:13:53.000,224.416,224.416,224.416,224.416,12
07.10.2024 16:13:54.000,224.426,224.437,224.417,224.437,48
07.10.2024 16:13:55.000,224.427,224.427,224.427,224.427,12
07.10.2024 16:14:00.000,224.437,224.437,224.437,224.437,12
07.10.2024 16:14:01.000,224.436,224.436,224.436,224.436,12
07.10.2024 16:14:02.000,224.446,224.446,224.437,224.437,24
07.10.2024 16:14:03.000,224.437,224.437,224.437,224.437,12
07.10.2024 16:14:04.000,224.426,224.436,224.426,224.436,36
07.10.2024 16:14:05.000,224.457,224.457,224.456,224.456,24
07.10.2024 16:14:06.000,224.496,224.496,224.496,224.496,12
07.10.2024 16:14:09.000,224.506,224.506,224.506,224.506,12
07.10.2024 16:14:10.000,224.517,224.537,224.516,224.537,72
07.10.2024 16:14:13.000,224.536,224.536,224.536,224.536,12
07.10.2024 16:14:15.000,224.537,224.537,224.537,224.537,12
07.10.2024 16:14:18.000,224.536,224.536,224.536,224.536,12
07.10.2024 16:14:19.000,224.546,224.556,224.546,224.547,48
07.10.2024 16:14:20.000,224.576,224.577,224.576,224.576,36
07.10.2024 16:14:22.000,224.586,224.586,224.577,224.577,24
07.10.2024 16:14:24.000,224.546,224.566,224.546,224.566,36
07.10.2024 16:14:25.000,224.556,224.557,224.556,224.557,24
07.10.2024 16:14:27.000,224.556,224.556,224.547,224.547,36
07.10.2024 16:14:28.000,224.557,224.557,224.547,224.547,24
07.10.2024 16:14:31.000,224.557,224.557,224.556,224.556,24
07.10.2024 16:14:32.000,224.577,224.577,224.577,224.577,12
07.10.2024 16:14:33.000,224.536,224.537,224.526,224.526,48
07.10.2024 16:14:34.000,224.527,224.527,224.527,224.527,12
07.10.2024 16:14:37.000,224.527,224.527,224.527,224.527,12
07.10.2024 16:14:38.000,224.526,224.536,224.526,224.536,24
07.10.2024 16:14:39.000,224.527,224.527,224.527,224.527,12
07.10.2024 16:14:40.000,224.526,224.526,224.526,224.526,12
07.10.2024 16:14:42.000,224.547,224.547,224.537,224.537,24
07.10.2024 16:14:43.000,224.527,224.527,224.527,224.527,12
07.10.2024 16:14:44.000,224.567,224.567,224.567,224.567,12
07.10.2024 16:14:47.000,224.566,224.566,224.566,224.566,12
07.10.2024 16:14:48.000,224.566,224.566,224.566,224.566,12
07.10.2024 16:14:52.000,224.526,224.526,224.526,224.526,24
07.10.2024 16:14:54.000,224.537,224.537,224.537,224.537,12
07.10.2024 16:14:55.000,224.526,224.526,224.526,224.526,12
07.10.2024 16:14:56.000,224.557,224.557,224.557,224.557,12
07.10.2024 16:14:58.000,224.536,224.536,224.536,224.536,12
07.10.2024 16:15:01.000,224.566,224.577,224.566,224.577,24
07.10.2024 16:15:02.000,224.576,224.576,224.576,224.576,12
07.10.2024 16:15:05.000,224.556,224.606,224.556,224.606,48
07.10.2024 16:15:07.000,224.616,224.616,224.616,224.616,12
07.10.2024 16:15:08.000,224.606,224.606,224.606,224.606,24
07.10.2024 16:15:09.000,224.636,224.636,224.607,224.607,24
07.10.2024 16:15:14.000,224.636,224.636,224.636,224.636,12
07.10.2024 16:15:15.000,224.646,224.647,224.637,224.637,36
07.10.2024 16:15:16.000,224.627,224.627,224.616,224.616,36
07.10.2024 16:15:17.000,224.626,224.626,224.626,224.626,12
07.10.2024 16:15:18.000,224.656,224.657,224.656,224.657,24
07.10.2024 16:15:19.000,224.637,224.637,224.637,224.637,12
07.10.2024 16:15:22.000,224.637,224.637,224.627,224.627,24
07.10.2024 16:15:23.000,224.636,224.646,224.626,224.626,36
07.10.2024 16:15:24.000,224.627,224.627,224.627,224.627,12
07.10.2024 16:15:26.000,224.637,224.646,224.637,224.646,24
07.10.2024 16:15:28.000,224.647,224.647,224.637,224.637,24
07.10.2024 16:15:29.000,224.646,224.646,224.646,224.646,24
07.10.2024 16:15:30.000,224.636,224.646,224.616,224.617,60
07.10.2024 16:15:35.000,224.647,224.647,224.647,224.647,12
07.10.2024 16:15:37.000,224.657,224.657,224.656,224.656,24
07.10.2024 16:15:39.000,224.657,224.657,224.657,224.657,12
07.10.2024 16:15:40.000,224.647,224.647,224.647,224.647,12
07.10.2024 16:15:41.000,224.656,224.667,224.656,224.667,24
07.10.2024 16:15:42.000,224.666,224.687,224.666,224.687,24
07.10.2024 16:15:43.000,224.666,224.666,224.666,224.666,12
07.10.2024 16:15:44.000,224.656,224.656,224.656,224.656,12
07.10.2024 16:15:46.000,224.657,224.657,224.657,224.657,12
07.10.2024 16:15:47.000,224.666,224.666,224.666,224.666,12
07.10.2024 16:15:49.000,224.667,224.667,224.666,224.666,24
07.10.2024 16:15:52.000,224.666,224.666,224.646,224.646,24
07.10.2024 16:15:53.000,224.636,224.636,224.636,224.636,12
07.10.2024 16:15:58.000,224.637,224.637,224.637,224.637,12
07.10.2024 16:15:59.000,224.647,224.647,224.636,224.637,48
07.10.2024 16:16:01.000,224.646,224.666,224.636,224.636,36
07.10.2024 16:16:02.000,224.647,224.647,224.636,224.636,36
07.10.2024 16:16:03.000,224.637,224.637,224.637,224.637,12
07.10.2024 16:16:07.000,224.647,224.657,224.647,224.647,36
07.10.2024 16:16:08.000,224.657,224.657,224.657,224.657,12
07.10.2024 16:16:09.000,224.647,224.647,224.647,224.647,12
07.10.2024 16:16:10.000,224.677,224.677,224.677,224.677,12
07.10.2024 16:16:12.000,224.676,224.676,224.676,224.676,12
07.10.2024 16:16:13.000,224.687,224.687,224.677,224.677,24
07.10.2024 16:16:14.000,224.697,224.697,224.677,224.677,24
07.10.2024 16:16:16.000,224.657,224.657,224.657,224.657,12
07.10.2024 16:16:18.000,224.677,224.677,224.667,224.667,36
07.10.2024 16:16:19.000,224.666,224.666,224.666,224.666,12
07.10.2024 16:16:22.000,224.666,224.666,224.666,224.666,12
07.10.2024 16:16:23.000,224.667,224.667,224.666,224.666,24
07.10.2024 16:16:30.000,224.686,224.686,224.666,224.666,36
07.10.2024 16:16:33.000,224.706,224.706,224.706,224.706,12
07.10.2024 16:16:37.000,224.727,224.737,224.727,224.737,36
07.10.2024 16:16:38.000,224.726,224.726,224.726,224.726,12
07.10.2024 16:16:40.000,224.726,224.726,224.707,224.707,48
07.10.2024 16:16:41.000,224.666,224.666,224.666,224.666,12
07.10.2024 16:16:43.000,224.647,224.647,224.646,224.647,36
07.10.2024 16:16:45.000,224.676,224.676,224.676,224.676,12
07.10.2024 16:16:46.000,224.656,224.656,224.656,224.656,12
07.10.2024 16:16:50.000,224.687,224.687,224.687,224.687,12
07.10.2024 16:16:51.000,224.696,224.697,224.687,224.696,84.00000000000001
07.10.2024 16:16:54.000,224.707,224.707,224.707,224.707,24
07.10.2024 16:16:56.000,224.697,224.697,224.696,224.696,24
07.10.2024 16:16:58.000,224.696,224.696,224.696,224.696,12
07.10.2024 16:17:02.000,224.696,224.696,224.696,224.696,12
07.10.2024 16:17:07.000,224.686,224.686,224.686,224.686,12
07.10.2024 16:17:09.000,224.746,224.746,224.706,224.707,48
07.10.2024 16:17:11.000,224.697,224.697,224.697,224.697,12
07.10.2024 16:17:13.000,224.687,224.687,224.687,224.687,12
07.10.2024 16:17:14.000,224.687,224.687,224.687,224.687,12
07.10.2024 16:17:15.000,224.696,224.696,224.696,224.696,12
07.10.2024 16:17:16.000,224.706,224.706,224.697,224.697,24
07.10.2024 16:17:17.000,224.696,224.697,224.696,224.697,24
07.10.2024 16:17:19.000,224.697,224.697,224.697,224.697,12
07.10.2024 16:17:21.000,224.697,224.697,224.697,224.697,12
07.10.2024 16:17:22.000,224.687,224.697,224.686,224.686,36
07.10.2024 16:17:23.000,224.697,224.697,224.686,224.686,24
07.10.2024 16:17:24.000,224.696,224.696,224.686,224.687,48
07.10.2024 16:17:35.000,224.697,224.697,224.697,224.697,12
07.10.2024 16:17:36.000,224.697,224.707,224.696,224.696,36
07.10.2024 16:17:37.000,224.717,224.717,224.697,224.697,72
07.10.2024 16:17:38.000,224.716,224.717,224.696,224.717,60
07.10.2024 16:17:43.000,224.726,224.726,224.726,224.726,12
07.10.2024 16:17:44.000,224.746,224.746,224.746,224.746,12
07.10.2024 16:17:45.000,224.757,224.767,224.757,224.767,36
07.10.2024 16:17:53.000,224.776,224.787,224.776,224.787,24
07.10.2024 16:17:56.000,224.767,224.767,224.766,224.766,24
07.10.2024 16:17:57.000,224.767,224.767,224.767,224.767,12
07.10.2024 16:17:58.000,224.776,224.776,224.766,224.766,48
07.10.2024 16:17:59.000,224.776,224.776,224.766,224.766,24
07.10.2024 16:18:01.000,224.777,224.777,224.766,224.766,24
07.10.2024 16:18:04.000,224.777,224.777,224.777,224.777,12
07.10.2024 16:18:05.000,224.767,224.767,224.767,224.767,12
07.10.2024 16:18:11.000,224.756,224.756,224.756,224.756,12
07.10.2024 16:18:12.000,224.747,224.747,224.747,224.747,12
07.10.2024 16:18:16.000,224.757,224.767,224.747,224.767,36
07.10.2024 16:18:18.000,224.747,224.747,224.747,224.747,12
07.10.2024 16:18:20.000,224.766,224.766,224.746,224.746,24
07.10.2024 16:18:21.000,224.747,224.767,224.747,224.757,36
07.10.2024 16:18:23.000,224.757,224.757,224.757,224.757,12
07.10.2024 16:18:25.000,224.786,224.787,224.786,224.787,24
07.10.2024 16:18:27.000,224.796,224.796,224.796,224.796,12
07.10.2024 16:18:29.000,224.757,224.757,224.757,224.757,12
07.10.2024 16:18:30.000,224.776,224.776,224.776,224.776,12
07.10.2024 16:18:31.000,224.786,224.786,224.786,224.786,12
07.10.2024 16:18:32.000,224.786,224.786,224.766,224.766,36
07.10.2024 16:18:36.000,224.787,224.787,224.776,224.776,24
07.10.2024 16:18:37.000,224.767,224.767,224.767,224.767,12
07.10.2024 16:18:38.000,224.777,224.777,224.766,224.766,24
07.10.2024 16:18:40.000,224.757,224.757,224.757,224.757,12
07.10.2024 16:18:43.000,224.766,224.766,224.766,224.766,12
07.10.2024 16:18:44.000,224.767,224.767,224.767,224.767,12
07.10.2024 16:18:45.000,224.767,224.767,224.767,224.767,12
07.10.2024 16:18:46.000,224.746,224.746,224.746,224.746,12
07.10.2024 16:18:49.000,224.746,224.746,224.746,224.746,12
07.10.2024 16:18:50.000,224.757,224.757,224.757,224.757,12
07.10.2024 16:18:51.000,224.747,224.747,224.747,224.747,12
07.10.2024 16:18:52.000,224.746,224.746,224.746,224.746,12
07.10.2024 16:18:55.000,224.727,224.727,224.716,224.716,24
07.10.2024 16:18:56.000,224.717,224.717,224.717,224.717,12
07.10.2024 16:19:00.000,224.726,224.757,224.726,224.727,48
07.10.2024 16:19:01.000,224.737,224.737,224.726,224.726,72
07.10.2024 16:19:02.000,224.726,224.756,224.726,224.726,60
07.10.2024 16:19:03.000,224.716,224.716,224.716,224.716,12
07.10.2024 16:19:04.000,224.727,224.737,224.727,224.737,36
07.10.2024 16:19:09.000,224.726,224.736,224.726,224.736,24
07.10.2024 16:19:10.000,224.757,224.757,224.736,224.757,36
07.10.2024 16:19:11.000,224.746,224.746,224.746,224.746,12
07.10.2024 16:19:12.000,224.746,224.746,224.727,224.727,24
07.10.2024 16:19:14.000,224.736,224.736,224.726,224.727,36
07.10.2024 16:19:16.000,224.726,224.726,224.726,224.726,12
07.10.2024 16:19:17.000,224.717,224.717,224.717,224.717,12
07.10.2024 16:19:19.000,224.716,224.716,224.716,224.716,12
07.10.2024 16:19:22.000,224.716,224.716,224.716,224.716,12
07.10.2024 16:19:23.000,224.727,224.727,224.727,224.727,12
07.10.2024 16:19:24.000,224.717,224.717,224.717,224.717,12
07.10.2024 16:19:25.000,224.717,224.717,224.717,224.717,12
07.10.2024 16:19:26.000,224.717,224.717,224.717,224.717,12
07.10.2024 16:19:27.000,224.716,224.716,224.716,224.716,12
07.10.2024 16:19:38.000,224.716,224.716,224.716,224.716,12
07.10.2024 16:19:44.000,224.717,224.717,224.717,224.717,12
07.10.2024 16:19:45.000,224.726,224.726,224.726,224.726,12
07.10.2024 16:19:50.000,224.747,224.747,224.737,224.737,24
07.10.2024 16:19:52.000,224.727,224.727,224.727,224.727,12
07.10.2024 16:19:53.000,224.726,224.736,224.717,224.717,36
07.10.2024 16:19:54.000,224.707,224.707,224.707,224.707,24
07.10.2024 16:19:56.000,224.727,224.727,224.707,224.707,36
07.10.2024 16:19:58.000,224.736,224.736,224.736,224.736,12
07.10.2024 16:20:00.000,224.707,224.726,224.707,224.726,24
07.10.2024 16:20:01.000,224.736,224.736,224.726,224.726,24
07.10.2024 16:20:02.000,224.707,224.717,224.707,224.717,36
07.10.2024 16:20:06.000,224.716,224.727,224.716,224.717,36
07.10.2024 16:20:07.000,224.726,224.726,224.716,224.716,24
07.10.2024 16:20:09.000,224.717,224.717,224.716,224.716,24
07.10.2024 16:20:11.000,224.707,224.707,224.697,224.697,24
07.10.2024 16:20:12.000,224.717,224.717,224.697,224.697,24
07.10.2024 16:20:14.000,224.706,224.707,224.696,224.696,48
07.10.2024 16:20:18.000,224.696,224.696,224.696,224.696,12
07.10.2024 16:20:19.000,224.707,224.707,224.707,224.707,12
07.10.2024 16:20:20.000,224.696,224.696,224.696,224.696,12
07.10.2024 16:20:22.000,224.697,224.697,224.697,224.697,12
07.10.2024 16:20:26.000,224.687,224.687,224.687,224.687,12
07.10.2024 16:20:30.000,224.676,224.676,224.647,224.647,36
07.10.2024 16:20:31.000,224.646,224.657,224.646,224.657,24
07.10.2024 16:20:32.000,224.646,224.646,224.646,224.646,12
07.10.2024 16:20:33.000,224.647,224.647,224.647,224.647,12
07.10.2024 16:20:35.000,224.637,224.637,224.627,224.627,36
07.10.2024 16:20:36.000,224.617,224.627,224.617,224.627,24
07.10.2024 16:20:39.000,224.627,224.636,224.627,224.636,24
07.10.2024 16:20:40.000,224.636,224.636,224.636,224.636,12
07.10.2024 16:20:41.000,224.647,224.657,224.636,224.636,36
07.10.2024 16:20:43.000,224.646,224.646,224.637,224.637,24
07.10.2024 16:20:44.000,224.647,224.647,224.647,224.647,12
07.10.2024 16:20:46.000,224.636,224.636,224.636,224.636,12
07.10.2024 16:20:49.000,224.647,224.647,224.647,224.647,12
07.10.2024 16:20:50.000,224.657,224.657,224.657,224.657,12
07.10.2024 16:20:51.000,224.657,224.666,224.657,224.666,36
07.10.2024 16:20:53.000,224.686,224.686,224.676,224.676,24
07.10.2024 16:20:54.000,224.697,224.697,224.697,224.697,12
07.10.2024 16:20:55.000,224.696,224.696,224.696,224.696,12
07.10.2024 16:20:56.000,224.716,224.716,224.706,224.706,24
07.10.2024 16:20:57.000,224.697,224.697,224.697,224.697,12
07.10.2024 16:20:59.000,224.716,224.716,224.716,224.716,12
07.10.2024 16:21:00.000,224.686,224.686,224.686,224.686,12
07.10.2024 16:21:01.000,224.717,224.717,224.717,224.717,12
07.10.2024 16:21:02.000,224.716,224.716,224.716,224.716,24
07.10.2024 16:21:08.000,224.727,224.727,224.727,224.727,12
07.10.2024 16:21:11.000,224.727,224.727,224.726,224.726,36
07.10.2024 16:21:13.000,224.737,224.737,224.726,224.726,48
07.10.2024 16:21:14.000,224.736,224.736,224.726,224.726,24
07.10.2024 16:21:17.000,224.747,224.747,224.747,224.747,12
07.10.2024 16:21:19.000,224.766,224.766,224.727,224.727,24
07.10.2024 16:21:20.000,224.756,224.756,224.746,224.746,24
07.10.2024 16:21:22.000,224.756,224.756,224.756,224.756,12
07.10.2024 16:21:29.000,224.727,224.727,224.727,224.727,12
07.10.2024 16:21:34.000,224.726,224.726,224.726,224.726,36
07.10.2024 16:21:36.000,224.736,224.736,224.736,224.736,12
07.10.2024 16:21:38.000,224.756,224.756,224.756,224.756,12
07.10.2024 16:21:40.000,224.747,224.747,224.747,224.747,12
07.10.2024 16:21:42.000,224.757,224.757,224.757,224.757,12
07.10.2024 16:21:45.000,224.736,224.736,224.736,224.736,12
07.10.2024 16:21:47.000,224.747,224.747,224.747,224.747,12
07.10.2024 16:21:50.000,224.737,224.746,224.737,224.746,36
07.10.2024 16:21:51.000,224.746,224.746,224.737,224.737,24
07.10.2024 16:21:52.000,224.736,224.746,224.736,224.737,36
07.10.2024 16:21:56.000,224.746,224.746,224.746,224.746,12
07.10.2024 16:21:57.000,224.766,224.766,224.747,224.747,36
07.10.2024 16:21:58.000,224.736,224.747,224.736,224.747,24
07.10.2024 16:21:59.000,224.737,224.737,224.737,224.737,12
07.10.2024 16:22:00.000,224.756,224.766,224.756,224.766,24
07.10.2024 16:22:02.000,224.767,224.767,224.767,224.767,12
07.10.2024 16:22:09.000,224.776,224.776,224.776,224.776,12
07.10.2024 16:22:10.000,224.777,224.777,224.767,224.767,24
07.10.2024 16:22:13.000,224.766,224.766,224.766,224.766,12
07.10.2024 16:22:14.000,224.766,224.766,224.766,224.766,12
07.10.2024 16:22:19.000,224.767,224.767,224.747,224.747,24
07.10.2024 16:22:20.000,224.746,224.746,224.746,224.746,12
07.10.2024 16:22:21.000,224.757,224.757,224.746,224.746,24
07.10.2024 16:22:22.000,224.756,224.756,224.756,224.756,12
07.10.2024 16:22:30.000,224.777,224.777,224.766,224.766,24
07.10.2024 16:22:32.000,224.756,224.756,224.756,224.756,12
07.10.2024 16:22:33.000,224.767,224.767,224.766,224.766,60
07.10.2024 16:22:35.000,224.767,224.767,224.767,224.767,12
07.10.2024 16:22:36.000,224.767,224.767,224.767,224.767,12
07.10.2024 16:22:40.000,224.757,224.766,224.756,224.766,48
07.10.2024 16:22:42.000,224.756,224.756,224.756,224.756,12
07.10.2024 16:22:44.000,224.757,224.757,224.757,224.757,12
07.10.2024 16:22:45.000,224.757,224.757,224.757,224.757,12
07.10.2024 16:22:47.000,224.766,224.766,224.766,224.766,12
07.10.2024 16:22:49.000,224.757,224.757,224.757,224.757,12
07.10.2024 16:22:50.000,224.757,224.767,224.756,224.766,48
07.10.2024 16:22:51.000,224.756,224.756,224.756,224.756,12
07.10.2024 16:22:55.000,224.756,224.756,224.756,224.756,12
07.10.2024 16:22:58.000,224.776,224.776,224.766,224.766,24
07.10.2024 16:22:59.000,224.776,224.776,224.776,224.776,24
07.10.2024 16:23:01.000,224.786,224.786,224.786,224.786,12
07.10.2024 16:23:02.000,224.786,224.807,224.786,224.807,36
07.10.2024 16:23:03.000,224.816,224.816,224.807,224.807,24
07.10.2024 16:23:04.000,224.816,224.816,224.816,224.816,12
07.10.2024 16:23:12.000,224.806,224.806,224.806,224.806,12
07.10.2024 16:23:14.000,224.786,224.786,224.766,224.766,24
07.10.2024 16:23:16.000,224.766,224.766,224.756,224.756,24
07.10.2024 16:23:18.000,224.756,224.767,224.756,224.767,24
07.10.2024 16:23:38.000,224.776,224.776,224.776,224.776,12
07.10.2024 16:23:39.000,224.786,224.786,224.786,224.786,12
07.10.2024 16:23:40.000,224.796,224.796,224.796,224.796,12
07.10.2024 16:23:42.000,224.777,224.777,224.777,224.777,12
07.10.2024 16:23:44.000,224.786,224.786,224.786,224.786,12
07.10.2024 16:23:45.000,224.786,224.786,224.746,224.746,36
07.10.2024 16:23:46.000,224.746,224.746,224.746,224.746,12
07.10.2024 16:23:47.000,224.737,224.737,224.737,224.737,12
07.10.2024 16:23:48.000,224.726,224.726,224.726,224.726,24
07.10.2024 16:23:49.000,224.726,224.726,224.726,224.726,12
07.10.2024 16:23:51.000,224.717,224.717,224.717,224.717,12
07.10.2024 16:23:52.000,224.726,224.726,224.726,224.726,12
07.10.2024 16:23:54.000,224.717,224.727,224.717,224.727,48
07.10.2024 16:23:55.000,224.717,224.717,224.717,224.717,12
07.10.2024 16:23:57.000,224.716,224.716,224.716,224.716,12
07.10.2024 16:23:58.000,224.716,224.716,224.716,224.716,12
07.10.2024 16:24:01.000,224.706,224.707,224.706,224.707,24
07.10.2024 16:24:02.000,224.696,224.696,224.687,224.687,24
07.10.2024 16:24:05.000,224.697,224.697,224.686,224.696,48
07.10.2024 16:24:06.000,224.716,224.716,224.716,224.716,12
07.10.2024 16:24:08.000,224.696,224.696,224.696,224.696,12
07.10.2024 16:24:10.000,224.687,224.687,224.687,224.687,12
07.10.2024 16:24:11.000,224.686,224.686,224.686,224.686,12
07.10.2024 16:24:13.000,224.717,224.717,224.717,224.717,12
07.10.2024 16:24:14.000,224.687,224.706,224.686,224.686,48
07.10.2024 16:24:15.000,224.687,224.687,224.686,224.686,24
07.10.2024 16:24:16.000,224.697,224.697,224.697,224.697,12
07.10.2024 16:24:17.000,224.686,224.686,224.686,224.686,12
07.10.2024 16:24:19.000,224.677,224.686,224.677,224.686,24
07.10.2024 16:24:20.000,224.676,224.686,224.676,224.686,24
07.10.2024 16:24:21.000,224.677,224.687,224.676,224.676,60
07.10.2024 16:24:23.000,224.697,224.697,224.697,224.697,12
07.10.2024 16:24:30.000,224.697,224.697,224.697,224.697,12
07.10.2024 16:24:34.000,224.706,224.706,224.706,224.706,24
07.10.2024 16:24:35.000,224.707,224.707,224.707,224.707,12
07.10.2024 16:24:36.000,224.696,224.697,224.677,224.677,36
07.10.2024 16:24:37.000,224.677,224.686,224.677,224.677,36
07.10.2024 16:24:43.000,224.677,224.677,224.677,224.677,12
07.10.2024 16:24:44.000,224.677,224.677,224.677,224.677,12
07.10.2024 16:24:46.000,224.686,224.686,224.686,224.686,12
07.10.2024 16:24:47.000,224.687,224.687,224.687,224.687,12
07.10.2024 16:24:54.000,224.697,224.697,224.687,224.687,24
07.10.2024 16:24:55.000,224.707,224.707,224.707,224.707,12
07.10.2024 16:24:56.000,224.716,224.716,224.716,224.716,12
07.10.2024 16:24:57.000,224.707,224.707,224.707,224.707,12
07.10.2024 16:24:58.000,224.717,224.726,224.717,224.726,24
07.10.2024 16:24:59.000,224.736,224.737,224.736,224.737,36
07.10.2024 16:25:00.000,224.736,224.737,224.736,224.737,24
07.10.2024 16:25:01.000,224.737,224.737,224.737,224.737,12
07.10.2024 16:25:03.000,224.736,224.736,224.736,224.736,12
07.10.2024 16:25:07.000,224.746,224.746,224.746,224.746,12
07.10.2024 16:25:08.000,224.736,224.736,224.736,224.736,12
07.10.2024 16:25:10.000,224.747,224.747,224.747,224.747,12
07.10.2024 16:25:13.000,224.737,224.737,224.726,224.726,36
07.10.2024 16:25:16.000,224.716,224.737,224.716,224.737,36
07.10.2024 16:25:17.000,224.736,224.736,224.736,224.736,12
07.10.2024 16:25:21.000,224.727,224.727,224.727,224.727,12
07.10.2024 16:25:22.000,224.717,224.717,224.717,224.717,12
07.10.2024 16:25:23.000,224.717,224.717,224.717,224.717,12
07.10.2024 16:25:24.000,224.717,224.717,224.717,224.717,12
07.10.2024 16:25:25.000,224.706,224.706,224.686,224.686,24
07.10.2024 16:25:26.000,224.697,224.697,224.697,224.697,12
07.10.2024 16:25:28.000,224.697,224.697,224.696,224.696,24
07.10.2024 16:25:29.000,224.686,224.686,224.686,224.686,12
07.10.2024 16:25:30.000,224.687,224.687,224.687,224.687,12
07.10.2024 16:25:31.000,224.687,224.687,224.687,224.687,24
07.10.2024 16:25:34.000,224.667,224.667,224.667,224.667,12
07.10.2024 16:25:35.000,224.667,224.667,224.667,224.667,12
07.10.2024 16:25:36.000,224.666,224.667,224.666,224.667,36
07.10.2024 16:25:37.000,224.666,224.666,224.656,224.656,36
07.10.2024 16:25:42.000,224.666,224.666,224.666,224.666,12
07.10.2024 16:25:45.000,224.647,224.647,224.647,224.647,12
07.10.2024 16:25:46.000,224.636,224.646,224.636,224.636,36
07.10.2024 16:25:48.000,224.647,224.647,224.647,224.647,12
07.10.2024 16:25:49.000,224.637,224.637,224.636,224.636,24
07.10.2024 16:25:50.000,224.636,224.637,224.636,224.637,36
07.10.2024 16:25:53.000,224.646,224.646,224.637,224.637,24
07.10.2024 16:25:54.000,224.647,224.647,224.636,224.637,48
07.10.2024 16:25:55.000,224.637,224.637,224.637,224.637,12
07.10.2024 16:25:56.000,224.617,224.617,224.617,224.617,12
07.10.2024 16:25:57.000,224.606,224.607,224.606,224.607,24
07.10.2024 16:25:59.000,224.596,224.597,224.596,224.596,36
07.10.2024 16:26:00.000,224.606,224.606,224.606,224.606,12
07.10.2024 16:26:01.000,224.616,224.637,224.616,224.637,36
07.10.2024 16:26:02.000,224.656,224.656,224.637,224.637,24
07.10.2024 16:26:05.000,224.656,224.656,224.656,224.656,12
07.10.2024 16:26:06.000,224.646,224.646,224.646,224.646,12
07.10.2024 16:26:13.000,224.656,224.656,224.656,224.656,12
07.10.2024 16:26:14.000,224.666,224.666,224.666,224.666,12
07.10.2024 16:26:15.000,224.657,224.657,224.657,224.657,24
07.10.2024 16:26:16.000,224.656,224.656,224.656,224.656,12
07.10.2024 16:26:22.000,224.646,224.646,224.646,224.646,12
07.10.2024 16:26:24.000,224.647,224.647,224.637,224.637,36
07.10.2024 16:26:25.000,224.627,224.627,224.627,224.627,12
07.10.2024 16:26:26.000,224.617,224.617,224.617,224.617,12
07.10.2024 16:26:28.000,224.627,224.627,224.617,224.617,24
07.10.2024 16:26:29.000,224.616,224.617,224.616,224.617,24
07.10.2024 16:26:30.000,224.597,224.597,224.597,224.597,12
07.10.2024 16:26:34.000,224.596,224.596,224.596,224.596,12
07.10.2024 16:26:35.000,224.597,224.597,224.597,224.597,12
07.10.2024 16:26:40.000,224.576,224.577,224.566,224.577,36
07.10.2024 16:26:41.000,224.566,224.576,224.566,224.566,48
07.10.2024 16:26:48.000,224.567,224.567,224.567,224.567,12
07.10.2024 16:26:49.000,224.576,224.577,224.567,224.577,36
07.10.2024 16:26:50.000,224.577,224.577,224.577,224.577,12
07.10.2024 16:26:52.000,224.567,224.567,224.567,224.567,12
07.10.2024 16:26:54.000,224.586,224.586,224.586,224.586,12
07.10.2024 16:26:57.000,224.567,224.587,224.567,224.567,60
07.10.2024 16:26:58.000,224.566,224.566,224.557,224.566,48
07.10.2024 16:27:00.000,224.577,224.577,224.567,224.567,24
07.10.2024 16:27:02.000,224.566,224.566,224.566,224.566,24
07.10.2024 16:27:03.000,224.567,224.577,224.567,224.577,24
07.10.2024 16:27:05.000,224.577,224.577,224.576,224.576,24
07.10.2024 16:27:08.000,224.567,224.567,224.567,224.567,12
07.10.2024 16:27:09.000,224.566,224.566,224.566,224.566,12
07.10.2024 16:27:10.000,224.557,224.557,224.546,224.546,24
07.10.2024 16:27:11.000,224.536,224.536,224.527,224.527,24
07.10.2024 16:27:12.000,224.536,224.537,224.536,224.537,24
07.10.2024 16:27:17.000,224.547,224.557,224.547,224.557,24
07.10.2024 16:27:18.000,224.546,224.546,224.546,224.546,12
07.10.2024 16:27:20.000,224.556,224.556,224.556,224.556,24
07.10.2024 16:27:22.000,224.557,224.557,224.546,224.546,24
07.10.2024 16:27:25.000,224.566,224.566,224.566,224.566,12
07.10.2024 16:27:31.000,224.577,224.577,224.566,224.566,24
07.10.2024 16:27:32.000,224.566,224.566,224.556,224.556,24
07.10.2024 16:27:33.000,224.546,224.546,224.546,224.546,12
07.10.2024 16:27:34.000,224.546,224.546,224.546,224.546,24
07.10.2024 16:27:35.000,224.566,224.566,224.556,224.557,36
07.10.2024 16:27:36.000,224.577,224.577,224.577,224.577,12
07.10.2024 16:27:39.000,224.576,224.576,224.576,224.576,24
07.10.2024 16:27:41.000,224.547,224.547,224.547,224.547,12
07.10.2024 16:27:42.000,224.536,224.536,224.527,224.527,24
07.10.2024 16:27:44.000,224.516,224.516,224.516,224.516,24
07.10.2024 16:27:45.000,224.517,224.517,224.516,224.516,24
07.10.2024 16:27:46.000,224.517,224.517,224.517,224.517,12
07.10.2024 16:27:47.000,224.506,224.506,224.496,224.496,24
07.10.2024 16:27:50.000,224.496,224.496,224.496,224.496,12
07.10.2024 16:27:51.000,224.476,224.476,224.476,224.476,12
07.10.2024 16:27:52.000,224.487,224.496,224.487,224.496,24
07.10.2024 16:27:53.000,224.496,224.496,224.496,224.496,12
07.10.2024 16:27:54.000,224.486,224.486,224.486,224.486,12
07.10.2024 16:27:56.000,224.487,224.487,224.487,224.487,12
07.10.2024 16:28:04.000,224.486,224.486,224.486,224.486,12
07.10.2024 16:28:05.000,224.486,224.486,224.486,224.486,12
07.10.2024 16:28:06.000,224.456,224.456,224.456,224.456,12
07.10.2024 16:28:07.000,224.446,224.446,224.446,224.446,12
07.10.2024 16:28:08.000,224.447,224.447,224.446,224.446,48
07.10.2024 16:28:09.000,224.447,224.447,224.427,224.427,24
07.10.2024 16:28:11.000,224.416,224.417,224.416,224.417,24
07.10.2024 16:28:18.000,224.416,224.416,224.416,224.416,12
07.10.2024 16:28:20.000,224.426,224.426,224.426,224.426,12
07.10.2024 16:28:21.000,224.416,224.416,224.397,224.397,24
07.10.2024 16:28:23.000,224.416,224.416,224.416,224.416,12
07.10.2024 16:28:25.000,224.397,224.416,224.376,224.376,60
07.10.2024 16:28:29.000,224.397,224.397,224.386,224.386,24
07.10.2024 16:28:31.000,224.376,224.376,224.366,224.366,24
07.10.2024 16:28:33.000,224.377,224.377,224.377,224.377,12
07.10.2024 16:28:35.000,224.366,224.366,224.366,224.366,12
07.10.2024 16:28:40.000,224.387,224.387,224.367,224.367,24
07.10.2024 16:28:41.000,224.366,224.366,224.366,224.366,12
07.10.2024 16:28:42.000,224.377,224.377,224.366,224.366,24
07.10.2024 16:28:44.000,224.346,224.346,224.346,224.346,12
07.10.2024 16:28:45.000,224.346,224.347,224.346,224.347,24
07.10.2024 16:28:46.000,224.357,224.357,224.357,224.357,12
07.10.2024 16:28:47.000,224.356,224.356,224.356,224.356,12
07.10.2024 16:28:48.000,224.347,224.347,224.347,224.347,12
07.10.2024 16:28:49.000,224.347,224.347,224.347,224.347,12
07.10.2024 16:28:51.000,224.336,224.346,224.336,224.346,36
07.10.2024 16:28:52.000,224.347,224.347,224.347,224.347,12
07.10.2024 16:28:53.000,224.356,224.356,224.356,224.356,12
07.10.2024 16:28:54.000,224.356,224.357,224.356,224.357,24
07.10.2024 16:28:55.000,224.347,224.347,224.336,224.336,48
07.10.2024 16:28:57.000,224.337,224.337,224.316,224.316,48
07.10.2024 16:29:00.000,224.317,224.317,224.317,224.317,24
07.10.2024 16:29:01.000,224.317,224.337,224.317,224.326,36
07.10.2024 16:29:02.000,224.316,224.316,224.316,224.316,12
07.10.2024 16:29:06.000,224.317,224.317,224.317,224.317,12
07.10.2024 16:29:07.000,224.317,224.337,224.317,224.337,36
07.10.2024 16:29:09.000,224.346,224.346,224.337,224.346,36
07.10.2024 16:29:10.000,224.337,224.346,224.337,224.346,24
07.10.2024 16:29:11.000,224.367,224.367,224.347,224.347,48
07.10.2024 16:29:12.000,224.347,224.347,224.347,224.347,12
07.10.2024 16:29:13.000,224.357,224.357,224.347,224.347,24
07.10.2024 16:29:18.000,224.347,224.347,224.347,224.347,12
07.10.2024 16:29:19.000,224.317,224.317,224.317,224.317,12
07.10.2024 16:29:20.000,224.307,224.307,224.307,224.307,12
07.10.2024 16:29:21.000,224.317,224.317,224.317,224.317,12
07.10.2024 16:29:23.000,224.317,224.317,224.316,224.316,24
07.10.2024 16:29:25.000,224.327,224.327,224.327,224.327,12
07.10.2024 16:29:26.000,224.316,224.316,224.316,224.316,12
07.10.2024 16:29:27.000,224.317,224.317,224.317,224.317,12
07.10.2024 16:29:29.000,224.307,224.307,224.307,224.307,12
07.10.2024 16:29:32.000,224.316,224.316,224.316,224.316,12
07.10.2024 16:29:33.000,224.307,224.307,224.307,224.307,12
07.10.2024 16:29:38.000,224.306,224.306,224.267,224.267,36
07.10.2024 16:29:39.000,224.277,224.277,224.277,224.277,12
07.10.2024 16:29:40.000,224.286,224.286,224.286,224.286,12
07.10.2024 16:29:43.000,224.286,224.286,224.267,224.267,60
07.10.2024 16:29:44.000,224.287,224.287,224.287,224.287,12
07.10.2024 16:29:45.000,224.296,224.296,224.287,224.287,24
07.10.2024 16:29:47.000,224.296,224.296,224.296,224.296,12
07.10.2024 16:29:48.000,224.287,224.287,224.287,224.287,12
07.10.2024 16:29:49.000,224.286,224.286,224.286,224.286,12
07.10.2024 16:29:50.000,224.296,224.296,224.296,224.296,12
07.10.2024 16:29:52.000,224.286,224.286,224.256,224.256,60
07.10.2024 16:29:54.000,224.256,224.257,224.256,224.257,36
07.10.2024 16:29:57.000,224.246,224.246,224.227,224.227,48
07.10.2024 16:29:58.000,224.227,224.227,224.227,224.227,12
07.10.2024 16:29:59.000,224.237,224.237,224.226,224.226,24
07.10.2024 16:30:00.000,224.237,224.237,224.226,224.226,24
07.10.2024 16:30:01.000,224.236,224.236,224.216,224.217,72
07.10.2024 16:30:02.000,224.217,224.236,224.217,224.227,36
07.10.2024 16:30:03.000,224.216,224.217,224.216,224.217,24
07.10.2024 16:30:04.000,224.217,224.236,224.217,224.236,24
07.10.2024 16:30:05.000,224.246,224.256,224.246,224.256,24
07.10.2024 16:30:06.000,224.247,224.247,224.247,224.247,12
07.10.2024 16:30:08.000,224.256,224.256,224.256,224.256,12
07.10.2024 16:30:09.000,224.257,224.257,224.256,224.256,24
07.10.2024 16:30:12.000,224.267,224.267,224.256,224.256,36
07.10.2024 16:30:13.000,224.267,224.267,224.267,224.267,12
07.10.2024 16:30:14.000,224.266,224.286,224.266,224.276,48
07.10.2024 16:30:16.000,224.296,224.296,224.267,224.267,24
07.10.2024 16:30:17.000,224.276,224.276,224.276,224.276,12
07.10.2024 16:30:19.000,224.286,224.297,224.277,224.297,48
07.10.2024 16:30:20.000,224.296,224.296,224.257,224.266,36
07.10.2024 16:30:21.000,224.277,224.277,224.277,224.277,12
07.10.2024 16:30:23.000,224.267,224.267,224.257,224.257,36
07.10.2024 16:30:24.000,224.257,224.257,224.257,224.257,12
07.10.2024 16:30:26.000,224.236,224.236,224.236,224.236,12
07.10.2024 16:30:27.000,224.246,224.247,224.246,224.247,36
07.10.2024 16:30:28.000,224.247,224.257,224.236,224.236,36
07.10.2024 16:30:31.000,224.237,224.276,224.237,224.276,48
07.10.2024 16:30:32.000,224.277,224.277,224.277,224.277,12
07.10.2024 16:30:33.000,224.286,224.286,224.286,224.286,12
07.10.2024 16:30:36.000,224.286,224.286,224.286,224.286,12
07.10.2024 16:30:38.000,224.256,224.256,224.256,224.256,12
07.10.2024 16:30:39.000,224.247,224.247,224.216,224.216,48
07.10.2024 16:30:40.000,224.216,224.216,224.216,224.216,12
07.10.2024 16:30:41.000,224.236,224.237,224.236,224.237,24
07.10.2024 16:30:42.000,224.247,224.247,224.247,224.247,12
07.10.2024 16:30:43.000,224.237,224.237,224.237,224.237,24
07.10.2024 16:30:44.000,224.247,224.247,224.237,224.246,36
07.10.2024 16:30:45.000,224.236,224.236,224.236,224.236,12
07.10.2024 16:30:47.000,224.247,224.247,224.247,224.247,12
07.10.2024 16:30:48.000,224.236,224.236,224.236,224.236,12
07.10.2024 16:30:50.000,224.236,224.236,224.216,224.216,24
07.10.2024 16:30:51.000,224.207,224.207,224.207,224.207,24
07.10.2024 16:30:52.000,224.217,224.217,224.217,224.217,12
07.10.2024 16:30:54.000,224.207,224.216,224.207,224.216,24
07.10.2024 16:30:58.000,224.227,224.227,224.227,224.227,12
07.10.2024 16:31:00.000,224.247,224.257,224.247,224.257,36
07.10.2024 16:31:01.000,224.266,224.266,224.266,224.266,24
07.10.2024 16:31:02.000,224.286,224.286,224.276,224.276,36
07.10.2024 16:31:03.000,224.266,224.267,224.266,224.266,36
07.10.2024 16:31:04.000,224.256,224.257,224.256,224.257,24
07.10.2024 16:31:05.000,224.267,224.267,224.267,224.267,12
07.10.2024 16:31:06.000,224.256,224.256,224.256,224.256,12
07.10.2024 16:31:07.000,224.247,224.247,224.227,224.227,24
07.10.2024 16:31:08.000,224.237,224.237,224.226,224.226,24
07.10.2024 16:31:09.000,224.236,224.236,224.236,224.236,12
07.10.2024 16:31:10.000,224.246,224.247,224.246,224.247,36
07.10.2024 16:31:11.000,224.236,224.236,224.236,224.236,24
07.10.2024 16:31:12.000,224.247,224.247,224.246,224.246,36
07.10.2024 16:31:13.000,224.247,224.247,224.247,224.247,12
07.10.2024 16:31:15.000,224.247,224.247,224.247,224.247,24
07.10.2024 16:31:17.000,224.246,224.246,224.216,224.216,24
07.10.2024 16:31:18.000,224.216,224.217,224.216,224.217,24
07.10.2024 16:31:20.000,224.217,224.217,224.217,224.217,12
07.10.2024 16:31:21.000,224.206,224.206,224.177,224.177,24
07.10.2024 16:31:25.000,224.176,224.176,224.176,224.176,12
07.10.2024 16:31:26.000,224.176,224.176,224.176,224.176,12
07.10.2024 16:31:30.000,224.197,224.197,224.197,224.197,12
07.10.2024 16:31:31.000,224.166,224.176,224.166,224.167,36
07.10.2024 16:31:32.000,224.166,224.166,224.166,224.166,12
07.10.2024 16:31:34.000,224.157,224.157,224.146,224.146,24
07.10.2024 16:31:35.000,224.156,224.156,224.147,224.147,24
07.10.2024 16:31:36.000,224.157,224.157,224.137,224.137,36
07.10.2024 16:31:37.000,224.126,224.146,224.126,224.146,24
07.10.2024 16:31:41.000,224.127,224.127,224.126,224.126,36
07.10.2024 16:31:42.000,224.106,224.117,224.106,224.117,48
07.10.2024 16:31:43.000,224.137,224.137,224.137,224.137,12
07.10.2024 16:31:44.000,224.136,224.136,224.126,224.126,24
07.10.2024 16:31:45.000,224.127,224.127,224.127,224.127,12
07.10.2024 16:31:46.000,224.146,224.157,224.146,224.156,36
07.10.2024 16:31:47.000,224.146,224.146,224.146,224.146,12
07.10.2024 16:31:50.000,224.137,224.137,224.137,224.137,12
07.10.2024 16:31:51.000,224.127,224.127,224.127,224.127,12
07.10.2024 16:31:53.000,224.127,224.136,224.126,224.136,36
07.10.2024 16:31:54.000,224.136,224.146,224.136,224.146,24
07.10.2024 16:31:55.000,224.157,224.167,224.157,224.167,48
07.10.2024 16:31:56.000,224.166,224.166,224.166,224.166,12
07.10.2024 16:31:57.000,224.167,224.167,224.126,224.126,72
07.10.2024 16:31:58.000,224.137,224.137,224.137,224.137,12
07.10.2024 16:31:59.000,224.126,224.126,224.116,224.117,36
07.10.2024 16:32:00.000,224.097,224.097,224.097,224.097,12
07.10.2024 16:32:01.000,224.096,224.106,224.096,224.097,36
07.10.2024 16:32:02.000,224.126,224.126,224.066,224.077,96
07.10.2024 16:32:04.000,224.066,224.077,224.066,224.066,60
07.10.2024 16:32:05.000,224.086,224.096,224.086,224.096,24
07.10.2024 16:32:06.000,224.097,224.097,224.086,224.096,36
07.10.2024 16:32:07.000,224.106,224.107,224.096,224.107,48
07.10.2024 16:32:08.000,224.116,224.116,224.107,224.107,24
07.10.2024 16:32:09.000,224.117,224.117,224.117,224.117,12
07.10.2024 16:32:10.000,224.127,224.137,224.126,224.126,60
07.10.2024 16:32:11.000,224.116,224.116,224.116,224.116,12
07.10.2024 16:32:12.000,224.116,224.116,224.096,224.106,48
07.10.2024 16:32:13.000,224.096,224.127,224.096,224.126,36
07.10.2024 16:32:14.000,224.096,224.127,224.096,224.127,36
07.10.2024 16:32:15.000,224.106,224.107,224.096,224.096,48
07.10.2024 16:32:16.000,224.107,224.127,224.107,224.127,48
07.10.2024 16:32:20.000,224.137,224.137,224.136,224.136,24
07.10.2024 16:32:21.000,224.147,224.147,224.147,224.147,12
07.10.2024 16:32:23.000,224.136,224.147,224.136,224.147,24
07.10.2024 16:32:24.000,224.136,224.136,224.136,224.136,12
07.10.2024 16:32:26.000,224.136,224.136,224.136,224.136,12
07.10.2024 16:32:27.000,224.136,224.136,224.106,224.106,36
07.10.2024 16:32:29.000,224.097,224.097,224.097,224.097,12
07.10.2024 16:32:30.000,224.097,224.097,224.097,224.097,12
07.10.2024 16:32:31.000,224.116,224.116,224.096,224.096,48
07.10.2024 16:32:32.000,224.106,224.107,224.096,224.106,60
07.10.2024 16:32:33.000,224.096,224.107,224.096,224.107,24
07.10.2024 16:32:34.000,224.117,224.117,224.117,224.117,12
07.10.2024 16:32:35.000,224.106,224.106,224.106,224.106,12
07.10.2024 16:32:36.000,224.097,224.097,224.097,224.097,12
07.10.2024 16:32:37.000,224.096,224.097,224.096,224.097,24
07.10.2024 16:32:39.000,224.106,224.106,224.106,224.106,12
07.10.2024 16:32:40.000,224.097,224.097,224.096,224.096,24
07.10.2024 16:32:41.000,224.096,224.096,224.086,224.086,36
07.10.2024 16:32:42.000,224.087,224.087,224.086,224.086,24
07.10.2024 16:32:44.000,224.097,224.097,224.086,224.087,36
07.10.2024 16:32:45.000,224.096,224.096,224.096,224.096,12
07.10.2024 16:32:46.000,224.116,224.116,224.107,224.107,24
07.10.2024 16:32:47.000,224.096,224.096,224.087,224.087,36
07.10.2024 16:32:49.000,224.096,224.096,224.096,224.096,12
07.10.2024 16:32:50.000,224.086,224.086,224.086,224.086,12
07.10.2024 16:32:55.000,224.087,224.087,224.087,224.087,12
07.10.2024 16:33:00.000,224.067,224.067,224.056,224.056,24
07.10.2024 16:33:01.000,224.067,224.067,224.057,224.067,36
07.10.2024 16:33:02.000,224.056,224.067,224.056,224.067,24
07.10.2024 16:33:03.000,224.067,224.087,224.066,224.087,60
07.10.2024 16:33:04.000,224.086,224.097,224.086,224.097,60
07.10.2024 16:33:05.000,224.087,224.087,224.086,224.086,36
07.10.2024 16:33:06.000,224.096,224.096,224.087,224.087,24
07.10.2024 16:33:07.000,224.096,224.096,224.096,224.096,12
07.10.2024 16:33:10.000,224.106,224.116,224.106,224.116,48
07.10.2024 16:33:11.000,224.127,224.127,224.116,224.116,24
07.10.2024 16:33:12.000,224.136,224.136,224.136,224.136,12
07.10.2024 16:33:13.000,224.147,224.147,224.147,224.147,12
07.10.2024 16:33:15.000,224.147,224.147,224.147,224.147,12
07.10.2024 16:33:16.000,224.167,224.167,224.146,224.146,36
07.10.2024 16:33:17.000,224.147,224.167,224.147,224.167,24
07.10.2024 16:33:18.000,224.156,224.156,224.146,224.146,24
07.10.2024 16:33:19.000,224.167,224.177,224.156,224.166,60
07.10.2024 16:33:20.000,224.176,224.197,224.176,224.186,60
07.10.2024 16:33:21.000,224.197,224.206,224.197,224.206,24
07.10.2024 16:33:22.000,224.207,224.207,224.207,224.207,12
07.10.2024 16:33:24.000,224.216,224.216,224.216,224.216,12
07.10.2024 16:33:25.000,224.226,224.226,224.226,224.226,24
07.10.2024 16:33:26.000,224.216,224.216,224.216,224.216,24
07.10.2024 16:33:27.000,224.217,224.217,224.206,224.206,24
07.10.2024 16:33:32.000,224.197,224.197,224.177,224.177,24
07.10.2024 16:33:33.000,224.197,224.217,224.196,224.207,48
07.10.2024 16:33:34.000,224.206,224.206,224.206,224.206,12
07.10.2024 16:33:36.000,224.206,224.206,224.206,224.206,12
07.10.2024 16:33:38.000,224.206,224.206,224.206,224.206,12
07.10.2024 16:33:39.000,224.216,224.217,224.196,224.217,36
07.10.2024 16:33:44.000,224.216,224.216,224.216,224.216,12
07.10.2024 16:33:46.000,224.236,224.236,224.236,224.236,12
07.10.2024 16:33:49.000,224.216,224.256,224.216,224.227,48
07.10.2024 16:33:50.000,224.217,224.237,224.216,224.216,48
07.10.2024 16:33:51.000,224.196,224.207,224.196,224.196,36
07.10.2024 16:33:53.000,224.187,224.187,224.187,224.187,12
07.10.2024 16:33:54.000,224.187,224.187,224.177,224.177,24
07.10.2024 16:33:55.000,224.187,224.187,224.186,224.186,24
07.10.2024 16:33:57.000,224.197,224.197,224.197,224.197,12
07.10.2024 16:33:58.000,224.186,224.186,224.186,224.186,12
07.10.2024 16:34:00.000,224.197,224.206,224.196,224.196,60
07.10.2024 16:34:03.000,224.187,224.187,224.187,224.187,12
07.10.2024 16:34:04.000,224.197,224.197,224.197,224.197,12
07.10.2024 16:34:05.000,224.206,224.206,224.197,224.197,24
07.10.2024 16:34:06.000,224.196,224.197,224.196,224.197,24
07.10.2024 16:34:08.000,224.186,224.186,224.186,224.186,12
07.10.2024 16:34:09.000,224.187,224.196,224.187,224.196,36
07.10.2024 16:34:10.000,224.196,224.196,224.186,224.186,24
07.10.2024 16:34:12.000,224.187,224.187,224.187,224.187,12
07.10.2024 16:34:13.000,224.187,224.187,224.187,224.187,24
07.10.2024 16:34:14.000,224.187,224.187,224.187,224.187,12
07.10.2024 16:34:16.000,224.196,224.197,224.196,224.196,48
07.10.2024 16:34:17.000,224.186,224.186,224.186,224.186,24
07.10.2024 16:34:20.000,224.176,224.177,224.176,224.177,24
07.10.2024 16:34:22.000,224.186,224.186,224.176,224.176,24
07.10.2024 16:34:23.000,224.187,224.187,224.187,224.187,12
07.10.2024 16:34:26.000,224.186,224.186,224.186,224.186,12
07.10.2024 16:34:28.000,224.176,224.177,224.176,224.177,24
07.10.2024 16:34:29.000,224.177,224.177,224.176,224.176,24
07.10.2024 16:34:30.000,224.177,224.177,224.176,224.177,48
07.10.2024 16:34:31.000,224.146,224.147,224.146,224.147,36
07.10.2024 16:34:32.000,224.157,224.157,224.146,224.146,36
07.10.2024 16:34:36.000,224.146,224.147,224.146,224.147,24
07.10.2024 16:34:38.000,224.156,224.156,224.156,224.156,12
07.10.2024 16:34:39.000,224.146,224.146,224.146,224.146,12
07.10.2024 16:34:40.000,224.146,224.146,224.146,224.146,12
07.10.2024 16:34:41.000,224.127,224.127,224.127,224.127,12
07.10.2024 16:34:42.000,224.136,224.136,224.136,224.136,12
07.10.2024 16:34:43.000,224.127,224.127,224.126,224.126,24
07.10.2024 16:34:44.000,224.136,224.136,224.126,224.136,36
07.10.2024 16:34:45.000,224.137,224.137,224.137,224.137,12
07.10.2024 16:34:46.000,224.137,224.137,224.137,224.137,12
07.10.2024 16:34:47.000,224.146,224.147,224.136,224.136,36
07.10.2024 16:34:48.000,224.147,224.147,224.136,224.147,60
07.10.2024 16:34:49.000,224.156,224.156,224.156,224.156,12
07.10.2024 16:34:50.000,224.167,224.167,224.157,224.157,24
07.10.2024 16:34:51.000,224.167,224.167,224.167,224.167,12
07.10.2024 16:34:52.000,224.176,224.176,224.176,224.176,12
07.10.2024 16:34:54.000,224.176,224.176,224.176,224.176,12
07.10.2024 16:34:55.000,224.177,224.177,224.177,224.177,12
07.10.2024 16:34:56.000,224.167,224.167,224.167,224.167,12
07.10.2024 16:34:57.000,224.167,224.167,224.167,224.167,12
07.10.2024 16:34:58.000,224.166,224.177,224.166,224.177,24
07.10.2024 16:34:59.000,224.186,224.186,224.176,224.176,36
07.10.2024 16:35:01.000,224.166,224.167,224.166,224.167,24
07.10.2024 16:35:02.000,224.176,224.176,224.176,224.176,12
07.10.2024 16:35:05.000,224.187,224.187,224.187,224.187,12
07.10.2024 16:35:06.000,224.197,224.197,224.187,224.187,24
07.10.2024 16:35:07.000,224.196,224.196,224.187,224.187,24
07.10.2024 16:35:09.000,224.176,224.197,224.176,224.197,24
07.10.2024 16:35:10.000,224.206,224.206,224.206,224.206,12
07.10.2024 16:35:13.000,224.206,224.227,224.206,224.217,48
07.10.2024 16:35:14.000,224.226,224.236,224.226,224.236,24
07.10.2024 16:35:15.000,224.237,224.237,224.237,224.237,12
07.10.2024 16:35:18.000,224.246,224.247,224.246,224.247,24
07.10.2024 16:35:19.000,224.256,224.257,224.247,224.257,36
07.10.2024 16:35:20.000,224.246,224.257,224.246,224.256,48
07.10.2024 16:35:22.000,224.267,224.267,224.257,224.257,24
07.10.2024 16:35:23.000,224.236,224.236,224.236,224.236,36
07.10.2024 16:35:30.000,224.236,224.237,224.236,224.237,36
07.10.2024 16:35:31.000,224.227,224.227,224.206,224.206,24
07.10.2024 16:35:32.000,224.196,224.196,224.196,224.196,12
07.10.2024 16:35:33.000,224.206,224.206,224.206,224.206,12
07.10.2024 16:35:34.000,224.197,224.197,224.197,224.197,12
07.10.2024 16:35:41.000,224.206,224.206,224.166,224.166,48
07.10.2024 16:35:42.000,224.177,224.177,224.177,224.177,12
07.10.2024 16:35:43.000,224.176,224.176,224.176,224.176,24
07.10.2024 16:35:44.000,224.166,224.166,224.166,224.166,24
07.10.2024 16:35:45.000,224.177,224.177,224.177,224.177,12
07.10.2024 16:35:47.000,224.186,224.187,224.176,224.187,36
07.10.2024 16:35:48.000,224.186,224.186,224.186,224.186,12
07.10.2024 16:35:50.000,224.207,224.227,224.207,224.227,24
07.10.2024 16:36:01.000,224.227,224.227,224.227,224.227,12
07.10.2024 16:36:02.000,224.227,224.227,224.226,224.226,24
07.10.2024 16:36:03.000,224.226,224.227,224.226,224.227,36
07.10.2024 16:36:04.000,224.226,224.226,224.226,224.226,12
07.10.2024 16:36:05.000,224.227,224.227,224.226,224.227,72
07.10.2024 16:36:09.000,224.247,224.247,224.247,224.247,24
07.10.2024 16:36:12.000,224.256,224.277,224.256,224.277,36
07.10.2024 16:36:13.000,224.286,224.286,224.286,224.286,12
07.10.2024 16:36:14.000,224.296,224.296,224.266,224.266,36
07.10.2024 16:36:16.000,224.267,224.267,224.267,224.267,12
07.10.2024 16:36:17.000,224.276,224.276,224.276,224.276,12
07.10.2024 16:36:18.000,224.286,224.286,224.286,224.286,12
07.10.2024 16:36:22.000,224.287,224.326,224.287,224.326,36
07.10.2024 16:36:24.000,224.337,224.337,224.337,224.337,12
07.10.2024 16:36:29.000,224.337,224.337,224.336,224.336,24
07.10.2024 16:36:30.000,224.346,224.346,224.346,224.346,12
07.10.2024 16:36:34.000,224.347,224.367,224.347,224.367,24
07.10.2024 16:36:35.000,224.367,224.377,224.367,224.377,24
07.10.2024 16:36:37.000,224.357,224.357,224.357,224.357,12
07.10.2024 16:36:39.000,224.356,224.356,224.346,224.346,24
07.10.2024 16:36:40.000,224.356,224.356,224.356,224.356,12
07.10.2024 16:36:41.000,224.357,224.357,224.357,224.357,12
07.10.2024 16:36:42.000,224.357,224.357,224.357,224.357,24
07.10.2024 16:36:45.000,224.346,224.346,224.346,224.346,12
07.10.2024 16:36:47.000,224.346,224.357,224.346,224.357,36
07.10.2024 16:36:48.000,224.357,224.357,224.357,224.357,24
07.10.2024 16:36:57.000,224.377,224.387,224.377,224.387,24
07.10.2024 16:36:58.000,224.376,224.376,224.376,224.376,12
07.10.2024 16:36:59.000,224.387,224.387,224.387,224.387,24
07.10.2024 16:37:00.000,224.407,224.407,224.376,224.376,36
07.10.2024 16:37:01.000,224.367,224.367,224.367,224.367,24
07.10.2024 16:37:02.000,224.376,224.376,224.376,224.376,12
07.10.2024 16:37:03.000,224.387,224.387,224.376,224.376,36
07.10.2024 16:37:04.000,224.367,224.377,224.367,224.377,24
07.10.2024 16:37:05.000,224.356,224.356,224.356,224.356,12
07.10.2024 16:37:06.000,224.346,224.346,224.346,224.346,12
07.10.2024 16:37:13.000,224.346,224.347,224.346,224.347,36
07.10.2024 16:37:18.000,224.327,224.327,224.306,224.316,48
07.10.2024 16:37:19.000,224.326,224.326,224.326,224.326,12
07.10.2024 16:37:20.000,224.337,224.337,224.327,224.327,24
07.10.2024 16:37:21.000,224.317,224.317,224.307,224.307,36
07.10.2024 16:37:28.000,224.307,224.307,224.306,224.306,24
07.10.2024 16:37:30.000,224.307,224.307,224.307,224.307,12
07.10.2024 16:37:31.000,224.296,224.296,224.296,224.296,12
07.10.2024 16:37:32.000,224.296,224.316,224.296,224.316,24
07.10.2024 16:37:33.000,224.317,224.317,224.317,224.317,24
07.10.2024 16:37:34.000,224.337,224.337,224.327,224.327,24
07.10.2024 16:37:35.000,224.337,224.337,224.337,224.337,12
07.10.2024 16:37:39.000,224.356,224.356,224.336,224.346,36
07.10.2024 16:37:40.000,224.376,224.376,224.376,224.376,12
07.10.2024 16:37:41.000,224.347,224.347,224.336,224.336,24
07.10.2024 16:37:42.000,224.336,224.336,224.336,224.336,12
07.10.2024 16:37:46.000,224.346,224.346,224.346,224.346,12
07.10.2024 16:37:47.000,224.336,224.336,224.336,224.336,12
07.10.2024 16:37:48.000,224.336,224.336,224.336,224.336,12
07.10.2024 16:37:51.000,224.346,224.346,224.337,224.337,24
07.10.2024 16:37:56.000,224.356,224.356,224.356,224.356,12
07.10.2024 16:37:57.000,224.377,224.377,224.357,224.357,24
07.10.2024 16:37:59.000,224.367,224.367,224.367,224.367,12
07.10.2024 16:38:01.000,224.377,224.386,224.377,224.386,24
07.10.2024 16:38:07.000,224.356,224.356,224.356,224.356,12
07.10.2024 16:38:10.000,224.356,224.367,224.347,224.347,36
07.10.2024 16:38:11.000,224.327,224.327,224.327,224.327,12
07.10.2024 16:38:12.000,224.326,224.347,224.326,224.347,48
07.10.2024 16:38:15.000,224.366,224.367,224.357,224.367,48
07.10.2024 16:38:16.000,224.357,224.357,224.357,224.357,12
07.10.2024 16:38:17.000,224.356,224.356,224.356,224.356,12
07.10.2024 16:38:18.000,224.356,224.366,224.356,224.366,24
07.10.2024 16:38:21.000,224.367,224.367,224.367,224.367,12
07.10.2024 16:38:23.000,224.387,224.387,224.387,224.387,12
07.10.2024 16:38:24.000,224.367,224.367,224.367,224.367,12
07.10.2024 16:38:25.000,224.367,224.367,224.346,224.346,24
07.10.2024 16:38:26.000,224.346,224.346,224.346,224.346,12
07.10.2024 16:38:29.000,224.346,224.346,224.346,224.346,12
07.10.2024 16:38:31.000,224.347,224.347,224.336,224.336,24
07.10.2024 16:38:41.000,224.346,224.366,224.346,224.366,24
07.10.2024 16:38:42.000,224.346,224.346,224.346,224.346,24
07.10.2024 16:38:46.000,224.357,224.357,224.357,224.357,12
07.10.2024 16:38:47.000,224.347,224.347,224.347,224.347,12
07.10.2024 16:38:48.000,224.336,224.336,224.336,224.336,12
07.10.2024 16:38:50.000,224.336,224.336,224.336,224.336,12
07.10.2024 16:38:51.000,224.337,224.337,224.316,224.316,24
07.10.2024 16:38:52.000,224.326,224.327,224.326,224.327,24
07.10.2024 16:38:54.000,224.337,224.337,224.326,224.337,60
07.10.2024 16:38:55.000,224.326,224.327,224.326,224.327,24
07.10.2024 16:38:56.000,224.337,224.337,224.337,224.337,24
07.10.2024 16:38:59.000,224.337,224.347,224.337,224.347,24
07.10.2024 16:39:00.000,224.336,224.356,224.336,224.356,60
07.10.2024 16:39:01.000,224.366,224.387,224.366,224.377,48
07.10.2024 16:39:02.000,224.367,224.367,224.367,224.367,12
07.10.2024 16:39:04.000,224.366,224.366,224.366,224.366,12
07.10.2024 16:39:05.000,224.346,224.346,224.336,224.336,36
07.10.2024 16:39:09.000,224.317,224.317,224.317,224.317,12
07.10.2024 16:39:13.000,224.317,224.317,224.317,224.317,12
07.10.2024 16:39:15.000,224.317,224.317,224.317,224.317,12
07.10.2024 16:39:17.000,224.326,224.326,224.326,224.326,12
07.10.2024 16:39:22.000,224.316,224.316,224.316,224.316,12
07.10.2024 16:39:25.000,224.297,224.297,224.297,224.297,12
07.10.2024 16:39:26.000,224.276,224.276,224.276,224.276,12
07.10.2024 16:39:28.000,224.287,224.287,224.277,224.277,24
07.10.2024 16:39:29.000,224.266,224.266,224.266,224.266,12
07.10.2024 16:39:30.000,224.266,224.266,224.257,224.257,24
07.10.2024 16:39:31.000,224.247,224.247,224.247,224.247,12
07.10.2024 16:39:32.000,224.247,224.247,224.247,224.247,12
07.10.2024 16:39:33.000,224.247,224.247,224.247,224.247,24
07.10.2024 16:39:35.000,224.236,224.236,224.236,224.236,12
07.10.2024 16:39:36.000,224.246,224.246,224.246,224.246,12
07.10.2024 16:39:37.000,224.257,224.257,224.257,224.257,12
07.10.2024 16:39:38.000,224.246,224.246,224.246,224.246,12
07.10.2024 16:39:39.000,224.247,224.247,224.247,224.247,48
07.10.2024 16:39:41.000,224.256,224.267,224.256,224.267,24
07.10.2024 16:39:43.000,224.256,224.256,224.256,224.256,12
07.10.2024 16:39:59.000,224.236,224.236,224.236,224.236,12
07.10.2024 16:40:00.000,224.226,224.256,224.226,224.256,84.00000000000001
07.10.2024 16:40:01.000,224.246,224.247,224.246,224.246,36
07.10.2024 16:40:02.000,224.236,224.236,224.216,224.226,60
07.10.2024 16:40:03.000,224.217,224.217,224.217,224.217,12
07.10.2024 16:40:04.000,224.216,224.237,224.216,224.216,48
07.10.2024 16:40:05.000,224.216,224.227,224.216,224.227,36
07.10.2024 16:40:06.000,224.217,224.217,224.217,224.217,12
07.10.2024 16:40:08.000,224.227,224.227,224.227,224.227,12
07.10.2024 16:40:09.000,224.237,224.237,224.237,224.237,24
07.10.2024 16:40:11.000,224.247,224.247,224.236,224.236,24
07.10.2024 16:40:12.000,224.247,224.247,224.247,224.247,12
07.10.2024 16:40:14.000,224.236,224.236,224.236,224.236,12
07.10.2024 16:40:15.000,224.247,224.247,224.247,224.247,12
07.10.2024 16:40:16.000,224.236,224.236,224.236,224.236,12
07.10.2024 16:40:19.000,224.247,224.247,224.247,224.247,12
07.10.2024 16:40:20.000,224.237,224.237,224.237,224.237,12
07.10.2024 16:40:21.000,224.247,224.247,224.247,224.247,12
07.10.2024 16:40:23.000,224.236,224.236,224.217,224.217,24
07.10.2024 16:40:24.000,224.197,224.197,224.197,224.197,12
07.10.2024 16:40:25.000,224.206,224.206,224.206,224.206,12
07.10.2024 16:40:26.000,224.197,224.197,224.197,224.197,12
07.10.2024 16:40:27.000,224.196,224.196,224.196,224.196,12
07.10.2024 16:40:30.000,224.207,224.207,224.207,224.207,12
07.10.2024 16:40:31.000,224.216,224.216,224.216,224.216,24
07.10.2024 16:40:32.000,224.226,224.226,224.226,224.226,12
07.10.2024 16:40:33.000,224.227,224.227,224.227,224.227,12
07.10.2024 16:40:37.000,224.216,224.216,224.216,224.216,12
07.10.2024 16:40:40.000,224.226,224.226,224.226,224.226,12
07.10.2024 16:40:41.000,224.246,224.246,224.236,224.236,24
07.10.2024 16:40:42.000,224.227,224.257,224.226,224.257,36
07.10.2024 16:40:45.000,224.257,224.257,224.236,224.237,84.00000000000001
07.10.2024 16:40:46.000,224.227,224.236,224.227,224.236,24
07.10.2024 16:40:47.000,224.246,224.246,224.237,224.237,24
07.10.2024 16:40:48.000,224.246,224.247,224.236,224.247,36
07.10.2024 16:40:51.000,224.266,224.266,224.266,224.266,12
07.10.2024 16:40:52.000,224.276,224.276,224.276,224.276,12
07.10.2024 16:40:54.000,224.256,224.256,224.256,224.256,12
07.10.2024 16:40:55.000,224.256,224.256,224.256,224.256,12
07.10.2024 16:40:57.000,224.276,224.287,224.276,224.276,48
07.10.2024 16:41:00.000,224.296,224.296,224.296,224.296,12
07.10.2024 16:41:01.000,224.267,224.267,224.267,224.267,12
07.10.2024 16:41:02.000,224.267,224.276,224.266,224.266,48
07.10.2024 16:41:04.000,224.267,224.267,224.267,224.267,12
07.10.2024 16:41:05.000,224.256,224.256,224.256,224.256,12
07.10.2024 16:41:06.000,224.267,224.267,224.267,224.267,12
07.10.2024 16:41:11.000,224.246,224.246,224.226,224.236,48
07.10.2024 16:41:12.000,224.236,224.236,224.236,224.236,12
07.10.2024 16:41:14.000,224.246,224.246,224.236,224.236,24
07.10.2024 16:41:15.000,224.226,224.226,224.226,224.226,12
07.10.2024 16:41:16.000,224.226,224.226,224.226,224.226,24
07.10.2024 16:41:17.000,224.247,224.257,224.247,224.257,24
07.10.2024 16:41:19.000,224.256,224.256,224.256,224.256,12
07.10.2024 16:41:20.000,224.267,224.267,224.267,224.267,12
07.10.2024 16:41:21.000,224.257,224.257,224.257,224.257,12
07.10.2024 16:41:24.000,224.257,224.257,224.256,224.256,24
07.10.2024 16:41:30.000,224.266,224.266,224.266,224.266,12
07.10.2024 16:41:31.000,224.267,224.267,224.256,224.256,36
07.10.2024 16:41:33.000,224.257,224.257,224.257,224.257,24
07.10.2024 16:41:34.000,224.266,224.276,224.266,224.276,36
07.10.2024 16:41:35.000,224.266,224.266,224.266,224.266,12
07.10.2024 16:41:36.000,224.276,224.277,224.257,224.277,36
07.10.2024 16:41:43.000,224.256,224.256,224.256,224.256,12
07.10.2024 16:41:44.000,224.267,224.277,224.267,224.277,24
07.10.2024 16:41:45.000,224.267,224.276,224.267,224.276,24
07.10.2024 16:41:47.000,224.267,224.267,224.267,224.267,12
07.10.2024 16:41:51.000,224.277,224.277,224.256,224.276,48
07.10.2024 16:41:54.000,224.277,224.277,224.277,224.277,12
07.10.2024 16:41:56.000,224.276,224.287,224.276,224.287,24
07.10.2024 16:41:57.000,224.277,224.287,224.277,224.287,24
07.10.2024 16:41:58.000,224.276,224.276,224.276,224.276,12
07.10.2024 16:41:59.000,224.277,224.277,224.277,224.277,12
07.10.2024 16:42:00.000,224.296,224.296,224.296,224.296,12
07.10.2024 16:42:01.000,224.276,224.276,224.276,224.276,12
07.10.2024 16:42:02.000,224.276,224.276,224.276,224.276,12
07.10.2024 16:42:03.000,224.257,224.257,224.257,224.257,12
07.10.2024 16:42:05.000,224.267,224.267,224.257,224.257,24
07.10.2024 16:42:09.000,224.277,224.277,224.256,224.276,36
07.10.2024 16:42:13.000,224.276,224.296,224.276,224.296,48
07.10.2024 16:42:14.000,224.307,224.327,224.307,224.317,60
07.10.2024 16:42:15.000,224.327,224.327,224.327,224.327,12
07.10.2024 16:42:16.000,224.327,224.336,224.327,224.336,24
07.10.2024 16:42:17.000,224.327,224.346,224.327,224.346,24
07.10.2024 16:42:24.000,224.346,224.367,224.346,224.347,36
07.10.2024 16:42:35.000,224.346,224.346,224.346,224.346,12
07.10.2024 16:42:36.000,224.346,224.346,224.346,224.346,12
07.10.2024 16:42:37.000,224.347,224.347,224.347,224.347,12
07.10.2024 16:42:43.000,224.337,224.337,224.336,224.336,24
07.10.2024 16:42:45.000,224.326,224.326,224.326,224.326,24
07.10.2024 16:42:49.000,224.336,224.336,224.336,224.336,12
07.10.2024 16:42:55.000,224.336,224.336,224.336,224.336,12
07.10.2024 16:42:56.000,224.336,224.336,224.336,224.336,12
07.10.2024 16:42:57.000,224.356,224.356,224.347,224.347,24
07.10.2024 16:42:58.000,224.336,224.347,224.336,224.347,36
07.10.2024 16:42:59.000,224.336,224.336,224.336,224.336,12
07.10.2024 16:43:00.000,224.336,224.336,224.336,224.336,12
07.10.2024 16:43:01.000,224.336,224.336,224.336,224.336,12
07.10.2024 16:43:02.000,224.286,224.286,224.276,224.276,36
07.10.2024 16:43:03.000,224.277,224.277,224.277,224.277,12
07.10.2024 16:43:04.000,224.286,224.286,224.276,224.286,36
07.10.2024 16:43:05.000,224.287,224.307,224.287,224.306,48
07.10.2024 16:43:09.000,224.287,224.287,224.276,224.276,24
07.10.2024 16:43:10.000,224.287,224.287,224.287,224.287,12
07.10.2024 16:43:11.000,224.276,224.276,224.276,224.276,24
07.10.2024 16:43:14.000,224.296,224.296,224.296,224.296,12
07.10.2024 16:43:15.000,224.296,224.296,224.286,224.286,36
07.10.2024 16:43:16.000,224.307,224.307,224.307,224.307,12
07.10.2024 16:43:17.000,224.316,224.317,224.316,224.317,24
07.10.2024 16:43:18.000,224.306,224.306,224.296,224.306,36
07.10.2024 16:43:19.000,224.317,224.317,224.317,224.317,12
07.10.2024 16:43:21.000,224.306,224.306,224.306,224.306,12
07.10.2024 16:43:22.000,224.296,224.297,224.296,224.297,24
07.10.2024 16:43:25.000,224.296,224.296,224.296,224.296,12
07.10.2024 16:43:26.000,224.307,224.307,224.296,224.296,24
07.10.2024 16:43:27.000,224.287,224.287,224.277,224.277,36
07.10.2024 16:43:29.000,224.257,224.257,224.257,224.257,24
07.10.2024 16:43:31.000,224.256,224.256,224.226,224.247,48
07.10.2024 16:43:32.000,224.246,224.246,224.246,224.246,12
07.10.2024 16:43:33.000,224.256,224.256,224.256,224.256,12
07.10.2024 16:43:35.000,224.256,224.256,224.256,224.256,24
07.10.2024 16:43:37.000,224.256,224.267,224.256,224.267,24
07.10.2024 16:43:38.000,224.257,224.267,224.257,224.257,48
07.10.2024 16:43:39.000,224.256,224.256,224.256,224.256,12
07.10.2024 16:43:40.000,224.257,224.267,224.257,224.267,24
07.10.2024 16:43:43.000,224.276,224.276,224.276,224.276,12
07.10.2024 16:43:44.000,224.266,224.266,224.266,224.266,12
07.10.2024 16:43:45.000,224.276,224.276,224.276,224.276,12
07.10.2024 16:43:46.000,224.266,224.266,224.266,224.266,12
07.10.2024 16:43:48.000,224.266,224.266,224.266,224.266,12
07.10.2024 16:43:50.000,224.276,224.276,224.267,224.267,24
07.10.2024 16:43:51.000,224.246,224.246,224.246,224.246,12
07.10.2024 16:43:52.000,224.247,224.247,224.247,224.247,12
07.10.2024 16:43:56.000,224.256,224.256,224.256,224.256,12
07.10.2024 16:43:57.000,224.247,224.247,224.247,224.247,12
07.10.2024 16:43:58.000,224.257,224.266,224.257,224.266,24
07.10.2024 16:44:00.000,224.277,224.277,224.247,224.247,24
07.10.2024 16:44:01.000,224.247,224.247,224.247,224.247,12
07.10.2024 16:44:05.000,224.237,224.237,224.216,224.216,48
07.10.2024 16:44:06.000,224.216,224.226,224.216,224.226,36
07.10.2024 16:44:07.000,224.227,224.227,224.216,224.216,24
07.10.2024 16:44:08.000,224.216,224.216,224.216,224.216,24
07.10.2024 16:44:11.000,224.227,224.227,224.217,224.217,36
07.10.2024 16:44:12.000,224.226,224.226,224.226,224.226,12
07.10.2024 16:44:16.000,224.216,224.216,224.216,224.216,12
07.10.2024 16:44:20.000,224.227,224.227,224.227,224.227,12
07.10.2024 16:44:24.000,224.246,224.247,224.246,224.247,48
07.10.2024 16:44:27.000,224.257,224.257,224.247,224.247,24
07.10.2024 16:44:28.000,224.236,224.236,224.236,224.236,12
07.10.2024 16:44:29.000,224.236,224.236,224.226,224.226,24
07.10.2024 16:44:30.000,224.226,224.226,224.226,224.226,36
07.10.2024 16:44:31.000,224.226,224.226,224.226,224.226,12
07.10.2024 16:44:32.000,224.216,224.216,224.216,224.216,24
07.10.2024 16:44:34.000,224.207,224.207,224.177,224.177,36
07.10.2024 16:44:35.000,224.187,224.197,224.187,224.197,36
07.10.2024 16:44:38.000,224.207,224.207,224.207,224.207,12
07.10.2024 16:44:40.000,224.206,224.206,224.206,224.206,12
07.10.2024 16:44:42.000,224.207,224.207,224.206,224.207,48
07.10.2024 16:44:43.000,224.197,224.197,224.187,224.187,24
07.10.2024 16:44:44.000,224.187,224.187,224.187,224.187,12
07.10.2024 16:44:45.000,224.196,224.196,224.196,224.196,12
07.10.2024 16:44:46.000,224.177,224.177,224.177,224.177,24
07.10.2024 16:44:48.000,224.187,224.187,224.176,224.176,48
07.10.2024 16:44:49.000,224.187,224.187,224.176,224.176,24
07.10.2024 16:44:50.000,224.186,224.186,224.156,224.156,48
07.10.2024 16:44:51.000,224.157,224.157,224.157,224.157,12
07.10.2024 16:44:52.000,224.146,224.146,224.146,224.146,12
07.10.2024 16:44:53.000,224.157,224.157,224.156,224.156,24
07.10.2024 16:44:54.000,224.146,224.146,224.136,224.136,36
07.10.2024 16:44:55.000,224.136,224.137,224.136,224.136,48
07.10.2024 16:44:56.000,224.147,224.147,224.147,224.147,24
07.10.2024 16:44:58.000,224.146,224.146,224.146,224.146,24
07.10.2024 16:45:00.000,224.147,224.147,224.147,224.147,12
07.10.2024 16:45:01.000,224.137,224.137,224.117,224.126,48
07.10.2024 16:45:03.000,224.127,224.127,224.127,224.127,12
07.10.2024 16:45:04.000,224.127,224.156,224.127,224.146,48
07.10.2024 16:45:05.000,224.146,224.157,224.146,224.157,24
07.10.2024 16:45:06.000,224.146,224.147,224.146,224.147,24
07.10.2024 16:45:07.000,224.146,224.146,224.146,224.146,36
07.10.2024 16:45:08.000,224.147,224.157,224.147,224.147,48
07.10.2024 16:45:09.000,224.146,224.146,224.146,224.146,36
07.10.2024 16:45:10.000,224.147,224.147,224.147,224.147,36
07.10.2024 16:45:11.000,224.136,224.137,224.136,224.136,36
07.10.2024 16:45:12.000,224.127,224.127,224.116,224.116,24
07.10.2024 16:45:13.000,224.126,224.146,224.126,224.136,36
07.10.2024 16:45:14.000,224.126,224.126,224.117,224.126,36
07.10.2024 16:45:16.000,224.136,224.136,224.136,224.136,12
07.10.2024 16:45:17.000,224.137,224.137,224.137,224.137,12
07.10.2024 16:45:18.000,224.157,224.157,224.147,224.147,24
07.10.2024 16:45:19.000,224.157,224.157,224.156,224.156,24
07.10.2024 16:45:20.000,224.166,224.166,224.166,224.166,12
07.10.2024 16:45:21.000,224.167,224.167,224.166,224.166,24
07.10.2024 16:45:22.000,224.167,224.167,224.146,224.147,36
07.10.2024 16:45:25.000,224.147,224.147,224.147,224.147,12
07.10.2024 16:45:27.000,224.147,224.147,224.147,224.147,24
07.10.2024 16:45:30.000,224.146,224.146,224.146,224.146,12
07.10.2024 16:45:32.000,224.126,224.126,224.126,224.126,12
07.10.2024 16:45:37.000,224.116,224.116,224.116,224.116,12
07.10.2024 16:45:38.000,224.116,224.116,224.106,224.106,24
07.10.2024 16:45:39.000,224.097,224.097,224.077,224.077,24
07.10.2024 16:45:40.000,224.076,224.076,224.076,224.076,24
07.10.2024 16:45:41.000,224.067,224.067,224.067,224.067,12
07.10.2024 16:45:42.000,224.066,224.066,224.066,224.066,24
07.10.2024 16:45:44.000,224.067,224.067,224.066,224.066,24
07.10.2024 16:45:45.000,224.066,224.086,224.066,224.086,24
07.10.2024 16:45:46.000,224.077,224.077,224.077,224.077,12
07.10.2024 16:45:47.000,224.066,224.066,224.066,224.066,12
07.10.2024 16:45:48.000,224.097,224.097,224.097,224.097,12
07.10.2024 16:45:49.000,224.097,224.117,224.096,224.116,60
07.10.2024 16:45:50.000,224.117,224.117,224.117,224.117,12
07.10.2024 16:45:51.000,224.137,224.137,224.096,224.096,48
07.10.2024 16:45:52.000,224.096,224.097,224.096,224.097,24
07.10.2024 16:45:53.000,224.107,224.107,224.107,224.107,12
07.10.2024 16:45:54.000,224.097,224.097,224.097,224.097,24
07.10.2024 16:45:55.000,224.106,224.107,224.106,224.107,24
07.10.2024 16:45:56.000,224.077,224.077,224.077,224.077,12
07.10.2024 16:45:57.000,224.067,224.067,224.067,224.067,12
07.10.2024 16:45:58.000,224.066,224.066,224.066,224.066,12
07.10.2024 16:46:02.000,224.066,224.067,224.066,224.066,60
07.10.2024 16:46:03.000,224.077,224.077,224.067,224.067,36
07.10.2024 16:46:06.000,224.066,224.077,224.066,224.066,36
07.10.2024 16:46:07.000,224.067,224.067,224.067,224.067,12
07.10.2024 16:46:08.000,224.066,224.066,224.066,224.066,12
07.10.2024 16:46:11.000,224.066,224.066,224.066,224.066,24
07.10.2024 16:46:13.000,224.067,224.067,224.056,224.056,36
07.10.2024 16:46:15.000,224.067,224.067,224.057,224.057,24
07.10.2024 16:46:16.000,224.066,224.067,224.066,224.067,24
07.10.2024 16:46:19.000,224.076,224.076,224.076,224.076,12
07.10.2024 16:46:20.000,224.077,224.077,224.057,224.057,36
07.10.2024 16:46:23.000,224.056,224.056,224.056,224.056,12
07.10.2024 16:46:24.000,224.066,224.066,224.066,224.066,12
07.10.2024 16:46:25.000,224.056,224.056,224.056,224.056,24
07.10.2024 16:46:26.000,224.056,224.057,224.056,224.057,24
07.10.2024 16:46:28.000,224.057,224.057,224.057,224.057,12
07.10.2024 16:46:29.000,224.047,224.047,224.047,224.047,12
07.10.2024 16:46:30.000,224.036,224.036,224.016,224.016,36
07.10.2024 16:46:31.000,224.007,224.007,223.996,224.007,48
07.10.2024 16:46:32.000,224.016,224.016,224.016,224.016,12
07.10.2024 16:46:33.000,224.027,224.027,224.006,224.016,60
07.10.2024 16:46:34.000,224.006,224.027,224.006,224.027,24
07.10.2024 16:46:36.000,224.026,224.027,224.026,224.026,60
07.10.2024 16:46:37.000,224.027,224.027,224.027,224.027,12
07.10.2024 16:46:38.000,224.037,224.037,224.037,224.037,12
07.10.2024 16:46:39.000,224.036,224.046,224.036,224.036,48
07.10.2024 16:46:40.000,224.047,224.047,224.046,224.047,36
07.10.2024 16:46:42.000,224.046,224.067,224.046,224.067,36
07.10.2024 16:46:43.000,224.076,224.076,224.076,224.076,12
07.10.2024 16:46:48.000,224.076,224.076,224.056,224.056,24
07.10.2024 16:46:50.000,224.047,224.047,224.047,224.047,12
07.10.2024 16:46:51.000,224.046,224.047,224.036,224.036,36
07.10.2024 16:46:52.000,224.036,224.037,224.036,224.037,24
07.10.2024 16:46:53.000,224.047,224.047,224.037,224.037,36
07.10.2024 16:46:54.000,224.027,224.027,224.016,224.026,48
07.10.2024 16:46:55.000,224.027,224.036,224.026,224.026,36
07.10.2024 16:46:56.000,224.036,224.036,224.036,224.036,12
07.10.2024 16:46:57.000,224.026,224.026,224.026,224.026,12
07.10.2024 16:46:58.000,224.026,224.026,224.017,224.017,24
07.10.2024 16:46:59.000,224.016,224.016,224.016,224.016,12
07.10.2024 16:47:01.000,224.017,224.046,224.017,224.046,24
07.10.2024 16:47:02.000,224.036,224.036,224.036,224.036,12
07.10.2024 16:47:03.000,224.037,224.037,224.037,224.037,12
07.10.2024 16:47:05.000,224.046,224.047,224.046,224.046,36
07.10.2024 16:47:06.000,224.046,224.046,224.046,224.046,12
07.10.2024 16:47:08.000,224.036,224.036,224.036,224.036,12
07.10.2024 16:47:09.000,224.037,224.037,224.037,224.037,12
07.10.2024 16:47:10.000,224.046,224.046,224.046,224.046,12
07.10.2024 16:47:11.000,224.036,224.057,224.036,224.057,24
07.10.2024 16:47:12.000,224.067,224.067,224.067,224.067,12
07.10.2024 16:47:13.000,224.056,224.086,224.056,224.086,24
07.10.2024 16:47:14.000,224.086,224.107,224.086,224.107,24
07.10.2024 16:47:15.000,224.107,224.117,224.106,224.106,36
07.10.2024 16:47:16.000,224.096,224.096,224.086,224.086,36
07.10.2024 16:47:17.000,224.097,224.097,224.086,224.086,24
07.10.2024 16:47:20.000,224.086,224.086,224.086,224.086,12
07.10.2024 16:47:22.000,224.066,224.066,224.066,224.066,12
07.10.2024 16:47:23.000,224.057,224.057,224.057,224.057,12
07.10.2024 16:47:24.000,224.046,224.046,224.037,224.037,24
07.10.2024 16:47:26.000,224.047,224.047,224.046,224.046,24
07.10.2024 16:47:27.000,224.057,224.057,224.057,224.057,12
07.10.2024 16:47:29.000,224.056,224.056,224.056,224.056,12
07.10.2024 16:47:31.000,224.087,224.087,224.087,224.087,12
07.10.2024 16:47:32.000,224.106,224.106,224.106,224.106,12
07.10.2024 16:47:33.000,224.107,224.107,224.107,224.107,12
07.10.2024 16:47:35.000,224.096,224.096,224.086,224.086,24
07.10.2024 16:47:37.000,224.087,224.087,224.087,224.087,12
07.10.2024 16:47:38.000,224.096,224.096,224.096,224.096,12
07.10.2024 16:47:45.000,224.107,224.107,224.107,224.107,12
07.10.2024 16:47:46.000,224.116,224.116,224.116,224.116,12
07.10.2024 16:47:48.000,224.106,224.106,224.096,224.097,36
07.10.2024 16:47:51.000,224.097,224.097,224.097,224.097,12
07.10.2024 16:47:52.000,224.106,224.106,224.097,224.097,24
07.10.2024 16:47:53.000,224.086,224.097,224.086,224.097,60
07.10.2024 16:47:55.000,224.086,224.117,224.086,224.087,48
07.10.2024 16:47:59.000,224.096,224.096,224.096,224.096,12
07.10.2024 16:48:00.000,224.096,224.117,224.096,224.117,24
07.10.2024 16:48:01.000,224.116,224.116,224.116,224.116,36
07.10.2024 16:48:03.000,224.086,224.106,224.086,224.106,24
07.10.2024 16:48:05.000,224.107,224.107,224.106,224.106,36
07.10.2024 16:48:06.000,224.087,224.087,224.086,224.086,24
07.10.2024 16:48:07.000,224.086,224.086,224.086,224.086,24
07.10.2024 16:48:08.000,224.066,224.077,224.066,224.076,36
07.10.2024 16:48:10.000,224.086,224.087,224.086,224.087,36
07.10.2024 16:48:12.000,224.097,224.097,224.097,224.097,12
07.10.2024 16:48:13.000,224.096,224.097,224.096,224.097,24
07.10.2024 16:48:16.000,224.096,224.096,224.096,224.096,24
07.10.2024 16:48:19.000,224.096,224.096,224.096,224.096,24
07.10.2024 16:48:21.000,224.106,224.106,224.106,224.106,12
07.10.2024 16:48:22.000,224.117,224.117,224.117,224.117,12
07.10.2024 16:48:23.000,224.126,224.146,224.126,224.146,24
07.10.2024 16:48:24.000,224.156,224.156,224.156,224.156,12
07.10.2024 16:48:25.000,224.147,224.147,224.136,224.136,36
07.10.2024 16:48:28.000,224.146,224.146,224.126,224.126,36
07.10.2024 16:48:33.000,224.106,224.106,224.106,224.106,12
07.10.2024 16:48:34.000,224.096,224.096,224.096,224.096,12
07.10.2024 16:48:43.000,224.106,224.106,224.106,224.106,12
07.10.2024 16:48:45.000,224.117,224.117,224.097,224.107,48
07.10.2024 16:48:46.000,224.097,224.107,224.096,224.097,72
07.10.2024 16:48:47.000,224.097,224.097,224.096,224.096,24
07.10.2024 16:48:51.000,224.096,224.096,224.096,224.096,12
07.10.2024 16:48:52.000,224.107,224.107,224.107,224.107,12
07.10.2024 16:48:54.000,224.097,224.097,224.097,224.097,12
07.10.2024 16:48:56.000,224.106,224.106,224.097,224.097,24
07.10.2024 16:48:57.000,224.107,224.107,224.107,224.107,12
07.10.2024 16:48:58.000,224.096,224.096,224.096,224.096,12
07.10.2024 16:48:59.000,224.107,224.107,224.097,224.097,24
07.10.2024 16:49:02.000,224.096,224.096,224.096,224.096,12
07.10.2024 16:49:06.000,224.096,224.096,224.096,224.096,12
07.10.2024 16:49:21.000,224.097,224.097,224.097,224.097,12
07.10.2024 16:49:23.000,224.096,224.096,224.096,224.096,12
07.10.2024 16:49:29.000,224.087,224.087,224.087,224.087,12
07.10.2024 16:49:34.000,224.076,224.087,224.076,224.087,24
07.10.2024 16:49:35.000,224.087,224.087,224.087,224.087,12
07.10.2024 16:49:36.000,224.086,224.087,224.086,224.087,24
07.10.2024 16:49:37.000,224.097,224.097,224.097,224.097,12
07.10.2024 16:49:43.000,224.087,224.087,224.087,224.087,12
07.10.2024 16:49:45.000,224.096,224.096,224.096,224.096,12
07.10.2024 16:49:48.000,224.097,224.097,224.097,224.097,12
07.10.2024 16:49:51.000,224.087,224.097,224.087,224.097,24
07.10.2024 16:49:56.000,224.096,224.106,224.096,224.106,24
07.10.2024 16:50:00.000,224.096,224.097,224.096,224.097,24
07.10.2024 16:50:03.000,224.096,224.096,224.096,224.096,12
07.10.2024 16:50:06.000,224.086,224.086,224.086,224.086,24
07.10.2024 16:50:07.000,224.077,224.077,224.077,224.077,12
07.10.2024 16:50:11.000,224.067,224.067,224.066,224.066,24
07.10.2024 16:50:12.000,224.076,224.076,224.066,224.066,48
07.10.2024 16:50:13.000,224.077,224.077,224.077,224.077,12
07.10.2024 16:50:14.000,224.077,224.077,224.077,224.077,12
07.10.2024 16:50:16.000,224.086,224.086,224.086,224.086,12
07.10.2024 16:50:17.000,224.077,224.087,224.077,224.087,24
07.10.2024 16:50:18.000,224.086,224.087,224.086,224.087,24
07.10.2024 16:50:19.000,224.087,224.087,224.087,224.087,12
07.10.2024 16:50:20.000,224.076,224.077,224.076,224.077,24
07.10.2024 16:50:21.000,224.066,224.087,224.066,224.087,48
07.10.2024 16:50:23.000,224.076,224.077,224.076,224.077,24
07.10.2024 16:50:24.000,224.076,224.076,224.076,224.076,12
07.10.2024 16:50:25.000,224.066,224.066,224.066,224.066,12
07.10.2024 16:50:26.000,224.067,224.067,224.066,224.066,24
07.10.2024 16:50:28.000,224.037,224.037,224.036,224.036,24
07.10.2024 16:50:31.000,224.026,224.027,224.016,224.016,48
07.10.2024 16:50:32.000,224.007,224.007,223.967,223.967,48
07.10.2024 16:50:33.000,223.946,223.947,223.906,223.916,96
07.10.2024 16:50:34.000,223.916,223.936,223.916,223.936,48
07.10.2024 16:50:36.000,223.947,223.947,223.947,223.947,12
07.10.2024 16:50:39.000,223.936,223.956,223.936,223.956,24
07.10.2024 16:50:40.000,223.946,223.947,223.946,223.946,48
07.10.2024 16:50:42.000,223.967,223.967,223.967,223.967,12
07.10.2024 16:50:44.000,223.946,223.946,223.946,223.946,12
07.10.2024 16:50:45.000,223.946,223.956,223.946,223.956,24
07.10.2024 16:50:47.000,223.966,223.977,223.966,223.977,24
07.10.2024 16:50:48.000,223.966,223.987,223.966,223.987,24
07.10.2024 16:50:49.000,223.987,223.987,223.987,223.987,12
07.10.2024 16:50:50.000,223.986,223.986,223.986,223.986,24
07.10.2024 16:50:51.000,223.987,223.987,223.987,223.987,12
07.10.2024 16:50:52.000,223.987,223.987,223.987,223.987,12
07.10.2024 16:50:54.000,223.966,223.966,223.966,223.966,12
07.10.2024 16:50:56.000,223.967,223.967,223.967,223.967,12
07.10.2024 16:50:59.000,223.966,223.966,223.966,223.966,12
07.10.2024 16:51:01.000,223.956,223.956,223.956,223.956,24
07.10.2024 16:51:02.000,223.957,223.966,223.957,223.966,24
07.10.2024 16:51:03.000,223.957,223.957,223.957,223.957,12
07.10.2024 16:51:04.000,223.957,223.957,223.957,223.957,12
07.10.2024 16:51:05.000,223.947,223.947,223.947,223.947,12
07.10.2024 16:51:06.000,223.946,223.946,223.946,223.946,12
07.10.2024 16:51:07.000,223.906,223.907,223.906,223.907,24
07.10.2024 16:51:08.000,223.896,223.897,223.887,223.887,36
07.10.2024 16:51:10.000,223.886,223.896,223.886,223.896,24
07.10.2024 16:51:12.000,223.896,223.896,223.896,223.896,12
07.10.2024 16:51:15.000,223.917,223.927,223.917,223.927,24
07.10.2024 16:51:16.000,223.927,223.937,223.927,223.937,24
07.10.2024 16:51:17.000,223.927,223.927,223.927,223.927,12
07.10.2024 16:51:18.000,223.947,223.947,223.947,223.947,12
07.10.2024 16:51:19.000,223.946,223.956,223.946,223.956,24
07.10.2024 16:51:21.000,223.957,223.966,223.957,223.966,24
07.10.2024 16:51:22.000,223.966,223.977,223.966,223.966,72
07.10.2024 16:51:23.000,223.977,223.977,223.967,223.967,24
07.10.2024 16:51:24.000,223.976,223.976,223.967,223.967,24
07.10.2024 16:51:25.000,223.967,223.967,223.966,223.966,24
07.10.2024 16:51:28.000,223.967,223.967,223.967,223.967,12
07.10.2024 16:51:30.000,223.927,223.927,223.927,223.927,12
07.10.2024 16:51:31.000,223.936,223.937,223.936,223.937,36
07.10.2024 16:51:34.000,223.946,223.946,223.946,223.946,12
07.10.2024 16:51:38.000,223.966,223.966,223.947,223.947,24
07.10.2024 16:51:39.000,223.957,223.957,223.947,223.947,24
07.10.2024 16:51:40.000,223.947,223.947,223.947,223.947,12
07.10.2024 16:51:42.000,223.957,223.957,223.946,223.956,36
07.10.2024 16:51:44.000,223.966,223.966,223.966,223.966,12
07.10.2024 16:51:45.000,223.976,223.986,223.976,223.986,36
07.10.2024 16:51:46.000,223.997,223.997,223.997,223.997,12
07.10.2024 16:51:48.000,223.996,223.996,223.996,223.996,12
07.10.2024 16:51:49.000,223.987,223.987,223.986,223.986,72
07.10.2024 16:51:50.000,223.986,223.987,223.986,223.987,36
07.10.2024 16:51:51.000,223.976,223.976,223.956,223.956,48
07.10.2024 16:51:52.000,223.957,223.966,223.956,223.966,36
07.10.2024 16:51:53.000,223.967,223.967,223.967,223.967,12
07.10.2024 16:51:54.000,223.967,223.967,223.956,223.956,24
07.10.2024 16:51:55.000,223.936,223.936,223.936,223.936,12
07.10.2024 16:52:00.000,223.946,223.946,223.946,223.946,12
07.10.2024 16:52:01.000,223.937,223.937,223.937,223.937,12
07.10.2024 16:52:04.000,223.936,223.936,223.936,223.936,12
07.10.2024 16:52:05.000,223.926,223.926,223.926,223.926,12
07.10.2024 16:52:06.000,223.927,223.927,223.927,223.927,12
07.10.2024 16:52:07.000,223.927,223.927,223.927,223.927,12
07.10.2024 16:52:12.000,223.937,223.957,223.937,223.956,60
07.10.2024 16:52:13.000,223.956,223.956,223.956,223.956,12
07.10.2024 16:52:14.000,223.956,223.956,223.956,223.956,12
07.10.2024 16:52:15.000,223.947,223.947,223.936,223.947,36
07.10.2024 16:52:16.000,223.936,223.937,223.926,223.937,48
07.10.2024 16:52:18.000,223.946,223.946,223.946,223.946,12
07.10.2024 16:52:20.000,223.947,223.947,223.947,223.947,12
07.10.2024 16:52:21.000,223.956,223.956,223.946,223.946,24
07.10.2024 16:52:24.000,223.946,223.946,223.946,223.946,12
07.10.2024 16:52:25.000,223.927,223.927,223.927,223.927,12
07.10.2024 16:52:30.000,223.927,223.927,223.927,223.927,12
07.10.2024 16:52:32.000,223.937,223.937,223.926,223.927,48
07.10.2024 16:52:34.000,223.947,223.947,223.937,223.937,24
07.10.2024 16:52:41.000,223.936,223.936,223.936,223.936,12
07.10.2024 16:52:44.000,223.947,223.947,223.937,223.937,24
07.10.2024 16:52:49.000,223.947,223.947,223.936,223.936,24
07.10.2024 16:52:50.000,223.937,223.937,223.936,223.936,24
07.10.2024 16:52:51.000,223.937,223.937,223.937,223.937,12
07.10.2024 16:52:52.000,223.936,223.936,223.936,223.936,12
07.10.2024 16:52:55.000,223.936,223.936,223.936,223.936,12
07.10.2024 16:52:56.000,223.946,223.946,223.936,223.936,24
07.10.2024 16:52:57.000,223.957,223.957,223.946,223.946,24
07.10.2024 16:52:58.000,223.956,223.956,223.956,223.956,12
07.10.2024 16:52:59.000,223.967,223.967,223.967,223.967,24
07.10.2024 16:53:00.000,223.976,223.976,223.976,223.976,12
07.10.2024 16:53:01.000,223.967,223.967,223.966,223.966,24
07.10.2024 16:53:05.000,223.967,223.967,223.937,223.937,24
07.10.2024 16:53:09.000,223.946,223.946,223.946,223.946,12
07.10.2024 16:53:11.000,223.936,223.936,223.926,223.926,24
07.10.2024 16:53:12.000,223.936,223.946,223.936,223.946,24
07.10.2024 16:53:17.000,223.967,223.976,223.967,223.976,24
07.10.2024 16:53:18.000,223.986,223.986,223.976,223.977,36
07.10.2024 16:53:19.000,223.986,223.996,223.986,223.987,48
07.10.2024 16:53:20.000,223.997,223.997,223.997,223.997,12
07.10.2024 16:53:21.000,223.987,223.987,223.987,223.987,12
07.10.2024 16:53:23.000,223.997,223.997,223.997,223.997,12
07.10.2024 16:53:24.000,223.996,223.996,223.996,223.996,12
07.10.2024 16:53:25.000,224.006,224.006,223.996,223.997,36
07.10.2024 16:53:26.000,223.996,223.996,223.996,223.996,12
07.10.2024 16:53:28.000,224.006,224.007,223.996,223.996,36
07.10.2024 16:53:29.000,223.997,223.997,223.997,223.997,12
07.10.2024 16:53:32.000,223.967,223.967,223.967,223.967,12
07.10.2024 16:53:33.000,223.976,223.987,223.976,223.977,48
07.10.2024 16:53:34.000,223.976,223.976,223.976,223.976,12
07.10.2024 16:53:35.000,223.967,223.967,223.967,223.967,12
07.10.2024 16:53:36.000,223.967,223.967,223.967,223.967,12
07.10.2024 16:53:37.000,223.967,223.967,223.967,223.967,12
07.10.2024 16:53:39.000,223.947,223.947,223.947,223.947,24
07.10.2024 16:53:42.000,223.957,223.967,223.957,223.967,36
07.10.2024 16:53:43.000,223.977,223.977,223.977,223.977,12
07.10.2024 16:53:44.000,223.966,223.977,223.966,223.977,24
07.10.2024 16:53:45.000,223.976,223.976,223.976,223.976,12
07.10.2024 16:53:52.000,223.976,223.976,223.956,223.957,36
07.10.2024 16:53:53.000,223.957,223.957,223.946,223.957,36
07.10.2024 16:53:54.000,223.946,223.946,223.946,223.946,12
07.10.2024 16:53:55.000,223.947,223.947,223.926,223.926,24
07.10.2024 16:53:56.000,223.917,223.926,223.917,223.926,24
07.10.2024 16:53:57.000,223.927,223.927,223.927,223.927,12
07.10.2024 16:53:59.000,223.927,223.927,223.927,223.927,12
07.10.2024 16:54:00.000,223.927,223.927,223.927,223.927,12
07.10.2024 16:54:01.000,223.916,223.917,223.916,223.917,36
07.10.2024 16:54:03.000,223.906,223.917,223.906,223.907,48
07.10.2024 16:54:04.000,223.907,223.917,223.907,223.917,36
07.10.2024 16:54:05.000,223.907,223.907,223.907,223.907,12
07.10.2024 16:54:10.000,223.897,223.897,223.897,223.897,12
07.10.2024 16:54:11.000,223.896,223.896,223.896,223.896,12
07.10.2024 16:54:12.000,223.897,223.897,223.897,223.897,12
07.10.2024 16:54:13.000,223.907,223.907,223.896,223.896,48
07.10.2024 16:54:16.000,223.896,223.896,223.896,223.896,12
07.10.2024 16:54:19.000,223.917,223.917,223.917,223.917,24
07.10.2024 16:54:21.000,223.926,223.926,223.917,223.917,24
07.10.2024 16:54:22.000,223.916,223.916,223.916,223.916,12
07.10.2024 16:54:23.000,223.926,223.926,223.926,223.926,12
07.10.2024 16:54:24.000,223.937,223.937,223.927,223.927,24
07.10.2024 16:54:26.000,223.917,223.917,223.917,223.917,12
07.10.2024 16:54:27.000,223.906,223.906,223.906,223.906,12
07.10.2024 16:54:29.000,223.916,223.916,223.916,223.916,12
07.10.2024 16:54:31.000,223.927,223.927,223.917,223.917,24
07.10.2024 16:54:32.000,223.907,223.907,223.907,223.907,12
07.10.2024 16:54:34.000,223.937,223.937,223.917,223.936,36
07.10.2024 16:54:37.000,223.917,223.917,223.917,223.917,12
07.10.2024 16:54:38.000,223.916,223.916,223.916,223.916,12
07.10.2024 16:54:39.000,223.937,223.937,223.937,223.937,24
07.10.2024 16:54:40.000,223.936,223.936,223.936,223.936,12
07.10.2024 16:54:41.000,223.936,223.937,223.936,223.937,24
07.10.2024 16:54:44.000,223.927,223.927,223.927,223.927,12
07.10.2024 16:54:46.000,223.936,223.936,223.936,223.936,12
07.10.2024 16:54:47.000,223.957,223.957,223.957,223.957,12
07.10.2024 16:54:52.000,223.927,223.927,223.927,223.927,12
07.10.2024 16:54:54.000,223.916,223.927,223.916,223.927,48
07.10.2024 16:54:55.000,223.936,223.946,223.926,223.946,36
07.10.2024 16:54:57.000,223.927,223.927,223.927,223.927,12
07.10.2024 16:54:58.000,223.927,223.927,223.927,223.927,12
07.10.2024 16:54:59.000,223.937,223.937,223.937,223.937,12
07.10.2024 16:55:00.000,223.926,223.926,223.926,223.926,12
07.10.2024 16:55:02.000,223.946,223.966,223.946,223.966,24
07.10.2024 16:55:04.000,223.967,223.967,223.967,223.967,12
07.10.2024 16:55:05.000,223.976,223.976,223.976,223.976,12
07.10.2024 16:55:06.000,223.996,223.996,223.996,223.996,12
07.10.2024 16:55:08.000,223.987,223.987,223.987,223.987,12
07.10.2024 16:55:09.000,223.966,223.977,223.966,223.976,48
07.10.2024 16:55:10.000,223.987,223.996,223.987,223.996,36
07.10.2024 16:55:11.000,223.996,224.007,223.996,224.007,24
07.10.2024 16:55:12.000,224.016,224.017,224.006,224.016,60
07.10.2024 16:55:18.000,224.027,224.027,224.017,224.017,60
07.10.2024 16:55:19.000,224.016,224.026,224.016,224.016,36
07.10.2024 16:55:21.000,224.027,224.036,224.016,224.016,36
07.10.2024 16:55:23.000,224.016,224.026,224.016,224.026,24
07.10.2024 16:55:24.000,224.017,224.017,224.016,224.016,24
07.10.2024 16:55:30.000,224.026,224.026,224.026,224.026,12
07.10.2024 16:55:32.000,224.026,224.026,224.026,224.026,24
07.10.2024 16:55:40.000,224.026,224.026,224.026,224.026,24
07.10.2024 16:55:45.000,224.026,224.026,224.026,224.026,12
07.10.2024 16:55:49.000,224.006,224.016,224.006,224.006,36
07.10.2024 16:55:50.000,224.007,224.007,224.006,224.006,24
07.10.2024 16:55:53.000,224.007,224.007,224.007,224.007,12
07.10.2024 16:55:59.000,224.006,224.006,223.997,223.997,24
07.10.2024 16:56:00.000,223.997,223.997,223.976,223.976,24
07.10.2024 16:56:05.000,223.987,223.987,223.987,223.987,12
07.10.2024 16:56:06.000,223.987,223.987,223.987,223.987,12
07.10.2024 16:56:08.000,223.986,223.986,223.986,223.986,12
07.10.2024 16:56:09.000,223.977,223.977,223.977,223.977,12
07.10.2024 16:56:10.000,223.977,223.977,223.976,223.976,24
07.10.2024 16:56:11.000,223.987,223.987,223.976,223.976,24
07.10.2024 16:56:13.000,223.966,223.966,223.966,223.966,12
07.10.2024 16:56:18.000,223.986,223.987,223.986,223.986,36
07.10.2024 16:56:19.000,223.986,223.986,223.986,223.986,12
07.10.2024 16:56:20.000,223.987,223.987,223.987,223.987,12
07.10.2024 16:56:25.000,224.007,224.007,224.007,224.007,12
07.10.2024 16:56:26.000,223.986,223.986,223.986,223.986,12
07.10.2024 16:56:27.000,223.987,223.987,223.986,223.986,24
07.10.2024 16:56:28.000,223.966,223.966,223.966,223.966,12
07.10.2024 16:56:29.000,223.977,223.977,223.977,223.977,12
07.10.2024 16:56:30.000,223.967,223.967,223.957,223.957,24
07.10.2024 16:56:31.000,223.957,223.977,223.957,223.977,24
07.10.2024 16:56:32.000,223.987,223.987,223.977,223.977,24
07.10.2024 16:56:34.000,223.986,223.987,223.986,223.987,24
07.10.2024 16:56:37.000,223.996,223.996,223.996,223.996,12
07.10.2024 16:56:38.000,223.987,223.987,223.987,223.987,12
07.10.2024 16:56:39.000,223.976,223.976,223.976,223.976,12
07.10.2024 16:56:40.000,223.977,223.977,223.966,223.966,24
07.10.2024 16:56:44.000,223.977,223.977,223.977,223.977,12
07.10.2024 16:56:56.000,223.937,223.947,223.937,223.947,36
07.10.2024 16:57:00.000,223.967,223.967,223.957,223.957,24
07.10.2024 16:57:02.000,223.946,223.946,223.946,223.946,12
07.10.2024 16:57:08.000,223.947,223.947,223.947,223.947,12
07.10.2024 16:57:09.000,223.967,223.967,223.967,223.967,12
07.10.2024 16:57:11.000,223.977,223.977,223.967,223.967,24
07.10.2024 16:57:15.000,223.967,223.967,223.967,223.967,12
07.10.2024 16:57:17.000,223.957,223.957,223.957,223.957,12
07.10.2024 16:57:23.000,223.967,223.967,223.967,223.967,12
07.10.2024 16:57:24.000,223.976,223.976,223.967,223.976,36
07.10.2024 16:57:28.000,223.966,223.966,223.946,223.957,36
07.10.2024 16:57:31.000,223.957,223.957,223.957,223.957,12
07.10.2024 16:57:32.000,223.967,223.967,223.967,223.967,12
07.10.2024 16:57:38.000,223.977,223.977,223.977,223.977,12
07.10.2024 16:57:50.000,223.976,223.987,223.976,223.987,24
07.10.2024 16:57:51.000,223.967,223.967,223.967,223.967,12
07.10.2024 16:57:52.000,223.967,223.967,223.956,223.956,24
07.10.2024 16:57:55.000,223.947,223.956,223.946,223.946,36
07.10.2024 16:57:57.000,223.957,223.957,223.957,223.957,12
07.10.2024 16:58:01.000,223.956,223.956,223.956,223.956,12
07.10.2024 16:58:03.000,223.977,223.977,223.966,223.966,24
07.10.2024 16:58:05.000,223.976,223.976,223.976,223.976,12
07.10.2024 16:58:07.000,223.976,223.976,223.976,223.976,12
07.10.2024 16:58:08.000,223.986,223.986,223.986,223.986,12
07.10.2024 16:58:10.000,223.977,223.986,223.977,223.986,24
07.10.2024 16:58:11.000,223.977,223.977,223.977,223.977,12
07.10.2024 16:58:13.000,223.977,223.977,223.977,223.977,12
07.10.2024 16:58:14.000,223.967,223.967,223.967,223.967,12
07.10.2024 16:58:15.000,223.956,223.956,223.956,223.956,12
07.10.2024 16:58:17.000,223.957,223.957,223.957,223.957,12
07.10.2024 16:58:19.000,223.967,223.967,223.967,223.967,12
07.10.2024 16:58:20.000,223.957,223.957,223.956,223.956,24
07.10.2024 16:58:21.000,223.956,223.956,223.956,223.956,12
07.10.2024 16:58:23.000,223.956,223.956,223.956,223.956,12
07.10.2024 16:58:27.000,223.956,223.956,223.956,223.956,12
07.10.2024 16:58:29.000,223.957,223.957,223.957,223.957,12
07.10.2024 16:58:30.000,223.946,223.956,223.946,223.956,24
07.10.2024 16:58:33.000,223.947,223.947,223.927,223.927,36
07.10.2024 16:58:35.000,223.946,223.946,223.937,223.937,24
07.10.2024 16:58:36.000,223.946,223.947,223.936,223.936,48
07.10.2024 16:58:45.000,223.936,223.936,223.917,223.917,24
07.10.2024 16:58:46.000,223.907,223.917,223.907,223.917,36
07.10.2024 16:58:48.000,223.927,223.927,223.927,223.927,12
07.10.2024 16:58:49.000,223.927,223.927,223.927,223.927,12
07.10.2024 16:58:54.000,223.936,223.936,223.936,223.936,12
07.10.2024 16:58:55.000,223.936,223.936,223.936,223.936,12
07.10.2024 16:58:56.000,223.937,223.957,223.937,223.957,36
07.10.2024 16:58:58.000,223.947,223.947,223.947,223.947,12
07.10.2024 16:59:02.000,223.956,223.967,223.956,223.967,24
07.10.2024 16:59:03.000,223.966,223.966,223.966,223.966,12
07.10.2024 16:59:04.000,223.966,223.967,223.937,223.937,119.99999999999999
07.10.2024 16:59:07.000,223.946,223.946,223.936,223.936,36
07.10.2024 16:59:10.000,223.926,223.927,223.926,223.927,24
07.10.2024 16:59:11.000,223.927,223.927,223.927,223.927,12
07.10.2024 16:59:12.000,223.927,223.927,223.927,223.927,36
07.10.2024 16:59:13.000,223.956,223.956,223.956,223.956,12
07.10.2024 16:59:15.000,223.957,223.957,223.957,223.957,24
07.10.2024 16:59:16.000,223.956,223.957,223.956,223.957,24
07.10.2024 16:59:19.000,223.956,223.956,223.956,223.956,12
07.10.2024 16:59:20.000,223.956,223.957,223.956,223.956,36
07.10.2024 16:59:21.000,223.957,223.957,223.956,223.956,24
07.10.2024 16:59:23.000,223.957,223.957,223.956,223.956,24
07.10.2024 16:59:24.000,223.957,223.957,223.956,223.956,24
07.10.2024 16:59:27.000,223.967,223.967,223.967,223.967,12
07.10.2024 16:59:28.000,223.956,223.956,223.956,223.956,12
07.10.2024 16:59:29.000,223.967,223.967,223.967,223.967,12
07.10.2024 16:59:30.000,223.987,223.987,223.987,223.987,12
07.10.2024 16:59:33.000,223.976,223.976,223.956,223.956,24
07.10.2024 16:59:43.000,223.946,223.946,223.946,223.946,12
07.10.2024 16:59:45.000,223.946,223.946,223.946,223.946,12
07.10.2024 16:59:48.000,223.956,223.956,223.956,223.956,12
07.10.2024 16:59:49.000,223.947,223.947,223.947,223.947,12
07.10.2024 16:59:50.000,223.956,223.956,223.947,223.947,24
07.10.2024 16:59:53.000,223.947,223.947,223.947,223.947,24
07.10.2024 16:59:57.000,223.946,223.946,223.946,223.946,12
07.10.2024 17:00:01.000,223.947,223.947,223.947,223.947,12
07.10.2024 17:00:03.000,223.956,223.956,223.947,223.947,24
07.10.2024 17:00:04.000,223.956,223.956,223.956,223.956,12
07.10.2024 17:00:06.000,223.956,223.957,223.956,223.957,24
07.10.2024 17:00:07.000,223.956,223.957,223.947,223.947,36
07.10.2024 17:00:08.000,223.946,223.946,223.946,223.946,12
07.10.2024 17:00:15.000,223.986,223.986,223.986,223.986,24
07.10.2024 17:00:16.000,223.956,223.957,223.956,223.957,24
07.10.2024 17:00:17.000,223.967,223.967,223.957,223.957,24
07.10.2024 17:00:18.000,223.946,223.946,223.946,223.946,12
07.10.2024 17:00:19.000,223.956,223.966,223.956,223.966,24
07.10.2024 17:00:20.000,223.977,223.977,223.977,223.977,12
07.10.2024 17:00:21.000,223.967,223.967,223.967,223.967,12
07.10.2024 17:00:23.000,223.977,223.977,223.977,223.977,12
07.10.2024 17:00:24.000,223.977,223.977,223.977,223.977,12
07.10.2024 17:00:26.000,223.977,223.977,223.976,223.977,36
07.10.2024 17:00:27.000,223.977,223.977,223.977,223.977,24
07.10.2024 17:00:34.000,223.976,223.977,223.976,223.977,24
07.10.2024 17:00:35.000,223.966,223.966,223.946,223.946,24
07.10.2024 17:00:36.000,223.947,223.967,223.947,223.967,24
07.10.2024 17:00:37.000,223.966,223.976,223.966,223.966,60
07.10.2024 17:00:38.000,223.967,223.967,223.967,223.967,12
07.10.2024 17:00:41.000,223.976,223.976,223.967,223.967,24
07.10.2024 17:00:42.000,223.976,223.976,223.976,223.976,12
07.10.2024 17:00:43.000,223.967,223.976,223.966,223.966,36
07.10.2024 17:00:44.000,223.977,223.977,223.966,223.966,24
07.10.2024 17:00:45.000,223.977,223.977,223.977,223.977,12
07.10.2024 17:00:46.000,223.997,223.997,223.986,223.987,48
07.10.2024 17:00:47.000,223.997,223.997,223.997,223.997,12
07.10.2024 17:00:48.000,223.986,223.986,223.986,223.986,12
07.10.2024 17:00:49.000,223.996,223.996,223.986,223.986,24
07.10.2024 17:00:50.000,223.996,223.996,223.996,223.996,12
07.10.2024 17:00:51.000,224.006,224.006,224.006,224.006,12
07.10.2024 17:00:58.000,223.986,223.986,223.986,223.986,12
07.10.2024 17:01:00.000,223.997,223.997,223.997,223.997,12
07.10.2024 17:01:05.000,224.006,224.007,223.997,224.006,60
07.10.2024 17:01:06.000,224.017,224.017,224.006,224.016,36
07.10.2024 17:01:16.000,223.997,223.997,223.997,223.997,24
07.10.2024 17:01:21.000,223.996,223.996,223.996,223.996,12
07.10.2024 17:01:22.000,223.997,223.997,223.997,223.997,12
07.10.2024 17:01:23.000,223.996,223.996,223.996,223.996,12
07.10.2024 17:01:25.000,223.996,223.996,223.996,223.996,24
07.10.2024 17:01:26.000,223.997,223.997,223.997,223.997,12
07.10.2024 17:01:27.000,223.997,224.007,223.997,224.007,24
07.10.2024 17:01:29.000,224.007,224.007,224.007,224.007,12
07.10.2024 17:01:32.000,224.006,224.006,224.006,224.006,12
07.10.2024 17:01:35.000,224.007,224.007,224.007,224.007,12
07.10.2024 17:01:41.000,224.017,224.017,224.007,224.007,36
07.10.2024 17:01:42.000,224.016,224.026,224.016,224.026,36
07.10.2024 17:02:06.000,224.016,224.016,224.016,224.016,12
07.10.2024 17:02:10.000,224.016,224.016,224.016,224.016,12
07.10.2024 17:02:11.000,224.017,224.017,224.016,224.016,24
07.10.2024 17:02:13.000,224.017,224.017,224.017,224.017,12
07.10.2024 17:02:21.000,224.016,224.016,224.016,224.016,12
07.10.2024 17:02:22.000,224.016,224.017,224.016,224.017,24
07.10.2024 17:02:23.000,224.017,224.017,224.017,224.017,12
07.10.2024 17:02:27.000,224.027,224.027,224.016,224.016,24
07.10.2024 17:02:28.000,224.036,224.036,224.036,224.036,12
07.10.2024 17:02:31.000,224.057,224.066,224.057,224.066,36
07.10.2024 17:02:33.000,224.067,224.067,224.067,224.067,12
07.10.2024 17:02:41.000,224.076,224.077,224.066,224.066,60
07.10.2024 17:02:42.000,224.076,224.076,224.076,224.076,12
07.10.2024 17:02:47.000,224.077,224.077,224.076,224.076,36
07.10.2024 17:02:49.000,224.076,224.086,224.076,224.086,24
07.10.2024 17:02:50.000,224.077,224.086,224.077,224.086,24
07.10.2024 17:02:51.000,224.107,224.107,224.107,224.107,12
07.10.2024 17:02:52.000,224.106,224.106,224.106,224.106,12
07.10.2024 17:02:55.000,224.107,224.107,224.107,224.107,12
07.10.2024 17:02:57.000,224.106,224.106,224.106,224.106,12
07.10.2024 17:02:58.000,224.117,224.117,224.117,224.117,12
07.10.2024 17:03:00.000,224.137,224.137,224.137,224.137,12
07.10.2024 17:03:01.000,224.136,224.136,224.136,224.136,12
07.10.2024 17:03:06.000,224.117,224.117,224.116,224.116,36
07.10.2024 17:03:07.000,224.067,224.067,224.067,224.067,12
07.10.2024 17:03:08.000,224.096,224.096,224.096,224.096,12
07.10.2024 17:03:09.000,224.087,224.087,224.087,224.087,12
07.10.2024 17:03:10.000,224.087,224.087,224.087,224.087,12
07.10.2024 17:03:11.000,224.097,224.097,224.067,224.067,36
07.10.2024 17:03:12.000,224.087,224.087,224.086,224.086,24
07.10.2024 17:03:14.000,224.086,224.086,224.086,224.086,12
07.10.2024 17:03:15.000,224.086,224.086,224.086,224.086,24
07.10.2024 17:03:17.000,224.097,224.107,224.097,224.107,24
07.10.2024 17:03:18.000,224.116,224.117,224.116,224.117,24
07.10.2024 17:03:19.000,224.126,224.126,224.116,224.116,24
07.10.2024 17:03:25.000,224.117,224.127,224.117,224.127,24
07.10.2024 17:03:26.000,224.126,224.126,224.126,224.126,24
07.10.2024 17:03:39.000,224.127,224.127,224.127,224.127,24
07.10.2024 17:03:40.000,224.127,224.127,224.127,224.127,12
07.10.2024 17:03:55.000,224.137,224.137,224.137,224.137,12
07.10.2024 17:03:56.000,224.147,224.147,224.137,224.137,24
07.10.2024 17:03:57.000,224.147,224.147,224.147,224.147,24
07.10.2024 17:03:58.000,224.136,224.136,224.136,224.136,12
07.10.2024 17:03:59.000,224.147,224.147,224.136,224.136,36
07.10.2024 17:04:00.000,224.127,224.127,224.127,224.127,12
07.10.2024 17:04:04.000,224.127,224.127,224.097,224.097,36
07.10.2024 17:04:05.000,224.086,224.086,224.086,224.086,12
07.10.2024 17:04:10.000,224.066,224.087,224.066,224.086,48
07.10.2024 17:04:11.000,224.077,224.086,224.077,224.086,36
07.10.2024 17:04:12.000,224.087,224.087,224.087,224.087,12
07.10.2024 17:04:13.000,224.106,224.106,224.096,224.106,36
07.10.2024 17:04:14.000,224.107,224.107,224.097,224.097,24
07.10.2024 17:04:15.000,224.097,224.097,224.097,224.097,12
07.10.2024 17:04:17.000,224.076,224.076,224.066,224.066,24
07.10.2024 17:04:18.000,224.067,224.067,224.067,224.067,12
07.10.2024 17:04:22.000,224.076,224.086,224.076,224.086,24
07.10.2024 17:04:23.000,224.087,224.087,224.076,224.076,60
07.10.2024 17:04:24.000,224.077,224.077,224.066,224.066,72
07.10.2024 17:04:25.000,224.066,224.066,224.066,224.066,12
07.10.2024 17:04:27.000,224.087,224.087,224.087,224.087,12
07.10.2024 17:04:28.000,224.077,224.086,224.077,224.086,24
07.10.2024 17:04:29.000,224.097,224.097,224.087,224.087,24
07.10.2024 17:04:31.000,224.097,224.097,224.086,224.096,36
07.10.2024 17:04:33.000,224.086,224.086,224.086,224.086,12
07.10.2024 17:04:35.000,224.096,224.096,224.086,224.086,36
07.10.2024 17:04:39.000,224.096,224.096,224.096,224.096,12
07.10.2024 17:04:40.000,224.106,224.106,224.097,224.097,24
07.10.2024 17:04:43.000,224.106,224.106,224.096,224.096,24
07.10.2024 17:04:44.000,224.106,224.106,224.097,224.097,24
07.10.2024 17:04:47.000,224.097,224.097,224.086,224.086,24
07.10.2024 17:04:50.000,224.096,224.096,224.096,224.096,12
07.10.2024 17:04:51.000,224.097,224.097,224.097,224.097,12
07.10.2024 17:04:53.000,224.117,224.117,224.116,224.116,36
07.10.2024 17:04:54.000,224.157,224.157,224.157,224.157,12
07.10.2024 17:04:56.000,224.137,224.137,224.126,224.126,24
07.10.2024 17:04:58.000,224.157,224.157,224.157,224.157,12
07.10.2024 17:05:01.000,224.176,224.176,224.176,224.176,12
07.10.2024 17:05:02.000,224.176,224.197,224.176,224.196,60
07.10.2024 17:05:04.000,224.206,224.206,224.197,224.197,24
07.10.2024 17:05:07.000,224.187,224.187,224.187,224.187,12
07.10.2024 17:05:13.000,224.207,224.207,224.207,224.207,12
07.10.2024 17:05:14.000,224.206,224.216,224.206,224.216,36
07.10.2024 17:05:15.000,224.256,224.266,224.256,224.266,24
07.10.2024 17:05:18.000,224.276,224.276,224.276,224.276,12
07.10.2024 17:05:20.000,224.287,224.287,224.287,224.287,12
07.10.2024 17:05:21.000,224.297,224.297,224.296,224.296,24
07.10.2024 17:05:22.000,224.287,224.297,224.286,224.287,48
07.10.2024 17:05:23.000,224.287,224.287,224.287,224.287,12
07.10.2024 17:05:24.000,224.296,224.296,224.296,224.296,12
07.10.2024 17:05:25.000,224.306,224.336,224.306,224.336,36
07.10.2024 17:05:26.000,224.346,224.357,224.346,224.357,24
07.10.2024 17:05:28.000,224.327,224.347,224.327,224.347,24
07.10.2024 17:05:29.000,224.316,224.316,224.316,224.316,12
07.10.2024 17:05:30.000,224.317,224.317,224.317,224.317,12
07.10.2024 17:05:31.000,224.316,224.316,224.316,224.316,12
07.10.2024 17:05:34.000,224.306,224.306,224.306,224.306,12
07.10.2024 17:05:35.000,224.336,224.336,224.327,224.327,24
07.10.2024 17:05:38.000,224.337,224.337,224.337,224.337,24
07.10.2024 17:05:39.000,224.336,224.336,224.336,224.336,12
07.10.2024 17:05:45.000,224.306,224.306,224.306,224.306,12
07.10.2024 17:05:46.000,224.307,224.307,224.307,224.307,12
07.10.2024 17:05:47.000,224.296,224.296,224.296,224.296,12
07.10.2024 17:05:48.000,224.297,224.297,224.297,224.297,12
07.10.2024 17:05:50.000,224.266,224.266,224.266,224.266,12
07.10.2024 17:05:51.000,224.276,224.276,224.266,224.266,24
07.10.2024 17:05:53.000,224.267,224.267,224.266,224.266,24
07.10.2024 17:05:56.000,224.257,224.277,224.257,224.277,24
07.10.2024 17:05:57.000,224.267,224.267,224.267,224.267,12
07.10.2024 17:06:00.000,224.296,224.296,224.256,224.256,60
07.10.2024 17:06:01.000,224.257,224.257,224.256,224.256,24
07.10.2024 17:06:02.000,224.267,224.267,224.256,224.256,24
07.10.2024 17:06:04.000,224.266,224.266,224.256,224.256,24
07.10.2024 17:06:06.000,224.266,224.266,224.266,224.266,12
07.10.2024 17:06:07.000,224.276,224.276,224.276,224.276,12
07.10.2024 17:06:08.000,224.286,224.286,224.286,224.286,12
07.10.2024 17:06:11.000,224.267,224.267,224.266,224.266,36
07.10.2024 17:06:12.000,224.266,224.266,224.266,224.266,24
07.10.2024 17:06:13.000,224.266,224.266,224.266,224.266,12
07.10.2024 17:06:14.000,224.277,224.277,224.277,224.277,12
07.10.2024 17:06:15.000,224.276,224.276,224.267,224.267,24
07.10.2024 17:06:17.000,224.277,224.277,224.266,224.266,36
07.10.2024 17:06:18.000,224.276,224.276,224.266,224.266,24
07.10.2024 17:06:19.000,224.276,224.276,224.267,224.267,36
07.10.2024 17:06:20.000,224.276,224.276,224.276,224.276,12
07.10.2024 17:06:21.000,224.267,224.267,224.267,224.267,12
07.10.2024 17:06:22.000,224.246,224.246,224.246,224.246,12
07.10.2024 17:06:26.000,224.217,224.217,224.217,224.217,12
07.10.2024 17:06:27.000,224.216,224.227,224.216,224.217,36
07.10.2024 17:06:28.000,224.207,224.207,224.177,224.177,36
07.10.2024 17:06:30.000,224.197,224.197,224.166,224.166,36
07.10.2024 17:06:31.000,224.157,224.176,224.157,224.167,60
07.10.2024 17:06:32.000,224.157,224.157,224.157,224.157,24
07.10.2024 17:06:34.000,224.156,224.156,224.156,224.156,24
07.10.2024 17:06:36.000,224.167,224.167,224.166,224.166,24
07.10.2024 17:06:38.000,224.166,224.166,224.166,224.166,12
07.10.2024 17:06:42.000,224.157,224.157,224.157,224.157,24
07.10.2024 17:06:43.000,224.147,224.147,224.146,224.146,36
07.10.2024 17:06:44.000,224.146,224.146,224.146,224.146,12
07.10.2024 17:06:45.000,224.147,224.147,224.147,224.147,12
07.10.2024 17:06:46.000,224.146,224.156,224.146,224.156,24
07.10.2024 17:06:47.000,224.147,224.147,224.147,224.147,12
07.10.2024 17:06:49.000,224.146,224.146,224.146,224.146,12
07.10.2024 17:06:50.000,224.156,224.156,224.156,224.156,12
07.10.2024 17:06:51.000,224.157,224.176,224.157,224.176,24
07.10.2024 17:06:52.000,224.176,224.176,224.176,224.176,36
07.10.2024 17:06:57.000,224.206,224.207,224.206,224.207,24
07.10.2024 17:06:58.000,224.206,224.206,224.206,224.206,12
07.10.2024 17:06:59.000,224.207,224.207,224.207,224.207,12
07.10.2024 17:07:00.000,224.197,224.206,224.196,224.196,36
07.10.2024 17:07:01.000,224.207,224.207,224.206,224.206,24
07.10.2024 17:07:03.000,224.197,224.197,224.197,224.197,12
07.10.2024 17:07:04.000,224.217,224.217,224.217,224.217,12
07.10.2024 17:07:05.000,224.217,224.217,224.206,224.206,24
07.10.2024 17:07:06.000,224.196,224.196,224.196,224.196,24
07.10.2024 17:07:10.000,224.197,224.197,224.196,224.196,24
07.10.2024 17:07:11.000,224.197,224.197,224.197,224.197,12
07.10.2024 17:07:12.000,224.206,224.206,224.197,224.197,24
07.10.2024 17:07:13.000,224.206,224.226,224.206,224.226,24
07.10.2024 17:07:14.000,224.196,224.196,224.196,224.196,24
07.10.2024 17:07:16.000,224.197,224.197,224.197,224.197,12
07.10.2024 17:07:17.000,224.207,224.207,224.207,224.207,12
07.10.2024 17:07:18.000,224.197,224.197,224.196,224.196,24
07.10.2024 17:07:22.000,224.197,224.197,224.197,224.197,12
07.10.2024 17:07:23.000,224.166,224.166,224.156,224.156,60
07.10.2024 17:07:25.000,224.136,224.136,224.136,224.136,36
07.10.2024 17:07:27.000,224.147,224.147,224.137,224.137,24
07.10.2024 17:07:32.000,224.156,224.157,224.156,224.157,36
07.10.2024 17:07:33.000,224.147,224.147,224.147,224.147,12
07.10.2024 17:07:35.000,224.156,224.156,224.156,224.156,24
07.10.2024 17:07:38.000,224.176,224.177,224.167,224.177,48
07.10.2024 17:07:41.000,224.177,224.177,224.177,224.177,12
07.10.2024 17:07:42.000,224.187,224.187,224.176,224.176,24
07.10.2024 17:07:45.000,224.187,224.187,224.186,224.186,24
07.10.2024 17:07:46.000,224.187,224.187,224.187,224.187,12
07.10.2024 17:07:50.000,224.176,224.176,224.176,224.176,12
07.10.2024 17:07:51.000,224.187,224.187,224.187,224.187,12
07.10.2024 17:07:54.000,224.196,224.196,224.196,224.196,24
07.10.2024 17:07:57.000,224.207,224.207,224.207,224.207,12
07.10.2024 17:07:58.000,224.217,224.217,224.207,224.207,24
07.10.2024 17:07:59.000,224.217,224.217,224.217,224.217,12
07.10.2024 17:08:03.000,224.217,224.217,224.217,224.217,12
07.10.2024 17:08:04.000,224.217,224.217,224.217,224.217,12
07.10.2024 17:08:05.000,224.217,224.217,224.207,224.207,24
07.10.2024 17:08:07.000,224.176,224.176,224.176,224.176,12
07.10.2024 17:08:10.000,224.177,224.196,224.177,224.186,36
07.10.2024 17:08:14.000,224.176,224.176,224.176,224.176,12
07.10.2024 17:08:16.000,224.167,224.196,224.167,224.196,24
07.10.2024 17:08:19.000,224.197,224.197,224.197,224.197,24
07.10.2024 17:08:33.000,224.236,224.237,224.226,224.237,48
07.10.2024 17:08:34.000,224.237,224.237,224.237,224.237,12
07.10.2024 17:08:35.000,224.246,224.246,224.246,224.246,12
07.10.2024 17:08:36.000,224.247,224.247,224.226,224.236,48
07.10.2024 17:08:38.000,224.277,224.277,224.277,224.277,24
07.10.2024 17:08:44.000,224.277,224.277,224.277,224.277,12
07.10.2024 17:08:45.000,224.267,224.287,224.267,224.286,36
07.10.2024 17:08:46.000,224.267,224.267,224.267,224.267,12
07.10.2024 17:08:47.000,224.286,224.286,224.286,224.286,12
07.10.2024 17:08:50.000,224.286,224.287,224.286,224.287,24
07.10.2024 17:08:52.000,224.286,224.286,224.286,224.286,12
07.10.2024 17:08:53.000,224.297,224.297,224.297,224.297,12
07.10.2024 17:08:54.000,224.307,224.307,224.307,224.307,12
07.10.2024 17:08:55.000,224.306,224.307,224.306,224.307,24
07.10.2024 17:08:59.000,224.316,224.316,224.316,224.316,12
07.10.2024 17:09:02.000,224.316,224.316,224.316,224.316,24
07.10.2024 17:09:03.000,224.317,224.317,224.317,224.317,24
07.10.2024 17:09:05.000,224.316,224.316,224.316,224.316,12
07.10.2024 17:09:08.000,224.316,224.347,224.316,224.347,24
07.10.2024 17:09:09.000,224.356,224.356,224.346,224.346,24
07.10.2024 17:09:10.000,224.347,224.347,224.337,224.337,36
07.10.2024 17:09:11.000,224.337,224.337,224.337,224.337,24
07.10.2024 17:09:15.000,224.326,224.326,224.326,224.326,12
07.10.2024 17:09:17.000,224.336,224.336,224.336,224.336,12
07.10.2024 17:09:19.000,224.347,224.347,224.347,224.347,12
07.10.2024 17:09:20.000,224.347,224.347,224.347,224.347,12
07.10.2024 17:09:21.000,224.366,224.366,224.347,224.357,36
07.10.2024 17:09:22.000,224.347,224.347,224.347,224.347,12
07.10.2024 17:09:24.000,224.347,224.356,224.347,224.356,24
07.10.2024 17:09:25.000,224.356,224.367,224.356,224.366,48
07.10.2024 17:09:26.000,224.366,224.366,224.366,224.366,24
07.10.2024 17:09:28.000,224.367,224.367,224.367,224.367,12
07.10.2024 17:09:29.000,224.366,224.366,224.366,224.366,12
07.10.2024 17:09:30.000,224.367,224.367,224.367,224.367,24
07.10.2024 17:09:31.000,224.387,224.387,224.387,224.387,12
07.10.2024 17:09:33.000,224.386,224.386,224.386,224.386,12
07.10.2024 17:09:34.000,224.406,224.416,224.397,224.416,36
07.10.2024 17:09:35.000,224.417,224.417,224.417,224.417,12
07.10.2024 17:09:38.000,224.426,224.426,224.426,224.426,12
07.10.2024 17:09:39.000,224.437,224.437,224.437,224.437,12
07.10.2024 17:09:44.000,224.416,224.416,224.416,224.416,12
07.10.2024 17:09:45.000,224.416,224.416,224.416,224.416,12
07.10.2024 17:09:47.000,224.417,224.417,224.416,224.416,24
07.10.2024 17:09:48.000,224.426,224.426,224.426,224.426,24
07.10.2024 17:09:49.000,224.436,224.437,224.436,224.437,48
07.10.2024 17:09:50.000,224.447,224.447,224.437,224.437,24
07.10.2024 17:09:52.000,224.436,224.436,224.436,224.436,24
07.10.2024 17:09:54.000,224.446,224.446,224.446,224.446,12
07.10.2024 17:09:59.000,224.477,224.477,224.477,224.477,12
07.10.2024 17:10:00.000,224.467,224.467,224.467,224.467,12
07.10.2024 17:10:03.000,224.447,224.447,224.447,224.447,12
07.10.2024 17:10:06.000,224.446,224.446,224.446,224.446,12
07.10.2024 17:10:07.000,224.447,224.447,224.447,224.447,12
07.10.2024 17:10:11.000,224.447,224.447,224.447,224.447,12
07.10.2024 17:10:12.000,224.467,224.467,224.446,224.446,36
07.10.2024 17:10:14.000,224.446,224.446,224.446,224.446,12
07.10.2024 17:10:15.000,224.456,224.456,224.456,224.456,12
07.10.2024 17:10:23.000,224.457,224.477,224.457,224.477,24
07.10.2024 17:10:27.000,224.456,224.457,224.456,224.457,24
07.10.2024 17:10:28.000,224.456,224.456,224.456,224.456,12
07.10.2024 17:10:34.000,224.477,224.477,224.477,224.477,12
07.10.2024 17:10:39.000,224.477,224.477,224.477,224.477,12
07.10.2024 17:10:40.000,224.476,224.476,224.476,224.476,12
07.10.2024 17:10:45.000,224.496,224.496,224.496,224.496,12
07.10.2024 17:10:46.000,224.486,224.516,224.486,224.516,24
07.10.2024 17:10:48.000,224.486,224.486,224.486,224.486,24
07.10.2024 17:10:49.000,224.506,224.507,224.506,224.506,36
07.10.2024 17:10:51.000,224.486,224.486,224.476,224.476,24
07.10.2024 17:10:52.000,224.486,224.486,224.486,224.486,12
07.10.2024 17:10:57.000,224.487,224.487,224.487,224.487,12
07.10.2024 17:10:58.000,224.487,224.487,224.487,224.487,12
07.10.2024 17:11:00.000,224.486,224.486,224.486,224.486,12
07.10.2024 17:11:01.000,224.486,224.487,224.486,224.487,24
07.10.2024 17:11:02.000,224.486,224.487,224.486,224.487,24
07.10.2024 17:11:05.000,224.487,224.497,224.487,224.496,48
07.10.2024 17:11:06.000,224.496,224.497,224.496,224.497,24
07.10.2024 17:11:09.000,224.507,224.517,224.507,224.517,24
07.10.2024 17:11:14.000,224.507,224.507,224.507,224.507,12
07.10.2024 17:11:15.000,224.506,224.526,224.506,224.526,24
07.10.2024 17:11:16.000,224.526,224.537,224.526,224.537,24
07.10.2024 17:11:17.000,224.526,224.526,224.526,224.526,12
07.10.2024 17:11:19.000,224.526,224.526,224.526,224.526,12
07.10.2024 17:11:20.000,224.557,224.557,224.507,224.537,36
07.10.2024 17:11:21.000,224.537,224.537,224.537,224.537,12
07.10.2024 17:11:24.000,224.486,224.486,224.486,224.486,12
07.10.2024 17:11:25.000,224.536,224.547,224.536,224.547,24
07.10.2024 17:11:26.000,224.547,224.547,224.547,224.547,12
07.10.2024 17:11:27.000,224.556,224.556,224.556,224.556,12
07.10.2024 17:11:28.000,224.546,224.546,224.546,224.546,12
07.10.2024 17:11:33.000,224.506,224.506,224.506,224.506,12
07.10.2024 17:11:34.000,224.496,224.496,224.496,224.496,12
07.10.2024 17:11:38.000,224.497,224.497,224.497,224.497,12
07.10.2024 17:11:39.000,224.497,224.497,224.497,224.497,12
07.10.2024 17:11:40.000,224.517,224.517,224.497,224.497,24
07.10.2024 17:11:42.000,224.497,224.497,224.497,224.497,24
07.10.2024 17:11:45.000,224.496,224.497,224.487,224.487,36
07.10.2024 17:11:49.000,224.486,224.487,224.486,224.487,48
07.10.2024 17:11:52.000,224.477,224.477,224.477,224.477,12
07.10.2024 17:11:53.000,224.466,224.476,224.466,224.476,24
07.10.2024 17:11:54.000,224.477,224.477,224.477,224.477,12
07.10.2024 17:11:57.000,224.487,224.487,224.487,224.487,12
07.10.2024 17:11:59.000,224.486,224.497,224.486,224.497,24
07.10.2024 17:12:00.000,224.477,224.477,224.477,224.477,36
07.10.2024 17:12:02.000,224.476,224.477,224.466,224.466,60
07.10.2024 17:12:04.000,224.466,224.467,224.466,224.467,24
07.10.2024 17:12:07.000,224.486,224.486,224.486,224.486,12
07.10.2024 17:12:09.000,224.487,224.496,224.487,224.496,36
07.10.2024 17:12:12.000,224.486,224.486,224.486,224.486,24
07.10.2024 17:12:14.000,224.496,224.496,224.496,224.496,12
07.10.2024 17:12:16.000,224.466,224.466,224.436,224.446,36
07.10.2024 17:12:17.000,224.436,224.437,224.436,224.437,24
07.10.2024 17:12:19.000,224.426,224.426,224.426,224.426,12
07.10.2024 17:12:22.000,224.407,224.407,224.397,224.397,36
07.10.2024 17:12:23.000,224.406,224.406,224.406,224.406,12
07.10.2024 17:12:24.000,224.406,224.427,224.406,224.427,60
07.10.2024 17:12:25.000,224.426,224.427,224.426,224.427,24
07.10.2024 17:12:26.000,224.426,224.426,224.426,224.426,12
07.10.2024 17:12:28.000,224.426,224.436,224.426,224.436,24
07.10.2024 17:12:29.000,224.427,224.427,224.427,224.427,12
07.10.2024 17:12:31.000,224.426,224.426,224.426,224.426,12
07.10.2024 17:12:35.000,224.426,224.426,224.426,224.426,12
07.10.2024 17:12:39.000,224.426,224.426,224.426,224.426,12
07.10.2024 17:12:40.000,224.427,224.427,224.396,224.396,48
07.10.2024 17:12:41.000,224.396,224.396,224.396,224.396,12
07.10.2024 17:12:42.000,224.396,224.397,224.396,224.397,24
07.10.2024 17:12:44.000,224.397,224.397,224.396,224.396,36
07.10.2024 17:12:45.000,224.397,224.397,224.397,224.397,12
07.10.2024 17:12:46.000,224.397,224.397,224.397,224.397,12
07.10.2024 17:12:47.000,224.407,224.407,224.397,224.397,24
07.10.2024 17:12:48.000,224.416,224.416,224.407,224.407,24
07.10.2024 17:12:49.000,224.417,224.417,224.406,224.406,24
07.10.2024 17:12:50.000,224.406,224.406,224.406,224.406,12
07.10.2024 17:12:51.000,224.406,224.406,224.396,224.396,36
07.10.2024 17:12:52.000,224.396,224.396,224.396,224.396,12
07.10.2024 17:12:53.000,224.397,224.397,224.397,224.397,12
07.10.2024 17:12:55.000,224.406,224.406,224.397,224.397,24
07.10.2024 17:13:00.000,224.396,224.396,224.396,224.396,12
07.10.2024 17:13:03.000,224.397,224.397,224.397,224.397,12
07.10.2024 17:13:04.000,224.397,224.397,224.397,224.397,24
07.10.2024 17:13:05.000,224.377,224.377,224.367,224.367,36
07.10.2024 17:13:06.000,224.356,224.357,224.356,224.357,24
07.10.2024 17:13:07.000,224.347,224.347,224.346,224.346,36
07.10.2024 17:13:10.000,224.357,224.357,224.347,224.357,36
07.10.2024 17:13:12.000,224.367,224.367,224.367,224.367,12
07.10.2024 17:13:15.000,224.356,224.356,224.356,224.356,12
07.10.2024 17:13:16.000,224.357,224.357,224.347,224.347,24
07.10.2024 17:13:17.000,224.347,224.347,224.347,224.347,12
07.10.2024 17:13:19.000,224.347,224.347,224.347,224.347,12
07.10.2024 17:13:23.000,224.346,224.346,224.346,224.346,12
07.10.2024 17:13:24.000,224.337,224.337,224.316,224.316,36
07.10.2024 17:13:25.000,224.327,224.327,224.327,224.327,12
07.10.2024 17:13:27.000,224.317,224.337,224.316,224.316,48
07.10.2024 17:13:28.000,224.326,224.326,224.326,224.326,12
07.10.2024 17:13:29.000,224.316,224.316,224.316,224.316,12
07.10.2024 17:13:30.000,224.327,224.327,224.327,224.327,12
07.10.2024 17:13:33.000,224.337,224.337,224.326,224.326,24
07.10.2024 17:13:34.000,224.306,224.306,224.306,224.306,12
07.10.2024 17:13:36.000,224.297,224.297,224.297,224.297,12
07.10.2024 17:13:37.000,224.297,224.306,224.297,224.306,24
07.10.2024 17:13:38.000,224.297,224.297,224.297,224.297,12
07.10.2024 17:13:39.000,224.306,224.306,224.306,224.306,12
07.10.2024 17:13:40.000,224.316,224.317,224.306,224.316,48
07.10.2024 17:13:42.000,224.317,224.317,224.317,224.317,12
07.10.2024 17:13:44.000,224.317,224.317,224.317,224.317,24
07.10.2024 17:13:46.000,224.326,224.326,224.326,224.326,12
07.10.2024 17:13:48.000,224.326,224.326,224.326,224.326,12
07.10.2024 17:13:49.000,224.347,224.347,224.347,224.347,36
07.10.2024 17:13:50.000,224.347,224.347,224.347,224.347,12
07.10.2024 17:13:51.000,224.347,224.347,224.347,224.347,12
07.10.2024 17:13:53.000,224.347,224.347,224.346,224.346,36
07.10.2024 17:13:54.000,224.347,224.347,224.347,224.347,12
07.10.2024 17:13:56.000,224.356,224.356,224.356,224.356,12
07.10.2024 17:13:58.000,224.356,224.356,224.356,224.356,12
07.10.2024 17:13:59.000,224.356,224.356,224.356,224.356,12
07.10.2024 17:14:00.000,224.357,224.367,224.357,224.367,24
07.10.2024 17:14:05.000,224.357,224.357,224.347,224.347,24
07.10.2024 17:14:06.000,224.327,224.327,224.326,224.326,24
07.10.2024 17:14:07.000,224.316,224.316,224.316,224.316,12
07.10.2024 17:14:08.000,224.316,224.316,224.316,224.316,12
07.10.2024 17:14:10.000,224.326,224.326,224.326,224.326,12
07.10.2024 17:14:15.000,224.326,224.326,224.316,224.316,24
07.10.2024 17:14:16.000,224.327,224.327,224.326,224.326,24
07.10.2024 17:14:19.000,224.326,224.326,224.326,224.326,12
07.10.2024 17:14:20.000,224.307,224.307,224.307,224.307,12
07.10.2024 17:14:22.000,224.297,224.297,224.297,224.297,12
07.10.2024 17:14:23.000,224.307,224.307,224.297,224.297,24
07.10.2024 17:14:26.000,224.297,224.297,224.296,224.296,24
07.10.2024 17:14:29.000,224.306,224.306,224.297,224.297,36
07.10.2024 17:14:30.000,224.277,224.277,224.277,224.277,12
07.10.2024 17:14:31.000,224.276,224.297,224.276,224.286,60
07.10.2024 17:14:37.000,224.297,224.307,224.297,224.307,24
07.10.2024 17:14:44.000,224.296,224.296,224.296,224.296,12
07.10.2024 17:14:58.000,224.277,224.277,224.277,224.277,12
07.10.2024 17:14:59.000,224.277,224.277,224.277,224.277,12
07.10.2024 17:15:00.000,224.297,224.297,224.297,224.297,12
07.10.2024 17:15:04.000,224.336,224.336,224.336,224.336,12
07.10.2024 17:15:05.000,224.337,224.337,224.337,224.337,12
07.10.2024 17:15:06.000,224.366,224.376,224.366,224.376,36
07.10.2024 17:15:07.000,224.397,224.397,224.397,224.397,12
07.10.2024 17:15:08.000,224.387,224.397,224.387,224.387,36
07.10.2024 17:15:09.000,224.367,224.367,224.367,224.367,12
07.10.2024 17:15:10.000,224.367,224.367,224.367,224.367,12
07.10.2024 17:15:11.000,224.377,224.377,224.366,224.366,24
07.10.2024 17:15:12.000,224.377,224.377,224.377,224.377,24
07.10.2024 17:15:13.000,224.376,224.376,224.336,224.336,48
07.10.2024 17:15:14.000,224.347,224.347,224.337,224.337,24
07.10.2024 17:15:15.000,224.337,224.337,224.326,224.326,24
07.10.2024 17:15:16.000,224.336,224.336,224.327,224.327,36
07.10.2024 17:15:17.000,224.347,224.347,224.336,224.336,24
07.10.2024 17:15:22.000,224.337,224.337,224.337,224.337,12
07.10.2024 17:15:23.000,224.346,224.367,224.346,224.357,48
07.10.2024 17:15:26.000,224.346,224.357,224.346,224.346,60
07.10.2024 17:15:27.000,224.356,224.356,224.346,224.346,24
07.10.2024 17:15:28.000,224.356,224.356,224.346,224.356,36
07.10.2024 17:15:29.000,224.346,224.346,224.346,224.346,12
07.10.2024 17:15:30.000,224.357,224.357,224.347,224.347,24
07.10.2024 17:15:31.000,224.356,224.356,224.346,224.346,24
07.10.2024 17:15:32.000,224.347,224.347,224.336,224.336,24
07.10.2024 17:15:34.000,224.337,224.337,224.336,224.336,24
07.10.2024 17:15:35.000,224.336,224.336,224.336,224.336,12
07.10.2024 17:15:37.000,224.336,224.336,224.336,224.336,12
07.10.2024 17:15:39.000,224.346,224.346,224.346,224.346,12
07.10.2024 17:15:41.000,224.347,224.347,224.347,224.347,12
07.10.2024 17:15:43.000,224.357,224.357,224.357,224.357,24
07.10.2024 17:15:44.000,224.356,224.356,224.356,224.356,12
07.10.2024 17:15:47.000,224.346,224.346,224.336,224.336,36
07.10.2024 17:15:54.000,224.336,224.336,224.336,224.336,12
07.10.2024 17:15:57.000,224.336,224.336,224.336,224.336,12
07.10.2024 17:16:00.000,224.337,224.337,224.317,224.317,48
07.10.2024 17:16:06.000,224.327,224.327,224.317,224.317,24
07.10.2024 17:16:08.000,224.306,224.306,224.306,224.306,12
07.10.2024 17:16:12.000,224.307,224.307,224.307,224.307,12
07.10.2024 17:16:13.000,224.296,224.296,224.296,224.296,24
07.10.2024 17:16:15.000,224.306,224.306,224.306,224.306,24
07.10.2024 17:16:19.000,224.297,224.297,224.297,224.297,12
07.10.2024 17:16:20.000,224.296,224.296,224.296,224.296,12
07.10.2024 17:16:22.000,224.296,224.296,224.276,224.276,24
07.10.2024 17:16:23.000,224.276,224.276,224.276,224.276,24
07.10.2024 17:16:24.000,224.276,224.276,224.276,224.276,12
07.10.2024 17:16:25.000,224.277,224.277,224.277,224.277,12
07.10.2024 17:16:27.000,224.286,224.286,224.276,224.276,36
07.10.2024 17:16:30.000,224.286,224.286,224.286,224.286,12
07.10.2024 17:16:31.000,224.286,224.286,224.277,224.277,24
07.10.2024 17:16:32.000,224.286,224.286,224.286,224.286,12
07.10.2024 17:16:33.000,224.286,224.286,224.276,224.276,24
07.10.2024 17:16:36.000,224.276,224.276,224.276,224.276,12
07.10.2024 17:16:43.000,224.286,224.297,224.286,224.297,24
07.10.2024 17:16:50.000,224.307,224.307,224.297,224.297,24
07.10.2024 17:16:51.000,224.286,224.286,224.286,224.286,12
07.10.2024 17:16:58.000,224.276,224.276,224.276,224.276,12
07.10.2024 17:16:59.000,224.286,224.286,224.276,224.276,24
07.10.2024 17:17:00.000,224.286,224.286,224.276,224.276,24
07.10.2024 17:17:02.000,224.287,224.287,224.287,224.287,12
07.10.2024 17:17:04.000,224.277,224.277,224.277,224.277,12
07.10.2024 17:17:07.000,224.266,224.266,224.266,224.266,12
07.10.2024 17:17:09.000,224.266,224.267,224.266,224.267,24
07.10.2024 17:17:11.000,224.267,224.267,224.266,224.266,72
07.10.2024 17:17:12.000,224.267,224.267,224.267,224.267,12
07.10.2024 17:17:14.000,224.277,224.277,224.277,224.277,12
07.10.2024 17:17:18.000,224.287,224.287,224.287,224.287,12
07.10.2024 17:17:26.000,224.277,224.277,224.277,224.277,12
07.10.2024 17:17:27.000,224.287,224.287,224.287,224.287,12
07.10.2024 17:17:31.000,224.276,224.276,224.276,224.276,12
07.10.2024 17:17:33.000,224.287,224.287,224.287,224.287,12
07.10.2024 17:17:37.000,224.276,224.276,224.276,224.276,12
07.10.2024 17:17:44.000,224.286,224.286,224.286,224.286,12
07.10.2024 17:17:47.000,224.287,224.287,224.287,224.287,12
07.10.2024 17:17:48.000,224.296,224.296,224.296,224.296,12
07.10.2024 17:17:52.000,224.327,224.337,224.327,224.337,24
07.10.2024 17:17:53.000,224.326,224.326,224.326,224.326,12
07.10.2024 17:17:54.000,224.336,224.336,224.336,224.336,12
07.10.2024 17:17:56.000,224.337,224.357,224.337,224.357,36
07.10.2024 17:17:58.000,224.366,224.366,224.366,224.366,12
07.10.2024 17:18:01.000,224.367,224.367,224.367,224.367,24
07.10.2024 17:18:04.000,224.357,224.357,224.356,224.356,24
07.10.2024 17:18:05.000,224.356,224.356,224.356,224.356,12
07.10.2024 17:18:08.000,224.357,224.357,224.356,224.356,24
07.10.2024 17:18:09.000,224.326,224.326,224.307,224.307,36
07.10.2024 17:18:10.000,224.306,224.306,224.306,224.306,12
07.10.2024 17:18:11.000,224.307,224.307,224.307,224.307,24
07.10.2024 17:18:13.000,224.306,224.306,224.306,224.306,36
07.10.2024 17:18:14.000,224.297,224.297,224.287,224.287,36
07.10.2024 17:18:18.000,224.297,224.297,224.286,224.287,36
07.10.2024 17:18:20.000,224.287,224.287,224.287,224.287,12
07.10.2024 17:18:22.000,224.286,224.287,224.286,224.287,24
07.10.2024 17:18:25.000,224.297,224.297,224.297,224.297,12
07.10.2024 17:18:26.000,224.286,224.286,224.286,224.286,12
07.10.2024 17:18:28.000,224.286,224.286,224.286,224.286,12
07.10.2024 17:18:29.000,224.276,224.276,224.276,224.276,12
07.10.2024 17:18:39.000,224.266,224.266,224.247,224.257,36
07.10.2024 17:18:43.000,224.237,224.237,224.237,224.237,24
07.10.2024 17:18:44.000,224.217,224.227,224.217,224.227,48
07.10.2024 17:18:48.000,224.207,224.207,224.206,224.206,24
07.10.2024 17:18:49.000,224.217,224.217,224.217,224.217,12
07.10.2024 17:18:50.000,224.236,224.237,224.217,224.237,48
07.10.2024 17:18:52.000,224.246,224.246,224.246,224.246,12
07.10.2024 17:18:53.000,224.237,224.237,224.237,224.237,12
07.10.2024 17:18:54.000,224.237,224.237,224.237,224.237,24
07.10.2024 17:18:56.000,224.256,224.256,224.247,224.247,24
07.10.2024 17:18:57.000,224.236,224.236,224.236,224.236,12
07.10.2024 17:18:58.000,224.237,224.237,224.237,224.237,12
07.10.2024 17:18:59.000,224.236,224.246,224.236,224.246,24
07.10.2024 17:19:00.000,224.256,224.256,224.256,224.256,12
07.10.2024 17:19:03.000,224.236,224.236,224.236,224.236,12
07.10.2024 17:19:05.000,224.267,224.267,224.256,224.266,36
07.10.2024 17:19:06.000,224.257,224.257,224.247,224.247,24
07.10.2024 17:19:08.000,224.237,224.237,224.237,224.237,12
07.10.2024 17:19:10.000,224.236,224.236,224.236,224.236,12
07.10.2024 17:19:20.000,224.207,224.207,224.197,224.197,24
07.10.2024 17:19:21.000,224.197,224.197,224.197,224.197,12
07.10.2024 17:19:22.000,224.196,224.196,224.196,224.196,12
07.10.2024 17:19:24.000,224.206,224.206,224.206,224.206,12
07.10.2024 17:19:28.000,224.197,224.197,224.197,224.197,12
07.10.2024 17:19:31.000,224.206,224.206,224.206,224.206,12
07.10.2024 17:19:32.000,224.197,224.197,224.196,224.196,24
07.10.2024 17:19:37.000,224.166,224.166,224.166,224.166,12
07.10.2024 17:19:38.000,224.176,224.176,224.166,224.166,24
07.10.2024 17:19:39.000,224.147,224.157,224.146,224.146,36
07.10.2024 17:19:45.000,224.147,224.147,224.147,224.147,12
07.10.2024 17:19:46.000,224.146,224.146,224.146,224.146,24
07.10.2024 17:19:50.000,224.157,224.157,224.157,224.157,12
07.10.2024 17:19:51.000,224.146,224.147,224.146,224.147,24
07.10.2024 17:19:56.000,224.157,224.157,224.157,224.157,12
07.10.2024 17:19:58.000,224.147,224.147,224.147,224.147,12
07.10.2024 17:19:59.000,224.156,224.156,224.156,224.156,12
07.10.2024 17:20:04.000,224.147,224.147,224.136,224.146,48
07.10.2024 17:20:06.000,224.157,224.186,224.157,224.177,36
07.10.2024 17:20:07.000,224.176,224.176,224.176,224.176,24
07.10.2024 17:20:08.000,224.166,224.167,224.166,224.167,24
07.10.2024 17:20:13.000,224.156,224.156,224.156,224.156,12
07.10.2024 17:20:16.000,224.166,224.166,224.166,224.166,12
07.10.2024 17:20:19.000,224.156,224.166,224.156,224.166,36
07.10.2024 17:20:22.000,224.186,224.186,224.186,224.186,12
07.10.2024 17:20:23.000,224.186,224.187,224.176,224.176,48
07.10.2024 17:20:24.000,224.187,224.187,224.157,224.157,24
07.10.2024 17:20:25.000,224.177,224.177,224.177,224.177,12
07.10.2024 17:20:26.000,224.156,224.176,224.156,224.166,36
07.10.2024 17:20:29.000,224.196,224.196,224.196,224.196,12
07.10.2024 17:20:30.000,224.167,224.167,224.167,224.167,12
07.10.2024 17:20:31.000,224.167,224.167,224.167,224.167,12
07.10.2024 17:20:34.000,224.187,224.187,224.167,224.167,24
07.10.2024 17:20:38.000,224.166,224.166,224.166,224.166,24
07.10.2024 17:20:39.000,224.176,224.176,224.166,224.166,24
07.10.2024 17:20:40.000,224.187,224.187,224.187,224.187,12
07.10.2024 17:20:41.000,224.177,224.177,224.177,224.177,12
07.10.2024 17:20:44.000,224.166,224.166,224.166,224.166,12
07.10.2024 17:20:45.000,224.167,224.167,224.167,224.167,12
07.10.2024 17:20:47.000,224.157,224.157,224.157,224.157,12
07.10.2024 17:20:48.000,224.146,224.146,224.126,224.126,36
07.10.2024 17:20:50.000,224.146,224.156,224.146,224.156,24
07.10.2024 17:20:51.000,224.146,224.146,224.146,224.146,12
07.10.2024 17:20:52.000,224.146,224.146,224.127,224.146,60
07.10.2024 17:20:54.000,224.136,224.136,224.136,224.136,12
07.10.2024 17:20:55.000,224.147,224.147,224.147,224.147,12
07.10.2024 17:20:56.000,224.137,224.137,224.137,224.137,12
07.10.2024 17:20:57.000,224.127,224.127,224.117,224.117,24
07.10.2024 17:20:59.000,224.117,224.117,224.107,224.107,24
07.10.2024 17:21:02.000,224.107,224.107,224.107,224.107,12
07.10.2024 17:21:04.000,224.107,224.107,224.107,224.107,12
07.10.2024 17:21:05.000,224.096,224.096,224.096,224.096,12
07.10.2024 17:21:06.000,224.076,224.086,224.076,224.086,24
07.10.2024 17:21:07.000,224.097,224.097,224.097,224.097,12
07.10.2024 17:21:08.000,224.107,224.107,224.107,224.107,12
07.10.2024 17:21:13.000,224.117,224.117,224.117,224.117,12
07.10.2024 17:21:15.000,224.106,224.106,224.106,224.106,12
07.10.2024 17:21:20.000,224.096,224.097,224.096,224.097,24
07.10.2024 17:21:25.000,224.097,224.097,224.096,224.096,24
07.10.2024 17:21:32.000,224.107,224.107,224.107,224.107,12
07.10.2024 17:21:33.000,224.097,224.097,224.097,224.097,12
07.10.2024 17:21:36.000,224.077,224.077,224.077,224.077,12
07.10.2024 17:21:37.000,224.066,224.066,224.066,224.066,12
07.10.2024 17:21:38.000,224.066,224.066,224.066,224.066,12
07.10.2024 17:21:40.000,224.087,224.087,224.086,224.086,24
07.10.2024 17:21:41.000,224.076,224.076,224.066,224.066,24
07.10.2024 17:21:42.000,224.066,224.066,224.066,224.066,12
07.10.2024 17:21:43.000,224.086,224.096,224.086,224.086,36
07.10.2024 17:21:44.000,224.077,224.087,224.077,224.087,24
07.10.2024 17:21:46.000,224.087,224.087,224.087,224.087,12
07.10.2024 17:21:48.000,224.086,224.086,224.086,224.086,24
07.10.2024 17:21:52.000,224.086,224.086,224.086,224.086,12
07.10.2024 17:21:55.000,224.096,224.096,224.087,224.087,24
07.10.2024 17:21:57.000,224.096,224.096,224.096,224.096,12
07.10.2024 17:21:58.000,224.107,224.107,224.096,224.096,24
07.10.2024 17:22:00.000,224.107,224.107,224.107,224.107,12
07.10.2024 17:22:03.000,224.086,224.087,224.066,224.066,48
07.10.2024 17:22:04.000,224.076,224.077,224.076,224.077,24
07.10.2024 17:22:07.000,224.077,224.077,224.077,224.077,12
07.10.2024 17:22:09.000,224.066,224.067,224.066,224.067,24
07.10.2024 17:22:10.000,224.067,224.067,224.067,224.067,12
07.10.2024 17:22:12.000,224.066,224.067,224.066,224.067,24
07.10.2024 17:22:13.000,224.066,224.066,224.066,224.066,12
07.10.2024 17:22:17.000,224.076,224.077,224.067,224.067,60
07.10.2024 17:22:18.000,224.077,224.077,224.077,224.077,12
07.10.2024 17:22:19.000,224.086,224.086,224.086,224.086,12
07.10.2024 17:22:20.000,224.066,224.066,224.066,224.066,12
07.10.2024 17:22:24.000,224.066,224.066,224.066,224.066,12
07.10.2024 17:22:31.000,224.067,224.067,224.056,224.056,36
07.10.2024 17:22:32.000,224.047,224.047,224.047,224.047,12
07.10.2024 17:22:33.000,224.047,224.047,224.047,224.047,12
07.10.2024 17:22:34.000,224.047,224.047,224.047,224.047,24
07.10.2024 17:22:35.000,224.037,224.037,224.026,224.026,36
07.10.2024 17:22:37.000,224.056,224.056,224.046,224.047,36
07.10.2024 17:22:41.000,224.027,224.027,224.027,224.027,12
07.10.2024 17:22:43.000,224.016,224.016,224.016,224.016,24
07.10.2024 17:22:44.000,224.017,224.017,224.017,224.017,12
07.10.2024 17:22:45.000,224.006,224.006,224.006,224.006,24
07.10.2024 17:22:47.000,224.007,224.007,224.007,224.007,12
07.10.2024 17:22:48.000,224.016,224.016,224.016,224.016,24
07.10.2024 17:22:52.000,224.017,224.017,224.017,224.017,24
07.10.2024 17:22:53.000,224.027,224.027,224.006,224.006,48
07.10.2024 17:22:54.000,224.007,224.007,223.986,223.986,36
07.10.2024 17:22:55.000,223.966,223.967,223.966,223.967,24
07.10.2024 17:22:59.000,223.987,223.987,223.977,223.977,24
07.10.2024 17:23:00.000,223.976,223.976,223.976,223.976,12
07.10.2024 17:23:01.000,223.967,223.967,223.966,223.966,36
07.10.2024 17:23:04.000,223.967,223.967,223.967,223.967,12
07.10.2024 17:23:05.000,223.967,223.967,223.967,223.967,12
07.10.2024 17:23:06.000,223.967,223.967,223.967,223.967,12
07.10.2024 17:23:07.000,223.966,223.966,223.966,223.966,12
07.10.2024 17:23:08.000,223.956,223.967,223.956,223.967,24
07.10.2024 17:23:09.000,223.957,223.957,223.957,223.957,12
07.10.2024 17:23:10.000,223.966,223.966,223.966,223.966,12
07.10.2024 17:23:11.000,223.966,223.977,223.966,223.967,48
07.10.2024 17:23:13.000,223.956,223.956,223.956,223.956,12
07.10.2024 17:23:14.000,223.946,223.957,223.936,223.937,72
07.10.2024 17:23:15.000,223.957,223.957,223.947,223.947,48
07.10.2024 17:23:16.000,223.936,223.936,223.936,223.936,12
07.10.2024 17:23:18.000,223.937,223.937,223.917,223.917,24
07.10.2024 17:23:19.000,223.917,223.927,223.917,223.927,84.00000000000001
07.10.2024 17:23:21.000,223.917,223.927,223.917,223.927,24
07.10.2024 17:23:22.000,223.927,223.927,223.917,223.917,36
07.10.2024 17:23:26.000,223.917,223.917,223.917,223.917,12
07.10.2024 17:23:27.000,223.927,223.927,223.927,223.927,12
07.10.2024 17:23:29.000,223.916,223.916,223.876,223.876,48
07.10.2024 17:23:30.000,223.866,223.866,223.847,223.847,36
07.10.2024 17:23:31.000,223.856,223.856,223.847,223.847,24
07.10.2024 17:23:34.000,223.837,223.837,223.826,223.836,36
07.10.2024 17:23:35.000,223.827,223.837,223.827,223.837,24
07.10.2024 17:23:36.000,223.827,223.827,223.827,223.827,12
07.10.2024 17:23:41.000,223.846,223.846,223.826,223.826,24
07.10.2024 17:23:42.000,223.817,223.817,223.796,223.797,72
07.10.2024 17:23:43.000,223.796,223.796,223.796,223.796,12
07.10.2024 17:23:44.000,223.816,223.816,223.816,223.816,24
07.10.2024 17:23:49.000,223.816,223.816,223.816,223.816,12
07.10.2024 17:23:50.000,223.797,223.797,223.797,223.797,12
07.10.2024 17:23:52.000,223.816,223.816,223.816,223.816,12
07.10.2024 17:23:54.000,223.837,223.837,223.837,223.837,12
07.10.2024 17:24:02.000,223.836,223.836,223.836,223.836,12
07.10.2024 17:24:07.000,223.847,223.847,223.837,223.837,24
07.10.2024 17:24:09.000,223.847,223.856,223.846,223.856,36
07.10.2024 17:24:10.000,223.866,223.887,223.866,223.887,36
07.10.2024 17:24:12.000,223.897,223.897,223.897,223.897,12
07.10.2024 17:24:13.000,223.897,223.897,223.897,223.897,12
07.10.2024 17:24:16.000,223.916,223.927,223.916,223.926,48
07.10.2024 17:24:17.000,223.927,223.927,223.927,223.927,12
07.10.2024 17:24:27.000,223.936,223.936,223.926,223.926,24
07.10.2024 17:24:30.000,223.886,223.887,223.886,223.887,24
07.10.2024 17:24:32.000,223.887,223.887,223.887,223.887,12
07.10.2024 17:24:38.000,223.906,223.917,223.906,223.917,36
07.10.2024 17:24:40.000,223.916,223.916,223.916,223.916,12
07.10.2024 17:24:41.000,223.927,223.937,223.917,223.937,36
07.10.2024 17:24:43.000,223.937,223.956,223.937,223.947,36
07.10.2024 17:24:44.000,223.977,223.977,223.977,223.977,12
07.10.2024 17:24:47.000,223.946,223.946,223.946,223.946,24
07.10.2024 17:24:50.000,223.946,223.946,223.946,223.946,12
07.10.2024 17:24:58.000,223.956,223.956,223.956,223.956,12
07.10.2024 17:24:59.000,223.917,223.947,223.916,223.927,48
07.10.2024 17:25:00.000,223.927,223.936,223.927,223.936,24
07.10.2024 17:25:01.000,223.937,223.937,223.937,223.937,12
07.10.2024 17:25:02.000,223.917,223.917,223.917,223.917,12
07.10.2024 17:25:05.000,223.926,223.926,223.926,223.926,12
07.10.2024 17:25:06.000,223.946,223.946,223.936,223.936,24
07.10.2024 17:25:07.000,223.957,223.957,223.957,223.957,12
07.10.2024 17:25:11.000,223.937,223.937,223.937,223.937,12
07.10.2024 17:25:15.000,223.946,223.946,223.936,223.936,24
07.10.2024 17:25:17.000,223.927,223.927,223.927,223.927,12
07.10.2024 17:25:18.000,223.957,223.957,223.957,223.957,12
07.10.2024 17:25:20.000,223.966,223.966,223.966,223.966,12
07.10.2024 17:25:21.000,223.977,223.977,223.977,223.977,12
07.10.2024 17:25:27.000,223.966,223.966,223.966,223.966,24
07.10.2024 17:25:33.000,223.976,223.976,223.976,223.976,12
07.10.2024 17:25:34.000,223.997,223.997,223.997,223.997,12
07.10.2024 17:25:35.000,224.007,224.007,224.007,224.007,12
07.10.2024 17:25:37.000,223.977,223.977,223.956,223.956,36
07.10.2024 17:25:38.000,223.937,223.937,223.917,223.926,48
07.10.2024 17:25:39.000,223.916,223.936,223.916,223.936,24
07.10.2024 17:25:41.000,223.926,223.926,223.926,223.926,12
07.10.2024 17:25:42.000,223.937,223.946,223.937,223.946,24
07.10.2024 17:25:43.000,223.936,223.936,223.936,223.936,12
07.10.2024 17:25:50.000,223.966,223.966,223.956,223.956,24
07.10.2024 17:25:51.000,223.966,223.966,223.966,223.966,12
07.10.2024 17:25:52.000,223.966,223.966,223.966,223.966,12
07.10.2024 17:25:55.000,223.976,223.976,223.976,223.976,12
07.10.2024 17:25:56.000,223.967,223.967,223.947,223.947,24
07.10.2024 17:25:58.000,223.947,223.947,223.947,223.947,12
07.10.2024 17:25:59.000,223.946,223.947,223.946,223.947,24
07.10.2024 17:26:00.000,223.937,223.937,223.937,223.937,12
07.10.2024 17:26:01.000,223.937,223.937,223.926,223.926,24
07.10.2024 17:26:03.000,223.907,223.907,223.907,223.907,12
07.10.2024 17:26:05.000,223.897,223.897,223.897,223.897,12
07.10.2024 17:26:08.000,223.896,223.896,223.876,223.876,24
07.10.2024 17:26:11.000,223.866,223.866,223.866,223.866,24
07.10.2024 17:26:15.000,223.876,223.876,223.876,223.876,12
07.10.2024 17:26:16.000,223.896,223.896,223.896,223.896,12
07.10.2024 17:26:18.000,223.886,223.886,223.886,223.886,12
07.10.2024 17:26:19.000,223.876,223.876,223.876,223.876,12
07.10.2024 17:26:20.000,223.867,223.867,223.866,223.866,24
07.10.2024 17:26:21.000,223.866,223.866,223.857,223.857,24
07.10.2024 17:26:22.000,223.866,223.866,223.866,223.866,12
07.10.2024 17:26:25.000,223.867,223.867,223.867,223.867,24
07.10.2024 17:26:26.000,223.877,223.896,223.877,223.896,24
07.10.2024 17:26:30.000,223.886,223.897,223.886,223.886,36
07.10.2024 17:26:33.000,223.917,223.917,223.917,223.917,12
07.10.2024 17:26:34.000,223.907,223.907,223.906,223.906,24
07.10.2024 17:26:36.000,223.917,223.917,223.916,223.916,24
07.10.2024 17:26:37.000,223.906,223.916,223.906,223.906,36
07.10.2024 17:26:39.000,223.897,223.897,223.896,223.896,24
07.10.2024 17:26:40.000,223.896,223.896,223.896,223.896,24
07.10.2024 17:26:42.000,223.897,223.897,223.897,223.897,12
07.10.2024 17:26:45.000,223.897,223.897,223.897,223.897,24
07.10.2024 17:26:47.000,223.896,223.896,223.896,223.896,24
07.10.2024 17:26:48.000,223.897,223.897,223.897,223.897,12
07.10.2024 17:26:49.000,223.906,223.906,223.906,223.906,12
07.10.2024 17:27:02.000,223.907,223.907,223.906,223.907,36
07.10.2024 17:27:03.000,223.906,223.906,223.906,223.906,12
07.10.2024 17:27:04.000,223.907,223.907,223.907,223.907,12
07.10.2024 17:27:09.000,223.926,223.926,223.916,223.916,24
07.10.2024 17:27:10.000,223.906,223.906,223.906,223.906,12
07.10.2024 17:27:11.000,223.917,223.917,223.917,223.917,12
07.10.2024 17:27:12.000,223.927,223.927,223.927,223.927,12
07.10.2024 17:27:13.000,223.927,223.927,223.926,223.926,24
07.10.2024 17:27:14.000,223.927,223.927,223.927,223.927,24
07.10.2024 17:27:15.000,223.926,223.946,223.926,223.946,48
07.10.2024 17:27:16.000,223.956,223.956,223.956,223.956,12
07.10.2024 17:27:17.000,223.966,223.966,223.956,223.956,24
07.10.2024 17:27:18.000,223.966,223.966,223.957,223.966,36
07.10.2024 17:27:20.000,223.976,223.976,223.976,223.976,12
07.10.2024 17:27:21.000,223.946,223.957,223.946,223.957,24
07.10.2024 17:27:26.000,223.956,223.956,223.956,223.956,12
07.10.2024 17:27:29.000,223.967,223.967,223.967,223.967,12
07.10.2024 17:27:30.000,223.957,223.957,223.957,223.957,12
07.10.2024 17:27:35.000,223.927,223.927,223.917,223.917,24
07.10.2024 17:27:37.000,223.927,223.927,223.927,223.927,12
07.10.2024 17:27:40.000,223.907,223.907,223.907,223.907,12
07.10.2024 17:27:48.000,223.906,223.906,223.906,223.906,12
07.10.2024 17:27:55.000,223.906,223.906,223.906,223.906,12
07.10.2024 17:27:56.000,223.907,223.916,223.907,223.916,24
07.10.2024 17:27:57.000,223.926,223.927,223.917,223.927,36
07.10.2024 17:27:58.000,223.916,223.916,223.916,223.916,12
07.10.2024 17:28:00.000,223.937,223.937,223.937,223.937,12
07.10.2024 17:28:01.000,223.956,223.956,223.956,223.956,24
07.10.2024 17:28:04.000,223.947,223.947,223.947,223.947,12
07.10.2024 17:28:15.000,223.956,223.956,223.946,223.946,24
07.10.2024 17:28:18.000,223.956,223.956,223.956,223.956,12
07.10.2024 17:28:21.000,223.956,223.957,223.956,223.957,24
07.10.2024 17:28:22.000,223.936,223.947,223.936,223.947,24
07.10.2024 17:28:23.000,223.947,223.957,223.947,223.957,24
07.10.2024 17:28:25.000,223.947,223.947,223.947,223.947,12
07.10.2024 17:28:26.000,223.947,223.947,223.947,223.947,12
07.10.2024 17:28:27.000,223.947,223.947,223.946,223.946,48
07.10.2024 17:28:28.000,223.927,223.927,223.927,223.927,12
07.10.2024 17:28:32.000,223.906,223.906,223.906,223.906,12
07.10.2024 17:28:33.000,223.917,223.917,223.906,223.906,36
07.10.2024 17:28:35.000,223.907,223.907,223.907,223.907,12
07.10.2024 17:28:36.000,223.897,223.897,223.897,223.897,12
07.10.2024 17:28:40.000,223.887,223.887,223.887,223.887,12
07.10.2024 17:28:42.000,223.887,223.887,223.887,223.887,12
07.10.2024 17:28:44.000,223.877,223.877,223.877,223.877,12
07.10.2024 17:28:47.000,223.876,223.876,223.876,223.876,12
07.10.2024 17:28:48.000,223.886,223.886,223.876,223.876,36
07.10.2024 17:28:50.000,223.886,223.886,223.886,223.886,12
07.10.2024 17:28:51.000,223.896,223.896,223.896,223.896,12
07.10.2024 17:28:52.000,223.887,223.887,223.887,223.887,36
07.10.2024 17:28:55.000,223.897,223.897,223.886,223.886,24
07.10.2024 17:28:56.000,223.896,223.896,223.896,223.896,12
07.10.2024 17:28:57.000,223.896,223.896,223.896,223.896,24
07.10.2024 17:28:58.000,223.896,223.917,223.896,223.917,36
07.10.2024 17:28:59.000,223.917,223.917,223.897,223.897,24
07.10.2024 17:29:00.000,223.896,223.896,223.896,223.896,12
07.10.2024 17:29:01.000,223.887,223.887,223.887,223.887,12
07.10.2024 17:29:03.000,223.907,223.907,223.907,223.907,12
07.10.2024 17:29:05.000,223.917,223.917,223.887,223.887,60
07.10.2024 17:29:08.000,223.887,223.887,223.887,223.887,12
07.10.2024 17:29:09.000,223.876,223.876,223.876,223.876,12
07.10.2024 17:29:10.000,223.877,223.877,223.856,223.856,36
07.10.2024 17:29:11.000,223.847,223.847,223.846,223.847,36
07.10.2024 17:29:12.000,223.836,223.837,223.836,223.837,24
07.10.2024 17:29:13.000,223.847,223.847,223.847,223.847,12
07.10.2024 17:29:14.000,223.857,223.857,223.857,223.857,12
07.10.2024 17:29:15.000,223.856,223.856,223.847,223.847,24
07.10.2024 17:29:16.000,223.846,223.846,223.846,223.846,24
07.10.2024 17:29:18.000,223.856,223.857,223.856,223.857,24
07.10.2024 17:29:20.000,223.846,223.846,223.846,223.846,12
07.10.2024 17:29:23.000,223.847,223.847,223.847,223.847,12
07.10.2024 17:29:24.000,223.836,223.846,223.836,223.846,48
07.10.2024 17:29:25.000,223.846,223.846,223.846,223.846,12
07.10.2024 17:29:26.000,223.846,223.846,223.846,223.846,12
07.10.2024 17:29:27.000,223.837,223.837,223.827,223.827,24
07.10.2024 17:29:28.000,223.826,223.826,223.797,223.816,84.00000000000001
07.10.2024 17:29:29.000,223.806,223.817,223.806,223.817,72
07.10.2024 17:29:30.000,223.806,223.806,223.806,223.806,12
07.10.2024 17:29:32.000,223.806,223.806,223.806,223.806,24
07.10.2024 17:29:35.000,223.816,223.816,223.816,223.816,12
07.10.2024 17:29:37.000,223.817,223.817,223.807,223.807,48
07.10.2024 17:29:40.000,223.807,223.807,223.807,223.807,12
07.10.2024 17:29:42.000,223.796,223.806,223.796,223.806,24
07.10.2024 17:29:43.000,223.797,223.797,223.797,223.797,36
07.10.2024 17:29:44.000,223.797,223.797,223.796,223.796,24
07.10.2024 17:29:46.000,223.796,223.817,223.796,223.817,24
07.10.2024 17:29:47.000,223.807,223.807,223.807,223.807,12
07.10.2024 17:29:48.000,223.797,223.797,223.797,223.797,12
07.10.2024 17:29:49.000,223.807,223.807,223.796,223.796,24
07.10.2024 17:29:51.000,223.806,223.806,223.806,223.806,24
07.10.2024 17:29:52.000,223.796,223.807,223.796,223.807,48
07.10.2024 17:29:55.000,223.817,223.817,223.807,223.807,60
07.10.2024 17:29:56.000,223.807,223.807,223.797,223.797,24
07.10.2024 17:29:57.000,223.807,223.807,223.807,223.807,12
07.10.2024 17:29:59.000,223.797,223.806,223.796,223.797,60
07.10.2024 17:30:00.000,223.797,223.797,223.786,223.786,48
07.10.2024 17:30:01.000,223.796,223.797,223.777,223.777,72
07.10.2024 17:30:02.000,223.766,223.766,223.737,223.737,48
07.10.2024 17:30:03.000,223.746,223.746,223.726,223.737,84.00000000000001
07.10.2024 17:30:04.000,223.727,223.727,223.716,223.716,24
07.10.2024 17:30:05.000,223.707,223.736,223.707,223.736,60
07.10.2024 17:30:06.000,223.727,223.727,223.727,223.727,24
07.10.2024 17:30:07.000,223.756,223.767,223.756,223.767,48
07.10.2024 17:30:08.000,223.757,223.767,223.757,223.766,48
07.10.2024 17:30:09.000,223.756,223.756,223.756,223.756,12
07.10.2024 17:30:10.000,223.757,223.757,223.756,223.756,24
07.10.2024 17:30:13.000,223.766,223.766,223.766,223.766,12
07.10.2024 17:30:14.000,223.787,223.787,223.787,223.787,12
07.10.2024 17:30:15.000,223.786,223.786,223.786,223.786,12
07.10.2024 17:30:16.000,223.787,223.787,223.787,223.787,12
07.10.2024 17:30:17.000,223.786,223.786,223.786,223.786,12
07.10.2024 17:30:18.000,223.787,223.787,223.777,223.777,36
07.10.2024 17:30:19.000,223.746,223.766,223.746,223.746,60
07.10.2024 17:30:20.000,223.757,223.757,223.757,223.757,12
07.10.2024 17:30:21.000,223.747,223.747,223.737,223.737,36
07.10.2024 17:30:22.000,223.737,223.737,223.726,223.726,24
07.10.2024 17:30:23.000,223.736,223.736,223.736,223.736,12
07.10.2024 17:30:24.000,223.737,223.737,223.737,223.737,12
07.10.2024 17:30:27.000,223.747,223.747,223.747,223.747,12
07.10.2024 17:30:29.000,223.736,223.736,223.736,223.736,12
07.10.2024 17:30:30.000,223.727,223.727,223.727,223.727,12
07.10.2024 17:30:31.000,223.737,223.737,223.737,223.737,12
07.10.2024 17:30:35.000,223.746,223.746,223.736,223.736,48
07.10.2024 17:30:36.000,223.737,223.737,223.737,223.737,12
07.10.2024 17:30:39.000,223.746,223.746,223.746,223.746,12
07.10.2024 17:30:41.000,223.737,223.737,223.737,223.737,12
07.10.2024 17:30:42.000,223.726,223.737,223.726,223.737,24
07.10.2024 17:30:43.000,223.756,223.757,223.746,223.757,48
07.10.2024 17:30:44.000,223.766,223.766,223.766,223.766,12
07.10.2024 17:30:45.000,223.776,223.776,223.757,223.757,36
07.10.2024 17:30:46.000,223.766,223.766,223.756,223.756,24
07.10.2024 17:30:47.000,223.766,223.766,223.757,223.757,24
07.10.2024 17:30:48.000,223.757,223.766,223.757,223.766,24
07.10.2024 17:30:53.000,223.787,223.787,223.787,223.787,12
07.10.2024 17:30:55.000,223.797,223.797,223.797,223.797,12
07.10.2024 17:30:56.000,223.787,223.787,223.787,223.787,24
07.10.2024 17:30:58.000,223.797,223.797,223.797,223.797,12
07.10.2024 17:31:00.000,223.777,223.777,223.777,223.777,12
07.10.2024 17:31:01.000,223.766,223.766,223.766,223.766,12
07.10.2024 17:31:02.000,223.756,223.756,223.756,223.756,12
07.10.2024 17:31:05.000,223.767,223.767,223.757,223.757,24
07.10.2024 17:31:10.000,223.746,223.746,223.746,223.746,12
07.10.2024 17:31:13.000,223.756,223.756,223.747,223.747,24
07.10.2024 17:31:14.000,223.756,223.756,223.756,223.756,12
07.10.2024 17:31:15.000,223.746,223.777,223.746,223.766,36
07.10.2024 17:31:16.000,223.757,223.757,223.757,223.757,12
07.10.2024 17:31:17.000,223.746,223.756,223.746,223.756,24
07.10.2024 17:31:20.000,223.757,223.757,223.757,223.757,12
07.10.2024 17:31:25.000,223.786,223.786,223.786,223.786,12
07.10.2024 17:31:27.000,223.797,223.797,223.787,223.797,36
07.10.2024 17:31:28.000,223.786,223.786,223.786,223.786,12
07.10.2024 17:31:35.000,223.807,223.807,223.807,223.807,12
07.10.2024 17:31:36.000,223.797,223.797,223.797,223.797,12
07.10.2024 17:31:37.000,223.766,223.766,223.766,223.766,12
07.10.2024 17:31:39.000,223.787,223.787,223.777,223.777,24
07.10.2024 17:31:40.000,223.786,223.786,223.786,223.786,12
07.10.2024 17:31:41.000,223.777,223.777,223.776,223.776,24
07.10.2024 17:31:48.000,223.766,223.766,223.757,223.757,24
07.10.2024 17:31:50.000,223.787,223.797,223.786,223.786,48
07.10.2024 17:31:53.000,223.806,223.826,223.796,223.826,48
07.10.2024 17:32:00.000,223.807,223.807,223.807,223.807,12
07.10.2024 17:32:01.000,223.817,223.817,223.817,223.817,12
07.10.2024 17:32:02.000,223.826,223.836,223.816,223.836,48
07.10.2024 17:32:03.000,223.826,223.867,223.826,223.867,36
07.10.2024 17:32:05.000,223.856,223.856,223.827,223.827,24
07.10.2024 17:32:06.000,223.826,223.836,223.826,223.827,36
07.10.2024 17:32:07.000,223.837,223.837,223.827,223.827,24
07.10.2024 17:32:08.000,223.836,223.836,223.826,223.826,24
07.10.2024 17:32:12.000,223.816,223.837,223.816,223.837,24
07.10.2024 17:32:16.000,223.847,223.847,223.837,223.837,24
07.10.2024 17:32:17.000,223.866,223.866,223.866,223.866,12
07.10.2024 17:32:18.000,223.866,223.866,223.866,223.866,12
07.10.2024 17:32:21.000,223.847,223.847,223.847,223.847,12
07.10.2024 17:32:22.000,223.857,223.857,223.857,223.857,12
07.10.2024 17:32:23.000,223.846,223.846,223.846,223.846,12
07.10.2024 17:32:24.000,223.857,223.857,223.856,223.856,24
07.10.2024 17:32:25.000,223.867,223.867,223.857,223.857,24
07.10.2024 17:32:27.000,223.856,223.856,223.856,223.856,12
07.10.2024 17:32:28.000,223.877,223.886,223.877,223.886,24
07.10.2024 17:32:32.000,223.877,223.877,223.877,223.877,24
07.10.2024 17:32:36.000,223.886,223.886,223.886,223.886,12
07.10.2024 17:32:39.000,223.886,223.886,223.886,223.886,12
07.10.2024 17:32:46.000,223.906,223.906,223.906,223.906,12
07.10.2024 17:32:49.000,223.917,223.917,223.917,223.917,12
07.10.2024 17:32:50.000,223.926,223.926,223.926,223.926,12
07.10.2024 17:32:53.000,223.927,223.927,223.927,223.927,24
07.10.2024 17:32:57.000,223.936,223.936,223.936,223.936,12
07.10.2024 17:33:01.000,223.907,223.907,223.907,223.907,12
07.10.2024 17:33:02.000,223.896,223.896,223.896,223.896,12
07.10.2024 17:33:03.000,223.906,223.906,223.906,223.906,12
07.10.2024 17:33:04.000,223.876,223.887,223.876,223.887,48
07.10.2024 17:33:06.000,223.896,223.896,223.886,223.886,24
07.10.2024 17:33:12.000,223.917,223.917,223.917,223.917,12
07.10.2024 17:33:13.000,223.907,223.907,223.897,223.897,36
07.10.2024 17:33:14.000,223.926,223.926,223.917,223.917,24
07.10.2024 17:33:21.000,223.917,223.917,223.917,223.917,12
07.10.2024 17:33:23.000,223.896,223.896,223.896,223.896,12
07.10.2024 17:33:25.000,223.896,223.896,223.896,223.896,12
07.10.2024 17:33:26.000,223.887,223.887,223.886,223.886,24
07.10.2024 17:33:31.000,223.856,223.866,223.856,223.866,36
07.10.2024 17:33:32.000,223.876,223.877,223.866,223.866,60
07.10.2024 17:33:34.000,223.876,223.876,223.876,223.876,12
07.10.2024 17:33:35.000,223.876,223.876,223.876,223.876,12
07.10.2024 17:33:36.000,223.886,223.886,223.877,223.877,24
07.10.2024 17:33:38.000,223.877,223.877,223.877,223.877,12
07.10.2024 17:33:40.000,223.876,223.876,223.876,223.876,12
07.10.2024 17:33:41.000,223.876,223.876,223.876,223.876,12
07.10.2024 17:33:47.000,223.887,223.896,223.877,223.896,36
07.10.2024 17:33:48.000,223.886,223.886,223.886,223.886,24
07.10.2024 17:33:49.000,223.877,223.877,223.877,223.877,12
07.10.2024 17:33:50.000,223.887,223.887,223.877,223.877,24
07.10.2024 17:33:55.000,223.887,223.887,223.876,223.876,24
07.10.2024 17:33:58.000,223.906,223.907,223.896,223.896,36
07.10.2024 17:33:59.000,223.886,223.886,223.886,223.886,24
07.10.2024 17:34:00.000,223.877,223.887,223.877,223.887,24
07.10.2024 17:34:02.000,223.877,223.877,223.877,223.877,12
07.10.2024 17:34:03.000,223.876,223.897,223.876,223.897,24
07.10.2024 17:34:05.000,223.877,223.877,223.877,223.877,12
07.10.2024 17:34:06.000,223.887,223.906,223.886,223.906,48
07.10.2024 17:34:08.000,223.906,223.927,223.906,223.927,24
07.10.2024 17:34:09.000,223.926,223.926,223.926,223.926,12
07.10.2024 17:34:13.000,223.937,223.937,223.927,223.927,24
07.10.2024 17:34:14.000,223.946,223.947,223.946,223.947,24
07.10.2024 17:34:15.000,223.957,223.957,223.947,223.957,36
07.10.2024 17:34:17.000,223.976,223.977,223.956,223.977,72
07.10.2024 17:34:19.000,223.966,223.977,223.966,223.977,36
07.10.2024 17:34:21.000,223.977,223.987,223.977,223.987,24
07.10.2024 17:34:22.000,223.987,223.987,223.986,223.986,36
07.10.2024 17:34:23.000,223.987,223.987,223.987,223.987,12
07.10.2024 17:34:24.000,224.006,224.007,223.997,223.997,48
07.10.2024 17:34:25.000,224.006,224.006,224.006,224.006,24
07.10.2024 17:34:26.000,224.016,224.016,224.016,224.016,12
07.10.2024 17:34:29.000,224.017,224.027,224.017,224.027,24
07.10.2024 17:34:31.000,224.026,224.026,224.026,224.026,12
07.10.2024 17:34:34.000,224.026,224.026,224.026,224.026,12
07.10.2024 17:34:36.000,224.026,224.027,224.026,224.027,36
07.10.2024 17:34:43.000,224.026,224.026,223.996,223.996,24
07.10.2024 17:34:44.000,223.986,223.986,223.986,223.986,12
07.10.2024 17:34:47.000,223.966,223.966,223.966,223.966,12
07.10.2024 17:34:50.000,223.976,223.976,223.976,223.976,12
07.10.2024 17:34:54.000,223.987,223.987,223.987,223.987,12
07.10.2024 17:34:56.000,223.986,223.986,223.986,223.986,12
07.10.2024 17:34:57.000,223.996,223.996,223.977,223.977,24
07.10.2024 17:35:00.000,223.976,223.987,223.976,223.977,36
07.10.2024 17:35:01.000,223.987,223.997,223.987,223.997,24
07.10.2024 17:35:08.000,224.007,224.007,224.007,224.007,12
07.10.2024 17:35:09.000,223.996,223.996,223.996,223.996,12
07.10.2024 17:35:10.000,224.006,224.026,224.006,224.026,24
07.10.2024 17:35:13.000,224.026,224.026,224.026,224.026,12
07.10.2024 17:35:14.000,223.997,223.997,223.997,223.997,12
07.10.2024 17:35:15.000,224.017,224.017,223.997,224.017,36
07.10.2024 17:35:18.000,224.016,224.016,224.016,224.016,12
07.10.2024 17:35:19.000,224.027,224.027,224.027,224.027,12
07.10.2024 17:35:22.000,224.017,224.017,224.017,224.017,12
07.10.2024 17:35:24.000,224.026,224.027,224.016,224.027,36
07.10.2024 17:35:27.000,224.017,224.017,224.017,224.017,12
07.10.2024 17:35:28.000,224.027,224.027,224.017,224.026,36
07.10.2024 17:35:29.000,224.016,224.016,224.016,224.016,12
07.10.2024 17:35:30.000,224.026,224.026,224.026,224.026,12
07.10.2024 17:35:35.000,224.016,224.016,224.016,224.016,12
07.10.2024 17:35:41.000,224.017,224.017,224.017,224.017,12
07.10.2024 17:35:44.000,224.016,224.016,224.016,224.016,12
07.10.2024 17:35:46.000,224.017,224.017,224.017,224.017,36
07.10.2024 17:35:49.000,223.997,223.997,223.966,223.966,24
07.10.2024 17:35:51.000,223.977,223.977,223.966,223.977,48
07.10.2024 17:35:52.000,223.987,223.987,223.987,223.987,12
07.10.2024 17:35:58.000,223.987,223.987,223.987,223.987,12
07.10.2024 17:36:02.000,223.986,223.987,223.986,223.987,24
07.10.2024 17:36:03.000,223.967,223.977,223.967,223.977,24
07.10.2024 17:36:05.000,223.987,223.987,223.987,223.987,12
07.10.2024 17:36:07.000,223.976,223.976,223.966,223.966,48
07.10.2024 17:36:09.000,223.966,223.966,223.966,223.966,12
07.10.2024 17:36:10.000,223.976,223.976,223.976,223.976,12
07.10.2024 17:36:11.000,223.986,223.986,223.986,223.986,12
07.10.2024 17:36:12.000,223.987,223.987,223.987,223.987,24
07.10.2024 17:36:17.000,223.966,223.967,223.957,223.967,36
07.10.2024 17:36:19.000,223.957,223.957,223.957,223.957,12
07.10.2024 17:36:20.000,223.956,223.956,223.956,223.956,12
07.10.2024 17:36:21.000,223.966,223.966,223.966,223.966,12
07.10.2024 17:36:23.000,223.967,223.967,223.967,223.967,12
07.10.2024 17:36:24.000,223.966,223.967,223.966,223.967,24
07.10.2024 17:36:25.000,223.967,223.967,223.966,223.966,24
07.10.2024 17:36:28.000,223.967,223.967,223.966,223.966,24
07.10.2024 17:36:29.000,223.997,223.997,223.997,223.997,12
07.10.2024 17:36:31.000,223.976,223.976,223.966,223.966,24
07.10.2024 17:36:35.000,223.996,223.996,223.996,223.996,12
07.10.2024 17:36:40.000,224.007,224.007,224.007,224.007,12
07.10.2024 17:36:41.000,223.997,223.997,223.997,223.997,12
07.10.2024 17:36:42.000,224.007,224.007,224.007,224.007,12
07.10.2024 17:36:43.000,224.006,224.006,224.006,224.006,12
07.10.2024 17:36:44.000,223.996,223.996,223.996,223.996,12
07.10.2024 17:36:47.000,223.996,223.996,223.996,223.996,12
07.10.2024 17:36:51.000,223.997,224.006,223.997,223.997,36
07.10.2024 17:36:53.000,224.006,224.006,224.006,224.006,12
07.10.2024 17:36:55.000,224.016,224.047,224.016,224.047,36
07.10.2024 17:36:56.000,224.037,224.037,224.037,224.037,12
07.10.2024 17:36:58.000,224.047,224.047,224.047,224.047,12
07.10.2024 17:37:00.000,224.037,224.037,224.037,224.037,12
07.10.2024 17:37:02.000,224.037,224.037,224.037,224.037,12
07.10.2024 17:37:04.000,224.027,224.027,224.027,224.027,12
07.10.2024 17:37:06.000,224.016,224.016,223.996,223.996,24
07.10.2024 17:37:08.000,223.996,223.996,223.996,223.996,12
07.10.2024 17:37:10.000,223.996,223.996,223.996,223.996,24
07.10.2024 17:37:11.000,223.986,223.996,223.986,223.987,36
07.10.2024 17:37:12.000,223.976,223.976,223.976,223.976,12
07.10.2024 17:37:13.000,223.977,223.977,223.977,223.977,12
07.10.2024 17:37:19.000,223.977,223.977,223.966,223.966,24
07.10.2024 17:37:20.000,223.967,223.967,223.967,223.967,12
07.10.2024 17:37:25.000,223.987,223.987,223.987,223.987,12
07.10.2024 17:37:28.000,223.986,223.997,223.986,223.997,24
07.10.2024 17:37:29.000,223.987,223.987,223.987,223.987,12
07.10.2024 17:37:30.000,223.986,223.986,223.986,223.986,12
07.10.2024 17:37:34.000,223.996,223.996,223.986,223.986,24
07.10.2024 17:37:35.000,223.996,223.996,223.996,223.996,24
07.10.2024 17:37:44.000,223.997,224.007,223.997,224.007,24
07.10.2024 17:37:45.000,223.996,223.996,223.996,223.996,12
07.10.2024 17:37:46.000,223.997,223.997,223.997,223.997,12
07.10.2024 17:37:47.000,224.006,224.006,224.006,224.006,12
07.10.2024 17:37:49.000,224.006,224.006,224.006,224.006,24
07.10.2024 17:37:56.000,224.006,224.006,223.997,223.997,24
07.10.2024 17:37:57.000,224.016,224.016,224.016,224.016,12
07.10.2024 17:38:02.000,223.996,223.996,223.986,223.986,24
07.10.2024 17:38:03.000,223.957,223.957,223.957,223.957,12
07.10.2024 17:38:04.000,223.956,223.956,223.956,223.956,12
07.10.2024 17:38:05.000,223.947,223.947,223.947,223.947,12
07.10.2024 17:38:06.000,223.957,223.957,223.946,223.947,48
07.10.2024 17:38:16.000,223.946,223.946,223.946,223.946,12
07.10.2024 17:38:18.000,223.946,223.946,223.946,223.946,12
07.10.2024 17:38:20.000,223.956,223.956,223.956,223.956,12
07.10.2024 17:38:21.000,223.967,223.976,223.966,223.966,48
07.10.2024 17:38:22.000,223.977,223.977,223.966,223.966,24
07.10.2024 17:38:23.000,223.967,223.967,223.967,223.967,12
07.10.2024 17:38:24.000,223.976,223.976,223.976,223.976,12
07.10.2024 17:38:26.000,223.976,223.976,223.966,223.966,48
07.10.2024 17:38:27.000,223.967,223.977,223.967,223.967,36
07.10.2024 17:38:28.000,223.966,223.997,223.966,223.997,24
07.10.2024 17:38:29.000,223.997,223.997,223.997,223.997,12
07.10.2024 17:38:30.000,223.997,223.997,223.996,223.996,24
07.10.2024 17:38:31.000,223.997,223.997,223.997,223.997,24
07.10.2024 17:38:32.000,223.996,223.996,223.996,223.996,12
07.10.2024 17:38:36.000,223.966,223.966,223.966,223.966,12
07.10.2024 17:38:40.000,223.967,223.967,223.966,223.966,24
07.10.2024 17:38:41.000,223.967,223.967,223.966,223.967,48
07.10.2024 17:38:42.000,223.946,223.946,223.946,223.946,12
07.10.2024 17:38:45.000,223.957,223.957,223.947,223.947,24
07.10.2024 17:38:49.000,223.947,223.947,223.947,223.947,12
07.10.2024 17:38:51.000,223.947,223.947,223.947,223.947,12
07.10.2024 17:38:52.000,223.967,223.967,223.956,223.956,24
07.10.2024 17:38:53.000,223.946,223.946,223.946,223.946,12
07.10.2024 17:38:54.000,223.946,223.947,223.937,223.937,36
07.10.2024 17:38:55.000,223.937,223.937,223.937,223.937,12
07.10.2024 17:38:59.000,223.936,223.936,223.936,223.936,12
07.10.2024 17:39:01.000,223.936,223.937,223.936,223.936,36
07.10.2024 17:39:04.000,223.916,223.916,223.916,223.916,12
07.10.2024 17:39:05.000,223.916,223.916,223.916,223.916,12
07.10.2024 17:39:07.000,223.917,223.936,223.917,223.926,36
07.10.2024 17:39:08.000,223.927,223.936,223.926,223.926,36
07.10.2024 17:39:09.000,223.937,223.937,223.937,223.937,12
07.10.2024 17:39:15.000,223.946,223.946,223.936,223.936,24
07.10.2024 17:39:16.000,223.936,223.936,223.936,223.936,12
07.10.2024 17:39:28.000,223.927,223.936,223.927,223.936,24
07.10.2024 17:39:29.000,223.926,223.927,223.916,223.927,48
07.10.2024 17:39:35.000,223.896,223.896,223.896,223.896,12
07.10.2024 17:39:39.000,223.906,223.907,223.906,223.907,24
07.10.2024 17:39:40.000,223.916,223.916,223.916,223.916,12
07.10.2024 17:39:41.000,223.907,223.907,223.906,223.906,24
07.10.2024 17:39:42.000,223.896,223.896,223.896,223.896,24
07.10.2024 17:39:43.000,223.896,223.896,223.896,223.896,12
07.10.2024 17:39:45.000,223.896,223.896,223.896,223.896,12
07.10.2024 17:39:47.000,223.896,223.896,223.896,223.896,24
07.10.2024 17:39:49.000,223.886,223.897,223.886,223.897,36
07.10.2024 17:39:52.000,223.886,223.886,223.886,223.886,12
07.10.2024 17:39:53.000,223.897,223.897,223.886,223.886,36
07.10.2024 17:39:54.000,223.877,223.877,223.877,223.877,12
07.10.2024 17:40:03.000,223.887,223.887,223.887,223.887,12
07.10.2024 17:40:04.000,223.897,223.897,223.896,223.896,36
07.10.2024 17:40:05.000,223.886,223.887,223.886,223.887,24
07.10.2024 17:40:06.000,223.896,223.896,223.896,223.896,12
07.10.2024 17:40:08.000,223.886,223.887,223.886,223.887,24
07.10.2024 17:40:10.000,223.897,223.897,223.897,223.897,24
07.10.2024 17:40:12.000,223.897,223.897,223.896,223.896,24
07.10.2024 17:40:14.000,223.897,223.897,223.886,223.886,24
07.10.2024 17:40:15.000,223.896,223.896,223.896,223.896,12
07.10.2024 17:40:16.000,223.896,223.897,223.877,223.877,72
07.10.2024 17:40:18.000,223.876,223.877,223.876,223.877,24
07.10.2024 17:40:19.000,223.876,223.876,223.876,223.876,12
07.10.2024 17:40:20.000,223.877,223.877,223.877,223.877,12
07.10.2024 17:40:21.000,223.876,223.876,223.876,223.876,12
07.10.2024 17:40:23.000,223.877,223.877,223.866,223.866,24
07.10.2024 17:40:25.000,223.857,223.866,223.846,223.846,48
07.10.2024 17:40:35.000,223.856,223.856,223.856,223.856,12
07.10.2024 17:40:39.000,223.846,223.846,223.846,223.846,12
07.10.2024 17:40:43.000,223.847,223.847,223.847,223.847,12
07.10.2024 17:40:44.000,223.837,223.846,223.826,223.826,48
07.10.2024 17:40:46.000,223.806,223.816,223.806,223.816,24
07.10.2024 17:40:47.000,223.817,223.817,223.817,223.817,12
07.10.2024 17:40:48.000,223.816,223.816,223.816,223.816,12
07.10.2024 17:40:49.000,223.817,223.817,223.817,223.817,12
07.10.2024 17:40:51.000,223.816,223.816,223.816,223.816,12
07.10.2024 17:40:52.000,223.816,223.816,223.816,223.816,12
07.10.2024 17:40:54.000,223.816,223.816,223.816,223.816,12
07.10.2024 17:41:05.000,223.787,223.796,223.787,223.796,24
07.10.2024 17:41:06.000,223.787,223.787,223.787,223.787,12
07.10.2024 17:41:07.000,223.787,223.787,223.787,223.787,12
07.10.2024 17:41:08.000,223.796,223.806,223.796,223.797,36
07.10.2024 17:41:09.000,223.807,223.807,223.807,223.807,12
07.10.2024 17:41:12.000,223.796,223.796,223.796,223.796,12
07.10.2024 17:41:15.000,223.816,223.816,223.816,223.816,12
07.10.2024 17:41:17.000,223.797,223.797,223.796,223.796,24
07.10.2024 17:41:20.000,223.796,223.796,223.796,223.796,12
07.10.2024 17:41:21.000,223.796,223.796,223.796,223.796,12
07.10.2024 17:41:23.000,223.796,223.796,223.796,223.796,12
07.10.2024 17:41:25.000,223.807,223.807,223.807,223.807,12
07.10.2024 17:41:28.000,223.837,223.847,223.837,223.847,36
07.10.2024 17:41:30.000,223.847,223.856,223.847,223.856,24
07.10.2024 17:41:39.000,223.856,223.856,223.856,223.856,12
07.10.2024 17:41:40.000,223.867,223.867,223.867,223.867,12
07.10.2024 17:41:41.000,223.876,223.876,223.876,223.876,24
07.10.2024 17:41:42.000,223.876,223.876,223.876,223.876,12
07.10.2024 17:41:43.000,223.877,223.877,223.876,223.876,36
07.10.2024 17:41:46.000,223.877,223.877,223.877,223.877,12
07.10.2024 17:41:50.000,223.877,223.877,223.877,223.877,12
07.10.2024 17:42:01.000,223.847,223.847,223.836,223.836,24
07.10.2024 17:42:02.000,223.826,223.826,223.826,223.826,24
07.10.2024 17:42:03.000,223.826,223.827,223.826,223.826,36
07.10.2024 17:42:04.000,223.816,223.816,223.816,223.816,12
07.10.2024 17:42:06.000,223.807,223.807,223.807,223.807,36
07.10.2024 17:42:07.000,223.807,223.807,223.807,223.807,12
07.10.2024 17:42:08.000,223.806,223.806,223.806,223.806,24
07.10.2024 17:42:09.000,223.796,223.816,223.796,223.816,36
07.10.2024 17:42:12.000,223.816,223.816,223.816,223.816,12
07.10.2024 17:42:14.000,223.817,223.817,223.817,223.817,12
07.10.2024 17:42:15.000,223.816,223.816,223.816,223.816,12
07.10.2024 17:42:16.000,223.817,223.826,223.817,223.826,36
07.10.2024 17:42:17.000,223.817,223.817,223.816,223.816,24
07.10.2024 17:42:26.000,223.816,223.816,223.816,223.816,12
07.10.2024 17:42:30.000,223.827,223.827,223.827,223.827,12
07.10.2024 17:42:34.000,223.806,223.806,223.796,223.796,24
07.10.2024 17:42:44.000,223.787,223.787,223.787,223.787,12
07.10.2024 17:42:45.000,223.787,223.787,223.787,223.787,12
07.10.2024 17:42:46.000,223.767,223.767,223.766,223.766,36
07.10.2024 17:42:50.000,223.786,223.786,223.786,223.786,12
07.10.2024 17:42:51.000,223.786,223.797,223.786,223.797,36
07.10.2024 17:42:52.000,223.776,223.776,223.776,223.776,12
07.10.2024 17:42:56.000,223.786,223.786,223.786,223.786,24
07.10.2024 17:42:57.000,223.796,223.796,223.796,223.796,12
07.10.2024 17:43:02.000,223.826,223.826,223.826,223.826,12
07.10.2024 17:43:03.000,223.816,223.816,223.816,223.816,12
07.10.2024 17:43:05.000,223.827,223.827,223.827,223.827,12
07.10.2024 17:43:07.000,223.837,223.837,223.837,223.837,24
07.10.2024 17:43:12.000,223.846,223.846,223.846,223.846,12
07.10.2024 17:43:13.000,223.847,223.847,223.847,223.847,12
07.10.2024 17:43:14.000,223.857,223.857,223.857,223.857,36
07.10.2024 17:43:23.000,223.836,223.836,223.826,223.826,36
07.10.2024 17:43:24.000,223.827,223.827,223.817,223.817,24
07.10.2024 17:43:34.000,223.837,223.837,223.837,223.837,12
07.10.2024 17:43:35.000,223.816,223.816,223.816,223.816,12
07.10.2024 17:43:38.000,223.826,223.826,223.816,223.816,24
07.10.2024 17:43:39.000,223.806,223.816,223.806,223.816,36
07.10.2024 17:43:41.000,223.817,223.817,223.817,223.817,24
07.10.2024 17:43:42.000,223.816,223.816,223.816,223.816,12
07.10.2024 17:43:43.000,223.816,223.817,223.816,223.817,48
07.10.2024 17:43:45.000,223.767,223.767,223.756,223.756,24
07.10.2024 17:43:46.000,223.766,223.767,223.756,223.767,36
07.10.2024 17:43:48.000,223.757,223.757,223.757,223.757,48
07.10.2024 17:43:49.000,223.757,223.757,223.756,223.756,24
07.10.2024 17:43:50.000,223.757,223.766,223.757,223.766,24
07.10.2024 17:43:53.000,223.756,223.767,223.756,223.767,36
07.10.2024 17:43:57.000,223.776,223.776,223.776,223.776,12
07.10.2024 17:44:01.000,223.766,223.766,223.766,223.766,12
07.10.2024 17:44:03.000,223.787,223.787,223.787,223.787,12
07.10.2024 17:44:08.000,223.766,223.766,223.766,223.766,12
07.10.2024 17:44:10.000,223.766,223.766,223.766,223.766,12
07.10.2024 17:44:14.000,223.786,223.786,223.777,223.777,24
07.10.2024 17:44:17.000,223.786,223.786,223.777,223.777,24
07.10.2024 17:44:18.000,223.787,223.787,223.787,223.787,12
07.10.2024 17:44:32.000,223.777,223.777,223.746,223.756,60
07.10.2024 17:44:35.000,223.746,223.746,223.746,223.746,24
07.10.2024 17:44:36.000,223.766,223.766,223.747,223.747,36
07.10.2024 17:44:37.000,223.747,223.747,223.747,223.747,12
07.10.2024 17:44:38.000,223.737,223.737,223.727,223.737,36
07.10.2024 17:44:39.000,223.737,223.737,223.727,223.727,24
07.10.2024 17:44:41.000,223.716,223.726,223.716,223.716,48
07.10.2024 17:44:43.000,223.707,223.707,223.697,223.706,60
07.10.2024 17:44:44.000,223.706,223.706,223.696,223.706,60
07.10.2024 17:44:45.000,223.727,223.727,223.727,223.727,12
07.10.2024 17:44:47.000,223.726,223.726,223.726,223.726,12
07.10.2024 17:44:49.000,223.746,223.746,223.746,223.746,12
07.10.2024 17:44:50.000,223.757,223.757,223.757,223.757,24
07.10.2024 17:44:51.000,223.757,223.757,223.757,223.757,12
07.10.2024 17:44:55.000,223.757,223.757,223.757,223.757,12
07.10.2024 17:44:57.000,223.756,223.756,223.756,223.756,12
07.10.2024 17:44:58.000,223.757,223.766,223.757,223.766,36
07.10.2024 17:45:00.000,223.757,223.757,223.756,223.756,24
07.10.2024 17:45:03.000,223.777,223.777,223.766,223.766,24
07.10.2024 17:45:04.000,223.777,223.777,223.777,223.777,12
07.10.2024 17:45:06.000,223.787,223.787,223.787,223.787,12
07.10.2024 17:45:08.000,223.776,223.776,223.756,223.756,36
07.10.2024 17:45:09.000,223.747,223.747,223.746,223.746,36
07.10.2024 17:45:11.000,223.756,223.766,223.756,223.757,36
07.10.2024 17:45:12.000,223.767,223.767,223.767,223.767,12
07.10.2024 17:45:13.000,223.757,223.757,223.757,223.757,12
07.10.2024 17:45:14.000,223.777,223.777,223.777,223.777,12
07.10.2024 17:45:21.000,223.786,223.786,223.786,223.786,12
07.10.2024 17:45:22.000,223.786,223.786,223.786,223.786,12
07.10.2024 17:45:24.000,223.796,223.796,223.796,223.796,12
07.10.2024 17:45:25.000,223.816,223.816,223.797,223.797,24
07.10.2024 17:45:27.000,223.816,223.816,223.816,223.816,12
07.10.2024 17:45:29.000,223.796,223.797,223.787,223.787,36
07.10.2024 17:45:30.000,223.807,223.807,223.807,223.807,12
07.10.2024 17:45:32.000,223.817,223.817,223.797,223.807,36
07.10.2024 17:45:33.000,223.796,223.796,223.796,223.796,12
07.10.2024 17:45:34.000,223.816,223.816,223.816,223.816,12
07.10.2024 17:45:37.000,223.816,223.816,223.816,223.816,12
07.10.2024 17:45:48.000,223.817,223.817,223.817,223.817,12
07.10.2024 17:45:49.000,223.817,223.817,223.817,223.817,12
07.10.2024 17:45:50.000,223.786,223.786,223.776,223.776,24
07.10.2024 17:45:51.000,223.786,223.786,223.786,223.786,12
07.10.2024 17:45:52.000,223.797,223.797,223.786,223.786,24
07.10.2024 17:45:57.000,223.767,223.767,223.746,223.746,36
07.10.2024 17:45:59.000,223.746,223.746,223.707,223.707,48
07.10.2024 17:46:00.000,223.707,223.736,223.707,223.736,36
07.10.2024 17:46:01.000,223.726,223.737,223.726,223.737,24
07.10.2024 17:46:02.000,223.746,223.746,223.746,223.746,12
07.10.2024 17:46:03.000,223.736,223.736,223.736,223.736,12
07.10.2024 17:46:04.000,223.727,223.727,223.727,223.727,12
07.10.2024 17:46:06.000,223.746,223.746,223.746,223.746,12
07.10.2024 17:46:07.000,223.757,223.757,223.757,223.757,12
07.10.2024 17:46:10.000,223.736,223.736,223.736,223.736,12
07.10.2024 17:46:11.000,223.696,223.707,223.696,223.697,48
07.10.2024 17:46:12.000,223.696,223.696,223.666,223.666,84.00000000000001
07.10.2024 17:46:13.000,223.667,223.667,223.667,223.667,12
07.10.2024 17:46:14.000,223.666,223.666,223.666,223.666,12
07.10.2024 17:46:15.000,223.666,223.666,223.666,223.666,24
07.10.2024 17:46:20.000,223.656,223.656,223.656,223.656,12
07.10.2024 17:46:22.000,223.657,223.657,223.657,223.657,12
07.10.2024 17:46:27.000,223.666,223.676,223.666,223.676,24
07.10.2024 17:46:29.000,223.676,223.676,223.676,223.676,12
07.10.2024 17:46:30.000,223.676,223.677,223.676,223.676,72
07.10.2024 17:46:31.000,223.667,223.667,223.667,223.667,12
07.10.2024 17:46:33.000,223.666,223.666,223.666,223.666,12
07.10.2024 17:46:34.000,223.667,223.667,223.667,223.667,12
07.10.2024 17:46:41.000,223.666,223.666,223.656,223.656,24
07.10.2024 17:46:46.000,223.657,223.657,223.657,223.657,12
07.10.2024 17:46:47.000,223.657,223.657,223.657,223.657,12
07.10.2024 17:46:48.000,223.636,223.636,223.626,223.626,36
07.10.2024 17:46:49.000,223.637,223.637,223.637,223.637,12
07.10.2024 17:46:50.000,223.626,223.626,223.626,223.626,24
07.10.2024 17:46:51.000,223.646,223.646,223.637,223.646,36
07.10.2024 17:46:52.000,223.657,223.657,223.657,223.657,12
07.10.2024 17:46:54.000,223.656,223.656,223.656,223.656,24
07.10.2024 17:46:55.000,223.656,223.656,223.656,223.656,12
07.10.2024 17:46:57.000,223.637,223.637,223.637,223.637,12
07.10.2024 17:47:00.000,223.636,223.636,223.636,223.636,12
07.10.2024 17:47:02.000,223.627,223.627,223.627,223.627,12
07.10.2024 17:47:03.000,223.617,223.617,223.606,223.606,24
07.10.2024 17:47:08.000,223.616,223.627,223.616,223.627,36
07.10.2024 17:47:09.000,223.617,223.617,223.617,223.617,12
07.10.2024 17:47:10.000,223.626,223.626,223.626,223.626,12
07.10.2024 17:47:11.000,223.617,223.617,223.617,223.617,12
07.10.2024 17:47:14.000,223.627,223.627,223.627,223.627,12
07.10.2024 17:47:17.000,223.626,223.626,223.606,223.606,36
07.10.2024 17:47:19.000,223.617,223.626,223.617,223.626,24
07.10.2024 17:47:23.000,223.637,223.637,223.637,223.637,12
07.10.2024 17:47:28.000,223.637,223.637,223.637,223.637,12
07.10.2024 17:47:29.000,223.636,223.636,223.606,223.606,24
07.10.2024 17:47:32.000,223.617,223.617,223.617,223.617,12
07.10.2024 17:47:43.000,223.606,223.606,223.597,223.597,24
07.10.2024 17:47:44.000,223.586,223.586,223.586,223.586,12
07.10.2024 17:47:46.000,223.587,223.587,223.586,223.586,24
07.10.2024 17:47:48.000,223.596,223.596,223.586,223.586,24
07.10.2024 17:47:50.000,223.586,223.586,223.586,223.586,12
07.10.2024 17:47:51.000,223.586,223.606,223.586,223.606,24
07.10.2024 17:47:52.000,223.597,223.597,223.597,223.597,12
07.10.2024 17:47:54.000,223.607,223.607,223.606,223.606,24
07.10.2024 17:47:55.000,223.606,223.617,223.606,223.617,24
07.10.2024 17:48:01.000,223.606,223.606,223.606,223.606,12
07.10.2024 17:48:04.000,223.606,223.606,223.597,223.597,24
07.10.2024 17:48:05.000,223.617,223.617,223.617,223.617,12
07.10.2024 17:48:06.000,223.597,223.607,223.596,223.597,48
07.10.2024 17:48:09.000,223.596,223.597,223.596,223.597,24
07.10.2024 17:48:14.000,223.607,223.607,223.607,223.607,12
07.10.2024 17:48:15.000,223.616,223.637,223.616,223.637,36
07.10.2024 17:48:16.000,223.637,223.637,223.627,223.627,24
07.10.2024 17:48:17.000,223.616,223.616,223.616,223.616,12
07.10.2024 17:48:18.000,223.597,223.597,223.596,223.596,24
07.10.2024 17:48:19.000,223.616,223.617,223.616,223.617,36
07.10.2024 17:48:22.000,223.617,223.617,223.596,223.596,24
07.10.2024 17:48:23.000,223.596,223.596,223.596,223.596,12
07.10.2024 17:48:24.000,223.606,223.606,223.606,223.606,12
07.10.2024 17:48:25.000,223.596,223.597,223.596,223.597,36
07.10.2024 17:48:26.000,223.607,223.607,223.596,223.606,36
07.10.2024 17:48:32.000,223.617,223.617,223.597,223.597,36
07.10.2024 17:48:38.000,223.606,223.606,223.606,223.606,12
07.10.2024 17:48:39.000,223.597,223.597,223.597,223.597,24
07.10.2024 17:48:46.000,223.596,223.596,223.596,223.596,12
07.10.2024 17:48:47.000,223.576,223.587,223.576,223.587,24
07.10.2024 17:48:54.000,223.576,223.576,223.576,223.576,12
07.10.2024 17:48:55.000,223.566,223.567,223.566,223.567,24
07.10.2024 17:48:56.000,223.576,223.577,223.576,223.577,24
07.10.2024 17:48:57.000,223.567,223.567,223.566,223.566,24
07.10.2024 17:48:58.000,223.566,223.566,223.566,223.566,12
07.10.2024 17:48:59.000,223.577,223.577,223.567,223.567,24
07.10.2024 17:49:00.000,223.577,223.577,223.567,223.567,24
07.10.2024 17:49:03.000,223.576,223.576,223.567,223.567,24
07.10.2024 17:49:04.000,223.567,223.567,223.567,223.567,12
07.10.2024 17:49:05.000,223.586,223.596,223.586,223.596,36
07.10.2024 17:49:06.000,223.586,223.586,223.586,223.586,12
07.10.2024 17:49:07.000,223.596,223.596,223.596,223.596,12
07.10.2024 17:49:10.000,223.596,223.596,223.596,223.596,12
07.10.2024 17:49:11.000,223.587,223.587,223.587,223.587,12
07.10.2024 17:49:12.000,223.587,223.587,223.587,223.587,12
07.10.2024 17:49:13.000,223.587,223.587,223.587,223.587,24
07.10.2024 17:49:15.000,223.607,223.607,223.596,223.596,48
07.10.2024 17:49:19.000,223.576,223.576,223.576,223.576,12
07.10.2024 17:49:20.000,223.576,223.576,223.567,223.567,24
07.10.2024 17:49:21.000,223.567,223.567,223.567,223.567,24
07.10.2024 17:49:22.000,223.556,223.556,223.556,223.556,12
07.10.2024 17:49:23.000,223.556,223.556,223.556,223.556,12
07.10.2024 17:49:24.000,223.567,223.567,223.567,223.567,12
07.10.2024 17:49:31.000,223.567,223.576,223.567,223.576,36
07.10.2024 17:49:32.000,223.566,223.587,223.566,223.567,48
07.10.2024 17:49:33.000,223.577,223.577,223.576,223.576,36
07.10.2024 17:49:34.000,223.576,223.576,223.576,223.576,12
07.10.2024 17:49:35.000,223.577,223.577,223.576,223.576,24
07.10.2024 17:49:36.000,223.567,223.567,223.567,223.567,12
07.10.2024 17:49:37.000,223.577,223.577,223.566,223.566,24
07.10.2024 17:49:38.000,223.566,223.567,223.557,223.557,36
07.10.2024 17:49:40.000,223.567,223.567,223.517,223.517,48
07.10.2024 17:49:41.000,223.527,223.547,223.527,223.547,36
07.10.2024 17:49:42.000,223.536,223.556,223.536,223.556,24
07.10.2024 17:49:43.000,223.537,223.537,223.536,223.537,60
07.10.2024 17:49:44.000,223.536,223.547,223.536,223.547,36
07.10.2024 17:49:45.000,223.537,223.537,223.537,223.537,12
07.10.2024 17:49:46.000,223.546,223.546,223.546,223.546,24
07.10.2024 17:49:48.000,223.536,223.537,223.536,223.537,24
07.10.2024 17:49:49.000,223.546,223.557,223.536,223.536,36
07.10.2024 17:49:50.000,223.547,223.547,223.536,223.546,60
07.10.2024 17:49:51.000,223.536,223.537,223.536,223.537,24
07.10.2024 17:49:52.000,223.537,223.537,223.537,223.537,12
07.10.2024 17:49:53.000,223.547,223.547,223.547,223.547,12
07.10.2024 17:49:54.000,223.556,223.556,223.556,223.556,12
07.10.2024 17:49:55.000,223.546,223.567,223.546,223.566,60
07.10.2024 17:49:56.000,223.576,223.576,223.576,223.576,12
07.10.2024 17:49:57.000,223.576,223.576,223.576,223.576,12
07.10.2024 17:49:58.000,223.576,223.576,223.576,223.576,12
07.10.2024 17:50:03.000,223.577,223.577,223.576,223.576,24
07.10.2024 17:50:07.000,223.556,223.556,223.556,223.556,12
07.10.2024 17:50:08.000,223.547,223.547,223.547,223.547,24
07.10.2024 17:50:09.000,223.536,223.536,223.517,223.526,72
07.10.2024 17:50:10.000,223.527,223.536,223.527,223.536,24
07.10.2024 17:50:11.000,223.536,223.536,223.516,223.517,48
07.10.2024 17:50:12.000,223.537,223.537,223.536,223.536,24
07.10.2024 17:50:14.000,223.526,223.537,223.526,223.537,36
07.10.2024 17:50:16.000,223.546,223.547,223.546,223.546,36
07.10.2024 17:50:17.000,223.546,223.546,223.546,223.546,24
07.10.2024 17:50:18.000,223.546,223.546,223.537,223.537,24
07.10.2024 17:50:21.000,223.537,223.537,223.537,223.537,12
07.10.2024 17:50:23.000,223.516,223.526,223.516,223.526,36
07.10.2024 17:50:24.000,223.537,223.537,223.516,223.516,24
07.10.2024 17:50:26.000,223.527,223.527,223.516,223.516,24
07.10.2024 17:50:28.000,223.506,223.506,223.496,223.496,24
07.10.2024 17:50:29.000,223.476,223.486,223.476,223.477,60
07.10.2024 17:50:30.000,223.466,223.466,223.446,223.446,48
07.10.2024 17:50:31.000,223.456,223.457,223.437,223.457,84.00000000000001
07.10.2024 17:50:32.000,223.446,223.457,223.446,223.457,24
07.10.2024 17:50:34.000,223.457,223.457,223.436,223.436,24
07.10.2024 17:50:35.000,223.447,223.447,223.447,223.447,12
07.10.2024 17:50:37.000,223.436,223.457,223.436,223.457,24
07.10.2024 17:50:38.000,223.467,223.467,223.457,223.457,24
07.10.2024 17:50:39.000,223.437,223.446,223.437,223.437,36
07.10.2024 17:50:40.000,223.456,223.456,223.447,223.447,24
07.10.2024 17:50:42.000,223.437,223.437,223.417,223.417,60
07.10.2024 17:50:43.000,223.416,223.437,223.416,223.416,72
07.10.2024 17:50:45.000,223.427,223.436,223.427,223.436,24
07.10.2024 17:50:46.000,223.446,223.446,223.437,223.437,24
07.10.2024 17:50:47.000,223.446,223.446,223.446,223.446,12
07.10.2024 17:50:48.000,223.447,223.457,223.446,223.446,36
07.10.2024 17:50:49.000,223.437,223.446,223.437,223.446,24
07.10.2024 17:50:50.000,223.447,223.447,223.447,223.447,12
07.10.2024 17:50:51.000,223.456,223.466,223.456,223.466,24
07.10.2024 17:50:52.000,223.457,223.466,223.457,223.466,24
07.10.2024 17:50:53.000,223.457,223.457,223.457,223.457,12
07.10.2024 17:50:54.000,223.457,223.457,223.457,223.457,12
07.10.2024 17:50:58.000,223.456,223.456,223.456,223.456,12
07.10.2024 17:50:59.000,223.457,223.457,223.456,223.456,36
07.10.2024 17:51:00.000,223.446,223.446,223.446,223.446,12
07.10.2024 17:51:03.000,223.456,223.456,223.447,223.447,24
07.10.2024 17:51:05.000,223.457,223.457,223.457,223.457,12
07.10.2024 17:51:11.000,223.456,223.456,223.456,223.456,12
07.10.2024 17:51:12.000,223.426,223.447,223.426,223.447,36
07.10.2024 17:51:13.000,223.457,223.466,223.457,223.457,36
07.10.2024 17:51:15.000,223.447,223.447,223.447,223.447,12
07.10.2024 17:51:16.000,223.416,223.427,223.416,223.427,72
07.10.2024 17:51:17.000,223.417,223.427,223.417,223.427,24
07.10.2024 17:51:19.000,223.437,223.437,223.437,223.437,12
07.10.2024 17:51:20.000,223.426,223.426,223.397,223.397,36
07.10.2024 17:51:21.000,223.396,223.406,223.396,223.406,24
07.10.2024 17:51:22.000,223.407,223.407,223.407,223.407,24
07.10.2024 17:51:23.000,223.407,223.407,223.407,223.407,12
07.10.2024 17:51:26.000,223.426,223.426,223.426,223.426,12
07.10.2024 17:51:27.000,223.416,223.427,223.416,223.427,24
07.10.2024 17:51:28.000,223.416,223.416,223.416,223.416,12
07.10.2024 17:51:29.000,223.426,223.436,223.426,223.436,24
07.10.2024 17:51:30.000,223.437,223.437,223.437,223.437,12
07.10.2024 17:51:31.000,223.427,223.427,223.416,223.416,36
07.10.2024 17:51:33.000,223.426,223.426,223.416,223.416,24
07.10.2024 17:51:34.000,223.416,223.416,223.416,223.416,12
07.10.2024 17:51:41.000,223.416,223.446,223.416,223.446,36
07.10.2024 17:51:42.000,223.436,223.436,223.436,223.436,12
07.10.2024 17:51:43.000,223.437,223.437,223.427,223.427,48
07.10.2024 17:51:44.000,223.437,223.437,223.437,223.437,12
07.10.2024 17:51:45.000,223.437,223.437,223.427,223.427,24
07.10.2024 17:51:46.000,223.427,223.437,223.427,223.437,24
07.10.2024 17:51:47.000,223.447,223.447,223.446,223.446,24
07.10.2024 17:51:52.000,223.436,223.436,223.436,223.436,12
07.10.2024 17:51:54.000,223.457,223.457,223.456,223.456,36
07.10.2024 17:51:58.000,223.466,223.466,223.466,223.466,12
07.10.2024 17:52:00.000,223.457,223.457,223.457,223.457,12
07.10.2024 17:52:01.000,223.467,223.467,223.467,223.467,12
07.10.2024 17:52:02.000,223.457,223.457,223.457,223.457,12
07.10.2024 17:52:03.000,223.457,223.457,223.457,223.457,24
07.10.2024 17:52:05.000,223.467,223.476,223.466,223.466,36
07.10.2024 17:52:14.000,223.466,223.466,223.466,223.466,12
07.10.2024 17:52:16.000,223.476,223.476,223.466,223.466,60
07.10.2024 17:52:17.000,223.486,223.486,223.486,223.486,12
07.10.2024 17:52:19.000,223.486,223.486,223.486,223.486,12
07.10.2024 17:52:20.000,223.487,223.487,223.476,223.486,48
07.10.2024 17:52:21.000,223.486,223.486,223.476,223.476,24
07.10.2024 17:52:22.000,223.486,223.486,223.486,223.486,12
07.10.2024 17:52:24.000,223.467,223.467,223.457,223.457,36
07.10.2024 17:52:26.000,223.467,223.467,223.457,223.457,24
07.10.2024 17:52:29.000,223.457,223.466,223.457,223.457,36
07.10.2024 17:52:33.000,223.466,223.466,223.466,223.466,12
07.10.2024 17:52:35.000,223.476,223.487,223.476,223.487,24
07.10.2024 17:52:38.000,223.506,223.506,223.506,223.506,12
07.10.2024 17:52:39.000,223.497,223.497,223.497,223.497,12
07.10.2024 17:52:41.000,223.507,223.507,223.507,223.507,12
07.10.2024 17:52:47.000,223.507,223.507,223.507,223.507,12
07.10.2024 17:52:48.000,223.517,223.517,223.517,223.517,12
07.10.2024 17:52:57.000,223.526,223.526,223.526,223.526,12
07.10.2024 17:52:58.000,223.537,223.537,223.537,223.537,12
07.10.2024 17:53:00.000,223.536,223.536,223.536,223.536,24
07.10.2024 17:53:02.000,223.536,223.536,223.536,223.536,12
07.10.2024 17:53:03.000,223.536,223.537,223.536,223.537,24
07.10.2024 17:53:04.000,223.557,223.557,223.557,223.557,12
07.10.2024 17:53:06.000,223.557,223.597,223.557,223.597,48
07.10.2024 17:53:10.000,223.586,223.586,223.586,223.586,12
07.10.2024 17:53:11.000,223.606,223.606,223.606,223.606,12
07.10.2024 17:53:12.000,223.606,223.606,223.606,223.606,12
07.10.2024 17:53:14.000,223.597,223.597,223.597,223.597,12
07.10.2024 17:53:15.000,223.586,223.596,223.586,223.596,60
07.10.2024 17:53:16.000,223.607,223.607,223.607,223.607,12
07.10.2024 17:53:18.000,223.597,223.597,223.586,223.586,24
07.10.2024 17:53:20.000,223.576,223.576,223.576,223.576,12
07.10.2024 17:53:21.000,223.557,223.557,223.557,223.557,12
07.10.2024 17:53:22.000,223.557,223.557,223.557,223.557,12
07.10.2024 17:53:24.000,223.547,223.547,223.547,223.547,24
07.10.2024 17:53:27.000,223.546,223.546,223.546,223.546,24
07.10.2024 17:53:28.000,223.557,223.567,223.557,223.567,24
07.10.2024 17:53:29.000,223.576,223.576,223.576,223.576,12
07.10.2024 17:53:32.000,223.557,223.557,223.557,223.557,12
07.10.2024 17:53:33.000,223.546,223.546,223.546,223.546,12
07.10.2024 17:53:36.000,223.567,223.567,223.567,223.567,12
07.10.2024 17:53:37.000,223.567,223.577,223.566,223.566,36
07.10.2024 17:53:39.000,223.556,223.556,223.556,223.556,12
07.10.2024 17:53:42.000,223.557,223.557,223.556,223.556,24
07.10.2024 17:53:43.000,223.557,223.557,223.557,223.557,12
07.10.2024 17:53:44.000,223.576,223.576,223.576,223.576,12
07.10.2024 17:53:46.000,223.586,223.586,223.586,223.586,12
07.10.2024 17:53:50.000,223.596,223.596,223.596,223.596,24
07.10.2024 17:53:52.000,223.606,223.627,223.606,223.627,24
07.10.2024 17:53:53.000,223.637,223.637,223.637,223.637,12
07.10.2024 17:53:54.000,223.627,223.627,223.617,223.617,24
07.10.2024 17:53:55.000,223.616,223.616,223.616,223.616,12
07.10.2024 17:53:57.000,223.627,223.637,223.617,223.617,48
07.10.2024 17:54:00.000,223.606,223.606,223.606,223.606,12
07.10.2024 17:54:01.000,223.606,223.606,223.586,223.596,36
07.10.2024 17:54:02.000,223.587,223.587,223.577,223.577,24
07.10.2024 17:54:05.000,223.567,223.567,223.567,223.567,12
07.10.2024 17:54:08.000,223.576,223.576,223.576,223.576,12
07.10.2024 17:54:09.000,223.586,223.597,223.586,223.587,48
07.10.2024 17:54:10.000,223.607,223.607,223.607,223.607,12
07.10.2024 17:54:12.000,223.627,223.627,223.627,223.627,12
07.10.2024 17:54:13.000,223.637,223.637,223.626,223.636,48
07.10.2024 17:54:14.000,223.656,223.657,223.637,223.637,72
07.10.2024 17:54:15.000,223.636,223.636,223.636,223.636,12
07.10.2024 17:54:16.000,223.647,223.656,223.647,223.656,24
07.10.2024 17:54:18.000,223.646,223.646,223.646,223.646,12
07.10.2024 17:54:19.000,223.657,223.657,223.657,223.657,24
07.10.2024 17:54:20.000,223.657,223.657,223.646,223.657,48
07.10.2024 17:54:21.000,223.656,223.656,223.647,223.656,36
07.10.2024 17:54:22.000,223.646,223.666,223.646,223.666,36
07.10.2024 17:54:23.000,223.647,223.677,223.646,223.677,72
07.10.2024 17:54:25.000,223.667,223.677,223.666,223.676,48
07.10.2024 17:54:26.000,223.687,223.687,223.677,223.677,24
07.10.2024 17:54:27.000,223.667,223.687,223.667,223.677,60
07.10.2024 17:54:28.000,223.697,223.697,223.676,223.686,60
07.10.2024 17:54:29.000,223.697,223.697,223.687,223.687,24
07.10.2024 17:54:30.000,223.666,223.667,223.666,223.667,24
07.10.2024 17:54:31.000,223.677,223.677,223.677,223.677,12
07.10.2024 17:54:32.000,223.667,223.667,223.667,223.667,24
07.10.2024 17:54:33.000,223.666,223.666,223.666,223.666,12
07.10.2024 17:54:34.000,223.667,223.667,223.667,223.667,12
07.10.2024 17:54:35.000,223.707,223.707,223.707,223.707,12
07.10.2024 17:54:36.000,223.727,223.736,223.727,223.736,36
07.10.2024 17:54:37.000,223.727,223.737,223.727,223.727,36
07.10.2024 17:54:38.000,223.736,223.736,223.727,223.727,24
07.10.2024 17:54:40.000,223.747,223.766,223.707,223.707,48
07.10.2024 17:54:43.000,223.737,223.737,223.737,223.737,12
07.10.2024 17:54:44.000,223.737,223.737,223.737,223.737,12
07.10.2024 17:54:45.000,223.736,223.736,223.736,223.736,24
07.10.2024 17:54:48.000,223.706,223.706,223.706,223.706,24
07.10.2024 17:54:49.000,223.697,223.706,223.696,223.706,36
07.10.2024 17:54:54.000,223.727,223.727,223.727,223.727,12
07.10.2024 17:54:55.000,223.727,223.727,223.706,223.706,60
07.10.2024 17:54:56.000,223.707,223.707,223.707,223.707,24
07.10.2024 17:54:57.000,223.717,223.717,223.707,223.707,24
07.10.2024 17:54:58.000,223.726,223.726,223.726,223.726,12
07.10.2024 17:55:00.000,223.726,223.726,223.726,223.726,12
07.10.2024 17:55:01.000,223.747,223.747,223.747,223.747,12
07.10.2024 17:55:02.000,223.737,223.737,223.696,223.696,36
07.10.2024 17:55:05.000,223.686,223.686,223.677,223.677,24
07.10.2024 17:55:06.000,223.667,223.667,223.667,223.667,12
07.10.2024 17:55:07.000,223.677,223.677,223.677,223.677,12
07.10.2024 17:55:08.000,223.666,223.666,223.666,223.666,12
07.10.2024 17:55:09.000,223.676,223.676,223.676,223.676,12
07.10.2024 17:55:10.000,223.666,223.666,223.657,223.657,36
07.10.2024 17:55:11.000,223.646,223.657,223.646,223.657,36
07.10.2024 17:55:12.000,223.656,223.656,223.647,223.647,36
07.10.2024 17:55:13.000,223.646,223.646,223.636,223.637,36
07.10.2024 17:55:14.000,223.647,223.647,223.647,223.647,12
07.10.2024 17:55:15.000,223.646,223.646,223.646,223.646,12
07.10.2024 17:55:17.000,223.656,223.677,223.656,223.677,36
07.10.2024 17:55:18.000,223.667,223.667,223.667,223.667,12
07.10.2024 17:55:19.000,223.667,223.667,223.667,223.667,12
07.10.2024 17:55:21.000,223.666,223.666,223.666,223.666,12
07.10.2024 17:55:23.000,223.676,223.676,223.676,223.676,12
07.10.2024 17:55:27.000,223.666,223.666,223.666,223.666,12
07.10.2024 17:55:34.000,223.706,223.706,223.706,223.706,12
07.10.2024 17:55:37.000,223.667,223.677,223.667,223.676,36
07.10.2024 17:55:41.000,223.677,223.677,223.677,223.677,12
07.10.2024 17:55:45.000,223.687,223.687,223.687,223.687,12
07.10.2024 17:55:50.000,223.706,223.706,223.697,223.697,24
07.10.2024 17:55:51.000,223.706,223.706,223.706,223.706,12
07.10.2024 17:55:54.000,223.696,223.696,223.696,223.696,12
07.10.2024 17:55:55.000,223.707,223.707,223.707,223.707,12
07.10.2024 17:55:56.000,223.707,223.707,223.707,223.707,12
07.10.2024 17:55:57.000,223.727,223.727,223.716,223.716,36
07.10.2024 17:55:58.000,223.697,223.706,223.697,223.706,36
07.10.2024 17:55:59.000,223.707,223.707,223.707,223.707,12
07.10.2024 17:56:02.000,223.717,223.717,223.717,223.717,12
07.10.2024 17:56:03.000,223.717,223.717,223.717,223.717,12
07.10.2024 17:56:07.000,223.756,223.756,223.756,223.756,12
07.10.2024 17:56:09.000,223.706,223.736,223.706,223.736,24
07.10.2024 17:56:11.000,223.746,223.747,223.746,223.747,24
07.10.2024 17:56:15.000,223.766,223.766,223.766,223.766,12
07.10.2024 17:56:16.000,223.756,223.756,223.756,223.756,12
07.10.2024 17:56:23.000,223.757,223.757,223.757,223.757,24
07.10.2024 17:56:25.000,223.746,223.746,223.746,223.746,12
07.10.2024 17:56:28.000,223.737,223.737,223.726,223.726,24
07.10.2024 17:56:30.000,223.727,223.727,223.717,223.717,36
07.10.2024 17:56:32.000,223.707,223.707,223.707,223.707,12
07.10.2024 17:56:34.000,223.687,223.687,223.687,223.687,12
07.10.2024 17:56:35.000,223.687,223.687,223.687,223.687,12
07.10.2024 17:56:36.000,223.697,223.697,223.686,223.686,24
07.10.2024 17:56:37.000,223.687,223.687,223.666,223.666,24
07.10.2024 17:56:38.000,223.677,223.677,223.677,223.677,12
07.10.2024 17:56:39.000,223.697,223.697,223.697,223.697,12
07.10.2024 17:56:40.000,223.677,223.677,223.677,223.677,12
07.10.2024 17:56:41.000,223.697,223.697,223.697,223.697,12
07.10.2024 17:56:42.000,223.696,223.696,223.696,223.696,12
07.10.2024 17:56:43.000,223.697,223.697,223.697,223.697,12
07.10.2024 17:56:45.000,223.697,223.697,223.697,223.697,12
07.10.2024 17:56:46.000,223.687,223.687,223.687,223.687,12
07.10.2024 17:56:47.000,223.686,223.687,223.686,223.687,24
07.10.2024 17:56:48.000,223.676,223.676,223.676,223.676,12
07.10.2024 17:56:49.000,223.666,223.666,223.666,223.666,12
07.10.2024 17:56:53.000,223.666,223.686,223.666,223.686,24
07.10.2024 17:56:55.000,223.687,223.687,223.687,223.687,12
07.10.2024 17:56:56.000,223.687,223.687,223.687,223.687,12
07.10.2024 17:56:58.000,223.687,223.687,223.686,223.686,24
07.10.2024 17:56:59.000,223.687,223.687,223.687,223.687,12
07.10.2024 17:57:02.000,223.686,223.686,223.686,223.686,12
07.10.2024 17:57:22.000,223.686,223.686,223.686,223.686,12
07.10.2024 17:57:26.000,223.686,223.686,223.646,223.646,60
07.10.2024 17:57:27.000,223.646,223.646,223.646,223.646,12
07.10.2024 17:57:28.000,223.647,223.656,223.647,223.656,48
07.10.2024 17:57:29.000,223.657,223.657,223.657,223.657,12
07.10.2024 17:57:31.000,223.656,223.657,223.647,223.647,36
07.10.2024 17:57:33.000,223.646,223.646,223.646,223.646,12
07.10.2024 17:57:35.000,223.657,223.657,223.646,223.646,24
07.10.2024 17:57:38.000,223.646,223.646,223.646,223.646,12
07.10.2024 17:57:39.000,223.657,223.657,223.657,223.657,12
07.10.2024 17:57:40.000,223.667,223.676,223.667,223.676,24
07.10.2024 17:57:41.000,223.677,223.677,223.677,223.677,12
07.10.2024 17:57:48.000,223.676,223.686,223.676,223.686,36
07.10.2024 17:57:50.000,223.696,223.696,223.696,223.696,12
07.10.2024 17:57:51.000,223.706,223.706,223.706,223.706,12
07.10.2024 17:57:56.000,223.696,223.696,223.696,223.696,12
07.10.2024 17:57:59.000,223.707,223.707,223.696,223.696,36
07.10.2024 17:58:00.000,223.696,223.696,223.696,223.696,12
07.10.2024 17:58:03.000,223.697,223.697,223.697,223.697,12
07.10.2024 17:58:06.000,223.677,223.677,223.677,223.677,12
07.10.2024 17:58:08.000,223.677,223.677,223.677,223.677,12
07.10.2024 17:58:10.000,223.676,223.676,223.676,223.676,12
07.10.2024 17:58:15.000,223.677,223.677,223.676,223.676,24
07.10.2024 17:58:21.000,223.687,223.687,223.687,223.687,12
07.10.2024 17:58:22.000,223.697,223.697,223.697,223.697,12
07.10.2024 17:58:26.000,223.697,223.697,223.696,223.696,24
07.10.2024 17:58:27.000,223.696,223.697,223.696,223.697,24
07.10.2024 17:58:29.000,223.707,223.707,223.707,223.707,12
07.10.2024 17:58:32.000,223.726,223.726,223.716,223.716,24
07.10.2024 17:58:33.000,223.726,223.726,223.726,223.726,12
07.10.2024 17:58:34.000,223.736,223.736,223.736,223.736,12
07.10.2024 17:58:37.000,223.737,223.737,223.737,223.737,12
07.10.2024 17:58:39.000,223.737,223.737,223.737,223.737,24
07.10.2024 17:58:42.000,223.737,223.737,223.737,223.737,12
07.10.2024 17:58:45.000,223.697,223.707,223.697,223.707,24
07.10.2024 17:58:46.000,223.706,223.717,223.706,223.717,36
07.10.2024 17:58:47.000,223.716,223.717,223.716,223.717,36
07.10.2024 17:58:48.000,223.707,223.707,223.706,223.706,24
07.10.2024 17:58:49.000,223.696,223.707,223.696,223.707,36
07.10.2024 17:58:50.000,223.697,223.697,223.697,223.697,12
07.10.2024 17:58:52.000,223.706,223.706,223.706,223.706,12
07.10.2024 17:58:54.000,223.716,223.737,223.716,223.737,36
07.10.2024 17:58:55.000,223.747,223.747,223.736,223.737,48
07.10.2024 17:58:56.000,223.747,223.747,223.736,223.736,48
07.10.2024 17:58:57.000,223.737,223.746,223.736,223.736,60
07.10.2024 17:58:58.000,223.746,223.746,223.746,223.746,12
07.10.2024 17:58:59.000,223.747,223.747,223.746,223.746,24
07.10.2024 17:59:00.000,223.747,223.747,223.746,223.746,24
07.10.2024 17:59:01.000,223.746,223.746,223.746,223.746,24
07.10.2024 17:59:02.000,223.747,223.777,223.747,223.777,36
07.10.2024 17:59:04.000,223.756,223.766,223.756,223.766,60
07.10.2024 17:59:11.000,223.776,223.776,223.776,223.776,12
07.10.2024 17:59:12.000,223.776,223.796,223.776,223.796,36
07.10.2024 17:59:13.000,223.817,223.817,223.817,223.817,12
07.10.2024 17:59:21.000,223.826,223.826,223.826,223.826,24
07.10.2024 17:59:22.000,223.837,223.847,223.836,223.847,36
07.10.2024 17:59:23.000,223.846,223.846,223.846,223.846,12
07.10.2024 17:59:24.000,223.847,223.847,223.826,223.827,48
07.10.2024 17:59:32.000,223.827,223.827,223.827,223.827,12
07.10.2024 17:59:34.000,223.826,223.826,223.826,223.826,12
07.10.2024 17:59:35.000,223.836,223.836,223.836,223.836,12
07.10.2024 17:59:37.000,223.836,223.836,223.836,223.836,12
07.10.2024 17:59:38.000,223.846,223.846,223.846,223.846,12
07.10.2024 17:59:43.000,223.846,223.847,223.846,223.847,24
07.10.2024 17:59:44.000,223.837,223.837,223.806,223.806,24
07.10.2024 17:59:45.000,223.806,223.806,223.806,223.806,12
07.10.2024 17:59:46.000,223.816,223.827,223.816,223.827,24
07.10.2024 17:59:49.000,223.826,223.826,223.826,223.826,12
07.10.2024 17:59:52.000,223.826,223.826,223.826,223.826,12
07.10.2024 17:59:55.000,223.827,223.827,223.827,223.827,12
07.10.2024 17:59:57.000,223.836,223.836,223.836,223.836,24
07.10.2024 18:00:00.000,223.847,223.847,223.847,223.847,12
07.10.2024 18:00:01.000,223.846,223.857,223.846,223.857,24
07.10.2024 18:00:02.000,223.866,223.867,223.866,223.867,24
07.10.2024 18:00:03.000,223.836,223.847,223.836,223.836,48
07.10.2024 18:00:04.000,223.836,223.847,223.836,223.847,24
07.10.2024 18:00:06.000,223.856,223.856,223.856,223.856,12
07.10.2024 18:00:07.000,223.846,223.846,223.846,223.846,12
07.10.2024 18:00:08.000,223.856,223.857,223.856,223.857,24
07.10.2024 18:00:09.000,223.866,223.866,223.866,223.866,12
07.10.2024 18:00:10.000,223.856,223.856,223.856,223.856,12
07.10.2024 18:00:11.000,223.857,223.857,223.857,223.857,24
07.10.2024 18:00:12.000,223.856,223.856,223.856,223.856,12
07.10.2024 18:00:13.000,223.857,223.857,223.856,223.856,24
07.10.2024 18:00:15.000,223.866,223.866,223.866,223.866,24
07.10.2024 18:00:17.000,223.866,223.867,223.866,223.867,24
07.10.2024 18:00:18.000,223.857,223.886,223.857,223.867,48
07.10.2024 18:00:19.000,223.867,223.867,223.867,223.867,12
07.10.2024 18:00:20.000,223.896,223.896,223.896,223.896,12
07.10.2024 18:00:21.000,223.886,223.897,223.886,223.897,24
07.10.2024 18:00:22.000,223.887,223.897,223.887,223.897,24
07.10.2024 18:00:23.000,223.916,223.916,223.916,223.916,24
07.10.2024 18:00:24.000,223.907,223.907,223.906,223.906,24
07.10.2024 18:00:26.000,223.896,223.896,223.876,223.876,36
07.10.2024 18:00:27.000,223.867,223.867,223.867,223.867,12
07.10.2024 18:00:28.000,223.856,223.857,223.846,223.857,48
07.10.2024 18:00:29.000,223.857,223.857,223.836,223.837,60
07.10.2024 18:00:31.000,223.837,223.837,223.837,223.837,12
07.10.2024 18:00:33.000,223.827,223.827,223.826,223.826,24
07.10.2024 18:00:34.000,223.826,223.826,223.826,223.826,12
07.10.2024 18:00:35.000,223.826,223.827,223.807,223.807,48
07.10.2024 18:00:36.000,223.806,223.817,223.806,223.817,24
07.10.2024 18:00:37.000,223.816,223.827,223.816,223.827,24
07.10.2024 18:00:39.000,223.826,223.826,223.817,223.817,48
07.10.2024 18:00:41.000,223.816,223.816,223.816,223.816,12
07.10.2024 18:00:42.000,223.816,223.816,223.816,223.816,12
07.10.2024 18:00:43.000,223.816,223.817,223.816,223.816,36
07.10.2024 18:00:46.000,223.827,223.827,223.817,223.817,36
07.10.2024 18:00:47.000,223.817,223.817,223.817,223.817,12
07.10.2024 18:00:48.000,223.827,223.827,223.816,223.816,24
07.10.2024 18:00:50.000,223.817,223.836,223.817,223.836,24
07.10.2024 18:00:51.000,223.816,223.826,223.816,223.817,36
07.10.2024 18:00:54.000,223.817,223.817,223.817,223.817,12
07.10.2024 18:00:56.000,223.826,223.826,223.816,223.816,24
07.10.2024 18:00:57.000,223.816,223.816,223.806,223.807,36
07.10.2024 18:00:58.000,223.806,223.806,223.806,223.806,12
07.10.2024 18:01:00.000,223.806,223.806,223.796,223.796,24
07.10.2024 18:01:01.000,223.806,223.806,223.796,223.796,60
07.10.2024 18:01:05.000,223.806,223.806,223.806,223.806,24
07.10.2024 18:01:07.000,223.807,223.817,223.807,223.817,24
07.10.2024 18:01:08.000,223.827,223.836,223.816,223.836,60
07.10.2024 18:01:09.000,223.836,223.836,223.826,223.826,48
07.10.2024 18:01:10.000,223.826,223.826,223.826,223.826,12
07.10.2024 18:01:11.000,223.817,223.817,223.807,223.807,24
07.10.2024 18:01:12.000,223.797,223.797,223.797,223.797,12
07.10.2024 18:01:14.000,223.767,223.777,223.767,223.776,36
07.10.2024 18:01:15.000,223.777,223.787,223.776,223.787,36
07.10.2024 18:01:16.000,223.777,223.787,223.777,223.786,36
07.10.2024 18:01:17.000,223.797,223.806,223.797,223.806,24
07.10.2024 18:01:18.000,223.806,223.806,223.797,223.797,36
07.10.2024 18:01:19.000,223.777,223.786,223.776,223.786,48
07.10.2024 18:01:20.000,223.776,223.786,223.776,223.786,24
07.10.2024 18:01:21.000,223.777,223.787,223.776,223.787,48
07.10.2024 18:01:23.000,223.786,223.786,223.786,223.786,12
07.10.2024 18:01:24.000,223.777,223.777,223.777,223.777,12
07.10.2024 18:01:25.000,223.766,223.777,223.766,223.777,60
07.10.2024 18:01:26.000,223.766,223.766,223.766,223.766,12
07.10.2024 18:01:27.000,223.766,223.766,223.766,223.766,12
07.10.2024 18:01:29.000,223.767,223.767,223.767,223.767,12
07.10.2024 18:01:30.000,223.767,223.767,223.766,223.766,24
07.10.2024 18:01:31.000,223.766,223.766,223.766,223.766,24
07.10.2024 18:01:35.000,223.767,223.767,223.767,223.767,36
07.10.2024 18:01:36.000,223.727,223.737,223.727,223.737,36
07.10.2024 18:01:37.000,223.756,223.756,223.756,223.756,12
07.10.2024 18:01:38.000,223.747,223.747,223.747,223.747,12
07.10.2024 18:01:40.000,223.757,223.757,223.757,223.757,12
07.10.2024 18:01:42.000,223.747,223.747,223.737,223.737,24
07.10.2024 18:01:43.000,223.737,223.737,223.726,223.726,24
07.10.2024 18:01:44.000,223.737,223.737,223.737,223.737,12
07.10.2024 18:01:45.000,223.726,223.727,223.717,223.717,48
07.10.2024 18:01:46.000,223.717,223.717,223.717,223.717,24
07.10.2024 18:01:48.000,223.727,223.736,223.727,223.736,24
07.10.2024 18:01:49.000,223.747,223.747,223.746,223.746,24
07.10.2024 18:01:51.000,223.756,223.756,223.756,223.756,12
07.10.2024 18:01:54.000,223.747,223.747,223.747,223.747,12
07.10.2024 18:01:55.000,223.746,223.746,223.746,223.746,12
07.10.2024 18:01:56.000,223.747,223.747,223.747,223.747,12
07.10.2024 18:01:58.000,223.756,223.756,223.756,223.756,12
07.10.2024 18:01:59.000,223.777,223.777,223.766,223.766,24
07.10.2024 18:02:00.000,223.757,223.757,223.757,223.757,12
07.10.2024 18:02:01.000,223.766,223.766,223.766,223.766,12
07.10.2024 18:02:03.000,223.766,223.796,223.766,223.796,24
07.10.2024 18:02:05.000,223.767,223.767,223.766,223.766,24
07.10.2024 18:02:06.000,223.767,223.767,223.767,223.767,12
07.10.2024 18:02:07.000,223.766,223.777,223.766,223.777,24
07.10.2024 18:02:08.000,223.777,223.777,223.767,223.767,24
07.10.2024 18:02:11.000,223.796,223.796,223.796,223.796,24
07.10.2024 18:02:12.000,223.806,223.807,223.806,223.807,24
07.10.2024 18:02:13.000,223.796,223.806,223.796,223.806,24
07.10.2024 18:02:14.000,223.807,223.807,223.807,223.807,12
07.10.2024 18:02:16.000,223.807,223.807,223.807,223.807,12
07.10.2024 18:02:17.000,223.776,223.786,223.776,223.786,36
07.10.2024 18:02:18.000,223.787,223.787,223.787,223.787,12
07.10.2024 18:02:19.000,223.756,223.757,223.756,223.757,24
07.10.2024 18:02:20.000,223.766,223.777,223.766,223.777,36
07.10.2024 18:02:21.000,223.787,223.787,223.787,223.787,12
07.10.2024 18:02:25.000,223.797,223.806,223.786,223.806,48
07.10.2024 18:02:26.000,223.807,223.807,223.807,223.807,12
07.10.2024 18:02:27.000,223.807,223.816,223.807,223.816,24
07.10.2024 18:02:28.000,223.826,223.826,223.826,223.826,24
07.10.2024 18:02:29.000,223.817,223.817,223.817,223.817,36
07.10.2024 18:02:30.000,223.837,223.837,223.817,223.817,36
07.10.2024 18:02:32.000,223.817,223.817,223.817,223.817,12
07.10.2024 18:02:33.000,223.816,223.817,223.816,223.816,36
07.10.2024 18:02:34.000,223.816,223.816,223.786,223.786,36
07.10.2024 18:02:35.000,223.787,223.797,223.787,223.797,24
07.10.2024 18:02:36.000,223.807,223.807,223.796,223.796,24
07.10.2024 18:02:37.000,223.787,223.787,223.787,223.787,12
07.10.2024 18:02:38.000,223.777,223.777,223.777,223.777,12
07.10.2024 18:02:42.000,223.787,223.787,223.776,223.776,24
07.10.2024 18:02:51.000,223.777,223.777,223.776,223.776,24
07.10.2024 18:02:52.000,223.767,223.777,223.767,223.776,48
07.10.2024 18:02:53.000,223.786,223.786,223.777,223.786,36
07.10.2024 18:02:54.000,223.777,223.777,223.777,223.777,12
07.10.2024 18:02:55.000,223.767,223.767,223.767,223.767,12
07.10.2024 18:02:56.000,223.767,223.767,223.766,223.766,24
07.10.2024 18:02:57.000,223.766,223.766,223.766,223.766,24
07.10.2024 18:02:58.000,223.737,223.737,223.737,223.737,12
07.10.2024 18:02:59.000,223.747,223.766,223.747,223.766,36
07.10.2024 18:03:00.000,223.757,223.767,223.757,223.767,24
07.10.2024 18:03:01.000,223.756,223.756,223.756,223.756,12
07.10.2024 18:03:02.000,223.757,223.766,223.757,223.766,24
07.10.2024 18:03:03.000,223.787,223.787,223.787,223.787,12
07.10.2024 18:03:04.000,223.777,223.786,223.777,223.777,36
07.10.2024 18:03:05.000,223.776,223.776,223.776,223.776,12
07.10.2024 18:03:06.000,223.787,223.787,223.776,223.776,24
07.10.2024 18:03:08.000,223.796,223.807,223.796,223.796,36
07.10.2024 18:03:11.000,223.796,223.796,223.796,223.796,12
07.10.2024 18:03:12.000,223.796,223.797,223.786,223.786,36
07.10.2024 18:03:14.000,223.786,223.786,223.786,223.786,12
07.10.2024 18:03:20.000,223.787,223.787,223.787,223.787,12
07.10.2024 18:03:23.000,223.756,223.756,223.756,223.756,24
07.10.2024 18:03:24.000,223.767,223.767,223.756,223.766,36
07.10.2024 18:03:25.000,223.776,223.776,223.776,223.776,12
07.10.2024 18:03:26.000,223.786,223.786,223.776,223.776,24
07.10.2024 18:03:27.000,223.777,223.787,223.766,223.766,60
07.10.2024 18:03:28.000,223.757,223.757,223.756,223.757,36
07.10.2024 18:03:30.000,223.766,223.777,223.766,223.777,24
07.10.2024 18:03:32.000,223.777,223.777,223.777,223.777,12
07.10.2024 18:03:37.000,223.767,223.777,223.767,223.777,24
07.10.2024 18:03:39.000,223.787,223.787,223.787,223.787,12
07.10.2024 18:03:40.000,223.787,223.787,223.786,223.786,24
07.10.2024 18:03:44.000,223.776,223.776,223.776,223.776,12
07.10.2024 18:03:46.000,223.767,223.767,223.767,223.767,24
07.10.2024 18:03:49.000,223.756,223.756,223.756,223.756,12
07.10.2024 18:03:52.000,223.756,223.757,223.756,223.757,24
07.10.2024 18:03:55.000,223.767,223.767,223.767,223.767,12
07.10.2024 18:03:56.000,223.767,223.767,223.757,223.757,24
07.10.2024 18:03:57.000,223.757,223.757,223.757,223.757,12
07.10.2024 18:03:59.000,223.766,223.766,223.756,223.756,24
07.10.2024 18:04:00.000,223.756,223.756,223.756,223.756,12
07.10.2024 18:04:01.000,223.747,223.747,223.747,223.747,12
07.10.2024 18:04:03.000,223.757,223.757,223.746,223.746,24
07.10.2024 18:04:04.000,223.726,223.726,223.726,223.726,12
07.10.2024 18:04:05.000,223.736,223.736,223.726,223.726,24
07.10.2024 18:04:06.000,223.716,223.726,223.716,223.716,48
07.10.2024 18:04:07.000,223.727,223.727,223.726,223.726,24
07.10.2024 18:04:08.000,223.727,223.727,223.727,223.727,12
07.10.2024 18:04:09.000,223.726,223.737,223.726,223.737,24
07.10.2024 18:04:12.000,223.747,223.747,223.747,223.747,12
07.10.2024 18:04:15.000,223.746,223.746,223.746,223.746,12
07.10.2024 18:04:16.000,223.757,223.757,223.757,223.757,12
07.10.2024 18:04:17.000,223.767,223.777,223.756,223.777,36
07.10.2024 18:04:18.000,223.767,223.767,223.767,223.767,12
07.10.2024 18:04:19.000,223.757,223.777,223.757,223.777,24
07.10.2024 18:04:20.000,223.766,223.766,223.766,223.766,12
07.10.2024 18:04:29.000,223.756,223.757,223.756,223.757,24
07.10.2024 18:04:30.000,223.747,223.747,223.747,223.747,24
07.10.2024 18:04:43.000,223.746,223.746,223.746,223.746,12
07.10.2024 18:04:45.000,223.757,223.757,223.757,223.757,24
07.10.2024 18:04:47.000,223.767,223.767,223.767,223.767,12
07.10.2024 18:04:48.000,223.757,223.757,223.757,223.757,12
07.10.2024 18:04:49.000,223.766,223.766,223.756,223.756,48
07.10.2024 18:04:50.000,223.746,223.746,223.687,223.687,60
07.10.2024 18:04:51.000,223.676,223.676,223.657,223.676,72
07.10.2024 18:04:52.000,223.696,223.707,223.696,223.707,36
07.10.2024 18:04:53.000,223.696,223.696,223.696,223.696,36
07.10.2024 18:04:54.000,223.676,223.687,223.676,223.686,36
07.10.2024 18:04:55.000,223.676,223.676,223.667,223.667,36
07.10.2024 18:04:56.000,223.667,223.667,223.667,223.667,12
07.10.2024 18:04:57.000,223.667,223.667,223.647,223.666,72
07.10.2024 18:04:58.000,223.686,223.686,223.677,223.677,24
07.10.2024 18:04:59.000,223.676,223.676,223.676,223.676,12
07.10.2024 18:05:00.000,223.687,223.687,223.646,223.646,72
07.10.2024 18:05:01.000,223.647,223.647,223.647,223.647,12
07.10.2024 18:05:02.000,223.647,223.667,223.647,223.667,24
07.10.2024 18:05:03.000,223.666,223.666,223.666,223.666,12
07.10.2024 18:05:04.000,223.686,223.686,223.686,223.686,24
07.10.2024 18:05:05.000,223.677,223.687,223.677,223.687,36
07.10.2024 18:05:06.000,223.687,223.687,223.687,223.687,12
07.10.2024 18:05:07.000,223.687,223.687,223.676,223.676,60
07.10.2024 18:05:08.000,223.677,223.677,223.677,223.677,12
07.10.2024 18:05:10.000,223.676,223.676,223.676,223.676,12
07.10.2024 18:05:11.000,223.677,223.677,223.677,223.677,12
07.10.2024 18:05:12.000,223.677,223.677,223.676,223.676,24
07.10.2024 18:05:14.000,223.706,223.706,223.686,223.686,24
07.10.2024 18:05:15.000,223.677,223.677,223.677,223.677,12
07.10.2024 18:05:16.000,223.677,223.677,223.677,223.677,12
07.10.2024 18:05:18.000,223.696,223.696,223.677,223.677,48
07.10.2024 18:05:19.000,223.677,223.677,223.677,223.677,12
07.10.2024 18:05:20.000,223.697,223.697,223.697,223.697,12
07.10.2024 18:05:21.000,223.697,223.697,223.697,223.697,12
07.10.2024 18:05:25.000,223.707,223.717,223.707,223.717,24
07.10.2024 18:05:26.000,223.727,223.727,223.726,223.726,24
07.10.2024 18:05:28.000,223.717,223.717,223.707,223.707,36
07.10.2024 18:05:30.000,223.707,223.707,223.707,223.707,12
07.10.2024 18:05:31.000,223.717,223.726,223.717,223.726,24
07.10.2024 18:05:32.000,223.716,223.727,223.716,223.727,24
07.10.2024 18:05:33.000,223.736,223.736,223.736,223.736,12
07.10.2024 18:05:34.000,223.726,223.726,223.726,223.726,12
07.10.2024 18:05:35.000,223.726,223.726,223.726,223.726,12
07.10.2024 18:05:36.000,223.726,223.726,223.726,223.726,12
07.10.2024 18:05:38.000,223.727,223.727,223.727,223.727,12
07.10.2024 18:05:40.000,223.726,223.726,223.696,223.697,36
07.10.2024 18:05:41.000,223.686,223.686,223.686,223.686,12
07.10.2024 18:05:43.000,223.696,223.696,223.696,223.696,12
07.10.2024 18:05:44.000,223.697,223.707,223.697,223.707,24
07.10.2024 18:05:45.000,223.696,223.696,223.686,223.686,36
07.10.2024 18:05:48.000,223.697,223.697,223.687,223.687,24
07.10.2024 18:05:49.000,223.707,223.707,223.707,223.707,12
07.10.2024 18:05:50.000,223.707,223.707,223.707,223.707,12
07.10.2024 18:05:52.000,223.697,223.697,223.686,223.686,24
07.10.2024 18:05:53.000,223.676,223.676,223.676,223.676,12
07.10.2024 18:05:57.000,223.666,223.666,223.666,223.666,12
07.10.2024 18:05:59.000,223.667,223.667,223.666,223.667,36
07.10.2024 18:06:00.000,223.687,223.687,223.687,223.687,12
07.10.2024 18:06:01.000,223.667,223.667,223.667,223.667,12
07.10.2024 18:06:02.000,223.657,223.657,223.656,223.657,36
07.10.2024 18:06:04.000,223.657,223.667,223.657,223.657,36
07.10.2024 18:06:05.000,223.646,223.646,223.646,223.646,12
07.10.2024 18:06:06.000,223.647,223.656,223.647,223.647,48
07.10.2024 18:06:07.000,223.657,223.657,223.657,223.657,12
07.10.2024 18:06:08.000,223.646,223.646,223.646,223.646,12
07.10.2024 18:06:09.000,223.646,223.646,223.646,223.646,12
07.10.2024 18:06:11.000,223.646,223.646,223.646,223.646,12
07.10.2024 18:06:12.000,223.656,223.656,223.656,223.656,12
07.10.2024 18:06:13.000,223.646,223.647,223.646,223.647,36
07.10.2024 18:06:15.000,223.647,223.647,223.616,223.616,36
07.10.2024 18:06:16.000,223.616,223.616,223.616,223.616,24
07.10.2024 18:06:17.000,223.617,223.617,223.607,223.607,24
07.10.2024 18:06:18.000,223.617,223.617,223.617,223.617,12
07.10.2024 18:06:20.000,223.616,223.616,223.616,223.616,12
07.10.2024 18:06:22.000,223.617,223.617,223.617,223.617,12
07.10.2024 18:06:23.000,223.626,223.626,223.626,223.626,12
07.10.2024 18:06:26.000,223.616,223.626,223.616,223.626,24
07.10.2024 18:06:29.000,223.616,223.616,223.616,223.616,12
07.10.2024 18:06:31.000,223.636,223.637,223.636,223.636,60
07.10.2024 18:06:32.000,223.637,223.637,223.637,223.637,12
07.10.2024 18:06:33.000,223.647,223.647,223.647,223.647,24
07.10.2024 18:06:34.000,223.657,223.666,223.657,223.666,24
07.10.2024 18:06:35.000,223.657,223.657,223.657,223.657,24
07.10.2024 18:06:36.000,223.656,223.667,223.656,223.667,24
07.10.2024 18:06:37.000,223.666,223.666,223.666,223.666,12
07.10.2024 18:06:38.000,223.666,223.666,223.666,223.666,24
07.10.2024 18:06:40.000,223.637,223.637,223.637,223.637,24
07.10.2024 18:06:41.000,223.636,223.637,223.636,223.637,36
07.10.2024 18:06:42.000,223.637,223.637,223.637,223.637,12
07.10.2024 18:06:43.000,223.646,223.646,223.646,223.646,12
07.10.2024 18:06:47.000,223.647,223.647,223.647,223.647,12
07.10.2024 18:06:48.000,223.647,223.647,223.647,223.647,12
07.10.2024 18:06:50.000,223.636,223.636,223.626,223.626,48
07.10.2024 18:06:51.000,223.617,223.617,223.617,223.617,12
07.10.2024 18:06:53.000,223.617,223.617,223.617,223.617,12
07.10.2024 18:06:55.000,223.616,223.616,223.616,223.616,12
07.10.2024 18:06:56.000,223.626,223.626,223.616,223.616,24
07.10.2024 18:06:57.000,223.597,223.597,223.597,223.597,24
07.10.2024 18:06:58.000,223.596,223.616,223.596,223.616,24
07.10.2024 18:06:59.000,223.616,223.616,223.616,223.616,12
07.10.2024 18:07:00.000,223.597,223.597,223.596,223.596,24
07.10.2024 18:07:02.000,223.606,223.606,223.596,223.596,24
07.10.2024 18:07:03.000,223.597,223.597,223.597,223.597,12
07.10.2024 18:07:06.000,223.596,223.596,223.556,223.556,60
07.10.2024 18:07:07.000,223.566,223.577,223.566,223.577,36
07.10.2024 18:07:08.000,223.567,223.567,223.556,223.556,36
07.10.2024 18:07:09.000,223.556,223.557,223.536,223.547,60
07.10.2024 18:07:10.000,223.546,223.556,223.546,223.547,36
07.10.2024 18:07:11.000,223.547,223.547,223.547,223.547,12
07.10.2024 18:07:12.000,223.556,223.567,223.556,223.566,36
07.10.2024 18:07:13.000,223.566,223.566,223.556,223.556,24
07.10.2024 18:07:14.000,223.556,223.556,223.556,223.556,24
07.10.2024 18:07:16.000,223.556,223.557,223.556,223.557,24
07.10.2024 18:07:19.000,223.567,223.567,223.567,223.567,24
07.10.2024 18:07:20.000,223.577,223.586,223.577,223.586,24
07.10.2024 18:07:23.000,223.596,223.596,223.596,223.596,12
07.10.2024 18:07:27.000,223.607,223.607,223.607,223.607,12
07.10.2024 18:07:29.000,223.617,223.617,223.607,223.607,24
07.10.2024 18:07:32.000,223.616,223.616,223.616,223.616,12
07.10.2024 18:07:43.000,223.616,223.616,223.616,223.616,12
07.10.2024 18:07:44.000,223.617,223.627,223.617,223.627,24
07.10.2024 18:07:45.000,223.646,223.646,223.646,223.646,12
07.10.2024 18:07:46.000,223.617,223.617,223.617,223.617,12
07.10.2024 18:07:47.000,223.636,223.646,223.636,223.646,24
07.10.2024 18:07:48.000,223.636,223.636,223.626,223.626,24
07.10.2024 18:07:49.000,223.627,223.627,223.627,223.627,12
07.10.2024 18:07:52.000,223.627,223.627,223.627,223.627,12
07.10.2024 18:07:56.000,223.626,223.626,223.626,223.626,12
07.10.2024 18:07:57.000,223.637,223.637,223.627,223.627,24
07.10.2024 18:07:59.000,223.617,223.617,223.617,223.617,12
07.10.2024 18:08:00.000,223.597,223.597,223.576,223.577,48
07.10.2024 18:08:01.000,223.586,223.586,223.586,223.586,24
07.10.2024 18:08:04.000,223.577,223.577,223.577,223.577,12
07.10.2024 18:08:05.000,223.576,223.576,223.576,223.576,12
07.10.2024 18:08:08.000,223.586,223.586,223.577,223.577,24
07.10.2024 18:08:09.000,223.587,223.587,223.587,223.587,12
07.10.2024 18:08:10.000,223.586,223.586,223.586,223.586,12
07.10.2024 18:08:11.000,223.587,223.587,223.587,223.587,12
07.10.2024 18:08:12.000,223.587,223.587,223.586,223.586,36
07.10.2024 18:08:13.000,223.587,223.587,223.587,223.587,12
07.10.2024 18:08:14.000,223.606,223.606,223.606,223.606,12
07.10.2024 18:08:15.000,223.606,223.606,223.606,223.606,12
07.10.2024 18:08:16.000,223.597,223.597,223.597,223.597,12
07.10.2024 18:08:17.000,223.607,223.607,223.607,223.607,12
07.10.2024 18:08:18.000,223.597,223.597,223.597,223.597,12
07.10.2024 18:08:20.000,223.606,223.606,223.606,223.606,12
07.10.2024 18:08:21.000,223.586,223.586,223.586,223.586,12
07.10.2024 18:08:23.000,223.597,223.597,223.597,223.597,12
07.10.2024 18:08:24.000,223.596,223.596,223.596,223.596,12
07.10.2024 18:08:27.000,223.607,223.607,223.607,223.607,12
07.10.2024 18:08:28.000,223.607,223.607,223.607,223.607,12
07.10.2024 18:08:32.000,223.587,223.587,223.587,223.587,12
07.10.2024 18:08:33.000,223.586,223.597,223.586,223.597,60
07.10.2024 18:08:34.000,223.586,223.586,223.586,223.586,12
07.10.2024 18:08:42.000,223.606,223.606,223.606,223.606,12
07.10.2024 18:08:44.000,223.606,223.606,223.606,223.606,12
07.10.2024 18:08:45.000,223.617,223.617,223.617,223.617,24
07.10.2024 18:08:46.000,223.616,223.616,223.606,223.606,36
07.10.2024 18:08:47.000,223.617,223.617,223.616,223.616,24
07.10.2024 18:08:48.000,223.606,223.606,223.606,223.606,12
07.10.2024 18:08:51.000,223.607,223.607,223.607,223.607,12
07.10.2024 18:08:52.000,223.606,223.606,223.606,223.606,12
07.10.2024 18:08:53.000,223.606,223.606,223.606,223.606,24
07.10.2024 18:08:54.000,223.607,223.607,223.607,223.607,12
07.10.2024 18:08:55.000,223.606,223.607,223.606,223.607,24
07.10.2024 18:08:56.000,223.607,223.607,223.607,223.607,12
07.10.2024 18:09:00.000,223.606,223.606,223.606,223.606,12
07.10.2024 18:09:01.000,223.597,223.597,223.596,223.597,36
07.10.2024 18:09:04.000,223.596,223.597,223.596,223.597,24
07.10.2024 18:09:09.000,223.616,223.616,223.616,223.616,12
07.10.2024 18:09:10.000,223.606,223.606,223.606,223.606,12
07.10.2024 18:09:11.000,223.607,223.607,223.607,223.607,24
07.10.2024 18:09:12.000,223.596,223.596,223.596,223.596,12
07.10.2024 18:09:14.000,223.596,223.596,223.596,223.596,12
07.10.2024 18:09:19.000,223.597,223.597,223.597,223.597,12
07.10.2024 18:09:20.000,223.587,223.596,223.586,223.587,48
07.10.2024 18:09:21.000,223.596,223.596,223.586,223.586,24
07.10.2024 18:09:24.000,223.597,223.597,223.597,223.597,12
07.10.2024 18:09:25.000,223.597,223.606,223.596,223.596,36
07.10.2024 18:09:36.000,223.617,223.617,223.617,223.617,12
07.10.2024 18:09:37.000,223.607,223.617,223.607,223.607,36
07.10.2024 18:09:41.000,223.607,223.607,223.607,223.607,24
07.10.2024 18:09:43.000,223.607,223.607,223.596,223.596,24
07.10.2024 18:09:44.000,223.606,223.606,223.606,223.606,12
07.10.2024 18:09:46.000,223.596,223.596,223.596,223.596,12
07.10.2024 18:09:49.000,223.606,223.606,223.596,223.596,24
07.10.2024 18:09:52.000,223.596,223.597,223.587,223.587,36
07.10.2024 18:09:53.000,223.587,223.596,223.586,223.596,36
07.10.2024 18:09:54.000,223.586,223.586,223.586,223.586,12
07.10.2024 18:09:56.000,223.597,223.597,223.597,223.597,12
07.10.2024 18:09:57.000,223.586,223.586,223.586,223.586,12
07.10.2024 18:10:02.000,223.586,223.586,223.586,223.586,12
07.10.2024 18:10:04.000,223.577,223.577,223.557,223.557,60
07.10.2024 18:10:05.000,223.567,223.567,223.556,223.556,24
07.10.2024 18:10:06.000,223.546,223.546,223.546,223.546,12
07.10.2024 18:10:07.000,223.557,223.557,223.557,223.557,12
07.10.2024 18:10:08.000,223.547,223.547,223.547,223.547,12
07.10.2024 18:10:09.000,223.556,223.556,223.547,223.547,24
07.10.2024 18:10:10.000,223.556,223.556,223.546,223.547,48
07.10.2024 18:10:11.000,223.556,223.566,223.546,223.566,48
07.10.2024 18:10:13.000,223.586,223.586,223.576,223.577,36
07.10.2024 18:10:15.000,223.567,223.567,223.547,223.547,48
07.10.2024 18:10:16.000,223.557,223.557,223.557,223.557,12
07.10.2024 18:10:18.000,223.547,223.547,223.547,223.547,12
07.10.2024 18:10:21.000,223.557,223.567,223.557,223.567,36
07.10.2024 18:10:22.000,223.577,223.577,223.566,223.567,48
07.10.2024 18:10:23.000,223.566,223.566,223.566,223.566,12
07.10.2024 18:10:28.000,223.587,223.587,223.546,223.546,60
07.10.2024 18:10:29.000,223.546,223.546,223.546,223.546,12
07.10.2024 18:10:30.000,223.566,223.567,223.566,223.567,36
07.10.2024 18:10:31.000,223.556,223.556,223.556,223.556,12
07.10.2024 18:10:32.000,223.567,223.567,223.567,223.567,12
07.10.2024 18:10:33.000,223.577,223.586,223.577,223.586,48
07.10.2024 18:10:34.000,223.577,223.577,223.577,223.577,12
07.10.2024 18:10:37.000,223.567,223.567,223.547,223.547,24
07.10.2024 18:10:38.000,223.557,223.557,223.556,223.556,24
07.10.2024 18:10:40.000,223.557,223.557,223.557,223.557,12
07.10.2024 18:10:41.000,223.556,223.556,223.556,223.556,12
07.10.2024 18:10:43.000,223.547,223.547,223.547,223.547,12
07.10.2024 18:10:44.000,223.557,223.566,223.556,223.556,36
07.10.2024 18:10:48.000,223.557,223.557,223.557,223.557,12
07.10.2024 18:10:49.000,223.566,223.566,223.556,223.556,24
07.10.2024 18:10:50.000,223.556,223.557,223.556,223.557,24
07.10.2024 18:10:52.000,223.557,223.557,223.557,223.557,12
07.10.2024 18:10:56.000,223.566,223.577,223.566,223.577,36
07.10.2024 18:10:57.000,223.566,223.567,223.566,223.567,24
07.10.2024 18:10:58.000,223.566,223.567,223.556,223.566,48
07.10.2024 18:10:59.000,223.546,223.546,223.546,223.546,12
07.10.2024 18:11:01.000,223.567,223.567,223.546,223.546,48
07.10.2024 18:11:02.000,223.556,223.556,223.556,223.556,24
07.10.2024 18:11:03.000,223.557,223.557,223.556,223.556,36
07.10.2024 18:11:04.000,223.556,223.556,223.556,223.556,12
07.10.2024 18:11:05.000,223.567,223.567,223.567,223.567,12
07.10.2024 18:11:09.000,223.567,223.567,223.567,223.567,12
07.10.2024 18:11:15.000,223.566,223.566,223.566,223.566,12
07.10.2024 18:11:16.000,223.567,223.567,223.567,223.567,12
07.10.2024 18:11:18.000,223.566,223.566,223.566,223.566,12
07.10.2024 18:11:20.000,223.547,223.547,223.547,223.547,12
07.10.2024 18:11:21.000,223.546,223.546,223.546,223.546,12
07.10.2024 18:11:25.000,223.536,223.536,223.536,223.536,24
07.10.2024 18:11:26.000,223.537,223.537,223.537,223.537,12
07.10.2024 18:11:29.000,223.546,223.566,223.546,223.566,24
07.10.2024 18:11:31.000,223.567,223.577,223.567,223.577,36
07.10.2024 18:11:32.000,223.586,223.597,223.586,223.597,24
07.10.2024 18:11:34.000,223.617,223.617,223.617,223.617,24
07.10.2024 18:11:35.000,223.626,223.636,223.626,223.636,24
07.10.2024 18:11:36.000,223.626,223.626,223.626,223.626,12
07.10.2024 18:11:40.000,223.676,223.676,223.657,223.657,24
07.10.2024 18:11:42.000,223.666,223.666,223.666,223.666,12
07.10.2024 18:11:43.000,223.676,223.676,223.676,223.676,12
07.10.2024 18:11:45.000,223.676,223.697,223.676,223.697,36
07.10.2024 18:11:46.000,223.697,223.697,223.697,223.697,24
07.10.2024 18:11:47.000,223.676,223.677,223.676,223.677,36
07.10.2024 18:11:49.000,223.666,223.667,223.666,223.667,24
07.10.2024 18:11:50.000,223.667,223.667,223.667,223.667,12
07.10.2024 18:11:52.000,223.676,223.676,223.676,223.676,12
07.10.2024 18:11:55.000,223.667,223.667,223.667,223.667,12
07.10.2024 18:12:03.000,223.676,223.676,223.666,223.666,24
07.10.2024 18:12:04.000,223.687,223.687,223.667,223.667,24
07.10.2024 18:12:05.000,223.677,223.677,223.667,223.667,24
07.10.2024 18:12:06.000,223.676,223.676,223.667,223.667,36
07.10.2024 18:12:07.000,223.666,223.666,223.666,223.666,12
07.10.2024 18:12:08.000,223.656,223.656,223.656,223.656,24
07.10.2024 18:12:11.000,223.666,223.687,223.666,223.687,24
07.10.2024 18:12:14.000,223.687,223.687,223.687,223.687,12
07.10.2024 18:12:15.000,223.696,223.697,223.696,223.697,36
07.10.2024 18:12:16.000,223.687,223.687,223.676,223.676,24
07.10.2024 18:12:17.000,223.687,223.687,223.687,223.687,12
07.10.2024 18:12:18.000,223.687,223.687,223.687,223.687,12
07.10.2024 18:12:20.000,223.677,223.677,223.677,223.677,12
07.10.2024 18:12:21.000,223.677,223.677,223.666,223.666,24
07.10.2024 18:12:22.000,223.667,223.667,223.667,223.667,12
07.10.2024 18:12:23.000,223.667,223.667,223.667,223.667,12
07.10.2024 18:12:25.000,223.676,223.676,223.676,223.676,12
07.10.2024 18:12:26.000,223.676,223.676,223.676,223.676,12
07.10.2024 18:12:27.000,223.676,223.676,223.676,223.676,12
07.10.2024 18:12:29.000,223.677,223.687,223.677,223.686,48
07.10.2024 18:12:30.000,223.707,223.707,223.706,223.707,48
07.10.2024 18:12:31.000,223.737,223.737,223.737,223.737,12
07.10.2024 18:12:32.000,223.737,223.737,223.737,223.737,24
07.10.2024 18:12:36.000,223.716,223.716,223.716,223.716,24
07.10.2024 18:12:39.000,223.736,223.736,223.736,223.736,12
07.10.2024 18:12:40.000,223.737,223.737,223.726,223.726,24
07.10.2024 18:12:41.000,223.737,223.737,223.737,223.737,12
07.10.2024 18:12:42.000,223.726,223.726,223.726,223.726,24
07.10.2024 18:12:43.000,223.716,223.717,223.707,223.707,36
07.10.2024 18:12:44.000,223.717,223.717,223.717,223.717,12
07.10.2024 18:12:47.000,223.717,223.717,223.717,223.717,12
07.10.2024 18:12:48.000,223.717,223.717,223.716,223.716,48
07.10.2024 18:12:49.000,223.716,223.716,223.716,223.716,12
07.10.2024 18:12:50.000,223.726,223.726,223.717,223.717,24
07.10.2024 18:12:53.000,223.716,223.716,223.716,223.716,12
07.10.2024 18:12:54.000,223.716,223.716,223.716,223.716,24
07.10.2024 18:12:56.000,223.697,223.697,223.697,223.697,12
07.10.2024 18:13:00.000,223.696,223.696,223.696,223.696,12
07.10.2024 18:13:01.000,223.696,223.696,223.696,223.696,12
07.10.2024 18:13:02.000,223.697,223.697,223.696,223.696,24
07.10.2024 18:13:03.000,223.707,223.707,223.707,223.707,12
07.10.2024 18:13:08.000,223.697,223.697,223.697,223.697,12
07.10.2024 18:13:10.000,223.706,223.706,223.706,223.706,12
07.10.2024 18:13:11.000,223.707,223.707,223.707,223.707,12
07.10.2024 18:13:12.000,223.697,223.697,223.697,223.697,24
07.10.2024 18:13:13.000,223.697,223.697,223.697,223.697,12
07.10.2024 18:13:14.000,223.696,223.706,223.696,223.696,48
07.10.2024 18:13:15.000,223.697,223.697,223.696,223.696,24
07.10.2024 18:13:16.000,223.697,223.706,223.697,223.706,24
07.10.2024 18:13:18.000,223.717,223.717,223.717,223.717,12
07.10.2024 18:13:22.000,223.717,223.717,223.717,223.717,12
07.10.2024 18:13:28.000,223.727,223.727,223.727,223.727,12
07.10.2024 18:13:33.000,223.737,223.737,223.737,223.737,12
07.10.2024 18:13:34.000,223.737,223.737,223.737,223.737,12
07.10.2024 18:13:35.000,223.716,223.716,223.716,223.716,12
07.10.2024 18:13:36.000,223.727,223.727,223.727,223.727,12
07.10.2024 18:13:38.000,223.737,223.737,223.726,223.727,36
07.10.2024 18:13:42.000,223.726,223.726,223.726,223.726,12
07.10.2024 18:13:47.000,223.716,223.716,223.716,223.716,12
07.10.2024 18:13:50.000,223.727,223.727,223.727,223.727,12
07.10.2024 18:13:51.000,223.717,223.717,223.717,223.717,12
07.10.2024 18:13:53.000,223.717,223.717,223.717,223.717,12
07.10.2024 18:13:55.000,223.726,223.727,223.726,223.727,24
07.10.2024 18:13:57.000,223.726,223.726,223.696,223.696,72
07.10.2024 18:13:58.000,223.696,223.696,223.696,223.696,12
07.10.2024 18:13:59.000,223.697,223.716,223.686,223.716,60
07.10.2024 18:14:00.000,223.686,223.686,223.686,223.686,12
07.10.2024 18:14:01.000,223.686,223.686,223.686,223.686,12
07.10.2024 18:14:02.000,223.687,223.687,223.687,223.687,24
07.10.2024 18:14:04.000,223.687,223.687,223.687,223.687,12
07.10.2024 18:14:05.000,223.677,223.677,223.677,223.677,12
07.10.2024 18:14:09.000,223.677,223.677,223.656,223.656,48
07.10.2024 18:14:11.000,223.637,223.637,223.637,223.637,12
07.10.2024 18:14:14.000,223.647,223.647,223.646,223.646,24
07.10.2024 18:14:15.000,223.647,223.657,223.647,223.657,24
07.10.2024 18:14:17.000,223.677,223.677,223.656,223.656,24
07.10.2024 18:14:19.000,223.657,223.666,223.657,223.657,36
07.10.2024 18:14:20.000,223.656,223.657,223.656,223.657,24
07.10.2024 18:14:21.000,223.657,223.657,223.657,223.657,24
07.10.2024 18:14:22.000,223.667,223.667,223.656,223.656,24
07.10.2024 18:14:23.000,223.656,223.657,223.656,223.657,24
07.10.2024 18:14:24.000,223.656,223.656,223.656,223.656,24
07.10.2024 18:14:25.000,223.647,223.647,223.647,223.647,12
07.10.2024 18:14:26.000,223.677,223.677,223.677,223.677,24
07.10.2024 18:14:27.000,223.646,223.646,223.646,223.646,24
07.10.2024 18:14:28.000,223.647,223.647,223.647,223.647,12
07.10.2024 18:14:31.000,223.646,223.646,223.646,223.646,24
07.10.2024 18:14:32.000,223.636,223.636,223.636,223.636,12
07.10.2024 18:14:34.000,223.636,223.636,223.636,223.636,24
07.10.2024 18:14:35.000,223.637,223.637,223.637,223.637,24
07.10.2024 18:14:38.000,223.637,223.637,223.637,223.637,12
07.10.2024 18:14:40.000,223.636,223.636,223.636,223.636,12
07.10.2024 18:14:41.000,223.647,223.647,223.646,223.646,24
07.10.2024 18:14:42.000,223.646,223.676,223.646,223.676,36
07.10.2024 18:14:43.000,223.657,223.676,223.656,223.656,48
07.10.2024 18:14:44.000,223.667,223.667,223.667,223.667,12
07.10.2024 18:14:45.000,223.676,223.676,223.676,223.676,12
07.10.2024 18:14:48.000,223.656,223.676,223.656,223.676,24
07.10.2024 18:14:49.000,223.666,223.666,223.666,223.666,12
07.10.2024 18:14:51.000,223.656,223.657,223.656,223.657,24
07.10.2024 18:14:52.000,223.676,223.676,223.676,223.676,12
07.10.2024 18:15:03.000,223.656,223.656,223.656,223.656,12
07.10.2024 18:15:06.000,223.637,223.637,223.637,223.637,12
07.10.2024 18:15:08.000,223.637,223.637,223.637,223.637,12
07.10.2024 18:15:09.000,223.637,223.637,223.637,223.637,12
07.10.2024 18:15:11.000,223.636,223.637,223.636,223.637,48
07.10.2024 18:15:12.000,223.637,223.637,223.636,223.636,36
07.10.2024 18:15:13.000,223.646,223.646,223.646,223.646,12
07.10.2024 18:15:14.000,223.636,223.636,223.636,223.636,12
07.10.2024 18:15:15.000,223.646,223.656,223.646,223.647,48
07.10.2024 18:15:16.000,223.646,223.647,223.646,223.646,48
07.10.2024 18:15:17.000,223.637,223.637,223.636,223.637,36
07.10.2024 18:15:18.000,223.657,223.657,223.657,223.657,12
07.10.2024 18:15:19.000,223.657,223.657,223.657,223.657,12
07.10.2024 18:15:20.000,223.667,223.667,223.667,223.667,12
07.10.2024 18:15:22.000,223.666,223.667,223.666,223.667,24
07.10.2024 18:15:23.000,223.666,223.676,223.666,223.676,36
07.10.2024 18:15:24.000,223.657,223.676,223.657,223.676,36
07.10.2024 18:15:27.000,223.677,223.677,223.636,223.636,24
07.10.2024 18:15:28.000,223.646,223.647,223.646,223.647,24
07.10.2024 18:15:29.000,223.647,223.666,223.647,223.656,36
07.10.2024 18:15:30.000,223.676,223.676,223.676,223.676,12
07.10.2024 18:15:31.000,223.667,223.667,223.667,223.667,12
07.10.2024 18:15:32.000,223.656,223.677,223.656,223.677,48
07.10.2024 18:15:33.000,223.677,223.677,223.676,223.676,36
07.10.2024 18:15:34.000,223.657,223.657,223.657,223.657,12
07.10.2024 18:15:35.000,223.656,223.687,223.656,223.657,36
07.10.2024 18:15:36.000,223.676,223.676,223.676,223.676,12
07.10.2024 18:15:41.000,223.676,223.676,223.676,223.676,12
07.10.2024 18:15:46.000,223.686,223.686,223.677,223.677,24
07.10.2024 18:15:47.000,223.687,223.687,223.687,223.687,12
07.10.2024 18:15:49.000,223.676,223.676,223.676,223.676,12
07.10.2024 18:15:52.000,223.687,223.687,223.687,223.687,12
07.10.2024 18:16:01.000,223.687,223.687,223.687,223.687,12
07.10.2024 18:16:02.000,223.716,223.716,223.716,223.716,36
07.10.2024 18:16:03.000,223.716,223.717,223.716,223.717,48
07.10.2024 18:16:04.000,223.716,223.717,223.716,223.717,24
07.10.2024 18:16:05.000,223.717,223.717,223.716,223.716,24
07.10.2024 18:16:06.000,223.716,223.716,223.716,223.716,12
07.10.2024 18:16:08.000,223.727,223.727,223.727,223.727,12
07.10.2024 18:16:09.000,223.727,223.727,223.727,223.727,12
07.10.2024 18:16:10.000,223.726,223.726,223.726,223.726,12
07.10.2024 18:16:11.000,223.726,223.726,223.726,223.726,12
07.10.2024 18:16:12.000,223.716,223.716,223.716,223.716,12
07.10.2024 18:16:13.000,223.717,223.717,223.716,223.716,36
07.10.2024 18:16:14.000,223.717,223.717,223.717,223.717,12
07.10.2024 18:16:15.000,223.677,223.677,223.677,223.677,12
07.10.2024 18:16:16.000,223.676,223.676,223.676,223.676,12
07.10.2024 18:16:17.000,223.676,223.686,223.676,223.686,24
07.10.2024 18:16:18.000,223.677,223.677,223.677,223.677,12
07.10.2024 18:16:19.000,223.677,223.677,223.677,223.677,12
07.10.2024 18:16:20.000,223.677,223.677,223.676,223.677,60
07.10.2024 18:16:21.000,223.677,223.677,223.647,223.667,48
07.10.2024 18:16:22.000,223.686,223.687,223.677,223.677,36
07.10.2024 18:16:23.000,223.667,223.667,223.666,223.666,60
07.10.2024 18:16:24.000,223.666,223.666,223.666,223.666,12
07.10.2024 18:16:25.000,223.677,223.687,223.666,223.687,48
07.10.2024 18:16:26.000,223.666,223.666,223.666,223.666,24
07.10.2024 18:16:29.000,223.667,223.667,223.667,223.667,12
07.10.2024 18:16:32.000,223.666,223.666,223.666,223.666,12
07.10.2024 18:16:34.000,223.677,223.677,223.677,223.677,12
07.10.2024 18:16:36.000,223.667,223.667,223.667,223.667,12
07.10.2024 18:16:40.000,223.666,223.667,223.666,223.667,24
07.10.2024 18:16:43.000,223.657,223.657,223.657,223.657,24
07.10.2024 18:16:45.000,223.637,223.637,223.637,223.637,12
07.10.2024 18:16:47.000,223.647,223.647,223.647,223.647,12
07.10.2024 18:16:50.000,223.646,223.646,223.646,223.646,12
07.10.2024 18:16:51.000,223.657,223.657,223.647,223.647,24
07.10.2024 18:16:54.000,223.657,223.657,223.657,223.657,12
07.10.2024 18:16:55.000,223.646,223.646,223.646,223.646,12
07.10.2024 18:17:00.000,223.646,223.646,223.646,223.646,12
07.10.2024 18:17:01.000,223.656,223.656,223.656,223.656,12
07.10.2024 18:17:02.000,223.667,223.667,223.657,223.657,24
07.10.2024 18:17:05.000,223.657,223.657,223.657,223.657,12
07.10.2024 18:17:07.000,223.647,223.647,223.647,223.647,12
07.10.2024 18:17:09.000,223.666,223.666,223.666,223.666,12
07.10.2024 18:17:12.000,223.667,223.667,223.667,223.667,12
07.10.2024 18:17:14.000,223.636,223.636,223.636,223.636,12
07.10.2024 18:17:16.000,223.637,223.637,223.637,223.637,12
07.10.2024 18:17:23.000,223.637,223.667,223.637,223.667,24
07.10.2024 18:17:24.000,223.667,223.667,223.667,223.667,12
07.10.2024 18:17:25.000,223.677,223.677,223.677,223.677,12
07.10.2024 18:17:26.000,223.697,223.697,223.686,223.686,24
07.10.2024 18:17:28.000,223.696,223.696,223.696,223.696,12
07.10.2024 18:17:29.000,223.707,223.707,223.707,223.707,12
07.10.2024 18:17:30.000,223.696,223.696,223.687,223.687,24
07.10.2024 18:17:31.000,223.707,223.707,223.707,223.707,12
07.10.2024 18:17:34.000,223.716,223.716,223.716,223.716,12
07.10.2024 18:17:36.000,223.717,223.717,223.717,223.717,12
07.10.2024 18:17:42.000,223.666,223.676,223.666,223.667,36
07.10.2024 18:17:44.000,223.667,223.667,223.657,223.657,48
07.10.2024 18:17:45.000,223.666,223.666,223.656,223.656,24
07.10.2024 18:17:46.000,223.666,223.666,223.666,223.666,12
07.10.2024 18:17:47.000,223.656,223.666,223.656,223.666,24
07.10.2024 18:17:48.000,223.656,223.656,223.656,223.656,12
07.10.2024 18:17:49.000,223.657,223.657,223.657,223.657,12
07.10.2024 18:17:51.000,223.646,223.646,223.637,223.637,24
07.10.2024 18:17:55.000,223.667,223.667,223.667,223.667,12
07.10.2024 18:17:57.000,223.667,223.667,223.657,223.657,24
07.10.2024 18:17:59.000,223.656,223.656,223.656,223.656,12
07.10.2024 18:18:00.000,223.677,223.677,223.677,223.677,24
07.10.2024 18:18:01.000,223.657,223.657,223.656,223.656,24
07.10.2024 18:18:02.000,223.666,223.667,223.666,223.667,24
07.10.2024 18:18:03.000,223.656,223.656,223.656,223.656,12
07.10.2024 18:18:04.000,223.656,223.656,223.656,223.656,12
07.10.2024 18:18:06.000,223.677,223.687,223.677,223.687,24
07.10.2024 18:18:07.000,223.687,223.687,223.686,223.686,24
07.10.2024 18:18:08.000,223.686,223.687,223.686,223.687,24
07.10.2024 18:18:09.000,223.687,223.687,223.687,223.687,12
07.10.2024 18:18:10.000,223.687,223.696,223.687,223.696,24
07.10.2024 18:18:11.000,223.716,223.716,223.716,223.716,12
07.10.2024 18:18:13.000,223.717,223.717,223.717,223.717,24
07.10.2024 18:18:16.000,223.726,223.736,223.726,223.726,48
07.10.2024 18:18:19.000,223.727,223.727,223.727,223.727,12
07.10.2024 18:18:24.000,223.726,223.726,223.717,223.717,24
07.10.2024 18:18:31.000,223.747,223.747,223.747,223.747,12
07.10.2024 18:18:32.000,223.746,223.747,223.746,223.747,24
07.10.2024 18:18:35.000,223.747,223.747,223.747,223.747,12
07.10.2024 18:18:37.000,223.746,223.747,223.746,223.747,24
07.10.2024 18:18:38.000,223.746,223.746,223.746,223.746,12
07.10.2024 18:18:43.000,223.747,223.747,223.747,223.747,12
07.10.2024 18:18:44.000,223.747,223.747,223.747,223.747,12
07.10.2024 18:18:46.000,223.737,223.737,223.737,223.737,12
07.10.2024 18:18:51.000,223.737,223.737,223.737,223.737,12
07.10.2024 18:18:53.000,223.756,223.767,223.756,223.767,36
07.10.2024 18:18:55.000,223.767,223.767,223.767,223.767,12
07.10.2024 18:18:56.000,223.766,223.766,223.766,223.766,12
07.10.2024 18:18:57.000,223.757,223.757,223.757,223.757,12
07.10.2024 18:18:58.000,223.757,223.757,223.757,223.757,12
07.10.2024 18:19:01.000,223.757,223.757,223.757,223.757,12
07.10.2024 18:19:02.000,223.756,223.776,223.756,223.776,24
07.10.2024 18:19:03.000,223.777,223.786,223.777,223.786,24
07.10.2024 18:19:04.000,223.787,223.787,223.787,223.787,12
07.10.2024 18:19:06.000,223.787,223.787,223.787,223.787,12
07.10.2024 18:19:09.000,223.777,223.777,223.776,223.776,36
07.10.2024 18:19:16.000,223.776,223.786,223.776,223.786,24
07.10.2024 18:19:17.000,223.776,223.776,223.776,223.776,12
07.10.2024 18:19:20.000,223.777,223.777,223.777,223.777,12
07.10.2024 18:19:22.000,223.766,223.766,223.766,223.766,12
07.10.2024 18:19:28.000,223.777,223.777,223.777,223.777,12
07.10.2024 18:19:29.000,223.776,223.776,223.776,223.776,12
07.10.2024 18:19:30.000,223.796,223.796,223.796,223.796,12
07.10.2024 18:19:31.000,223.816,223.816,223.816,223.816,12
07.10.2024 18:19:33.000,223.797,223.797,223.797,223.797,12
07.10.2024 18:19:37.000,223.807,223.807,223.807,223.807,12
07.10.2024 18:19:40.000,223.806,223.806,223.806,223.806,12
07.10.2024 18:19:41.000,223.806,223.806,223.806,223.806,12
07.10.2024 18:19:42.000,223.807,223.807,223.807,223.807,12
07.10.2024 18:19:45.000,223.827,223.827,223.827,223.827,24
07.10.2024 18:19:46.000,223.837,223.837,223.826,223.826,24
07.10.2024 18:19:47.000,223.827,223.827,223.827,223.827,24
07.10.2024 18:19:49.000,223.837,223.846,223.837,223.846,24
07.10.2024 18:19:50.000,223.836,223.836,223.836,223.836,12
07.10.2024 18:19:51.000,223.837,223.837,223.836,223.836,24
07.10.2024 18:19:53.000,223.837,223.837,223.837,223.837,12
07.10.2024 18:19:57.000,223.856,223.856,223.837,223.837,24
07.10.2024 18:19:59.000,223.857,223.857,223.857,223.857,12
07.10.2024 18:20:00.000,223.847,223.866,223.847,223.866,36
07.10.2024 18:20:03.000,223.866,223.866,223.866,223.866,12
07.10.2024 18:20:04.000,223.867,223.867,223.866,223.866,24
07.10.2024 18:20:08.000,223.866,223.866,223.866,223.866,12
07.10.2024 18:20:10.000,223.856,223.866,223.856,223.866,36
07.10.2024 18:20:12.000,223.867,223.867,223.867,223.867,12
07.10.2024 18:20:14.000,223.876,223.876,223.876,223.876,12
07.10.2024 18:20:16.000,223.877,223.877,223.877,223.877,12
07.10.2024 18:20:19.000,223.877,223.877,223.877,223.877,12
07.10.2024 18:20:21.000,223.877,223.877,223.877,223.877,12
07.10.2024 18:20:23.000,223.876,223.876,223.876,223.876,12
07.10.2024 18:20:24.000,223.876,223.876,223.876,223.876,12
07.10.2024 18:20:25.000,223.887,223.887,223.887,223.887,12
07.10.2024 18:20:28.000,223.887,223.887,223.887,223.887,12
07.10.2024 18:20:31.000,223.876,223.876,223.876,223.876,12
07.10.2024 18:20:33.000,223.876,223.876,223.876,223.876,24
07.10.2024 18:20:34.000,223.856,223.856,223.856,223.856,12
07.10.2024 18:20:35.000,223.857,223.857,223.857,223.857,24
07.10.2024 18:20:52.000,223.856,223.856,223.856,223.856,12
07.10.2024 18:20:55.000,223.846,223.846,223.846,223.846,12
07.10.2024 18:20:57.000,223.856,223.856,223.856,223.856,12
07.10.2024 18:20:59.000,223.846,223.846,223.846,223.846,12
07.10.2024 18:21:03.000,223.856,223.856,223.856,223.856,12
07.10.2024 18:21:09.000,223.847,223.847,223.847,223.847,12
07.10.2024 18:21:10.000,223.846,223.846,223.846,223.846,12
07.10.2024 18:21:11.000,223.847,223.857,223.846,223.846,36
07.10.2024 18:21:13.000,223.856,223.877,223.856,223.877,24
07.10.2024 18:21:16.000,223.847,223.847,223.847,223.847,24
07.10.2024 18:21:17.000,223.857,223.857,223.857,223.857,12
07.10.2024 18:21:18.000,223.857,223.857,223.857,223.857,12
07.10.2024 18:21:19.000,223.846,223.846,223.846,223.846,12
07.10.2024 18:21:24.000,223.857,223.857,223.847,223.847,24
07.10.2024 18:21:25.000,223.877,223.877,223.877,223.877,12
07.10.2024 18:21:29.000,223.856,223.856,223.856,223.856,12
07.10.2024 18:21:30.000,223.887,223.887,223.866,223.866,24
07.10.2024 18:21:31.000,223.867,223.867,223.867,223.867,12
07.10.2024 18:21:34.000,223.866,223.866,223.866,223.866,12
07.10.2024 18:21:36.000,223.876,223.876,223.866,223.866,24
07.10.2024 18:21:37.000,223.866,223.866,223.847,223.847,24
07.10.2024 18:21:39.000,223.847,223.897,223.847,223.897,48
07.10.2024 18:21:40.000,223.906,223.906,223.906,223.906,24
07.10.2024 18:21:41.000,223.887,223.887,223.887,223.887,12
07.10.2024 18:21:42.000,223.907,223.907,223.907,223.907,12
07.10.2024 18:21:48.000,223.906,223.906,223.906,223.906,12
07.10.2024 18:21:49.000,223.907,223.907,223.907,223.907,24
07.10.2024 18:21:56.000,223.866,223.866,223.866,223.866,12
07.10.2024 18:21:58.000,223.887,223.887,223.887,223.887,12
07.10.2024 18:22:00.000,223.887,223.896,223.887,223.887,36
07.10.2024 18:22:01.000,223.907,223.907,223.907,223.907,12
07.10.2024 18:22:02.000,223.917,223.917,223.917,223.917,12
07.10.2024 18:22:08.000,223.927,223.927,223.917,223.917,24
07.10.2024 18:22:10.000,223.927,223.927,223.917,223.926,36
07.10.2024 18:22:11.000,223.946,223.946,223.946,223.946,24
07.10.2024 18:22:13.000,223.956,223.956,223.946,223.946,24
07.10.2024 18:22:17.000,223.957,223.957,223.946,223.946,24
07.10.2024 18:22:19.000,223.946,223.946,223.936,223.936,24
07.10.2024 18:22:20.000,223.946,223.946,223.946,223.946,12
07.10.2024 18:22:25.000,223.947,223.956,223.947,223.956,24
07.10.2024 18:22:26.000,223.957,223.957,223.957,223.957,12
07.10.2024 18:22:29.000,223.947,223.947,223.946,223.946,36
07.10.2024 18:22:33.000,223.927,223.927,223.927,223.927,12
07.10.2024 18:22:42.000,223.937,223.937,223.926,223.926,24
07.10.2024 18:22:45.000,223.936,223.936,223.927,223.927,24
07.10.2024 18:22:47.000,223.936,223.936,223.936,223.936,12
07.10.2024 18:22:50.000,223.937,223.937,223.937,223.937,12
07.10.2024 18:22:51.000,223.957,223.957,223.957,223.957,12
07.10.2024 18:22:56.000,223.966,223.966,223.966,223.966,12
07.10.2024 18:22:57.000,223.957,223.957,223.957,223.957,12
07.10.2024 18:22:58.000,223.947,223.947,223.947,223.947,12
07.10.2024 18:22:59.000,223.946,223.946,223.946,223.946,12
07.10.2024 18:23:00.000,223.966,223.966,223.947,223.947,24
07.10.2024 18:23:02.000,223.946,223.946,223.946,223.946,12
07.10.2024 18:23:03.000,223.947,223.947,223.946,223.946,24
07.10.2024 18:23:07.000,223.937,223.937,223.937,223.937,12
07.10.2024 18:23:08.000,223.926,223.926,223.926,223.926,12
07.10.2024 18:23:09.000,223.897,223.906,223.886,223.886,48
07.10.2024 18:23:10.000,223.877,223.877,223.877,223.877,12
07.10.2024 18:23:11.000,223.867,223.867,223.867,223.867,12
07.10.2024 18:23:12.000,223.806,223.836,223.806,223.817,36
07.10.2024 18:23:13.000,223.817,223.837,223.817,223.837,24
07.10.2024 18:23:14.000,223.856,223.857,223.856,223.857,36
07.10.2024 18:23:17.000,223.857,223.867,223.857,223.867,36
07.10.2024 18:23:18.000,223.856,223.857,223.807,223.807,36
07.10.2024 18:23:19.000,223.816,223.816,223.796,223.796,72
07.10.2024 18:23:20.000,223.787,223.787,223.637,223.646,131.99999999999997
07.10.2024 18:23:21.000,223.656,223.716,223.656,223.716,72
07.10.2024 18:23:22.000,223.717,223.717,223.717,223.717,24
07.10.2024 18:23:23.000,223.707,223.707,223.707,223.707,12
07.10.2024 18:23:24.000,223.657,223.676,223.646,223.676,84.00000000000001
07.10.2024 18:23:25.000,223.677,223.687,223.676,223.687,60
07.10.2024 18:23:26.000,223.676,223.676,223.676,223.676,12
07.10.2024 18:23:28.000,223.716,223.717,223.716,223.717,24
07.10.2024 18:23:29.000,223.717,223.717,223.717,223.717,12
07.10.2024 18:23:32.000,223.747,223.747,223.747,223.747,24
07.10.2024 18:23:33.000,223.757,223.757,223.757,223.757,12
07.10.2024 18:23:34.000,223.747,223.747,223.747,223.747,12
07.10.2024 18:23:36.000,223.756,223.777,223.756,223.777,24
07.10.2024 18:23:37.000,223.777,223.777,223.776,223.776,24
07.10.2024 18:23:40.000,223.747,223.747,223.727,223.747,60
07.10.2024 18:23:41.000,223.727,223.727,223.727,223.727,24
07.10.2024 18:23:44.000,223.747,223.747,223.747,223.747,12
07.10.2024 18:23:45.000,223.796,223.797,223.796,223.797,48
07.10.2024 18:23:46.000,223.777,223.777,223.766,223.766,36
07.10.2024 18:23:47.000,223.747,223.747,223.746,223.746,24
07.10.2024 18:23:51.000,223.797,223.797,223.746,223.746,48
07.10.2024 18:23:52.000,223.746,223.746,223.746,223.746,24
07.10.2024 18:23:53.000,223.776,223.776,223.766,223.766,48
07.10.2024 18:23:54.000,223.806,223.816,223.806,223.806,48
07.10.2024 18:23:55.000,223.806,223.806,223.806,223.806,24
07.10.2024 18:23:56.000,223.817,223.817,223.806,223.806,36
07.10.2024 18:23:57.000,223.786,223.786,223.786,223.786,24
07.10.2024 18:23:58.000,223.776,223.776,223.767,223.767,36
07.10.2024 18:23:59.000,223.766,223.777,223.756,223.777,36
07.10.2024 18:24:02.000,223.776,223.777,223.776,223.777,36
07.10.2024 18:24:03.000,223.777,223.777,223.777,223.777,12
07.10.2024 18:24:04.000,223.786,223.786,223.777,223.777,24
07.10.2024 18:24:05.000,223.767,223.767,223.767,223.767,12
07.10.2024 18:24:06.000,223.776,223.776,223.766,223.767,36
07.10.2024 18:24:07.000,223.777,223.777,223.766,223.766,24
07.10.2024 18:24:11.000,223.767,223.767,223.767,223.767,12
07.10.2024 18:24:12.000,223.787,223.796,223.786,223.786,36
07.10.2024 18:24:16.000,223.787,223.787,223.787,223.787,12
07.10.2024 18:24:21.000,223.816,223.816,223.816,223.816,12
07.10.2024 18:24:27.000,223.826,223.826,223.826,223.826,12
07.10.2024 18:24:28.000,223.836,223.837,223.836,223.837,24
07.10.2024 18:24:30.000,223.837,223.837,223.836,223.836,24
07.10.2024 18:24:31.000,223.837,223.837,223.837,223.837,12
07.10.2024 18:24:32.000,223.817,223.817,223.777,223.777,48
07.10.2024 18:24:33.000,223.766,223.766,223.757,223.757,24
07.10.2024 18:24:34.000,223.757,223.767,223.757,223.767,36
07.10.2024 18:24:38.000,223.777,223.777,223.777,223.777,12
07.10.2024 18:24:41.000,223.807,223.807,223.796,223.796,36
07.10.2024 18:24:42.000,223.817,223.817,223.806,223.806,24
07.10.2024 18:24:43.000,223.797,223.797,223.797,223.797,12
07.10.2024 18:24:44.000,223.796,223.796,223.796,223.796,12
07.10.2024 18:24:50.000,223.807,223.807,223.807,223.807,12
07.10.2024 18:24:51.000,223.807,223.807,223.807,223.807,12
07.10.2024 18:24:52.000,223.806,223.806,223.806,223.806,12
07.10.2024 18:24:55.000,223.776,223.776,223.776,223.776,12
07.10.2024 18:25:00.000,223.797,223.797,223.786,223.786,24
07.10.2024 18:25:01.000,223.796,223.796,223.796,223.796,12
07.10.2024 18:25:02.000,223.787,223.787,223.786,223.786,24
07.10.2024 18:25:04.000,223.786,223.786,223.786,223.786,12
07.10.2024 18:25:05.000,223.787,223.787,223.787,223.787,12
07.10.2024 18:25:08.000,223.796,223.816,223.796,223.816,24
07.10.2024 18:25:11.000,223.807,223.807,223.807,223.807,12
07.10.2024 18:25:14.000,223.816,223.816,223.806,223.806,24
07.10.2024 18:25:15.000,223.796,223.796,223.796,223.796,12
07.10.2024 18:25:19.000,223.797,223.797,223.787,223.787,24
07.10.2024 18:25:20.000,223.796,223.796,223.796,223.796,12
07.10.2024 18:25:22.000,223.776,223.776,223.776,223.776,12
07.10.2024 18:25:23.000,223.776,223.776,223.776,223.776,12
07.10.2024 18:25:30.000,223.776,223.776,223.776,223.776,12
07.10.2024 18:25:31.000,223.787,223.787,223.777,223.777,24
07.10.2024 18:25:32.000,223.776,223.776,223.776,223.776,12
07.10.2024 18:25:33.000,223.756,223.756,223.756,223.756,12
07.10.2024 18:25:34.000,223.747,223.747,223.727,223.727,36
07.10.2024 18:25:35.000,223.716,223.716,223.716,223.716,12
07.10.2024 18:25:36.000,223.736,223.736,223.736,223.736,12
07.10.2024 18:25:37.000,223.746,223.746,223.746,223.746,24
07.10.2024 18:25:38.000,223.746,223.746,223.746,223.746,12
07.10.2024 18:25:41.000,223.766,223.767,223.766,223.767,24
07.10.2024 18:25:44.000,223.786,223.797,223.786,223.797,36
07.10.2024 18:25:45.000,223.797,223.797,223.797,223.797,24
07.10.2024 18:25:46.000,223.806,223.807,223.806,223.806,36
07.10.2024 18:25:49.000,223.767,223.767,223.767,223.767,12
07.10.2024 18:25:53.000,223.756,223.756,223.756,223.756,12
07.10.2024 18:25:55.000,223.746,223.746,223.746,223.746,12
07.10.2024 18:25:57.000,223.757,223.776,223.757,223.776,24
07.10.2024 18:25:58.000,223.757,223.757,223.757,223.757,12
07.10.2024 18:25:59.000,223.757,223.757,223.757,223.757,12
07.10.2024 18:26:00.000,223.746,223.746,223.746,223.746,12
07.10.2024 18:26:02.000,223.766,223.777,223.757,223.777,36
07.10.2024 18:26:03.000,223.766,223.767,223.766,223.767,24
07.10.2024 18:26:04.000,223.777,223.777,223.767,223.767,24
07.10.2024 18:26:06.000,223.777,223.777,223.766,223.767,48
07.10.2024 18:26:07.000,223.776,223.776,223.776,223.776,12
07.10.2024 18:26:08.000,223.787,223.787,223.777,223.787,36
07.10.2024 18:26:09.000,223.787,223.796,223.787,223.796,24
07.10.2024 18:26:10.000,223.777,223.777,223.776,223.776,24
07.10.2024 18:26:13.000,223.776,223.776,223.776,223.776,12
07.10.2024 18:26:18.000,223.777,223.777,223.777,223.777,24
07.10.2024 18:26:21.000,223.786,223.786,223.786,223.786,12
07.10.2024 18:26:24.000,223.797,223.797,223.797,223.797,12
07.10.2024 18:26:25.000,223.787,223.787,223.787,223.787,12
07.10.2024 18:26:26.000,223.796,223.796,223.796,223.796,12
07.10.2024 18:26:28.000,223.807,223.807,223.807,223.807,12
07.10.2024 18:26:29.000,223.807,223.807,223.807,223.807,12
07.10.2024 18:26:30.000,223.816,223.816,223.797,223.797,24
07.10.2024 18:26:35.000,223.807,223.807,223.806,223.806,24
07.10.2024 18:26:36.000,223.816,223.816,223.816,223.816,12
07.10.2024 18:26:38.000,223.817,223.817,223.817,223.817,12
07.10.2024 18:26:41.000,223.817,223.817,223.817,223.817,12
07.10.2024 18:26:43.000,223.817,223.817,223.817,223.817,12
07.10.2024 18:26:45.000,223.826,223.826,223.817,223.817,24
07.10.2024 18:26:49.000,223.826,223.826,223.826,223.826,12
07.10.2024 18:26:50.000,223.836,223.836,223.836,223.836,12
07.10.2024 18:26:51.000,223.857,223.857,223.846,223.846,24
07.10.2024 18:26:52.000,223.856,223.856,223.856,223.856,12
07.10.2024 18:26:53.000,223.857,223.877,223.857,223.867,36
07.10.2024 18:26:54.000,223.867,223.867,223.867,223.867,12
07.10.2024 18:26:56.000,223.876,223.876,223.876,223.876,12
07.10.2024 18:26:58.000,223.876,223.876,223.876,223.876,12
07.10.2024 18:27:03.000,223.876,223.876,223.876,223.876,12
07.10.2024 18:27:07.000,223.887,223.887,223.887,223.887,12
07.10.2024 18:27:08.000,223.857,223.857,223.847,223.847,36
07.10.2024 18:27:09.000,223.846,223.846,223.837,223.837,24
07.10.2024 18:27:11.000,223.816,223.816,223.816,223.816,36
07.10.2024 18:27:13.000,223.817,223.817,223.817,223.817,12
07.10.2024 18:27:14.000,223.807,223.807,223.807,223.807,12
07.10.2024 18:27:15.000,223.806,223.806,223.786,223.786,24
07.10.2024 18:27:20.000,223.786,223.786,223.786,223.786,12
07.10.2024 18:27:27.000,223.807,223.807,223.807,223.807,12
07.10.2024 18:27:28.000,223.806,223.806,223.806,223.806,12
07.10.2024 18:27:29.000,223.807,223.807,223.806,223.806,24
07.10.2024 18:27:30.000,223.806,223.806,223.806,223.806,12
07.10.2024 18:27:31.000,223.807,223.807,223.807,223.807,12
07.10.2024 18:27:33.000,223.826,223.826,223.826,223.826,12
07.10.2024 18:27:39.000,223.827,223.827,223.807,223.826,36
07.10.2024 18:27:40.000,223.826,223.826,223.806,223.806,36
07.10.2024 18:27:42.000,223.817,223.817,223.817,223.817,12
07.10.2024 18:27:43.000,223.807,223.807,223.807,223.807,12
07.10.2024 18:27:47.000,223.817,223.817,223.807,223.807,24
07.10.2024 18:27:48.000,223.837,223.837,223.816,223.816,24
07.10.2024 18:27:49.000,223.826,223.826,223.807,223.807,48
07.10.2024 18:27:50.000,223.816,223.816,223.816,223.816,12
07.10.2024 18:27:51.000,223.807,223.807,223.807,223.807,12
07.10.2024 18:27:52.000,223.806,223.817,223.806,223.817,24
07.10.2024 18:27:56.000,223.817,223.837,223.807,223.836,48
07.10.2024 18:27:57.000,223.837,223.837,223.837,223.837,12
07.10.2024 18:28:03.000,223.857,223.857,223.857,223.857,12
07.10.2024 18:28:12.000,223.807,223.807,223.807,223.807,12
07.10.2024 18:28:13.000,223.817,223.817,223.817,223.817,24
07.10.2024 18:28:14.000,223.816,223.816,223.816,223.816,12
07.10.2024 18:28:15.000,223.806,223.806,223.786,223.786,60
07.10.2024 18:28:16.000,223.796,223.796,223.796,223.796,12
07.10.2024 18:28:21.000,223.806,223.816,223.806,223.816,24
07.10.2024 18:28:24.000,223.816,223.816,223.816,223.816,24
07.10.2024 18:28:26.000,223.816,223.816,223.816,223.816,12
07.10.2024 18:28:31.000,223.817,223.817,223.817,223.817,12
07.10.2024 18:28:33.000,223.796,223.796,223.796,223.796,12
07.10.2024 18:28:34.000,223.796,223.796,223.796,223.796,12
07.10.2024 18:28:35.000,223.797,223.797,223.796,223.796,24
07.10.2024 18:28:36.000,223.796,223.796,223.796,223.796,12
07.10.2024 18:28:37.000,223.796,223.796,223.796,223.796,12
07.10.2024 18:28:38.000,223.807,223.807,223.796,223.797,36
07.10.2024 18:28:40.000,223.807,223.807,223.797,223.797,24
07.10.2024 18:28:46.000,223.807,223.807,223.807,223.807,12
07.10.2024 18:28:54.000,223.817,223.817,223.817,223.817,12
07.10.2024 18:28:58.000,223.816,223.816,223.816,223.816,12
07.10.2024 18:28:59.000,223.826,223.826,223.826,223.826,12
07.10.2024 18:29:03.000,223.846,223.856,223.846,223.856,24
07.10.2024 18:29:04.000,223.856,223.856,223.856,223.856,12
07.10.2024 18:29:06.000,223.856,223.856,223.856,223.856,12
07.10.2024 18:29:09.000,223.836,223.836,223.836,223.836,12
07.10.2024 18:29:10.000,223.836,223.857,223.836,223.857,24
07.10.2024 18:29:13.000,223.837,223.837,223.837,223.837,12
07.10.2024 18:29:14.000,223.857,223.857,223.857,223.857,24
07.10.2024 18:29:23.000,223.867,223.867,223.867,223.867,12
07.10.2024 18:29:24.000,223.867,223.867,223.866,223.867,48
07.10.2024 18:29:25.000,223.866,223.866,223.866,223.866,12
07.10.2024 18:29:26.000,223.886,223.886,223.886,223.886,12
07.10.2024 18:29:27.000,223.886,223.886,223.886,223.886,12
07.10.2024 18:29:30.000,223.886,223.886,223.886,223.886,12
07.10.2024 18:29:33.000,223.857,223.857,223.847,223.847,36
07.10.2024 18:29:35.000,223.847,223.847,223.826,223.826,60
07.10.2024 18:29:36.000,223.826,223.827,223.826,223.827,24
07.10.2024 18:29:37.000,223.826,223.826,223.816,223.816,36
07.10.2024 18:29:38.000,223.817,223.817,223.807,223.807,36
07.10.2024 18:29:39.000,223.796,223.796,223.796,223.796,36
07.10.2024 18:29:40.000,223.796,223.796,223.737,223.747,72
07.10.2024 18:29:41.000,223.757,223.757,223.726,223.726,36
07.10.2024 18:29:43.000,223.726,223.737,223.707,223.707,48
07.10.2024 18:29:44.000,223.706,223.706,223.677,223.677,36
07.10.2024 18:29:45.000,223.657,223.657,223.647,223.656,36
07.10.2024 18:29:46.000,223.647,223.657,223.647,223.657,24
07.10.2024 18:29:48.000,223.676,223.676,223.676,223.676,12
07.10.2024 18:29:53.000,223.696,223.696,223.696,223.696,12
07.10.2024 18:29:54.000,223.706,223.707,223.706,223.707,36
07.10.2024 18:29:56.000,223.707,223.707,223.707,223.707,12
07.10.2024 18:29:57.000,223.706,223.706,223.706,223.706,24
07.10.2024 18:29:58.000,223.706,223.707,223.706,223.707,24
07.10.2024 18:29:59.000,223.706,223.706,223.706,223.706,12
07.10.2024 18:30:00.000,223.716,223.717,223.576,223.576,167.99999999999997
07.10.2024 18:30:01.000,223.577,223.577,223.536,223.537,108
07.10.2024 18:30:02.000,223.536,223.537,223.516,223.526,72
07.10.2024 18:30:03.000,223.527,223.527,223.526,223.526,24
07.10.2024 18:30:04.000,223.526,223.536,223.526,223.526,48
07.10.2024 18:30:05.000,223.496,223.496,223.456,223.456,24
07.10.2024 18:30:06.000,223.457,223.467,223.426,223.426,84.00000000000001
07.10.2024 18:30:07.000,223.426,223.447,223.406,223.406,60
07.10.2024 18:30:08.000,223.426,223.426,223.406,223.407,72
07.10.2024 18:30:09.000,223.406,223.417,223.406,223.407,72
07.10.2024 18:30:10.000,223.396,223.396,223.356,223.357,48
07.10.2024 18:30:11.000,223.356,223.417,223.356,223.417,72
07.10.2024 18:30:12.000,223.367,223.367,223.357,223.357,48
07.10.2024 18:30:13.000,223.367,223.367,223.367,223.367,12
07.10.2024 18:30:14.000,223.357,223.357,223.246,223.267,84.00000000000001
07.10.2024 18:30:15.000,223.257,223.257,223.196,223.247,96
07.10.2024 18:30:16.000,223.286,223.286,223.226,223.226,155.99999999999997
07.10.2024 18:30:17.000,223.207,223.207,223.156,223.196,119.99999999999999
07.10.2024 18:30:18.000,223.157,223.176,223.156,223.156,84.00000000000001
07.10.2024 18:30:19.000,223.156,223.187,223.156,223.176,60
07.10.2024 18:30:20.000,223.177,223.177,223.156,223.156,36
07.10.2024 18:30:21.000,223.126,223.126,223.097,223.097,72
07.10.2024 18:30:22.000,223.096,223.096,223.057,223.066,36
07.10.2024 18:30:23.000,223.056,223.067,223.056,223.057,72
07.10.2024 18:30:24.000,223.076,223.147,223.076,223.147,108
07.10.2024 18:30:25.000,223.156,223.156,223.146,223.146,36
07.10.2024 18:30:26.000,223.086,223.086,223.077,223.077,60
07.10.2024 18:30:27.000,223.066,223.096,223.066,223.077,108
07.10.2024 18:30:28.000,223.116,223.116,223.077,223.086,36
07.10.2024 18:30:29.000,223.146,223.197,223.146,223.197,84.00000000000001
07.10.2024 18:30:30.000,223.186,223.216,223.166,223.196,108
07.10.2024 18:30:31.000,223.206,223.207,223.186,223.187,72
07.10.2024 18:30:32.000,223.196,223.196,223.146,223.167,84.00000000000001
07.10.2024 18:30:33.000,223.177,223.257,223.177,223.247,96
07.10.2024 18:30:34.000,223.277,223.277,223.247,223.266,48
07.10.2024 18:30:35.000,223.236,223.306,223.236,223.267,108
07.10.2024 18:30:36.000,223.277,223.327,223.257,223.327,84.00000000000001
07.10.2024 18:30:37.000,223.316,223.357,223.316,223.357,72
07.10.2024 18:30:38.000,223.366,223.397,223.357,223.397,96
07.10.2024 18:30:39.000,223.437,223.497,223.426,223.476,108
07.10.2024 18:30:40.000,223.457,223.457,223.376,223.376,108
07.10.2024 18:30:41.000,223.376,223.386,223.357,223.386,84.00000000000001
07.10.2024 18:30:42.000,223.387,223.396,223.376,223.376,48
07.10.2024 18:30:43.000,223.376,223.386,223.356,223.386,60
07.10.2024 18:30:44.000,223.356,223.387,223.356,223.387,60
07.10.2024 18:30:45.000,223.396,223.436,223.386,223.436,36
07.10.2024 18:30:46.000,223.467,223.467,223.417,223.417,60
07.10.2024 18:30:47.000,223.397,223.506,223.377,223.467,131.99999999999997
07.10.2024 18:30:48.000,223.507,223.527,223.496,223.527,84.00000000000001
07.10.2024 18:30:49.000,223.516,223.516,223.476,223.486,60
07.10.2024 18:30:50.000,223.497,223.497,223.496,223.496,36
07.10.2024 18:30:51.000,223.526,223.526,223.507,223.507,36
07.10.2024 18:30:52.000,223.497,223.506,223.497,223.506,24
07.10.2024 18:30:53.000,223.536,223.547,223.506,223.546,60
07.10.2024 18:30:54.000,223.506,223.526,223.496,223.526,48
07.10.2024 18:30:55.000,223.556,223.567,223.546,223.557,48
07.10.2024 18:30:56.000,223.547,223.576,223.536,223.566,72
07.10.2024 18:30:57.000,223.557,223.557,223.546,223.547,36
07.10.2024 18:30:58.000,223.536,223.567,223.536,223.567,72
07.10.2024 18:30:59.000,223.547,223.547,223.547,223.547,12
07.10.2024 18:31:00.000,223.546,223.546,223.507,223.507,60
07.10.2024 18:31:01.000,223.506,223.527,223.506,223.527,24
07.10.2024 18:31:02.000,223.517,223.577,223.506,223.577,72
07.10.2024 18:31:03.000,223.566,223.596,223.566,223.596,60
07.10.2024 18:31:04.000,223.626,223.626,223.587,223.587,48
07.10.2024 18:31:05.000,223.576,223.576,223.576,223.576,12
07.10.2024 18:31:06.000,223.586,223.596,223.586,223.586,60
07.10.2024 18:31:07.000,223.577,223.577,223.487,223.516,119.99999999999999
07.10.2024 18:31:08.000,223.506,223.546,223.497,223.537,60
07.10.2024 18:31:09.000,223.547,223.547,223.547,223.547,12
07.10.2024 18:31:10.000,223.537,223.537,223.526,223.526,48
07.10.2024 18:31:11.000,223.517,223.517,223.496,223.496,48
07.10.2024 18:31:12.000,223.486,223.497,223.486,223.497,48
07.10.2024 18:31:13.000,223.497,223.497,223.497,223.497,12
07.10.2024 18:31:14.000,223.466,223.466,223.466,223.466,12
07.10.2024 18:31:15.000,223.457,223.457,223.437,223.437,36
07.10.2024 18:31:16.000,223.437,223.437,223.417,223.437,36
07.10.2024 18:31:18.000,223.437,223.447,223.417,223.417,60
07.10.2024 18:31:20.000,223.397,223.397,223.396,223.396,36
07.10.2024 18:31:21.000,223.406,223.416,223.396,223.416,72
07.10.2024 18:31:22.000,223.407,223.417,223.407,223.416,48
07.10.2024 18:31:23.000,223.406,223.427,223.406,223.417,36
07.10.2024 18:31:25.000,223.437,223.437,223.416,223.416,24
07.10.2024 18:31:26.000,223.406,223.406,223.406,223.406,12
07.10.2024 18:31:28.000,223.397,223.397,223.397,223.397,24
07.10.2024 18:31:30.000,223.367,223.367,223.367,223.367,12
07.10.2024 18:31:31.000,223.366,223.366,223.346,223.346,24
07.10.2024 18:31:33.000,223.336,223.336,223.336,223.336,12
07.10.2024 18:31:34.000,223.327,223.327,223.327,223.327,12
07.10.2024 18:31:35.000,223.326,223.326,223.296,223.317,48
07.10.2024 18:31:37.000,223.316,223.347,223.316,223.347,48
07.10.2024 18:31:38.000,223.336,223.336,223.336,223.336,12
07.10.2024 18:31:39.000,223.346,223.346,223.336,223.336,24
07.10.2024 18:31:40.000,223.366,223.376,223.366,223.366,36
07.10.2024 18:31:41.000,223.376,223.386,223.376,223.377,36
07.10.2024 18:31:45.000,223.376,223.376,223.376,223.376,12
07.10.2024 18:31:46.000,223.417,223.446,223.396,223.446,36
07.10.2024 18:31:47.000,223.437,223.437,223.416,223.417,84.00000000000001
07.10.2024 18:31:49.000,223.397,223.397,223.396,223.397,36
07.10.2024 18:31:50.000,223.397,223.397,223.377,223.377,36
07.10.2024 18:31:51.000,223.376,223.376,223.376,223.376,36
07.10.2024 18:31:52.000,223.377,223.377,223.377,223.377,36
07.10.2024 18:31:53.000,223.377,223.377,223.346,223.347,48
07.10.2024 18:31:54.000,223.347,223.347,223.347,223.347,12
07.10.2024 18:31:56.000,223.336,223.336,223.336,223.336,12
07.10.2024 18:31:57.000,223.347,223.347,223.347,223.347,12
07.10.2024 18:31:58.000,223.326,223.326,223.326,223.326,12
07.10.2024 18:31:59.000,223.317,223.317,223.316,223.317,48
07.10.2024 18:32:00.000,223.326,223.326,223.316,223.317,36
07.10.2024 18:32:01.000,223.277,223.277,223.277,223.277,24
07.10.2024 18:32:02.000,223.276,223.287,223.276,223.287,24
07.10.2024 18:32:03.000,223.306,223.306,223.306,223.306,12
07.10.2024 18:32:04.000,223.307,223.307,223.307,223.307,12
07.10.2024 18:32:05.000,223.306,223.306,223.236,223.236,96
07.10.2024 18:32:06.000,223.236,223.237,223.236,223.237,24
07.10.2024 18:32:07.000,223.246,223.256,223.246,223.256,24
07.10.2024 18:32:09.000,223.257,223.257,223.256,223.256,36
07.10.2024 18:32:11.000,223.287,223.287,223.277,223.277,24
07.10.2024 18:32:12.000,223.286,223.286,223.286,223.286,12
07.10.2024 18:32:14.000,223.306,223.306,223.276,223.277,36
07.10.2024 18:32:15.000,223.287,223.287,223.256,223.256,72
07.10.2024 18:32:16.000,223.246,223.246,223.246,223.246,12
07.10.2024 18:32:17.000,223.236,223.236,223.236,223.236,12
07.10.2024 18:32:18.000,223.236,223.237,223.236,223.236,60
07.10.2024 18:32:20.000,223.217,223.217,223.197,223.207,48
07.10.2024 18:32:21.000,223.197,223.197,223.197,223.197,24
07.10.2024 18:32:23.000,223.206,223.207,223.206,223.207,36
07.10.2024 18:32:24.000,223.206,223.207,223.206,223.207,24
07.10.2024 18:32:25.000,223.217,223.217,223.216,223.216,24
07.10.2024 18:32:26.000,223.206,223.206,223.206,223.206,12
07.10.2024 18:32:28.000,223.206,223.206,223.206,223.206,12
07.10.2024 18:32:30.000,223.207,223.207,223.206,223.206,24
07.10.2024 18:32:32.000,223.226,223.226,223.226,223.226,12
07.10.2024 18:32:33.000,223.237,223.247,223.237,223.247,48
07.10.2024 18:32:34.000,223.226,223.226,223.217,223.217,36
07.10.2024 18:32:35.000,223.226,223.226,223.226,223.226,24
07.10.2024 18:32:37.000,223.237,223.247,223.237,223.247,36
07.10.2024 18:32:38.000,223.247,223.247,223.247,223.247,12
07.10.2024 18:32:40.000,223.247,223.247,223.227,223.227,36
07.10.2024 18:32:41.000,223.216,223.216,223.216,223.216,12
07.10.2024 18:32:42.000,223.207,223.207,223.157,223.166,48
07.10.2024 18:32:43.000,223.177,223.177,223.166,223.166,24
07.10.2024 18:32:44.000,223.166,223.167,223.156,223.156,48
07.10.2024 18:32:46.000,223.156,223.156,223.156,223.156,24
07.10.2024 18:32:47.000,223.146,223.146,223.137,223.137,24
07.10.2024 18:32:48.000,223.147,223.147,223.147,223.147,12
07.10.2024 18:32:49.000,223.127,223.127,223.126,223.126,60
07.10.2024 18:32:50.000,223.127,223.127,223.117,223.117,24
07.10.2024 18:32:51.000,223.137,223.137,223.117,223.117,48
07.10.2024 18:32:52.000,223.137,223.137,223.126,223.126,24
07.10.2024 18:32:53.000,223.156,223.157,223.156,223.156,36
07.10.2024 18:32:55.000,223.136,223.156,223.136,223.146,60
07.10.2024 18:32:57.000,223.156,223.177,223.156,223.177,36
07.10.2024 18:32:58.000,223.186,223.206,223.186,223.206,48
07.10.2024 18:32:59.000,223.217,223.217,223.197,223.207,48
07.10.2024 18:33:00.000,223.197,223.197,223.186,223.187,48
07.10.2024 18:33:01.000,223.187,223.196,223.187,223.187,36
07.10.2024 18:33:02.000,223.197,223.227,223.196,223.196,36
07.10.2024 18:33:03.000,223.196,223.196,223.186,223.186,24
07.10.2024 18:33:04.000,223.187,223.187,223.156,223.156,84.00000000000001
07.10.2024 18:33:05.000,223.157,223.157,223.157,223.157,24
07.10.2024 18:33:06.000,223.146,223.146,223.137,223.137,24
07.10.2024 18:33:07.000,223.117,223.137,223.117,223.137,24
07.10.2024 18:33:08.000,223.136,223.136,223.096,223.106,108
07.10.2024 18:33:09.000,223.116,223.126,223.116,223.126,24
07.10.2024 18:33:11.000,223.116,223.116,223.116,223.116,12
07.10.2024 18:33:12.000,223.127,223.127,223.127,223.127,12
07.10.2024 18:33:14.000,223.167,223.167,223.126,223.126,60
07.10.2024 18:33:15.000,223.126,223.127,223.117,223.117,60
07.10.2024 18:33:16.000,223.097,223.097,223.097,223.097,12
07.10.2024 18:33:17.000,223.107,223.127,223.107,223.107,36
07.10.2024 18:33:18.000,223.087,223.107,223.086,223.107,48
07.10.2024 18:33:19.000,223.096,223.117,223.096,223.117,24
07.10.2024 18:33:20.000,223.116,223.116,223.116,223.116,12
07.10.2024 18:33:21.000,223.106,223.116,223.097,223.106,48
07.10.2024 18:33:22.000,223.096,223.097,223.096,223.097,36
07.10.2024 18:33:23.000,223.087,223.087,223.086,223.086,48
07.10.2024 18:33:26.000,223.077,223.077,223.077,223.077,12
07.10.2024 18:33:27.000,223.057,223.057,223.036,223.037,48
07.10.2024 18:33:28.000,223.026,223.026,223.007,223.007,36
07.10.2024 18:33:30.000,222.946,222.946,222.916,222.927,96
07.10.2024 18:33:31.000,222.926,222.937,222.926,222.927,36
07.10.2024 18:33:32.000,222.947,222.947,222.937,222.937,24
07.10.2024 18:33:33.000,222.936,222.936,222.926,222.926,60
07.10.2024 18:33:35.000,222.937,222.937,222.937,222.937,12
07.10.2024 18:33:36.000,222.956,222.956,222.956,222.956,12
07.10.2024 18:33:37.000,222.947,222.947,222.947,222.947,12
07.10.2024 18:33:38.000,222.946,222.956,222.946,222.947,60
07.10.2024 18:33:39.000,222.946,222.966,222.946,222.966,36
07.10.2024 18:33:40.000,222.986,222.987,222.956,222.966,72
07.10.2024 18:33:41.000,222.967,223.017,222.967,223.017,60
07.10.2024 18:33:42.000,223.006,223.006,222.996,222.997,48
07.10.2024 18:33:43.000,223.007,223.017,223.007,223.017,60
07.10.2024 18:33:44.000,223.007,223.027,223.007,223.027,36
07.10.2024 18:33:45.000,223.027,223.056,223.026,223.056,48
07.10.2024 18:33:46.000,223.037,223.037,223.037,223.037,12
07.10.2024 18:33:47.000,223.026,223.026,223.016,223.017,48
07.10.2024 18:33:48.000,223.007,223.026,223.007,223.026,48
07.10.2024 18:33:49.000,223.016,223.016,223.006,223.006,24
07.10.2024 18:33:50.000,223.006,223.006,222.986,222.986,36
07.10.2024 18:33:51.000,222.997,223.017,222.997,223.016,60
07.10.2024 18:33:53.000,223.017,223.017,223.007,223.017,36
07.10.2024 18:33:54.000,223.027,223.027,223.016,223.016,24
07.10.2024 18:33:55.000,223.026,223.026,223.026,223.026,12
07.10.2024 18:33:56.000,223.037,223.037,223.017,223.017,48
07.10.2024 18:33:59.000,223.017,223.017,223.006,223.007,48
07.10.2024 18:34:01.000,223.007,223.007,222.996,222.996,84.00000000000001
07.10.2024 18:34:02.000,223.036,223.076,222.996,223.067,108
07.10.2024 18:34:03.000,223.096,223.096,223.096,223.096,12
07.10.2024 18:34:04.000,223.056,223.096,223.056,223.057,72
07.10.2024 18:34:05.000,223.097,223.097,223.097,223.097,24
07.10.2024 18:34:06.000,223.096,223.147,223.096,223.147,48
07.10.2024 18:34:07.000,223.097,223.106,223.097,223.106,48
07.10.2024 18:34:08.000,223.096,223.097,223.076,223.076,48
07.10.2024 18:34:10.000,223.096,223.096,223.076,223.076,24
07.10.2024 18:34:11.000,223.056,223.096,223.056,223.087,48
07.10.2024 18:34:12.000,223.047,223.057,223.007,223.057,60
07.10.2024 18:34:13.000,223.067,223.067,223.067,223.067,12
07.10.2024 18:34:14.000,223.046,223.046,223.036,223.036,24
07.10.2024 18:34:15.000,223.037,223.067,223.037,223.067,108
07.10.2024 18:34:16.000,223.086,223.086,223.047,223.047,84.00000000000001
07.10.2024 18:34:17.000,223.036,223.076,223.036,223.037,36
07.10.2024 18:34:18.000,223.077,223.077,223.037,223.066,96
07.10.2024 18:34:19.000,223.096,223.096,223.036,223.066,48
07.10.2024 18:34:20.000,223.056,223.056,223.037,223.037,48
07.10.2024 18:34:22.000,223.036,223.036,223.036,223.036,12
07.10.2024 18:34:23.000,223.036,223.047,223.036,223.036,48
07.10.2024 18:34:24.000,223.036,223.037,223.036,223.037,36
07.10.2024 18:34:25.000,223.037,223.037,223.007,223.026,48
07.10.2024 18:34:26.000,223.016,223.016,223.016,223.016,12
07.10.2024 18:34:27.000,223.007,223.017,223.007,223.017,36
07.10.2024 18:34:28.000,223.006,223.006,222.996,222.997,60
07.10.2024 18:34:30.000,222.996,223.006,222.996,222.997,60
07.10.2024 18:34:31.000,222.996,223.007,222.996,222.996,36
07.10.2024 18:34:32.000,222.996,222.997,222.996,222.997,36
07.10.2024 18:34:33.000,222.986,222.987,222.976,222.987,36
07.10.2024 18:34:34.000,222.957,222.977,222.957,222.957,36
07.10.2024 18:34:35.000,222.956,222.957,222.956,222.957,24
07.10.2024 18:34:36.000,222.967,222.986,222.967,222.986,24
07.10.2024 18:34:37.000,223.007,223.007,223.007,223.007,12
07.10.2024 18:34:38.000,223.017,223.017,223.017,223.017,12
07.10.2024 18:34:40.000,223.046,223.086,223.046,223.046,96
07.10.2024 18:34:41.000,223.046,223.046,223.046,223.046,24
07.10.2024 18:34:42.000,223.037,223.037,223.026,223.026,36
07.10.2024 18:34:43.000,223.037,223.037,223.026,223.026,72
07.10.2024 18:34:44.000,223.046,223.046,223.046,223.046,24
07.10.2024 18:34:46.000,223.046,223.047,223.046,223.047,48
07.10.2024 18:34:47.000,223.046,223.046,223.046,223.046,12
07.10.2024 18:34:48.000,223.056,223.056,223.046,223.046,24
07.10.2024 18:34:49.000,223.047,223.067,223.046,223.057,60
07.10.2024 18:34:50.000,223.056,223.057,223.056,223.057,24
07.10.2024 18:34:51.000,223.057,223.057,223.057,223.057,12
07.10.2024 18:34:53.000,223.007,223.007,222.976,222.976,48
07.10.2024 18:34:54.000,222.987,222.996,222.987,222.996,24
07.10.2024 18:34:55.000,222.987,223.006,222.987,222.996,48
07.10.2024 18:34:56.000,222.997,222.997,222.986,222.986,72
07.10.2024 18:34:57.000,223.007,223.016,222.996,222.997,48
07.10.2024 18:34:58.000,223.007,223.007,223.007,223.007,12
07.10.2024 18:34:59.000,222.986,222.986,222.986,222.986,12
07.10.2024 18:35:00.000,222.976,222.976,222.947,222.947,60
07.10.2024 18:35:01.000,222.946,222.946,222.926,222.937,84.00000000000001
07.10.2024 18:35:02.000,222.947,222.967,222.937,222.967,72
07.10.2024 18:35:03.000,222.956,222.956,222.956,222.956,12
07.10.2024 18:35:04.000,222.936,222.936,222.936,222.936,24
07.10.2024 18:35:05.000,222.927,222.927,222.926,222.926,36
07.10.2024 18:35:06.000,222.946,222.946,222.936,222.946,36
07.10.2024 18:35:07.000,222.966,222.987,222.966,222.987,48
07.10.2024 18:35:08.000,223.007,223.007,222.996,222.996,36
07.10.2024 18:35:09.000,223.007,223.007,222.986,222.987,48
07.10.2024 18:35:11.000,222.996,223.006,222.996,222.996,36
07.10.2024 18:35:12.000,223.007,223.007,222.996,222.996,24
07.10.2024 18:35:13.000,222.996,222.996,222.977,222.996,60
07.10.2024 18:35:15.000,223.017,223.017,222.997,223.006,36
07.10.2024 18:35:16.000,222.997,222.997,222.997,222.997,12
07.10.2024 18:35:20.000,223.026,223.026,223.026,223.026,12
07.10.2024 18:35:22.000,222.997,222.997,222.986,222.986,36
07.10.2024 18:35:23.000,223.006,223.006,223.006,223.006,12
07.10.2024 18:35:24.000,222.986,222.987,222.986,222.987,24
07.10.2024 18:35:25.000,222.997,222.997,222.986,222.986,24
07.10.2024 18:35:28.000,222.997,222.997,222.997,222.997,12
07.10.2024 18:35:30.000,223.007,223.007,222.966,222.966,36
07.10.2024 18:35:31.000,222.957,222.957,222.956,222.956,24
07.10.2024 18:35:32.000,222.936,222.936,222.936,222.936,12
07.10.2024 18:35:33.000,222.936,222.957,222.936,222.957,24
07.10.2024 18:35:34.000,222.947,222.947,222.936,222.936,24
07.10.2024 18:35:35.000,222.906,222.917,222.896,222.916,48
07.10.2024 18:35:36.000,222.907,222.917,222.907,222.917,36
07.10.2024 18:35:37.000,222.907,222.946,222.907,222.927,36
07.10.2024 18:35:38.000,222.916,222.916,222.906,222.906,24
07.10.2024 18:35:39.000,222.917,222.917,222.907,222.907,24
07.10.2024 18:35:40.000,222.916,222.927,222.907,222.907,36
07.10.2024 18:35:41.000,222.897,222.897,222.897,222.897,12
07.10.2024 18:35:42.000,222.877,222.877,222.866,222.866,36
07.10.2024 18:35:43.000,222.877,222.877,222.856,222.856,36
07.10.2024 18:35:45.000,222.866,222.896,222.866,222.896,36
07.10.2024 18:35:46.000,222.907,222.907,222.907,222.907,12
07.10.2024 18:35:47.000,222.916,222.917,222.906,222.907,72
07.10.2024 18:35:48.000,222.907,222.907,222.907,222.907,24
07.10.2024 18:35:49.000,222.896,222.896,222.896,222.896,12
07.10.2024 18:35:50.000,222.886,222.887,222.886,222.886,36
07.10.2024 18:35:51.000,222.876,222.877,222.876,222.877,24
07.10.2024 18:35:52.000,222.867,222.867,222.867,222.867,12
07.10.2024 18:35:53.000,222.867,222.867,222.856,222.856,24
07.10.2024 18:35:54.000,222.827,222.846,222.827,222.846,36
07.10.2024 18:35:55.000,222.857,222.857,222.837,222.837,48
07.10.2024 18:35:57.000,222.826,222.827,222.826,222.827,24
07.10.2024 18:35:58.000,222.806,222.806,222.806,222.806,12
07.10.2024 18:35:59.000,222.816,222.816,222.807,222.807,36
07.10.2024 18:36:00.000,222.816,222.816,222.787,222.787,60
07.10.2024 18:36:01.000,222.777,222.796,222.776,222.796,48
07.10.2024 18:36:02.000,222.806,222.807,222.797,222.807,36
07.10.2024 18:36:04.000,222.796,222.796,222.786,222.786,24
07.10.2024 18:36:05.000,222.776,222.776,222.776,222.776,12
07.10.2024 18:36:06.000,222.767,222.767,222.757,222.766,36
07.10.2024 18:36:07.000,222.756,222.766,222.756,222.757,36
07.10.2024 18:36:08.000,222.766,222.787,222.766,222.787,48
07.10.2024 18:36:09.000,222.787,222.787,222.787,222.787,12
07.10.2024 18:36:11.000,222.786,222.786,222.786,222.786,12
07.10.2024 18:36:14.000,222.797,222.797,222.797,222.797,12
07.10.2024 18:36:15.000,222.806,222.817,222.806,222.817,24
07.10.2024 18:36:16.000,222.826,222.826,222.826,222.826,12
07.10.2024 18:36:17.000,222.846,222.846,222.846,222.846,12
07.10.2024 18:36:18.000,222.857,222.857,222.856,222.856,24
07.10.2024 18:36:19.000,222.866,222.916,222.866,222.916,48
07.10.2024 18:36:20.000,222.926,222.927,222.926,222.926,36
07.10.2024 18:36:21.000,222.896,222.947,222.896,222.947,48
07.10.2024 18:36:22.000,222.956,222.956,222.936,222.936,24
07.10.2024 18:36:23.000,222.956,222.967,222.956,222.967,24
07.10.2024 18:36:24.000,222.957,222.957,222.957,222.957,12
07.10.2024 18:36:25.000,222.967,222.967,222.966,222.966,24
07.10.2024 18:36:26.000,222.956,222.956,222.956,222.956,12
07.10.2024 18:36:27.000,222.996,223.007,222.996,222.997,60
07.10.2024 18:36:28.000,222.987,222.987,222.966,222.966,36
07.10.2024 18:36:30.000,222.947,222.947,222.947,222.947,12
07.10.2024 18:36:31.000,222.936,222.936,222.936,222.936,24
07.10.2024 18:36:32.000,222.967,222.967,222.947,222.947,24
07.10.2024 18:36:33.000,222.937,222.986,222.936,222.977,119.99999999999999
07.10.2024 18:36:34.000,222.967,222.977,222.937,222.937,48
07.10.2024 18:36:36.000,222.936,222.937,222.936,222.937,36
07.10.2024 18:36:37.000,222.957,222.957,222.957,222.957,12
07.10.2024 18:36:38.000,222.937,222.956,222.937,222.937,48
07.10.2024 18:36:40.000,222.947,222.967,222.936,222.937,72
07.10.2024 18:36:42.000,222.947,222.947,222.947,222.947,24
07.10.2024 18:36:43.000,222.936,222.937,222.936,222.936,36
07.10.2024 18:36:44.000,222.946,222.987,222.946,222.987,36
07.10.2024 18:36:45.000,222.976,222.996,222.976,222.996,24
07.10.2024 18:36:46.000,223.016,223.016,223.007,223.007,24
07.10.2024 18:36:47.000,222.997,222.997,222.986,222.986,24
07.10.2024 18:36:49.000,222.987,222.997,222.986,222.986,60
07.10.2024 18:36:51.000,223.006,223.006,222.987,222.987,24
07.10.2024 18:36:52.000,223.027,223.027,223.006,223.006,24
07.10.2024 18:36:53.000,223.037,223.096,223.037,223.096,24
07.10.2024 18:36:54.000,223.097,223.097,223.097,223.097,12
07.10.2024 18:36:55.000,223.057,223.067,223.057,223.067,24
07.10.2024 18:36:56.000,223.067,223.077,223.067,223.077,48
07.10.2024 18:36:58.000,223.056,223.057,223.047,223.047,36
07.10.2024 18:36:59.000,223.047,223.047,223.047,223.047,12
07.10.2024 18:37:00.000,223.067,223.067,223.046,223.046,36
07.10.2024 18:37:02.000,223.047,223.106,223.047,223.106,36
07.10.2024 18:37:03.000,223.107,223.107,223.056,223.056,48
07.10.2024 18:37:04.000,223.067,223.086,223.047,223.086,48
07.10.2024 18:37:05.000,223.087,223.087,223.087,223.087,12
07.10.2024 18:37:06.000,223.087,223.097,223.086,223.086,36
07.10.2024 18:37:10.000,223.086,223.086,223.086,223.086,24
07.10.2024 18:37:11.000,223.086,223.086,223.086,223.086,12
07.10.2024 18:37:12.000,223.107,223.107,223.087,223.087,36
07.10.2024 18:37:13.000,223.087,223.087,223.086,223.086,24
07.10.2024 18:37:15.000,223.116,223.116,223.076,223.076,96
07.10.2024 18:37:16.000,223.087,223.127,223.076,223.106,60
07.10.2024 18:37:17.000,223.117,223.147,223.107,223.147,48
07.10.2024 18:37:18.000,223.126,223.147,223.126,223.147,48
07.10.2024 18:37:19.000,223.096,223.096,223.086,223.086,24
07.10.2024 18:37:20.000,223.116,223.127,223.116,223.117,36
07.10.2024 18:37:21.000,223.117,223.117,223.066,223.066,24
07.10.2024 18:37:22.000,223.067,223.077,223.067,223.067,36
07.10.2024 18:37:23.000,223.076,223.096,223.066,223.096,72
07.10.2024 18:37:24.000,223.106,223.126,223.096,223.126,60
07.10.2024 18:37:28.000,223.107,223.117,223.106,223.117,36
07.10.2024 18:37:29.000,223.107,223.136,223.107,223.126,72
07.10.2024 18:37:30.000,223.106,223.107,223.077,223.077,84.00000000000001
07.10.2024 18:37:31.000,223.077,223.077,223.066,223.067,36
07.10.2024 18:37:32.000,223.067,223.087,223.067,223.067,48
07.10.2024 18:37:33.000,223.076,223.077,223.036,223.036,48
07.10.2024 18:37:35.000,223.037,223.057,223.037,223.057,36
07.10.2024 18:37:37.000,223.066,223.066,223.056,223.056,36
07.10.2024 18:37:38.000,223.056,223.056,223.046,223.046,24
07.10.2024 18:37:40.000,223.057,223.057,223.057,223.057,12
07.10.2024 18:37:41.000,223.046,223.046,223.036,223.036,24
07.10.2024 18:37:42.000,223.057,223.057,223.057,223.057,12
07.10.2024 18:37:43.000,223.027,223.036,223.027,223.036,36
07.10.2024 18:37:44.000,223.036,223.046,223.036,223.046,48
07.10.2024 18:37:45.000,223.057,223.067,223.057,223.067,24
07.10.2024 18:37:46.000,223.077,223.077,223.066,223.066,24
07.10.2024 18:37:47.000,223.077,223.097,223.077,223.097,24
07.10.2024 18:37:48.000,223.096,223.096,223.096,223.096,12
07.10.2024 18:37:49.000,223.086,223.086,223.066,223.066,36
07.10.2024 18:37:50.000,223.056,223.056,223.056,223.056,12
07.10.2024 18:37:51.000,223.057,223.076,223.056,223.056,60
07.10.2024 18:37:52.000,223.066,223.067,223.066,223.066,36
07.10.2024 18:37:53.000,223.066,223.096,223.066,223.066,36
07.10.2024 18:37:54.000,223.096,223.107,223.076,223.107,36
07.10.2024 18:37:55.000,223.087,223.107,223.087,223.087,72
07.10.2024 18:37:56.000,223.097,223.107,223.066,223.066,72
07.10.2024 18:37:57.000,223.066,223.067,223.066,223.067,24
07.10.2024 18:37:58.000,223.066,223.077,223.066,223.067,60
07.10.2024 18:37:59.000,223.056,223.067,223.056,223.067,24
07.10.2024 18:38:00.000,223.057,223.057,223.057,223.057,24
07.10.2024 18:38:01.000,223.057,223.057,223.057,223.057,12
07.10.2024 18:38:02.000,223.067,223.067,223.067,223.067,12
07.10.2024 18:38:03.000,223.067,223.067,223.067,223.067,24
07.10.2024 18:38:04.000,223.066,223.067,223.056,223.056,36
07.10.2024 18:38:05.000,223.056,223.057,223.056,223.057,36
07.10.2024 18:38:06.000,223.056,223.056,223.056,223.056,12
07.10.2024 18:38:07.000,223.067,223.077,223.067,223.067,36
07.10.2024 18:38:08.000,223.087,223.096,223.086,223.086,48
07.10.2024 18:38:09.000,223.067,223.106,223.066,223.106,48
07.10.2024 18:38:11.000,223.106,223.107,223.106,223.107,24
07.10.2024 18:38:12.000,223.117,223.177,223.117,223.176,72
07.10.2024 18:38:13.000,223.177,223.207,223.177,223.207,72
07.10.2024 18:38:14.000,223.226,223.227,223.226,223.227,36
07.10.2024 18:38:15.000,223.237,223.266,223.237,223.256,60
07.10.2024 18:38:16.000,223.227,223.286,223.216,223.286,60
07.10.2024 18:38:17.000,223.286,223.317,223.286,223.317,24
07.10.2024 18:38:18.000,223.297,223.297,223.296,223.296,24
07.10.2024 18:38:20.000,223.306,223.306,223.306,223.306,36
07.10.2024 18:38:21.000,223.307,223.307,223.296,223.296,36
07.10.2024 18:38:22.000,223.296,223.296,223.296,223.296,12
07.10.2024 18:38:23.000,223.306,223.306,223.306,223.306,12
07.10.2024 18:38:24.000,223.296,223.296,223.296,223.296,12
07.10.2024 18:38:25.000,223.297,223.297,223.297,223.297,12
07.10.2024 18:38:26.000,223.296,223.297,223.267,223.267,60
07.10.2024 18:38:28.000,223.257,223.257,223.257,223.257,12
07.10.2024 18:38:29.000,223.277,223.277,223.266,223.266,24
07.10.2024 18:38:30.000,223.257,223.277,223.257,223.277,24
07.10.2024 18:38:31.000,223.267,223.267,223.256,223.256,24
07.10.2024 18:38:32.000,223.246,223.266,223.246,223.257,48
07.10.2024 18:38:33.000,223.247,223.247,223.247,223.247,12
07.10.2024 18:38:34.000,223.237,223.237,223.237,223.237,24
07.10.2024 18:38:36.000,223.226,223.226,223.197,223.197,24
07.10.2024 18:38:38.000,223.196,223.207,223.196,223.197,60
07.10.2024 18:38:39.000,223.206,223.207,223.187,223.187,60
07.10.2024 18:38:41.000,223.186,223.206,223.186,223.206,24
07.10.2024 18:38:42.000,223.186,223.186,223.186,223.186,12
07.10.2024 18:38:43.000,223.206,223.206,223.206,223.206,12
07.10.2024 18:38:44.000,223.216,223.216,223.197,223.197,24
07.10.2024 18:38:47.000,223.186,223.187,223.186,223.187,24
07.10.2024 18:38:48.000,223.197,223.197,223.186,223.186,24
07.10.2024 18:38:50.000,223.197,223.197,223.166,223.166,48
07.10.2024 18:38:51.000,223.157,223.157,223.157,223.157,12
07.10.2024 18:38:53.000,223.147,223.147,223.136,223.137,36
07.10.2024 18:38:54.000,223.147,223.147,223.137,223.137,48
07.10.2024 18:38:55.000,223.137,223.147,223.137,223.147,24
07.10.2024 18:38:56.000,223.137,223.137,223.137,223.137,12
07.10.2024 18:38:58.000,223.136,223.136,223.136,223.136,12
07.10.2024 18:38:59.000,223.126,223.126,223.116,223.116,24
07.10.2024 18:39:00.000,223.107,223.117,223.107,223.117,48
07.10.2024 18:39:01.000,223.107,223.107,223.107,223.107,12
07.10.2024 18:39:02.000,223.096,223.096,223.096,223.096,12
07.10.2024 18:39:03.000,223.096,223.096,223.076,223.076,36
07.10.2024 18:39:04.000,223.087,223.087,223.087,223.087,12
07.10.2024 18:39:05.000,223.087,223.117,223.087,223.117,24
07.10.2024 18:39:06.000,223.087,223.087,223.087,223.087,12
07.10.2024 18:39:07.000,223.076,223.076,223.076,223.076,12
07.10.2024 18:39:08.000,223.086,223.097,223.086,223.097,36
07.10.2024 18:39:09.000,223.096,223.107,223.096,223.107,36
07.10.2024 18:39:10.000,223.096,223.096,223.096,223.096,12
07.10.2024 18:39:11.000,223.097,223.097,223.076,223.076,36
07.10.2024 18:39:12.000,223.087,223.087,223.087,223.087,12
07.10.2024 18:39:13.000,223.077,223.077,223.067,223.067,24
07.10.2024 18:39:14.000,223.077,223.086,223.066,223.066,72
07.10.2024 18:39:15.000,223.107,223.107,223.086,223.086,48
07.10.2024 18:39:16.000,223.097,223.097,223.097,223.097,12
07.10.2024 18:39:17.000,223.086,223.086,223.086,223.086,12
07.10.2024 18:39:18.000,223.106,223.106,223.086,223.086,24
07.10.2024 18:39:19.000,223.107,223.107,223.096,223.096,24
07.10.2024 18:39:20.000,223.126,223.126,223.126,223.126,12
07.10.2024 18:39:21.000,223.127,223.127,223.096,223.106,48
07.10.2024 18:39:22.000,223.106,223.106,223.106,223.106,12
07.10.2024 18:39:24.000,223.097,223.097,223.097,223.097,12
07.10.2024 18:39:26.000,223.107,223.107,223.097,223.097,24
07.10.2024 18:39:28.000,223.076,223.076,223.076,223.076,12
07.10.2024 18:39:29.000,223.067,223.067,223.067,223.067,12
07.10.2024 18:39:30.000,223.057,223.057,223.036,223.036,36
07.10.2024 18:39:31.000,223.057,223.057,223.057,223.057,12
07.10.2024 18:39:32.000,223.037,223.037,223.037,223.037,24
07.10.2024 18:39:34.000,223.017,223.036,223.017,223.036,24
07.10.2024 18:39:35.000,223.027,223.027,223.016,223.016,24
07.10.2024 18:39:39.000,223.016,223.016,223.016,223.016,12
07.10.2024 18:39:40.000,222.996,222.996,222.996,222.996,12
07.10.2024 18:39:41.000,222.986,222.986,222.966,222.966,48
07.10.2024 18:39:42.000,222.957,222.957,222.956,222.956,48
07.10.2024 18:39:43.000,222.966,222.966,222.957,222.957,36
07.10.2024 18:39:44.000,222.957,222.976,222.957,222.976,24
07.10.2024 18:39:45.000,222.966,222.976,222.966,222.976,48
07.10.2024 18:39:46.000,222.976,223.016,222.976,223.016,72
07.10.2024 18:39:47.000,223.007,223.017,223.007,223.017,36
07.10.2024 18:39:49.000,223.036,223.036,223.036,223.036,12
07.10.2024 18:39:53.000,223.016,223.016,223.006,223.006,24
07.10.2024 18:39:54.000,222.996,222.997,222.996,222.997,36
07.10.2024 18:39:55.000,222.996,222.996,222.996,222.996,12
07.10.2024 18:39:56.000,222.996,222.996,222.987,222.987,24
07.10.2024 18:39:57.000,222.976,222.976,222.967,222.967,24
07.10.2024 18:39:59.000,222.966,222.966,222.957,222.957,24
07.10.2024 18:40:00.000,222.926,222.926,222.926,222.926,12
07.10.2024 18:40:02.000,222.946,222.976,222.937,222.976,60
07.10.2024 18:40:03.000,222.967,222.977,222.967,222.977,24
07.10.2024 18:40:04.000,222.966,222.966,222.966,222.966,12
07.10.2024 18:40:05.000,222.966,222.966,222.966,222.966,36
07.10.2024 18:40:06.000,222.976,222.986,222.976,222.986,24
07.10.2024 18:40:07.000,222.997,222.997,222.997,222.997,12
07.10.2024 18:40:09.000,222.996,222.996,222.996,222.996,12
07.10.2024 18:40:10.000,223.037,223.037,223.037,223.037,24
07.10.2024 18:40:11.000,222.997,222.997,222.997,222.997,24
07.10.2024 18:40:12.000,222.997,223.007,222.997,223.007,48
07.10.2024 18:40:13.000,223.007,223.007,223.007,223.007,12
07.10.2024 18:40:14.000,223.016,223.037,223.016,223.037,36
07.10.2024 18:40:15.000,223.036,223.067,223.036,223.066,48
07.10.2024 18:40:19.000,223.077,223.096,223.077,223.096,24
07.10.2024 18:40:20.000,223.097,223.106,223.097,223.097,36
07.10.2024 18:40:21.000,223.077,223.097,223.077,223.097,36
07.10.2024 18:40:22.000,223.087,223.116,223.086,223.116,36
07.10.2024 18:40:23.000,223.146,223.146,223.096,223.096,48
07.10.2024 18:40:25.000,223.107,223.107,223.107,223.107,12
07.10.2024 18:40:26.000,223.106,223.106,223.096,223.106,36
07.10.2024 18:40:27.000,223.086,223.086,223.077,223.077,48
07.10.2024 18:40:28.000,223.076,223.086,223.076,223.086,60
07.10.2024 18:40:29.000,223.076,223.116,223.076,223.087,60
07.10.2024 18:40:30.000,223.086,223.116,223.086,223.116,24
07.10.2024 18:40:33.000,223.106,223.106,223.067,223.077,48
07.10.2024 18:40:34.000,223.076,223.076,223.076,223.076,12
07.10.2024 18:40:35.000,223.076,223.077,223.076,223.076,36
07.10.2024 18:40:36.000,223.076,223.076,223.076,223.076,12
07.10.2024 18:40:37.000,223.077,223.077,223.077,223.077,12
07.10.2024 18:40:38.000,223.077,223.077,223.076,223.077,48
07.10.2024 18:40:39.000,223.096,223.096,223.096,223.096,12
07.10.2024 18:40:40.000,223.096,223.097,223.086,223.087,48
07.10.2024 18:40:41.000,223.086,223.086,223.077,223.077,24
07.10.2024 18:40:43.000,223.067,223.067,223.037,223.037,24
07.10.2024 18:40:46.000,223.057,223.057,223.056,223.056,24
07.10.2024 18:40:47.000,223.067,223.067,223.057,223.057,24
07.10.2024 18:40:48.000,223.046,223.046,223.046,223.046,24
07.10.2024 18:40:49.000,223.057,223.066,223.057,223.066,24
07.10.2024 18:40:50.000,223.057,223.057,223.057,223.057,12
07.10.2024 18:40:52.000,223.067,223.067,223.067,223.067,12
07.10.2024 18:40:54.000,223.056,223.057,223.056,223.057,24
07.10.2024 18:40:55.000,223.066,223.066,223.066,223.066,12
07.10.2024 18:40:58.000,223.086,223.086,223.077,223.086,36
07.10.2024 18:41:00.000,223.097,223.107,223.097,223.107,24
07.10.2024 18:41:01.000,223.117,223.136,223.117,223.136,24
07.10.2024 18:41:02.000,223.127,223.127,223.116,223.126,36
07.10.2024 18:41:03.000,223.137,223.137,223.137,223.137,12
07.10.2024 18:41:04.000,223.147,223.147,223.136,223.146,36
07.10.2024 18:41:05.000,223.177,223.206,223.177,223.206,72
07.10.2024 18:41:06.000,223.226,223.257,223.226,223.257,24
07.10.2024 18:41:07.000,223.247,223.247,223.237,223.237,36
07.10.2024 18:41:08.000,223.247,223.247,223.236,223.246,36
07.10.2024 18:41:09.000,223.237,223.237,223.226,223.226,24
07.10.2024 18:41:10.000,223.236,223.236,223.236,223.236,12
07.10.2024 18:41:14.000,223.257,223.267,223.256,223.257,72
07.10.2024 18:41:15.000,223.246,223.246,223.246,223.246,12
07.10.2024 18:41:16.000,223.236,223.236,223.236,223.236,12
07.10.2024 18:41:17.000,223.237,223.247,223.237,223.247,24
07.10.2024 18:41:18.000,223.237,223.237,223.237,223.237,12
07.10.2024 18:41:19.000,223.236,223.236,223.236,223.236,12
07.10.2024 18:41:20.000,223.246,223.246,223.246,223.246,12
07.10.2024 18:41:22.000,223.257,223.257,223.257,223.257,12
07.10.2024 18:41:24.000,223.256,223.256,223.236,223.236,24
07.10.2024 18:41:26.000,223.207,223.246,223.207,223.236,48
07.10.2024 18:41:27.000,223.247,223.247,223.247,223.247,12
07.10.2024 18:41:28.000,223.247,223.247,223.247,223.247,12
07.10.2024 18:41:29.000,223.247,223.247,223.227,223.227,24
07.10.2024 18:41:30.000,223.216,223.216,223.216,223.216,12
07.10.2024 18:41:31.000,223.206,223.206,223.196,223.196,24
07.10.2024 18:41:32.000,223.216,223.227,223.196,223.227,36
07.10.2024 18:41:34.000,223.217,223.217,223.206,223.217,60
07.10.2024 18:41:35.000,223.227,223.227,223.207,223.207,48
07.10.2024 18:41:36.000,223.197,223.197,223.166,223.166,36
07.10.2024 18:41:37.000,223.157,223.157,223.156,223.156,24
07.10.2024 18:41:38.000,223.157,223.157,223.137,223.147,72
07.10.2024 18:41:39.000,223.146,223.147,223.146,223.147,24
07.10.2024 18:41:40.000,223.157,223.167,223.147,223.167,36
07.10.2024 18:41:41.000,223.157,223.157,223.157,223.157,12
07.10.2024 18:41:42.000,223.166,223.166,223.156,223.156,24
07.10.2024 18:41:43.000,223.167,223.167,223.146,223.146,24
07.10.2024 18:41:44.000,223.157,223.167,223.147,223.147,36
07.10.2024 18:41:45.000,223.147,223.147,223.147,223.147,12
07.10.2024 18:41:46.000,223.156,223.156,223.156,223.156,24
07.10.2024 18:41:49.000,223.146,223.157,223.146,223.157,48
07.10.2024 18:41:50.000,223.157,223.157,223.156,223.156,24
07.10.2024 18:41:51.000,223.157,223.157,223.157,223.157,24
07.10.2024 18:41:52.000,223.166,223.166,223.166,223.166,12
07.10.2024 18:41:55.000,223.157,223.157,223.157,223.157,12
07.10.2024 18:41:56.000,223.157,223.167,223.157,223.167,36
07.10.2024 18:41:58.000,223.176,223.176,223.176,223.176,12
07.10.2024 18:42:01.000,223.176,223.176,223.176,223.176,12
07.10.2024 18:42:02.000,223.177,223.177,223.176,223.177,36
07.10.2024 18:42:03.000,223.187,223.187,223.186,223.186,24
07.10.2024 18:42:04.000,223.176,223.176,223.176,223.176,36
07.10.2024 18:42:05.000,223.196,223.206,223.196,223.206,60
07.10.2024 18:42:06.000,223.216,223.216,223.207,223.207,24
07.10.2024 18:42:07.000,223.197,223.197,223.197,223.197,12
07.10.2024 18:42:10.000,223.196,223.207,223.186,223.186,48
07.10.2024 18:42:11.000,223.197,223.216,223.196,223.196,36
07.10.2024 18:42:13.000,223.197,223.197,223.186,223.186,48
07.10.2024 18:42:15.000,223.197,223.197,223.186,223.186,24
07.10.2024 18:42:16.000,223.186,223.186,223.186,223.186,12
07.10.2024 18:42:17.000,223.216,223.216,223.196,223.196,36
07.10.2024 18:42:18.000,223.206,223.206,223.206,223.206,12
07.10.2024 18:42:19.000,223.206,223.206,223.206,223.206,12
07.10.2024 18:42:22.000,223.207,223.207,223.207,223.207,12
07.10.2024 18:42:23.000,223.176,223.176,223.167,223.167,24
07.10.2024 18:42:24.000,223.177,223.177,223.177,223.177,12
07.10.2024 18:42:25.000,223.196,223.196,223.176,223.176,24
07.10.2024 18:42:26.000,223.196,223.206,223.177,223.186,48
07.10.2024 18:42:27.000,223.186,223.186,223.176,223.176,24
07.10.2024 18:42:28.000,223.167,223.167,223.166,223.166,24
07.10.2024 18:42:29.000,223.177,223.186,223.177,223.177,48
07.10.2024 18:42:30.000,223.187,223.187,223.156,223.156,48
07.10.2024 18:42:31.000,223.156,223.156,223.156,223.156,12
07.10.2024 18:42:32.000,223.146,223.157,223.146,223.156,48
07.10.2024 18:42:33.000,223.146,223.146,223.146,223.146,12
07.10.2024 18:42:34.000,223.147,223.147,223.147,223.147,12
07.10.2024 18:42:35.000,223.126,223.127,223.126,223.127,36
07.10.2024 18:42:36.000,223.127,223.146,223.126,223.146,36
07.10.2024 18:42:40.000,223.147,223.147,223.147,223.147,12
07.10.2024 18:42:41.000,223.136,223.136,223.127,223.127,24
07.10.2024 18:42:42.000,223.127,223.127,223.127,223.127,24
07.10.2024 18:42:43.000,223.117,223.117,223.117,223.117,12
07.10.2024 18:42:44.000,223.126,223.127,223.116,223.116,36
07.10.2024 18:42:45.000,223.126,223.126,223.126,223.126,12
07.10.2024 18:42:46.000,223.117,223.117,223.096,223.097,60
07.10.2024 18:42:47.000,223.107,223.126,223.107,223.116,48
07.10.2024 18:42:48.000,223.116,223.117,223.116,223.117,24
07.10.2024 18:42:49.000,223.116,223.147,223.116,223.126,36
07.10.2024 18:42:50.000,223.146,223.146,223.126,223.126,24
07.10.2024 18:42:51.000,223.116,223.116,223.116,223.116,12
07.10.2024 18:42:52.000,223.156,223.156,223.116,223.116,48
07.10.2024 18:42:53.000,223.126,223.157,223.126,223.136,36
07.10.2024 18:42:54.000,223.157,223.177,223.157,223.166,48
07.10.2024 18:42:55.000,223.156,223.156,223.136,223.136,24
07.10.2024 18:42:56.000,223.147,223.147,223.147,223.147,12
07.10.2024 18:42:57.000,223.157,223.187,223.157,223.166,36
07.10.2024 18:42:58.000,223.166,223.167,223.166,223.167,24
07.10.2024 18:43:00.000,223.157,223.187,223.147,223.167,72
07.10.2024 18:43:01.000,223.166,223.197,223.166,223.166,48
07.10.2024 18:43:02.000,223.147,223.147,223.146,223.146,24
07.10.2024 18:43:03.000,223.146,223.147,223.146,223.147,24
07.10.2024 18:43:04.000,223.157,223.157,223.157,223.157,12
07.10.2024 18:43:05.000,223.166,223.167,223.156,223.156,36
07.10.2024 18:43:06.000,223.167,223.167,223.167,223.167,12
07.10.2024 18:43:07.000,223.156,223.186,223.156,223.167,72
07.10.2024 18:43:08.000,223.156,223.186,223.156,223.186,24
07.10.2024 18:43:09.000,223.166,223.197,223.166,223.166,48
07.10.2024 18:43:10.000,223.197,223.206,223.186,223.196,48
07.10.2024 18:43:12.000,223.207,223.207,223.196,223.196,24
07.10.2024 18:43:13.000,223.217,223.217,223.196,223.197,60
07.10.2024 18:43:14.000,223.217,223.236,223.216,223.227,60
07.10.2024 18:43:15.000,223.246,223.247,223.226,223.226,48
07.10.2024 18:43:16.000,223.216,223.216,223.216,223.216,12
07.10.2024 18:43:19.000,223.206,223.207,223.197,223.207,48
07.10.2024 18:43:20.000,223.197,223.217,223.196,223.217,60
07.10.2024 18:43:22.000,223.237,223.256,223.236,223.256,60
07.10.2024 18:43:23.000,223.246,223.256,223.246,223.256,24
07.10.2024 18:43:24.000,223.266,223.266,223.246,223.246,36
07.10.2024 18:43:26.000,223.257,223.267,223.257,223.267,48
07.10.2024 18:43:27.000,223.277,223.296,223.277,223.296,36
07.10.2024 18:43:28.000,223.307,223.307,223.306,223.306,24
07.10.2024 18:43:29.000,223.287,223.287,223.287,223.287,12
07.10.2024 18:43:30.000,223.287,223.306,223.287,223.306,36
07.10.2024 18:43:31.000,223.286,223.286,223.266,223.266,24
07.10.2024 18:43:34.000,223.266,223.267,223.266,223.267,48
07.10.2024 18:43:36.000,223.276,223.276,223.266,223.266,24
07.10.2024 18:43:37.000,223.276,223.276,223.276,223.276,12
07.10.2024 18:43:38.000,223.286,223.296,223.286,223.296,24
07.10.2024 18:43:40.000,223.297,223.297,223.297,223.297,12
07.10.2024 18:43:41.000,223.266,223.266,223.247,223.247,36
07.10.2024 18:43:42.000,223.247,223.247,223.236,223.236,48
07.10.2024 18:43:43.000,223.246,223.246,223.237,223.237,24
07.10.2024 18:43:44.000,223.246,223.246,223.246,223.246,12
07.10.2024 18:43:46.000,223.216,223.216,223.207,223.207,24
07.10.2024 18:43:49.000,223.197,223.197,223.156,223.166,48
07.10.2024 18:43:50.000,223.157,223.187,223.157,223.186,60
07.10.2024 18:43:51.000,223.176,223.186,223.176,223.186,24
07.10.2024 18:43:52.000,223.176,223.177,223.176,223.177,36
07.10.2024 18:43:53.000,223.167,223.186,223.167,223.186,60
07.10.2024 18:43:54.000,223.196,223.196,223.196,223.196,12
07.10.2024 18:43:55.000,223.207,223.237,223.207,223.237,60
07.10.2024 18:43:56.000,223.247,223.247,223.246,223.246,24
07.10.2024 18:43:57.000,223.247,223.266,223.247,223.266,36
07.10.2024 18:43:58.000,223.246,223.247,223.246,223.247,24
07.10.2024 18:43:59.000,223.256,223.256,223.246,223.246,24
07.10.2024 18:44:00.000,223.247,223.256,223.247,223.256,24
07.10.2024 18:44:01.000,223.276,223.286,223.276,223.286,36
07.10.2024 18:44:02.000,223.286,223.286,223.247,223.267,36
07.10.2024 18:44:03.000,223.266,223.267,223.266,223.267,24
07.10.2024 18:44:06.000,223.267,223.267,223.236,223.236,24
07.10.2024 18:44:08.000,223.207,223.207,223.207,223.207,24
07.10.2024 18:44:09.000,223.207,223.236,223.207,223.226,48
07.10.2024 18:44:10.000,223.237,223.247,223.227,223.227,60
07.10.2024 18:44:11.000,223.236,223.247,223.236,223.237,36
07.10.2024 18:44:12.000,223.236,223.236,223.236,223.236,12
07.10.2024 18:44:16.000,223.236,223.236,223.236,223.236,12
07.10.2024 18:44:18.000,223.226,223.226,223.226,223.226,12
07.10.2024 18:44:19.000,223.227,223.247,223.226,223.226,36
07.10.2024 18:44:20.000,223.256,223.256,223.247,223.247,24
07.10.2024 18:44:21.000,223.256,223.256,223.247,223.247,24
07.10.2024 18:44:22.000,223.256,223.267,223.246,223.257,60
07.10.2024 18:44:23.000,223.246,223.246,223.246,223.246,12
07.10.2024 18:44:26.000,223.257,223.257,223.246,223.247,84.00000000000001
07.10.2024 18:44:27.000,223.237,223.237,223.216,223.216,36
07.10.2024 18:44:28.000,223.206,223.207,223.196,223.197,48
07.10.2024 18:44:29.000,223.186,223.186,223.167,223.176,36
07.10.2024 18:44:30.000,223.196,223.196,223.146,223.177,96
07.10.2024 18:44:31.000,223.187,223.187,223.176,223.177,72
07.10.2024 18:44:32.000,223.186,223.186,223.186,223.186,12
07.10.2024 18:44:33.000,223.166,223.166,223.157,223.157,24
07.10.2024 18:44:34.000,223.176,223.176,223.136,223.136,72
07.10.2024 18:44:35.000,223.146,223.156,223.146,223.156,24
07.10.2024 18:44:37.000,223.147,223.147,223.136,223.136,24
07.10.2024 18:44:38.000,223.117,223.127,223.097,223.097,84.00000000000001
07.10.2024 18:44:39.000,223.117,223.127,223.117,223.127,24
07.10.2024 18:44:40.000,223.117,223.126,223.117,223.126,36
07.10.2024 18:44:41.000,223.116,223.116,223.106,223.106,36
07.10.2024 18:44:42.000,223.096,223.097,223.076,223.086,60
07.10.2024 18:44:43.000,223.097,223.097,223.097,223.097,12
07.10.2024 18:44:44.000,223.106,223.116,223.096,223.107,48
07.10.2024 18:44:45.000,223.117,223.117,223.117,223.117,12
07.10.2024 18:44:46.000,223.107,223.107,223.107,223.107,12
07.10.2024 18:44:47.000,223.096,223.096,223.096,223.096,12
07.10.2024 18:44:49.000,223.076,223.076,223.076,223.076,12
07.10.2024 18:44:50.000,223.076,223.077,223.056,223.076,96
07.10.2024 18:44:51.000,223.066,223.077,223.066,223.077,24
07.10.2024 18:44:52.000,223.067,223.087,223.066,223.086,72
07.10.2024 18:44:53.000,223.076,223.076,223.076,223.076,12
07.10.2024 18:44:54.000,223.066,223.066,223.057,223.057,24
07.10.2024 18:44:55.000,223.057,223.057,223.046,223.057,60
07.10.2024 18:44:56.000,223.067,223.097,223.067,223.097,36
07.10.2024 18:44:57.000,223.057,223.067,223.047,223.047,60
07.10.2024 18:44:58.000,223.046,223.047,223.036,223.047,60
07.10.2024 18:45:00.000,223.056,223.077,223.056,223.056,60
07.10.2024 18:45:01.000,223.056,223.056,223.036,223.046,108
07.10.2024 18:45:02.000,223.057,223.057,223.037,223.047,72
07.10.2024 18:45:03.000,223.036,223.036,223.016,223.036,72
07.10.2024 18:45:04.000,223.046,223.066,223.046,223.066,48
07.10.2024 18:45:05.000,223.057,223.057,223.057,223.057,36
07.10.2024 18:45:06.000,223.057,223.057,223.057,223.057,24
07.10.2024 18:45:07.000,223.026,223.026,223.006,223.017,60
07.10.2024 18:45:08.000,223.017,223.036,223.007,223.036,60
07.10.2024 18:45:09.000,223.027,223.027,223.026,223.027,48
07.10.2024 18:45:10.000,223.006,223.026,223.006,223.026,60
07.10.2024 18:45:11.000,223.016,223.016,222.996,223.016,60
07.10.2024 18:45:12.000,223.027,223.036,223.027,223.036,36
07.10.2024 18:45:13.000,223.047,223.067,223.047,223.056,48
07.10.2024 18:45:15.000,223.066,223.066,223.057,223.057,24
07.10.2024 18:45:17.000,223.076,223.077,223.076,223.077,24
07.10.2024 18:45:18.000,223.057,223.057,223.036,223.036,24
07.10.2024 18:45:19.000,223.026,223.026,223.026,223.026,12
07.10.2024 18:45:20.000,223.027,223.027,223.027,223.027,24
07.10.2024 18:45:21.000,223.016,223.027,223.016,223.017,36
07.10.2024 18:45:22.000,223.017,223.017,223.016,223.016,24
07.10.2024 18:45:23.000,223.016,223.037,223.006,223.036,48
07.10.2024 18:45:24.000,223.026,223.026,223.017,223.017,24
07.10.2024 18:45:25.000,223.006,223.017,222.996,222.996,48
07.10.2024 18:45:26.000,222.996,223.007,222.996,223.007,36
07.10.2024 18:45:27.000,223.007,223.016,223.006,223.006,48
07.10.2024 18:45:28.000,223.016,223.016,223.007,223.007,24
07.10.2024 18:45:29.000,223.007,223.017,223.007,223.016,36
07.10.2024 18:45:30.000,223.027,223.027,223.016,223.016,24
07.10.2024 18:45:31.000,223.016,223.027,223.016,223.027,24
07.10.2024 18:45:32.000,223.036,223.046,223.036,223.046,36
07.10.2024 18:45:33.000,223.056,223.056,223.056,223.056,24
07.10.2024 18:45:34.000,223.047,223.057,223.047,223.057,24
07.10.2024 18:45:35.000,223.067,223.067,223.046,223.067,36
07.10.2024 18:45:36.000,223.067,223.067,223.056,223.066,36
07.10.2024 18:45:37.000,223.086,223.106,223.066,223.097,48
07.10.2024 18:45:38.000,223.106,223.106,223.097,223.097,24
07.10.2024 18:45:40.000,223.106,223.106,223.106,223.106,24
07.10.2024 18:45:41.000,223.126,223.126,223.107,223.107,24
07.10.2024 18:45:42.000,223.096,223.096,223.096,223.096,12
07.10.2024 18:45:43.000,223.106,223.106,223.106,223.106,12
07.10.2024 18:45:44.000,223.096,223.096,223.096,223.096,24
07.10.2024 18:45:45.000,223.096,223.096,223.096,223.096,12
07.10.2024 18:45:46.000,223.087,223.087,223.066,223.087,84.00000000000001
07.10.2024 18:45:47.000,223.067,223.067,223.067,223.067,12
07.10.2024 18:45:48.000,223.066,223.066,223.066,223.066,48
07.10.2024 18:45:49.000,223.066,223.066,223.066,223.066,12
07.10.2024 18:45:50.000,223.067,223.067,223.067,223.067,24
07.10.2024 18:45:52.000,223.066,223.066,223.066,223.066,12
07.10.2024 18:45:53.000,223.087,223.087,223.077,223.077,24
07.10.2024 18:45:54.000,223.067,223.067,223.067,223.067,12
07.10.2024 18:45:55.000,223.086,223.086,223.086,223.086,12
07.10.2024 18:45:56.000,223.107,223.107,223.107,223.107,24
07.10.2024 18:45:58.000,223.106,223.107,223.097,223.097,48
07.10.2024 18:45:59.000,223.096,223.117,223.096,223.097,60
07.10.2024 18:46:00.000,223.096,223.096,223.046,223.046,84.00000000000001
07.10.2024 18:46:01.000,223.036,223.036,223.026,223.036,72
07.10.2024 18:46:02.000,223.047,223.047,223.026,223.027,84.00000000000001
07.10.2024 18:46:03.000,223.016,223.027,223.016,223.027,24
07.10.2024 18:46:04.000,223.027,223.027,222.967,222.976,60
07.10.2024 18:46:05.000,222.936,222.936,222.917,222.926,119.99999999999999
07.10.2024 18:46:06.000,222.917,222.926,222.916,222.916,36
07.10.2024 18:46:07.000,222.896,222.896,222.886,222.886,36
07.10.2024 18:46:08.000,222.886,222.887,222.876,222.887,36
07.10.2024 18:46:09.000,222.897,222.897,222.886,222.886,36
07.10.2024 18:46:10.000,222.896,222.896,222.876,222.876,72
07.10.2024 18:46:11.000,222.877,222.887,222.876,222.876,60
07.10.2024 18:46:12.000,222.887,222.887,222.886,222.886,48
07.10.2024 18:46:13.000,222.906,222.927,222.906,222.927,36
07.10.2024 18:46:14.000,222.927,222.927,222.927,222.927,36
07.10.2024 18:46:15.000,222.947,222.967,222.946,222.947,84.00000000000001
07.10.2024 18:46:16.000,222.957,222.957,222.946,222.946,36
07.10.2024 18:46:17.000,222.957,222.957,222.946,222.946,36
07.10.2024 18:46:18.000,222.936,222.936,222.927,222.927,60
07.10.2024 18:46:19.000,222.936,222.947,222.917,222.937,131.99999999999997
07.10.2024 18:46:20.000,222.967,222.967,222.937,222.937,60
07.10.2024 18:46:21.000,222.946,222.956,222.946,222.956,24
07.10.2024 18:46:22.000,222.947,222.947,222.947,222.947,12
07.10.2024 18:46:23.000,222.956,222.987,222.956,222.987,60
07.10.2024 18:46:24.000,223.007,223.007,223.007,223.007,12
07.10.2024 18:46:25.000,223.016,223.017,223.016,223.017,24
07.10.2024 18:46:26.000,223.017,223.017,223.007,223.007,24
07.10.2024 18:46:27.000,222.996,222.997,222.967,222.967,60
07.10.2024 18:46:28.000,222.966,222.966,222.966,222.966,12
07.10.2024 18:46:29.000,222.946,222.957,222.937,222.937,48
07.10.2024 18:46:30.000,222.927,222.927,222.927,222.927,12
07.10.2024 18:46:31.000,222.937,222.947,222.936,222.936,60
07.10.2024 18:46:32.000,222.936,222.937,222.936,222.937,36
07.10.2024 18:46:33.000,222.936,222.966,222.936,222.957,72
07.10.2024 18:46:34.000,222.946,222.957,222.946,222.957,24
07.10.2024 18:46:36.000,222.947,222.947,222.897,222.897,48
07.10.2024 18:46:38.000,222.877,222.877,222.876,222.876,36
07.10.2024 18:46:39.000,222.887,222.887,222.876,222.876,24
07.10.2024 18:46:40.000,222.867,222.886,222.867,222.886,24
07.10.2024 18:46:41.000,222.897,222.907,222.897,222.906,48
07.10.2024 18:46:42.000,222.897,222.897,222.877,222.896,48
07.10.2024 18:46:43.000,222.906,222.907,222.906,222.906,72
07.10.2024 18:46:44.000,222.886,222.896,222.886,222.896,24
07.10.2024 18:46:45.000,222.896,222.897,222.886,222.886,48
07.10.2024 18:46:46.000,222.866,222.866,222.847,222.847,36
07.10.2024 18:46:47.000,222.856,222.856,222.846,222.846,24
07.10.2024 18:46:48.000,222.836,222.847,222.836,222.847,24
07.10.2024 18:46:49.000,222.867,222.867,222.856,222.856,36
07.10.2024 18:46:50.000,222.857,222.896,222.857,222.876,72
07.10.2024 18:46:51.000,222.877,222.907,222.877,222.877,72
07.10.2024 18:46:52.000,222.877,222.877,222.877,222.877,12
07.10.2024 18:46:53.000,222.897,222.897,222.886,222.886,24
07.10.2024 18:46:54.000,222.896,222.896,222.857,222.857,72
07.10.2024 18:46:55.000,222.856,222.876,222.856,222.876,60
07.10.2024 18:46:56.000,222.867,222.887,222.866,222.887,72
07.10.2024 18:46:57.000,222.867,222.886,222.867,222.877,36
07.10.2024 18:46:59.000,222.866,222.866,222.857,222.866,48
07.10.2024 18:47:00.000,222.856,222.856,222.836,222.847,48
07.10.2024 18:47:01.000,222.817,222.826,222.797,222.797,72
07.10.2024 18:47:02.000,222.796,222.817,222.796,222.797,60
07.10.2024 18:47:03.000,222.797,222.797,222.677,222.687,60
07.10.2024 18:47:04.000,222.707,222.707,222.686,222.686,84.00000000000001
07.10.2024 18:47:05.000,222.696,222.697,222.667,222.697,119.99999999999999
07.10.2024 18:47:06.000,222.716,222.716,222.696,222.697,48
07.10.2024 18:47:07.000,222.686,222.686,222.676,222.676,48
07.10.2024 18:47:08.000,222.666,222.667,222.656,222.667,60
07.10.2024 18:47:09.000,222.657,222.667,222.657,222.667,24
07.10.2024 18:47:10.000,222.637,222.687,222.637,222.687,72
07.10.2024 18:47:11.000,222.667,222.687,222.667,222.687,36
07.10.2024 18:47:12.000,222.706,222.756,222.696,222.747,96
07.10.2024 18:47:13.000,222.767,222.787,222.767,222.787,36
07.10.2024 18:47:14.000,222.787,222.787,222.747,222.767,36
07.10.2024 18:47:15.000,222.776,222.827,222.776,222.817,60
07.10.2024 18:47:16.000,222.787,222.827,222.787,222.826,60
07.10.2024 18:47:19.000,222.797,222.826,222.797,222.826,36
07.10.2024 18:47:20.000,222.796,222.826,222.796,222.796,48
07.10.2024 18:47:21.000,222.806,222.806,222.797,222.797,24
07.10.2024 18:47:22.000,222.797,222.817,222.766,222.766,72
07.10.2024 18:47:23.000,222.756,222.757,222.737,222.737,48
07.10.2024 18:47:24.000,222.727,222.727,222.727,222.727,12
07.10.2024 18:47:25.000,222.736,222.756,222.736,222.756,48
07.10.2024 18:47:26.000,222.726,222.727,222.726,222.727,48
07.10.2024 18:47:27.000,222.706,222.706,222.687,222.687,48
07.10.2024 18:47:28.000,222.696,222.696,222.696,222.696,12
07.10.2024 18:47:29.000,222.696,222.696,222.696,222.696,12
07.10.2024 18:47:30.000,222.696,222.696,222.696,222.696,12
07.10.2024 18:47:32.000,222.696,222.706,222.696,222.697,48
07.10.2024 18:47:33.000,222.696,222.696,222.696,222.696,24
07.10.2024 18:47:34.000,222.697,222.736,222.697,222.736,48
07.10.2024 18:47:36.000,222.756,222.756,222.746,222.746,36
07.10.2024 18:47:37.000,222.737,222.737,222.726,222.726,24
07.10.2024 18:47:40.000,222.717,222.717,222.697,222.697,36
07.10.2024 18:47:41.000,222.687,222.687,222.687,222.687,24
07.10.2024 18:47:43.000,222.686,222.686,222.686,222.686,24
07.10.2024 18:47:44.000,222.697,222.697,222.696,222.696,24
07.10.2024 18:47:45.000,222.687,222.687,222.687,222.687,36
07.10.2024 18:47:46.000,222.687,222.687,222.656,222.656,24
07.10.2024 18:47:47.000,222.657,222.657,222.646,222.657,36
07.10.2024 18:47:48.000,222.656,222.656,222.656,222.656,12
07.10.2024 18:47:49.000,222.676,222.676,222.676,222.676,12
07.10.2024 18:47:50.000,222.667,222.706,222.667,222.696,72
07.10.2024 18:47:51.000,222.686,222.696,222.686,222.686,36
07.10.2024 18:47:52.000,222.697,222.727,222.697,222.727,36
07.10.2024 18:47:54.000,222.707,222.716,222.706,222.706,48
07.10.2024 18:47:55.000,222.716,222.716,222.696,222.706,48
07.10.2024 18:47:56.000,222.716,222.716,222.716,222.716,12
07.10.2024 18:47:57.000,222.717,222.717,222.717,222.717,12
07.10.2024 18:47:58.000,222.716,222.716,222.696,222.696,24
07.10.2024 18:47:59.000,222.686,222.686,222.686,222.686,24
07.10.2024 18:48:00.000,222.677,222.686,222.676,222.677,48
07.10.2024 18:48:01.000,222.677,222.706,222.677,222.686,60
07.10.2024 18:48:02.000,222.676,222.686,222.637,222.637,96
07.10.2024 18:48:03.000,222.637,222.646,222.636,222.636,96
07.10.2024 18:48:04.000,222.637,222.666,222.637,222.666,24
07.10.2024 18:48:05.000,222.667,222.667,222.667,222.667,12
07.10.2024 18:48:06.000,222.676,222.696,222.666,222.666,48
07.10.2024 18:48:07.000,222.667,222.667,222.647,222.666,48
07.10.2024 18:48:08.000,222.647,222.647,222.636,222.637,36
07.10.2024 18:48:11.000,222.636,222.637,222.616,222.617,84.00000000000001
07.10.2024 18:48:12.000,222.637,222.637,222.627,222.637,48
07.10.2024 18:48:13.000,222.637,222.637,222.636,222.637,60
07.10.2024 18:48:14.000,222.637,222.637,222.637,222.637,12
07.10.2024 18:48:15.000,222.657,222.686,222.637,222.666,72
07.10.2024 18:48:16.000,222.657,222.657,222.647,222.647,24
07.10.2024 18:48:17.000,222.656,222.657,222.646,222.646,72
07.10.2024 18:48:18.000,222.656,222.677,222.656,222.667,36
07.10.2024 18:48:19.000,222.656,222.656,222.656,222.656,12
07.10.2024 18:48:20.000,222.647,222.647,222.647,222.647,12
07.10.2024 18:48:21.000,222.637,222.667,222.636,222.667,84.00000000000001
07.10.2024 18:48:22.000,222.656,222.666,222.656,222.666,24
07.10.2024 18:48:23.000,222.667,222.667,222.636,222.636,72
07.10.2024 18:48:24.000,222.646,222.646,222.637,222.637,24
07.10.2024 18:48:25.000,222.626,222.637,222.607,222.607,60
07.10.2024 18:48:26.000,222.606,222.606,222.606,222.606,12
07.10.2024 18:48:27.000,222.587,222.587,222.587,222.587,12
07.10.2024 18:48:28.000,222.577,222.577,222.576,222.577,36
07.10.2024 18:48:29.000,222.577,222.577,222.556,222.556,24
07.10.2024 18:48:30.000,222.566,222.566,222.546,222.546,48
07.10.2024 18:48:31.000,222.557,222.557,222.547,222.547,24
07.10.2024 18:48:32.000,222.547,222.547,222.547,222.547,12
07.10.2024 18:48:34.000,222.557,222.557,222.537,222.537,60
07.10.2024 18:48:35.000,222.517,222.537,222.517,222.527,36
07.10.2024 18:48:36.000,222.527,222.527,222.527,222.527,12
07.10.2024 18:48:37.000,222.536,222.536,222.536,222.536,12
07.10.2024 18:48:38.000,222.537,222.537,222.506,222.506,48
07.10.2024 18:48:39.000,222.507,222.507,222.456,222.456,36
07.10.2024 18:48:40.000,222.457,222.457,222.416,222.437,72
07.10.2024 18:48:41.000,222.416,222.427,222.416,222.427,36
07.10.2024 18:48:42.000,222.447,222.447,222.436,222.447,60
07.10.2024 18:48:43.000,222.456,222.467,222.446,222.446,48
07.10.2024 18:48:44.000,222.447,222.457,222.447,222.457,24
07.10.2024 18:48:47.000,222.457,222.457,222.437,222.437,24
07.10.2024 18:48:48.000,222.446,222.446,222.426,222.426,60
07.10.2024 18:48:49.000,222.417,222.417,222.387,222.387,36
07.10.2024 18:48:50.000,222.377,222.377,222.377,222.377,36
07.10.2024 18:48:51.000,222.366,222.377,222.366,222.367,48
07.10.2024 18:48:52.000,222.376,222.376,222.366,222.366,36
07.10.2024 18:48:54.000,222.396,222.396,222.396,222.396,12
07.10.2024 18:48:55.000,222.376,222.386,222.376,222.377,36
07.10.2024 18:48:57.000,222.407,222.407,222.396,222.406,48
07.10.2024 18:48:58.000,222.417,222.427,222.417,222.426,48
07.10.2024 18:48:59.000,222.427,222.427,222.427,222.427,12
07.10.2024 18:49:00.000,222.416,222.417,222.416,222.417,24
07.10.2024 18:49:01.000,222.417,222.417,222.396,222.406,60
07.10.2024 18:49:02.000,222.407,222.407,222.406,222.406,36
07.10.2024 18:49:03.000,222.407,222.407,222.387,222.387,48
07.10.2024 18:49:04.000,222.377,222.397,222.377,222.397,48
07.10.2024 18:49:05.000,222.387,222.387,222.377,222.377,24
07.10.2024 18:49:06.000,222.397,222.397,222.377,222.377,36
07.10.2024 18:49:07.000,222.367,222.367,222.367,222.367,12
07.10.2024 18:49:08.000,222.367,222.367,222.366,222.366,60
07.10.2024 18:49:09.000,222.357,222.357,222.346,222.357,36
07.10.2024 18:49:10.000,222.357,222.357,222.306,222.307,48
07.10.2024 18:49:11.000,222.346,222.357,222.306,222.357,72
07.10.2024 18:49:12.000,222.347,222.366,222.337,222.366,48
07.10.2024 18:49:13.000,222.367,222.387,222.367,222.376,48
07.10.2024 18:49:14.000,222.376,222.376,222.376,222.376,48
07.10.2024 18:49:15.000,222.407,222.407,222.407,222.407,36
07.10.2024 18:49:16.000,222.406,222.406,222.386,222.396,48
07.10.2024 18:49:17.000,222.387,222.406,222.387,222.406,36
07.10.2024 18:49:19.000,222.416,222.427,222.416,222.427,48
07.10.2024 18:49:20.000,222.417,222.427,222.417,222.427,48
07.10.2024 18:49:21.000,222.417,222.427,222.417,222.427,36
07.10.2024 18:49:22.000,222.416,222.416,222.416,222.416,24
07.10.2024 18:49:23.000,222.427,222.437,222.427,222.436,60
07.10.2024 18:49:24.000,222.426,222.426,222.426,222.426,12
07.10.2024 18:49:25.000,222.427,222.436,222.427,222.436,60
07.10.2024 18:49:26.000,222.447,222.447,222.437,222.437,24
07.10.2024 18:49:27.000,222.447,222.447,222.436,222.446,48
07.10.2024 18:49:28.000,222.437,222.437,222.437,222.437,12
07.10.2024 18:49:30.000,222.437,222.437,222.407,222.407,24
07.10.2024 18:49:31.000,222.406,222.417,222.406,222.407,48
07.10.2024 18:49:32.000,222.416,222.437,222.416,222.437,48
07.10.2024 18:49:33.000,222.446,222.447,222.446,222.446,48
07.10.2024 18:49:34.000,222.447,222.447,222.447,222.447,24
07.10.2024 18:49:36.000,222.437,222.437,222.416,222.416,48
07.10.2024 18:49:37.000,222.427,222.427,222.416,222.416,36
07.10.2024 18:49:38.000,222.437,222.437,222.437,222.437,24
07.10.2024 18:49:39.000,222.457,222.457,222.457,222.457,12
07.10.2024 18:49:40.000,222.446,222.446,222.417,222.417,48
07.10.2024 18:49:41.000,222.417,222.417,222.397,222.397,48
07.10.2024 18:49:42.000,222.396,222.416,222.396,222.397,72
07.10.2024 18:49:43.000,222.396,222.396,222.396,222.396,12
07.10.2024 18:49:45.000,222.396,222.417,222.396,222.417,24
07.10.2024 18:49:46.000,222.406,222.406,222.396,222.396,24
07.10.2024 18:49:47.000,222.396,222.396,222.376,222.376,36
07.10.2024 18:49:48.000,222.397,222.397,222.397,222.397,12
07.10.2024 18:49:49.000,222.406,222.406,222.396,222.396,24
07.10.2024 18:49:50.000,222.406,222.406,222.396,222.396,24
07.10.2024 18:49:52.000,222.397,222.416,222.397,222.416,48
07.10.2024 18:49:53.000,222.427,222.467,222.427,222.456,60
07.10.2024 18:49:54.000,222.457,222.487,222.457,222.487,24
07.10.2024 18:49:55.000,222.487,222.487,222.466,222.487,72
07.10.2024 18:49:56.000,222.487,222.506,222.487,222.506,24
07.10.2024 18:49:57.000,222.516,222.516,222.487,222.487,72
07.10.2024 18:49:58.000,222.487,222.487,222.487,222.487,12
07.10.2024 18:50:00.000,222.487,222.487,222.407,222.407,96
07.10.2024 18:50:01.000,222.387,222.397,222.387,222.396,48
07.10.2024 18:50:03.000,222.397,222.397,222.397,222.397,12
07.10.2024 18:50:04.000,222.407,222.407,222.386,222.386,24
07.10.2024 18:50:05.000,222.386,222.406,222.386,222.406,36
07.10.2024 18:50:06.000,222.396,222.397,222.396,222.397,24
07.10.2024 18:50:07.000,222.396,222.396,222.396,222.396,12
07.10.2024 18:50:08.000,222.376,222.386,222.376,222.376,36
07.10.2024 18:50:10.000,222.366,222.366,222.346,222.346,36
07.10.2024 18:50:11.000,222.346,222.357,222.346,222.357,24
07.10.2024 18:50:13.000,222.346,222.346,222.346,222.346,24
07.10.2024 18:50:14.000,222.356,222.356,222.346,222.346,48
07.10.2024 18:50:15.000,222.356,222.356,222.356,222.356,12
07.10.2024 18:50:16.000,222.366,222.386,222.356,222.386,36
07.10.2024 18:50:17.000,222.387,222.397,222.386,222.387,48
07.10.2024 18:50:18.000,222.377,222.377,222.377,222.377,12
07.10.2024 18:50:19.000,222.387,222.387,222.377,222.377,24
07.10.2024 18:50:20.000,222.376,222.376,222.376,222.376,12
07.10.2024 18:50:21.000,222.356,222.387,222.356,222.387,48
07.10.2024 18:50:22.000,222.397,222.437,222.397,222.436,60
07.10.2024 18:50:23.000,222.437,222.477,222.437,222.456,48
07.10.2024 18:50:24.000,222.477,222.477,222.457,222.466,48
07.10.2024 18:50:25.000,222.456,222.466,222.456,222.466,24
07.10.2024 18:50:26.000,222.486,222.486,222.466,222.467,72
07.10.2024 18:50:27.000,222.466,222.466,222.437,222.437,60
07.10.2024 18:50:28.000,222.456,222.457,222.437,222.456,96
07.10.2024 18:50:29.000,222.466,222.467,222.447,222.447,48
07.10.2024 18:50:30.000,222.447,222.456,222.447,222.456,24
07.10.2024 18:50:31.000,222.466,222.486,222.466,222.486,24
07.10.2024 18:50:32.000,222.486,222.487,222.467,222.487,84.00000000000001
07.10.2024 18:50:33.000,222.466,222.496,222.466,222.487,48
07.10.2024 18:50:34.000,222.526,222.527,222.506,222.517,84.00000000000001
07.10.2024 18:50:35.000,222.517,222.517,222.517,222.517,60
07.10.2024 18:50:36.000,222.506,222.507,222.506,222.507,24
07.10.2024 18:50:37.000,222.506,222.506,222.506,222.506,12
07.10.2024 18:50:38.000,222.537,222.537,222.536,222.537,36
07.10.2024 18:50:39.000,222.536,222.536,222.536,222.536,12
07.10.2024 18:50:40.000,222.547,222.547,222.517,222.517,24
07.10.2024 18:50:41.000,222.536,222.536,222.536,222.536,12
07.10.2024 18:50:43.000,222.516,222.516,222.497,222.497,24
07.10.2024 18:50:44.000,222.496,222.496,222.496,222.496,12
07.10.2024 18:50:46.000,222.506,222.506,222.486,222.486,36
07.10.2024 18:50:47.000,222.457,222.457,222.446,222.446,36
07.10.2024 18:50:49.000,222.436,222.436,222.417,222.417,24
07.10.2024 18:50:50.000,222.427,222.427,222.396,222.397,60
07.10.2024 18:50:51.000,222.407,222.416,222.396,222.416,36
07.10.2024 18:50:52.000,222.407,222.416,222.406,222.416,48
07.10.2024 18:50:53.000,222.406,222.406,222.406,222.406,24
07.10.2024 18:50:54.000,222.396,222.396,222.396,222.396,12
07.10.2024 18:50:55.000,222.407,222.417,222.406,222.407,48
07.10.2024 18:50:56.000,222.407,222.427,222.407,222.427,24
07.10.2024 18:50:57.000,222.436,222.436,222.436,222.436,24
07.10.2024 18:50:58.000,222.436,222.436,222.416,222.416,36
07.10.2024 18:50:59.000,222.426,222.446,222.426,222.446,48
07.10.2024 18:51:00.000,222.427,222.427,222.416,222.416,24
07.10.2024 18:51:01.000,222.397,222.397,222.367,222.367,24
07.10.2024 18:51:02.000,222.356,222.366,222.356,222.357,48
07.10.2024 18:51:03.000,222.357,222.386,222.357,222.376,60
07.10.2024 18:51:04.000,222.366,222.376,222.366,222.376,24
07.10.2024 18:51:05.000,222.376,222.376,222.347,222.347,60
07.10.2024 18:51:07.000,222.347,222.347,222.336,222.336,36
07.10.2024 18:51:08.000,222.326,222.326,222.297,222.297,24
07.10.2024 18:51:09.000,222.296,222.327,222.296,222.316,72
07.10.2024 18:51:10.000,222.307,222.307,222.296,222.296,36
07.10.2024 18:51:11.000,222.306,222.337,222.306,222.337,72
07.10.2024 18:51:12.000,222.346,222.357,222.326,222.326,96
07.10.2024 18:51:13.000,222.337,222.337,222.326,222.337,60
07.10.2024 18:51:14.000,222.337,222.337,222.326,222.326,36
07.10.2024 18:51:15.000,222.326,222.336,222.326,222.336,36
07.10.2024 18:51:16.000,222.326,222.336,222.326,222.336,24
07.10.2024 18:51:17.000,222.346,222.346,222.336,222.336,36
07.10.2024 18:51:18.000,222.326,222.346,222.326,222.346,48
07.10.2024 18:51:19.000,222.346,222.346,222.337,222.337,24
07.10.2024 18:51:20.000,222.337,222.337,222.326,222.336,36
07.10.2024 18:51:21.000,222.327,222.337,222.306,222.326,72
07.10.2024 18:51:22.000,222.327,222.327,222.327,222.327,12
07.10.2024 18:51:23.000,222.317,222.326,222.316,222.326,36
07.10.2024 18:51:24.000,222.316,222.316,222.307,222.307,36
07.10.2024 18:51:25.000,222.317,222.317,222.306,222.306,48
07.10.2024 18:51:26.000,222.306,222.307,222.296,222.297,48
07.10.2024 18:51:27.000,222.296,222.296,222.266,222.277,60
07.10.2024 18:51:28.000,222.267,222.267,222.256,222.267,60
07.10.2024 18:51:29.000,222.277,222.277,222.277,222.277,24
07.10.2024 18:51:30.000,222.257,222.266,222.236,222.236,48
07.10.2024 18:51:31.000,222.247,222.256,222.247,222.256,24
07.10.2024 18:51:32.000,222.246,222.277,222.246,222.256,84.00000000000001
07.10.2024 18:51:33.000,222.257,222.257,222.257,222.257,24
07.10.2024 18:51:34.000,222.266,222.266,222.266,222.266,12
07.10.2024 18:51:36.000,222.256,222.256,222.256,222.256,12
07.10.2024 18:51:38.000,222.247,222.247,222.247,222.247,12
07.10.2024 18:51:39.000,222.236,222.267,222.236,222.266,72
07.10.2024 18:51:40.000,222.257,222.257,222.257,222.257,12
07.10.2024 18:51:41.000,222.257,222.277,222.257,222.277,24
07.10.2024 18:51:42.000,222.266,222.267,222.266,222.267,60
07.10.2024 18:51:43.000,222.286,222.306,222.276,222.297,48
07.10.2024 18:51:46.000,222.306,222.306,222.306,222.306,24
07.10.2024 18:51:47.000,222.316,222.317,222.307,222.307,36
07.10.2024 18:51:48.000,222.306,222.306,222.277,222.277,48
07.10.2024 18:51:49.000,222.267,222.267,222.266,222.266,24
07.10.2024 18:51:50.000,222.276,222.297,222.266,222.266,48
07.10.2024 18:51:51.000,222.266,222.287,222.266,222.286,36
07.10.2024 18:51:53.000,222.297,222.297,222.297,222.297,12
07.10.2024 18:51:54.000,222.297,222.317,222.296,222.317,36
07.10.2024 18:51:55.000,222.307,222.307,222.307,222.307,12
07.10.2024 18:51:56.000,222.307,222.307,222.266,222.267,60
07.10.2024 18:51:57.000,222.267,222.267,222.267,222.267,12
07.10.2024 18:51:58.000,222.286,222.286,222.286,222.286,12
07.10.2024 18:51:59.000,222.266,222.266,222.266,222.266,12
07.10.2024 18:52:00.000,222.267,222.267,222.246,222.246,48
07.10.2024 18:52:01.000,222.247,222.267,222.247,222.267,48
07.10.2024 18:52:02.000,222.267,222.287,222.267,222.287,24
07.10.2024 18:52:03.000,222.306,222.306,222.306,222.306,24
07.10.2024 18:52:04.000,222.307,222.307,222.306,222.306,24
07.10.2024 18:52:05.000,222.307,222.387,222.307,222.387,60
07.10.2024 18:52:06.000,222.387,222.407,222.386,222.407,48
07.10.2024 18:52:07.000,222.397,222.427,222.397,222.427,48
07.10.2024 18:52:08.000,222.427,222.427,222.426,222.427,36
07.10.2024 18:52:09.000,222.427,222.427,222.427,222.427,12
07.10.2024 18:52:12.000,222.437,222.476,222.426,222.476,48
07.10.2024 18:52:13.000,222.456,222.487,222.456,222.486,48
07.10.2024 18:52:14.000,222.487,222.497,222.487,222.497,24
07.10.2024 18:52:15.000,222.497,222.497,222.456,222.456,72
07.10.2024 18:52:16.000,222.467,222.477,222.467,222.476,48
07.10.2024 18:52:17.000,222.487,222.487,222.477,222.477,36
07.10.2024 18:52:18.000,222.507,222.507,222.506,222.507,36
07.10.2024 18:52:19.000,222.506,222.517,222.506,222.517,48
07.10.2024 18:52:20.000,222.486,222.487,222.476,222.476,72
07.10.2024 18:52:21.000,222.476,222.477,222.456,222.457,72
07.10.2024 18:52:22.000,222.457,222.457,222.457,222.457,12
07.10.2024 18:52:23.000,222.466,222.476,222.456,222.476,60
07.10.2024 18:52:24.000,222.466,222.466,222.457,222.457,24
07.10.2024 18:52:25.000,222.426,222.446,222.426,222.446,24
07.10.2024 18:52:26.000,222.436,222.447,222.436,222.436,96
07.10.2024 18:52:27.000,222.427,222.427,222.427,222.427,24
07.10.2024 18:52:28.000,222.417,222.426,222.416,222.416,60
07.10.2024 18:52:29.000,222.426,222.426,222.417,222.417,48
07.10.2024 18:52:30.000,222.427,222.427,222.396,222.396,72
07.10.2024 18:52:31.000,222.386,222.386,222.366,222.366,36
07.10.2024 18:52:32.000,222.397,222.397,222.397,222.397,12
07.10.2024 18:52:33.000,222.397,222.417,222.397,222.417,36
07.10.2024 18:52:34.000,222.416,222.416,222.387,222.387,48
07.10.2024 18:52:35.000,222.386,222.386,222.386,222.386,36
07.10.2024 18:52:36.000,222.397,222.397,222.397,222.397,12
07.10.2024 18:52:37.000,222.387,222.406,222.387,222.406,24
07.10.2024 18:52:38.000,222.396,222.397,222.396,222.397,24
07.10.2024 18:52:40.000,222.426,222.426,222.416,222.417,48
07.10.2024 18:52:41.000,222.417,222.417,222.407,222.407,24
07.10.2024 18:52:42.000,222.406,222.407,222.406,222.407,24
07.10.2024 18:52:43.000,222.407,222.417,222.407,222.417,24
07.10.2024 18:52:44.000,222.436,222.436,222.436,222.436,12
07.10.2024 18:52:45.000,222.446,222.446,222.446,222.446,12
07.10.2024 18:52:46.000,222.426,222.426,222.386,222.386,96
07.10.2024 18:52:47.000,222.387,222.407,222.387,222.397,60
07.10.2024 18:52:48.000,222.387,222.387,222.357,222.357,48
07.10.2024 18:52:49.000,222.367,222.397,222.367,222.386,84.00000000000001
07.10.2024 18:52:50.000,222.387,222.387,222.376,222.386,48
07.10.2024 18:52:51.000,222.376,222.387,222.376,222.387,48
07.10.2024 18:52:52.000,222.377,222.377,222.367,222.367,36
07.10.2024 18:52:53.000,222.356,222.357,222.356,222.357,24
07.10.2024 18:52:54.000,222.346,222.346,222.346,222.346,24
07.10.2024 18:52:55.000,222.366,222.427,222.366,222.416,72
07.10.2024 18:52:56.000,222.417,222.417,222.416,222.417,36
07.10.2024 18:52:57.000,222.426,222.437,222.426,222.427,36
07.10.2024 18:52:58.000,222.416,222.416,222.416,222.416,12
07.10.2024 18:53:00.000,222.407,222.437,222.407,222.437,36
07.10.2024 18:53:01.000,222.436,222.457,222.436,222.457,36
07.10.2024 18:53:02.000,222.467,222.467,222.456,222.456,48
07.10.2024 18:53:03.000,222.456,222.456,222.456,222.456,12
07.10.2024 18:53:04.000,222.457,222.457,222.456,222.457,96
07.10.2024 18:53:05.000,222.457,222.457,222.457,222.457,12
07.10.2024 18:53:06.000,222.446,222.447,222.446,222.447,24
07.10.2024 18:53:07.000,222.447,222.447,222.447,222.447,12
07.10.2024 18:53:08.000,222.446,222.446,222.446,222.446,12
07.10.2024 18:53:09.000,222.406,222.417,222.397,222.397,36
07.10.2024 18:53:10.000,222.406,222.426,222.406,222.416,48
07.10.2024 18:53:11.000,222.426,222.426,222.417,222.417,36
07.10.2024 18:53:12.000,222.417,222.417,222.416,222.416,48
07.10.2024 18:53:13.000,222.416,222.416,222.416,222.416,12
07.10.2024 18:53:14.000,222.407,222.426,222.406,222.426,48
07.10.2024 18:53:15.000,222.427,222.437,222.417,222.417,48
07.10.2024 18:53:17.000,222.417,222.417,222.406,222.406,60
07.10.2024 18:53:18.000,222.406,222.426,222.406,222.426,48
07.10.2024 18:53:19.000,222.416,222.416,222.397,222.397,36
07.10.2024 18:53:20.000,222.397,222.407,222.397,222.407,36
07.10.2024 18:53:21.000,222.407,222.407,222.396,222.396,24
07.10.2024 18:53:22.000,222.377,222.377,222.377,222.377,12
07.10.2024 18:53:23.000,222.366,222.366,222.307,222.336,60
07.10.2024 18:53:24.000,222.337,222.337,222.337,222.337,36
07.10.2024 18:53:25.000,222.337,222.347,222.337,222.337,48
07.10.2024 18:53:27.000,222.347,222.347,222.337,222.337,24
07.10.2024 18:53:28.000,222.337,222.337,222.337,222.337,12
07.10.2024 18:53:29.000,222.337,222.337,222.296,222.296,24
07.10.2024 18:53:30.000,222.317,222.317,222.296,222.296,24
07.10.2024 18:53:31.000,222.297,222.306,222.297,222.306,24
07.10.2024 18:53:32.000,222.287,222.287,222.246,222.246,60
07.10.2024 18:53:33.000,222.257,222.267,222.246,222.267,60
07.10.2024 18:53:34.000,222.246,222.247,222.246,222.247,36
07.10.2024 18:53:35.000,222.247,222.247,222.237,222.246,36
07.10.2024 18:53:36.000,222.247,222.247,222.237,222.237,84.00000000000001
07.10.2024 18:53:37.000,222.226,222.226,222.226,222.226,12
07.10.2024 18:53:38.000,222.217,222.236,222.216,222.236,84.00000000000001
07.10.2024 18:53:39.000,222.216,222.227,222.216,222.227,36
07.10.2024 18:53:40.000,222.276,222.276,222.276,222.276,24
07.10.2024 18:53:41.000,222.277,222.277,222.226,222.257,72
07.10.2024 18:53:43.000,222.216,222.216,222.216,222.216,12
07.10.2024 18:53:44.000,222.246,222.246,222.246,222.246,12
07.10.2024 18:53:45.000,222.277,222.277,222.276,222.276,24
07.10.2024 18:53:46.000,222.276,222.276,222.276,222.276,12
07.10.2024 18:53:47.000,222.277,222.277,222.276,222.276,24
07.10.2024 18:53:48.000,222.286,222.307,222.286,222.307,36
07.10.2024 18:53:49.000,222.306,222.307,222.306,222.307,48
07.10.2024 18:53:50.000,222.307,222.307,222.306,222.306,36
07.10.2024 18:53:51.000,222.317,222.347,222.317,222.347,36
07.10.2024 18:53:52.000,222.346,222.346,222.346,222.346,24
07.10.2024 18:53:53.000,222.337,222.337,222.296,222.297,84.00000000000001
07.10.2024 18:53:54.000,222.296,222.297,222.296,222.297,84.00000000000001
07.10.2024 18:53:55.000,222.287,222.287,222.287,222.287,12
07.10.2024 18:53:56.000,222.296,222.296,222.286,222.286,24
07.10.2024 18:53:57.000,222.296,222.306,222.286,222.296,60
07.10.2024 18:53:58.000,222.306,222.306,222.297,222.297,24
07.10.2024 18:53:59.000,222.286,222.296,222.277,222.296,36
07.10.2024 18:54:00.000,222.297,222.297,222.237,222.237,60
07.10.2024 18:54:01.000,222.256,222.257,222.226,222.226,60
07.10.2024 18:54:02.000,222.216,222.246,222.216,222.246,72
07.10.2024 18:54:04.000,222.266,222.267,222.266,222.266,60
07.10.2024 18:54:05.000,222.267,222.267,222.267,222.267,12
07.10.2024 18:54:06.000,222.276,222.287,222.266,222.267,48
07.10.2024 18:54:07.000,222.266,222.277,222.236,222.236,36
07.10.2024 18:54:08.000,222.237,222.237,222.236,222.237,48
07.10.2024 18:54:09.000,222.236,222.236,222.236,222.236,24
07.10.2024 18:54:10.000,222.236,222.246,222.236,222.246,36
07.10.2024 18:54:11.000,222.237,222.237,222.226,222.227,72
07.10.2024 18:54:12.000,222.237,222.247,222.226,222.237,96
07.10.2024 18:54:13.000,222.236,222.247,222.226,222.226,84.00000000000001
07.10.2024 18:54:14.000,222.246,222.267,222.246,222.267,24
07.10.2024 18:54:15.000,222.266,222.266,222.266,222.266,12
07.10.2024 18:54:16.000,222.246,222.246,222.246,222.246,24
07.10.2024 18:54:17.000,222.226,222.236,222.226,222.236,36
07.10.2024 18:54:18.000,222.246,222.276,222.246,222.276,36
07.10.2024 18:54:19.000,222.297,222.297,222.296,222.296,24
07.10.2024 18:54:20.000,222.326,222.326,222.306,222.307,48
07.10.2024 18:54:21.000,222.297,222.297,222.296,222.297,48
07.10.2024 18:54:22.000,222.296,222.297,222.296,222.296,60
07.10.2024 18:54:23.000,222.297,222.297,222.296,222.296,48
07.10.2024 18:54:26.000,222.316,222.316,222.297,222.297,36
07.10.2024 18:54:27.000,222.307,222.307,222.297,222.297,36
07.10.2024 18:54:28.000,222.297,222.306,222.296,222.296,36
07.10.2024 18:54:29.000,222.296,222.296,222.256,222.267,72
07.10.2024 18:54:30.000,222.267,222.267,222.256,222.256,60
07.10.2024 18:54:31.000,222.257,222.276,222.256,222.276,48
07.10.2024 18:54:32.000,222.257,222.257,222.257,222.257,12
07.10.2024 18:54:33.000,222.227,222.227,222.227,222.227,24
07.10.2024 18:54:34.000,222.227,222.247,222.227,222.247,36
07.10.2024 18:54:35.000,222.236,222.236,222.236,222.236,12
07.10.2024 18:54:36.000,222.247,222.247,222.247,222.247,12
07.10.2024 18:54:37.000,222.246,222.246,222.246,222.246,24
07.10.2024 18:54:38.000,222.247,222.247,222.247,222.247,12
07.10.2024 18:54:39.000,222.257,222.257,222.246,222.247,48
07.10.2024 18:54:40.000,222.246,222.246,222.246,222.246,36
07.10.2024 18:54:41.000,222.246,222.267,222.246,222.266,48
07.10.2024 18:54:42.000,222.266,222.267,222.256,222.266,84.00000000000001
07.10.2024 18:54:43.000,222.266,222.267,222.266,222.266,60
07.10.2024 18:54:44.000,222.267,222.267,222.267,222.267,36
07.10.2024 18:54:45.000,222.267,222.296,222.267,222.277,72
07.10.2024 18:54:46.000,222.277,222.287,222.277,222.287,24
07.10.2024 18:54:47.000,222.316,222.316,222.297,222.306,36
07.10.2024 18:54:48.000,222.306,222.317,222.306,222.317,36
07.10.2024 18:54:49.000,222.316,222.346,222.306,222.306,84.00000000000001
07.10.2024 18:54:50.000,222.287,222.287,222.287,222.287,12
07.10.2024 18:54:51.000,222.286,222.286,222.286,222.286,12
07.10.2024 18:54:52.000,222.307,222.307,222.297,222.297,24
07.10.2024 18:54:54.000,222.296,222.296,222.296,222.296,12
07.10.2024 18:54:55.000,222.276,222.276,222.266,222.266,48
07.10.2024 18:54:57.000,222.276,222.277,222.276,222.276,36
07.10.2024 18:54:58.000,222.276,222.277,222.276,222.277,24
07.10.2024 18:55:00.000,222.277,222.277,222.276,222.276,36
07.10.2024 18:55:01.000,222.287,222.287,222.277,222.287,36
07.10.2024 18:55:02.000,222.296,222.296,222.296,222.296,12
07.10.2024 18:55:03.000,222.296,222.317,222.296,222.317,24
07.10.2024 18:55:04.000,222.297,222.307,222.297,222.307,36
07.10.2024 18:55:05.000,222.306,222.307,222.306,222.307,36
07.10.2024 18:55:06.000,222.296,222.297,222.296,222.297,24
07.10.2024 18:55:07.000,222.276,222.276,222.276,222.276,12
07.10.2024 18:55:08.000,222.277,222.317,222.277,222.317,24
07.10.2024 18:55:09.000,222.316,222.316,222.316,222.316,24
07.10.2024 18:55:10.000,222.317,222.317,222.316,222.317,60
07.10.2024 18:55:11.000,222.336,222.347,222.336,222.347,24
07.10.2024 18:55:12.000,222.326,222.336,222.317,222.336,48
07.10.2024 18:55:13.000,222.336,222.336,222.336,222.336,12
07.10.2024 18:55:14.000,222.356,222.356,222.336,222.346,48
07.10.2024 18:55:15.000,222.347,222.357,222.347,222.357,48
07.10.2024 18:55:16.000,222.356,222.397,222.356,222.397,84.00000000000001
07.10.2024 18:55:17.000,222.367,222.367,222.367,222.367,24
07.10.2024 18:55:18.000,222.387,222.387,222.386,222.386,60
07.10.2024 18:55:19.000,222.376,222.397,222.376,222.396,96
07.10.2024 18:55:20.000,222.377,222.387,222.377,222.387,36
07.10.2024 18:55:21.000,222.376,222.377,222.366,222.366,108
07.10.2024 18:55:22.000,222.367,222.386,222.367,222.377,36
07.10.2024 18:55:25.000,222.367,222.367,222.357,222.357,36
07.10.2024 18:55:26.000,222.357,222.357,222.357,222.357,12
07.10.2024 18:55:27.000,222.357,222.357,222.326,222.347,36
07.10.2024 18:55:29.000,222.347,222.347,222.326,222.326,60
07.10.2024 18:55:31.000,222.326,222.347,222.326,222.336,72
07.10.2024 18:55:32.000,222.336,222.357,222.336,222.337,36
07.10.2024 18:55:33.000,222.337,222.356,222.336,222.356,36
07.10.2024 18:55:34.000,222.346,222.347,222.346,222.347,24
07.10.2024 18:55:35.000,222.357,222.357,222.347,222.347,24
07.10.2024 18:55:37.000,222.346,222.357,222.346,222.357,36
07.10.2024 18:55:38.000,222.346,222.346,222.346,222.346,12
07.10.2024 18:55:39.000,222.336,222.346,222.336,222.346,24
07.10.2024 18:55:40.000,222.357,222.357,222.357,222.357,12
07.10.2024 18:55:41.000,222.367,222.367,222.367,222.367,12
07.10.2024 18:55:42.000,222.387,222.387,222.377,222.386,48
07.10.2024 18:55:43.000,222.387,222.417,222.386,222.416,84.00000000000001
07.10.2024 18:55:44.000,222.417,222.417,222.417,222.417,12
07.10.2024 18:55:45.000,222.406,222.407,222.376,222.376,60
07.10.2024 18:55:46.000,222.377,222.386,222.377,222.386,48
07.10.2024 18:55:47.000,222.377,222.377,222.367,222.367,24
07.10.2024 18:55:48.000,222.356,222.367,222.356,222.357,36
07.10.2024 18:55:49.000,222.367,222.367,222.367,222.367,12
07.10.2024 18:55:50.000,222.367,222.367,222.356,222.356,60
07.10.2024 18:55:51.000,222.356,222.357,222.346,222.357,84.00000000000001
07.10.2024 18:55:52.000,222.356,222.356,222.346,222.346,48
07.10.2024 18:55:55.000,222.367,222.377,222.367,222.377,24
07.10.2024 18:55:56.000,222.377,222.377,222.377,222.377,12
07.10.2024 18:55:57.000,222.377,222.386,222.377,222.386,24
07.10.2024 18:55:58.000,222.406,222.406,222.396,222.396,24
07.10.2024 18:55:59.000,222.367,222.377,222.357,222.377,36
07.10.2024 18:56:00.000,222.377,222.377,222.376,222.376,60
07.10.2024 18:56:01.000,222.376,222.376,222.376,222.376,12
07.10.2024 18:56:02.000,222.376,222.376,222.376,222.376,36
07.10.2024 18:56:03.000,222.377,222.377,222.376,222.376,24
07.10.2024 18:56:04.000,222.346,222.346,222.346,222.346,12
07.10.2024 18:56:05.000,222.347,222.357,222.347,222.357,24
07.10.2024 18:56:06.000,222.326,222.326,222.326,222.326,12
07.10.2024 18:56:07.000,222.326,222.327,222.326,222.327,48
07.10.2024 18:56:08.000,222.327,222.327,222.327,222.327,12
07.10.2024 18:56:09.000,222.357,222.357,222.357,222.357,12
07.10.2024 18:56:10.000,222.337,222.346,222.327,222.346,36
07.10.2024 18:56:11.000,222.347,222.347,222.347,222.347,12
07.10.2024 18:56:12.000,222.327,222.327,222.327,222.327,12
07.10.2024 18:56:14.000,222.326,222.326,222.326,222.326,12
07.10.2024 18:56:15.000,222.347,222.406,222.347,222.406,60
07.10.2024 18:56:16.000,222.387,222.387,222.356,222.356,36
07.10.2024 18:56:18.000,222.357,222.387,222.357,222.387,36
07.10.2024 18:56:20.000,222.397,222.397,222.386,222.386,24
07.10.2024 18:56:21.000,222.387,222.387,222.376,222.376,24
07.10.2024 18:56:22.000,222.387,222.387,222.366,222.366,36
07.10.2024 18:56:23.000,222.356,222.356,222.356,222.356,12
07.10.2024 18:56:24.000,222.377,222.377,222.376,222.376,24
07.10.2024 18:56:25.000,222.377,222.387,222.377,222.387,24
07.10.2024 18:56:26.000,222.397,222.397,222.397,222.397,12
07.10.2024 18:56:27.000,222.406,222.406,222.406,222.406,12
07.10.2024 18:56:28.000,222.387,222.387,222.387,222.387,12
07.10.2024 18:56:29.000,222.386,222.397,222.386,222.397,24
07.10.2024 18:56:31.000,222.406,222.417,222.406,222.417,24
07.10.2024 18:56:32.000,222.416,222.447,222.416,222.447,48
07.10.2024 18:56:34.000,222.436,222.436,222.436,222.436,12
07.10.2024 18:56:35.000,222.426,222.437,222.426,222.436,48
07.10.2024 18:56:36.000,222.436,222.457,222.436,222.457,72
07.10.2024 18:56:37.000,222.456,222.456,222.456,222.456,24
07.10.2024 18:56:38.000,222.447,222.477,222.447,222.476,48
07.10.2024 18:56:39.000,222.467,222.467,222.456,222.456,24
07.10.2024 18:56:40.000,222.447,222.447,222.427,222.427,36
07.10.2024 18:56:41.000,222.417,222.417,222.406,222.406,24
07.10.2024 18:56:42.000,222.426,222.426,222.416,222.417,36
07.10.2024 18:56:43.000,222.416,222.416,222.416,222.416,12
07.10.2024 18:56:44.000,222.407,222.407,222.407,222.407,12
07.10.2024 18:56:46.000,222.416,222.416,222.407,222.407,24
07.10.2024 18:56:49.000,222.427,222.427,222.427,222.427,12
07.10.2024 18:56:50.000,222.386,222.386,222.386,222.386,12
07.10.2024 18:56:51.000,222.397,222.397,222.397,222.397,24
07.10.2024 18:56:52.000,222.407,222.407,222.397,222.397,36
07.10.2024 18:56:53.000,222.416,222.416,222.416,222.416,12
07.10.2024 18:56:55.000,222.426,222.426,222.416,222.416,24
07.10.2024 18:56:56.000,222.416,222.416,222.416,222.416,12
07.10.2024 18:56:57.000,222.447,222.466,222.447,222.466,48
07.10.2024 18:56:59.000,222.496,222.526,222.496,222.526,48
07.10.2024 18:57:00.000,222.487,222.507,222.487,222.507,48
07.10.2024 18:57:01.000,222.487,222.496,222.487,222.496,36
07.10.2024 18:57:02.000,222.497,222.497,222.496,222.496,24
07.10.2024 18:57:03.000,222.476,222.476,222.476,222.476,12
07.10.2024 18:57:04.000,222.467,222.467,222.457,222.457,24
07.10.2024 18:57:05.000,222.446,222.447,222.446,222.446,36
07.10.2024 18:57:08.000,222.446,222.467,222.446,222.466,60
07.10.2024 18:57:09.000,222.467,222.477,222.417,222.417,60
07.10.2024 18:57:10.000,222.427,222.427,222.406,222.406,36
07.10.2024 18:57:11.000,222.427,222.436,222.427,222.436,24
07.10.2024 18:57:12.000,222.447,222.447,222.447,222.447,12
07.10.2024 18:57:13.000,222.427,222.427,222.427,222.427,12
07.10.2024 18:57:14.000,222.416,222.416,222.416,222.416,12
07.10.2024 18:57:15.000,222.416,222.426,222.407,222.426,48
07.10.2024 18:57:16.000,222.426,222.436,222.426,222.436,36
07.10.2024 18:57:17.000,222.447,222.447,222.437,222.437,24
07.10.2024 18:57:19.000,222.427,222.427,222.427,222.427,12
07.10.2024 18:57:20.000,222.427,222.427,222.426,222.427,36
07.10.2024 18:57:21.000,222.426,222.437,222.426,222.437,24
07.10.2024 18:57:22.000,222.447,222.447,222.447,222.447,12
07.10.2024 18:57:23.000,222.426,222.427,222.426,222.427,24
07.10.2024 18:57:25.000,222.437,222.437,222.437,222.437,12
07.10.2024 18:57:26.000,222.436,222.457,222.436,222.457,24
07.10.2024 18:57:27.000,222.436,222.437,222.427,222.427,36
07.10.2024 18:57:28.000,222.446,222.446,222.426,222.446,36
07.10.2024 18:57:30.000,222.427,222.427,222.427,222.427,12
07.10.2024 18:57:31.000,222.437,222.447,222.436,222.447,48
07.10.2024 18:57:32.000,222.457,222.457,222.456,222.456,24
07.10.2024 18:57:33.000,222.446,222.446,222.446,222.446,12
07.10.2024 18:57:35.000,222.457,222.457,222.447,222.447,24
07.10.2024 18:57:37.000,222.427,222.427,222.427,222.427,12
07.10.2024 18:57:38.000,222.426,222.437,222.426,222.436,48
07.10.2024 18:57:39.000,222.447,222.447,222.437,222.437,24
07.10.2024 18:57:40.000,222.437,222.447,222.437,222.437,36
07.10.2024 18:57:41.000,222.426,222.427,222.426,222.426,36
07.10.2024 18:57:42.000,222.427,222.447,222.427,222.446,48
07.10.2024 18:57:43.000,222.436,222.436,222.426,222.426,24
07.10.2024 18:57:44.000,222.426,222.426,222.426,222.426,12
07.10.2024 18:57:45.000,222.427,222.447,222.427,222.447,48
07.10.2024 18:57:46.000,222.437,222.437,222.426,222.426,48
07.10.2024 18:57:48.000,222.446,222.447,222.446,222.447,24
07.10.2024 18:57:50.000,222.446,222.456,222.427,222.427,60
07.10.2024 18:57:51.000,222.426,222.437,222.426,222.437,48
07.10.2024 18:57:52.000,222.436,222.436,222.436,222.436,12
07.10.2024 18:57:53.000,222.447,222.447,222.446,222.447,48
07.10.2024 18:57:55.000,222.457,222.457,222.426,222.426,24
07.10.2024 18:57:56.000,222.446,222.456,222.446,222.456,36
07.10.2024 18:57:57.000,222.457,222.457,222.457,222.457,24
07.10.2024 18:57:58.000,222.446,222.446,222.436,222.436,24
07.10.2024 18:57:59.000,222.447,222.447,222.447,222.447,12
07.10.2024 18:58:00.000,222.427,222.427,222.416,222.416,48
07.10.2024 18:58:02.000,222.446,222.446,222.426,222.437,84.00000000000001
07.10.2024 18:58:03.000,222.446,222.467,222.446,222.467,48
07.10.2024 18:58:04.000,222.467,222.477,222.466,222.466,36
07.10.2024 18:58:05.000,222.476,222.476,222.476,222.476,12
07.10.2024 18:58:06.000,222.476,222.516,222.476,222.516,36
07.10.2024 18:58:07.000,222.506,222.506,222.486,222.486,60
07.10.2024 18:58:08.000,222.496,222.496,222.486,222.486,24
07.10.2024 18:58:09.000,222.477,222.486,222.477,222.486,36
07.10.2024 18:58:10.000,222.457,222.457,222.457,222.457,12
07.10.2024 18:58:11.000,222.447,222.476,222.447,222.476,24
07.10.2024 18:58:12.000,222.477,222.477,222.476,222.477,48
07.10.2024 18:58:14.000,222.487,222.487,222.476,222.476,36
07.10.2024 18:58:15.000,222.476,222.476,222.476,222.476,12
07.10.2024 18:58:16.000,222.467,222.467,222.467,222.467,12
07.10.2024 18:58:17.000,222.447,222.447,222.447,222.447,12
07.10.2024 18:58:18.000,222.446,222.457,222.446,222.456,36
07.10.2024 18:58:20.000,222.447,222.447,222.436,222.436,48
07.10.2024 18:58:21.000,222.426,222.426,222.406,222.407,36
07.10.2024 18:58:24.000,222.407,222.407,222.387,222.387,24
07.10.2024 18:58:25.000,222.386,222.386,222.386,222.386,12
07.10.2024 18:58:26.000,222.386,222.386,222.386,222.386,12
07.10.2024 18:58:27.000,222.377,222.407,222.377,222.407,60
07.10.2024 18:58:28.000,222.397,222.397,222.396,222.396,24
07.10.2024 18:58:29.000,222.376,222.387,222.366,222.387,36
07.10.2024 18:58:30.000,222.386,222.387,222.366,222.386,108
07.10.2024 18:58:31.000,222.376,222.376,222.366,222.366,24
07.10.2024 18:58:32.000,222.376,222.376,222.366,222.366,24
07.10.2024 18:58:34.000,222.376,222.386,222.376,222.377,48
07.10.2024 18:58:35.000,222.366,222.366,222.366,222.366,24
07.10.2024 18:58:36.000,222.356,222.356,222.356,222.356,36
07.10.2024 18:58:37.000,222.357,222.367,222.357,222.366,60
07.10.2024 18:58:39.000,222.377,222.377,222.366,222.377,36
07.10.2024 18:58:41.000,222.367,222.367,222.357,222.357,24
07.10.2024 18:58:42.000,222.356,222.366,222.356,222.366,36
07.10.2024 18:58:43.000,222.387,222.426,222.386,222.417,96
07.10.2024 18:58:44.000,222.427,222.436,222.426,222.426,36
07.10.2024 18:58:46.000,222.457,222.457,222.446,222.447,48
07.10.2024 18:58:48.000,222.436,222.436,222.426,222.427,60
07.10.2024 18:58:49.000,222.427,222.427,222.426,222.426,48
07.10.2024 18:58:50.000,222.436,222.436,222.426,222.426,36
07.10.2024 18:58:51.000,222.427,222.427,222.427,222.427,12
07.10.2024 18:58:52.000,222.426,222.436,222.426,222.436,24
07.10.2024 18:58:53.000,222.447,222.447,222.436,222.437,48
07.10.2024 18:58:54.000,222.457,222.466,222.457,222.466,48
07.10.2024 18:58:55.000,222.476,222.476,222.476,222.476,24
07.10.2024 18:58:56.000,222.466,222.467,222.466,222.467,24
07.10.2024 18:58:57.000,222.476,222.486,222.466,222.466,48
07.10.2024 18:58:58.000,222.466,222.486,222.466,222.486,24
07.10.2024 18:58:59.000,222.486,222.487,222.486,222.487,48
07.10.2024 18:59:00.000,222.456,222.456,222.447,222.447,24
07.10.2024 18:59:03.000,222.446,222.456,222.446,222.456,60
07.10.2024 18:59:05.000,222.477,222.477,222.436,222.436,36
07.10.2024 18:59:06.000,222.427,222.427,222.386,222.397,72
07.10.2024 18:59:07.000,222.387,222.397,222.377,222.397,72
07.10.2024 18:59:08.000,222.406,222.406,222.396,222.396,84.00000000000001
07.10.2024 18:59:09.000,222.406,222.407,222.406,222.407,24
07.10.2024 18:59:10.000,222.397,222.397,222.386,222.386,36
07.10.2024 18:59:11.000,222.366,222.397,222.366,222.397,48
07.10.2024 18:59:12.000,222.386,222.386,222.366,222.377,72
07.10.2024 18:59:13.000,222.376,222.376,222.336,222.336,72
07.10.2024 18:59:14.000,222.346,222.356,222.346,222.356,24
07.10.2024 18:59:15.000,222.357,222.357,222.337,222.337,48
07.10.2024 18:59:16.000,222.347,222.347,222.347,222.347,12
07.10.2024 18:59:17.000,222.346,222.346,222.337,222.337,36
07.10.2024 18:59:18.000,222.346,222.347,222.326,222.326,60
07.10.2024 18:59:19.000,222.347,222.347,222.346,222.346,24
07.10.2024 18:59:20.000,222.357,222.357,222.336,222.346,48
07.10.2024 18:59:21.000,222.357,222.367,222.357,222.367,24
07.10.2024 18:59:24.000,222.367,222.367,222.367,222.367,12
07.10.2024 18:59:25.000,222.366,222.366,222.366,222.366,12
07.10.2024 18:59:26.000,222.356,222.356,222.327,222.327,108
07.10.2024 18:59:27.000,222.336,222.346,222.327,222.346,72
07.10.2024 18:59:28.000,222.336,222.337,222.326,222.326,36
07.10.2024 18:59:29.000,222.337,222.337,222.326,222.326,24
07.10.2024 18:59:30.000,222.316,222.316,222.316,222.316,24
07.10.2024 18:59:32.000,222.326,222.326,222.296,222.306,60
07.10.2024 18:59:33.000,222.317,222.326,222.317,222.326,24
07.10.2024 18:59:34.000,222.326,222.337,222.326,222.337,24
07.10.2024 18:59:35.000,222.327,222.327,222.326,222.326,36
07.10.2024 18:59:36.000,222.327,222.327,222.327,222.327,36
07.10.2024 18:59:37.000,222.316,222.317,222.307,222.307,48
07.10.2024 18:59:39.000,222.297,222.297,222.286,222.296,36
07.10.2024 18:59:40.000,222.296,222.296,222.296,222.296,12
07.10.2024 18:59:41.000,222.296,222.307,222.296,222.307,36
07.10.2024 18:59:42.000,222.316,222.316,222.316,222.316,12
07.10.2024 18:59:43.000,222.316,222.347,222.316,222.347,48
07.10.2024 18:59:44.000,222.346,222.367,222.326,222.327,72
07.10.2024 18:59:45.000,222.336,222.346,222.326,222.337,48
07.10.2024 18:59:46.000,222.337,222.366,222.337,222.366,84.00000000000001
07.10.2024 18:59:47.000,222.356,222.356,222.336,222.336,36
07.10.2024 18:59:49.000,222.327,222.327,222.316,222.316,60
07.10.2024 18:59:50.000,222.326,222.326,222.317,222.317,24
07.10.2024 18:59:51.000,222.307,222.307,222.307,222.307,12
07.10.2024 18:59:52.000,222.306,222.306,222.246,222.246,48
07.10.2024 18:59:53.000,222.236,222.267,222.226,222.236,131.99999999999997
07.10.2024 18:59:54.000,222.266,222.267,222.247,222.256,72
07.10.2024 18:59:55.000,222.256,222.257,222.256,222.256,36
07.10.2024 18:59:56.000,222.256,222.256,222.256,222.256,24
07.10.2024 18:59:58.000,222.256,222.256,222.247,222.256,48
07.10.2024 18:59:59.000,222.266,222.317,222.266,222.317,36
07.10.2024 19:00:00.000,222.287,222.297,222.256,222.296,96
07.10.2024 19:00:01.000,222.337,222.337,222.276,222.276,96
07.10.2024 19:00:02.000,222.267,222.267,222.266,222.266,60
07.10.2024 19:00:03.000,222.276,222.307,222.266,222.287,108
07.10.2024 19:00:04.000,222.276,222.317,222.276,222.306,60
07.10.2024 19:00:05.000,222.286,222.357,222.286,222.346,84.00000000000001
07.10.2024 19:00:06.000,222.336,222.357,222.336,222.357,84.00000000000001
07.10.2024 19:00:07.000,222.346,222.346,222.306,222.317,72
07.10.2024 19:00:08.000,222.307,222.307,222.287,222.287,24
07.10.2024 19:00:09.000,222.287,222.287,222.287,222.287,12
07.10.2024 19:00:10.000,222.266,222.267,222.266,222.267,36
07.10.2024 19:00:11.000,222.256,222.257,222.246,222.257,48
07.10.2024 19:00:12.000,222.227,222.236,222.216,222.216,72
07.10.2024 19:00:13.000,222.226,222.247,222.226,222.236,84.00000000000001
07.10.2024 19:00:14.000,222.236,222.237,222.226,222.227,96
07.10.2024 19:00:15.000,222.236,222.246,222.236,222.237,48
07.10.2024 19:00:16.000,222.256,222.257,222.236,222.257,36
07.10.2024 19:00:17.000,222.237,222.247,222.236,222.246,60
07.10.2024 19:00:18.000,222.236,222.236,222.236,222.236,12
07.10.2024 19:00:19.000,222.236,222.247,222.236,222.236,72
07.10.2024 19:00:20.000,222.236,222.256,222.236,222.256,36
07.10.2024 19:00:22.000,222.257,222.277,222.257,222.277,84.00000000000001
07.10.2024 19:00:23.000,222.286,222.316,222.276,222.316,48
07.10.2024 19:00:24.000,222.287,222.287,222.286,222.286,24
07.10.2024 19:00:25.000,222.297,222.297,222.297,222.297,12
07.10.2024 19:00:26.000,222.276,222.316,222.276,222.316,60
07.10.2024 19:00:27.000,222.307,222.307,222.306,222.306,36
07.10.2024 19:00:28.000,222.297,222.336,222.297,222.336,84.00000000000001
07.10.2024 19:00:29.000,222.336,222.337,222.326,222.326,48
07.10.2024 19:00:30.000,222.337,222.337,222.317,222.326,84.00000000000001
07.10.2024 19:00:31.000,222.306,222.347,222.306,222.347,36
07.10.2024 19:00:32.000,222.327,222.327,222.327,222.327,12
07.10.2024 19:00:33.000,222.326,222.326,222.326,222.326,12
07.10.2024 19:00:35.000,222.357,222.386,222.347,222.386,84.00000000000001
07.10.2024 19:00:36.000,222.366,222.366,222.366,222.366,24
07.10.2024 19:00:37.000,222.367,222.367,222.327,222.327,36
07.10.2024 19:00:38.000,222.377,222.377,222.337,222.337,24
07.10.2024 19:00:39.000,222.386,222.386,222.386,222.386,12
07.10.2024 19:00:40.000,222.336,222.366,222.336,222.347,48
07.10.2024 19:00:41.000,222.326,222.377,222.316,222.357,96
07.10.2024 19:00:42.000,222.376,222.377,222.376,222.377,24
07.10.2024 19:00:43.000,222.366,222.366,222.356,222.356,24
07.10.2024 19:00:44.000,222.386,222.386,222.326,222.326,48
07.10.2024 19:00:45.000,222.347,222.347,222.337,222.347,48
07.10.2024 19:00:46.000,222.367,222.367,222.347,222.347,48
07.10.2024 19:00:50.000,222.336,222.356,222.336,222.337,36
07.10.2024 19:00:51.000,222.337,222.337,222.336,222.336,24
07.10.2024 19:00:52.000,222.346,222.346,222.336,222.336,36
07.10.2024 19:00:53.000,222.336,222.337,222.336,222.337,24
07.10.2024 19:00:55.000,222.337,222.346,222.337,222.346,36
07.10.2024 19:00:56.000,222.366,222.366,222.337,222.337,60
07.10.2024 19:00:57.000,222.337,222.337,222.337,222.337,12
07.10.2024 19:01:00.000,222.347,222.347,222.347,222.347,24
07.10.2024 19:01:01.000,222.327,222.396,222.327,222.396,72
07.10.2024 19:01:02.000,222.407,222.416,222.397,222.397,60
07.10.2024 19:01:03.000,222.397,222.397,222.376,222.376,24
07.10.2024 19:01:04.000,222.407,222.416,222.396,222.416,36
07.10.2024 19:01:05.000,222.416,222.436,222.416,222.416,36
07.10.2024 19:01:06.000,222.417,222.467,222.417,222.447,60
07.10.2024 19:01:07.000,222.447,222.447,222.386,222.406,48
07.10.2024 19:01:08.000,222.376,222.376,222.376,222.376,12
07.10.2024 19:01:09.000,222.417,222.417,222.417,222.417,12
07.10.2024 19:01:10.000,222.386,222.397,222.376,222.386,60
07.10.2024 19:01:11.000,222.386,222.437,222.386,222.437,84.00000000000001
07.10.2024 19:01:12.000,222.407,222.407,222.407,222.407,12
07.10.2024 19:01:13.000,222.436,222.446,222.406,222.406,60
07.10.2024 19:01:14.000,222.407,222.407,222.407,222.407,24
07.10.2024 19:01:16.000,222.407,222.407,222.407,222.407,12
07.10.2024 19:01:17.000,222.396,222.417,222.396,222.406,48
07.10.2024 19:01:18.000,222.417,222.417,222.406,222.406,24
07.10.2024 19:01:20.000,222.407,222.407,222.377,222.377,24
07.10.2024 19:01:21.000,222.347,222.347,222.307,222.307,60
07.10.2024 19:01:24.000,222.316,222.326,222.316,222.326,36
07.10.2024 19:01:25.000,222.356,222.356,222.356,222.356,12
07.10.2024 19:01:26.000,222.366,222.366,222.357,222.357,48
07.10.2024 19:01:27.000,222.357,222.357,222.357,222.357,12
07.10.2024 19:01:28.000,222.356,222.356,222.356,222.356,12
07.10.2024 19:01:29.000,222.356,222.356,222.356,222.356,12
07.10.2024 19:01:30.000,222.357,222.357,222.357,222.357,12
07.10.2024 19:01:31.000,222.336,222.336,222.336,222.336,12
07.10.2024 19:01:32.000,222.357,222.357,222.347,222.347,48
07.10.2024 19:01:33.000,222.356,222.356,222.336,222.336,36
07.10.2024 19:01:34.000,222.346,222.346,222.346,222.346,12
07.10.2024 19:01:35.000,222.327,222.336,222.327,222.336,24
07.10.2024 19:01:36.000,222.347,222.347,222.337,222.346,36
07.10.2024 19:01:37.000,222.346,222.356,222.317,222.317,48
07.10.2024 19:01:40.000,222.316,222.316,222.316,222.316,12
07.10.2024 19:01:41.000,222.316,222.316,222.316,222.316,12
07.10.2024 19:01:43.000,222.326,222.326,222.316,222.316,24
07.10.2024 19:01:46.000,222.317,222.337,222.317,222.337,36
07.10.2024 19:01:47.000,222.336,222.336,222.317,222.327,48
07.10.2024 19:01:48.000,222.327,222.367,222.327,222.367,48
07.10.2024 19:01:49.000,222.326,222.346,222.326,222.346,72
07.10.2024 19:01:50.000,222.347,222.356,222.347,222.347,36
07.10.2024 19:01:51.000,222.357,222.357,222.346,222.346,24
07.10.2024 19:01:52.000,222.367,222.367,222.356,222.356,24
07.10.2024 19:01:53.000,222.347,222.347,222.347,222.347,12
07.10.2024 19:01:54.000,222.336,222.347,222.336,222.347,24
07.10.2024 19:01:55.000,222.366,222.366,222.366,222.366,24
07.10.2024 19:01:56.000,222.356,222.376,222.347,222.376,36
07.10.2024 19:01:57.000,222.376,222.376,222.366,222.366,36
07.10.2024 19:02:00.000,222.377,222.377,222.377,222.377,12
07.10.2024 19:02:01.000,222.377,222.396,222.367,222.387,60
07.10.2024 19:02:02.000,222.397,222.447,222.396,222.447,36
07.10.2024 19:02:03.000,222.457,222.457,222.456,222.456,24
07.10.2024 19:02:04.000,222.456,222.456,222.456,222.456,12
07.10.2024 19:02:05.000,222.457,222.457,222.457,222.457,12
07.10.2024 19:02:06.000,222.427,222.436,222.427,222.436,36
07.10.2024 19:02:07.000,222.427,222.427,222.427,222.427,12
07.10.2024 19:02:08.000,222.447,222.487,222.447,222.487,24
07.10.2024 19:02:09.000,222.446,222.446,222.446,222.446,12
07.10.2024 19:02:10.000,222.456,222.456,222.426,222.426,48
07.10.2024 19:02:11.000,222.427,222.457,222.427,222.447,48
07.10.2024 19:02:12.000,222.467,222.467,222.447,222.447,24
07.10.2024 19:02:14.000,222.437,222.437,222.417,222.417,60
07.10.2024 19:02:15.000,222.406,222.417,222.387,222.396,60
07.10.2024 19:02:16.000,222.387,222.387,222.386,222.386,36
07.10.2024 19:02:17.000,222.397,222.406,222.386,222.406,48
07.10.2024 19:02:20.000,222.417,222.417,222.367,222.367,60
07.10.2024 19:02:21.000,222.386,222.386,222.376,222.376,48
07.10.2024 19:02:24.000,222.376,222.376,222.376,222.376,12
07.10.2024 19:02:25.000,222.387,222.387,222.376,222.376,36
07.10.2024 19:02:26.000,222.387,222.437,222.387,222.437,48
07.10.2024 19:02:27.000,222.417,222.427,222.417,222.417,36
07.10.2024 19:02:28.000,222.406,222.406,222.406,222.406,12
07.10.2024 19:02:29.000,222.416,222.416,222.407,222.407,36
07.10.2024 19:02:30.000,222.407,222.436,222.406,222.416,72
07.10.2024 19:02:32.000,222.396,222.407,222.396,222.406,60
07.10.2024 19:02:34.000,222.407,222.407,222.407,222.407,12
07.10.2024 19:02:35.000,222.406,222.406,222.397,222.406,48
07.10.2024 19:02:36.000,222.406,222.407,222.406,222.407,36
07.10.2024 19:02:37.000,222.407,222.407,222.407,222.407,12
07.10.2024 19:02:39.000,222.426,222.426,222.406,222.406,24
07.10.2024 19:02:40.000,222.407,222.407,222.406,222.406,24
07.10.2024 19:02:42.000,222.387,222.396,222.387,222.396,24
07.10.2024 19:02:43.000,222.396,222.396,222.396,222.396,12
07.10.2024 19:02:44.000,222.407,222.407,222.407,222.407,24
07.10.2024 19:02:45.000,222.417,222.417,222.406,222.406,24
07.10.2024 19:02:46.000,222.406,222.416,222.406,222.407,48
07.10.2024 19:02:47.000,222.407,222.426,222.407,222.407,36
07.10.2024 19:02:49.000,222.407,222.407,222.407,222.407,12
07.10.2024 19:02:50.000,222.407,222.407,222.407,222.407,12
07.10.2024 19:02:51.000,222.416,222.416,222.416,222.416,12
07.10.2024 19:02:52.000,222.407,222.416,222.406,222.406,36
07.10.2024 19:02:55.000,222.397,222.397,222.397,222.397,12
07.10.2024 19:02:56.000,222.406,222.406,222.406,222.406,12
07.10.2024 19:02:58.000,222.397,222.406,222.396,222.406,48
07.10.2024 19:02:59.000,222.397,222.397,222.397,222.397,12
07.10.2024 19:03:00.000,222.377,222.377,222.356,222.356,36
07.10.2024 19:03:01.000,222.377,222.377,222.356,222.356,48
07.10.2024 19:03:02.000,222.376,222.376,222.346,222.356,96
07.10.2024 19:03:03.000,222.376,222.386,222.376,222.377,36
07.10.2024 19:03:04.000,222.377,222.377,222.377,222.377,24
07.10.2024 19:03:05.000,222.386,222.386,222.386,222.386,24
07.10.2024 19:03:06.000,222.407,222.407,222.407,222.407,12
07.10.2024 19:03:07.000,222.406,222.406,222.406,222.406,12
07.10.2024 19:03:09.000,222.406,222.406,222.406,222.406,12
07.10.2024 19:03:10.000,222.407,222.407,222.397,222.397,24
07.10.2024 19:03:11.000,222.396,222.396,222.396,222.396,12
07.10.2024 19:03:12.000,222.407,222.407,222.407,222.407,12
07.10.2024 19:03:13.000,222.416,222.416,222.416,222.416,12
07.10.2024 19:03:15.000,222.397,222.406,222.397,222.406,24
07.10.2024 19:03:16.000,222.416,222.447,222.416,222.447,60
07.10.2024 19:03:17.000,222.436,222.437,222.436,222.437,36
07.10.2024 19:03:19.000,222.446,222.446,222.436,222.436,24
07.10.2024 19:03:20.000,222.437,222.437,222.406,222.407,36
07.10.2024 19:03:21.000,222.426,222.427,222.426,222.427,24
07.10.2024 19:03:23.000,222.416,222.416,222.406,222.406,24
07.10.2024 19:03:25.000,222.427,222.427,222.427,222.427,12
07.10.2024 19:03:26.000,222.436,222.436,222.436,222.436,12
07.10.2024 19:03:28.000,222.456,222.476,222.456,222.476,36
07.10.2024 19:03:31.000,222.487,222.487,222.487,222.487,12
07.10.2024 19:03:32.000,222.516,222.516,222.496,222.496,48
07.10.2024 19:03:33.000,222.496,222.496,222.496,222.496,12
07.10.2024 19:03:34.000,222.516,222.517,222.496,222.517,60
07.10.2024 19:03:35.000,222.507,222.507,222.486,222.486,24
07.10.2024 19:03:36.000,222.496,222.507,222.496,222.496,48
07.10.2024 19:03:37.000,222.506,222.506,222.496,222.497,36
07.10.2024 19:03:38.000,222.477,222.477,222.476,222.476,24
07.10.2024 19:03:40.000,222.456,222.457,222.446,222.446,36
07.10.2024 19:03:41.000,222.446,222.447,222.437,222.437,60
07.10.2024 19:03:42.000,222.416,222.416,222.416,222.416,12
07.10.2024 19:03:44.000,222.417,222.427,222.416,222.417,60
07.10.2024 19:03:45.000,222.427,222.427,222.426,222.426,24
07.10.2024 19:03:46.000,222.437,222.437,222.426,222.426,24
07.10.2024 19:03:47.000,222.437,222.437,222.437,222.437,12
07.10.2024 19:03:49.000,222.426,222.426,222.426,222.426,12
07.10.2024 19:03:50.000,222.436,222.436,222.436,222.436,12
07.10.2024 19:03:51.000,222.417,222.417,222.417,222.417,12
07.10.2024 19:03:52.000,222.427,222.427,222.427,222.427,12
07.10.2024 19:03:53.000,222.436,222.436,222.417,222.417,36
07.10.2024 19:03:55.000,222.416,222.416,222.416,222.416,12
07.10.2024 19:03:58.000,222.416,222.416,222.416,222.416,12
07.10.2024 19:03:59.000,222.417,222.417,222.417,222.417,12
07.10.2024 19:04:00.000,222.427,222.427,222.427,222.427,12
07.10.2024 19:04:01.000,222.446,222.457,222.437,222.437,60
07.10.2024 19:04:02.000,222.426,222.447,222.426,222.446,72
07.10.2024 19:04:03.000,222.457,222.457,222.447,222.447,24
07.10.2024 19:04:06.000,222.457,222.476,222.457,222.466,48
07.10.2024 19:04:07.000,222.477,222.477,222.466,222.466,24
07.10.2024 19:04:08.000,222.457,222.457,222.457,222.457,12
07.10.2024 19:04:09.000,222.457,222.457,222.457,222.457,24
07.10.2024 19:04:10.000,222.466,222.466,222.457,222.457,24
07.10.2024 19:04:11.000,222.466,222.467,222.457,222.467,36
07.10.2024 19:04:12.000,222.457,222.457,222.457,222.457,12
07.10.2024 19:04:13.000,222.446,222.456,222.446,222.456,24
07.10.2024 19:04:14.000,222.447,222.447,222.447,222.447,12
07.10.2024 19:04:16.000,222.447,222.447,222.447,222.447,12
07.10.2024 19:04:18.000,222.447,222.457,222.447,222.456,48
07.10.2024 19:04:19.000,222.447,222.447,222.447,222.447,12
07.10.2024 19:04:21.000,222.447,222.447,222.436,222.436,36
07.10.2024 19:04:24.000,222.467,222.467,222.457,222.457,24
07.10.2024 19:04:25.000,222.457,222.457,222.446,222.447,48
07.10.2024 19:04:26.000,222.446,222.446,222.426,222.426,24
07.10.2024 19:04:27.000,222.437,222.437,222.426,222.426,24
07.10.2024 19:04:29.000,222.436,222.436,222.426,222.426,24
07.10.2024 19:04:30.000,222.436,222.437,222.426,222.437,36
07.10.2024 19:04:31.000,222.436,222.436,222.436,222.436,12
07.10.2024 19:04:33.000,222.437,222.437,222.437,222.437,12
07.10.2024 19:04:36.000,222.446,222.446,222.446,222.446,12
07.10.2024 19:04:37.000,222.447,222.447,222.447,222.447,12
07.10.2024 19:04:38.000,222.467,222.467,222.467,222.467,12
07.10.2024 19:04:39.000,222.447,222.447,222.447,222.447,12
07.10.2024 19:04:40.000,222.457,222.466,222.457,222.466,24
07.10.2024 19:04:41.000,222.447,222.447,222.446,222.446,24
07.10.2024 19:04:45.000,222.446,222.466,222.446,222.466,24
07.10.2024 19:04:46.000,222.447,222.447,222.447,222.447,12
07.10.2024 19:04:47.000,222.477,222.487,222.477,222.487,24
07.10.2024 19:04:49.000,222.497,222.497,222.487,222.497,36
07.10.2024 19:04:50.000,222.496,222.496,222.476,222.476,36
07.10.2024 19:04:51.000,222.466,222.466,222.457,222.457,36
07.10.2024 19:04:52.000,222.457,222.457,222.457,222.457,12
07.10.2024 19:04:53.000,222.456,222.457,222.456,222.456,48
07.10.2024 19:04:54.000,222.457,222.457,222.457,222.457,24
07.10.2024 19:04:55.000,222.457,222.457,222.446,222.446,36
07.10.2024 19:04:58.000,222.446,222.446,222.446,222.446,12
07.10.2024 19:04:59.000,222.447,222.457,222.446,222.446,48
07.10.2024 19:05:00.000,222.446,222.446,222.446,222.446,12
07.10.2024 19:05:01.000,222.446,222.446,222.417,222.417,48
07.10.2024 19:05:02.000,222.416,222.417,222.416,222.416,36
07.10.2024 19:05:03.000,222.417,222.426,222.416,222.426,36
07.10.2024 19:05:04.000,222.437,222.447,222.437,222.447,48
07.10.2024 19:05:05.000,222.447,222.447,222.446,222.446,48
07.10.2024 19:05:06.000,222.437,222.437,222.436,222.436,24
07.10.2024 19:05:08.000,222.447,222.447,222.417,222.426,36
07.10.2024 19:05:12.000,222.436,222.437,222.436,222.437,24
07.10.2024 19:05:14.000,222.427,222.427,222.427,222.427,12
07.10.2024 19:05:17.000,222.426,222.447,222.426,222.447,24
07.10.2024 19:05:18.000,222.476,222.477,222.476,222.477,24
07.10.2024 19:05:19.000,222.476,222.476,222.476,222.476,12
07.10.2024 19:05:20.000,222.487,222.487,222.487,222.487,12
07.10.2024 19:05:21.000,222.477,222.477,222.476,222.476,24
07.10.2024 19:05:22.000,222.507,222.507,222.506,222.506,24
07.10.2024 19:05:23.000,222.457,222.457,222.457,222.457,12
07.10.2024 19:05:24.000,222.457,222.457,222.456,222.456,24
07.10.2024 19:05:26.000,222.457,222.487,222.457,222.487,24
07.10.2024 19:05:27.000,222.486,222.486,222.486,222.486,12
07.10.2024 19:05:29.000,222.506,222.506,222.506,222.506,12
07.10.2024 19:05:30.000,222.517,222.527,222.517,222.527,24
07.10.2024 19:05:31.000,222.516,222.517,222.497,222.497,48
07.10.2024 19:05:32.000,222.536,222.546,222.536,222.546,24
07.10.2024 19:05:34.000,222.556,222.556,222.556,222.556,12
07.10.2024 19:05:35.000,222.546,222.557,222.546,222.557,24
07.10.2024 19:05:36.000,222.557,222.557,222.557,222.557,12
07.10.2024 19:05:37.000,222.557,222.557,222.557,222.557,12
07.10.2024 19:05:39.000,222.546,222.546,222.517,222.517,24
07.10.2024 19:05:40.000,222.526,222.537,222.517,222.527,60
07.10.2024 19:05:41.000,222.526,222.557,222.526,222.536,96
07.10.2024 19:05:43.000,222.536,222.537,222.536,222.537,24
07.10.2024 19:05:44.000,222.526,222.526,222.526,222.526,24
07.10.2024 19:05:45.000,222.537,222.537,222.526,222.526,36
07.10.2024 19:05:47.000,222.557,222.557,222.557,222.557,12
07.10.2024 19:05:48.000,222.556,222.576,222.547,222.547,60
07.10.2024 19:05:50.000,222.567,222.567,222.566,222.567,48
07.10.2024 19:05:51.000,222.556,222.567,222.556,222.567,24
07.10.2024 19:05:52.000,222.576,222.576,222.576,222.576,12
07.10.2024 19:05:53.000,222.577,222.577,222.577,222.577,12
07.10.2024 19:05:55.000,222.586,222.587,222.576,222.587,36
07.10.2024 19:05:56.000,222.586,222.647,222.586,222.647,60
07.10.2024 19:05:57.000,222.637,222.646,222.636,222.636,36
07.10.2024 19:06:00.000,222.647,222.666,222.637,222.666,36
07.10.2024 19:06:01.000,222.637,222.656,222.626,222.636,48
07.10.2024 19:06:02.000,222.627,222.646,222.626,222.646,60
07.10.2024 19:06:03.000,222.617,222.617,222.617,222.617,12
07.10.2024 19:06:04.000,222.667,222.667,222.656,222.666,36
07.10.2024 19:06:05.000,222.667,222.667,222.667,222.667,24
07.10.2024 19:06:06.000,222.677,222.677,222.676,222.676,24
07.10.2024 19:06:07.000,222.666,222.666,222.626,222.626,48
07.10.2024 19:06:08.000,222.636,222.637,222.636,222.636,36
07.10.2024 19:06:09.000,222.646,222.646,222.636,222.636,24
07.10.2024 19:06:10.000,222.637,222.637,222.637,222.637,12
07.10.2024 19:06:11.000,222.616,222.637,222.606,222.637,48
07.10.2024 19:06:12.000,222.607,222.627,222.607,222.627,24
07.10.2024 19:06:13.000,222.637,222.637,222.637,222.637,24
07.10.2024 19:06:15.000,222.636,222.636,222.626,222.626,24
07.10.2024 19:06:16.000,222.626,222.626,222.626,222.626,12
07.10.2024 19:06:17.000,222.626,222.626,222.626,222.626,12
07.10.2024 19:06:18.000,222.627,222.627,222.626,222.626,24
07.10.2024 19:06:19.000,222.637,222.637,222.637,222.637,12
07.10.2024 19:06:20.000,222.647,222.647,222.646,222.647,36
07.10.2024 19:06:21.000,222.666,222.666,222.656,222.656,24
07.10.2024 19:06:22.000,222.647,222.647,222.646,222.646,24
07.10.2024 19:06:23.000,222.656,222.656,222.656,222.656,12
07.10.2024 19:06:24.000,222.657,222.657,222.647,222.647,36
07.10.2024 19:06:25.000,222.656,222.686,222.656,222.676,36
07.10.2024 19:06:26.000,222.677,222.677,222.677,222.677,12
07.10.2024 19:06:28.000,222.657,222.657,222.656,222.656,48
07.10.2024 19:06:29.000,222.647,222.647,222.647,222.647,36
07.10.2024 19:06:30.000,222.636,222.636,222.636,222.636,12
07.10.2024 19:06:31.000,222.637,222.637,222.637,222.637,12
07.10.2024 19:06:32.000,222.636,222.636,222.636,222.636,12
07.10.2024 19:06:33.000,222.647,222.647,222.646,222.646,24
07.10.2024 19:06:34.000,222.636,222.636,222.636,222.636,12
07.10.2024 19:06:35.000,222.656,222.656,222.656,222.656,12
07.10.2024 19:06:36.000,222.666,222.707,222.666,222.707,24
07.10.2024 19:06:37.000,222.697,222.706,222.686,222.706,36
07.10.2024 19:06:38.000,222.696,222.697,222.696,222.697,36
07.10.2024 19:06:39.000,222.697,222.697,222.697,222.697,12
07.10.2024 19:06:40.000,222.696,222.696,222.687,222.687,24
07.10.2024 19:06:41.000,222.687,222.687,222.687,222.687,12
07.10.2024 19:06:42.000,222.706,222.706,222.706,222.706,24
07.10.2024 19:06:43.000,222.717,222.727,222.717,222.727,36
07.10.2024 19:06:44.000,222.717,222.717,222.716,222.716,24
07.10.2024 19:06:45.000,222.696,222.696,222.696,222.696,12
07.10.2024 19:06:46.000,222.687,222.687,222.687,222.687,12
07.10.2024 19:06:48.000,222.717,222.717,222.717,222.717,12
07.10.2024 19:06:49.000,222.696,222.696,222.686,222.686,36
07.10.2024 19:06:50.000,222.677,222.686,222.676,222.676,48
07.10.2024 19:06:51.000,222.677,222.677,222.656,222.656,24
07.10.2024 19:06:52.000,222.646,222.657,222.646,222.657,36
07.10.2024 19:06:53.000,222.656,222.656,222.656,222.656,12
07.10.2024 19:06:54.000,222.657,222.667,222.657,222.657,36
07.10.2024 19:06:56.000,222.646,222.646,222.637,222.637,36
07.10.2024 19:06:58.000,222.656,222.656,222.656,222.656,12
07.10.2024 19:07:00.000,222.666,222.666,222.657,222.657,24
07.10.2024 19:07:01.000,222.667,222.667,222.666,222.666,24
07.10.2024 19:07:02.000,222.677,222.686,222.676,222.676,60
07.10.2024 19:07:03.000,222.687,222.687,222.676,222.677,48
07.10.2024 19:07:04.000,222.676,222.677,222.676,222.677,24
07.10.2024 19:07:05.000,222.676,222.677,222.676,222.677,24
07.10.2024 19:07:06.000,222.687,222.687,222.686,222.686,24
07.10.2024 19:07:08.000,222.657,222.657,222.657,222.657,12
07.10.2024 19:07:09.000,222.626,222.626,222.626,222.626,12
07.10.2024 19:07:11.000,222.627,222.627,222.627,222.627,24
07.10.2024 19:07:12.000,222.616,222.617,222.616,222.617,24
07.10.2024 19:07:14.000,222.607,222.607,222.607,222.607,12
07.10.2024 19:07:16.000,222.607,222.607,222.606,222.606,24
07.10.2024 19:07:18.000,222.617,222.617,222.617,222.617,12
07.10.2024 19:07:20.000,222.597,222.597,222.597,222.597,12
07.10.2024 19:07:21.000,222.597,222.597,222.586,222.586,48
07.10.2024 19:07:22.000,222.617,222.617,222.587,222.587,24
07.10.2024 19:07:23.000,222.596,222.617,222.596,222.617,24
07.10.2024 19:07:24.000,222.596,222.596,222.586,222.586,24
07.10.2024 19:07:25.000,222.596,222.596,222.596,222.596,12
07.10.2024 19:07:26.000,222.587,222.587,222.587,222.587,12
07.10.2024 19:07:27.000,222.597,222.637,222.597,222.637,48
07.10.2024 19:07:28.000,222.627,222.627,222.627,222.627,24
07.10.2024 19:07:30.000,222.647,222.647,222.647,222.647,12
07.10.2024 19:07:31.000,222.646,222.646,222.646,222.646,12
07.10.2024 19:07:32.000,222.627,222.627,222.626,222.626,24
07.10.2024 19:07:35.000,222.627,222.627,222.627,222.627,12
07.10.2024 19:07:36.000,222.647,222.647,222.636,222.647,36
07.10.2024 19:07:37.000,222.636,222.646,222.636,222.646,36
07.10.2024 19:07:38.000,222.647,222.647,222.647,222.647,12
07.10.2024 19:07:39.000,222.647,222.647,222.647,222.647,12
07.10.2024 19:07:41.000,222.616,222.616,222.616,222.616,12
07.10.2024 19:07:42.000,222.616,222.616,222.616,222.616,24
07.10.2024 19:07:45.000,222.606,222.607,222.606,222.607,24
07.10.2024 19:07:46.000,222.596,222.596,222.596,222.596,24
07.10.2024 19:07:47.000,222.597,222.597,222.597,222.597,12
07.10.2024 19:07:51.000,222.597,222.597,222.577,222.577,24
07.10.2024 19:07:52.000,222.576,222.576,222.576,222.576,12
07.10.2024 19:07:55.000,222.576,222.576,222.576,222.576,12
07.10.2024 19:07:57.000,222.566,222.566,222.566,222.566,12
07.10.2024 19:07:58.000,222.577,222.577,222.566,222.566,24
07.10.2024 19:07:59.000,222.576,222.576,222.576,222.576,12
07.10.2024 19:08:00.000,222.587,222.606,222.587,222.596,48
07.10.2024 19:08:01.000,222.606,222.606,222.576,222.576,48
07.10.2024 19:08:03.000,222.586,222.586,222.586,222.586,24
07.10.2024 19:08:04.000,222.587,222.587,222.587,222.587,12
07.10.2024 19:08:05.000,222.597,222.607,222.597,222.607,36
07.10.2024 19:08:06.000,222.597,222.597,222.596,222.597,36
07.10.2024 19:08:07.000,222.607,222.607,222.597,222.597,24
07.10.2024 19:08:10.000,222.596,222.596,222.586,222.586,24
07.10.2024 19:08:11.000,222.577,222.577,222.577,222.577,12
07.10.2024 19:08:13.000,222.577,222.577,222.576,222.576,24
07.10.2024 19:08:14.000,222.587,222.587,222.566,222.566,72
07.10.2024 19:08:15.000,222.576,222.576,222.576,222.576,12
07.10.2024 19:08:17.000,222.577,222.617,222.577,222.606,48
07.10.2024 19:08:18.000,222.617,222.627,222.607,222.627,60
07.10.2024 19:08:19.000,222.627,222.627,222.627,222.627,24
07.10.2024 19:08:20.000,222.627,222.627,222.627,222.627,12
07.10.2024 19:08:21.000,222.607,222.646,222.607,222.626,48
07.10.2024 19:08:23.000,222.637,222.637,222.636,222.636,24
07.10.2024 19:08:24.000,222.666,222.666,222.666,222.666,12
07.10.2024 19:08:25.000,222.656,222.657,222.646,222.646,72
07.10.2024 19:08:26.000,222.647,222.647,222.646,222.646,24
07.10.2024 19:08:28.000,222.637,222.637,222.637,222.637,12
07.10.2024 19:08:29.000,222.637,222.637,222.637,222.637,12
07.10.2024 19:08:32.000,222.646,222.646,222.646,222.646,12
07.10.2024 19:08:34.000,222.637,222.637,222.637,222.637,12
07.10.2024 19:08:36.000,222.647,222.647,222.636,222.637,36
07.10.2024 19:08:37.000,222.646,222.656,222.646,222.656,48
07.10.2024 19:08:38.000,222.647,222.647,222.647,222.647,12
07.10.2024 19:08:39.000,222.636,222.636,222.636,222.636,12
07.10.2024 19:08:40.000,222.637,222.656,222.637,222.656,24
07.10.2024 19:08:41.000,222.666,222.666,222.637,222.637,36
07.10.2024 19:08:42.000,222.637,222.657,222.636,222.657,36
07.10.2024 19:08:43.000,222.637,222.647,222.637,222.647,24
07.10.2024 19:08:44.000,222.646,222.656,222.646,222.656,24
07.10.2024 19:08:45.000,222.656,222.656,222.647,222.647,24
07.10.2024 19:08:46.000,222.656,222.656,222.637,222.637,24
07.10.2024 19:08:47.000,222.636,222.636,222.636,222.636,12
07.10.2024 19:08:51.000,222.636,222.636,222.636,222.636,12
07.10.2024 19:08:57.000,222.607,222.607,222.586,222.586,48
07.10.2024 19:08:58.000,222.606,222.606,222.586,222.596,36
07.10.2024 19:09:00.000,222.606,222.606,222.597,222.597,24
07.10.2024 19:09:01.000,222.597,222.597,222.597,222.597,24
07.10.2024 19:09:02.000,222.627,222.657,222.627,222.657,48
07.10.2024 19:09:03.000,222.637,222.637,222.627,222.636,36
07.10.2024 19:09:04.000,222.647,222.647,222.636,222.636,48
07.10.2024 19:09:05.000,222.646,222.646,222.617,222.617,48
07.10.2024 19:09:06.000,222.607,222.616,222.606,222.616,36
07.10.2024 19:09:07.000,222.607,222.616,222.607,222.616,24
07.10.2024 19:09:09.000,222.606,222.606,222.606,222.606,12
07.10.2024 19:09:10.000,222.607,222.607,222.607,222.607,12
07.10.2024 19:09:11.000,222.606,222.606,222.606,222.606,12
07.10.2024 19:09:12.000,222.597,222.627,222.597,222.627,60
07.10.2024 19:09:13.000,222.627,222.637,222.626,222.637,60
07.10.2024 19:09:14.000,222.637,222.637,222.616,222.616,24
07.10.2024 19:09:15.000,222.636,222.647,222.636,222.636,60
07.10.2024 19:09:16.000,222.646,222.646,222.636,222.636,24
07.10.2024 19:09:18.000,222.637,222.657,222.627,222.657,72
07.10.2024 19:09:19.000,222.667,222.667,222.657,222.657,24
07.10.2024 19:09:21.000,222.647,222.647,222.647,222.647,12
07.10.2024 19:09:22.000,222.647,222.647,222.637,222.646,36
07.10.2024 19:09:23.000,222.647,222.647,222.637,222.637,24
07.10.2024 19:09:25.000,222.646,222.646,222.646,222.646,12
07.10.2024 19:09:28.000,222.647,222.656,222.647,222.656,24
07.10.2024 19:09:29.000,222.646,222.646,222.646,222.646,12
07.10.2024 19:09:30.000,222.626,222.647,222.626,222.647,48
07.10.2024 19:09:31.000,222.667,222.677,222.647,222.657,60
07.10.2024 19:09:32.000,222.677,222.677,222.657,222.676,36
07.10.2024 19:09:33.000,222.687,222.687,222.687,222.687,24
07.10.2024 19:09:34.000,222.677,222.677,222.676,222.676,36
07.10.2024 19:09:35.000,222.677,222.677,222.677,222.677,12
07.10.2024 19:09:36.000,222.697,222.726,222.697,222.707,60
07.10.2024 19:09:37.000,222.727,222.737,222.706,222.737,60
07.10.2024 19:09:38.000,222.737,222.737,222.717,222.726,72
07.10.2024 19:09:39.000,222.726,222.726,222.716,222.716,24
07.10.2024 19:09:40.000,222.717,222.717,222.717,222.717,24
07.10.2024 19:09:41.000,222.726,222.726,222.726,222.726,12
07.10.2024 19:09:43.000,222.717,222.717,222.717,222.717,12
07.10.2024 19:09:46.000,222.716,222.717,222.716,222.717,24
07.10.2024 19:09:47.000,222.716,222.757,222.716,222.757,36
07.10.2024 19:09:48.000,222.746,222.747,222.746,222.747,36
07.10.2024 19:09:52.000,222.746,222.746,222.736,222.736,24
07.10.2024 19:09:53.000,222.746,222.756,222.746,222.756,24
07.10.2024 19:09:54.000,222.736,222.736,222.736,222.736,12
07.10.2024 19:09:57.000,222.717,222.717,222.717,222.717,12
07.10.2024 19:09:58.000,222.727,222.736,222.727,222.727,48
07.10.2024 19:10:01.000,222.736,222.736,222.716,222.716,48
07.10.2024 19:10:02.000,222.736,222.736,222.736,222.736,12
07.10.2024 19:10:03.000,222.726,222.746,222.726,222.736,48
07.10.2024 19:10:04.000,222.736,222.736,222.736,222.736,12
07.10.2024 19:10:05.000,222.716,222.717,222.716,222.717,36
07.10.2024 19:10:06.000,222.737,222.756,222.736,222.756,48
07.10.2024 19:10:08.000,222.756,222.756,222.736,222.736,60
07.10.2024 19:10:09.000,222.736,222.736,222.736,222.736,12
07.10.2024 19:10:10.000,222.747,222.747,222.747,222.747,12
07.10.2024 19:10:11.000,222.747,222.747,222.737,222.737,24
07.10.2024 19:10:12.000,222.737,222.737,222.696,222.697,48
07.10.2024 19:10:13.000,222.717,222.717,222.696,222.697,72
07.10.2024 19:10:14.000,222.716,222.716,222.707,222.707,24
07.10.2024 19:10:15.000,222.727,222.727,222.706,222.706,48
07.10.2024 19:10:17.000,222.726,222.737,222.726,222.726,36
07.10.2024 19:10:18.000,222.737,222.737,222.726,222.727,36
07.10.2024 19:10:19.000,222.716,222.716,222.676,222.676,72
07.10.2024 19:10:20.000,222.667,222.667,222.667,222.667,12
07.10.2024 19:10:21.000,222.666,222.666,222.666,222.666,12
07.10.2024 19:10:22.000,222.666,222.666,222.666,222.666,12
07.10.2024 19:10:23.000,222.667,222.667,222.666,222.666,24
07.10.2024 19:10:24.000,222.667,222.667,222.667,222.667,12
07.10.2024 19:10:25.000,222.667,222.667,222.667,222.667,12
07.10.2024 19:10:26.000,222.666,222.667,222.666,222.666,36
07.10.2024 19:10:28.000,222.687,222.687,222.687,222.687,24
07.10.2024 19:10:30.000,222.676,222.676,222.666,222.666,36
07.10.2024 19:10:31.000,222.657,222.657,222.656,222.657,48
07.10.2024 19:10:32.000,222.657,222.657,222.657,222.657,12
07.10.2024 19:10:33.000,222.656,222.656,222.656,222.656,12
07.10.2024 19:10:34.000,222.657,222.657,222.656,222.657,48
07.10.2024 19:10:35.000,222.656,222.656,222.656,222.656,12
07.10.2024 19:10:37.000,222.667,222.667,222.666,222.666,24
07.10.2024 19:10:38.000,222.656,222.656,222.606,222.617,36
07.10.2024 19:10:39.000,222.616,222.627,222.616,222.627,24
07.10.2024 19:10:40.000,222.617,222.617,222.617,222.617,12
07.10.2024 19:10:41.000,222.616,222.616,222.606,222.606,36
07.10.2024 19:10:42.000,222.617,222.617,222.596,222.607,72
07.10.2024 19:10:43.000,222.597,222.626,222.596,222.626,48
07.10.2024 19:10:44.000,222.607,222.626,222.607,222.626,24
07.10.2024 19:10:45.000,222.627,222.627,222.627,222.627,24
07.10.2024 19:10:46.000,222.606,222.607,222.606,222.607,24
07.10.2024 19:10:47.000,222.617,222.617,222.596,222.596,36
07.10.2024 19:10:48.000,222.596,222.597,222.596,222.597,24
07.10.2024 19:10:49.000,222.596,222.596,222.596,222.596,12
07.10.2024 19:10:50.000,222.597,222.597,222.586,222.586,48
07.10.2024 19:10:57.000,222.587,222.597,222.587,222.596,48
07.10.2024 19:10:58.000,222.587,222.587,222.587,222.587,12
07.10.2024 19:10:59.000,222.567,222.567,222.567,222.567,12
07.10.2024 19:11:00.000,222.566,222.566,222.566,222.566,24
07.10.2024 19:11:01.000,222.576,222.597,222.576,222.597,48
07.10.2024 19:11:02.000,222.596,222.596,222.586,222.586,60
07.10.2024 19:11:03.000,222.597,222.597,222.597,222.597,12
07.10.2024 19:11:04.000,222.606,222.606,222.606,222.606,12
07.10.2024 19:11:05.000,222.617,222.636,222.617,222.636,24
07.10.2024 19:11:06.000,222.636,222.636,222.636,222.636,12
07.10.2024 19:11:07.000,222.646,222.646,222.636,222.636,24
07.10.2024 19:11:08.000,222.636,222.697,222.636,222.697,60
07.10.2024 19:11:09.000,222.697,222.697,222.697,222.697,12
07.10.2024 19:11:10.000,222.656,222.656,222.656,222.656,12
07.10.2024 19:11:11.000,222.676,222.676,222.636,222.636,60
07.10.2024 19:11:12.000,222.636,222.636,222.636,222.636,12
07.10.2024 19:11:14.000,222.636,222.636,222.636,222.636,24
07.10.2024 19:11:15.000,222.636,222.636,222.636,222.636,12
07.10.2024 19:11:16.000,222.636,222.636,222.636,222.636,12
07.10.2024 19:11:17.000,222.617,222.617,222.616,222.616,48
07.10.2024 19:11:18.000,222.616,222.616,222.616,222.616,12
07.10.2024 19:11:19.000,222.627,222.637,222.627,222.637,24
07.10.2024 19:11:20.000,222.647,222.647,222.647,222.647,24
07.10.2024 19:11:21.000,222.627,222.627,222.627,222.627,12
07.10.2024 19:11:22.000,222.626,222.626,222.626,222.626,24
07.10.2024 19:11:23.000,222.626,222.626,222.616,222.616,48
07.10.2024 19:11:25.000,222.607,222.607,222.606,222.606,36
07.10.2024 19:11:27.000,222.606,222.626,222.606,222.626,24
07.10.2024 19:11:28.000,222.607,222.607,222.607,222.607,12
07.10.2024 19:11:30.000,222.646,222.647,222.646,222.647,24
07.10.2024 19:11:31.000,222.646,222.646,222.646,222.646,12
07.10.2024 19:11:32.000,222.646,222.646,222.646,222.646,24
07.10.2024 19:11:33.000,222.626,222.626,222.626,222.626,12
07.10.2024 19:11:34.000,222.627,222.627,222.627,222.627,12
07.10.2024 19:11:35.000,222.657,222.657,222.657,222.657,12
07.10.2024 19:11:36.000,222.636,222.647,222.636,222.636,36
07.10.2024 19:11:37.000,222.627,222.627,222.627,222.627,12
07.10.2024 19:11:39.000,222.626,222.626,222.626,222.626,12
07.10.2024 19:11:40.000,222.627,222.627,222.627,222.627,36
07.10.2024 19:11:42.000,222.627,222.627,222.627,222.627,12
07.10.2024 19:11:43.000,222.626,222.626,222.626,222.626,12
07.10.2024 19:11:45.000,222.636,222.636,222.626,222.627,60
07.10.2024 19:11:47.000,222.626,222.626,222.626,222.626,24
07.10.2024 19:11:51.000,222.627,222.637,222.627,222.637,24
07.10.2024 19:11:53.000,222.637,222.637,222.637,222.637,12
07.10.2024 19:11:54.000,222.636,222.636,222.636,222.636,12
07.10.2024 19:11:55.000,222.657,222.657,222.636,222.636,36
07.10.2024 19:11:56.000,222.637,222.656,222.637,222.656,24
07.10.2024 19:11:57.000,222.646,222.646,222.646,222.646,12
07.10.2024 19:11:58.000,222.657,222.676,222.646,222.646,48
07.10.2024 19:11:59.000,222.667,222.667,222.666,222.666,24
07.10.2024 19:12:00.000,222.676,222.686,222.676,222.686,24
07.10.2024 19:12:01.000,222.676,222.676,222.667,222.667,24
07.10.2024 19:12:02.000,222.666,222.677,222.666,222.666,36
07.10.2024 19:12:04.000,222.666,222.667,222.666,222.667,24
07.10.2024 19:12:06.000,222.657,222.657,222.657,222.657,12
07.10.2024 19:12:07.000,222.656,222.656,222.656,222.656,12
07.10.2024 19:12:08.000,222.636,222.636,222.636,222.636,12
07.10.2024 19:12:09.000,222.637,222.637,222.636,222.636,24
07.10.2024 19:12:10.000,222.647,222.647,222.637,222.637,24
07.10.2024 19:12:11.000,222.637,222.637,222.637,222.637,12
07.10.2024 19:12:12.000,222.636,222.636,222.636,222.636,24
07.10.2024 19:12:14.000,222.606,222.607,222.587,222.587,36
07.10.2024 19:12:15.000,222.586,222.586,222.586,222.586,12
07.10.2024 19:12:16.000,222.616,222.616,222.596,222.596,36
07.10.2024 19:12:17.000,222.626,222.627,222.626,222.627,36
07.10.2024 19:12:18.000,222.617,222.617,222.616,222.616,36
07.10.2024 19:12:19.000,222.626,222.626,222.616,222.616,36
07.10.2024 19:12:20.000,222.626,222.626,222.626,222.626,24
07.10.2024 19:12:21.000,222.617,222.617,222.607,222.607,24
07.10.2024 19:12:25.000,222.626,222.626,222.626,222.626,12
07.10.2024 19:12:27.000,222.636,222.636,222.636,222.636,12
07.10.2024 19:12:28.000,222.636,222.636,222.636,222.636,12
07.10.2024 19:12:29.000,222.627,222.627,222.607,222.607,36
07.10.2024 19:12:31.000,222.597,222.597,222.586,222.587,60
07.10.2024 19:12:32.000,222.586,222.587,222.577,222.577,36
07.10.2024 19:12:33.000,222.587,222.587,222.587,222.587,12
07.10.2024 19:12:34.000,222.577,222.577,222.556,222.567,84.00000000000001
07.10.2024 19:12:35.000,222.557,222.566,222.557,222.566,24
07.10.2024 19:12:36.000,222.557,222.557,222.557,222.557,12
07.10.2024 19:12:37.000,222.576,222.576,222.566,222.566,24
07.10.2024 19:12:38.000,222.566,222.566,222.566,222.566,12
07.10.2024 19:12:44.000,222.587,222.596,222.587,222.596,24
07.10.2024 19:12:45.000,222.617,222.617,222.617,222.617,12
07.10.2024 19:12:47.000,222.627,222.627,222.617,222.617,24
07.10.2024 19:12:48.000,222.627,222.627,222.617,222.617,24
07.10.2024 19:12:49.000,222.637,222.647,222.616,222.647,48
07.10.2024 19:12:50.000,222.656,222.666,222.646,222.647,60
07.10.2024 19:12:51.000,222.647,222.647,222.647,222.647,12
07.10.2024 19:12:54.000,222.637,222.656,222.636,222.636,36
07.10.2024 19:12:56.000,222.636,222.657,222.636,222.646,84.00000000000001
07.10.2024 19:12:57.000,222.647,222.647,222.647,222.647,36
07.10.2024 19:12:58.000,222.656,222.656,222.656,222.656,12
07.10.2024 19:12:59.000,222.667,222.667,222.667,222.667,12
07.10.2024 19:13:00.000,222.677,222.677,222.677,222.677,12
07.10.2024 19:13:01.000,222.686,222.686,222.666,222.666,48
07.10.2024 19:13:02.000,222.687,222.687,222.687,222.687,12
07.10.2024 19:13:04.000,222.687,222.707,222.687,222.707,24
07.10.2024 19:13:05.000,222.717,222.717,222.717,222.717,12
07.10.2024 19:13:06.000,222.706,222.707,222.706,222.707,24
07.10.2024 19:13:07.000,222.716,222.716,222.716,222.716,12
07.10.2024 19:13:08.000,222.736,222.736,222.736,222.736,12
07.10.2024 19:13:09.000,222.736,222.736,222.697,222.697,36
07.10.2024 19:13:13.000,222.696,222.717,222.696,222.717,36
07.10.2024 19:13:14.000,222.707,222.707,222.706,222.706,24
07.10.2024 19:13:16.000,222.707,222.707,222.707,222.707,12
07.10.2024 19:13:17.000,222.717,222.717,222.706,222.706,24
07.10.2024 19:13:18.000,222.707,222.707,222.707,222.707,36
07.10.2024 19:13:20.000,222.706,222.706,222.706,222.706,24
07.10.2024 19:13:21.000,222.707,222.707,222.686,222.686,36
07.10.2024 19:13:22.000,222.686,222.687,222.677,222.677,36
07.10.2024 19:13:23.000,222.677,222.697,222.677,222.697,48
07.10.2024 19:13:24.000,222.686,222.686,222.676,222.676,36
07.10.2024 19:13:25.000,222.667,222.667,222.666,222.666,24
07.10.2024 19:13:26.000,222.667,222.667,222.667,222.667,12
07.10.2024 19:13:27.000,222.656,222.656,222.606,222.606,48
07.10.2024 19:13:30.000,222.606,222.637,222.606,222.637,48
07.10.2024 19:13:31.000,222.616,222.617,222.606,222.606,36
07.10.2024 19:13:32.000,222.606,222.606,222.606,222.606,24
07.10.2024 19:13:33.000,222.596,222.597,222.596,222.597,24
07.10.2024 19:13:34.000,222.617,222.617,222.607,222.607,36
07.10.2024 19:13:35.000,222.607,222.607,222.597,222.597,24
07.10.2024 19:13:36.000,222.596,222.616,222.596,222.616,84.00000000000001
07.10.2024 19:13:37.000,222.617,222.617,222.606,222.606,36
07.10.2024 19:13:39.000,222.606,222.606,222.587,222.597,36
07.10.2024 19:13:40.000,222.596,222.596,222.596,222.596,24
07.10.2024 19:13:41.000,222.597,222.607,222.596,222.596,48
07.10.2024 19:13:42.000,222.596,222.596,222.596,222.596,12
07.10.2024 19:13:43.000,222.596,222.597,222.596,222.597,36
07.10.2024 19:13:45.000,222.597,222.597,222.597,222.597,12
07.10.2024 19:13:46.000,222.597,222.597,222.597,222.597,12
07.10.2024 19:13:47.000,222.597,222.597,222.596,222.597,36
07.10.2024 19:13:48.000,222.596,222.597,222.596,222.597,48
07.10.2024 19:13:49.000,222.607,222.616,222.606,222.616,36
07.10.2024 19:13:50.000,222.626,222.626,222.626,222.626,12
07.10.2024 19:13:51.000,222.616,222.617,222.616,222.617,24
07.10.2024 19:13:54.000,222.617,222.617,222.617,222.617,12
07.10.2024 19:13:56.000,222.606,222.627,222.606,222.627,48
07.10.2024 19:13:58.000,222.617,222.617,222.607,222.607,24
07.10.2024 19:14:00.000,222.616,222.616,222.606,222.606,36
07.10.2024 19:14:01.000,222.597,222.597,222.597,222.597,12
07.10.2024 19:14:02.000,222.597,222.597,222.596,222.596,24
07.10.2024 19:14:03.000,222.606,222.606,222.596,222.596,24
07.10.2024 19:14:04.000,222.616,222.617,222.597,222.617,60
07.10.2024 19:14:07.000,222.627,222.627,222.627,222.627,12
07.10.2024 19:14:08.000,222.617,222.617,222.617,222.617,12
07.10.2024 19:14:09.000,222.617,222.617,222.617,222.617,12
07.10.2024 19:14:11.000,222.617,222.617,222.596,222.596,36
07.10.2024 19:14:12.000,222.626,222.626,222.616,222.616,24
07.10.2024 19:14:14.000,222.607,222.607,222.607,222.607,12
07.10.2024 19:14:16.000,222.607,222.607,222.607,222.607,12
07.10.2024 19:14:19.000,222.617,222.617,222.617,222.617,12
07.10.2024 19:14:21.000,222.606,222.606,222.606,222.606,12
07.10.2024 19:14:23.000,222.616,222.616,222.616,222.616,12
07.10.2024 19:14:28.000,222.616,222.626,222.616,222.616,36
07.10.2024 19:14:29.000,222.626,222.626,222.626,222.626,24
07.10.2024 19:14:30.000,222.617,222.627,222.617,222.627,24
07.10.2024 19:14:31.000,222.616,222.626,222.616,222.626,48
07.10.2024 19:14:35.000,222.627,222.627,222.626,222.626,24
07.10.2024 19:14:36.000,222.626,222.626,222.626,222.626,12
07.10.2024 19:14:38.000,222.616,222.627,222.616,222.627,36
07.10.2024 19:14:39.000,222.606,222.606,222.606,222.606,12
07.10.2024 19:14:40.000,222.607,222.607,222.597,222.597,24
07.10.2024 19:14:42.000,222.587,222.607,222.576,222.576,48
07.10.2024 19:14:44.000,222.577,222.577,222.577,222.577,12
07.10.2024 19:14:45.000,222.576,222.576,222.576,222.576,24
07.10.2024 19:14:46.000,222.587,222.587,222.577,222.577,24
07.10.2024 19:14:47.000,222.577,222.577,222.577,222.577,12
07.10.2024 19:14:48.000,222.587,222.587,222.576,222.576,24
07.10.2024 19:14:49.000,222.577,222.577,222.577,222.577,12
07.10.2024 19:14:50.000,222.576,222.576,222.576,222.576,12
07.10.2024 19:14:51.000,222.577,222.577,222.577,222.577,12
07.10.2024 19:14:52.000,222.577,222.577,222.577,222.577,24
07.10.2024 19:14:54.000,222.576,222.576,222.576,222.576,12
07.10.2024 19:14:56.000,222.577,222.577,222.577,222.577,12
07.10.2024 19:14:59.000,222.577,222.577,222.557,222.557,24
07.10.2024 19:15:00.000,222.557,222.557,222.557,222.557,24
07.10.2024 19:15:01.000,222.556,222.557,222.556,222.556,60
07.10.2024 19:15:02.000,222.566,222.566,222.566,222.566,24
07.10.2024 19:15:04.000,222.556,222.556,222.556,222.556,12
07.10.2024 19:15:05.000,222.557,222.567,222.556,222.556,36
07.10.2024 19:15:07.000,222.567,222.567,222.557,222.557,36
07.10.2024 19:15:08.000,222.566,222.587,222.566,222.587,72
07.10.2024 19:15:09.000,222.616,222.616,222.607,222.607,24
07.10.2024 19:15:10.000,222.606,222.626,222.606,222.607,72
07.10.2024 19:15:11.000,222.616,222.636,222.616,222.636,36
07.10.2024 19:15:12.000,222.616,222.617,222.616,222.617,36
07.10.2024 19:15:14.000,222.607,222.607,222.606,222.606,24
07.10.2024 19:15:15.000,222.616,222.616,222.607,222.607,48
07.10.2024 19:15:16.000,222.607,222.607,222.597,222.597,24
07.10.2024 19:15:18.000,222.607,222.607,222.607,222.607,12
07.10.2024 19:15:19.000,222.607,222.607,222.576,222.576,36
07.10.2024 19:15:21.000,222.566,222.566,222.566,222.566,12
07.10.2024 19:15:23.000,222.566,222.566,222.556,222.566,36
07.10.2024 19:15:24.000,222.556,222.556,222.556,222.556,12
07.10.2024 19:15:26.000,222.567,222.567,222.567,222.567,12
07.10.2024 19:15:30.000,222.567,222.567,222.566,222.566,36
07.10.2024 19:15:31.000,222.567,222.597,222.567,222.597,84.00000000000001
07.10.2024 19:15:32.000,222.586,222.586,222.586,222.586,12
07.10.2024 19:15:33.000,222.587,222.587,222.587,222.587,12
07.10.2024 19:15:35.000,222.597,222.607,222.597,222.607,24
07.10.2024 19:15:36.000,222.596,222.596,222.596,222.596,12
07.10.2024 19:15:38.000,222.606,222.606,222.606,222.606,12
07.10.2024 19:15:40.000,222.606,222.617,222.606,222.617,24
07.10.2024 19:15:41.000,222.616,222.636,222.616,222.626,60
07.10.2024 19:15:42.000,222.616,222.627,222.616,222.627,36
07.10.2024 19:15:43.000,222.647,222.647,222.647,222.647,12
07.10.2024 19:15:44.000,222.646,222.646,222.646,222.646,12
07.10.2024 19:15:45.000,222.647,222.647,222.647,222.647,12
07.10.2024 19:15:46.000,222.637,222.637,222.637,222.637,12
07.10.2024 19:15:50.000,222.646,222.646,222.636,222.636,36
07.10.2024 19:15:52.000,222.637,222.637,222.626,222.626,24
07.10.2024 19:15:54.000,222.596,222.597,222.586,222.586,36
07.10.2024 19:15:55.000,222.587,222.587,222.577,222.577,24
07.10.2024 19:15:57.000,222.566,222.566,222.566,222.566,12
07.10.2024 19:15:59.000,222.566,222.566,222.566,222.566,12
07.10.2024 19:16:00.000,222.576,222.576,222.576,222.576,12
07.10.2024 19:16:01.000,222.576,222.576,222.576,222.576,12
07.10.2024 19:16:02.000,222.557,222.557,222.547,222.547,36
07.10.2024 19:16:03.000,222.516,222.517,222.516,222.516,48
07.10.2024 19:16:04.000,222.517,222.537,222.517,222.537,24
07.10.2024 19:16:05.000,222.536,222.537,222.536,222.537,24
07.10.2024 19:16:07.000,222.516,222.516,222.516,222.516,12
07.10.2024 19:16:08.000,222.516,222.516,222.516,222.516,12
07.10.2024 19:16:11.000,222.486,222.487,222.486,222.487,36
07.10.2024 19:16:12.000,222.486,222.486,222.486,222.486,12
07.10.2024 19:16:14.000,222.497,222.497,222.497,222.497,12
07.10.2024 19:16:20.000,222.517,222.527,222.517,222.517,36
07.10.2024 19:16:21.000,222.517,222.517,222.517,222.517,12
07.10.2024 19:16:22.000,222.526,222.526,222.526,222.526,12
07.10.2024 19:16:24.000,222.496,222.496,222.496,222.496,12
07.10.2024 19:16:25.000,222.497,222.497,222.497,222.497,12
07.10.2024 19:16:27.000,222.517,222.517,222.517,222.517,12
07.10.2024 19:16:28.000,222.517,222.527,222.517,222.527,24
07.10.2024 19:16:29.000,222.526,222.556,222.526,222.556,36
07.10.2024 19:16:30.000,222.547,222.547,222.546,222.546,24
07.10.2024 19:16:31.000,222.546,222.546,222.536,222.536,24
07.10.2024 19:16:32.000,222.537,222.537,222.537,222.537,12
07.10.2024 19:16:33.000,222.536,222.536,222.536,222.536,12
07.10.2024 19:16:34.000,222.547,222.547,222.547,222.547,12
07.10.2024 19:16:35.000,222.536,222.556,222.536,222.556,48
07.10.2024 19:16:37.000,222.567,222.567,222.546,222.546,24
07.10.2024 19:16:38.000,222.547,222.547,222.546,222.546,36
07.10.2024 19:16:39.000,222.546,222.546,222.546,222.546,24
07.10.2024 19:16:41.000,222.547,222.547,222.546,222.546,24
07.10.2024 19:16:42.000,222.546,222.546,222.546,222.546,12
07.10.2024 19:16:43.000,222.546,222.547,222.527,222.527,36
07.10.2024 19:16:44.000,222.536,222.537,222.526,222.526,48
07.10.2024 19:16:45.000,222.537,222.537,222.527,222.527,24
07.10.2024 19:16:46.000,222.547,222.547,222.536,222.536,24
07.10.2024 19:16:47.000,222.557,222.557,222.557,222.557,12
07.10.2024 19:16:49.000,222.547,222.547,222.547,222.547,12
07.10.2024 19:16:50.000,222.557,222.566,222.557,222.557,36
07.10.2024 19:16:51.000,222.546,222.546,222.546,222.546,12
07.10.2024 19:16:54.000,222.557,222.566,222.556,222.556,72
07.10.2024 19:16:56.000,222.556,222.557,222.556,222.557,36
07.10.2024 19:16:57.000,222.567,222.567,222.567,222.567,24
07.10.2024 19:16:58.000,222.557,222.557,222.557,222.557,12
07.10.2024 19:16:59.000,222.557,222.557,222.537,222.556,36
07.10.2024 19:17:00.000,222.536,222.536,222.536,222.536,12
07.10.2024 19:17:01.000,222.556,222.566,222.556,222.556,36
07.10.2024 19:17:02.000,222.567,222.576,222.556,222.576,48
07.10.2024 19:17:05.000,222.587,222.596,222.587,222.596,24
07.10.2024 19:17:06.000,222.586,222.596,222.586,222.596,24
07.10.2024 19:17:07.000,222.587,222.587,222.576,222.576,36
07.10.2024 19:17:08.000,222.576,222.576,222.576,222.576,12
07.10.2024 19:17:09.000,222.567,222.567,222.536,222.536,48
07.10.2024 19:17:10.000,222.526,222.526,222.526,222.526,12
07.10.2024 19:17:11.000,222.506,222.526,222.496,222.496,36
07.10.2024 19:17:14.000,222.496,222.496,222.496,222.496,12
07.10.2024 19:17:16.000,222.497,222.497,222.496,222.496,24
07.10.2024 19:17:19.000,222.506,222.527,222.506,222.527,24
07.10.2024 19:17:21.000,222.557,222.557,222.526,222.526,48
07.10.2024 19:17:22.000,222.537,222.537,222.526,222.526,24
07.10.2024 19:17:23.000,222.527,222.527,222.527,222.527,12
07.10.2024 19:17:24.000,222.526,222.546,222.526,222.546,36
07.10.2024 19:17:25.000,222.526,222.546,222.526,222.546,24
07.10.2024 19:17:26.000,222.527,222.537,222.526,222.526,60
07.10.2024 19:17:27.000,222.517,222.517,222.506,222.506,36
07.10.2024 19:17:28.000,222.507,222.507,222.507,222.507,12
07.10.2024 19:17:29.000,222.517,222.517,222.517,222.517,12
07.10.2024 19:17:31.000,222.516,222.517,222.516,222.517,24
07.10.2024 19:17:32.000,222.517,222.517,222.517,222.517,24
07.10.2024 19:17:34.000,222.496,222.496,222.496,222.496,12
07.10.2024 19:17:36.000,222.507,222.507,222.507,222.507,12
07.10.2024 19:17:38.000,222.517,222.517,222.506,222.506,24
07.10.2024 19:17:39.000,222.506,222.506,222.506,222.506,12
07.10.2024 19:17:40.000,222.507,222.507,222.507,222.507,12
07.10.2024 19:17:41.000,222.517,222.517,222.517,222.517,12
07.10.2024 19:17:42.000,222.506,222.506,222.506,222.506,12
07.10.2024 19:17:44.000,222.497,222.497,222.496,222.496,24
07.10.2024 19:17:45.000,222.496,222.497,222.496,222.497,24
07.10.2024 19:17:46.000,222.496,222.496,222.436,222.467,36
07.10.2024 19:17:47.000,222.436,222.466,222.436,222.466,36
07.10.2024 19:17:48.000,222.476,222.476,222.476,222.476,12
07.10.2024 19:17:49.000,222.467,222.467,222.467,222.467,12
07.10.2024 19:17:51.000,222.477,222.477,222.466,222.466,24
07.10.2024 19:17:52.000,222.476,222.496,222.476,222.487,36
07.10.2024 19:17:53.000,222.476,222.477,222.466,222.466,48
07.10.2024 19:17:54.000,222.477,222.507,222.477,222.507,36
07.10.2024 19:17:55.000,222.486,222.486,222.486,222.486,12
07.10.2024 19:17:56.000,222.486,222.497,222.486,222.497,24
07.10.2024 19:17:57.000,222.487,222.516,222.487,222.516,24
07.10.2024 19:17:59.000,222.527,222.547,222.497,222.497,72
07.10.2024 19:18:00.000,222.516,222.527,222.497,222.527,36
07.10.2024 19:18:01.000,222.496,222.526,222.496,222.526,48
07.10.2024 19:18:02.000,222.527,222.547,222.527,222.547,24
07.10.2024 19:18:03.000,222.546,222.546,222.546,222.546,12
07.10.2024 19:18:04.000,222.536,222.536,222.496,222.496,24
07.10.2024 19:18:05.000,222.536,222.537,222.526,222.526,48
07.10.2024 19:18:06.000,222.536,222.536,222.536,222.536,12
07.10.2024 19:18:08.000,222.536,222.536,222.536,222.536,12
07.10.2024 19:18:09.000,222.527,222.527,222.526,222.526,48
07.10.2024 19:18:10.000,222.527,222.527,222.527,222.527,12
07.10.2024 19:18:11.000,222.526,222.526,222.526,222.526,12
07.10.2024 19:18:12.000,222.517,222.527,222.517,222.527,24
07.10.2024 19:18:13.000,222.537,222.537,222.527,222.527,36
07.10.2024 19:18:14.000,222.526,222.526,222.517,222.517,24
07.10.2024 19:18:16.000,222.517,222.517,222.516,222.517,60
07.10.2024 19:18:18.000,222.516,222.516,222.516,222.516,12
07.10.2024 19:18:20.000,222.496,222.496,222.496,222.496,12
07.10.2024 19:18:21.000,222.497,222.497,222.496,222.496,24
07.10.2024 19:18:23.000,222.496,222.497,222.496,222.496,48
07.10.2024 19:18:24.000,222.496,222.496,222.496,222.496,12
07.10.2024 19:18:25.000,222.487,222.487,222.487,222.487,24
07.10.2024 19:18:26.000,222.486,222.487,222.486,222.487,24
07.10.2024 19:18:27.000,222.486,222.486,222.486,222.486,24
07.10.2024 19:18:28.000,222.496,222.536,222.496,222.527,84.00000000000001
07.10.2024 19:18:29.000,222.527,222.527,222.516,222.516,24
07.10.2024 19:18:30.000,222.506,222.506,222.506,222.506,12
07.10.2024 19:18:31.000,222.486,222.487,222.486,222.487,24
07.10.2024 19:18:33.000,222.507,222.507,222.496,222.496,36
07.10.2024 19:18:34.000,222.506,222.506,222.506,222.506,12
07.10.2024 19:18:35.000,222.496,222.496,222.496,222.496,12
07.10.2024 19:18:36.000,222.497,222.497,222.497,222.497,12
07.10.2024 19:18:37.000,222.517,222.517,222.507,222.507,24
07.10.2024 19:18:38.000,222.517,222.517,222.507,222.517,36
07.10.2024 19:18:39.000,222.506,222.517,222.506,222.506,36
07.10.2024 19:18:40.000,222.506,222.506,222.506,222.506,24
07.10.2024 19:18:41.000,222.507,222.507,222.496,222.496,36
07.10.2024 19:18:44.000,222.516,222.516,222.516,222.516,24
07.10.2024 19:18:46.000,222.517,222.517,222.517,222.517,12
07.10.2024 19:18:52.000,222.517,222.517,222.517,222.517,12
07.10.2024 19:18:54.000,222.526,222.537,222.517,222.517,36
07.10.2024 19:18:55.000,222.496,222.497,222.496,222.497,24
07.10.2024 19:18:57.000,222.497,222.497,222.497,222.497,12
07.10.2024 19:18:58.000,222.497,222.497,222.497,222.497,12
07.10.2024 19:18:59.000,222.486,222.486,222.486,222.486,12
07.10.2024 19:19:00.000,222.486,222.486,222.486,222.486,24
07.10.2024 19:19:01.000,222.486,222.486,222.486,222.486,24
07.10.2024 19:19:02.000,222.486,222.486,222.486,222.486,24
07.10.2024 19:19:03.000,222.486,222.487,222.486,222.487,36
07.10.2024 19:19:04.000,222.486,222.486,222.486,222.486,12
07.10.2024 19:19:05.000,222.496,222.496,222.496,222.496,12
07.10.2024 19:19:07.000,222.497,222.497,222.497,222.497,12
07.10.2024 19:19:08.000,222.497,222.497,222.497,222.497,12
07.10.2024 19:19:09.000,222.496,222.497,222.496,222.497,24
07.10.2024 19:19:10.000,222.496,222.496,222.496,222.496,12
07.10.2024 19:19:16.000,222.496,222.496,222.496,222.496,24
07.10.2024 19:19:17.000,222.506,222.506,222.506,222.506,12
07.10.2024 19:19:18.000,222.497,222.497,222.497,222.497,12
07.10.2024 19:19:22.000,222.507,222.507,222.496,222.496,24
07.10.2024 19:19:26.000,222.507,222.507,222.507,222.507,12
07.10.2024 19:19:31.000,222.506,222.507,222.506,222.507,24
07.10.2024 19:19:32.000,222.506,222.507,222.506,222.507,24
07.10.2024 19:19:36.000,222.496,222.496,222.496,222.496,12
07.10.2024 19:19:39.000,222.496,222.496,222.496,222.496,12
07.10.2024 19:19:41.000,222.497,222.497,222.497,222.497,24
07.10.2024 19:19:44.000,222.497,222.497,222.497,222.497,12
07.10.2024 19:19:46.000,222.496,222.497,222.496,222.497,48
07.10.2024 19:19:47.000,222.497,222.497,222.496,222.496,36
07.10.2024 19:19:48.000,222.496,222.496,222.496,222.496,12
07.10.2024 19:19:50.000,222.486,222.486,222.486,222.486,12
07.10.2024 19:19:51.000,222.466,222.466,222.456,222.457,36
07.10.2024 19:19:53.000,222.446,222.446,222.446,222.446,12
07.10.2024 19:19:54.000,222.447,222.447,222.447,222.447,12
07.10.2024 19:19:55.000,222.447,222.447,222.447,222.447,12
07.10.2024 19:19:57.000,222.446,222.447,222.446,222.447,48
07.10.2024 19:20:00.000,222.436,222.437,222.436,222.436,60
07.10.2024 19:20:01.000,222.426,222.446,222.426,222.446,24
07.10.2024 19:20:02.000,222.466,222.476,222.456,222.476,60
07.10.2024 19:20:03.000,222.476,222.486,222.476,222.476,60
07.10.2024 19:20:04.000,222.487,222.487,222.476,222.486,36
07.10.2024 19:20:06.000,222.476,222.476,222.476,222.476,24
07.10.2024 19:20:08.000,222.476,222.476,222.476,222.476,12
07.10.2024 19:20:09.000,222.486,222.486,222.486,222.486,12
07.10.2024 19:20:10.000,222.467,222.467,222.467,222.467,12
07.10.2024 19:20:12.000,222.447,222.447,222.447,222.447,12
07.10.2024 19:20:13.000,222.457,222.457,222.446,222.446,24
07.10.2024 19:20:15.000,222.447,222.466,222.447,222.466,24
07.10.2024 19:20:16.000,222.476,222.476,222.467,222.467,24
07.10.2024 19:20:17.000,222.477,222.477,222.477,222.477,12
07.10.2024 19:20:18.000,222.487,222.487,222.477,222.477,24
07.10.2024 19:20:19.000,222.476,222.476,222.466,222.467,48
07.10.2024 19:20:21.000,222.476,222.486,222.476,222.486,36
07.10.2024 19:20:22.000,222.507,222.507,222.487,222.497,36
07.10.2024 19:20:23.000,222.507,222.507,222.486,222.506,48
07.10.2024 19:20:24.000,222.496,222.496,222.496,222.496,12
07.10.2024 19:20:25.000,222.487,222.487,222.477,222.477,24
07.10.2024 19:20:27.000,222.507,222.507,222.507,222.507,12
07.10.2024 19:20:28.000,222.526,222.526,222.526,222.526,12
07.10.2024 19:20:29.000,222.526,222.526,222.526,222.526,12
07.10.2024 19:20:30.000,222.526,222.537,222.526,222.527,36
07.10.2024 19:20:33.000,222.536,222.546,222.536,222.536,36
07.10.2024 19:20:36.000,222.527,222.527,222.527,222.527,12
07.10.2024 19:20:37.000,222.536,222.536,222.536,222.536,12
07.10.2024 19:20:38.000,222.536,222.536,222.536,222.536,24
07.10.2024 19:20:40.000,222.527,222.527,222.476,222.476,60
07.10.2024 19:20:42.000,222.487,222.487,222.477,222.487,36
07.10.2024 19:20:43.000,222.476,222.476,222.476,222.476,12
07.10.2024 19:20:46.000,222.487,222.487,222.487,222.487,12
07.10.2024 19:20:49.000,222.506,222.577,222.506,222.577,72
07.10.2024 19:20:50.000,222.577,222.606,222.577,222.606,48
07.10.2024 19:20:51.000,222.597,222.616,222.596,222.616,48
07.10.2024 19:20:53.000,222.596,222.596,222.596,222.596,12
07.10.2024 19:20:54.000,222.596,222.597,222.596,222.597,24
07.10.2024 19:20:55.000,222.597,222.597,222.566,222.566,24
07.10.2024 19:20:56.000,222.556,222.567,222.556,222.567,36
07.10.2024 19:21:00.000,222.556,222.557,222.536,222.536,96
07.10.2024 19:21:01.000,222.547,222.547,222.537,222.547,36
07.10.2024 19:21:02.000,222.557,222.557,222.546,222.546,24
07.10.2024 19:21:03.000,222.567,222.567,222.567,222.567,12
07.10.2024 19:21:04.000,222.577,222.577,222.566,222.577,36
07.10.2024 19:21:05.000,222.566,222.567,222.566,222.567,24
07.10.2024 19:21:06.000,222.576,222.576,222.576,222.576,12
07.10.2024 19:21:09.000,222.556,222.556,222.546,222.546,24
07.10.2024 19:21:10.000,222.547,222.547,222.547,222.547,12
07.10.2024 19:21:11.000,222.556,222.566,222.556,222.557,36
07.10.2024 19:21:12.000,222.566,222.566,222.557,222.557,24
07.10.2024 19:21:13.000,222.546,222.546,222.546,222.546,12
07.10.2024 19:21:15.000,222.547,222.547,222.536,222.536,36
07.10.2024 19:21:16.000,222.536,222.537,222.536,222.537,24
07.10.2024 19:21:17.000,222.546,222.546,222.537,222.537,24
07.10.2024 19:21:18.000,222.536,222.536,222.536,222.536,12
07.10.2024 19:21:19.000,222.526,222.526,222.526,222.526,12
07.10.2024 19:21:21.000,222.536,222.536,222.527,222.536,36
07.10.2024 19:21:22.000,222.537,222.537,222.526,222.527,36
07.10.2024 19:21:23.000,222.497,222.497,222.497,222.497,12
07.10.2024 19:21:25.000,222.496,222.497,222.496,222.497,24
07.10.2024 19:21:27.000,222.476,222.477,222.476,222.477,24
07.10.2024 19:21:28.000,222.477,222.477,222.476,222.476,24
07.10.2024 19:21:30.000,222.486,222.486,222.476,222.476,60
07.10.2024 19:21:33.000,222.476,222.476,222.476,222.476,12
07.10.2024 19:21:34.000,222.447,222.456,222.446,222.446,60
07.10.2024 19:21:35.000,222.457,222.457,222.457,222.457,12
07.10.2024 19:21:36.000,222.457,222.457,222.457,222.457,12
07.10.2024 19:21:39.000,222.446,222.446,222.427,222.437,36
07.10.2024 19:21:40.000,222.426,222.426,222.426,222.426,12
07.10.2024 19:21:41.000,222.436,222.436,222.436,222.436,12
07.10.2024 19:21:42.000,222.426,222.426,222.426,222.426,12
07.10.2024 19:21:43.000,222.446,222.446,222.446,222.446,12
07.10.2024 19:21:44.000,222.457,222.457,222.437,222.437,24
07.10.2024 19:21:45.000,222.457,222.457,222.437,222.437,24
07.10.2024 19:21:46.000,222.426,222.426,222.426,222.426,12
07.10.2024 19:21:47.000,222.426,222.437,222.426,222.437,24
07.10.2024 19:21:48.000,222.427,222.437,222.427,222.437,24
07.10.2024 19:21:49.000,222.437,222.437,222.436,222.436,60
07.10.2024 19:21:50.000,222.426,222.436,222.426,222.436,24
07.10.2024 19:21:53.000,222.447,222.447,222.436,222.436,24
07.10.2024 19:21:54.000,222.446,222.446,222.446,222.446,12
07.10.2024 19:21:55.000,222.457,222.457,222.457,222.457,12
07.10.2024 19:21:56.000,222.467,222.467,222.466,222.466,24
07.10.2024 19:21:57.000,222.467,222.467,222.467,222.467,12
07.10.2024 19:22:03.000,222.477,222.497,222.477,222.497,48
07.10.2024 19:22:04.000,222.487,222.487,222.487,222.487,12
07.10.2024 19:22:05.000,222.487,222.487,222.456,222.466,36
07.10.2024 19:22:07.000,222.477,222.477,222.477,222.477,12
07.10.2024 19:22:08.000,222.487,222.487,222.476,222.476,36
07.10.2024 19:22:09.000,222.476,222.476,222.476,222.476,24
07.10.2024 19:22:10.000,222.477,222.477,222.466,222.477,48
07.10.2024 19:22:12.000,222.476,222.476,222.476,222.476,12
07.10.2024 19:22:13.000,222.477,222.477,222.476,222.476,24
07.10.2024 19:22:14.000,222.477,222.486,222.477,222.486,36
07.10.2024 19:22:15.000,222.497,222.497,222.497,222.497,24
07.10.2024 19:22:16.000,222.507,222.507,222.507,222.507,12
07.10.2024 19:22:17.000,222.487,222.497,222.487,222.497,36
07.10.2024 19:22:18.000,222.497,222.506,222.497,222.506,24
07.10.2024 19:22:19.000,222.527,222.527,222.507,222.526,36
07.10.2024 19:22:20.000,222.496,222.497,222.496,222.497,36
07.10.2024 19:22:21.000,222.496,222.516,222.496,222.496,48
07.10.2024 19:22:22.000,222.497,222.516,222.496,222.516,72
07.10.2024 19:22:23.000,222.506,222.506,222.497,222.497,24
07.10.2024 19:22:24.000,222.516,222.526,222.497,222.517,60
07.10.2024 19:22:25.000,222.527,222.527,222.527,222.527,12
07.10.2024 19:22:26.000,222.516,222.516,222.507,222.507,24
07.10.2024 19:22:27.000,222.527,222.527,222.507,222.507,24
07.10.2024 19:22:28.000,222.527,222.527,222.527,222.527,12
07.10.2024 19:22:29.000,222.557,222.557,222.557,222.557,12
07.10.2024 19:22:30.000,222.526,222.527,222.516,222.517,48
07.10.2024 19:22:31.000,222.526,222.536,222.526,222.536,36
07.10.2024 19:22:32.000,222.527,222.527,222.527,222.527,12
07.10.2024 19:22:33.000,222.527,222.557,222.527,222.537,60
07.10.2024 19:22:34.000,222.536,222.536,222.536,222.536,12
07.10.2024 19:22:35.000,222.527,222.527,222.526,222.526,24
07.10.2024 19:22:37.000,222.526,222.526,222.526,222.526,12
07.10.2024 19:22:38.000,222.527,222.557,222.527,222.556,48
07.10.2024 19:22:39.000,222.567,222.576,222.546,222.556,72
07.10.2024 19:22:40.000,222.546,222.567,222.546,222.556,36
07.10.2024 19:22:41.000,222.566,222.586,222.566,222.586,48
07.10.2024 19:22:42.000,222.596,222.596,222.596,222.596,12
07.10.2024 19:22:43.000,222.587,222.587,222.557,222.557,24
07.10.2024 19:22:45.000,222.567,222.567,222.556,222.556,24
07.10.2024 19:22:46.000,222.567,222.587,222.567,222.586,36
07.10.2024 19:22:47.000,222.556,222.577,222.556,222.577,24
07.10.2024 19:22:48.000,222.576,222.576,222.576,222.576,24
07.10.2024 19:22:49.000,222.587,222.587,222.577,222.577,24
07.10.2024 19:22:50.000,222.577,222.577,222.577,222.577,12
07.10.2024 19:22:51.000,222.577,222.586,222.576,222.576,48
07.10.2024 19:22:52.000,222.576,222.577,222.567,222.577,36
07.10.2024 19:22:53.000,222.577,222.577,222.577,222.577,24
07.10.2024 19:22:55.000,222.576,222.587,222.576,222.587,36
07.10.2024 19:22:57.000,222.596,222.636,222.596,222.636,36
07.10.2024 19:22:58.000,222.646,222.647,222.646,222.647,48
07.10.2024 19:23:00.000,222.617,222.617,222.617,222.617,12
07.10.2024 19:23:01.000,222.636,222.636,222.626,222.626,48
07.10.2024 19:23:02.000,222.616,222.627,222.616,222.626,36
07.10.2024 19:23:03.000,222.646,222.647,222.636,222.647,48
07.10.2024 19:23:04.000,222.657,222.657,222.647,222.647,24
07.10.2024 19:23:06.000,222.647,222.647,222.647,222.647,24
07.10.2024 19:23:08.000,222.617,222.617,222.616,222.617,36
07.10.2024 19:23:10.000,222.617,222.617,222.617,222.617,12
07.10.2024 19:23:11.000,222.616,222.616,222.616,222.616,12
07.10.2024 19:23:13.000,222.617,222.626,222.616,222.616,48
07.10.2024 19:23:14.000,222.636,222.646,222.636,222.646,48
07.10.2024 19:23:15.000,222.627,222.627,222.626,222.626,24
07.10.2024 19:23:16.000,222.657,222.657,222.657,222.657,12
07.10.2024 19:23:19.000,222.656,222.667,222.656,222.656,36
07.10.2024 19:23:22.000,222.667,222.667,222.657,222.657,24
07.10.2024 19:23:23.000,222.666,222.666,222.666,222.666,12
07.10.2024 19:23:24.000,222.656,222.666,222.656,222.666,24
07.10.2024 19:23:25.000,222.667,222.667,222.667,222.667,12
07.10.2024 19:23:27.000,222.677,222.677,222.667,222.667,24
07.10.2024 19:23:28.000,222.656,222.666,222.656,222.666,24
07.10.2024 19:23:30.000,222.657,222.667,222.657,222.667,48
07.10.2024 19:23:33.000,222.646,222.646,222.646,222.646,12
07.10.2024 19:23:34.000,222.637,222.637,222.627,222.627,24
07.10.2024 19:23:35.000,222.636,222.636,222.636,222.636,12
07.10.2024 19:23:36.000,222.646,222.646,222.646,222.646,12
07.10.2024 19:23:38.000,222.637,222.647,222.637,222.647,36
07.10.2024 19:23:40.000,222.646,222.646,222.646,222.646,12
07.10.2024 19:23:41.000,222.626,222.626,222.626,222.626,12
07.10.2024 19:23:43.000,222.636,222.637,222.636,222.636,36
07.10.2024 19:23:44.000,222.646,222.646,222.636,222.636,24
07.10.2024 19:23:45.000,222.656,222.656,222.637,222.637,36
07.10.2024 19:23:46.000,222.637,222.637,222.637,222.637,12
07.10.2024 19:23:47.000,222.636,222.647,222.636,222.647,24
07.10.2024 19:23:48.000,222.636,222.637,222.636,222.637,36
07.10.2024 19:23:50.000,222.656,222.656,222.646,222.646,24
07.10.2024 19:23:51.000,222.657,222.657,222.646,222.646,24
07.10.2024 19:23:52.000,222.646,222.666,222.646,222.666,36
07.10.2024 19:23:56.000,222.676,222.676,222.676,222.676,12
07.10.2024 19:23:57.000,222.687,222.707,222.687,222.707,72
07.10.2024 19:23:58.000,222.706,222.706,222.706,222.706,12
07.10.2024 19:23:59.000,222.696,222.716,222.696,222.716,24
07.10.2024 19:24:00.000,222.726,222.726,222.726,222.726,12
07.10.2024 19:24:06.000,222.716,222.716,222.716,222.716,12
07.10.2024 19:24:07.000,222.687,222.687,222.686,222.686,24
07.10.2024 19:24:08.000,222.677,222.736,222.677,222.736,48
07.10.2024 19:24:10.000,222.746,222.746,222.736,222.736,24
07.10.2024 19:24:12.000,222.756,222.756,222.756,222.756,12
07.10.2024 19:24:13.000,222.747,222.747,222.747,222.747,12
07.10.2024 19:24:14.000,222.746,222.746,222.746,222.746,12
07.10.2024 19:24:20.000,222.727,222.727,222.727,222.727,12
07.10.2024 19:24:21.000,222.716,222.727,222.716,222.717,36
07.10.2024 19:24:22.000,222.726,222.726,222.716,222.716,24
07.10.2024 19:24:23.000,222.706,222.706,222.706,222.706,12
07.10.2024 19:24:25.000,222.717,222.717,222.706,222.706,48
07.10.2024 19:24:26.000,222.717,222.717,222.697,222.697,24
07.10.2024 19:24:27.000,222.677,222.677,222.677,222.677,12
07.10.2024 19:24:28.000,222.666,222.677,222.636,222.647,60
07.10.2024 19:24:29.000,222.656,222.657,222.647,222.647,60
07.10.2024 19:24:30.000,222.656,222.656,222.656,222.656,12
07.10.2024 19:24:31.000,222.646,222.646,222.646,222.646,12
07.10.2024 19:24:33.000,222.656,222.657,222.656,222.656,60
07.10.2024 19:24:34.000,222.646,222.657,222.646,222.656,60
07.10.2024 19:24:35.000,222.647,222.647,222.647,222.647,24
07.10.2024 19:24:36.000,222.647,222.657,222.647,222.657,24
07.10.2024 19:24:37.000,222.646,222.646,222.646,222.646,12
07.10.2024 19:24:38.000,222.627,222.627,222.627,222.627,12
07.10.2024 19:24:39.000,222.646,222.646,222.626,222.637,72
07.10.2024 19:24:40.000,222.647,222.647,222.636,222.636,24
07.10.2024 19:24:41.000,222.646,222.646,222.636,222.637,36
07.10.2024 19:24:42.000,222.646,222.646,222.626,222.626,36
07.10.2024 19:24:43.000,222.627,222.627,222.626,222.626,36
07.10.2024 19:24:44.000,222.637,222.637,222.627,222.636,36
07.10.2024 19:24:45.000,222.626,222.636,222.626,222.636,24
07.10.2024 19:24:46.000,222.626,222.646,222.626,222.646,36
07.10.2024 19:24:47.000,222.636,222.647,222.636,222.636,60
07.10.2024 19:24:48.000,222.647,222.647,222.636,222.647,36
07.10.2024 19:24:49.000,222.646,222.646,222.627,222.627,24
07.10.2024 19:24:50.000,222.616,222.636,222.616,222.636,36
07.10.2024 19:24:51.000,222.647,222.647,222.637,222.647,48
07.10.2024 19:24:53.000,222.647,222.647,222.636,222.636,24
07.10.2024 19:24:54.000,222.637,222.637,222.626,222.626,24
07.10.2024 19:24:55.000,222.627,222.627,222.616,222.616,36
07.10.2024 19:24:56.000,222.606,222.617,222.606,222.606,36
07.10.2024 19:24:57.000,222.617,222.617,222.606,222.606,24
07.10.2024 19:24:58.000,222.617,222.617,222.607,222.607,24
07.10.2024 19:24:59.000,222.616,222.626,222.616,222.626,36
07.10.2024 19:25:00.000,222.616,222.626,222.606,222.617,72
07.10.2024 19:25:01.000,222.606,222.606,222.606,222.606,12
07.10.2024 19:25:04.000,222.617,222.617,222.617,222.617,12
07.10.2024 19:25:05.000,222.617,222.617,222.606,222.616,60
07.10.2024 19:25:06.000,222.607,222.617,222.607,222.616,36
07.10.2024 19:25:07.000,222.626,222.636,222.626,222.636,24
07.10.2024 19:25:08.000,222.627,222.636,222.627,222.627,36
07.10.2024 19:25:09.000,222.626,222.626,222.616,222.626,36
07.10.2024 19:25:10.000,222.616,222.616,222.616,222.616,12
07.10.2024 19:25:12.000,222.606,222.606,222.606,222.606,12
07.10.2024 19:25:13.000,222.617,222.617,222.617,222.617,12
07.10.2024 19:25:14.000,222.597,222.597,222.597,222.597,12
07.10.2024 19:25:15.000,222.606,222.606,222.606,222.606,12
07.10.2024 19:25:16.000,222.597,222.597,222.597,222.597,12
07.10.2024 19:25:20.000,222.596,222.596,222.596,222.596,12
07.10.2024 19:25:21.000,222.586,222.586,222.577,222.577,24
07.10.2024 19:25:22.000,222.567,222.567,222.566,222.566,48
07.10.2024 19:25:23.000,222.567,222.577,222.567,222.577,36
07.10.2024 19:25:24.000,222.577,222.577,222.576,222.576,24
07.10.2024 19:25:25.000,222.567,222.567,222.546,222.556,36
07.10.2024 19:25:26.000,222.556,222.566,222.556,222.556,36
07.10.2024 19:25:27.000,222.547,222.547,222.547,222.547,12
07.10.2024 19:25:28.000,222.556,222.577,222.547,222.547,48
07.10.2024 19:25:29.000,222.566,222.566,222.566,222.566,12
07.10.2024 19:25:30.000,222.546,222.557,222.546,222.547,36
07.10.2024 19:25:31.000,222.557,222.557,222.557,222.557,12
07.10.2024 19:25:32.000,222.586,222.596,222.577,222.586,48
07.10.2024 19:25:34.000,222.577,222.586,222.577,222.586,24
07.10.2024 19:25:38.000,222.596,222.596,222.596,222.596,12
07.10.2024 19:25:39.000,222.587,222.587,222.587,222.587,12
07.10.2024 19:25:40.000,222.597,222.617,222.597,222.617,24
07.10.2024 19:25:41.000,222.587,222.607,222.577,222.607,36
07.10.2024 19:25:42.000,222.616,222.617,222.607,222.617,36
07.10.2024 19:25:46.000,222.626,222.626,222.626,222.626,12
07.10.2024 19:25:47.000,222.616,222.616,222.616,222.616,12
07.10.2024 19:25:53.000,222.627,222.627,222.627,222.627,12
07.10.2024 19:25:54.000,222.627,222.627,222.627,222.627,12
07.10.2024 19:25:55.000,222.646,222.646,222.616,222.616,48
07.10.2024 19:25:56.000,222.597,222.597,222.596,222.596,24
07.10.2024 19:25:57.000,222.596,222.607,222.596,222.607,48
07.10.2024 19:25:58.000,222.607,222.607,222.607,222.607,36
07.10.2024 19:25:59.000,222.607,222.607,222.607,222.607,12
07.10.2024 19:26:00.000,222.607,222.607,222.607,222.607,12
07.10.2024 19:26:01.000,222.577,222.586,222.566,222.566,48
07.10.2024 19:26:02.000,222.596,222.596,222.586,222.586,36
07.10.2024 19:26:03.000,222.576,222.587,222.566,222.567,60
07.10.2024 19:26:04.000,222.587,222.587,222.567,222.567,24
07.10.2024 19:26:05.000,222.576,222.576,222.567,222.576,36
07.10.2024 19:26:06.000,222.606,222.606,222.586,222.586,24
07.10.2024 19:26:07.000,222.606,222.617,222.606,222.617,48
07.10.2024 19:26:08.000,222.627,222.637,222.627,222.627,36
07.10.2024 19:26:10.000,222.637,222.637,222.637,222.637,12
07.10.2024 19:26:13.000,222.636,222.637,222.636,222.637,24
07.10.2024 19:26:14.000,222.637,222.637,222.637,222.637,36
07.10.2024 19:26:16.000,222.647,222.647,222.647,222.647,12
07.10.2024 19:26:17.000,222.656,222.656,222.656,222.656,12
07.10.2024 19:26:18.000,222.656,222.656,222.656,222.656,12
07.10.2024 19:26:19.000,222.656,222.656,222.656,222.656,12
07.10.2024 19:26:21.000,222.637,222.637,222.637,222.637,12
07.10.2024 19:26:22.000,222.626,222.626,222.626,222.626,12
07.10.2024 19:26:28.000,222.646,222.646,222.646,222.646,12
07.10.2024 19:26:29.000,222.656,222.656,222.656,222.656,12
07.10.2024 19:26:30.000,222.666,222.666,222.666,222.666,12
07.10.2024 19:26:31.000,222.667,222.667,222.657,222.657,24
07.10.2024 19:26:32.000,222.676,222.676,222.676,222.676,12
07.10.2024 19:26:33.000,222.657,222.697,222.656,222.697,72
07.10.2024 19:26:35.000,222.696,222.696,222.696,222.696,12
07.10.2024 19:26:38.000,222.656,222.656,222.656,222.656,12
07.10.2024 19:26:39.000,222.667,222.667,222.667,222.667,12
07.10.2024 19:26:42.000,222.676,222.676,222.676,222.676,12
07.10.2024 19:26:44.000,222.676,222.676,222.676,222.676,12
07.10.2024 19:26:45.000,222.677,222.677,222.676,222.676,48
07.10.2024 19:26:46.000,222.667,222.667,222.657,222.657,24
07.10.2024 19:26:47.000,222.657,222.657,222.657,222.657,24
07.10.2024 19:26:48.000,222.636,222.637,222.636,222.637,36
07.10.2024 19:26:49.000,222.636,222.636,222.636,222.636,12
07.10.2024 19:26:50.000,222.636,222.636,222.636,222.636,12
07.10.2024 19:26:51.000,222.636,222.636,222.636,222.636,12
07.10.2024 19:26:52.000,222.637,222.637,222.637,222.637,12
07.10.2024 19:26:53.000,222.646,222.646,222.636,222.636,24
07.10.2024 19:26:55.000,222.647,222.647,222.647,222.647,12
07.10.2024 19:26:58.000,222.657,222.657,222.647,222.647,24
07.10.2024 19:27:01.000,222.636,222.636,222.626,222.626,48
07.10.2024 19:27:03.000,222.637,222.637,222.626,222.626,24
07.10.2024 19:27:05.000,222.636,222.636,222.636,222.636,12
07.10.2024 19:27:06.000,222.627,222.627,222.627,222.627,12
07.10.2024 19:27:07.000,222.636,222.636,222.626,222.626,24
07.10.2024 19:27:08.000,222.617,222.617,222.617,222.617,12
07.10.2024 19:27:09.000,222.606,222.606,222.606,222.606,12
07.10.2024 19:27:12.000,222.606,222.616,222.606,222.607,36
07.10.2024 19:27:13.000,222.607,222.607,222.607,222.607,12
07.10.2024 19:27:15.000,222.596,222.596,222.596,222.596,12
07.10.2024 19:27:16.000,222.596,222.597,222.596,222.597,24
07.10.2024 19:27:17.000,222.587,222.587,222.567,222.567,36
07.10.2024 19:27:18.000,222.566,222.576,222.566,222.576,36
07.10.2024 19:27:19.000,222.587,222.587,222.576,222.577,48
07.10.2024 19:27:20.000,222.577,222.577,222.577,222.577,12
07.10.2024 19:27:21.000,222.586,222.586,222.576,222.576,24
07.10.2024 19:27:22.000,222.587,222.587,222.587,222.587,12
07.10.2024 19:27:23.000,222.597,222.597,222.587,222.587,24
07.10.2024 19:27:24.000,222.606,222.606,222.606,222.606,12
07.10.2024 19:27:25.000,222.597,222.597,222.597,222.597,12
07.10.2024 19:27:26.000,222.587,222.587,222.587,222.587,24
07.10.2024 19:27:27.000,222.617,222.617,222.596,222.596,36
07.10.2024 19:27:28.000,222.607,222.607,222.607,222.607,12
07.10.2024 19:27:29.000,222.597,222.616,222.597,222.616,24
07.10.2024 19:27:30.000,222.616,222.636,222.616,222.616,36
07.10.2024 19:27:32.000,222.617,222.617,222.596,222.597,60
07.10.2024 19:27:34.000,222.597,222.597,222.597,222.597,12
07.10.2024 19:27:35.000,222.606,222.627,222.606,222.627,24
07.10.2024 19:27:37.000,222.626,222.626,222.626,222.626,12
07.10.2024 19:27:42.000,222.626,222.627,222.626,222.627,24
07.10.2024 19:27:46.000,222.637,222.637,222.637,222.637,12
07.10.2024 19:27:47.000,222.647,222.656,222.647,222.656,24
07.10.2024 19:27:48.000,222.656,222.666,222.656,222.657,60
07.10.2024 19:27:49.000,222.666,222.666,222.666,222.666,12
07.10.2024 19:27:50.000,222.656,222.656,222.656,222.656,12
07.10.2024 19:27:52.000,222.656,222.656,222.656,222.656,24
07.10.2024 19:27:54.000,222.656,222.656,222.656,222.656,12
07.10.2024 19:27:56.000,222.657,222.657,222.657,222.657,12
07.10.2024 19:27:57.000,222.656,222.667,222.656,222.656,36
07.10.2024 19:27:58.000,222.656,222.656,222.656,222.656,24
07.10.2024 19:27:59.000,222.656,222.666,222.656,222.666,24
07.10.2024 19:28:00.000,222.667,222.677,222.666,222.677,48
07.10.2024 19:28:01.000,222.677,222.677,222.676,222.676,24
07.10.2024 19:28:03.000,222.676,222.676,222.676,222.676,36
07.10.2024 19:28:04.000,222.677,222.677,222.677,222.677,12
07.10.2024 19:28:06.000,222.676,222.676,222.676,222.676,24
07.10.2024 19:28:07.000,222.676,222.677,222.676,222.677,24
07.10.2024 19:28:10.000,222.676,222.697,222.676,222.687,48
07.10.2024 19:28:11.000,222.706,222.706,222.706,222.706,12
07.10.2024 19:28:15.000,222.717,222.717,222.717,222.717,12
07.10.2024 19:28:17.000,222.726,222.726,222.726,222.726,12
07.10.2024 19:28:18.000,222.716,222.716,222.716,222.716,12
07.10.2024 19:28:20.000,222.717,222.717,222.686,222.686,48
07.10.2024 19:28:21.000,222.687,222.687,222.687,222.687,24
07.10.2024 19:28:22.000,222.656,222.657,222.646,222.657,60
07.10.2024 19:28:23.000,222.646,222.666,222.646,222.666,96
07.10.2024 19:28:24.000,222.656,222.677,222.656,222.677,24
07.10.2024 19:28:26.000,222.687,222.697,222.667,222.667,48
07.10.2024 19:28:27.000,222.657,222.676,222.657,222.676,36
07.10.2024 19:28:29.000,222.666,222.666,222.666,222.666,12
07.10.2024 19:28:33.000,222.656,222.656,222.656,222.656,12
07.10.2024 19:28:35.000,222.636,222.636,222.636,222.636,12
07.10.2024 19:28:37.000,222.626,222.626,222.617,222.617,24
07.10.2024 19:28:39.000,222.627,222.627,222.616,222.616,24
07.10.2024 19:28:40.000,222.626,222.627,222.616,222.617,72
07.10.2024 19:28:42.000,222.606,222.606,222.606,222.606,12
07.10.2024 19:28:43.000,222.616,222.616,222.596,222.596,48
07.10.2024 19:28:44.000,222.596,222.616,222.596,222.616,60
07.10.2024 19:28:45.000,222.617,222.626,222.616,222.616,48
07.10.2024 19:28:47.000,222.606,222.606,222.606,222.606,12
07.10.2024 19:28:48.000,222.616,222.616,222.616,222.616,12
07.10.2024 19:28:49.000,222.607,222.607,222.607,222.607,12
07.10.2024 19:28:50.000,222.617,222.617,222.607,222.607,24
07.10.2024 19:28:51.000,222.606,222.607,222.606,222.607,24
07.10.2024 19:28:52.000,222.616,222.616,222.607,222.607,36
07.10.2024 19:28:53.000,222.597,222.597,222.597,222.597,12
07.10.2024 19:28:54.000,222.607,222.607,222.607,222.607,12
07.10.2024 19:28:55.000,222.606,222.606,222.597,222.597,24
07.10.2024 19:28:56.000,222.586,222.596,222.586,222.596,24
07.10.2024 19:28:58.000,222.586,222.586,222.586,222.586,12
07.10.2024 19:29:01.000,222.596,222.596,222.547,222.547,36
07.10.2024 19:29:02.000,222.546,222.547,222.537,222.546,72
07.10.2024 19:29:03.000,222.546,222.557,222.536,222.547,72
07.10.2024 19:29:05.000,222.566,222.566,222.557,222.557,24
07.10.2024 19:29:06.000,222.567,222.576,222.567,222.576,24
07.10.2024 19:29:07.000,222.576,222.596,222.576,222.596,36
07.10.2024 19:29:08.000,222.586,222.586,222.577,222.577,24
07.10.2024 19:29:11.000,222.567,222.567,222.567,222.567,12
07.10.2024 19:29:12.000,222.546,222.566,222.546,222.566,24
07.10.2024 19:29:14.000,222.567,222.567,222.567,222.567,12
07.10.2024 19:29:16.000,222.577,222.587,222.577,222.587,24
07.10.2024 19:29:17.000,222.597,222.597,222.597,222.597,12
07.10.2024 19:29:19.000,222.586,222.586,222.586,222.586,12
07.10.2024 19:29:20.000,222.587,222.587,222.587,222.587,12
07.10.2024 19:29:22.000,222.587,222.587,222.577,222.577,24
07.10.2024 19:29:23.000,222.576,222.576,222.576,222.576,12
07.10.2024 19:29:26.000,222.546,222.546,222.546,222.546,12
07.10.2024 19:29:27.000,222.547,222.557,222.547,222.557,36
07.10.2024 19:29:29.000,222.577,222.577,222.557,222.567,36
07.10.2024 19:29:30.000,222.557,222.557,222.557,222.557,12
07.10.2024 19:29:31.000,222.546,222.556,222.537,222.537,48
07.10.2024 19:29:32.000,222.537,222.556,222.537,222.546,36
07.10.2024 19:29:33.000,222.557,222.557,222.537,222.537,36
07.10.2024 19:29:34.000,222.537,222.537,222.537,222.537,12
07.10.2024 19:29:35.000,222.546,222.546,222.536,222.537,36
07.10.2024 19:29:36.000,222.536,222.547,222.536,222.547,48
07.10.2024 19:29:38.000,222.566,222.576,222.566,222.566,36
07.10.2024 19:29:39.000,222.557,222.557,222.546,222.547,48
07.10.2024 19:29:43.000,222.556,222.556,222.546,222.546,36
07.10.2024 19:29:45.000,222.537,222.537,222.537,222.537,24
07.10.2024 19:29:46.000,222.537,222.537,222.537,222.537,24
07.10.2024 19:29:47.000,222.537,222.537,222.537,222.537,24
07.10.2024 19:29:48.000,222.547,222.556,222.547,222.556,24
07.10.2024 19:29:49.000,222.557,222.567,222.557,222.557,36
07.10.2024 19:29:50.000,222.566,222.566,222.556,222.557,48
07.10.2024 19:29:54.000,222.557,222.557,222.557,222.557,12
07.10.2024 19:29:57.000,222.547,222.547,222.547,222.547,12
07.10.2024 19:29:58.000,222.557,222.557,222.546,222.546,24
07.10.2024 19:29:59.000,222.557,222.557,222.557,222.557,12
07.10.2024 19:30:00.000,222.567,222.586,222.556,222.576,48
07.10.2024 19:30:01.000,222.587,222.587,222.577,222.586,48
07.10.2024 19:30:02.000,222.597,222.597,222.566,222.576,72
07.10.2024 19:30:03.000,222.597,222.617,222.597,222.617,60
07.10.2024 19:30:04.000,222.586,222.596,222.586,222.596,24
07.10.2024 19:30:05.000,222.577,222.577,222.576,222.576,48
07.10.2024 19:30:06.000,222.576,222.577,222.576,222.576,48
07.10.2024 19:30:07.000,222.587,222.587,222.576,222.576,36
07.10.2024 19:30:08.000,222.557,222.557,222.527,222.527,48
07.10.2024 19:30:09.000,222.527,222.527,222.516,222.527,36
07.10.2024 19:30:10.000,222.537,222.537,222.537,222.537,12
07.10.2024 19:30:11.000,222.527,222.527,222.526,222.526,24
07.10.2024 19:30:12.000,222.517,222.517,222.506,222.506,60
07.10.2024 19:30:13.000,222.497,222.507,222.496,222.506,72
07.10.2024 19:30:14.000,222.497,222.507,222.497,222.506,36
07.10.2024 19:30:16.000,222.497,222.497,222.497,222.497,12
07.10.2024 19:30:17.000,222.496,222.496,222.486,222.486,36
07.10.2024 19:30:18.000,222.466,222.477,222.457,222.457,60
07.10.2024 19:30:19.000,222.457,222.477,222.447,222.447,72
07.10.2024 19:30:20.000,222.446,222.477,222.446,222.477,48
07.10.2024 19:30:21.000,222.466,222.466,222.456,222.457,36
07.10.2024 19:30:22.000,222.446,222.446,222.437,222.437,24
07.10.2024 19:30:25.000,222.467,222.467,222.457,222.457,24
07.10.2024 19:30:26.000,222.436,222.456,222.416,222.416,72
07.10.2024 19:30:27.000,222.417,222.427,222.417,222.426,36
07.10.2024 19:30:28.000,222.427,222.436,222.427,222.436,24
07.10.2024 19:30:30.000,222.427,222.427,222.427,222.427,12
07.10.2024 19:30:31.000,222.426,222.426,222.407,222.407,24
07.10.2024 19:30:32.000,222.406,222.406,222.376,222.376,60
07.10.2024 19:30:33.000,222.386,222.406,222.386,222.397,36
07.10.2024 19:30:34.000,222.396,222.396,222.396,222.396,12
07.10.2024 19:30:35.000,222.406,222.417,222.386,222.417,60
07.10.2024 19:30:36.000,222.426,222.426,222.426,222.426,12
07.10.2024 19:30:37.000,222.447,222.447,222.417,222.417,36
07.10.2024 19:30:38.000,222.416,222.436,222.377,222.377,72
07.10.2024 19:30:39.000,222.397,222.397,222.397,222.397,12
07.10.2024 19:30:40.000,222.386,222.386,222.376,222.376,24
07.10.2024 19:30:41.000,222.397,222.397,222.376,222.377,48
07.10.2024 19:30:42.000,222.386,222.387,222.386,222.387,24
07.10.2024 19:30:43.000,222.397,222.397,222.397,222.397,12
07.10.2024 19:30:44.000,222.406,222.417,222.397,222.417,48
07.10.2024 19:30:45.000,222.427,222.427,222.427,222.427,12
07.10.2024 19:30:46.000,222.437,222.446,222.437,222.446,24
07.10.2024 19:30:47.000,222.417,222.447,222.417,222.447,36
07.10.2024 19:30:48.000,222.427,222.446,222.427,222.436,36
07.10.2024 19:30:49.000,222.426,222.447,222.406,222.447,36
07.10.2024 19:30:51.000,222.396,222.397,222.396,222.396,36
07.10.2024 19:30:52.000,222.386,222.387,222.386,222.387,24
07.10.2024 19:30:53.000,222.396,222.407,222.396,222.406,36
07.10.2024 19:30:54.000,222.406,222.406,222.397,222.397,24
07.10.2024 19:30:55.000,222.397,222.397,222.386,222.386,24
07.10.2024 19:30:56.000,222.417,222.417,222.417,222.417,12
07.10.2024 19:30:57.000,222.407,222.427,222.407,222.416,72
07.10.2024 19:30:58.000,222.426,222.426,222.406,222.406,36
07.10.2024 19:30:59.000,222.406,222.427,222.406,222.406,36
07.10.2024 19:31:00.000,222.436,222.486,222.436,222.486,36
07.10.2024 19:31:01.000,222.496,222.496,222.496,222.496,12
07.10.2024 19:31:02.000,222.476,222.496,222.467,222.467,48
07.10.2024 19:31:03.000,222.467,222.467,222.457,222.457,72
07.10.2024 19:31:04.000,222.447,222.457,222.446,222.447,60
07.10.2024 19:31:05.000,222.447,222.456,222.437,222.447,60
07.10.2024 19:31:06.000,222.446,222.446,222.417,222.417,72
07.10.2024 19:31:07.000,222.416,222.437,222.416,222.436,60
07.10.2024 19:31:08.000,222.446,222.447,222.426,222.427,60
07.10.2024 19:31:09.000,222.437,222.437,222.437,222.437,12
07.10.2024 19:31:10.000,222.427,222.427,222.406,222.406,36
07.10.2024 19:31:12.000,222.407,222.427,222.407,222.407,36
07.10.2024 19:31:13.000,222.427,222.427,222.427,222.427,36
07.10.2024 19:31:15.000,222.426,222.427,222.426,222.427,24
07.10.2024 19:31:16.000,222.426,222.426,222.386,222.386,48
07.10.2024 19:31:18.000,222.397,222.407,222.397,222.407,48
07.10.2024 19:31:19.000,222.396,222.397,222.396,222.397,36
07.10.2024 19:31:22.000,222.406,222.407,222.396,222.396,60
07.10.2024 19:31:24.000,222.387,222.387,222.387,222.387,24
07.10.2024 19:31:25.000,222.397,222.397,222.397,222.397,12
07.10.2024 19:31:26.000,222.407,222.407,222.407,222.407,12
07.10.2024 19:31:27.000,222.397,222.397,222.397,222.397,12
07.10.2024 19:31:29.000,222.417,222.417,222.396,222.396,24
07.10.2024 19:31:30.000,222.396,222.396,222.396,222.396,12
07.10.2024 19:31:32.000,222.406,222.406,222.406,222.406,12
07.10.2024 19:31:33.000,222.417,222.436,222.406,222.416,84.00000000000001
07.10.2024 19:31:34.000,222.406,222.407,222.406,222.407,24
07.10.2024 19:31:35.000,222.417,222.417,222.406,222.416,60
07.10.2024 19:31:36.000,222.407,222.407,222.406,222.406,24
07.10.2024 19:31:37.000,222.407,222.407,222.397,222.397,48
07.10.2024 19:31:38.000,222.397,222.407,222.397,222.407,24
07.10.2024 19:31:39.000,222.396,222.397,222.396,222.397,24
07.10.2024 19:31:41.000,222.397,222.406,222.397,222.397,36
07.10.2024 19:31:43.000,222.407,222.407,222.396,222.396,24
07.10.2024 19:31:45.000,222.396,222.396,222.396,222.396,12
07.10.2024 19:31:46.000,222.417,222.436,222.406,222.436,48
07.10.2024 19:31:47.000,222.426,222.426,222.426,222.426,12
07.10.2024 19:31:48.000,222.437,222.437,222.426,222.426,48
07.10.2024 19:31:49.000,222.426,222.446,222.426,222.427,36
07.10.2024 19:31:50.000,222.427,222.427,222.427,222.427,24
07.10.2024 19:31:51.000,222.417,222.417,222.417,222.417,12
07.10.2024 19:31:53.000,222.417,222.417,222.407,222.407,36
07.10.2024 19:31:54.000,222.406,222.406,222.406,222.406,12
07.10.2024 19:31:55.000,222.427,222.427,222.416,222.417,36
07.10.2024 19:31:56.000,222.416,222.416,222.416,222.416,24
07.10.2024 19:31:57.000,222.426,222.426,222.416,222.416,24
07.10.2024 19:31:58.000,222.416,222.416,222.416,222.416,36
07.10.2024 19:31:59.000,222.416,222.416,222.416,222.416,24
07.10.2024 19:32:00.000,222.416,222.416,222.406,222.416,60
07.10.2024 19:32:01.000,222.406,222.417,222.406,222.406,36
07.10.2024 19:32:03.000,222.397,222.397,222.386,222.386,24
07.10.2024 19:32:04.000,222.387,222.387,222.387,222.387,24
07.10.2024 19:32:05.000,222.407,222.417,222.407,222.417,24
07.10.2024 19:32:07.000,222.436,222.436,222.416,222.426,48
07.10.2024 19:32:08.000,222.417,222.417,222.417,222.417,12
07.10.2024 19:32:09.000,222.407,222.407,222.386,222.386,24
07.10.2024 19:32:10.000,222.387,222.387,222.387,222.387,12
07.10.2024 19:32:12.000,222.416,222.427,222.416,222.417,36
07.10.2024 19:32:13.000,222.426,222.426,222.416,222.416,24
07.10.2024 19:32:14.000,222.427,222.427,222.417,222.427,36
07.10.2024 19:32:15.000,222.417,222.417,222.417,222.417,12
07.10.2024 19:32:18.000,222.426,222.426,222.416,222.416,36
07.10.2024 19:32:21.000,222.427,222.427,222.417,222.417,24
07.10.2024 19:32:22.000,222.416,222.417,222.416,222.417,24
07.10.2024 19:32:23.000,222.416,222.416,222.416,222.416,12
07.10.2024 19:32:24.000,222.417,222.417,222.417,222.417,12
07.10.2024 19:32:25.000,222.387,222.387,222.386,222.386,24
07.10.2024 19:32:27.000,222.387,222.387,222.387,222.387,12
07.10.2024 19:32:28.000,222.387,222.387,222.387,222.387,12
07.10.2024 19:32:29.000,222.396,222.396,222.387,222.387,24
07.10.2024 19:32:33.000,222.386,222.386,222.386,222.386,12
07.10.2024 19:32:34.000,222.386,222.387,222.386,222.387,48
07.10.2024 19:32:35.000,222.396,222.396,222.386,222.386,24
07.10.2024 19:32:36.000,222.396,222.396,222.396,222.396,12
07.10.2024 19:32:42.000,222.426,222.436,222.416,222.436,48
07.10.2024 19:32:43.000,222.457,222.457,222.437,222.437,48
07.10.2024 19:32:44.000,222.417,222.417,222.417,222.417,12
07.10.2024 19:32:45.000,222.427,222.436,222.427,222.436,24
07.10.2024 19:32:46.000,222.427,222.436,222.427,222.436,24
07.10.2024 19:32:47.000,222.427,222.427,222.426,222.427,36
07.10.2024 19:32:48.000,222.427,222.427,222.407,222.416,36
07.10.2024 19:32:51.000,222.417,222.417,222.417,222.417,24
07.10.2024 19:32:54.000,222.417,222.417,222.416,222.417,48
07.10.2024 19:32:55.000,222.426,222.426,222.426,222.426,12
07.10.2024 19:32:56.000,222.436,222.436,222.427,222.427,24
07.10.2024 19:32:58.000,222.437,222.437,222.426,222.426,24
07.10.2024 19:32:59.000,222.437,222.437,222.437,222.437,12
07.10.2024 19:33:00.000,222.457,222.457,222.457,222.457,12
07.10.2024 19:33:02.000,222.456,222.457,222.456,222.457,36
07.10.2024 19:33:09.000,222.417,222.437,222.417,222.437,36
07.10.2024 19:33:10.000,222.416,222.437,222.416,222.437,48
07.10.2024 19:33:11.000,222.447,222.447,222.437,222.437,36
07.10.2024 19:33:12.000,222.457,222.457,222.457,222.457,12
07.10.2024 19:33:13.000,222.456,222.456,222.447,222.447,24
07.10.2024 19:33:14.000,222.437,222.447,222.436,222.447,36
07.10.2024 19:33:15.000,222.417,222.417,222.417,222.417,24
07.10.2024 19:33:16.000,222.416,222.416,222.416,222.416,12
07.10.2024 19:33:17.000,222.417,222.417,222.417,222.417,12
07.10.2024 19:33:18.000,222.396,222.397,222.386,222.396,60
07.10.2024 19:33:19.000,222.387,222.387,222.376,222.377,36
07.10.2024 19:33:21.000,222.386,222.406,222.386,222.396,48
07.10.2024 19:33:22.000,222.387,222.387,222.386,222.387,36
07.10.2024 19:33:23.000,222.377,222.387,222.377,222.387,24
07.10.2024 19:33:24.000,222.386,222.386,222.386,222.386,12
07.10.2024 19:33:25.000,222.376,222.377,222.376,222.377,24
07.10.2024 19:33:26.000,222.367,222.367,222.367,222.367,12
07.10.2024 19:33:27.000,222.367,222.367,222.316,222.346,84.00000000000001
07.10.2024 19:33:29.000,222.346,222.346,222.336,222.337,36
07.10.2024 19:33:30.000,222.337,222.337,222.337,222.337,12
07.10.2024 19:33:32.000,222.346,222.346,222.346,222.346,12
07.10.2024 19:33:33.000,222.336,222.337,222.317,222.327,48
07.10.2024 19:33:34.000,222.317,222.326,222.317,222.326,24
07.10.2024 19:33:35.000,222.327,222.347,222.327,222.347,24
07.10.2024 19:33:36.000,222.317,222.317,222.317,222.317,24
07.10.2024 19:33:37.000,222.327,222.327,222.307,222.307,24
07.10.2024 19:33:38.000,222.316,222.316,222.306,222.306,24
07.10.2024 19:33:39.000,222.307,222.307,222.306,222.306,24
07.10.2024 19:33:40.000,222.307,222.307,222.306,222.307,36
07.10.2024 19:33:41.000,222.307,222.307,222.307,222.307,12
07.10.2024 19:33:42.000,222.307,222.307,222.306,222.306,24
07.10.2024 19:33:43.000,222.297,222.297,222.286,222.286,36
07.10.2024 19:33:44.000,222.277,222.287,222.266,222.287,72
07.10.2024 19:33:45.000,222.297,222.307,222.297,222.307,48
07.10.2024 19:33:46.000,222.317,222.317,222.317,222.317,12
07.10.2024 19:33:47.000,222.326,222.336,222.326,222.326,36
07.10.2024 19:33:48.000,222.307,222.317,222.306,222.317,72
07.10.2024 19:33:49.000,222.306,222.306,222.306,222.306,12
07.10.2024 19:33:50.000,222.316,222.317,222.316,222.317,24
07.10.2024 19:33:51.000,222.317,222.327,222.317,222.327,24
07.10.2024 19:33:52.000,222.326,222.326,222.326,222.326,12
07.10.2024 19:33:53.000,222.326,222.326,222.326,222.326,12
07.10.2024 19:33:54.000,222.327,222.327,222.326,222.326,48
07.10.2024 19:33:55.000,222.326,222.326,222.326,222.326,12
07.10.2024 19:33:56.000,222.336,222.337,222.327,222.337,48
07.10.2024 19:33:57.000,222.357,222.357,222.336,222.336,36
07.10.2024 19:33:58.000,222.357,222.357,222.357,222.357,12
07.10.2024 19:34:00.000,222.366,222.366,222.346,222.346,60
07.10.2024 19:34:01.000,222.357,222.357,222.346,222.346,48
07.10.2024 19:34:02.000,222.346,222.346,222.306,222.306,36
07.10.2024 19:34:03.000,222.327,222.337,222.327,222.336,48
07.10.2024 19:34:04.000,222.357,222.357,222.337,222.337,24
07.10.2024 19:34:05.000,222.346,222.376,222.346,222.376,48
07.10.2024 19:34:06.000,222.386,222.386,222.366,222.366,24
07.10.2024 19:34:07.000,222.387,222.387,222.366,222.387,36
07.10.2024 19:34:08.000,222.367,222.386,222.347,222.347,60
07.10.2024 19:34:09.000,222.347,222.347,222.337,222.337,24
07.10.2024 19:34:10.000,222.337,222.337,222.337,222.337,12
07.10.2024 19:34:11.000,222.336,222.347,222.336,222.337,96
07.10.2024 19:34:12.000,222.337,222.337,222.337,222.337,12
07.10.2024 19:34:13.000,222.336,222.336,222.336,222.336,12
07.10.2024 19:34:14.000,222.337,222.347,222.336,222.347,36
07.10.2024 19:34:15.000,222.337,222.337,222.337,222.337,12
07.10.2024 19:34:16.000,222.366,222.366,222.336,222.336,36
07.10.2024 19:34:17.000,222.336,222.356,222.336,222.346,72
07.10.2024 19:34:18.000,222.346,222.376,222.346,222.367,72
07.10.2024 19:34:19.000,222.376,222.376,222.357,222.376,48
07.10.2024 19:34:20.000,222.367,222.377,222.356,222.377,36
07.10.2024 19:34:21.000,222.356,222.377,222.356,222.377,24
07.10.2024 19:34:22.000,222.357,222.357,222.346,222.346,60
07.10.2024 19:34:25.000,222.326,222.337,222.326,222.337,36
07.10.2024 19:34:26.000,222.346,222.346,222.326,222.336,48
07.10.2024 19:34:27.000,222.337,222.337,222.337,222.337,12
07.10.2024 19:34:28.000,222.326,222.337,222.326,222.337,48
07.10.2024 19:34:29.000,222.346,222.346,222.326,222.346,36
07.10.2024 19:34:30.000,222.356,222.356,222.356,222.356,12
07.10.2024 19:34:31.000,222.367,222.386,222.367,222.386,36
07.10.2024 19:34:33.000,222.356,222.386,222.356,222.376,60
07.10.2024 19:34:34.000,222.376,222.376,222.376,222.376,12
07.10.2024 19:34:35.000,222.367,222.367,222.327,222.327,60
07.10.2024 19:34:36.000,222.326,222.337,222.326,222.337,24
07.10.2024 19:34:37.000,222.326,222.327,222.326,222.327,24
07.10.2024 19:34:38.000,222.327,222.327,222.327,222.327,12
07.10.2024 19:34:39.000,222.336,222.336,222.327,222.327,24
07.10.2024 19:34:40.000,222.337,222.337,222.326,222.326,48
07.10.2024 19:34:41.000,222.337,222.337,222.337,222.337,12
07.10.2024 19:34:42.000,222.327,222.327,222.326,222.326,24
07.10.2024 19:34:43.000,222.357,222.376,222.357,222.376,36
07.10.2024 19:34:44.000,222.377,222.386,222.376,222.376,36
07.10.2024 19:34:45.000,222.387,222.387,222.387,222.387,12
07.10.2024 19:34:46.000,222.396,222.396,222.396,222.396,12
07.10.2024 19:34:48.000,222.397,222.397,222.396,222.396,24
07.10.2024 19:34:52.000,222.397,222.407,222.397,222.407,24
07.10.2024 19:34:53.000,222.417,222.417,222.417,222.417,12
07.10.2024 19:34:54.000,222.407,222.407,222.387,222.387,24
07.10.2024 19:34:59.000,222.387,222.387,222.387,222.387,12
07.10.2024 19:35:00.000,222.386,222.386,222.386,222.386,12
07.10.2024 19:35:01.000,222.417,222.447,222.406,222.447,84.00000000000001
07.10.2024 19:35:02.000,222.447,222.447,222.406,222.427,72
07.10.2024 19:35:03.000,222.427,222.427,222.417,222.417,24
07.10.2024 19:35:04.000,222.427,222.427,222.427,222.427,12
07.10.2024 19:35:05.000,222.417,222.427,222.417,222.427,24
07.10.2024 19:35:07.000,222.427,222.427,222.406,222.406,36
07.10.2024 19:35:08.000,222.386,222.387,222.386,222.387,24
07.10.2024 19:35:10.000,222.376,222.376,222.376,222.376,12
07.10.2024 19:35:13.000,222.377,222.377,222.367,222.367,24
07.10.2024 19:35:14.000,222.377,222.396,222.376,222.396,48
07.10.2024 19:35:16.000,222.367,222.377,222.367,222.377,24
07.10.2024 19:35:17.000,222.367,222.367,222.346,222.346,48
07.10.2024 19:35:18.000,222.356,222.356,222.347,222.356,36
07.10.2024 19:35:19.000,222.346,222.346,222.346,222.346,12
07.10.2024 19:35:20.000,222.356,222.356,222.356,222.356,12
07.10.2024 19:35:21.000,222.366,222.366,222.346,222.356,36
07.10.2024 19:35:22.000,222.347,222.347,222.306,222.317,60
07.10.2024 19:35:23.000,222.316,222.317,222.316,222.317,24
07.10.2024 19:35:24.000,222.317,222.317,222.317,222.317,12
07.10.2024 19:35:25.000,222.296,222.297,222.296,222.297,24
07.10.2024 19:35:26.000,222.306,222.306,222.306,222.306,12
07.10.2024 19:35:28.000,222.296,222.296,222.296,222.296,12
07.10.2024 19:35:29.000,222.297,222.297,222.267,222.276,48
07.10.2024 19:35:30.000,222.267,222.276,222.266,222.266,36
07.10.2024 19:35:31.000,222.277,222.286,222.267,222.286,48
07.10.2024 19:35:32.000,222.277,222.286,222.267,222.267,60
07.10.2024 19:35:33.000,222.276,222.277,222.266,222.277,36
07.10.2024 19:35:34.000,222.257,222.277,222.257,222.277,36
07.10.2024 19:35:35.000,222.266,222.267,222.257,222.257,36
07.10.2024 19:35:36.000,222.256,222.256,222.256,222.256,12
07.10.2024 19:35:37.000,222.257,222.257,222.257,222.257,24
07.10.2024 19:35:38.000,222.266,222.266,222.266,222.266,12
07.10.2024 19:35:39.000,222.256,222.257,222.256,222.257,24
07.10.2024 19:35:40.000,222.266,222.266,222.256,222.256,24
07.10.2024 19:35:42.000,222.257,222.257,222.257,222.257,12
07.10.2024 19:35:43.000,222.256,222.256,222.256,222.256,12
07.10.2024 19:35:44.000,222.256,222.256,222.256,222.256,24
07.10.2024 19:35:46.000,222.257,222.257,222.226,222.227,60
07.10.2024 19:35:47.000,222.226,222.227,222.216,222.227,60
07.10.2024 19:35:48.000,222.217,222.217,222.206,222.207,36
07.10.2024 19:35:49.000,222.217,222.217,222.217,222.217,24
07.10.2024 19:35:50.000,222.206,222.206,222.206,222.206,12
07.10.2024 19:35:51.000,222.187,222.187,222.187,222.187,12
07.10.2024 19:35:52.000,222.187,222.187,222.157,222.157,48
07.10.2024 19:35:53.000,222.157,222.177,222.157,222.177,72
07.10.2024 19:35:54.000,222.157,222.177,222.157,222.177,36
07.10.2024 19:35:55.000,222.167,222.186,222.167,222.186,24
07.10.2024 19:35:58.000,222.207,222.217,222.207,222.217,24
07.10.2024 19:35:59.000,222.237,222.246,222.217,222.217,48
07.10.2024 19:36:00.000,222.216,222.217,222.216,222.217,24
07.10.2024 19:36:01.000,222.237,222.237,222.216,222.216,24
07.10.2024 19:36:02.000,222.236,222.247,222.226,222.236,48
07.10.2024 19:36:06.000,222.246,222.246,222.246,222.246,12
07.10.2024 19:36:07.000,222.257,222.257,222.246,222.256,36
07.10.2024 19:36:08.000,222.277,222.277,222.257,222.276,48
07.10.2024 19:36:09.000,222.276,222.276,222.276,222.276,12
07.10.2024 19:36:11.000,222.257,222.267,222.256,222.266,48
07.10.2024 19:36:12.000,222.286,222.287,222.286,222.287,24
07.10.2024 19:36:13.000,222.286,222.296,222.286,222.296,24
07.10.2024 19:36:14.000,222.286,222.287,222.286,222.287,24
07.10.2024 19:36:15.000,222.286,222.287,222.286,222.287,36
07.10.2024 19:36:16.000,222.266,222.286,222.266,222.286,24
07.10.2024 19:36:17.000,222.307,222.307,222.297,222.297,24
07.10.2024 19:36:18.000,222.306,222.306,222.296,222.296,48
07.10.2024 19:36:19.000,222.296,222.296,222.296,222.296,24
07.10.2024 19:36:20.000,222.296,222.296,222.296,222.296,12
07.10.2024 19:36:24.000,222.317,222.317,222.317,222.317,12
07.10.2024 19:36:25.000,222.297,222.307,222.297,222.297,36
07.10.2024 19:36:26.000,222.307,222.317,222.307,222.317,24
07.10.2024 19:36:27.000,222.337,222.337,222.336,222.336,24
07.10.2024 19:36:28.000,222.347,222.357,222.347,222.357,36
07.10.2024 19:36:29.000,222.356,222.356,222.356,222.356,12
07.10.2024 19:36:30.000,222.356,222.356,222.356,222.356,12
07.10.2024 19:36:32.000,222.347,222.347,222.347,222.347,24
07.10.2024 19:36:34.000,222.347,222.356,222.346,222.356,36
07.10.2024 19:36:35.000,222.366,222.376,222.366,222.376,24
07.10.2024 19:36:37.000,222.367,222.367,222.336,222.346,36
07.10.2024 19:36:38.000,222.357,222.367,222.357,222.366,48
07.10.2024 19:36:40.000,222.336,222.347,222.336,222.347,36
07.10.2024 19:36:41.000,222.356,222.356,222.356,222.356,12
07.10.2024 19:36:43.000,222.367,222.387,222.367,222.387,36
07.10.2024 19:36:44.000,222.397,222.406,222.377,222.377,48
07.10.2024 19:36:45.000,222.387,222.387,222.387,222.387,24
07.10.2024 19:36:47.000,222.397,222.407,222.397,222.397,48
07.10.2024 19:36:51.000,222.406,222.406,222.396,222.396,24
07.10.2024 19:36:52.000,222.407,222.407,222.407,222.407,12
07.10.2024 19:36:53.000,222.386,222.396,222.386,222.396,48
07.10.2024 19:36:54.000,222.406,222.406,222.406,222.406,12
07.10.2024 19:36:55.000,222.406,222.406,222.387,222.387,36
07.10.2024 19:36:57.000,222.386,222.387,222.386,222.387,24
07.10.2024 19:37:00.000,222.387,222.387,222.387,222.387,12
07.10.2024 19:37:03.000,222.387,222.387,222.387,222.387,12
07.10.2024 19:37:04.000,222.367,222.367,222.336,222.336,48
07.10.2024 19:37:05.000,222.337,222.347,222.337,222.337,36
07.10.2024 19:37:06.000,222.347,222.347,222.347,222.347,12
07.10.2024 19:37:08.000,222.336,222.346,222.316,222.316,60
07.10.2024 19:37:09.000,222.317,222.336,222.317,222.326,36
07.10.2024 19:37:10.000,222.356,222.387,222.356,222.366,60
07.10.2024 19:37:11.000,222.386,222.387,222.367,222.387,60
07.10.2024 19:37:12.000,222.387,222.397,222.387,222.396,48
07.10.2024 19:37:13.000,222.386,222.386,222.386,222.386,12
07.10.2024 19:37:14.000,222.386,222.386,222.386,222.386,12
07.10.2024 19:37:15.000,222.396,222.396,222.396,222.396,12
07.10.2024 19:37:16.000,222.407,222.417,222.396,222.396,84.00000000000001
07.10.2024 19:37:17.000,222.406,222.407,222.377,222.407,48
07.10.2024 19:37:18.000,222.366,222.406,222.366,222.406,24
07.10.2024 19:37:21.000,222.406,222.416,222.406,222.416,24
07.10.2024 19:37:22.000,222.436,222.447,222.436,222.446,48
07.10.2024 19:37:26.000,222.456,222.456,222.456,222.456,12
07.10.2024 19:37:27.000,222.446,222.446,222.426,222.436,48
07.10.2024 19:37:28.000,222.427,222.436,222.427,222.427,36
07.10.2024 19:37:29.000,222.446,222.446,222.436,222.436,36
07.10.2024 19:37:30.000,222.446,222.446,222.437,222.437,24
07.10.2024 19:37:31.000,222.427,222.427,222.427,222.427,12
07.10.2024 19:37:32.000,222.427,222.437,222.426,222.426,72
07.10.2024 19:37:33.000,222.416,222.426,222.416,222.417,60
07.10.2024 19:37:34.000,222.437,222.437,222.417,222.417,36
07.10.2024 19:37:35.000,222.427,222.427,222.427,222.427,48
07.10.2024 19:37:36.000,222.426,222.426,222.426,222.426,24
07.10.2024 19:37:40.000,222.406,222.436,222.406,222.426,48
07.10.2024 19:37:41.000,222.417,222.437,222.417,222.437,24
07.10.2024 19:37:43.000,222.417,222.427,222.416,222.417,72
07.10.2024 19:37:44.000,222.416,222.427,222.416,222.427,24
07.10.2024 19:37:45.000,222.426,222.426,222.426,222.426,12
07.10.2024 19:37:46.000,222.427,222.427,222.426,222.426,24
07.10.2024 19:37:47.000,222.417,222.427,222.417,222.427,24
07.10.2024 19:37:48.000,222.416,222.416,222.416,222.416,12
07.10.2024 19:37:49.000,222.426,222.426,222.406,222.406,36
07.10.2024 19:37:50.000,222.417,222.417,222.406,222.406,24
07.10.2024 19:37:51.000,222.426,222.436,222.426,222.427,36
07.10.2024 19:37:54.000,222.436,222.436,222.436,222.436,12
07.10.2024 19:37:57.000,222.427,222.427,222.427,222.427,12
07.10.2024 19:38:00.000,222.417,222.417,222.417,222.417,36
07.10.2024 19:38:04.000,222.396,222.397,222.396,222.396,36
07.10.2024 19:38:07.000,222.367,222.367,222.337,222.337,24
07.10.2024 19:38:08.000,222.337,222.337,222.307,222.326,48
07.10.2024 19:38:09.000,222.317,222.317,222.317,222.317,12
07.10.2024 19:38:10.000,222.306,222.306,222.306,222.306,12
07.10.2024 19:38:11.000,222.326,222.327,222.326,222.327,24
07.10.2024 19:38:12.000,222.327,222.327,222.327,222.327,12
07.10.2024 19:38:13.000,222.316,222.317,222.307,222.317,36
07.10.2024 19:38:14.000,222.307,222.316,222.307,222.316,24
07.10.2024 19:38:15.000,222.327,222.327,222.317,222.317,24
07.10.2024 19:38:18.000,222.326,222.336,222.326,222.336,24
07.10.2024 19:38:19.000,222.326,222.326,222.326,222.326,12
07.10.2024 19:38:21.000,222.336,222.336,222.306,222.306,36
07.10.2024 19:38:22.000,222.307,222.307,222.306,222.306,24
07.10.2024 19:38:23.000,222.297,222.317,222.297,222.317,36
07.10.2024 19:38:25.000,222.296,222.296,222.296,222.296,12
07.10.2024 19:38:26.000,222.296,222.296,222.296,222.296,12
07.10.2024 19:38:32.000,222.307,222.307,222.296,222.296,24
07.10.2024 19:38:33.000,222.307,222.307,222.297,222.307,36
07.10.2024 19:38:40.000,222.306,222.307,222.306,222.307,24
07.10.2024 19:38:41.000,222.307,222.307,222.307,222.307,12
07.10.2024 19:38:45.000,222.317,222.317,222.317,222.317,12
07.10.2024 19:38:46.000,222.306,222.307,222.306,222.307,24
07.10.2024 19:38:47.000,222.297,222.297,222.297,222.297,12
07.10.2024 19:38:51.000,222.317,222.327,222.317,222.326,36
07.10.2024 19:38:52.000,222.336,222.347,222.336,222.347,24
07.10.2024 19:38:53.000,222.337,222.337,222.337,222.337,12
07.10.2024 19:38:54.000,222.327,222.327,222.327,222.327,12
07.10.2024 19:38:57.000,222.337,222.337,222.337,222.337,12
07.10.2024 19:38:58.000,222.346,222.346,222.336,222.336,24
07.10.2024 19:39:02.000,222.337,222.376,222.337,222.376,36
07.10.2024 19:39:03.000,222.386,222.386,222.386,222.386,12
07.10.2024 19:39:10.000,222.376,222.376,222.376,222.376,12
07.10.2024 19:39:11.000,222.366,222.366,222.366,222.366,12
07.10.2024 19:39:16.000,222.366,222.366,222.366,222.366,12
07.10.2024 19:39:17.000,222.377,222.407,222.377,222.407,24
07.10.2024 19:39:18.000,222.406,222.407,222.406,222.407,24
07.10.2024 19:39:19.000,222.407,222.407,222.407,222.407,12
07.10.2024 19:39:20.000,222.407,222.407,222.407,222.407,12
07.10.2024 19:39:23.000,222.406,222.406,222.406,222.406,12
07.10.2024 19:39:24.000,222.406,222.406,222.406,222.406,12
07.10.2024 19:39:27.000,222.407,222.407,222.407,222.407,12
07.10.2024 19:39:29.000,222.416,222.416,222.416,222.416,12
07.10.2024 19:39:30.000,222.407,222.407,222.407,222.407,12
07.10.2024 19:39:32.000,222.416,222.416,222.416,222.416,12
07.10.2024 19:39:33.000,222.396,222.396,222.396,222.396,12
07.10.2024 19:39:35.000,222.406,222.417,222.406,222.417,24
07.10.2024 19:39:37.000,222.447,222.447,222.447,222.447,36
07.10.2024 19:39:38.000,222.456,222.457,222.456,222.457,36
07.10.2024 19:39:39.000,222.457,222.457,222.457,222.457,12
07.10.2024 19:39:40.000,222.456,222.467,222.456,222.467,24
07.10.2024 19:39:41.000,222.477,222.477,222.457,222.457,36
07.10.2024 19:39:42.000,222.466,222.466,222.456,222.456,24
07.10.2024 19:39:44.000,222.456,222.456,222.397,222.397,24
07.10.2024 19:39:45.000,222.407,222.407,222.407,222.407,12
07.10.2024 19:39:46.000,222.396,222.396,222.396,222.396,12
07.10.2024 19:39:47.000,222.407,222.407,222.407,222.407,12
07.10.2024 19:39:48.000,222.457,222.457,222.416,222.416,24
07.10.2024 19:39:49.000,222.447,222.447,222.396,222.396,36
07.10.2024 19:39:50.000,222.407,222.417,222.407,222.407,36
07.10.2024 19:39:51.000,222.396,222.396,222.396,222.396,24
07.10.2024 19:39:53.000,222.397,222.397,222.397,222.397,12
07.10.2024 19:39:54.000,222.396,222.437,222.396,222.437,36
07.10.2024 19:39:55.000,222.427,222.427,222.427,222.427,12
07.10.2024 19:39:56.000,222.446,222.446,222.437,222.437,24
07.10.2024 19:39:57.000,222.437,222.437,222.437,222.437,12
07.10.2024 19:39:58.000,222.446,222.446,222.437,222.437,24
07.10.2024 19:39:59.000,222.456,222.456,222.447,222.447,24
07.10.2024 19:40:00.000,222.457,222.457,222.457,222.457,12
07.10.2024 19:40:01.000,222.456,222.456,222.456,222.456,12
07.10.2024 19:40:03.000,222.446,222.446,222.406,222.406,60
07.10.2024 19:40:04.000,222.416,222.427,222.407,222.426,48
07.10.2024 19:40:05.000,222.436,222.436,222.436,222.436,12
07.10.2024 19:40:06.000,222.437,222.437,222.396,222.407,60
07.10.2024 19:40:07.000,222.406,222.406,222.406,222.406,12
07.10.2024 19:40:08.000,222.396,222.396,222.396,222.396,12
07.10.2024 19:40:09.000,222.386,222.386,222.386,222.386,24
07.10.2024 19:40:10.000,222.396,222.407,222.396,222.397,60
07.10.2024 19:40:13.000,222.407,222.407,222.407,222.407,12
07.10.2024 19:40:14.000,222.407,222.407,222.407,222.407,12
07.10.2024 19:40:15.000,222.417,222.417,222.417,222.417,12
07.10.2024 19:40:16.000,222.407,222.407,222.407,222.407,12
07.10.2024 19:40:17.000,222.396,222.396,222.396,222.396,48
07.10.2024 19:40:18.000,222.406,222.406,222.406,222.406,12
07.10.2024 19:40:19.000,222.397,222.397,222.397,222.397,12
07.10.2024 19:40:20.000,222.396,222.406,222.396,222.406,24
07.10.2024 19:40:21.000,222.416,222.416,222.407,222.407,24
07.10.2024 19:40:22.000,222.396,222.396,222.396,222.396,12
07.10.2024 19:40:23.000,222.397,222.397,222.396,222.396,24
07.10.2024 19:40:25.000,222.406,222.407,222.396,222.396,36
07.10.2024 19:40:27.000,222.417,222.417,222.406,222.406,24
07.10.2024 19:40:29.000,222.407,222.407,222.407,222.407,12
07.10.2024 19:40:38.000,222.397,222.397,222.377,222.387,36
07.10.2024 19:40:40.000,222.387,222.387,222.387,222.387,24
07.10.2024 19:40:41.000,222.397,222.397,222.397,222.397,12
07.10.2024 19:40:42.000,222.377,222.386,222.366,222.366,36
07.10.2024 19:40:43.000,222.376,222.377,222.366,222.367,72
07.10.2024 19:40:44.000,222.377,222.377,222.367,222.367,24
07.10.2024 19:40:45.000,222.376,222.377,222.366,222.377,36
07.10.2024 19:40:46.000,222.366,222.376,222.366,222.367,36
07.10.2024 19:40:49.000,222.367,222.367,222.366,222.367,36
07.10.2024 19:40:52.000,222.387,222.387,222.387,222.387,12
07.10.2024 19:40:53.000,222.397,222.397,222.386,222.387,36
07.10.2024 19:40:54.000,222.386,222.387,222.386,222.386,36
07.10.2024 19:40:57.000,222.387,222.387,222.387,222.387,12
07.10.2024 19:40:58.000,222.387,222.387,222.387,222.387,12
07.10.2024 19:41:00.000,222.387,222.387,222.387,222.387,12
07.10.2024 19:41:01.000,222.367,222.367,222.366,222.366,36
07.10.2024 19:41:02.000,222.367,222.367,222.367,222.367,12
07.10.2024 19:41:04.000,222.367,222.367,222.367,222.367,12
07.10.2024 19:41:05.000,222.357,222.357,222.357,222.357,12
07.10.2024 19:41:06.000,222.366,222.367,222.356,222.367,36
07.10.2024 19:41:07.000,222.357,222.357,222.357,222.357,12
07.10.2024 19:41:08.000,222.347,222.347,222.336,222.336,36
07.10.2024 19:41:09.000,222.346,222.346,222.346,222.346,12
07.10.2024 19:41:10.000,222.347,222.347,222.347,222.347,12
07.10.2024 19:41:11.000,222.336,222.347,222.336,222.347,48
07.10.2024 19:41:12.000,222.336,222.347,222.336,222.336,96
07.10.2024 19:41:13.000,222.346,222.346,222.336,222.336,24
07.10.2024 19:41:14.000,222.336,222.336,222.336,222.336,12
07.10.2024 19:41:15.000,222.347,222.347,222.316,222.316,48
07.10.2024 19:41:17.000,222.316,222.316,222.316,222.316,12
07.10.2024 19:41:18.000,222.307,222.307,222.296,222.297,36
07.10.2024 19:41:19.000,222.297,222.297,222.296,222.296,24
07.10.2024 19:41:20.000,222.307,222.307,222.307,222.307,24
07.10.2024 19:41:21.000,222.307,222.307,222.307,222.307,12
07.10.2024 19:41:23.000,222.307,222.307,222.296,222.296,24
07.10.2024 19:41:24.000,222.297,222.297,222.297,222.297,12
07.10.2024 19:41:25.000,222.316,222.316,222.307,222.307,24
07.10.2024 19:41:26.000,222.317,222.327,222.316,222.316,60
07.10.2024 19:41:27.000,222.317,222.317,222.317,222.317,12
07.10.2024 19:41:28.000,222.306,222.317,222.306,222.317,36
07.10.2024 19:41:30.000,222.297,222.297,222.297,222.297,24
07.10.2024 19:41:31.000,222.307,222.307,222.307,222.307,12
07.10.2024 19:41:32.000,222.306,222.306,222.306,222.306,12
07.10.2024 19:41:35.000,222.286,222.286,222.286,222.286,36
07.10.2024 19:41:36.000,222.286,222.296,222.267,222.287,96
07.10.2024 19:41:37.000,222.276,222.276,222.276,222.276,12
07.10.2024 19:41:38.000,222.307,222.307,222.296,222.297,36
07.10.2024 19:41:39.000,222.296,222.306,222.296,222.296,36
07.10.2024 19:41:40.000,222.297,222.297,222.297,222.297,12
07.10.2024 19:41:41.000,222.307,222.307,222.307,222.307,12
07.10.2024 19:41:43.000,222.296,222.296,222.296,222.296,12
07.10.2024 19:41:44.000,222.297,222.297,222.297,222.297,12
07.10.2024 19:41:46.000,222.296,222.296,222.287,222.287,24
07.10.2024 19:41:47.000,222.286,222.287,222.286,222.286,36
07.10.2024 19:41:48.000,222.277,222.277,222.277,222.277,12
07.10.2024 19:41:50.000,222.256,222.256,222.256,222.256,12
07.10.2024 19:41:51.000,222.256,222.256,222.256,222.256,12
07.10.2024 19:41:52.000,222.247,222.247,222.247,222.247,12
07.10.2024 19:41:53.000,222.256,222.267,222.256,222.267,36
07.10.2024 19:41:54.000,222.266,222.266,222.246,222.256,60
07.10.2024 19:41:55.000,222.256,222.276,222.256,222.276,48
07.10.2024 19:41:56.000,222.276,222.277,222.276,222.277,24
07.10.2024 19:41:57.000,222.256,222.257,222.256,222.257,24
07.10.2024 19:41:58.000,222.276,222.276,222.257,222.257,36
07.10.2024 19:41:59.000,222.257,222.257,222.257,222.257,12
07.10.2024 19:42:00.000,222.246,222.246,222.246,222.246,12
07.10.2024 19:42:01.000,222.257,222.257,222.247,222.247,48
07.10.2024 19:42:02.000,222.246,222.266,222.246,222.266,36
07.10.2024 19:42:03.000,222.256,222.266,222.256,222.256,36
07.10.2024 19:42:04.000,222.266,222.266,222.266,222.266,12
07.10.2024 19:42:05.000,222.276,222.276,222.276,222.276,12
07.10.2024 19:42:06.000,222.267,222.267,222.267,222.267,12
07.10.2024 19:42:07.000,222.266,222.266,222.266,222.266,12
07.10.2024 19:42:08.000,222.277,222.277,222.277,222.277,12
07.10.2024 19:42:10.000,222.276,222.276,222.237,222.237,60
07.10.2024 19:42:11.000,222.227,222.227,222.216,222.216,24
07.10.2024 19:42:12.000,222.226,222.237,222.216,222.237,48
07.10.2024 19:42:13.000,222.227,222.227,222.216,222.216,24
07.10.2024 19:42:14.000,222.227,222.236,222.226,222.226,36
07.10.2024 19:42:15.000,222.227,222.227,222.227,222.227,12
07.10.2024 19:42:16.000,222.236,222.236,222.226,222.226,36
07.10.2024 19:42:17.000,222.246,222.247,222.226,222.237,60
07.10.2024 19:42:18.000,222.246,222.246,222.236,222.236,48
07.10.2024 19:42:19.000,222.237,222.237,222.237,222.237,12
07.10.2024 19:42:20.000,222.236,222.246,222.236,222.246,24
07.10.2024 19:42:21.000,222.247,222.247,222.247,222.247,12
07.10.2024 19:42:22.000,222.246,222.246,222.246,222.246,12
07.10.2024 19:42:23.000,222.246,222.256,222.246,222.246,36
07.10.2024 19:42:24.000,222.267,222.267,222.256,222.257,48
07.10.2024 19:42:25.000,222.266,222.276,222.266,222.276,24
07.10.2024 19:42:26.000,222.277,222.277,222.257,222.257,48
07.10.2024 19:42:27.000,222.246,222.246,222.246,222.246,24
07.10.2024 19:42:28.000,222.247,222.247,222.246,222.246,36
07.10.2024 19:42:29.000,222.247,222.247,222.226,222.226,48
07.10.2024 19:42:30.000,222.257,222.257,222.246,222.247,48
07.10.2024 19:42:31.000,222.227,222.246,222.227,222.246,36
07.10.2024 19:42:32.000,222.247,222.247,222.207,222.207,84.00000000000001
07.10.2024 19:42:33.000,222.216,222.216,222.206,222.207,48
07.10.2024 19:42:36.000,222.217,222.217,222.207,222.217,48
07.10.2024 19:42:37.000,222.206,222.217,222.206,222.207,36
07.10.2024 19:42:38.000,222.216,222.227,222.216,222.217,48
07.10.2024 19:42:39.000,222.227,222.227,222.216,222.227,36
07.10.2024 19:42:40.000,222.217,222.227,222.217,222.227,24
07.10.2024 19:42:43.000,222.207,222.207,222.196,222.196,24
07.10.2024 19:42:44.000,222.207,222.207,222.196,222.196,24
07.10.2024 19:42:45.000,222.197,222.197,222.196,222.196,24
07.10.2024 19:42:46.000,222.206,222.206,222.197,222.197,24
07.10.2024 19:42:47.000,222.216,222.216,222.216,222.216,12
07.10.2024 19:42:48.000,222.217,222.217,222.217,222.217,12
07.10.2024 19:42:50.000,222.207,222.207,222.207,222.207,12
07.10.2024 19:42:51.000,222.206,222.206,222.206,222.206,12
07.10.2024 19:42:52.000,222.206,222.236,222.206,222.217,72
07.10.2024 19:42:53.000,222.217,222.217,222.217,222.217,12
07.10.2024 19:42:54.000,222.207,222.226,222.206,222.226,60
07.10.2024 19:42:55.000,222.227,222.227,222.227,222.227,12
07.10.2024 19:42:56.000,222.237,222.237,222.227,222.227,36
07.10.2024 19:42:58.000,222.257,222.267,222.257,222.267,36
07.10.2024 19:42:59.000,222.266,222.266,222.266,222.266,12
07.10.2024 19:43:00.000,222.246,222.246,222.216,222.216,96
07.10.2024 19:43:01.000,222.237,222.237,222.237,222.237,12
07.10.2024 19:43:02.000,222.237,222.237,222.237,222.237,12
07.10.2024 19:43:04.000,222.226,222.267,222.226,222.267,36
07.10.2024 19:43:05.000,222.287,222.307,222.287,222.297,48
07.10.2024 19:43:06.000,222.266,222.266,222.266,222.266,12
07.10.2024 19:43:07.000,222.267,222.267,222.267,222.267,12
07.10.2024 19:43:08.000,222.267,222.277,222.267,222.267,36
07.10.2024 19:43:09.000,222.287,222.296,222.267,222.276,72
07.10.2024 19:43:10.000,222.296,222.306,222.296,222.306,24
07.10.2024 19:43:11.000,222.297,222.297,222.297,222.297,12
07.10.2024 19:43:12.000,222.297,222.297,222.297,222.297,12
07.10.2024 19:43:13.000,222.296,222.307,222.296,222.296,60
07.10.2024 19:43:14.000,222.306,222.306,222.306,222.306,24
07.10.2024 19:43:15.000,222.297,222.297,222.296,222.296,24
07.10.2024 19:43:16.000,222.297,222.297,222.297,222.297,12
07.10.2024 19:43:18.000,222.317,222.317,222.296,222.296,36
07.10.2024 19:43:19.000,222.327,222.327,222.327,222.327,12
07.10.2024 19:43:20.000,222.297,222.297,222.297,222.297,12
07.10.2024 19:43:21.000,222.277,222.277,222.277,222.277,12
07.10.2024 19:43:22.000,222.287,222.287,222.287,222.287,24
07.10.2024 19:43:23.000,222.297,222.307,222.297,222.307,24
07.10.2024 19:43:24.000,222.297,222.297,222.297,222.297,12
07.10.2024 19:43:25.000,222.287,222.297,222.287,222.287,48
07.10.2024 19:43:26.000,222.297,222.297,222.297,222.297,12
07.10.2024 19:43:27.000,222.287,222.296,222.287,222.296,24
07.10.2024 19:43:28.000,222.306,222.316,222.306,222.306,48
07.10.2024 19:43:29.000,222.296,222.296,222.296,222.296,12
07.10.2024 19:43:30.000,222.297,222.297,222.297,222.297,12
07.10.2024 19:43:31.000,222.296,222.296,222.296,222.296,12
07.10.2024 19:43:33.000,222.297,222.297,222.286,222.297,72
07.10.2024 19:43:34.000,222.306,222.316,222.306,222.316,36
07.10.2024 19:43:35.000,222.296,222.296,222.296,222.296,12
07.10.2024 19:43:41.000,222.297,222.297,222.297,222.297,12
07.10.2024 19:43:42.000,222.287,222.287,222.286,222.286,24
07.10.2024 19:43:44.000,222.277,222.277,222.266,222.276,72
07.10.2024 19:43:45.000,222.266,222.266,222.266,222.266,12
07.10.2024 19:43:46.000,222.266,222.276,222.266,222.267,60
07.10.2024 19:43:47.000,222.266,222.277,222.266,222.266,36
07.10.2024 19:43:49.000,222.277,222.277,222.266,222.266,48
07.10.2024 19:43:50.000,222.277,222.307,222.266,222.297,60
07.10.2024 19:43:51.000,222.297,222.297,222.297,222.297,12
07.10.2024 19:43:52.000,222.316,222.326,222.307,222.326,36
07.10.2024 19:43:53.000,222.307,222.307,222.307,222.307,12
07.10.2024 19:43:54.000,222.307,222.307,222.306,222.306,24
07.10.2024 19:43:55.000,222.316,222.316,222.316,222.316,12
07.10.2024 19:43:56.000,222.317,222.317,222.317,222.317,12
07.10.2024 19:43:57.000,222.306,222.317,222.306,222.317,36
07.10.2024 19:43:59.000,222.317,222.317,222.317,222.317,12
07.10.2024 19:44:02.000,222.307,222.307,222.307,222.307,36
07.10.2024 19:44:03.000,222.297,222.297,222.297,222.297,12
07.10.2024 19:44:04.000,222.297,222.297,222.297,222.297,12
07.10.2024 19:44:08.000,222.277,222.277,222.277,222.277,12
07.10.2024 19:44:10.000,222.296,222.296,222.296,222.296,12
07.10.2024 19:44:11.000,222.277,222.277,222.267,222.267,24
07.10.2024 19:44:12.000,222.267,222.267,222.266,222.266,24
07.10.2024 19:44:13.000,222.256,222.256,222.246,222.246,24
07.10.2024 19:44:14.000,222.236,222.237,222.227,222.227,60
07.10.2024 19:44:15.000,222.216,222.216,222.206,222.206,24
07.10.2024 19:44:16.000,222.197,222.197,222.197,222.197,12
07.10.2024 19:44:17.000,222.217,222.217,222.196,222.196,48
07.10.2024 19:44:18.000,222.206,222.206,222.196,222.196,36
07.10.2024 19:44:19.000,222.186,222.186,222.186,222.186,12
07.10.2024 19:44:23.000,222.187,222.187,222.187,222.187,12
07.10.2024 19:44:24.000,222.187,222.187,222.187,222.187,12
07.10.2024 19:44:25.000,222.187,222.187,222.177,222.177,24
07.10.2024 19:44:26.000,222.177,222.186,222.177,222.186,36
07.10.2024 19:44:28.000,222.196,222.196,222.186,222.186,24
07.10.2024 19:44:30.000,222.177,222.177,222.177,222.177,24
07.10.2024 19:44:31.000,222.176,222.177,222.176,222.177,24
07.10.2024 19:44:32.000,222.186,222.186,222.186,222.186,12
07.10.2024 19:44:33.000,222.196,222.196,222.196,222.196,24
07.10.2024 19:44:37.000,222.186,222.186,222.186,222.186,24
07.10.2024 19:44:41.000,222.186,222.197,222.186,222.197,24
07.10.2024 19:44:43.000,222.216,222.217,222.216,222.217,24
07.10.2024 19:44:44.000,222.216,222.216,222.216,222.216,12
07.10.2024 19:44:46.000,222.227,222.227,222.216,222.216,36
07.10.2024 19:44:47.000,222.217,222.226,222.217,222.226,24
07.10.2024 19:44:48.000,222.227,222.227,222.227,222.227,12
07.10.2024 19:44:50.000,222.227,222.227,222.227,222.227,12
07.10.2024 19:44:51.000,222.217,222.217,222.217,222.217,12
07.10.2024 19:44:52.000,222.227,222.227,222.217,222.217,24
07.10.2024 19:44:53.000,222.227,222.236,222.226,222.226,36
07.10.2024 19:44:54.000,222.236,222.236,222.216,222.216,36
07.10.2024 19:44:55.000,222.217,222.217,222.217,222.217,12
07.10.2024 19:44:56.000,222.226,222.226,222.206,222.206,36
07.10.2024 19:44:57.000,222.197,222.197,222.197,222.197,12
07.10.2024 19:44:58.000,222.217,222.217,222.206,222.217,36
07.10.2024 19:45:00.000,222.217,222.217,222.196,222.196,24
07.10.2024 19:45:01.000,222.206,222.216,222.206,222.216,24
07.10.2024 19:45:02.000,222.236,222.236,222.226,222.226,48
07.10.2024 19:45:03.000,222.217,222.217,222.217,222.217,24
07.10.2024 19:45:04.000,222.216,222.216,222.197,222.197,24
07.10.2024 19:45:06.000,222.237,222.246,222.216,222.236,72
07.10.2024 19:45:07.000,222.247,222.266,222.247,222.266,24
07.10.2024 19:45:09.000,222.247,222.247,222.247,222.247,12
07.10.2024 19:45:10.000,222.247,222.247,222.236,222.236,36
07.10.2024 19:45:11.000,222.217,222.217,222.206,222.206,24
07.10.2024 19:45:12.000,222.207,222.237,222.207,222.217,60
07.10.2024 19:45:13.000,222.206,222.207,222.206,222.207,36
07.10.2024 19:45:14.000,222.207,222.216,222.207,222.216,24
07.10.2024 19:45:15.000,222.227,222.227,222.216,222.216,24
07.10.2024 19:45:16.000,222.206,222.206,222.206,222.206,12
07.10.2024 19:45:17.000,222.206,222.207,222.187,222.187,72
07.10.2024 19:45:18.000,222.196,222.196,222.177,222.177,36
07.10.2024 19:45:19.000,222.186,222.186,222.176,222.186,60
07.10.2024 19:45:20.000,222.186,222.186,222.177,222.177,24
07.10.2024 19:45:21.000,222.187,222.187,222.166,222.166,36
07.10.2024 19:45:22.000,222.177,222.186,222.166,222.166,36
07.10.2024 19:45:23.000,222.187,222.187,222.136,222.147,119.99999999999999
07.10.2024 19:45:24.000,222.137,222.147,222.136,222.136,72
07.10.2024 19:45:25.000,222.146,222.146,222.146,222.146,12
07.10.2024 19:45:26.000,222.147,222.147,222.136,222.136,24
07.10.2024 19:45:27.000,222.147,222.147,222.147,222.147,12
07.10.2024 19:45:28.000,222.137,222.137,222.136,222.136,24
07.10.2024 19:45:29.000,222.146,222.166,222.146,222.166,36
07.10.2024 19:45:30.000,222.176,222.176,222.176,222.176,12
07.10.2024 19:45:31.000,222.177,222.187,222.177,222.187,24
07.10.2024 19:45:34.000,222.177,222.177,222.176,222.176,84.00000000000001
07.10.2024 19:45:35.000,222.166,222.166,222.147,222.147,48
07.10.2024 19:45:36.000,222.147,222.157,222.147,222.147,36
07.10.2024 19:45:37.000,222.157,222.157,222.157,222.157,12
07.10.2024 19:45:38.000,222.156,222.156,222.156,222.156,24
07.10.2024 19:45:40.000,222.187,222.206,222.187,222.206,48
07.10.2024 19:45:41.000,222.207,222.207,222.206,222.206,48
07.10.2024 19:45:42.000,222.216,222.236,222.216,222.236,48
07.10.2024 19:45:43.000,222.246,222.246,222.226,222.237,48
07.10.2024 19:45:45.000,222.237,222.237,222.196,222.206,84.00000000000001
07.10.2024 19:45:46.000,222.196,222.206,222.196,222.197,60
07.10.2024 19:45:47.000,222.196,222.196,222.196,222.196,12
07.10.2024 19:45:49.000,222.166,222.167,222.166,222.166,48
07.10.2024 19:45:50.000,222.166,222.166,222.156,222.156,48
07.10.2024 19:45:51.000,222.156,222.177,222.156,222.167,48
07.10.2024 19:45:54.000,222.176,222.186,222.176,222.186,24
07.10.2024 19:45:55.000,222.186,222.186,222.177,222.177,36
07.10.2024 19:45:56.000,222.186,222.186,222.186,222.186,12
07.10.2024 19:45:57.000,222.177,222.177,222.177,222.177,12
07.10.2024 19:45:58.000,222.206,222.206,222.197,222.197,24
07.10.2024 19:46:00.000,222.206,222.206,222.206,222.206,12
07.10.2024 19:46:02.000,222.216,222.216,222.206,222.206,36
07.10.2024 19:46:03.000,222.206,222.206,222.156,222.156,84.00000000000001
07.10.2024 19:46:05.000,222.166,222.166,222.156,222.156,24
07.10.2024 19:46:06.000,222.156,222.157,222.156,222.156,36
07.10.2024 19:46:11.000,222.147,222.147,222.147,222.147,12
07.10.2024 19:46:15.000,222.136,222.136,222.117,222.126,36
07.10.2024 19:46:16.000,222.136,222.136,222.126,222.127,48
07.10.2024 19:46:18.000,222.146,222.146,222.126,222.136,36
07.10.2024 19:46:19.000,222.126,222.126,222.126,222.126,12
07.10.2024 19:46:20.000,222.126,222.126,222.126,222.126,12
07.10.2024 19:46:21.000,222.137,222.137,222.137,222.137,12
07.10.2024 19:46:26.000,222.137,222.137,222.137,222.137,12
07.10.2024 19:46:27.000,222.137,222.137,222.127,222.127,24
07.10.2024 19:46:30.000,222.117,222.117,222.116,222.117,36
07.10.2024 19:46:32.000,222.097,222.117,222.097,222.117,36
07.10.2024 19:46:33.000,222.106,222.116,222.106,222.116,36
07.10.2024 19:46:34.000,222.126,222.126,222.126,222.126,12
07.10.2024 19:46:35.000,222.127,222.137,222.126,222.126,36
07.10.2024 19:46:36.000,222.126,222.126,222.126,222.126,12
07.10.2024 19:46:38.000,222.136,222.137,222.126,222.137,36
07.10.2024 19:46:39.000,222.127,222.136,222.127,222.136,24
07.10.2024 19:46:40.000,222.127,222.136,222.127,222.127,36
07.10.2024 19:46:41.000,222.156,222.167,222.137,222.147,96
07.10.2024 19:46:42.000,222.176,222.176,222.146,222.156,36
07.10.2024 19:46:44.000,222.146,222.146,222.137,222.137,36
07.10.2024 19:46:46.000,222.137,222.137,222.137,222.137,12
07.10.2024 19:46:47.000,222.147,222.157,222.136,222.137,48
07.10.2024 19:46:48.000,222.167,222.177,222.156,222.156,72
07.10.2024 19:46:49.000,222.147,222.147,222.136,222.136,36
07.10.2024 19:46:50.000,222.147,222.147,222.147,222.147,12
07.10.2024 19:46:52.000,222.137,222.146,222.137,222.146,24
07.10.2024 19:46:55.000,222.136,222.136,222.127,222.127,24
07.10.2024 19:46:56.000,222.116,222.116,222.116,222.116,12
07.10.2024 19:46:58.000,222.126,222.126,222.126,222.126,24
07.10.2024 19:47:01.000,222.127,222.127,222.127,222.127,12
07.10.2024 19:47:02.000,222.147,222.147,222.147,222.147,12
07.10.2024 19:47:03.000,222.157,222.157,222.157,222.157,12
07.10.2024 19:47:04.000,222.136,222.136,222.136,222.136,12
07.10.2024 19:47:05.000,222.147,222.147,222.136,222.136,24
07.10.2024 19:47:06.000,222.147,222.147,222.137,222.137,24
07.10.2024 19:47:07.000,222.147,222.147,222.136,222.136,48
07.10.2024 19:47:08.000,222.146,222.146,222.137,222.137,36
07.10.2024 19:47:09.000,222.136,222.136,222.127,222.127,24
07.10.2024 19:47:10.000,222.117,222.117,222.117,222.117,24
07.10.2024 19:47:11.000,222.106,222.107,222.106,222.107,24
07.10.2024 19:47:12.000,222.117,222.117,222.106,222.106,24
07.10.2024 19:47:13.000,222.116,222.116,222.107,222.107,24
07.10.2024 19:47:14.000,222.116,222.127,222.106,222.127,36
07.10.2024 19:47:15.000,222.117,222.136,222.117,222.136,36
07.10.2024 19:47:16.000,222.106,222.106,222.106,222.106,12
07.10.2024 19:47:17.000,222.126,222.127,222.106,222.127,36
07.10.2024 19:47:18.000,222.107,222.126,222.107,222.117,48
07.10.2024 19:47:19.000,222.127,222.147,222.127,222.147,60
07.10.2024 19:47:20.000,222.136,222.137,222.136,222.137,24
07.10.2024 19:47:21.000,222.117,222.117,222.117,222.117,12
07.10.2024 19:47:22.000,222.136,222.136,222.136,222.136,12
07.10.2024 19:47:24.000,222.137,222.137,222.137,222.137,12
07.10.2024 19:47:26.000,222.146,222.146,222.146,222.146,12
07.10.2024 19:47:27.000,222.137,222.137,222.126,222.127,48
07.10.2024 19:47:28.000,222.127,222.127,222.127,222.127,24
07.10.2024 19:47:29.000,222.127,222.127,222.127,222.127,12
07.10.2024 19:47:30.000,222.126,222.126,222.126,222.126,12
07.10.2024 19:47:31.000,222.126,222.126,222.126,222.126,12
07.10.2024 19:47:32.000,222.116,222.116,222.106,222.106,36
07.10.2024 19:47:33.000,222.117,222.117,222.107,222.107,24
07.10.2024 19:47:37.000,222.106,222.117,222.106,222.106,48
07.10.2024 19:47:40.000,222.097,222.097,222.097,222.097,12
07.10.2024 19:47:41.000,222.096,222.096,222.096,222.096,12
07.10.2024 19:47:42.000,222.097,222.126,222.096,222.126,36
07.10.2024 19:47:43.000,222.126,222.126,222.097,222.097,24
07.10.2024 19:47:45.000,222.116,222.116,222.116,222.116,12
07.10.2024 19:47:50.000,222.097,222.116,222.097,222.116,24
07.10.2024 19:47:51.000,222.096,222.096,222.096,222.096,12
07.10.2024 19:47:52.000,222.106,222.107,222.096,222.107,72
07.10.2024 19:47:54.000,222.096,222.096,222.096,222.096,12
07.10.2024 19:47:55.000,222.096,222.106,222.096,222.106,36
07.10.2024 19:47:56.000,222.096,222.096,222.067,222.067,60
07.10.2024 19:47:57.000,222.066,222.077,222.066,222.077,24
07.10.2024 19:47:58.000,222.086,222.086,222.077,222.086,36
07.10.2024 19:47:59.000,222.077,222.077,222.077,222.077,12
07.10.2024 19:48:00.000,222.067,222.077,222.056,222.056,48
07.10.2024 19:48:01.000,222.056,222.056,222.056,222.056,12
07.10.2024 19:48:02.000,222.066,222.066,222.066,222.066,12
07.10.2024 19:48:03.000,222.057,222.057,222.047,222.047,36
07.10.2024 19:48:04.000,222.056,222.056,222.047,222.047,36
07.10.2024 19:48:05.000,222.046,222.046,222.037,222.037,24
07.10.2024 19:48:06.000,222.017,222.017,222.016,222.016,24
07.10.2024 19:48:10.000,222.017,222.017,222.017,222.017,24
07.10.2024 19:48:11.000,222.026,222.026,222.017,222.017,24
07.10.2024 19:48:12.000,222.026,222.026,222.016,222.016,24
07.10.2024 19:48:13.000,222.027,222.046,222.026,222.027,60
07.10.2024 19:48:14.000,222.027,222.027,222.027,222.027,12
07.10.2024 19:48:15.000,222.037,222.037,222.037,222.037,24
07.10.2024 19:48:16.000,222.036,222.036,222.027,222.027,24
07.10.2024 19:48:17.000,222.036,222.036,222.026,222.026,24
07.10.2024 19:48:18.000,222.017,222.017,222.017,222.017,12
07.10.2024 19:48:21.000,222.007,222.007,222.007,222.007,12
07.10.2024 19:48:22.000,222.017,222.017,222.016,222.016,36
07.10.2024 19:48:27.000,222.016,222.016,222.016,222.016,12
07.10.2024 19:48:28.000,222.016,222.016,222.016,222.016,24
07.10.2024 19:48:29.000,222.036,222.036,222.036,222.036,12
07.10.2024 19:48:31.000,222.026,222.026,222.026,222.026,12
07.10.2024 19:48:32.000,222.036,222.047,222.026,222.026,36
07.10.2024 19:48:34.000,222.037,222.037,222.037,222.037,12
07.10.2024 19:48:35.000,222.037,222.037,222.036,222.036,24
07.10.2024 19:48:38.000,222.046,222.046,222.046,222.046,12
07.10.2024 19:48:40.000,222.057,222.077,222.057,222.077,36
07.10.2024 19:48:41.000,222.076,222.076,222.046,222.046,36
07.10.2024 19:48:42.000,222.057,222.057,222.047,222.057,48
07.10.2024 19:48:43.000,222.046,222.047,222.046,222.047,24
07.10.2024 19:48:44.000,222.056,222.076,222.056,222.057,48
07.10.2024 19:48:45.000,222.057,222.076,222.056,222.056,36
07.10.2024 19:48:46.000,222.057,222.086,222.057,222.086,24
07.10.2024 19:48:47.000,222.057,222.057,222.056,222.056,24
07.10.2024 19:48:48.000,222.066,222.066,222.066,222.066,12
07.10.2024 19:48:49.000,222.067,222.067,222.067,222.067,12
07.10.2024 19:48:50.000,222.067,222.067,222.067,222.067,12
07.10.2024 19:48:51.000,222.066,222.066,222.066,222.066,12
07.10.2024 19:48:53.000,222.076,222.077,222.076,222.077,24
07.10.2024 19:48:54.000,222.076,222.077,222.076,222.077,36
07.10.2024 19:48:56.000,222.086,222.086,222.086,222.086,12
07.10.2024 19:48:57.000,222.077,222.077,222.077,222.077,12
07.10.2024 19:48:58.000,222.087,222.087,222.087,222.087,12
07.10.2024 19:48:59.000,222.077,222.077,222.076,222.076,24
07.10.2024 19:49:01.000,222.086,222.097,222.086,222.097,36
07.10.2024 19:49:02.000,222.087,222.087,222.066,222.066,48
07.10.2024 19:49:03.000,222.077,222.077,222.067,222.067,24
07.10.2024 19:49:04.000,222.066,222.066,222.066,222.066,12
07.10.2024 19:49:05.000,222.046,222.046,222.046,222.046,12
07.10.2024 19:49:06.000,222.057,222.057,222.046,222.047,48
07.10.2024 19:49:07.000,222.056,222.056,222.046,222.046,48
07.10.2024 19:49:08.000,222.057,222.057,222.057,222.057,12
07.10.2024 19:49:09.000,222.067,222.067,222.056,222.057,36
07.10.2024 19:49:10.000,222.067,222.077,222.067,222.067,36
07.10.2024 19:49:11.000,222.076,222.076,222.076,222.076,12
07.10.2024 19:49:12.000,222.076,222.077,222.076,222.077,24
07.10.2024 19:49:13.000,222.057,222.057,222.057,222.057,48
07.10.2024 19:49:14.000,222.066,222.066,222.066,222.066,24
07.10.2024 19:49:15.000,222.066,222.087,222.066,222.087,36
07.10.2024 19:49:17.000,222.096,222.096,222.096,222.096,12
07.10.2024 19:49:18.000,222.096,222.096,222.066,222.066,48
07.10.2024 19:49:19.000,222.066,222.086,222.066,222.076,72
07.10.2024 19:49:20.000,222.097,222.097,222.086,222.086,36
07.10.2024 19:49:21.000,222.087,222.087,222.087,222.087,24
07.10.2024 19:49:22.000,222.076,222.076,222.076,222.076,12
07.10.2024 19:49:23.000,222.077,222.086,222.077,222.077,36
07.10.2024 19:49:24.000,222.076,222.096,222.076,222.086,60
07.10.2024 19:49:25.000,222.067,222.067,222.057,222.057,48
07.10.2024 19:49:26.000,222.057,222.057,222.057,222.057,12
07.10.2024 19:49:28.000,222.057,222.066,222.057,222.066,24
07.10.2024 19:49:29.000,222.047,222.056,222.036,222.036,60
07.10.2024 19:49:30.000,222.047,222.057,222.046,222.057,60
07.10.2024 19:49:31.000,222.057,222.057,222.057,222.057,12
07.10.2024 19:49:32.000,222.066,222.066,222.066,222.066,12
07.10.2024 19:49:33.000,222.057,222.057,222.056,222.056,24
07.10.2024 19:49:34.000,222.066,222.066,222.066,222.066,12
07.10.2024 19:49:36.000,222.057,222.057,222.057,222.057,12
07.10.2024 19:49:38.000,222.067,222.067,222.056,222.056,24
07.10.2024 19:49:39.000,222.067,222.067,222.056,222.066,36
07.10.2024 19:49:41.000,222.077,222.077,222.067,222.067,24
07.10.2024 19:49:42.000,222.086,222.106,222.086,222.106,24
07.10.2024 19:49:44.000,222.116,222.116,222.106,222.106,24
07.10.2024 19:49:47.000,222.116,222.116,222.116,222.116,12
07.10.2024 19:49:49.000,222.097,222.116,222.097,222.097,36
07.10.2024 19:49:50.000,222.107,222.107,222.106,222.106,36
07.10.2024 19:49:51.000,222.106,222.106,222.106,222.106,12
07.10.2024 19:49:52.000,222.106,222.106,222.086,222.096,36
07.10.2024 19:49:53.000,222.096,222.096,222.096,222.096,12
07.10.2024 19:49:55.000,222.096,222.096,222.096,222.096,12
07.10.2024 19:49:56.000,222.077,222.077,222.066,222.066,24
07.10.2024 19:49:57.000,222.077,222.077,222.077,222.077,12
07.10.2024 19:49:58.000,222.067,222.067,222.067,222.067,12
07.10.2024 19:49:59.000,222.077,222.077,222.066,222.066,24
07.10.2024 19:50:00.000,222.056,222.257,222.056,222.217,143.99999999999997
07.10.2024 19:50:01.000,222.196,222.216,222.156,222.207,84.00000000000001
07.10.2024 19:50:02.000,222.237,222.267,222.216,222.266,84.00000000000001
07.10.2024 19:50:03.000,222.256,222.257,222.246,222.246,119.99999999999999
07.10.2024 19:50:04.000,222.266,222.296,222.266,222.287,108
07.10.2024 19:50:05.000,222.276,222.286,222.276,222.277,48
07.10.2024 19:50:06.000,222.286,222.287,222.266,222.277,72
07.10.2024 19:50:07.000,222.296,222.317,222.296,222.296,84.00000000000001
07.10.2024 19:50:08.000,222.307,222.307,222.306,222.306,24
07.10.2024 19:50:09.000,222.307,222.317,222.296,222.317,72
07.10.2024 19:50:10.000,222.327,222.367,222.327,222.367,60
07.10.2024 19:50:11.000,222.356,222.356,222.326,222.326,48
07.10.2024 19:50:12.000,222.327,222.377,222.327,222.367,60
07.10.2024 19:50:13.000,222.367,222.367,222.367,222.367,24
07.10.2024 19:50:14.000,222.377,222.377,222.347,222.367,60
07.10.2024 19:50:15.000,222.357,222.386,222.357,222.366,72
07.10.2024 19:50:16.000,222.366,222.397,222.366,222.387,72
07.10.2024 19:50:17.000,222.366,222.376,222.346,222.347,84.00000000000001
07.10.2024 19:50:18.000,222.337,222.347,222.337,222.337,60
07.10.2024 19:50:19.000,222.337,222.346,222.337,222.346,24
07.10.2024 19:50:20.000,222.346,222.347,222.326,222.326,96
07.10.2024 19:50:21.000,222.357,222.367,222.356,222.356,48
07.10.2024 19:50:22.000,222.367,222.367,222.326,222.326,60
07.10.2024 19:50:23.000,222.317,222.317,222.317,222.317,12
07.10.2024 19:50:24.000,222.306,222.316,222.306,222.307,60
07.10.2024 19:50:25.000,222.316,222.316,222.316,222.316,48
07.10.2024 19:50:26.000,222.327,222.336,222.327,222.336,24
07.10.2024 19:50:27.000,222.347,222.347,222.336,222.336,24
07.10.2024 19:50:28.000,222.336,222.336,222.336,222.336,24
07.10.2024 19:50:29.000,222.347,222.347,222.336,222.347,60
07.10.2024 19:50:30.000,222.347,222.357,222.336,222.336,60
07.10.2024 19:50:31.000,222.317,222.317,222.306,222.306,48
07.10.2024 19:50:32.000,222.326,222.336,222.307,222.336,36
07.10.2024 19:50:33.000,222.337,222.337,222.337,222.337,12
07.10.2024 19:50:34.000,222.337,222.347,222.336,222.347,36
07.10.2024 19:50:35.000,222.346,222.397,222.346,222.397,48
07.10.2024 19:50:36.000,222.387,222.397,222.376,222.377,60
07.10.2024 19:50:37.000,222.366,222.366,222.366,222.366,12
07.10.2024 19:50:38.000,222.376,222.406,222.376,222.386,72
07.10.2024 19:50:39.000,222.387,222.396,222.376,222.377,96
07.10.2024 19:50:40.000,222.366,222.376,222.366,222.376,24
07.10.2024 19:50:41.000,222.377,222.426,222.377,222.426,84.00000000000001
07.10.2024 19:50:42.000,222.436,222.457,222.436,222.456,60
07.10.2024 19:50:43.000,222.446,222.446,222.436,222.446,36
07.10.2024 19:50:44.000,222.476,222.476,222.466,222.466,24
07.10.2024 19:50:45.000,222.507,222.507,222.486,222.486,48
07.10.2024 19:50:46.000,222.487,222.487,222.477,222.477,60
07.10.2024 19:50:47.000,222.467,222.467,222.456,222.466,48
07.10.2024 19:50:48.000,222.477,222.497,222.477,222.497,48
07.10.2024 19:50:49.000,222.486,222.497,222.486,222.497,84.00000000000001
07.10.2024 19:50:50.000,222.497,222.497,222.497,222.497,12
07.10.2024 19:50:51.000,222.496,222.507,222.496,222.497,48
07.10.2024 19:50:52.000,222.496,222.496,222.496,222.496,12
07.10.2024 19:50:54.000,222.496,222.496,222.466,222.477,36
07.10.2024 19:50:55.000,222.477,222.477,222.456,222.456,72
07.10.2024 19:50:56.000,222.466,222.466,222.436,222.436,48
07.10.2024 19:50:57.000,222.446,222.456,222.446,222.456,36
07.10.2024 19:50:58.000,222.446,222.457,222.446,222.457,24
07.10.2024 19:50:59.000,222.417,222.417,222.407,222.407,60
07.10.2024 19:51:01.000,222.397,222.417,222.387,222.417,36
07.10.2024 19:51:02.000,222.397,222.397,222.386,222.386,36
07.10.2024 19:51:03.000,222.407,222.407,222.406,222.406,24
07.10.2024 19:51:04.000,222.397,222.417,222.397,222.406,48
07.10.2024 19:51:05.000,222.416,222.436,222.416,222.436,24
07.10.2024 19:51:06.000,222.427,222.437,222.427,222.437,36
07.10.2024 19:51:07.000,222.436,222.436,222.417,222.427,36
07.10.2024 19:51:08.000,222.427,222.427,222.427,222.427,12
07.10.2024 19:51:09.000,222.416,222.427,222.416,222.427,24
07.10.2024 19:51:10.000,222.417,222.486,222.417,222.486,60
07.10.2024 19:51:11.000,222.467,222.467,222.457,222.457,48
07.10.2024 19:51:12.000,222.477,222.477,222.466,222.466,48
07.10.2024 19:51:13.000,222.487,222.487,222.477,222.477,24
07.10.2024 19:51:14.000,222.486,222.497,222.486,222.497,36
07.10.2024 19:51:15.000,222.467,222.486,222.467,222.476,36
07.10.2024 19:51:16.000,222.506,222.506,222.476,222.476,24
07.10.2024 19:51:17.000,222.487,222.487,222.467,222.467,60
07.10.2024 19:51:18.000,222.456,222.477,222.456,222.477,72
07.10.2024 19:51:19.000,222.487,222.487,222.487,222.487,12
07.10.2024 19:51:20.000,222.477,222.477,222.477,222.477,12
07.10.2024 19:51:21.000,222.466,222.486,222.466,222.486,48
07.10.2024 19:51:22.000,222.487,222.487,222.486,222.486,24
07.10.2024 19:51:23.000,222.487,222.497,222.486,222.497,36
07.10.2024 19:51:24.000,222.516,222.517,222.516,222.517,24
07.10.2024 19:51:25.000,222.516,222.516,222.497,222.497,36
07.10.2024 19:51:26.000,222.516,222.516,222.516,222.516,24
07.10.2024 19:51:28.000,222.516,222.516,222.497,222.497,36
07.10.2024 19:51:29.000,222.457,222.457,222.427,222.427,36
07.10.2024 19:51:30.000,222.416,222.416,222.416,222.416,12
07.10.2024 19:51:31.000,222.417,222.417,222.396,222.396,48
07.10.2024 19:51:32.000,222.397,222.406,222.397,222.406,24
07.10.2024 19:51:33.000,222.396,222.396,222.396,222.396,12
07.10.2024 19:51:36.000,222.406,222.406,222.396,222.396,36
07.10.2024 19:51:37.000,222.387,222.387,222.377,222.377,24
07.10.2024 19:51:38.000,222.367,222.367,222.367,222.367,12
07.10.2024 19:51:39.000,222.367,222.367,222.367,222.367,36
07.10.2024 19:51:40.000,222.376,222.376,222.376,222.376,12
07.10.2024 19:51:41.000,222.367,222.397,222.366,222.397,72
07.10.2024 19:51:42.000,222.406,222.406,222.406,222.406,12
07.10.2024 19:51:43.000,222.397,222.397,222.397,222.397,12
07.10.2024 19:51:44.000,222.416,222.437,222.416,222.426,36
07.10.2024 19:51:45.000,222.426,222.436,222.426,222.436,24
07.10.2024 19:51:46.000,222.427,222.427,222.427,222.427,12
07.10.2024 19:51:47.000,222.436,222.447,222.436,222.446,36
07.10.2024 19:51:48.000,222.437,222.437,222.437,222.437,12
07.10.2024 19:51:49.000,222.446,222.456,222.446,222.456,24
07.10.2024 19:51:51.000,222.446,222.446,222.446,222.446,12
07.10.2024 19:51:52.000,222.437,222.437,222.437,222.437,12
07.10.2024 19:51:53.000,222.457,222.457,222.457,222.457,12
07.10.2024 19:51:54.000,222.446,222.447,222.446,222.446,48
07.10.2024 19:51:57.000,222.457,222.457,222.457,222.457,12
07.10.2024 19:51:58.000,222.466,222.486,222.466,222.486,24
07.10.2024 19:51:59.000,222.486,222.487,222.486,222.487,24
07.10.2024 19:52:00.000,222.487,222.506,222.487,222.506,24
07.10.2024 19:52:01.000,222.506,222.517,222.506,222.517,24
07.10.2024 19:52:02.000,222.527,222.537,222.527,222.537,24
07.10.2024 19:52:03.000,222.527,222.527,222.527,222.527,12
07.10.2024 19:52:04.000,222.547,222.547,222.547,222.547,24
07.10.2024 19:52:05.000,222.536,222.547,222.527,222.527,48
07.10.2024 19:52:06.000,222.536,222.536,222.526,222.526,24
07.10.2024 19:52:07.000,222.536,222.536,222.527,222.527,24
07.10.2024 19:52:08.000,222.517,222.517,222.517,222.517,24
07.10.2024 19:52:09.000,222.516,222.527,222.516,222.527,24
07.10.2024 19:52:10.000,222.537,222.546,222.537,222.546,24
07.10.2024 19:52:11.000,222.546,222.546,222.527,222.527,36
07.10.2024 19:52:13.000,222.527,222.527,222.527,222.527,12
07.10.2024 19:52:14.000,222.537,222.537,222.536,222.536,24
07.10.2024 19:52:15.000,222.537,222.537,222.537,222.537,12
07.10.2024 19:52:16.000,222.526,222.526,222.526,222.526,12
07.10.2024 19:52:17.000,222.527,222.527,222.516,222.517,36
07.10.2024 19:52:18.000,222.496,222.497,222.496,222.497,36
07.10.2024 19:52:19.000,222.486,222.486,222.457,222.476,60
07.10.2024 19:52:20.000,222.477,222.527,222.477,222.496,48
07.10.2024 19:52:21.000,222.496,222.506,222.496,222.506,36
07.10.2024 19:52:22.000,222.497,222.497,222.496,222.496,48
07.10.2024 19:52:23.000,222.516,222.516,222.497,222.497,60
07.10.2024 19:52:24.000,222.497,222.497,222.446,222.466,108
07.10.2024 19:52:25.000,222.466,222.466,222.446,222.447,72
07.10.2024 19:52:26.000,222.436,222.446,222.427,222.427,48
07.10.2024 19:52:27.000,222.426,222.426,222.377,222.377,48
07.10.2024 19:52:28.000,222.387,222.387,222.376,222.376,24
07.10.2024 19:52:29.000,222.377,222.377,222.326,222.347,84.00000000000001
07.10.2024 19:52:30.000,222.346,222.377,222.346,222.377,60
07.10.2024 19:52:32.000,222.376,222.376,222.367,222.376,36
07.10.2024 19:52:33.000,222.366,222.366,222.366,222.366,12
07.10.2024 19:52:34.000,222.366,222.386,222.366,222.377,36
07.10.2024 19:52:35.000,222.376,222.387,222.376,222.387,24
07.10.2024 19:52:36.000,222.406,222.416,222.406,222.406,48
07.10.2024 19:52:37.000,222.396,222.396,222.377,222.377,48
07.10.2024 19:52:38.000,222.367,222.396,222.367,222.396,48
07.10.2024 19:52:40.000,222.387,222.407,222.387,222.387,60
07.10.2024 19:52:41.000,222.396,222.397,222.396,222.397,24
07.10.2024 19:52:42.000,222.406,222.406,222.406,222.406,12
07.10.2024 19:52:45.000,222.387,222.396,222.387,222.396,36
07.10.2024 19:52:46.000,222.386,222.386,222.386,222.386,24
07.10.2024 19:52:47.000,222.386,222.386,222.386,222.386,12
07.10.2024 19:52:48.000,222.386,222.386,222.386,222.386,12
07.10.2024 19:52:50.000,222.407,222.407,222.396,222.406,48
07.10.2024 19:52:51.000,222.406,222.406,222.406,222.406,12
07.10.2024 19:52:52.000,222.406,222.406,222.406,222.406,12
07.10.2024 19:52:53.000,222.406,222.407,222.406,222.406,36
07.10.2024 19:52:54.000,222.397,222.397,222.397,222.397,12
07.10.2024 19:52:56.000,222.417,222.417,222.417,222.417,12
07.10.2024 19:52:57.000,222.437,222.437,222.437,222.437,12
07.10.2024 19:53:00.000,222.446,222.467,222.446,222.467,48
07.10.2024 19:53:01.000,222.456,222.457,222.456,222.457,24
07.10.2024 19:53:02.000,222.456,222.456,222.456,222.456,12
07.10.2024 19:53:03.000,222.457,222.457,222.436,222.436,24
07.10.2024 19:53:05.000,222.437,222.437,222.437,222.437,12
07.10.2024 19:53:06.000,222.446,222.467,222.446,222.456,48
07.10.2024 19:53:07.000,222.457,222.457,222.457,222.457,12
07.10.2024 19:53:08.000,222.456,222.467,222.456,222.467,24
07.10.2024 19:53:09.000,222.477,222.477,222.466,222.467,60
07.10.2024 19:53:10.000,222.466,222.466,222.466,222.466,12
07.10.2024 19:53:11.000,222.466,222.466,222.437,222.437,36
07.10.2024 19:53:12.000,222.437,222.437,222.437,222.437,24
07.10.2024 19:53:13.000,222.446,222.446,222.417,222.417,96
07.10.2024 19:53:14.000,222.416,222.416,222.416,222.416,12
07.10.2024 19:53:15.000,222.427,222.427,222.416,222.416,72
07.10.2024 19:53:16.000,222.416,222.416,222.416,222.416,12
07.10.2024 19:53:17.000,222.416,222.427,222.407,222.427,72
07.10.2024 19:53:18.000,222.416,222.416,222.416,222.416,24
07.10.2024 19:53:20.000,222.417,222.417,222.406,222.406,36
07.10.2024 19:53:21.000,222.387,222.407,222.387,222.407,36
07.10.2024 19:53:22.000,222.406,222.406,222.387,222.396,36
07.10.2024 19:53:23.000,222.387,222.396,222.387,222.396,24
07.10.2024 19:53:25.000,222.396,222.397,222.377,222.396,60
07.10.2024 19:53:26.000,222.386,222.397,222.386,222.386,36
07.10.2024 19:53:27.000,222.386,222.386,222.386,222.386,12
07.10.2024 19:53:28.000,222.386,222.386,222.386,222.386,24
07.10.2024 19:53:29.000,222.377,222.377,222.377,222.377,12
07.10.2024 19:53:30.000,222.366,222.367,222.366,222.366,60
07.10.2024 19:53:31.000,222.377,222.377,222.367,222.367,24
07.10.2024 19:53:33.000,222.376,222.376,222.376,222.376,12
07.10.2024 19:53:34.000,222.387,222.397,222.386,222.397,36
07.10.2024 19:53:35.000,222.406,222.427,222.406,222.427,24
07.10.2024 19:53:37.000,222.406,222.427,222.406,222.407,60
07.10.2024 19:53:38.000,222.406,222.416,222.406,222.407,36
07.10.2024 19:53:39.000,222.417,222.417,222.417,222.417,12
07.10.2024 19:53:40.000,222.457,222.467,222.457,222.467,24
07.10.2024 19:53:41.000,222.447,222.447,222.447,222.447,12
07.10.2024 19:53:42.000,222.447,222.447,222.447,222.447,24
07.10.2024 19:53:43.000,222.447,222.447,222.436,222.436,60
07.10.2024 19:53:44.000,222.447,222.447,222.447,222.447,12
07.10.2024 19:53:45.000,222.447,222.447,222.447,222.447,12
07.10.2024 19:53:46.000,222.447,222.457,222.447,222.457,36
07.10.2024 19:53:47.000,222.446,222.457,222.446,222.457,24
07.10.2024 19:53:48.000,222.457,222.457,222.446,222.446,24
07.10.2024 19:53:49.000,222.446,222.446,222.427,222.427,36
07.10.2024 19:53:50.000,222.437,222.437,222.427,222.427,36
07.10.2024 19:53:53.000,222.417,222.417,222.416,222.416,24
07.10.2024 19:53:54.000,222.426,222.426,222.426,222.426,12
07.10.2024 19:53:55.000,222.416,222.416,222.416,222.416,12
07.10.2024 19:53:56.000,222.396,222.397,222.386,222.397,48
07.10.2024 19:53:57.000,222.396,222.396,222.387,222.387,24
07.10.2024 19:53:58.000,222.397,222.397,222.386,222.386,36
07.10.2024 19:53:59.000,222.396,222.396,222.386,222.386,24
07.10.2024 19:54:00.000,222.347,222.397,222.347,222.397,84.00000000000001
07.10.2024 19:54:01.000,222.396,222.437,222.376,222.426,96
07.10.2024 19:54:02.000,222.427,222.427,222.416,222.416,60
07.10.2024 19:54:03.000,222.416,222.426,222.416,222.426,36
07.10.2024 19:54:05.000,222.437,222.457,222.437,222.437,48
07.10.2024 19:54:06.000,222.427,222.427,222.427,222.427,12
07.10.2024 19:54:07.000,222.426,222.426,222.426,222.426,12
07.10.2024 19:54:08.000,222.436,222.436,222.436,222.436,24
07.10.2024 19:54:09.000,222.467,222.467,222.466,222.466,24
07.10.2024 19:54:10.000,222.526,222.526,222.517,222.517,24
07.10.2024 19:54:11.000,222.507,222.507,222.506,222.506,24
07.10.2024 19:54:12.000,222.507,222.507,222.486,222.487,72
07.10.2024 19:54:13.000,222.486,222.506,222.486,222.497,36
07.10.2024 19:54:14.000,222.487,222.487,222.487,222.487,36
07.10.2024 19:54:15.000,222.476,222.476,222.476,222.476,12
07.10.2024 19:54:16.000,222.476,222.476,222.476,222.476,24
07.10.2024 19:54:18.000,222.476,222.477,222.476,222.477,36
07.10.2024 19:54:19.000,222.476,222.476,222.476,222.476,12
07.10.2024 19:54:20.000,222.476,222.476,222.476,222.476,24
07.10.2024 19:54:22.000,222.486,222.486,222.476,222.476,36
07.10.2024 19:54:23.000,222.476,222.476,222.476,222.476,12
07.10.2024 19:54:26.000,222.487,222.487,222.487,222.487,12
07.10.2024 19:54:28.000,222.467,222.476,222.466,222.476,36
07.10.2024 19:54:29.000,222.466,222.466,222.426,222.426,36
07.10.2024 19:54:30.000,222.437,222.437,222.437,222.437,12
07.10.2024 19:54:31.000,222.446,222.457,222.446,222.457,24
07.10.2024 19:54:32.000,222.457,222.457,222.436,222.437,36
07.10.2024 19:54:33.000,222.426,222.436,222.426,222.436,24
07.10.2024 19:54:34.000,222.437,222.437,222.437,222.437,24
07.10.2024 19:54:35.000,222.436,222.436,222.427,222.427,48
07.10.2024 19:54:36.000,222.427,222.437,222.427,222.437,36
07.10.2024 19:54:37.000,222.426,222.426,222.426,222.426,24
07.10.2024 19:54:38.000,222.426,222.426,222.426,222.426,12
07.10.2024 19:54:39.000,222.416,222.416,222.406,222.406,36
07.10.2024 19:54:40.000,222.397,222.397,222.156,222.177,131.99999999999997
07.10.2024 19:54:41.000,222.187,222.187,222.137,222.146,96
07.10.2024 19:54:42.000,222.136,222.156,222.136,222.136,96
07.10.2024 19:54:43.000,222.136,222.147,222.136,222.147,36
07.10.2024 19:54:45.000,222.157,222.166,222.146,222.166,60
07.10.2024 19:54:46.000,222.157,222.166,222.157,222.166,24
07.10.2024 19:54:47.000,222.156,222.156,222.156,222.156,12
07.10.2024 19:54:48.000,222.157,222.157,222.136,222.146,84.00000000000001
07.10.2024 19:54:49.000,222.137,222.137,222.117,222.137,84.00000000000001
07.10.2024 19:54:50.000,222.116,222.137,222.037,222.077,108
07.10.2024 19:54:51.000,222.076,222.117,222.076,222.087,84.00000000000001
07.10.2024 19:54:52.000,222.076,222.076,222.076,222.076,12
07.10.2024 19:54:53.000,222.057,222.057,222.036,222.036,36
07.10.2024 19:54:54.000,222.026,222.046,222.026,222.046,72
07.10.2024 19:54:55.000,221.996,222.016,221.996,221.997,119.99999999999999
07.10.2024 19:54:56.000,221.997,222.086,221.997,222.027,72
07.10.2024 19:54:57.000,222.067,222.067,222.057,222.066,48
07.10.2024 19:54:58.000,222.076,222.076,222.076,222.076,12
07.10.2024 19:54:59.000,222.066,222.066,222.066,222.066,12
07.10.2024 19:55:00.000,221.896,222.047,221.896,222.037,119.99999999999999
07.10.2024 19:55:01.000,222.036,222.057,222.016,222.016,119.99999999999999
07.10.2024 19:55:02.000,222.016,222.057,222.016,222.056,72
07.10.2024 19:55:03.000,222.086,222.096,222.037,222.086,72
07.10.2024 19:55:04.000,222.087,222.087,222.026,222.027,84.00000000000001
07.10.2024 19:55:05.000,222.026,222.057,222.026,222.046,72
07.10.2024 19:55:06.000,222.057,222.076,222.057,222.076,48
07.10.2024 19:55:07.000,222.047,222.056,222.017,222.017,72
07.10.2024 19:55:08.000,222.017,222.017,221.976,222.017,108
07.10.2024 19:55:09.000,222.017,222.047,222.006,222.046,84.00000000000001
07.10.2024 19:55:10.000,222.047,222.056,222.047,222.056,24
07.10.2024 19:55:11.000,222.047,222.057,222.047,222.057,24
07.10.2024 19:55:12.000,222.057,222.057,222.056,222.057,36
07.10.2024 19:55:13.000,222.056,222.056,222.027,222.027,48
07.10.2024 19:55:14.000,222.026,222.026,222.007,222.017,48
07.10.2024 19:55:15.000,222.007,222.007,221.996,221.997,72
07.10.2024 19:55:16.000,221.986,221.986,221.957,221.976,96
07.10.2024 19:55:17.000,221.946,221.947,221.936,221.936,48
07.10.2024 19:55:18.000,221.936,221.946,221.927,221.927,48
07.10.2024 19:55:19.000,221.907,221.907,221.896,221.896,48
07.10.2024 19:55:20.000,221.896,221.897,221.866,221.866,72
07.10.2024 19:55:21.000,221.877,221.916,221.877,221.907,48
07.10.2024 19:55:22.000,221.907,221.907,221.907,221.907,24
07.10.2024 19:55:23.000,221.906,221.906,221.906,221.906,12
07.10.2024 19:55:24.000,221.906,221.916,221.906,221.906,48
07.10.2024 19:55:25.000,221.907,221.907,221.907,221.907,12
07.10.2024 19:55:26.000,221.907,221.916,221.907,221.907,36
07.10.2024 19:55:27.000,221.896,221.896,221.876,221.877,48
07.10.2024 19:55:28.000,221.877,221.877,221.846,221.846,36
07.10.2024 19:55:29.000,221.836,221.836,221.836,221.836,12
07.10.2024 19:55:30.000,221.836,221.836,221.836,221.836,12
07.10.2024 19:55:31.000,221.826,221.826,221.796,221.796,24
07.10.2024 19:55:32.000,221.797,221.816,221.796,221.807,96
07.10.2024 19:55:33.000,221.806,221.807,221.806,221.807,24
07.10.2024 19:55:34.000,221.806,221.806,221.806,221.806,12
07.10.2024 19:55:35.000,221.806,221.806,221.757,221.757,48
07.10.2024 19:55:36.000,221.747,221.747,221.726,221.726,72
07.10.2024 19:55:37.000,221.746,221.767,221.746,221.767,60
07.10.2024 19:55:38.000,221.766,221.766,221.746,221.746,24
07.10.2024 19:55:39.000,221.766,221.787,221.766,221.787,36
07.10.2024 19:55:40.000,221.767,221.777,221.757,221.777,48
07.10.2024 19:55:41.000,221.747,221.757,221.747,221.747,119.99999999999999
07.10.2024 19:55:42.000,221.746,221.746,221.746,221.746,24
07.10.2024 19:55:43.000,221.737,221.737,221.716,221.726,48
07.10.2024 19:55:44.000,221.746,221.746,221.737,221.737,24
07.10.2024 19:55:45.000,221.737,221.747,221.726,221.727,72
07.10.2024 19:55:49.000,221.727,221.727,221.686,221.686,36
07.10.2024 19:55:50.000,221.686,221.686,221.656,221.656,48
07.10.2024 19:55:51.000,221.686,221.686,221.666,221.666,60
07.10.2024 19:55:52.000,221.656,221.656,221.636,221.646,108
07.10.2024 19:55:53.000,221.637,221.637,221.597,221.597,96
07.10.2024 19:55:54.000,221.597,221.597,221.566,221.587,84.00000000000001
07.10.2024 19:55:55.000,221.597,221.597,221.596,221.596,24
07.10.2024 19:55:56.000,221.586,221.587,221.586,221.587,36
07.10.2024 19:55:57.000,221.607,221.607,221.607,221.607,12
07.10.2024 19:55:58.000,221.597,221.597,221.556,221.556,119.99999999999999
07.10.2024 19:55:59.000,221.567,221.587,221.567,221.587,60
07.10.2024 19:56:00.000,221.577,221.577,221.566,221.567,36
07.10.2024 19:56:01.000,221.536,221.546,221.536,221.546,60
07.10.2024 19:56:02.000,221.556,221.557,221.546,221.557,36
07.10.2024 19:56:03.000,221.576,221.576,221.546,221.556,48
07.10.2024 19:56:04.000,221.556,221.557,221.556,221.557,48
07.10.2024 19:56:06.000,221.557,221.557,221.557,221.557,24
07.10.2024 19:56:07.000,221.567,221.567,221.566,221.567,48
07.10.2024 19:56:08.000,221.596,221.597,221.596,221.597,36
07.10.2024 19:56:09.000,221.617,221.637,221.617,221.637,36
07.10.2024 19:56:10.000,221.646,221.667,221.646,221.666,48
07.10.2024 19:56:11.000,221.666,221.666,221.616,221.617,36
07.10.2024 19:56:12.000,221.616,221.637,221.616,221.636,48
07.10.2024 19:56:13.000,221.626,221.627,221.626,221.627,36
07.10.2024 19:56:14.000,221.626,221.627,221.626,221.626,48
07.10.2024 19:56:15.000,221.626,221.626,221.626,221.626,12
07.10.2024 19:56:16.000,221.626,221.626,221.556,221.556,72
07.10.2024 19:56:17.000,221.557,221.577,221.557,221.577,24
07.10.2024 19:56:18.000,221.567,221.567,221.567,221.567,12
07.10.2024 19:56:19.000,221.566,221.576,221.566,221.576,24
07.10.2024 19:56:20.000,221.566,221.566,221.566,221.566,12
07.10.2024 19:56:21.000,221.556,221.557,221.556,221.557,36
07.10.2024 19:56:22.000,221.566,221.567,221.566,221.567,36
07.10.2024 19:56:25.000,221.556,221.567,221.556,221.566,72
07.10.2024 19:56:28.000,221.557,221.557,221.557,221.557,12
07.10.2024 19:56:29.000,221.566,221.566,221.566,221.566,12
07.10.2024 19:56:33.000,221.566,221.587,221.566,221.587,36
07.10.2024 19:56:34.000,221.587,221.587,221.517,221.517,36
07.10.2024 19:56:36.000,221.506,221.517,221.496,221.496,48
07.10.2024 19:56:37.000,221.487,221.487,221.406,221.406,72
07.10.2024 19:56:38.000,221.417,221.417,221.406,221.406,24
07.10.2024 19:56:39.000,221.436,221.446,221.436,221.446,48
07.10.2024 19:56:40.000,221.446,221.446,221.446,221.446,12
07.10.2024 19:56:42.000,221.416,221.426,221.416,221.417,60
07.10.2024 19:56:43.000,221.426,221.426,221.417,221.417,24
07.10.2024 19:56:44.000,221.406,221.406,221.406,221.406,24
07.10.2024 19:56:45.000,221.406,221.407,221.397,221.397,48
07.10.2024 19:56:46.000,221.387,221.397,221.387,221.397,60
07.10.2024 19:56:47.000,221.396,221.406,221.396,221.406,24
07.10.2024 19:56:48.000,221.386,221.387,221.386,221.387,24
07.10.2024 19:56:49.000,221.376,221.376,221.366,221.376,36
07.10.2024 19:56:50.000,221.357,221.357,221.357,221.357,24
07.10.2024 19:56:51.000,221.377,221.377,221.366,221.367,48
07.10.2024 19:56:52.000,221.377,221.377,221.366,221.366,24
07.10.2024 19:56:53.000,221.377,221.407,221.367,221.407,60
07.10.2024 19:56:54.000,221.417,221.447,221.417,221.447,36
07.10.2024 19:56:55.000,221.446,221.447,221.436,221.447,60
07.10.2024 19:56:56.000,221.437,221.447,221.437,221.447,24
07.10.2024 19:56:57.000,221.457,221.457,221.457,221.457,12
07.10.2024 19:56:58.000,221.467,221.467,221.466,221.466,24
07.10.2024 19:56:59.000,221.466,221.467,221.457,221.457,48
07.10.2024 19:57:00.000,221.457,221.457,221.457,221.457,24
07.10.2024 19:57:01.000,221.456,221.457,221.456,221.457,24
07.10.2024 19:57:02.000,221.456,221.466,221.456,221.466,24
07.10.2024 19:57:03.000,221.477,221.486,221.477,221.486,36
07.10.2024 19:57:04.000,221.497,221.506,221.497,221.506,24
07.10.2024 19:57:05.000,221.506,221.506,221.506,221.506,12
07.10.2024 19:57:06.000,221.516,221.516,221.516,221.516,12
07.10.2024 19:57:07.000,221.486,221.486,221.436,221.436,60
07.10.2024 19:57:08.000,221.456,221.486,221.456,221.456,48
07.10.2024 19:57:09.000,221.467,221.476,221.466,221.466,48
07.10.2024 19:57:10.000,221.466,221.466,221.447,221.456,36
07.10.2024 19:57:12.000,221.467,221.467,221.457,221.457,24
07.10.2024 19:57:13.000,221.466,221.476,221.466,221.466,36
07.10.2024 19:57:14.000,221.466,221.467,221.466,221.467,36
07.10.2024 19:57:15.000,221.467,221.467,221.466,221.466,24
07.10.2024 19:57:16.000,221.457,221.457,221.417,221.417,48
07.10.2024 19:57:17.000,221.407,221.417,221.407,221.417,36
07.10.2024 19:57:18.000,221.416,221.416,221.407,221.407,24
07.10.2024 19:57:20.000,221.397,221.397,221.396,221.396,24
07.10.2024 19:57:22.000,221.376,221.376,221.346,221.347,48
07.10.2024 19:57:23.000,221.326,221.337,221.326,221.337,48
07.10.2024 19:57:24.000,221.346,221.346,221.336,221.336,36
07.10.2024 19:57:25.000,221.347,221.347,221.336,221.336,24
07.10.2024 19:57:28.000,221.326,221.367,221.326,221.366,60
07.10.2024 19:57:29.000,221.366,221.366,221.366,221.366,24
07.10.2024 19:57:30.000,221.346,221.366,221.346,221.366,36
07.10.2024 19:57:31.000,221.367,221.367,221.367,221.367,12
07.10.2024 19:57:32.000,221.367,221.367,221.367,221.367,12
07.10.2024 19:57:33.000,221.407,221.407,221.396,221.406,36
07.10.2024 19:57:34.000,221.406,221.406,221.406,221.406,12
07.10.2024 19:57:36.000,221.416,221.417,221.416,221.417,24
07.10.2024 19:57:37.000,221.407,221.407,221.407,221.407,12
07.10.2024 19:57:38.000,221.397,221.397,221.376,221.376,48
07.10.2024 19:57:39.000,221.377,221.377,221.377,221.377,24
07.10.2024 19:57:40.000,221.377,221.377,221.377,221.377,12
07.10.2024 19:57:41.000,221.377,221.377,221.376,221.376,36
07.10.2024 19:57:42.000,221.376,221.377,221.376,221.377,60
07.10.2024 19:57:43.000,221.376,221.387,221.376,221.387,48
07.10.2024 19:57:44.000,221.397,221.397,221.376,221.376,36
07.10.2024 19:57:45.000,221.376,221.387,221.376,221.387,24
07.10.2024 19:57:46.000,221.386,221.386,221.386,221.386,24
07.10.2024 19:57:47.000,221.377,221.387,221.377,221.387,36
07.10.2024 19:57:48.000,221.376,221.376,221.376,221.376,12
07.10.2024 19:57:51.000,221.366,221.366,221.366,221.366,12
07.10.2024 19:57:52.000,221.386,221.447,221.386,221.447,96
07.10.2024 19:57:53.000,221.427,221.436,221.427,221.436,36
07.10.2024 19:57:54.000,221.436,221.436,221.436,221.436,12
07.10.2024 19:57:55.000,221.427,221.427,221.427,221.427,12
07.10.2024 19:57:56.000,221.437,221.437,221.426,221.437,60
07.10.2024 19:57:58.000,221.446,221.507,221.446,221.507,72
07.10.2024 19:57:59.000,221.487,221.497,221.486,221.497,60
07.10.2024 19:58:00.000,221.506,221.516,221.496,221.496,48
07.10.2024 19:58:01.000,221.507,221.516,221.507,221.516,24
07.10.2024 19:58:02.000,221.496,221.507,221.486,221.486,60
07.10.2024 19:58:03.000,221.497,221.506,221.496,221.496,48
07.10.2024 19:58:04.000,221.506,221.517,221.496,221.507,96
07.10.2024 19:58:05.000,221.506,221.507,221.506,221.507,24
07.10.2024 19:58:07.000,221.516,221.557,221.507,221.557,96
07.10.2024 19:58:08.000,221.536,221.546,221.536,221.546,24
07.10.2024 19:58:09.000,221.527,221.536,221.517,221.527,96
07.10.2024 19:58:10.000,221.517,221.546,221.517,221.546,84.00000000000001
07.10.2024 19:58:11.000,221.527,221.536,221.527,221.536,24
07.10.2024 19:58:12.000,221.546,221.546,221.527,221.536,48
07.10.2024 19:58:13.000,221.547,221.547,221.547,221.547,12
07.10.2024 19:58:14.000,221.547,221.547,221.547,221.547,12
07.10.2024 19:58:15.000,221.537,221.537,221.537,221.537,12
07.10.2024 19:58:16.000,221.527,221.527,221.517,221.517,24
07.10.2024 19:58:17.000,221.517,221.537,221.517,221.537,36
07.10.2024 19:58:18.000,221.527,221.537,221.527,221.537,48
07.10.2024 19:58:19.000,221.526,221.526,221.507,221.507,60
07.10.2024 19:58:20.000,221.517,221.517,221.517,221.517,12
07.10.2024 19:58:21.000,221.507,221.507,221.507,221.507,12
07.10.2024 19:58:22.000,221.526,221.526,221.506,221.506,72
07.10.2024 19:58:24.000,221.497,221.497,221.477,221.486,48
07.10.2024 19:58:25.000,221.487,221.506,221.487,221.497,84.00000000000001
07.10.2024 19:58:26.000,221.517,221.517,221.497,221.497,24
07.10.2024 19:58:27.000,221.516,221.516,221.516,221.516,12
07.10.2024 19:58:28.000,221.506,221.516,221.497,221.516,60
07.10.2024 19:58:29.000,221.507,221.537,221.496,221.537,72
07.10.2024 19:58:30.000,221.547,221.547,221.536,221.537,36
07.10.2024 19:58:31.000,221.546,221.546,221.546,221.546,12
07.10.2024 19:58:32.000,221.537,221.547,221.537,221.537,36
07.10.2024 19:58:33.000,221.547,221.547,221.547,221.547,12
07.10.2024 19:58:34.000,221.536,221.536,221.536,221.536,12
07.10.2024 19:58:35.000,221.516,221.516,221.516,221.516,24
07.10.2024 19:58:36.000,221.527,221.527,221.517,221.517,36
07.10.2024 19:58:37.000,221.516,221.516,221.496,221.496,24
07.10.2024 19:58:38.000,221.506,221.506,221.496,221.496,36
07.10.2024 19:58:39.000,221.486,221.487,221.486,221.487,24
07.10.2024 19:58:40.000,221.487,221.496,221.486,221.486,48
07.10.2024 19:58:41.000,221.497,221.516,221.497,221.506,36
07.10.2024 19:58:42.000,221.517,221.517,221.506,221.506,24
07.10.2024 19:58:43.000,221.516,221.516,221.497,221.497,48
07.10.2024 19:58:44.000,221.496,221.496,221.496,221.496,12
07.10.2024 19:58:46.000,221.526,221.526,221.507,221.507,48
07.10.2024 19:58:47.000,221.517,221.517,221.517,221.517,12
07.10.2024 19:58:48.000,221.527,221.567,221.526,221.567,36
07.10.2024 19:58:49.000,221.577,221.577,221.527,221.547,84.00000000000001
07.10.2024 19:58:50.000,221.537,221.546,221.536,221.546,36
07.10.2024 19:58:51.000,221.546,221.546,221.546,221.546,12
07.10.2024 19:58:52.000,221.547,221.547,221.547,221.547,12
07.10.2024 19:58:53.000,221.547,221.547,221.536,221.536,24
07.10.2024 19:58:54.000,221.516,221.566,221.516,221.566,60
07.10.2024 19:58:55.000,221.557,221.567,221.557,221.567,36
07.10.2024 19:58:56.000,221.577,221.577,221.577,221.577,12
07.10.2024 19:58:57.000,221.576,221.587,221.576,221.586,72
07.10.2024 19:58:58.000,221.607,221.616,221.607,221.616,36
07.10.2024 19:58:59.000,221.627,221.627,221.606,221.607,60
07.10.2024 19:59:00.000,221.626,221.626,221.566,221.566,108
07.10.2024 19:59:01.000,221.567,221.567,221.536,221.536,84.00000000000001
07.10.2024 19:59:02.000,221.546,221.567,221.546,221.567,60
07.10.2024 19:59:03.000,221.576,221.606,221.556,221.556,72
07.10.2024 19:59:04.000,221.556,221.556,221.507,221.546,72
07.10.2024 19:59:05.000,221.516,221.537,221.516,221.516,48
07.10.2024 19:59:06.000,221.516,221.527,221.516,221.526,72
07.10.2024 19:59:07.000,221.546,221.547,221.546,221.547,36
07.10.2024 19:59:08.000,221.536,221.537,221.496,221.496,108
07.10.2024 19:59:09.000,221.517,221.527,221.497,221.516,60
07.10.2024 19:59:10.000,221.507,221.526,221.487,221.526,60
07.10.2024 19:59:11.000,221.536,221.577,221.527,221.577,48
07.10.2024 19:59:12.000,221.566,221.566,221.536,221.546,108
07.10.2024 19:59:13.000,221.547,221.587,221.547,221.587,48
07.10.2024 19:59:14.000,221.547,221.607,221.547,221.607,72
07.10.2024 19:59:15.000,221.597,221.597,221.567,221.567,72
07.10.2024 19:59:16.000,221.547,221.576,221.536,221.576,96
07.10.2024 19:59:17.000,221.566,221.566,221.566,221.566,24
07.10.2024 19:59:18.000,221.576,221.597,221.566,221.597,48
07.10.2024 19:59:19.000,221.557,221.557,221.556,221.557,60
07.10.2024 19:59:20.000,221.556,221.556,221.487,221.487,72
07.10.2024 19:59:21.000,221.477,221.486,221.476,221.477,60
07.10.2024 19:59:22.000,221.476,221.487,221.476,221.486,84.00000000000001
07.10.2024 19:59:23.000,221.507,221.507,221.486,221.486,48
07.10.2024 19:59:24.000,221.486,221.487,221.486,221.487,48
07.10.2024 19:59:25.000,221.477,221.496,221.467,221.486,96
07.10.2024 19:59:26.000,221.477,221.477,221.476,221.476,36
07.10.2024 19:59:28.000,221.476,221.477,221.476,221.477,36
07.10.2024 19:59:29.000,221.476,221.477,221.476,221.477,36
07.10.2024 19:59:30.000,221.477,221.516,221.477,221.516,96
07.10.2024 19:59:31.000,221.536,221.556,221.536,221.547,72
07.10.2024 19:59:32.000,221.526,221.526,221.506,221.506,36
07.10.2024 19:59:33.000,221.516,221.537,221.516,221.537,36
07.10.2024 19:59:34.000,221.536,221.537,221.497,221.497,48
07.10.2024 19:59:35.000,221.526,221.597,221.526,221.597,119.99999999999999
07.10.2024 19:59:36.000,221.606,221.607,221.566,221.577,72
07.10.2024 19:59:37.000,221.587,221.626,221.567,221.616,119.99999999999999
07.10.2024 19:59:38.000,221.627,221.676,221.617,221.636,84.00000000000001
07.10.2024 19:59:39.000,221.637,221.637,221.637,221.637,24
07.10.2024 19:59:40.000,221.637,221.647,221.626,221.647,72
07.10.2024 19:59:41.000,221.646,221.707,221.646,221.707,96
07.10.2024 19:59:42.000,221.707,221.707,221.677,221.687,72
07.10.2024 19:59:43.000,221.676,221.717,221.676,221.717,84.00000000000001
07.10.2024 19:59:44.000,221.706,221.716,221.647,221.647,131.99999999999997
07.10.2024 19:59:45.000,221.576,221.587,221.576,221.587,48
07.10.2024 19:59:46.000,221.597,221.616,221.587,221.616,48
07.10.2024 19:59:47.000,221.627,221.756,221.627,221.746,119.99999999999999
07.10.2024 19:59:48.000,221.747,221.747,221.686,221.696,84.00000000000001
07.10.2024 19:59:49.000,221.686,221.726,221.676,221.696,72
07.10.2024 19:59:50.000,221.706,221.706,221.676,221.687,60
07.10.2024 19:59:51.000,221.677,221.746,221.677,221.746,84.00000000000001
07.10.2024 19:59:52.000,221.736,221.766,221.656,221.656,96
07.10.2024 19:59:53.000,221.656,221.677,221.647,221.677,96
07.10.2024 19:59:54.000,221.697,221.697,221.576,221.626,96
07.10.2024 19:59:55.000,221.626,221.626,221.626,221.626,24
07.10.2024 19:59:56.000,221.647,221.697,221.567,221.697,72
07.10.2024 19:59:57.000,221.716,221.716,221.567,221.676,131.99999999999997
07.10.2024 19:59:58.000,221.706,221.737,221.597,221.597,167.99999999999997
07.10.2024 19:59:59.000,221.596,221.747,221.547,221.646,131.99999999999997
