Datetime,Open,High,Low,Close,Adj Close,Volume
2024-09-05 09:30:00-04:00,222.5,223.52000427246094,222.36000061035156,223.3800048828125,223.3800048828125,3127006
2024-09-05 09:35:00-04:00,223.3800048828125,224.3300018310547,223.22999572753906,223.88999938964844,223.88999938964844,1374424
2024-09-05 09:40:00-04:00,223.88999938964844,224.04989624023438,222.82699584960938,223.13499450683594,223.13499450683594,692372
2024-09-05 09:45:00-04:00,223.14999389648438,223.5800018310547,222.8800048828125,223.3000030517578,223.3000030517578,542085
2024-09-05 09:50:00-04:00,223.30999755859375,224.27999877929688,223.3000030517578,224.22830200195312,224.22830200195312,596585
2024-09-05 09:55:00-04:00,224.2100067138672,224.85000610351562,224.19500732421875,224.7100067138672,224.7100067138672,823251
2024-09-05 10:00:00-04:00,224.7100067138672,225.22999572753906,224.7100067138672,224.77000427246094,224.77000427246094,1015771
2024-09-05 10:05:00-04:00,224.97000122070312,225.07000732421875,224.32009887695312,224.32009887695312,224.32009887695312,506972
2024-09-05 10:10:00-04:00,224.32000732421875,224.4394073486328,223.8800048828125,224.22000122070312,224.22000122070312,467491
2024-09-05 10:15:00-04:00,224.23500061035156,224.5800018310547,224.01010131835938,224.30999755859375,224.30999755859375,373866
2024-09-05 10:20:00-04:00,224.30499267578125,225.27499389648438,224.30499267578125,225.27499389648438,225.27499389648438,557694
2024-09-05 10:25:00-04:00,225.2899932861328,225.47999572753906,224.97000122070312,225.05999755859375,225.05999755859375,626791
2024-09-05 10:30:00-04:00,225.0800018310547,225.38999938964844,224.69000244140625,225.0299072265625,225.0299072265625,384986
2024-09-05 10:35:00-04:00,225.02000427246094,225.3000030517578,224.94000244140625,225.25999450683594,225.25999450683594,355052
2024-09-05 10:40:00-04:00,225.25,225.25,224.61000061035156,224.66000366210938,224.66000366210938,362254
2024-09-05 10:45:00-04:00,224.6300048828125,224.71240234375,223.94000244140625,224.08999633789062,224.08999633789062,375073
2024-09-05 10:50:00-04:00,224.0800018310547,224.14739990234375,223.8300018310547,224.05999755859375,224.05999755859375,342001
2024-09-05 10:55:00-04:00,224.0399932861328,224.1199951171875,223.6300048828125,223.6999969482422,223.6999969482422,365314
2024-09-05 11:00:00-04:00,223.6999969482422,223.82000732421875,222.98500061035156,223.5814971923828,223.5814971923828,556148
2024-09-05 11:05:00-04:00,223.58999633789062,223.8000030517578,223.4199981689453,223.64999389648438,223.64999389648438,376647
2024-09-05 11:10:00-04:00,223.64500427246094,223.8000030517578,223.47000122070312,223.6199951171875,223.6199951171875,325665
2024-09-05 11:15:00-04:00,223.6300048828125,223.8699951171875,223.25,223.3000030517578,223.3000030517578,292333
2024-09-05 11:20:00-04:00,223.30499267578125,223.44000244140625,222.7801055908203,223.05999755859375,223.05999755859375,416754
2024-09-05 11:25:00-04:00,223.05499267578125,223.08999633789062,222.3800048828125,222.47999572753906,222.47999572753906,458502
2024-09-05 11:30:00-04:00,222.4600067138672,222.64999389648438,222.0,222.33999633789062,222.33999633789062,495327
2024-09-05 11:35:00-04:00,222.3314971923828,222.5500030517578,222.30999755859375,222.47999572753906,222.47999572753906,215004
2024-09-05 11:40:00-04:00,222.3000030517578,222.5030059814453,222.25,222.30999755859375,222.30999755859375,299858
2024-09-05 11:45:00-04:00,222.33999633789062,222.4199981689453,221.99009704589844,222.1699981689453,222.1699981689453,289005
2024-09-05 11:50:00-04:00,222.19000244140625,222.6300048828125,221.97999572753906,222.22000122070312,222.22000122070312,295729
2024-09-05 11:55:00-04:00,222.22999572753906,222.31500244140625,221.88999938964844,221.97000122070312,221.97000122070312,260820
2024-09-05 12:00:00-04:00,221.97999572753906,222.52000427246094,221.95620727539062,222.39500427246094,222.39500427246094,247802
2024-09-05 12:05:00-04:00,222.38999938964844,222.74000549316406,222.32000732421875,222.6699981689453,222.6699981689453,194839
2024-09-05 12:10:00-04:00,222.6699981689453,222.67999267578125,222.10000610351562,222.2100067138672,222.2100067138672,203186
2024-09-05 12:15:00-04:00,222.21499633789062,222.3300018310547,221.97999572753906,222.28500366210938,222.28500366210938,251755
2024-09-05 12:20:00-04:00,222.27000427246094,222.58999633789062,222.22000122070312,222.52499389648438,222.52499389648438,224573
2024-09-05 12:25:00-04:00,222.52000427246094,222.81959533691406,222.5,222.79519653320312,222.79519653320312,194010
2024-09-05 12:30:00-04:00,222.7899932861328,222.9499969482422,222.66000366210938,222.6842041015625,222.6842041015625,213997
2024-09-05 12:35:00-04:00,222.6699981689453,222.7550048828125,222.625,222.6999969482422,222.6999969482422,122398
2024-09-05 12:40:00-04:00,222.72500610351562,223.14999389648438,222.69000244140625,223.0500030517578,223.0500030517578,250498
2024-09-05 12:45:00-04:00,223.08999633789062,223.10000610351562,222.75,222.75999450683594,222.75999450683594,303158
2024-09-05 12:50:00-04:00,222.75,222.97000122070312,222.6999969482422,222.8000030517578,222.8000030517578,232241
2024-09-05 12:55:00-04:00,222.8249969482422,223.13499450683594,222.79660034179688,222.8249969482422,222.8249969482422,192387
2024-09-05 13:00:00-04:00,222.8350067138672,222.98500061035156,222.71009826660156,222.7949981689453,222.7949981689453,174746
2024-09-05 13:05:00-04:00,222.7899932861328,222.7899932861328,222.5,222.61000061035156,222.61000061035156,215146
2024-09-05 13:10:00-04:00,222.60989379882812,222.9095001220703,222.6009979248047,222.85499572753906,222.85499572753906,203443
2024-09-05 13:15:00-04:00,222.85499572753906,222.89999389648438,222.58999633789062,222.88999938964844,222.88999938964844,196368
2024-09-05 13:20:00-04:00,222.88999938964844,222.94000244140625,222.77999877929688,222.91000366210938,222.91000366210938,142157
2024-09-05 13:25:00-04:00,222.90499877929688,222.92999267578125,222.33999633789062,222.38999938964844,222.38999938964844,178774
2024-09-05 13:30:00-04:00,222.397705078125,222.64990234375,222.37420654296875,222.59500122070312,222.59500122070312,202283
2024-09-05 13:35:00-04:00,222.60000610351562,223.05499267578125,222.58009338378906,222.8300018310547,222.8300018310547,240823
2024-09-05 13:40:00-04:00,222.8300018310547,223.27000427246094,222.8300018310547,223.24000549316406,223.24000549316406,285284
2024-09-05 13:45:00-04:00,223.24000549316406,223.72999572753906,223.22999572753906,223.5970001220703,223.5970001220703,286924
2024-09-05 13:50:00-04:00,223.61000061035156,223.64999389648438,223.3800048828125,223.42999267578125,223.42999267578125,161512
2024-09-05 13:55:00-04:00,223.42999267578125,223.63999938964844,223.35000610351562,223.60009765625,223.60009765625,259251
2024-09-05 14:00:00-04:00,223.6300048828125,223.75,223.33999633789062,223.52999877929688,223.52999877929688,242843
2024-09-05 14:05:00-04:00,223.5,223.67999267578125,223.4499969482422,223.5500030517578,223.5500030517578,170878
2024-09-05 14:10:00-04:00,223.55999755859375,223.6999969482422,223.3000030517578,223.32000732421875,223.32000732421875,231424
2024-09-05 14:15:00-04:00,223.3000030517578,223.7100067138672,223.27000427246094,223.5800018310547,223.5800018310547,258926
2024-09-05 14:20:00-04:00,223.5800018310547,223.64999389648438,223.3000946044922,223.375,223.375,194256
2024-09-05 14:25:00-04:00,223.3699951171875,223.4149932861328,223.1699981689453,223.33059692382812,223.33059692382812,255608
2024-09-05 14:30:00-04:00,223.33999633789062,223.6199951171875,223.3300018310547,223.55999755859375,223.55999755859375,142157
2024-09-05 14:35:00-04:00,223.5500030517578,223.8000030517578,223.47999572753906,223.68020629882812,223.68020629882812,228225
2024-09-05 14:40:00-04:00,223.68499755859375,223.69500732421875,223.4600067138672,223.52999877929688,223.52999877929688,182747
2024-09-05 14:45:00-04:00,223.52999877929688,223.67999267578125,223.44000244140625,223.64999389648438,223.64999389648438,182053
2024-09-05 14:50:00-04:00,223.63999938964844,223.89999389648438,223.3509979248047,223.49510192871094,223.49510192871094,266268
2024-09-05 14:55:00-04:00,223.49000549316406,223.5500030517578,223.28050231933594,223.32000732421875,223.32000732421875,174683
2024-09-05 15:00:00-04:00,223.3300018310547,223.39320373535156,223.07000732421875,223.33999633789062,223.33999633789062,197360
2024-09-05 15:05:00-04:00,223.33099365234375,223.3800048828125,223.08999633789062,223.13999938964844,223.13999938964844,162881
2024-09-05 15:10:00-04:00,223.139892578125,223.2449951171875,223.02000427246094,223.0399932861328,223.0399932861328,146867
2024-09-05 15:15:00-04:00,223.04750061035156,223.06500244140625,222.11000061035156,222.6649932861328,222.6649932861328,407264
2024-09-05 15:20:00-04:00,222.66000366210938,222.7899932861328,222.47999572753906,222.74009704589844,222.74009704589844,219632
2024-09-05 15:25:00-04:00,222.74000549316406,222.8800048828125,222.61000061035156,222.8300018310547,222.8300018310547,234927
2024-09-05 15:30:00-04:00,222.82000732421875,223.3699951171875,222.80999755859375,223.19000244140625,223.19000244140625,324710
2024-09-05 15:35:00-04:00,223.19000244140625,223.22999572753906,222.61000061035156,222.65499877929688,222.65499877929688,241086
2024-09-05 15:40:00-04:00,222.6300048828125,222.63999938964844,222.02999877929688,222.20989990234375,222.20989990234375,381139
2024-09-05 15:45:00-04:00,222.18499755859375,222.39999389648438,221.89999389648438,222.25950622558594,222.25950622558594,400678
2024-09-05 15:50:00-04:00,222.24000549316406,222.42999267578125,221.8101043701172,222.0399932861328,222.0399932861328,622215
2024-09-05 15:55:00-04:00,222.0399932861328,222.42999267578125,221.91000366210938,222.39999389648438,222.39999389648438,1456785
2024-09-06 09:30:00-04:00,224.0,224.60000610351562,223.6300048828125,224.47500610351562,224.47500610351562,2054664
2024-09-06 09:35:00-04:00,224.50999450683594,224.69000244140625,223.08120727539062,223.50999450683594,223.50999450683594,852450
2024-09-06 09:40:00-04:00,223.4803009033203,225.02000427246094,222.80999755859375,224.93499755859375,224.93499755859375,1232285
2024-09-06 09:45:00-04:00,224.92999267578125,225.24000549316406,224.58999633789062,224.75,224.75,1129526
2024-09-06 09:50:00-04:00,224.77999877929688,224.99000549316406,224.19000244140625,224.60000610351562,224.60000610351562,757529
2024-09-06 09:55:00-04:00,224.6300048828125,225.08999633789062,223.94000244140625,224.07000732421875,224.07000732421875,843985
2024-09-06 10:00:00-04:00,224.0449981689453,224.74000549316406,223.66000366210938,224.3249969482422,224.3249969482422,765305
2024-09-06 10:05:00-04:00,224.3249969482422,224.69000244140625,224.02999877929688,224.17999267578125,224.17999267578125,521349
2024-09-06 10:10:00-04:00,224.13999938964844,224.22000122070312,223.08999633789062,223.22000122070312,223.22000122070312,781928
2024-09-06 10:15:00-04:00,223.25,223.63999938964844,223.0800018310547,223.61500549316406,223.61500549316406,630409
2024-09-06 10:20:00-04:00,223.6199951171875,223.74000549316406,222.83999633789062,222.83999633789062,222.83999633789062,549556
2024-09-06 10:25:00-04:00,222.8350067138672,223.00999450683594,222.3800048828125,222.69000244140625,222.69000244140625,718053
2024-09-06 10:30:00-04:00,222.6699981689453,223.02000427246094,222.07000732421875,222.10000610351562,222.10000610351562,543307
2024-09-06 10:35:00-04:00,222.10000610351562,222.77000427246094,221.9499969482422,222.1649932861328,222.1649932861328,709221
2024-09-06 10:40:00-04:00,222.13999938964844,222.1750030517578,221.10000610351562,221.15199279785156,221.15199279785156,694761
2024-09-06 10:45:00-04:00,221.17999267578125,221.61000061035156,221.08999633789062,221.13999938964844,221.13999938964844,384108
2024-09-06 10:50:00-04:00,221.1199951171875,221.33999633789062,220.92999267578125,221.11000061035156,221.11000061035156,340205
2024-09-06 10:55:00-04:00,221.1300048828125,221.50999450683594,221.11000061035156,221.39999389648438,221.39999389648438,547995
2024-09-06 11:00:00-04:00,221.41000366210938,222.55709838867188,221.3800048828125,221.61000061035156,221.61000061035156,1003403
2024-09-06 11:05:00-04:00,221.57000732421875,221.88999938964844,221.27000427246094,221.47000122070312,221.47000122070312,419882
2024-09-06 11:10:00-04:00,221.49000549316406,221.8699951171875,221.33999633789062,221.77000427246094,221.77000427246094,330126
2024-09-06 11:15:00-04:00,221.75999450683594,221.86000061035156,220.8300018310547,220.97000122070312,220.97000122070312,444995
2024-09-06 11:20:00-04:00,221.0,221.7449951171875,220.94000244140625,221.55999755859375,221.55999755859375,440262
2024-09-06 11:25:00-04:00,221.5399932861328,221.55999755859375,221.21009826660156,221.25,221.25,294528
2024-09-06 11:30:00-04:00,221.25,222.0677947998047,221.25,221.67999267578125,221.67999267578125,444124
2024-09-06 11:35:00-04:00,221.6699981689453,221.69000244140625,221.22999572753906,221.3300018310547,221.3300018310547,237031
2024-09-06 11:40:00-04:00,221.3000030517578,221.63999938964844,221.16000366210938,221.50999450683594,221.50999450683594,253483
2024-09-06 11:45:00-04:00,221.1999969482422,221.35499572753906,221.02999877929688,221.2698974609375,221.2698974609375,272539
2024-09-06 11:50:00-04:00,221.25999450683594,221.3800048828125,220.82000732421875,221.27499389648438,221.27499389648438,852808
2024-09-06 11:55:00-04:00,221.2899932861328,221.4499969482422,220.9199981689453,220.96499633789062,220.96499633789062,249351
2024-09-06 12:00:00-04:00,220.9550018310547,221.09500122070312,220.66200256347656,220.8699951171875,220.8699951171875,299635
2024-09-06 12:05:00-04:00,220.8800048828125,221.17999267578125,220.6699981689453,220.90089416503906,220.90089416503906,400363
2024-09-06 12:10:00-04:00,220.91000366210938,221.35000610351562,220.7100067138672,221.11000061035156,221.11000061035156,288786
2024-09-06 12:15:00-04:00,221.08200073242188,221.16929626464844,220.8699951171875,221.03089904785156,221.03089904785156,156948
2024-09-06 12:20:00-04:00,221.0500030517578,221.2200927734375,220.8300018310547,221.08250427246094,221.08250427246094,198216
2024-09-06 12:25:00-04:00,221.0800018310547,221.24740600585938,220.67999267578125,220.68569946289062,220.68569946289062,239310
2024-09-06 12:30:00-04:00,220.6999969482422,221.13999938964844,220.5800018310547,221.10000610351562,221.10000610351562,361088
2024-09-06 12:35:00-04:00,221.10000610351562,221.25,220.58009338378906,220.63999938964844,220.63999938964844,260027
2024-09-06 12:40:00-04:00,220.64999389648438,220.89999389648438,220.61000061035156,220.83999633789062,220.83999633789062,273688
2024-09-06 12:45:00-04:00,220.83999633789062,220.98480224609375,220.6699981689453,220.74000549316406,220.74000549316406,258135
2024-09-06 12:50:00-04:00,220.72999572753906,220.8300018310547,220.4600067138672,220.55999755859375,220.55999755859375,302471
2024-09-06 12:55:00-04:00,220.5399932861328,220.94000244140625,220.52000427246094,220.67999267578125,220.67999267578125,275291
2024-09-06 13:00:00-04:00,220.67999267578125,220.92999267578125,220.61000061035156,220.8699951171875,220.8699951171875,217916
2024-09-06 13:05:00-04:00,220.860107421875,221.3300018310547,220.77000427246094,221.25,221.25,334589
2024-09-06 13:10:00-04:00,221.25059509277344,221.4949951171875,221.22000122070312,221.39999389648438,221.39999389648438,289544
2024-09-06 13:15:00-04:00,221.41000366210938,221.47999572753906,221.30999755859375,221.34500122070312,221.34500122070312,291803
2024-09-06 13:20:00-04:00,221.33999633789062,221.63999938964844,221.3300018310547,221.50010681152344,221.50010681152344,292926
2024-09-06 13:25:00-04:00,221.5,221.58140563964844,220.91000366210938,220.97999572753906,220.97999572753906,261670
2024-09-06 13:30:00-04:00,220.9499969482422,221.08999633789062,220.8000030517578,220.86000061035156,220.86000061035156,198424
2024-09-06 13:35:00-04:00,220.86500549316406,220.89999389648438,220.52999877929688,220.52999877929688,220.52999877929688,250577
2024-09-06 13:40:00-04:00,220.52999877929688,220.61000061035156,220.22000122070312,220.38999938964844,220.38999938964844,251915
2024-09-06 13:45:00-04:00,220.3800048828125,220.47999572753906,220.10000610351562,220.24000549316406,220.24000549316406,245612
2024-09-06 13:50:00-04:00,220.2552032470703,220.4199981689453,220.0800018310547,220.3800048828125,220.3800048828125,198498
2024-09-06 13:55:00-04:00,220.39990234375,220.67999267578125,220.19000244140625,220.26499938964844,220.26499938964844,353670
2024-09-06 14:00:00-04:00,220.3079071044922,220.52000427246094,219.9199981689453,219.97390747070312,219.97390747070312,315725
2024-09-06 14:05:00-04:00,219.99000549316406,220.14999389648438,219.80999755859375,220.07000732421875,220.07000732421875,240084
2024-09-06 14:10:00-04:00,220.07000732421875,220.3800048828125,220.0500030517578,220.1820068359375,220.1820068359375,257380
2024-09-06 14:15:00-04:00,220.2100067138672,220.4499053955078,220.13999938964844,220.36000061035156,220.36000061035156,188870
2024-09-06 14:20:00-04:00,220.33999633789062,220.50999450683594,219.9001007080078,219.9199981689453,219.9199981689453,260165
2024-09-06 14:25:00-04:00,219.91000366210938,220.18780517578125,219.77000427246094,220.18780517578125,220.18780517578125,239463
2024-09-06 14:30:00-04:00,220.19000244140625,220.19000244140625,219.86000061035156,219.99000549316406,219.99000549316406,243616
2024-09-06 14:35:00-04:00,220.02000427246094,220.0399932861328,219.82000732421875,219.96499633789062,219.96499633789062,331950
2024-09-06 14:40:00-04:00,219.9698944091797,220.3300018310547,219.9600067138672,220.32009887695312,220.32009887695312,290227
2024-09-06 14:45:00-04:00,220.32000732421875,220.3350067138672,219.91000366210938,220.19400024414062,220.19400024414062,199691
2024-09-06 14:50:00-04:00,220.1699981689453,220.32009887695312,219.97999572753906,220.30999755859375,220.30999755859375,206086
2024-09-06 14:55:00-04:00,220.30999755859375,220.67909240722656,220.24000549316406,220.5399932861328,220.5399932861328,447125
2024-09-06 15:00:00-04:00,220.5449981689453,220.91000366210938,220.4499969482422,220.84500122070312,220.84500122070312,314328
2024-09-06 15:05:00-04:00,220.8300018310547,221.02999877929688,220.66000366210938,220.76499938964844,220.76499938964844,349837
2024-09-06 15:10:00-04:00,220.7689971923828,221.1699981689453,220.7100067138672,220.91000366210938,220.91000366210938,464685
2024-09-06 15:15:00-04:00,220.91009521484375,221.02000427246094,220.75999450683594,220.93499755859375,220.93499755859375,356760
2024-09-06 15:20:00-04:00,220.9499969482422,221.08990478515625,220.82000732421875,221.0399932861328,221.0399932861328,336730
2024-09-06 15:25:00-04:00,221.0449981689453,221.47000122070312,221.02000427246094,221.05999755859375,221.05999755859375,383311
2024-09-06 15:30:00-04:00,221.0625,221.38780212402344,220.9499969482422,221.30999755859375,221.30999755859375,309142
2024-09-06 15:35:00-04:00,221.3300018310547,221.3800048828125,220.85000610351562,220.97999572753906,220.97999572753906,418585
2024-09-06 15:40:00-04:00,221.0,221.33999633789062,220.6999969482422,220.77999877929688,220.77999877929688,359493
2024-09-06 15:45:00-04:00,220.77000427246094,221.4199981689453,220.74000549316406,221.30999755859375,221.30999755859375,472915
2024-09-06 15:50:00-04:00,221.2899932861328,221.5500030517578,220.38999938964844,220.57989501953125,220.57989501953125,951974
2024-09-06 15:55:00-04:00,220.57000732421875,221.00999450683594,220.13999938964844,220.91000366210938,220.91000366210938,2086312
2024-09-09 09:30:00-04:00,220.89999389648438,221.0,219.89999389648438,220.60000610351562,220.60000610351562,2991916
2024-09-09 09:35:00-04:00,220.39999389648438,220.4199981689453,219.0301055908203,219.0449981689453,219.0449981689453,1323911
2024-09-09 09:40:00-04:00,218.65699768066406,219.0800018310547,217.82000732421875,218.0399932861328,218.0399932861328,1682785
2024-09-09 09:45:00-04:00,218.39500427246094,219.0800018310547,218.13999938964844,218.89500427246094,218.89500427246094,1311711
2024-09-09 09:50:00-04:00,219.0279998779297,219.18499755859375,218.61000061035156,218.9199981689453,218.9199981689453,981830
2024-09-09 09:55:00-04:00,219.07000732421875,219.64999389648438,218.85000610351562,219.22000122070312,219.22000122070312,1092695
2024-09-09 10:00:00-04:00,219.22000122070312,220.0,219.1300048828125,219.8300018310547,219.8300018310547,878341
2024-09-09 10:05:00-04:00,219.3800048828125,219.86000061035156,219.27999877929688,219.7899932861328,219.7899932861328,576422
2024-09-09 10:10:00-04:00,219.80999755859375,220.1300048828125,219.6999969482422,219.88999938964844,219.88999938964844,621448
2024-09-09 10:15:00-04:00,219.8800048828125,219.97999572753906,219.10000610351562,219.31289672851562,219.31289672851562,643464
2024-09-09 10:20:00-04:00,219.17999267578125,219.27000427246094,218.83999633789062,219.02999877929688,219.02999877929688,713798
2024-09-09 10:25:00-04:00,219.0399932861328,219.05990600585938,218.74000549316406,218.875,218.875,766414
2024-09-09 10:30:00-04:00,218.8800048828125,218.8800048828125,217.9604034423828,218.14999389648438,218.14999389648438,877257
2024-09-09 10:35:00-04:00,218.2550048828125,218.2799072265625,217.85000610351562,218.01010131835938,218.01010131835938,703973
2024-09-09 10:40:00-04:00,218.0,218.39999389648438,217.99000549316406,218.05999755859375,218.05999755859375,572186
2024-09-09 10:45:00-04:00,218.0500030517578,218.11000061035156,217.5500030517578,218.0323944091797,218.0323944091797,710214
2024-09-09 10:50:00-04:00,217.98500061035156,218.07000732421875,217.5,218.0500030517578,218.0500030517578,525199
2024-09-09 10:55:00-04:00,218.0399932861328,218.34959411621094,217.10499572753906,217.1999969482422,217.1999969482422,770095
2024-09-09 11:00:00-04:00,217.1999969482422,218.0800018310547,217.0500030517578,217.99000549316406,217.99000549316406,539503
2024-09-09 11:05:00-04:00,217.99000549316406,218.0699005126953,217.63999938964844,217.82000732421875,217.82000732421875,426888
2024-09-09 11:10:00-04:00,217.8300018310547,217.97999572753906,217.652099609375,217.875,217.875,306656
2024-09-09 11:15:00-04:00,217.8699951171875,218.42799377441406,217.82000732421875,218.42799377441406,218.42799377441406,375187
2024-09-09 11:20:00-04:00,218.4199981689453,218.69610595703125,218.2899932861328,218.64999389648438,218.64999389648438,445779
2024-09-09 11:25:00-04:00,218.63999938964844,219.00999450683594,218.61000061035156,218.9600067138672,218.9600067138672,434219
2024-09-09 11:30:00-04:00,218.97999572753906,219.4600067138672,218.92999267578125,219.39999389648438,219.39999389648438,439835
2024-09-09 11:35:00-04:00,219.39999389648438,219.6300048828125,219.13999938964844,219.55999755859375,219.55999755859375,491444
2024-09-09 11:40:00-04:00,219.55999755859375,219.75999450683594,219.30999755859375,219.52000427246094,219.52000427246094,415791
2024-09-09 11:45:00-04:00,219.52999877929688,219.75999450683594,219.3699951171875,219.60000610351562,219.60000610351562,294358
2024-09-09 11:50:00-04:00,219.61000061035156,219.6199951171875,219.2899932861328,219.57000732421875,219.57000732421875,266907
2024-09-09 11:55:00-04:00,219.55999755859375,219.91000366210938,219.4600067138672,219.91000366210938,219.91000366210938,295296
2024-09-09 12:00:00-04:00,219.88999938964844,220.5,219.86000061035156,220.38999938964844,220.38999938964844,586587
2024-09-09 12:05:00-04:00,220.39500427246094,220.39500427246094,219.94000244140625,220.0800018310547,220.0800018310547,362441
2024-09-09 12:10:00-04:00,220.0897979736328,220.2993927001953,219.75999450683594,219.77630615234375,219.77630615234375,327547
2024-09-09 12:15:00-04:00,219.75999450683594,220.13999938964844,219.64830017089844,220.11990356445312,220.11990356445312,307273
2024-09-09 12:20:00-04:00,220.10000610351562,220.17799377441406,219.74000549316406,219.82000732421875,219.82000732421875,323075
2024-09-09 12:25:00-04:00,219.82000732421875,220.24290466308594,219.81300354003906,220.2039031982422,220.2039031982422,257896
2024-09-09 12:30:00-04:00,220.2126007080078,220.3699951171875,220.0,220.16009521484375,220.16009521484375,281990
2024-09-09 12:35:00-04:00,220.16000366210938,220.16000366210938,219.80999755859375,220.09669494628906,220.09669494628906,310229
2024-09-09 12:40:00-04:00,220.10499572753906,220.33999633789062,220.0399932861328,220.19000244140625,220.19000244140625,252139
2024-09-09 12:45:00-04:00,220.18380737304688,220.35499572753906,220.18380737304688,220.25999450683594,220.25999450683594,224118
2024-09-09 12:50:00-04:00,220.27999877929688,220.61000061035156,220.27999877929688,220.38819885253906,220.38819885253906,287932
2024-09-09 12:55:00-04:00,220.38999938964844,220.41969299316406,219.94000244140625,220.14999389648438,220.14999389648438,1140951
2024-09-09 13:00:00-04:00,220.16000366210938,220.4199981689453,219.89999389648438,220.22959899902344,220.22959899902344,437617
2024-09-09 13:05:00-04:00,220.2100067138672,220.77000427246094,220.2100067138672,220.72000122070312,220.72000122070312,430261
2024-09-09 13:10:00-04:00,220.70550537109375,220.7299041748047,220.33999633789062,220.38999938964844,220.38999938964844,305037
2024-09-09 13:15:00-04:00,220.3800048828125,220.92999267578125,220.32000732421875,220.86770629882812,220.86770629882812,486688
2024-09-09 13:20:00-04:00,220.86000061035156,220.86000061035156,220.52000427246094,220.63999938964844,220.63999938964844,318012
2024-09-09 13:25:00-04:00,220.64999389648438,220.86000061035156,220.61000061035156,220.83999633789062,220.83999633789062,273015
2024-09-09 13:30:00-04:00,220.83799743652344,220.85000610351562,220.22999572753906,220.35499572753906,220.35499572753906,631236
2024-09-09 13:35:00-04:00,220.35389709472656,220.77000427246094,220.2899932861328,220.72410583496094,220.72410583496094,315356
2024-09-09 13:40:00-04:00,220.7200927734375,220.85000610351562,219.5,219.5399932861328,219.5399932861328,1099418
2024-09-09 13:45:00-04:00,219.56500244140625,220.36000061035156,219.41000366210938,220.0399932861328,220.0399932861328,832148
2024-09-09 13:50:00-04:00,220.0500030517578,220.1999969482422,218.85000610351562,219.0399932861328,219.0399932861328,910647
2024-09-09 13:55:00-04:00,219.02999877929688,219.5500030517578,218.4842987060547,219.16940307617188,219.16940307617188,1512362
2024-09-09 14:00:00-04:00,219.15499877929688,219.15499877929688,217.85000610351562,217.86000061035156,217.86000061035156,1105744
2024-09-09 14:05:00-04:00,217.88999938964844,218.22999572753906,217.50999450683594,218.11279296875,218.11279296875,1131551
2024-09-09 14:10:00-04:00,218.13999938964844,218.25,217.22000122070312,217.38999938964844,217.38999938964844,1394259
2024-09-09 14:15:00-04:00,217.3699951171875,218.16000366210938,217.25,217.9573974609375,217.9573974609375,1073810
2024-09-09 14:20:00-04:00,218.0,218.07000732421875,217.44000244140625,217.6300048828125,217.6300048828125,674526
2024-09-09 14:25:00-04:00,217.6300048828125,217.7899932861328,217.0800018310547,217.1699981689453,217.1699981689453,807588
2024-09-09 14:30:00-04:00,217.13999938964844,217.94000244140625,217.13999938964844,217.92999267578125,217.92999267578125,817766
2024-09-09 14:35:00-04:00,217.92539978027344,217.9499969482422,216.72000122070312,216.97000122070312,216.97000122070312,2105241
2024-09-09 14:40:00-04:00,216.9499969482422,217.7100067138672,216.8800048828125,217.35000610351562,217.35000610351562,1019185
2024-09-09 14:45:00-04:00,217.3721923828125,218.0,217.35000610351562,217.74009704589844,217.74009704589844,725491
2024-09-09 14:50:00-04:00,217.75,217.97999572753906,217.6699981689453,217.92010498046875,217.92010498046875,441601
2024-09-09 14:55:00-04:00,217.91000366210938,217.99000549316406,217.64999389648438,217.8800048828125,217.8800048828125,397667
2024-09-09 15:00:00-04:00,217.86000061035156,218.25,217.78199768066406,217.99000549316406,217.99000549316406,701359
2024-09-09 15:05:00-04:00,217.94000244140625,218.77999877929688,217.9261016845703,218.6800994873047,218.6800994873047,811599
2024-09-09 15:10:00-04:00,218.69700622558594,218.77000427246094,218.30999755859375,218.41079711914062,218.41079711914062,618205
2024-09-09 15:15:00-04:00,218.39810180664062,218.67999267578125,218.3699951171875,218.60000610351562,218.60000610351562,383034
2024-09-09 15:20:00-04:00,218.58999633789062,218.72390747070312,218.2628936767578,218.72390747070312,218.72390747070312,509723
2024-09-09 15:25:00-04:00,218.7100067138672,219.2725067138672,218.52999877929688,219.25999450683594,219.25999450683594,738644
2024-09-09 15:30:00-04:00,219.27000427246094,220.36000061035156,219.27000427246094,220.19009399414062,220.19009399414062,1156502
2024-09-09 15:35:00-04:00,220.1999969482422,220.6300048828125,220.07000732421875,220.27980041503906,220.27980041503906,1153027
2024-09-09 15:40:00-04:00,220.27999877929688,220.5500030517578,219.8784942626953,220.02000427246094,220.02000427246094,841918
2024-09-09 15:45:00-04:00,220.02499389648438,220.11000061035156,219.75999450683594,220.02000427246094,220.02000427246094,869344
2024-09-09 15:50:00-04:00,220.00999450683594,220.5659942626953,219.89999389648438,220.5659942626953,220.5659942626953,1485048
2024-09-09 15:55:00-04:00,220.55999755859375,221.0364990234375,220.44000244140625,220.99000549316406,220.99000549316406,2701090
2024-09-10 09:30:00-04:00,219.58999633789062,219.85000610351562,218.38999938964844,218.38999938964844,218.38999938964844,3461376
2024-09-10 09:35:00-04:00,218.39019775390625,218.82989501953125,217.24000549316406,217.30999755859375,217.30999755859375,1342069
2024-09-10 09:40:00-04:00,217.30499267578125,217.5489959716797,216.72999572753906,217.29989624023438,217.29989624023438,1329836
2024-09-10 09:45:00-04:00,217.27000427246094,217.8000030517578,216.83999633789062,217.13999938964844,217.13999938964844,1163858
2024-09-10 09:50:00-04:00,217.12010192871094,217.4499969482422,216.85000610351562,217.14999389648438,217.14999389648438,780975
2024-09-10 09:55:00-04:00,217.1750030517578,217.83999633789062,217.16000366210938,217.51499938964844,217.51499938964844,831632
2024-09-10 10:00:00-04:00,217.5,218.40499877929688,217.4600067138672,218.21499633789062,218.21499633789062,966576
2024-09-10 10:05:00-04:00,218.2100067138672,219.27000427246094,218.1699981689453,219.19000244140625,219.19000244140625,894578
2024-09-10 10:10:00-04:00,219.1501007080078,219.22000122070312,218.14999389648438,218.39999389648438,218.39999389648438,907022
2024-09-10 10:15:00-04:00,218.35369873046875,218.99949645996094,218.08999633789062,218.85000610351562,218.85000610351562,642103
2024-09-10 10:20:00-04:00,218.85000610351562,219.02999877929688,218.4199981689453,218.86000061035156,218.86000061035156,680810
2024-09-10 10:25:00-04:00,218.860107421875,219.97500610351562,218.860107421875,219.77999877929688,219.77999877929688,1106370
2024-09-10 10:30:00-04:00,219.76499938964844,219.9199981689453,219.17050170898438,219.52099609375,219.52099609375,707201
2024-09-10 10:35:00-04:00,219.52960205078125,219.8000030517578,219.25,219.65499877929688,219.65499877929688,547710
2024-09-10 10:40:00-04:00,219.6699981689453,219.75,218.97000122070312,219.02000427246094,219.02000427246094,594785
2024-09-10 10:45:00-04:00,218.94000244140625,219.05999755859375,218.63999938964844,218.91000366210938,218.91000366210938,502038
2024-09-10 10:50:00-04:00,218.9149932861328,219.17990112304688,218.22000122070312,219.1199951171875,219.1199951171875,557719
2024-09-10 10:55:00-04:00,219.1300048828125,219.47999572753906,218.92999267578125,219.15989685058594,219.15989685058594,566708
2024-09-10 11:00:00-04:00,219.13999938964844,219.39999389648438,218.94400024414062,219.10000610351562,219.10000610351562,338929
2024-09-10 11:05:00-04:00,219.08999633789062,219.47999572753906,218.97500610351562,219.4600067138672,219.4600067138672,319015
2024-09-10 11:10:00-04:00,219.4600067138672,219.77999877929688,219.36000061035156,219.74000549316406,219.74000549316406,435775
2024-09-10 11:15:00-04:00,219.72999572753906,219.92999267578125,219.52999877929688,219.77999877929688,219.77999877929688,541258
2024-09-10 11:20:00-04:00,219.8000030517578,219.9199981689453,219.67999267578125,219.91319274902344,219.91319274902344,284015
2024-09-10 11:25:00-04:00,219.89999389648438,220.22000122070312,219.85000610351562,219.9499969482422,219.9499969482422,675358
2024-09-10 11:30:00-04:00,219.9499969482422,220.41000366210938,219.9499969482422,220.02479553222656,220.02479553222656,435488
2024-09-10 11:35:00-04:00,220.00030517578125,220.0800018310547,219.7100067138672,219.7899932861328,219.7899932861328,357675
2024-09-10 11:40:00-04:00,219.80999755859375,220.09500122070312,219.63999938964844,219.86000061035156,219.86000061035156,359967
2024-09-10 11:45:00-04:00,219.83999633789062,219.83999633789062,219.16000366210938,219.3300018310547,219.3300018310547,451430
2024-09-10 11:50:00-04:00,219.3000030517578,219.30999755859375,218.41000366210938,218.5399932861328,218.5399932861328,582051
2024-09-10 11:55:00-04:00,218.5500030517578,218.71499633789062,218.25999450683594,218.33999633789062,218.33999633789062,322053
2024-09-10 12:00:00-04:00,218.32000732421875,218.5,218.0404052734375,218.1649932861328,218.1649932861328,427535
2024-09-10 12:05:00-04:00,218.16000366210938,218.8300018310547,218.14500427246094,218.63999938964844,218.63999938964844,464632
2024-09-10 12:10:00-04:00,218.64999389648438,218.8300018310547,218.4199981689453,218.43260192871094,218.43260192871094,380066
2024-09-10 12:15:00-04:00,218.44000244140625,218.6486053466797,218.22999572753906,218.47000122070312,218.47000122070312,291596
2024-09-10 12:20:00-04:00,218.47000122070312,218.62120056152344,218.3699951171875,218.50999450683594,218.50999450683594,220253
2024-09-10 12:25:00-04:00,218.52000427246094,218.61990356445312,218.35000610351562,218.5399932861328,218.5399932861328,263455
2024-09-10 12:30:00-04:00,218.5301055908203,218.91000366210938,218.49000549316406,218.89999389648438,218.89999389648438,273520
2024-09-10 12:35:00-04:00,218.89999389648438,219.00999450683594,218.80999755859375,218.9499969482422,218.9499969482422,209354
2024-09-10 12:40:00-04:00,218.9499969482422,219.4550018310547,218.9300994873047,219.4241943359375,219.4241943359375,296604
2024-09-10 12:45:00-04:00,219.42999267578125,219.47999572753906,219.2100067138672,219.30999755859375,219.30999755859375,217964
2024-09-10 12:50:00-04:00,219.2812042236328,219.92999267578125,219.25999450683594,219.85260009765625,219.85260009765625,530577
2024-09-10 12:55:00-04:00,219.86500549316406,219.94000244140625,219.5399932861328,219.5460968017578,219.5460968017578,209270
2024-09-10 13:00:00-04:00,219.55499267578125,219.88999938964844,219.5301055908203,219.8675994873047,219.8675994873047,200492
2024-09-10 13:05:00-04:00,219.86880493164062,219.97000122070312,219.77999877929688,219.84500122070312,219.84500122070312,223429
2024-09-10 13:10:00-04:00,219.85000610351562,220.57899475097656,219.85000610351562,220.53500366210938,220.53500366210938,500533
2024-09-10 13:15:00-04:00,220.52999877929688,220.64999389648438,220.3699951171875,220.4499969482422,220.4499969482422,382628
2024-09-10 13:20:00-04:00,220.48500061035156,220.52000427246094,220.2899932861328,220.41419982910156,220.41419982910156,387080
2024-09-10 13:25:00-04:00,220.4199981689453,220.47999572753906,220.1999969482422,220.27000427246094,220.27000427246094,254451
2024-09-10 13:30:00-04:00,220.27000427246094,220.47000122070312,220.19590759277344,220.41000366210938,220.41000366210938,273690
2024-09-10 13:35:00-04:00,220.41000366210938,220.51499938964844,220.2899932861328,220.4600067138672,220.4600067138672,204489
2024-09-10 13:40:00-04:00,220.4600067138672,220.67999267578125,220.4600067138672,220.6300048828125,220.6300048828125,236869
2024-09-10 13:45:00-04:00,220.64999389648438,220.77999877929688,220.50999450683594,220.74710083007812,220.74710083007812,314286
2024-09-10 13:50:00-04:00,220.72999572753906,220.80499267578125,220.66000366210938,220.75999450683594,220.75999450683594,216789
2024-09-10 13:55:00-04:00,220.77000427246094,220.94009399414062,220.75,220.80999755859375,220.80999755859375,302605
2024-09-10 14:00:00-04:00,220.80999755859375,221.47999572753906,220.80999755859375,221.4221954345703,221.4221954345703,747681
2024-09-10 14:05:00-04:00,221.41000366210938,221.4600067138672,221.07000732421875,221.10499572753906,221.10499572753906,523254
2024-09-10 14:10:00-04:00,221.10499572753906,221.28500366210938,221.08999633789062,221.10000610351562,221.10000610351562,257998
2024-09-10 14:15:00-04:00,221.1009979248047,221.27999877929688,220.89869689941406,220.9199981689453,220.9199981689453,298940
2024-09-10 14:20:00-04:00,220.91000366210938,220.99000549316406,220.72999572753906,220.88999938964844,220.88999938964844,287911
2024-09-10 14:25:00-04:00,220.88999938964844,220.97000122070312,220.64999389648438,220.80999755859375,220.80999755859375,313522
2024-09-10 14:30:00-04:00,220.8300018310547,221.0449981689453,220.69000244140625,220.75,220.75,313023
2024-09-10 14:35:00-04:00,220.7550048828125,220.83999633789062,220.5800018310547,220.77999877929688,220.77999877929688,252423
2024-09-10 14:40:00-04:00,220.7899932861328,220.89999389648438,220.67999267578125,220.78500366210938,220.78500366210938,193195
2024-09-10 14:45:00-04:00,220.77999877929688,220.77999877929688,220.35000610351562,220.4600067138672,220.4600067138672,1856132
2024-09-10 14:50:00-04:00,220.4600067138672,220.52000427246094,220.2100067138672,220.44500732421875,220.44500732421875,298982
2024-09-10 14:55:00-04:00,220.44000244140625,220.4499969482422,220.25,220.37559509277344,220.37559509277344,278416
2024-09-10 15:00:00-04:00,220.3699951171875,220.5,220.3000030517578,220.30499267578125,220.30499267578125,240487
2024-09-10 15:05:00-04:00,220.30999755859375,220.4499969482422,220.22000122070312,220.31500244140625,220.31500244140625,359011
2024-09-10 15:10:00-04:00,220.31170654296875,220.74000549316406,220.30499267578125,220.72740173339844,220.72740173339844,486467
2024-09-10 15:15:00-04:00,220.72000122070312,220.85000610351562,220.59500122070312,220.65499877929688,220.65499877929688,300332
2024-09-10 15:20:00-04:00,220.6649932861328,220.77000427246094,220.42999267578125,220.47999572753906,220.47999572753906,363810
2024-09-10 15:25:00-04:00,220.49000549316406,220.75999450683594,220.46499633789062,220.75,220.75,390117
2024-09-10 15:30:00-04:00,220.7449951171875,220.99000549316406,220.72630310058594,220.8699951171875,220.8699951171875,388821
2024-09-10 15:35:00-04:00,220.8699951171875,220.91990661621094,220.63999938964844,220.72999572753906,220.72999572753906,309935
2024-09-10 15:40:00-04:00,220.72500610351562,220.92999267578125,220.72219848632812,220.77499389648438,220.77499389648438,331092
2024-09-10 15:45:00-04:00,220.77999877929688,220.85499572753906,220.72000122070312,220.80999755859375,220.80999755859375,341934
2024-09-10 15:50:00-04:00,220.80999755859375,221.11000061035156,220.02999877929688,220.25,220.25,1124164
2024-09-10 15:55:00-04:00,220.25999450683594,220.3699951171875,219.67999267578125,220.1699981689453,220.1699981689453,2178251
2024-09-11 09:30:00-04:00,221.0,222.75,220.5,222.60000610351562,222.60000610351562,3227171
2024-09-11 09:35:00-04:00,221.97799682617188,222.2899932861328,221.1999969482422,221.25999450683594,221.25999450683594,877738
2024-09-11 09:40:00-04:00,221.30499267578125,221.67999267578125,220.75,220.7899932861328,220.7899932861328,771239
2024-09-11 09:45:00-04:00,220.7899932861328,221.10000610351562,220.14999389648438,220.7100067138672,220.7100067138672,677477
2024-09-11 09:50:00-04:00,220.5800018310547,220.9149932861328,220.34449768066406,220.50999450683594,220.50999450683594,586059
2024-09-11 09:55:00-04:00,220.55999755859375,220.9542999267578,220.2100067138672,220.5050048828125,220.5050048828125,438090
2024-09-11 10:00:00-04:00,220.5500030517578,221.00999450683594,219.7899932861328,220.7899932861328,220.7899932861328,829149
2024-09-11 10:05:00-04:00,220.7899932861328,220.92999267578125,220.1999969482422,220.5500030517578,220.5500030517578,418201
2024-09-11 10:10:00-04:00,220.42999267578125,220.5449981689453,219.67999267578125,219.7100067138672,219.7100067138672,444834
2024-09-11 10:15:00-04:00,219.72000122070312,219.7899932861328,219.3000030517578,219.5399932861328,219.5399932861328,601336
2024-09-11 10:20:00-04:00,219.55999755859375,219.60000610351562,219.14999389648438,219.5500030517578,219.5500030517578,495343
2024-09-11 10:25:00-04:00,219.30999755859375,219.52999877929688,219.25,219.25,219.25,345005
2024-09-11 10:30:00-04:00,219.24000549316406,219.33999633789062,218.50010681152344,218.5408935546875,218.5408935546875,549127
2024-09-11 10:35:00-04:00,218.5399932861328,218.92999267578125,218.38999938964844,218.6199951171875,218.6199951171875,534896
2024-09-11 10:40:00-04:00,218.8050994873047,218.97000122070312,218.41009521484375,218.5399932861328,218.5399932861328,438933
2024-09-11 10:45:00-04:00,218.5,218.63999938964844,218.24000549316406,218.34640502929688,218.34640502929688,406632
2024-09-11 10:50:00-04:00,218.36000061035156,218.36000061035156,218.125,218.17010498046875,218.17010498046875,352732
2024-09-11 10:55:00-04:00,218.0,218.58999633789062,217.968994140625,218.58999633789062,218.58999633789062,536075
2024-09-11 11:00:00-04:00,218.5399932861328,218.55999755859375,218.0399932861328,218.55999755859375,218.55999755859375,391950
2024-09-11 11:05:00-04:00,218.96009826660156,219.02000427246094,218.7209930419922,218.75999450683594,218.75999450683594,469148
2024-09-11 11:10:00-04:00,218.77000427246094,219.2100067138672,218.60000610351562,219.0500030517578,219.0500030517578,382243
2024-09-11 11:15:00-04:00,219.05999755859375,219.17999267578125,218.86000061035156,218.97000122070312,218.97000122070312,319845
2024-09-11 11:20:00-04:00,219.00999450683594,219.03469848632812,218.52999877929688,218.6999969482422,218.6999969482422,249566
2024-09-11 11:25:00-04:00,218.69500732421875,219.0,218.63999938964844,218.89999389648438,218.89999389648438,198147
2024-09-11 11:30:00-04:00,218.89999389648438,219.16000366210938,218.7899932861328,218.80999755859375,218.80999755859375,245479
2024-09-11 11:35:00-04:00,218.83009338378906,219.6199951171875,218.6699981689453,219.60000610351562,219.60000610351562,377783
2024-09-11 11:40:00-04:00,219.58999633789062,219.85000610351562,219.44000244140625,219.77999877929688,219.77999877929688,284414
2024-09-11 11:45:00-04:00,219.8300018310547,220.35000610351562,219.82000732421875,220.1907958984375,220.1907958984375,469646
2024-09-11 11:50:00-04:00,220.22000122070312,220.2550048828125,219.60459899902344,219.6199951171875,219.6199951171875,288609
2024-09-11 11:55:00-04:00,219.63999938964844,219.75,219.00999450683594,219.67999267578125,219.67999267578125,280697
2024-09-11 12:00:00-04:00,219.6999053955078,220.5,219.64999389648438,220.4550018310547,220.4550018310547,330728
2024-09-11 12:05:00-04:00,220.44009399414062,220.8000030517578,220.39999389648438,220.5500030517578,220.5500030517578,468088
2024-09-11 12:10:00-04:00,220.55999755859375,220.72999572753906,220.28500366210938,220.6739959716797,220.6739959716797,305014
2024-09-11 12:15:00-04:00,220.69000244140625,220.72000122070312,220.38999938964844,220.72000122070312,220.72000122070312,230890
2024-09-11 12:20:00-04:00,220.75,220.9499969482422,220.22999572753906,220.38999938964844,220.38999938964844,358161
2024-09-11 12:25:00-04:00,220.38999938964844,220.8800048828125,220.3800048828125,220.835205078125,220.835205078125,237942
2024-09-11 12:30:00-04:00,220.86000061035156,221.10000610351562,220.7899932861328,220.9499969482422,220.9499969482422,277137
2024-09-11 12:35:00-04:00,220.9600067138672,221.30999755859375,220.88999938964844,221.27969360351562,221.27969360351562,216232
2024-09-11 12:40:00-04:00,221.2899932861328,221.32989501953125,220.6199951171875,220.66000366210938,220.66000366210938,225697
2024-09-11 12:45:00-04:00,220.7050018310547,220.77999877929688,220.50999450683594,220.5800018310547,220.5800018310547,140460
2024-09-11 12:50:00-04:00,220.62989807128906,220.9409942626953,220.52999877929688,220.9199981689453,220.9199981689453,220103
2024-09-11 12:55:00-04:00,220.9499053955078,221.10000610351562,220.6699981689453,221.0727996826172,221.0727996826172,175609
2024-09-11 13:00:00-04:00,221.07000732421875,221.50999450683594,221.0,221.41000366210938,221.41000366210938,285796
2024-09-11 13:05:00-04:00,221.4199981689453,221.85000610351562,221.3802032470703,221.47999572753906,221.47999572753906,303834
2024-09-11 13:10:00-04:00,221.50999450683594,221.77999877929688,221.32000732421875,221.40890502929688,221.40890502929688,342720
2024-09-11 13:15:00-04:00,221.39999389648438,221.42999267578125,221.16000366210938,221.22999572753906,221.22999572753906,225538
2024-09-11 13:20:00-04:00,221.2449951171875,221.25,220.99000549316406,221.02000427246094,221.02000427246094,234089
2024-09-11 13:25:00-04:00,221.02000427246094,221.3300018310547,221.0,221.20970153808594,221.20970153808594,199094
2024-09-11 13:30:00-04:00,221.22000122070312,221.3699951171875,221.0500030517578,221.17999267578125,221.17999267578125,255110
2024-09-11 13:35:00-04:00,221.17999267578125,221.2100067138672,220.91000366210938,221.0500030517578,221.0500030517578,373037
2024-09-11 13:40:00-04:00,221.07000732421875,221.1649932861328,220.83999633789062,221.0800018310547,221.0800018310547,212271
2024-09-11 13:45:00-04:00,221.10000610351562,221.44009399414062,221.10000610351562,221.44009399414062,221.44009399414062,358934
2024-09-11 13:50:00-04:00,221.4600067138672,221.58999633789062,221.00999450683594,221.10000610351562,221.10000610351562,353023
2024-09-11 13:55:00-04:00,221.11000061035156,221.18499755859375,220.91990661621094,221.0800018310547,221.0800018310547,232677
2024-09-11 14:00:00-04:00,221.07000732421875,221.07000732421875,220.86000061035156,220.97999572753906,220.97999572753906,271610
2024-09-11 14:05:00-04:00,220.97999572753906,221.10000610351562,220.89999389648438,221.02999877929688,221.02999877929688,293467
2024-09-11 14:10:00-04:00,221.0399932861328,221.39999389648438,221.0399932861328,221.19119262695312,221.19119262695312,225990
2024-09-11 14:15:00-04:00,221.22000122070312,221.3800048828125,220.92999267578125,221.02499389648438,221.02499389648438,256616
2024-09-11 14:20:00-04:00,220.99000549316406,221.3000030517578,220.89999389648438,221.27000427246094,221.27000427246094,247748
2024-09-11 14:25:00-04:00,221.273193359375,221.6999969482422,221.19000244140625,221.6199951171875,221.6199951171875,415082
2024-09-11 14:30:00-04:00,221.64999389648438,221.7899932861328,221.33999633789062,221.3603057861328,221.3603057861328,363151
2024-09-11 14:35:00-04:00,221.35000610351562,221.41000366210938,221.14999389648438,221.32000732421875,221.32000732421875,359466
2024-09-11 14:40:00-04:00,221.33999633789062,221.77999877929688,221.3000030517578,221.51499938964844,221.51499938964844,365039
2024-09-11 14:45:00-04:00,221.52000427246094,221.60000610351562,221.22999572753906,221.49000549316406,221.49000549316406,257998
2024-09-11 14:50:00-04:00,221.5,221.57000732421875,221.27999877929688,221.3000030517578,221.3000030517578,239968
2024-09-11 14:55:00-04:00,221.3000030517578,221.60000610351562,221.3000030517578,221.4499969482422,221.4499969482422,265808
2024-09-11 15:00:00-04:00,221.44000244140625,221.50999450683594,221.33999633789062,221.4499969482422,221.4499969482422,228142
2024-09-11 15:05:00-04:00,221.4499969482422,221.57000732421875,221.33999633789062,221.44700622558594,221.44700622558594,338117
2024-09-11 15:10:00-04:00,221.44500732421875,221.4600067138672,221.27000427246094,221.36500549316406,221.36500549316406,393520
2024-09-11 15:15:00-04:00,221.36000061035156,221.5,221.11000061035156,221.1699981689453,221.1699981689453,478323
2024-09-11 15:20:00-04:00,221.1649932861328,221.75,221.1300048828125,221.74000549316406,221.74000549316406,500722
2024-09-11 15:25:00-04:00,221.73500061035156,221.97000122070312,221.7100067138672,221.97000122070312,221.97000122070312,495414
2024-09-11 15:30:00-04:00,221.9550018310547,222.0998992919922,221.67999267578125,221.875,221.875,534733
2024-09-11 15:35:00-04:00,221.875,221.97999572753906,221.67999267578125,221.8000030517578,221.8000030517578,375998
2024-09-11 15:40:00-04:00,221.80499267578125,222.1199951171875,221.72999572753906,222.08999633789062,222.08999633789062,531604
2024-09-11 15:45:00-04:00,222.05999755859375,222.38999938964844,221.97999572753906,222.35009765625,222.35009765625,640456
2024-09-11 15:50:00-04:00,222.35000610351562,222.67999267578125,222.22500610351562,222.6300048828125,222.6300048828125,1002165
2024-09-11 15:55:00-04:00,222.63999938964844,223.0,222.4499969482422,222.86000061035156,222.86000061035156,2446432
2024-09-12 09:30:00-04:00,222.0,222.0500030517578,221.52000427246094,221.64999389648438,221.64999389648438,1665132
2024-09-12 09:35:00-04:00,221.33999633789062,221.52000427246094,220.90499877929688,220.90499877929688,220.90499877929688,797290
2024-09-12 09:40:00-04:00,220.92999267578125,221.48989868164062,220.75,221.0500030517578,221.0500030517578,793717
2024-09-12 09:45:00-04:00,221.02999877929688,221.14999389648438,219.92999267578125,220.00999450683594,220.00999450683594,818270
2024-09-12 09:50:00-04:00,220.0050048828125,220.89999389648438,219.82000732421875,220.85000610351562,220.85000610351562,676722
2024-09-12 09:55:00-04:00,220.5399932861328,221.10000610351562,220.50999450683594,221.02999877929688,221.02999877929688,579565
2024-09-12 10:00:00-04:00,221.0399932861328,221.51499938964844,220.94000244140625,221.28179931640625,221.28179931640625,586471
2024-09-12 10:05:00-04:00,221.3300018310547,221.7100067138672,221.14999389648438,221.50010681152344,221.50010681152344,447452
2024-09-12 10:10:00-04:00,221.57000732421875,221.9499969482422,221.46009826660156,221.93499755859375,221.93499755859375,508122
2024-09-12 10:15:00-04:00,222.05999755859375,222.29989624023438,221.99000549316406,222.24000549316406,222.24000549316406,481563
2024-09-12 10:20:00-04:00,222.24000549316406,222.36000061035156,222.08999633789062,222.18499755859375,222.18499755859375,430492
2024-09-12 10:25:00-04:00,222.1999969482422,222.37939453125,221.97000122070312,222.07000732421875,222.07000732421875,411241
2024-09-12 10:30:00-04:00,222.07119750976562,222.3699951171875,221.9700927734375,222.27999877929688,222.27999877929688,298117
2024-09-12 10:35:00-04:00,222.27999877929688,222.2899932861328,221.08999633789062,221.52999877929688,221.52999877929688,441026
2024-09-12 10:40:00-04:00,221.75,221.88999938964844,221.4600067138672,221.84500122070312,221.84500122070312,285915
2024-09-12 10:45:00-04:00,221.99000549316406,222.11000061035156,221.85000610351562,222.04879760742188,222.04879760742188,307413
2024-09-12 10:50:00-04:00,222.17999267578125,222.17999267578125,221.92999267578125,222.03799438476562,222.03799438476562,315271
2024-09-12 10:55:00-04:00,222.0399932861328,222.27000427246094,221.5399932861328,221.8000030517578,221.8000030517578,327474
2024-09-12 11:00:00-04:00,221.80999755859375,222.3000030517578,221.67999267578125,222.17999267578125,222.17999267578125,327115
2024-09-12 11:05:00-04:00,222.16000366210938,222.8802032470703,222.14999389648438,222.86500549316406,222.86500549316406,570605
2024-09-12 11:10:00-04:00,222.8800048828125,223.0675048828125,222.72000122070312,222.72999572753906,222.72999572753906,541026
2024-09-12 11:15:00-04:00,222.72000122070312,222.77279663085938,221.9600067138672,222.11000061035156,222.11000061035156,422735
2024-09-12 11:20:00-04:00,222.1300048828125,222.1732940673828,221.7899932861328,221.96009826660156,221.96009826660156,257419
2024-09-12 11:25:00-04:00,221.97000122070312,222.22999572753906,221.69000244140625,221.89999389648438,221.89999389648438,274399
2024-09-12 11:30:00-04:00,221.89999389648438,222.38999938964844,221.77999877929688,222.27000427246094,222.27000427246094,371124
2024-09-12 11:35:00-04:00,222.22000122070312,222.5399932861328,222.05999755859375,222.1699981689453,222.1699981689453,268603
2024-09-12 11:40:00-04:00,222.1699981689453,222.30999755859375,221.88999938964844,221.97999572753906,221.97999572753906,176595
2024-09-12 11:45:00-04:00,221.97000122070312,222.07000732421875,221.77000427246094,221.94000244140625,221.94000244140625,181513
2024-09-12 11:50:00-04:00,221.9499969482422,222.11500549316406,221.8699951171875,222.07989501953125,222.07989501953125,133761
2024-09-12 11:55:00-04:00,222.08999633789062,222.14999389648438,221.88999938964844,221.97500610351562,221.97500610351562,145432
2024-09-12 12:00:00-04:00,221.97999572753906,222.11000061035156,221.9199981689453,222.11000061035156,222.11000061035156,135641
2024-09-12 12:05:00-04:00,222.10000610351562,222.1999969482422,221.84500122070312,222.0,222.0,162503
2024-09-12 12:10:00-04:00,222.00450134277344,222.09979248046875,221.92999267578125,221.97999572753906,221.97999572753906,128234
2024-09-12 12:15:00-04:00,221.97999572753906,222.0,221.6199951171875,221.74000549316406,221.74000549316406,263299
2024-09-12 12:20:00-04:00,221.7449951171875,221.8262939453125,221.6699981689453,221.80999755859375,221.80999755859375,181190
2024-09-12 12:25:00-04:00,221.80499267578125,222.0,221.8000030517578,221.92999267578125,221.92999267578125,141313
2024-09-12 12:30:00-04:00,221.9499969482422,221.97999572753906,221.75,221.90499877929688,221.90499877929688,126413
2024-09-12 12:35:00-04:00,221.91000366210938,221.9499969482422,221.7100067138672,221.75,221.75,154170
2024-09-12 12:40:00-04:00,221.75,221.98989868164062,221.7100067138672,221.8800048828125,221.8800048828125,155954
2024-09-12 12:45:00-04:00,221.8800048828125,221.9199981689453,221.81500244140625,221.91000366210938,221.91000366210938,115999
2024-09-12 12:50:00-04:00,221.91000366210938,222.28990173339844,221.90499877929688,222.27999877929688,222.27999877929688,297331
2024-09-12 12:55:00-04:00,222.28579711914062,222.53990173339844,222.14999389648438,222.5,222.5,225194
2024-09-12 13:00:00-04:00,222.49000549316406,222.60000610351562,222.42999267578125,222.50289916992188,222.50289916992188,209419
2024-09-12 13:05:00-04:00,222.50999450683594,222.76519775390625,222.47999572753906,222.72999572753906,222.72999572753906,189335
2024-09-12 13:10:00-04:00,222.72999572753906,222.83999633789062,222.70010375976562,222.7949981689453,222.7949981689453,200681
2024-09-12 13:15:00-04:00,222.8000030517578,222.94000244140625,222.77000427246094,222.84010314941406,222.84010314941406,241776
2024-09-12 13:20:00-04:00,222.84500122070312,222.99000549316406,222.5800018310547,222.97000122070312,222.97000122070312,258275
2024-09-12 13:25:00-04:00,222.97000122070312,223.0500030517578,222.6199951171875,222.6199951171875,222.6199951171875,275471
2024-09-12 13:30:00-04:00,222.60000610351562,222.83999633789062,222.5800018310547,222.8350067138672,222.8350067138672,163463
2024-09-12 13:35:00-04:00,222.8300018310547,223.10000610351562,222.8249969482422,223.05999755859375,223.05999755859375,390712
2024-09-12 13:40:00-04:00,223.05760192871094,223.22999572753906,222.8000030517578,222.82989501953125,222.82989501953125,299222
2024-09-12 13:45:00-04:00,222.8300018310547,223.0399932861328,222.82000732421875,223.00999450683594,223.00999450683594,209014
2024-09-12 13:50:00-04:00,223.02000427246094,223.11000061035156,223.0,223.11000061035156,223.11000061035156,210018
2024-09-12 13:55:00-04:00,223.11500549316406,223.16000366210938,222.8300018310547,223.0749969482422,223.0749969482422,229746
2024-09-12 14:00:00-04:00,223.08999633789062,223.1699981689453,223.00010681152344,223.06500244140625,223.06500244140625,219322
2024-09-12 14:05:00-04:00,223.0699005126953,223.15499877929688,222.9499969482422,223.07000732421875,223.07000732421875,253176
2024-09-12 14:10:00-04:00,223.05999755859375,223.05999755859375,222.7899932861328,222.81460571289062,222.81460571289062,274630
2024-09-12 14:15:00-04:00,222.82000732421875,223.0,222.6999969482422,222.8699951171875,222.8699951171875,251847
2024-09-12 14:20:00-04:00,222.88999938964844,223.14999389648438,222.8800048828125,223.08999633789062,223.08999633789062,225629
2024-09-12 14:25:00-04:00,223.08999633789062,223.1699981689453,223.04530334472656,223.14010620117188,223.14010620117188,202147
2024-09-12 14:30:00-04:00,223.13999938964844,223.22999572753906,222.89999389648438,223.22000122070312,223.22000122070312,265151
2024-09-12 14:35:00-04:00,223.2100067138672,223.5399932861328,223.1999969482422,223.51499938964844,223.51499938964844,311597
2024-09-12 14:40:00-04:00,223.50999450683594,223.52499389648438,223.35000610351562,223.3800048828125,223.3800048828125,198626
2024-09-12 14:45:00-04:00,223.3800048828125,223.52999877929688,223.27000427246094,223.34640502929688,223.34640502929688,253287
2024-09-12 14:50:00-04:00,223.33999633789062,223.3800048828125,222.16000366210938,222.88009643554688,222.88009643554688,546970
2024-09-12 14:55:00-04:00,222.89500427246094,223.3000030517578,222.75999450683594,223.19000244140625,223.19000244140625,539793
2024-09-12 15:00:00-04:00,223.17999267578125,223.27999877929688,222.99000549316406,223.10000610351562,223.10000610351562,246960
2024-09-12 15:05:00-04:00,223.10000610351562,223.4199981689453,223.10000610351562,223.40640258789062,223.40640258789062,260459
2024-09-12 15:10:00-04:00,223.40499877929688,223.5,223.214599609375,223.22000122070312,223.22000122070312,260670
2024-09-12 15:15:00-04:00,223.22000122070312,223.30499267578125,223.08999633789062,223.22000122070312,223.22000122070312,304531
2024-09-12 15:20:00-04:00,223.2100067138672,223.2100067138672,222.86000061035156,222.93389892578125,222.93389892578125,344673
2024-09-12 15:25:00-04:00,222.92999267578125,222.99000549316406,222.65499877929688,222.94000244140625,222.94000244140625,306795
2024-09-12 15:30:00-04:00,222.92999267578125,223.02999877929688,222.82000732421875,223.0,223.0,310761
2024-09-12 15:35:00-04:00,223.0,223.22000122070312,222.9250030517578,223.11000061035156,223.11000061035156,334371
2024-09-12 15:40:00-04:00,223.10000610351562,223.3489990234375,222.92999267578125,223.2550048828125,223.2550048828125,416053
2024-09-12 15:45:00-04:00,223.25,223.3000030517578,222.69000244140625,222.8249969482422,222.8249969482422,491718
2024-09-12 15:50:00-04:00,222.8000030517578,223.10000610351562,222.44000244140625,222.5800018310547,222.5800018310547,1272517
2024-09-12 15:55:00-04:00,222.55999755859375,222.91000366210938,222.5399932861328,222.8699951171875,222.8699951171875,2411037
2024-09-13 09:30:00-04:00,223.0,223.13999938964844,222.27999877929688,222.9199981689453,222.9199981689453,2719509
2024-09-13 09:35:00-04:00,222.94000244140625,222.97999572753906,222.33999633789062,222.42999267578125,222.42999267578125,814255
2024-09-13 09:40:00-04:00,222.43499755859375,222.8800048828125,222.36000061035156,222.5800018310547,222.5800018310547,556691
2024-09-13 09:45:00-04:00,222.47000122070312,222.61000061035156,222.3800048828125,222.5449981689453,222.5449981689453,537678
2024-09-13 09:50:00-04:00,222.5850067138672,223.1374053955078,222.5749969482422,222.8000030517578,222.8000030517578,877596
2024-09-13 09:55:00-04:00,222.89500427246094,223.13999938964844,222.52000427246094,222.52000427246094,222.52000427246094,616516
2024-09-13 10:00:00-04:00,222.5,223.1699981689453,222.19000244140625,223.14010620117188,223.14010620117188,797756
2024-09-13 10:05:00-04:00,223.15499877929688,223.38999938964844,223.05999755859375,223.3300018310547,223.3300018310547,486302
2024-09-13 10:10:00-04:00,223.3300018310547,223.38009643554688,222.91000366210938,223.0,223.0,542121
2024-09-13 10:15:00-04:00,223.11000061035156,223.125,222.57000732421875,222.69000244140625,222.69000244140625,438440
2024-09-13 10:20:00-04:00,222.6999969482422,223.0399932861328,222.63999938964844,223.0399932861328,223.0399932861328,487032
2024-09-13 10:25:00-04:00,223.00999450683594,223.08999633789062,222.36000061035156,222.3699951171875,222.3699951171875,714983
2024-09-13 10:30:00-04:00,222.35000610351562,222.39999389648438,221.91000366210938,222.3000030517578,222.3000030517578,501041
2024-09-13 10:35:00-04:00,222.08999633789062,222.35000610351562,222.08999633789062,222.33999633789062,222.33999633789062,338166
2024-09-13 10:40:00-04:00,222.35000610351562,222.75,222.30999755859375,222.7100067138672,222.7100067138672,407210
2024-09-13 10:45:00-04:00,222.69320678710938,223.05499267578125,222.69320678710938,223.0500030517578,223.0500030517578,404891
2024-09-13 10:50:00-04:00,223.05999755859375,223.08999633789062,222.67999267578125,222.98480224609375,222.98480224609375,352297
2024-09-13 10:55:00-04:00,222.97500610351562,223.1999053955078,222.94000244140625,223.16000366210938,223.16000366210938,306244
2024-09-13 11:00:00-04:00,223.17999267578125,223.42999267578125,223.14010620117188,223.39999389648438,223.39999389648438,398280
2024-09-13 11:05:00-04:00,223.4199981689453,223.75,223.38999938964844,223.55999755859375,223.55999755859375,673236
2024-09-13 11:10:00-04:00,223.5800018310547,223.72999572753906,223.52000427246094,223.59109497070312,223.59109497070312,312107
2024-09-13 11:15:00-04:00,223.59500122070312,223.6750030517578,223.3300018310547,223.35000610351562,223.35000610351562,292749
2024-09-13 11:20:00-04:00,223.35000610351562,223.6699981689453,223.22999572753906,223.32749938964844,223.32749938964844,276425
2024-09-13 11:25:00-04:00,223.35000610351562,223.58999633789062,223.3209991455078,223.5449981689453,223.5449981689453,230278
2024-09-13 11:30:00-04:00,223.5449981689453,223.69000244140625,223.4833984375,223.68499755859375,223.68499755859375,212038
2024-09-13 11:35:00-04:00,223.6999969482422,223.7100067138672,223.3426971435547,223.3699951171875,223.3699951171875,276657
2024-09-13 11:40:00-04:00,223.3800048828125,223.57000732421875,223.3350067138672,223.48399353027344,223.48399353027344,204116
2024-09-13 11:45:00-04:00,223.49000549316406,223.75,223.49000549316406,223.6999969482422,223.6999969482422,291148
2024-09-13 11:50:00-04:00,223.6999969482422,223.8000030517578,223.63999938964844,223.77000427246094,223.77000427246094,297178
2024-09-13 11:55:00-04:00,223.77999877929688,223.8489990234375,223.6800994873047,223.80999755859375,223.80999755859375,239598
2024-09-13 12:00:00-04:00,223.8000030517578,223.99000549316406,223.77000427246094,223.85110473632812,223.85110473632812,338565
2024-09-13 12:05:00-04:00,223.85000610351562,223.86000061035156,223.4199981689453,223.44500732421875,223.44500732421875,230522
2024-09-13 12:10:00-04:00,223.44000244140625,223.52000427246094,223.2449951171875,223.25999450683594,223.25999450683594,221631
2024-09-13 12:15:00-04:00,223.25999450683594,223.4600067138672,223.16140747070312,223.360107421875,223.360107421875,210753
2024-09-13 12:20:00-04:00,223.36000061035156,223.47000122070312,223.05499267578125,223.21499633789062,223.21499633789062,190250
2024-09-13 12:25:00-04:00,223.21499633789062,223.3300018310547,223.1999969482422,223.3101043701172,223.3101043701172,112889
2024-09-13 12:30:00-04:00,223.32000732421875,223.47000122070312,223.30999755859375,223.47000122070312,223.47000122070312,178358
2024-09-13 12:35:00-04:00,223.4600067138672,223.49989318847656,223.35499572753906,223.41000366210938,223.41000366210938,127518
2024-09-13 12:40:00-04:00,223.4199981689453,223.42999267578125,223.24000549316406,223.32000732421875,223.32000732421875,154009
2024-09-13 12:45:00-04:00,223.32000732421875,223.49000549316406,223.22000122070312,223.4550018310547,223.4550018310547,156694
2024-09-13 12:50:00-04:00,223.4600067138672,223.94500732421875,223.4499969482422,223.94000244140625,223.94000244140625,357937
2024-09-13 12:55:00-04:00,223.94000244140625,223.94000244140625,223.79989624023438,223.8800048828125,223.8800048828125,227363
2024-09-13 13:00:00-04:00,223.8800048828125,223.9600067138672,223.86000061035156,223.9199981689453,223.9199981689453,204474
2024-09-13 13:05:00-04:00,223.9250030517578,224.02999877929688,223.75,223.79989624023438,223.79989624023438,279468
2024-09-13 13:10:00-04:00,223.7899932861328,223.84170532226562,223.75999450683594,223.8000030517578,223.8000030517578,136672
2024-09-13 13:15:00-04:00,223.80999755859375,223.9600067138672,223.80999755859375,223.86000061035156,223.86000061035156,140761
2024-09-13 13:20:00-04:00,223.86000061035156,223.88999938964844,223.6199951171875,223.67129516601562,223.67129516601562,139783
2024-09-13 13:25:00-04:00,223.6750030517578,223.67999267578125,223.4199981689453,223.58380126953125,223.58380126953125,223797
2024-09-13 13:30:00-04:00,223.5800018310547,223.63999938964844,223.32000732421875,223.4600067138672,223.4600067138672,230939
2024-09-13 13:35:00-04:00,223.4499969482422,223.72000122070312,223.4010009765625,223.6999969482422,223.6999969482422,181134
2024-09-13 13:40:00-04:00,223.7100067138672,223.74000549316406,223.6300048828125,223.69000244140625,223.69000244140625,153150
2024-09-13 13:45:00-04:00,223.67999267578125,223.7100067138672,223.55999755859375,223.6699981689453,223.6699981689453,146589
2024-09-13 13:50:00-04:00,223.67999267578125,223.72000122070312,223.64999389648438,223.6999969482422,223.6999969482422,227615
2024-09-13 13:55:00-04:00,223.6999969482422,223.80599975585938,223.66000366210938,223.69000244140625,223.69000244140625,155852
2024-09-13 14:00:00-04:00,223.6999969482422,223.7467041015625,223.08999633789062,223.67999267578125,223.67999267578125,402758
2024-09-13 14:05:00-04:00,223.67999267578125,224.02000427246094,223.66000366210938,223.9499969482422,223.9499969482422,284319
2024-09-13 14:10:00-04:00,223.94000244140625,223.97999572753906,223.5399932861328,223.5500030517578,223.5500030517578,212516
2024-09-13 14:15:00-04:00,223.5399932861328,223.5800018310547,223.25999450683594,223.30999755859375,223.30999755859375,231365
2024-09-13 14:20:00-04:00,223.3000030517578,223.3699951171875,223.02999877929688,223.02999877929688,223.02999877929688,274319
2024-09-13 14:25:00-04:00,223.02999877929688,223.14759826660156,222.85000610351562,223.0,223.0,445037
2024-09-13 14:30:00-04:00,222.9949951171875,223.0500030517578,222.85000610351562,222.87049865722656,222.87049865722656,227065
2024-09-13 14:35:00-04:00,222.8800048828125,222.89999389648438,222.6999969482422,222.72999572753906,222.72999572753906,272615
2024-09-13 14:40:00-04:00,222.7301025390625,222.89999389648438,222.5500030517578,222.66000366210938,222.66000366210938,315462
2024-09-13 14:45:00-04:00,222.6551971435547,222.74000549316406,222.61000061035156,222.66000366210938,222.66000366210938,203928
2024-09-13 14:50:00-04:00,222.64999389648438,222.6999969482422,222.41000366210938,222.64999389648438,222.64999389648438,297917
2024-09-13 14:55:00-04:00,222.63999938964844,222.63999938964844,222.4499969482422,222.4700927734375,222.4700927734375,193544
2024-09-13 15:00:00-04:00,222.46499633789062,222.5399932861328,222.3800048828125,222.51499938964844,222.51499938964844,212651
2024-09-13 15:05:00-04:00,222.5189971923828,222.60719299316406,222.4199981689453,222.49000549316406,222.49000549316406,246993
2024-09-13 15:10:00-04:00,222.48989868164062,222.55999755859375,222.33120727539062,222.42579650878906,222.42579650878906,381447
2024-09-13 15:15:00-04:00,222.42019653320312,222.75,222.3800048828125,222.60000610351562,222.60000610351562,294385
2024-09-13 15:20:00-04:00,222.60499572753906,222.68499755859375,222.51499938964844,222.6699981689453,222.6699981689453,231014
2024-09-13 15:25:00-04:00,222.6649932861328,222.69000244140625,222.44000244140625,222.53399658203125,222.53399658203125,273720
2024-09-13 15:30:00-04:00,222.5399932861328,222.5780029296875,222.39010620117188,222.41000366210938,222.41000366210938,316716
2024-09-13 15:35:00-04:00,222.4199981689453,222.5500030517578,222.30999755859375,222.5,222.5,367240
2024-09-13 15:40:00-04:00,222.5050048828125,222.8000030517578,222.4600067138672,222.77000427246094,222.77000427246094,450176
2024-09-13 15:45:00-04:00,222.75999450683594,222.84300231933594,222.50030517578125,222.61000061035156,222.61000061035156,529138
2024-09-13 15:50:00-04:00,222.6199951171875,222.80999755859375,222.35000610351562,222.47000122070312,222.47000122070312,1021817
2024-09-13 15:55:00-04:00,222.47000122070312,222.6699981689453,222.3300018310547,222.4600067138672,222.4600067138672,1741180
2024-09-16 09:30:00-04:00,216.47000122070312,216.52000427246094,213.9199981689453,214.3699951171875,214.3699951171875,7649821
2024-09-16 09:35:00-04:00,214.33999633789062,215.0,214.08999633789062,214.80999755859375,214.80999755859375,2562004
2024-09-16 09:40:00-04:00,214.80999755859375,215.5,214.72999572753906,215.19000244140625,215.19000244140625,1630603
2024-09-16 09:45:00-04:00,215.08999633789062,215.5,214.77999877929688,215.5,215.5,1648940
2024-09-16 09:50:00-04:00,215.46499633789062,215.97000122070312,215.33999633789062,215.91000366210938,215.91000366210938,1047771
2024-09-16 09:55:00-04:00,215.94000244140625,216.00999450683594,215.16000366210938,215.19500732421875,215.19500732421875,1205351
2024-09-16 10:00:00-04:00,215.17999267578125,215.9499969482422,215.13999938964844,215.77499389648438,215.77499389648438,932420
2024-09-16 10:05:00-04:00,215.77499389648438,215.91400146484375,215.3300018310547,215.50999450683594,215.50999450683594,777455
2024-09-16 10:10:00-04:00,215.50999450683594,217.1999969482422,215.44000244140625,217.1649932861328,217.1649932861328,1609341
2024-09-16 10:15:00-04:00,217.16000366210938,217.1999969482422,216.66000366210938,216.8000030517578,216.8000030517578,942555
2024-09-16 10:20:00-04:00,216.80999755859375,216.83999633789062,216.22000122070312,216.48159790039062,216.48159790039062,814188
2024-09-16 10:25:00-04:00,216.4600067138672,216.7635955810547,216.25999450683594,216.66000366210938,216.66000366210938,569815
2024-09-16 10:30:00-04:00,216.64010620117188,216.9149932861328,216.1219940185547,216.1699981689453,216.1699981689453,747131
2024-09-16 10:35:00-04:00,216.1649932861328,216.60000610351562,215.91099548339844,216.0850067138672,216.0850067138672,790040
2024-09-16 10:40:00-04:00,216.0800018310547,216.09500122070312,215.63999938964844,215.7050018310547,215.7050018310547,669302
2024-09-16 10:45:00-04:00,215.71009826660156,215.71499633789062,215.02000427246094,215.50999450683594,215.50999450683594,940671
2024-09-16 10:50:00-04:00,215.51019287109375,215.85000610351562,215.22999572753906,215.36000061035156,215.36000061035156,594698
2024-09-16 10:55:00-04:00,215.36000061035156,215.55999755859375,215.21009826660156,215.3000030517578,215.3000030517578,522763
2024-09-16 11:00:00-04:00,215.2899932861328,215.3350067138672,214.83999633789062,215.08999633789062,215.08999633789062,886190
2024-09-16 11:05:00-04:00,215.11000061035156,215.63999938964844,215.0749969482422,215.44000244140625,215.44000244140625,728652
2024-09-16 11:10:00-04:00,215.4438934326172,215.94000244140625,215.25999450683594,215.75,215.75,614598
2024-09-16 11:15:00-04:00,215.69000244140625,216.07000732421875,215.55999755859375,216.05499267578125,216.05499267578125,544925
2024-09-16 11:20:00-04:00,216.05380249023438,216.39999389648438,215.85000610351562,216.39010620117188,216.39010620117188,593730
2024-09-16 11:25:00-04:00,216.39999389648438,216.5800018310547,216.13999938964844,216.55650329589844,216.55650329589844,529376
2024-09-16 11:30:00-04:00,216.5500030517578,216.5800018310547,216.36000061035156,216.4199981689453,216.4199981689453,435245
2024-09-16 11:35:00-04:00,216.41000366210938,216.4199981689453,215.85499572753906,216.06500244140625,216.06500244140625,615523
2024-09-16 11:40:00-04:00,216.0850067138672,216.0850067138672,215.5800018310547,215.5800018310547,215.5800018310547,334209
2024-09-16 11:45:00-04:00,215.5800018310547,215.71499633789062,215.5,215.66000366210938,215.66000366210938,367711
2024-09-16 11:50:00-04:00,215.6649932861328,216.12969970703125,215.5800018310547,216.11000061035156,216.11000061035156,324114
2024-09-16 11:55:00-04:00,216.11000061035156,216.14999389648438,215.83999633789062,215.9550018310547,215.9550018310547,310215
2024-09-16 12:00:00-04:00,215.97000122070312,216.02000427246094,215.7899932861328,215.82949829101562,215.82949829101562,293273
2024-09-16 12:05:00-04:00,215.82000732421875,216.0500030517578,215.7899932861328,215.92999267578125,215.92999267578125,295879
2024-09-16 12:10:00-04:00,215.9499969482422,216.0500030517578,215.39999389648438,215.47500610351562,215.47500610351562,375998
2024-09-16 12:15:00-04:00,215.47500610351562,215.49000549316406,214.97000122070312,215.1199951171875,215.1199951171875,671113
2024-09-16 12:20:00-04:00,215.1199951171875,215.25759887695312,214.91000366210938,215.22500610351562,215.22500610351562,484989
2024-09-16 12:25:00-04:00,215.22000122070312,215.47000122070312,215.22000122070312,215.39999389648438,215.39999389648438,344252
2024-09-16 12:30:00-04:00,215.38999938964844,215.4499969482422,214.92010498046875,215.11000061035156,215.11000061035156,423239
2024-09-16 12:35:00-04:00,215.10499572753906,215.35000610351562,215.0,215.25,215.25,339692
2024-09-16 12:40:00-04:00,215.2449951171875,215.27000427246094,215.0399932861328,215.1656036376953,215.1656036376953,271246
2024-09-16 12:45:00-04:00,215.16000366210938,215.33999633789062,215.1199951171875,215.2899932861328,215.2899932861328,318644
2024-09-16 12:50:00-04:00,215.28880310058594,215.60000610351562,215.25999450683594,215.53900146484375,215.53900146484375,352344
2024-09-16 12:55:00-04:00,215.52999877929688,215.7100067138672,215.50999450683594,215.58999633789062,215.58999633789062,297299
2024-09-16 13:00:00-04:00,215.58560180664062,215.7100067138672,215.52000427246094,215.58999633789062,215.58999633789062,258614
2024-09-16 13:05:00-04:00,215.58999633789062,215.85940551757812,215.5800018310547,215.72999572753906,215.72999572753906,304436
2024-09-16 13:10:00-04:00,215.72999572753906,215.82000732421875,215.6300048828125,215.72000122070312,215.72000122070312,263350
2024-09-16 13:15:00-04:00,215.74000549316406,215.83999633789062,215.61019897460938,215.80999755859375,215.80999755859375,287240
2024-09-16 13:20:00-04:00,215.8000030517578,215.97000122070312,215.60000610351562,215.9503936767578,215.9503936767578,278112
2024-09-16 13:25:00-04:00,215.9499969482422,215.97999572753906,215.68980407714844,215.96499633789062,215.96499633789062,353926
2024-09-16 13:30:00-04:00,215.9600067138672,216.0196075439453,215.77000427246094,215.8699951171875,215.8699951171875,290457
2024-09-16 13:35:00-04:00,215.86000061035156,216.05990600585938,215.75,215.875,215.875,383235
2024-09-16 13:40:00-04:00,215.87860107421875,216.14999389648438,215.75,216.05999755859375,216.05999755859375,384320
2024-09-16 13:45:00-04:00,216.10000610351562,216.3498992919922,216.08999633789062,216.24000549316406,216.24000549316406,278297
2024-09-16 13:50:00-04:00,216.22999572753906,216.39999389648438,216.17999267578125,216.1999969482422,216.1999969482422,255109
2024-09-16 13:55:00-04:00,216.19000244140625,216.24000549316406,216.0800018310547,216.22000122070312,216.22000122070312,357110
2024-09-16 14:00:00-04:00,216.21499633789062,216.24000549316406,216.1699981689453,216.17999267578125,216.17999267578125,261554
2024-09-16 14:05:00-04:00,216.17999267578125,216.33999633789062,216.11000061035156,216.33169555664062,216.33169555664062,323813
2024-09-16 14:10:00-04:00,216.33009338378906,216.49000549316406,216.24879455566406,216.27000427246094,216.27000427246094,316017
2024-09-16 14:15:00-04:00,216.26499938964844,216.39999389648438,216.22000122070312,216.2655029296875,216.2655029296875,232558
2024-09-16 14:20:00-04:00,216.27000427246094,216.52000427246094,216.25999450683594,216.4250030517578,216.4250030517578,280168
2024-09-16 14:25:00-04:00,216.4250030517578,216.50390625,216.2899932861328,216.42999267578125,216.42999267578125,244252
2024-09-16 14:30:00-04:00,216.4250030517578,216.44000244140625,216.3000030517578,216.31500244140625,216.31500244140625,246125
2024-09-16 14:35:00-04:00,216.30999755859375,216.44200134277344,216.30999755859375,216.39500427246094,216.39500427246094,236489
2024-09-16 14:40:00-04:00,216.39999389648438,216.4499969482422,216.281005859375,216.30999755859375,216.30999755859375,351536
2024-09-16 14:45:00-04:00,216.32000732421875,216.33999633789062,216.10000610351562,216.27499389648438,216.27499389648438,418221
2024-09-16 14:50:00-04:00,216.27000427246094,216.3699951171875,216.11000061035156,216.1199951171875,216.1199951171875,286104
2024-09-16 14:55:00-04:00,216.1199951171875,216.44979858398438,215.97999572753906,216.39999389648438,216.39999389648438,403600
2024-09-16 15:00:00-04:00,216.40499877929688,216.4499969482422,216.1649932861328,216.3300018310547,216.3300018310547,288090
2024-09-16 15:05:00-04:00,216.3300018310547,216.41000366210938,216.25,216.30999755859375,216.30999755859375,353326
2024-09-16 15:10:00-04:00,216.32000732421875,216.466796875,216.1300048828125,216.1602020263672,216.1602020263672,393716
2024-09-16 15:15:00-04:00,216.16000366210938,216.18690490722656,215.9199981689453,216.02499389648438,216.02499389648438,470333
2024-09-16 15:20:00-04:00,216.02499389648438,216.12989807128906,215.9199981689453,216.09500122070312,216.09500122070312,327044
2024-09-16 15:25:00-04:00,216.11000061035156,216.2899932861328,216.11000061035156,216.22500610351562,216.22500610351562,369583
2024-09-16 15:30:00-04:00,216.22500610351562,216.47999572753906,216.22000122070312,216.47999572753906,216.47999572753906,452829
2024-09-16 15:35:00-04:00,216.47999572753906,216.6999969482422,216.38999938964844,216.6199951171875,216.6199951171875,703643
2024-09-16 15:40:00-04:00,216.6300048828125,216.6999969482422,216.47999572753906,216.52499389648438,216.52499389648438,557336
2024-09-16 15:45:00-04:00,216.52999877929688,216.57000732421875,216.3699951171875,216.46499633789062,216.46499633789062,503883
2024-09-16 15:50:00-04:00,216.4600067138672,216.60000610351562,216.17999267578125,216.4987030029297,216.4987030029297,1028150
2024-09-16 15:55:00-04:00,216.49000549316406,216.60000610351562,216.19000244140625,216.3000030517578,216.3000030517578,1986383
2024-09-17 09:30:00-04:00,215.5,215.6699981689453,214.5449981689453,214.7198944091797,214.7198944091797,3234477
2024-09-17 09:35:00-04:00,214.75999450683594,215.77000427246094,214.5,215.57000732421875,215.57000732421875,1233781
2024-09-17 09:40:00-04:00,215.39999389648438,216.2899932861328,215.3699951171875,216.0749969482422,216.0749969482422,1229047
2024-09-17 09:45:00-04:00,216.05999755859375,216.55999755859375,215.88999938964844,216.03199768066406,216.03199768066406,910502
2024-09-17 09:50:00-04:00,216.0413055419922,216.25,215.6199951171875,215.66000366210938,215.66000366210938,690532
2024-09-17 09:55:00-04:00,215.6699981689453,216.22000122070312,215.5500030517578,216.22000122070312,216.22000122070312,704121
2024-09-17 10:00:00-04:00,216.24000549316406,216.4499053955078,216.02999877929688,216.38999938964844,216.38999938964844,606792
2024-09-17 10:05:00-04:00,216.35000610351562,216.35009765625,215.8800048828125,216.02999877929688,216.02999877929688,663342
2024-09-17 10:10:00-04:00,216.00999450683594,216.22999572753906,215.72000122070312,215.9799041748047,215.9799041748047,680469
2024-09-17 10:15:00-04:00,215.9499969482422,216.1300048828125,215.6199951171875,216.1300048828125,216.1300048828125,523079
2024-09-17 10:20:00-04:00,216.1199951171875,216.1300048828125,215.8000030517578,215.9499969482422,215.9499969482422,430913
2024-09-17 10:25:00-04:00,215.9499969482422,216.52999877929688,215.9499969482422,216.4199981689453,216.4199981689453,630447
2024-09-17 10:30:00-04:00,216.39999389648438,216.6999969482422,216.10000610351562,216.37989807128906,216.37989807128906,649869
2024-09-17 10:35:00-04:00,216.1999969482422,216.4949951171875,216.0,216.4199981689453,216.4199981689453,521619
2024-09-17 10:40:00-04:00,216.47000122070312,216.66000366210938,216.45010375976562,216.47000122070312,216.47000122070312,394096
2024-09-17 10:45:00-04:00,216.6374969482422,216.88999938964844,216.5802001953125,216.87399291992188,216.87399291992188,569202
2024-09-17 10:50:00-04:00,216.8800048828125,216.89999389648438,216.4600067138672,216.5800018310547,216.5800018310547,435863
2024-09-17 10:55:00-04:00,216.56500244140625,216.64999389648438,215.88999938964844,216.12989807128906,216.12989807128906,570206
2024-09-17 11:00:00-04:00,216.10499572753906,216.3000030517578,215.9600067138672,216.0850067138672,216.0850067138672,431866
2024-09-17 11:05:00-04:00,216.0850067138672,216.25999450683594,216.08009338378906,216.17999267578125,216.17999267578125,267895
2024-09-17 11:10:00-04:00,216.17999267578125,216.36000061035156,216.02000427246094,216.2899932861328,216.2899932861328,342294
2024-09-17 11:15:00-04:00,216.2949981689453,216.46499633789062,216.2949981689453,216.3800048828125,216.3800048828125,300437
2024-09-17 11:20:00-04:00,216.38999938964844,216.38999938964844,216.02999877929688,216.26499938964844,216.26499938964844,325741
2024-09-17 11:25:00-04:00,216.26499938964844,216.3000030517578,216.0500030517578,216.2050018310547,216.2050018310547,277531
2024-09-17 11:30:00-04:00,216.2100067138672,216.3271942138672,216.16000366210938,216.25,216.25,238211
2024-09-17 11:35:00-04:00,216.25999450683594,216.31719970703125,216.15249633789062,216.2550048828125,216.2550048828125,267996
2024-09-17 11:40:00-04:00,216.25979614257812,216.4199981689453,216.11000061035156,216.37989807128906,216.37989807128906,430127
2024-09-17 11:45:00-04:00,216.36500549316406,216.83999633789062,216.36500549316406,216.60000610351562,216.60000610351562,635173
2024-09-17 11:50:00-04:00,216.6284942626953,216.74000549316406,216.55999755859375,216.61000061035156,216.61000061035156,257939
2024-09-17 11:55:00-04:00,216.60499572753906,216.63999938964844,216.4199981689453,216.59010314941406,216.59010314941406,321863
2024-09-17 12:00:00-04:00,216.60000610351562,216.6300048828125,216.27999877929688,216.3350067138672,216.3350067138672,328153
2024-09-17 12:05:00-04:00,216.36000061035156,216.5800018310547,216.33999633789062,216.3800048828125,216.3800048828125,243965
2024-09-17 12:10:00-04:00,216.35499572753906,216.4499969482422,216.08999633789062,216.2700958251953,216.2700958251953,366363
2024-09-17 12:15:00-04:00,216.27000427246094,216.27499389648438,216.0,216.0399932861328,216.0399932861328,381897
2024-09-17 12:20:00-04:00,216.0399932861328,216.11000061035156,215.5800018310547,215.75,215.75,661304
2024-09-17 12:25:00-04:00,215.75999450683594,215.97000122070312,215.50999450683594,215.75999450683594,215.75999450683594,430378
2024-09-17 12:30:00-04:00,215.77000427246094,215.9499969482422,215.5,215.9149932861328,215.9149932861328,439712
2024-09-17 12:35:00-04:00,215.9219970703125,216.1750030517578,215.91000366210938,216.12269592285156,216.12269592285156,351203
2024-09-17 12:40:00-04:00,216.1300048828125,216.22999572753906,215.92999267578125,216.00999450683594,216.00999450683594,336407
2024-09-17 12:45:00-04:00,215.99710083007812,216.08999633789062,215.33999633789062,215.4199981689453,215.4199981689453,519860
2024-09-17 12:50:00-04:00,215.39999389648438,215.67019653320312,215.22999572753906,215.57000732421875,215.57000732421875,545576
2024-09-17 12:55:00-04:00,215.55999755859375,216.08990478515625,215.5399932861328,215.7949981689453,215.7949981689453,358036
2024-09-17 13:00:00-04:00,215.80999755859375,216.05999755859375,215.80999755859375,215.9199981689453,215.9199981689453,356889
2024-09-17 13:05:00-04:00,215.92999267578125,216.11000061035156,215.9149932861328,216.00999450683594,216.00999450683594,205647
2024-09-17 13:10:00-04:00,216.00999450683594,216.07000732421875,215.6300048828125,215.97999572753906,215.97999572753906,286674
2024-09-17 13:15:00-04:00,215.99000549316406,216.07139587402344,215.7801971435547,215.89419555664062,215.89419555664062,267041
2024-09-17 13:20:00-04:00,215.89500427246094,216.13999938964844,215.8699951171875,216.0500030517578,216.0500030517578,1042396
2024-09-17 13:25:00-04:00,216.0500030517578,216.21499633789062,216.00999450683594,216.1699981689453,216.1699981689453,219912
2024-09-17 13:30:00-04:00,216.16000366210938,216.38999938964844,215.82000732421875,215.86000061035156,215.86000061035156,267446
2024-09-17 13:35:00-04:00,215.85499572753906,215.9250030517578,215.77000427246094,215.77999877929688,215.77999877929688,169741
2024-09-17 13:40:00-04:00,215.7884979248047,215.79800415039062,215.2899932861328,215.3800048828125,215.3800048828125,348195
2024-09-17 13:45:00-04:00,215.36000061035156,215.67999267578125,215.05999755859375,215.67559814453125,215.67559814453125,354266
2024-09-17 13:50:00-04:00,215.64999389648438,216.0800018310547,215.61000061035156,216.06390380859375,216.06390380859375,382554
2024-09-17 13:55:00-04:00,216.05999755859375,216.16000366210938,215.99989318847656,216.13009643554688,216.13009643554688,232996
2024-09-17 14:00:00-04:00,216.13999938964844,216.24339294433594,216.05999755859375,216.21929931640625,216.21929931640625,208145
2024-09-17 14:05:00-04:00,216.22999572753906,216.3800048828125,216.16000366210938,216.27389526367188,216.27389526367188,295081
2024-09-17 14:10:00-04:00,216.27000427246094,216.38999938964844,216.05999755859375,216.1320037841797,216.1320037841797,208946
2024-09-17 14:15:00-04:00,216.13999938964844,216.2501983642578,216.05999755859375,216.06500244140625,216.06500244140625,183195
2024-09-17 14:20:00-04:00,216.05999755859375,216.30999755859375,215.92999267578125,216.27000427246094,216.27000427246094,366687
2024-09-17 14:25:00-04:00,216.25999450683594,216.3249969482422,215.89999389648438,216.14999389648438,216.14999389648438,187344
2024-09-17 14:30:00-04:00,216.13999938964844,216.16099548339844,215.99009704589844,216.12339782714844,216.12339782714844,184742
2024-09-17 14:35:00-04:00,216.1199951171875,216.1300048828125,215.86000061035156,215.9705047607422,215.9705047607422,263051
2024-09-17 14:40:00-04:00,215.97000122070312,216.02999877929688,215.88999938964844,215.9459991455078,215.9459991455078,287489
2024-09-17 14:45:00-04:00,215.94000244140625,216.00999450683594,215.3000030517578,215.6300048828125,215.6300048828125,406145
2024-09-17 14:50:00-04:00,215.63999938964844,215.72999572753906,215.5,215.71600341796875,215.71600341796875,252152
2024-09-17 14:55:00-04:00,215.71009826660156,215.89999389648438,215.66360473632812,215.83999633789062,215.83999633789062,220864
2024-09-17 15:00:00-04:00,215.82260131835938,216.0399932861328,215.7899932861328,215.7899932861328,215.7899932861328,294119
2024-09-17 15:05:00-04:00,215.7899932861328,216.04989624023438,215.7200927734375,216.01019287109375,216.01019287109375,283389
2024-09-17 15:10:00-04:00,216.00120544433594,216.24600219726562,215.97000122070312,216.23500061035156,216.23500061035156,346785
2024-09-17 15:15:00-04:00,216.22999572753906,216.3699951171875,216.1300048828125,216.36000061035156,216.36000061035156,413931
2024-09-17 15:20:00-04:00,216.36000061035156,216.39419555664062,216.14999389648438,216.16000366210938,216.16000366210938,481649
2024-09-17 15:25:00-04:00,216.19000244140625,216.6199951171875,216.1595001220703,216.61000061035156,216.61000061035156,493833
2024-09-17 15:30:00-04:00,216.60000610351562,216.74000549316406,216.3300018310547,216.47000122070312,216.47000122070312,503792
2024-09-17 15:35:00-04:00,216.47999572753906,216.5,216.17999267578125,216.4199981689453,216.4199981689453,492778
2024-09-17 15:40:00-04:00,216.4199981689453,216.5050048828125,216.1699981689453,216.4250030517578,216.4250030517578,430762
2024-09-17 15:45:00-04:00,216.4199981689453,216.50999450683594,216.30999755859375,216.42999267578125,216.42999267578125,637662
2024-09-17 15:50:00-04:00,216.42999267578125,216.74000549316406,216.30999755859375,216.6199951171875,216.6199951171875,1171748
2024-09-17 15:55:00-04:00,216.61000061035156,216.85000610351562,216.4600067138672,216.85000610351562,216.85000610351562,1496785
2024-09-18 09:30:00-04:00,218.25,219.16000366210938,218.1721954345703,218.50999450683594,218.50999450683594,2867859
2024-09-18 09:35:00-04:00,218.5050048828125,219.5299072265625,218.38499450683594,218.99000549316406,218.99000549316406,1488947
2024-09-18 09:40:00-04:00,219.25,219.44000244140625,218.99000549316406,219.07000732421875,219.07000732421875,872158
2024-09-18 09:45:00-04:00,219.05999755859375,219.1699981689453,218.63999938964844,218.79429626464844,218.79429626464844,717736
2024-09-18 09:50:00-04:00,218.78500366210938,219.39500427246094,218.4600067138672,219.1999969482422,219.1999969482422,848006
2024-09-18 09:55:00-04:00,219.17999267578125,219.39999389648438,218.9149932861328,219.1999969482422,219.1999969482422,563386
2024-09-18 10:00:00-04:00,219.2100067138672,219.4250030517578,218.97999572753906,219.39500427246094,219.39500427246094,585807
2024-09-18 10:05:00-04:00,219.38999938964844,219.8000030517578,219.29010009765625,219.63999938964844,219.63999938964844,831026
2024-09-18 10:10:00-04:00,219.60000610351562,219.9499969482422,219.1804962158203,219.91000366210938,219.91000366210938,730329
2024-09-18 10:15:00-04:00,219.9199981689453,219.99000549316406,219.44000244140625,219.67999267578125,219.67999267578125,636855
2024-09-18 10:20:00-04:00,219.69009399414062,219.78939819335938,219.21499633789062,219.72000122070312,219.72000122070312,526776
2024-09-18 10:25:00-04:00,219.6999969482422,220.73500061035156,219.6300048828125,220.73500061035156,220.73500061035156,1050885
2024-09-18 10:30:00-04:00,220.7301025390625,220.8699951171875,220.4600067138672,220.67999267578125,220.67999267578125,858875
2024-09-18 10:35:00-04:00,220.6999969482422,221.25,220.6999969482422,221.2449951171875,221.2449951171875,959657
2024-09-18 10:40:00-04:00,221.24000549316406,221.61000061035156,221.11000061035156,221.5399932861328,221.5399932861328,922478
2024-09-18 10:45:00-04:00,221.53500366210938,221.55999755859375,221.05999755859375,221.24989318847656,221.24989318847656,774656
2024-09-18 10:50:00-04:00,221.23500061035156,221.41000366210938,221.00999450683594,221.32000732421875,221.32000732421875,699917
2024-09-18 10:55:00-04:00,221.31500244140625,221.56939697265625,220.86000061035156,220.92999267578125,220.92999267578125,759207
2024-09-18 11:00:00-04:00,220.93499755859375,221.24000549316406,220.86000061035156,221.24000549316406,221.24000549316406,595419
2024-09-18 11:05:00-04:00,221.24740600585938,221.39990234375,221.14999389648438,221.17999267578125,221.17999267578125,587198
2024-09-18 11:10:00-04:00,221.1750030517578,221.1750030517578,220.72000122070312,220.91000366210938,220.91000366210938,504140
2024-09-18 11:15:00-04:00,220.9199981689453,220.94500732421875,220.63999938964844,220.6999969482422,220.6999969482422,348226
2024-09-18 11:20:00-04:00,220.6999969482422,220.6999969482422,220.25100708007812,220.3800048828125,220.3800048828125,663915
2024-09-18 11:25:00-04:00,220.39999389648438,220.74000549316406,220.30799865722656,220.6300048828125,220.6300048828125,482857
2024-09-18 11:30:00-04:00,220.63999938964844,220.65499877929688,220.02999877929688,220.07009887695312,220.07009887695312,517341
2024-09-18 11:35:00-04:00,220.07000732421875,220.17999267578125,219.89999389648438,220.00140380859375,220.00140380859375,570382
2024-09-18 11:40:00-04:00,219.99000549316406,220.02000427246094,219.75999450683594,219.83999633789062,219.83999633789062,405320
2024-09-18 11:45:00-04:00,219.85000610351562,219.9600067138672,219.7050018310547,219.7736053466797,219.7736053466797,439361
2024-09-18 11:50:00-04:00,219.77999877929688,219.91000366210938,219.55999755859375,219.8159942626953,219.8159942626953,379828
2024-09-18 11:55:00-04:00,219.82899475097656,220.0885009765625,219.52000427246094,219.6114959716797,219.6114959716797,403998
2024-09-18 12:00:00-04:00,219.61000061035156,219.92970275878906,219.5500030517578,219.6999969482422,219.6999969482422,251195
2024-09-18 12:05:00-04:00,219.7071075439453,219.9949951171875,219.68499755859375,219.97000122070312,219.97000122070312,261050
2024-09-18 12:10:00-04:00,219.97500610351562,220.3800048828125,219.97000122070312,220.32000732421875,220.32000732421875,393481
2024-09-18 12:15:00-04:00,220.32159423828125,220.55499267578125,220.32159423828125,220.35000610351562,220.35000610351562,359905
2024-09-18 12:20:00-04:00,220.34500122070312,220.6999969482422,220.34500122070312,220.6300048828125,220.6300048828125,368727
2024-09-18 12:25:00-04:00,220.6300048828125,220.86990356445312,220.61000061035156,220.80999755859375,220.80999755859375,379855
2024-09-18 12:30:00-04:00,220.8000030517578,220.8800048828125,220.6999969482422,220.77000427246094,220.77000427246094,232681
2024-09-18 12:35:00-04:00,220.77000427246094,221.0,220.72999572753906,220.89999389648438,220.89999389648438,244930
2024-09-18 12:40:00-04:00,220.9040985107422,220.9199981689453,220.25999450683594,220.8000030517578,220.8000030517578,650258
2024-09-18 12:45:00-04:00,220.7949981689453,221.1199951171875,220.72999572753906,221.0399932861328,221.0399932861328,390468
2024-09-18 12:50:00-04:00,221.0500030517578,221.27000427246094,221.00999450683594,221.11000061035156,221.11000061035156,407429
2024-09-18 12:55:00-04:00,221.08999633789062,221.35000610351562,221.07000732421875,221.28500366210938,221.28500366210938,369454
2024-09-18 13:00:00-04:00,221.28500366210938,221.33999633789062,221.05499267578125,221.12950134277344,221.12950134277344,428872
2024-09-18 13:05:00-04:00,221.125,221.14500427246094,220.8800048828125,221.00999450683594,221.00999450683594,353931
2024-09-18 13:10:00-04:00,221.0050048828125,221.0800018310547,220.9499969482422,221.00999450683594,221.00999450683594,269708
2024-09-18 13:15:00-04:00,221.02000427246094,221.25999450683594,220.90089416503906,221.2449951171875,221.2449951171875,252695
2024-09-18 13:20:00-04:00,221.25,221.32000732421875,221.0601043701172,221.0998992919922,221.0998992919922,284090
2024-09-18 13:25:00-04:00,221.10000610351562,221.22000122070312,221.02999877929688,221.21009826660156,221.21009826660156,778693
2024-09-18 13:30:00-04:00,221.22000122070312,221.52000427246094,221.22000122070312,221.2779998779297,221.2779998779297,415166
2024-09-18 13:35:00-04:00,221.2899932861328,221.3800048828125,220.8300018310547,220.84500122070312,220.84500122070312,330437
2024-09-18 13:40:00-04:00,220.85000610351562,220.88999938964844,220.66000366210938,220.88999938964844,220.88999938964844,343547
2024-09-18 13:45:00-04:00,220.89999389648438,220.9687042236328,220.5399932861328,220.57000732421875,220.57000732421875,354997
2024-09-18 13:50:00-04:00,220.57989501953125,220.74000549316406,220.3699951171875,220.6999969482422,220.6999969482422,336654
2024-09-18 13:55:00-04:00,220.69000244140625,220.9499969482422,220.6199951171875,220.6815948486328,220.6815948486328,313969
2024-09-18 14:00:00-04:00,220.6300048828125,222.6999969482422,219.92999267578125,221.3000030517578,221.3000030517578,1764847
2024-09-18 14:05:00-04:00,221.25999450683594,221.5,220.52000427246094,220.95989990234375,220.95989990234375,840088
2024-09-18 14:10:00-04:00,220.91470336914062,221.3000030517578,220.3000030517578,221.08999633789062,221.08999633789062,852678
2024-09-18 14:15:00-04:00,221.17999267578125,222.0,221.0399932861328,221.8699951171875,221.8699951171875,745773
2024-09-18 14:20:00-04:00,221.82000732421875,222.22999572753906,221.5800018310547,221.63999938964844,221.63999938964844,569809
2024-09-18 14:25:00-04:00,221.64999389648438,221.72000122070312,220.97000122070312,221.4073028564453,221.4073028564453,549144
2024-09-18 14:30:00-04:00,221.4958953857422,221.85000610351562,221.22999572753906,221.67999267578125,221.67999267578125,492001
2024-09-18 14:35:00-04:00,221.68499755859375,221.80999755859375,220.2100067138672,220.2899932861328,220.2899932861328,758431
2024-09-18 14:40:00-04:00,220.3249969482422,220.5399932861328,219.83999633789062,220.31500244140625,220.31500244140625,638050
2024-09-18 14:45:00-04:00,220.25,221.25,220.1999969482422,220.91000366210938,220.91000366210938,554193
2024-09-18 14:50:00-04:00,220.87820434570312,221.2198944091797,220.61000061035156,220.75999450683594,220.75999450683594,413643
2024-09-18 14:55:00-04:00,220.72000122070312,220.9759063720703,220.0500030517578,220.0500946044922,220.0500946044922,459388
2024-09-18 15:00:00-04:00,220.04800415039062,220.08999633789062,219.35000610351562,219.6385040283203,219.6385040283203,667827
2024-09-18 15:05:00-04:00,219.60000610351562,219.60000610351562,218.92999267578125,219.17999267578125,219.17999267578125,846180
2024-09-18 15:10:00-04:00,219.20199584960938,220.50689697265625,219.0,220.39999389648438,220.39999389648438,680488
2024-09-18 15:15:00-04:00,220.35000610351562,220.47999572753906,220.0500030517578,220.4499969482422,220.4499969482422,407383
2024-09-18 15:20:00-04:00,220.49000549316406,220.6300048828125,219.4499969482422,220.5850067138672,220.5850067138672,602111
2024-09-18 15:25:00-04:00,220.57000732421875,221.77000427246094,220.47999572753906,221.5,221.5,789433
2024-09-18 15:30:00-04:00,221.5399932861328,221.77000427246094,220.88999938964844,221.24000549316406,221.24000549316406,585940
2024-09-18 15:35:00-04:00,221.22500610351562,221.80999755859375,220.91000366210938,221.33999633789062,221.33999633789062,658133
2024-09-18 15:40:00-04:00,221.35000610351562,221.5500030517578,220.75,220.8000030517578,220.8000030517578,665641
2024-09-18 15:45:00-04:00,220.82000732421875,220.85000610351562,219.8800048828125,220.3000030517578,220.3000030517578,924891
2024-09-18 15:50:00-04:00,220.27999877929688,220.74000549316406,219.99000549316406,220.50999450683594,220.50999450683594,1006406
2024-09-18 15:55:00-04:00,220.52000427246094,221.0500030517578,220.52000427246094,220.69000244140625,220.69000244140625,2406695
2024-09-19 09:30:00-04:00,225.0,226.08999633789062,224.63999938964844,225.9499969482422,225.9499969482422,3919397
2024-09-19 09:35:00-04:00,225.9499969482422,226.66990661621094,225.39999389648438,226.41000366210938,226.41000366210938,1647815
2024-09-19 09:40:00-04:00,226.7899932861328,226.86000061035156,226.47000122070312,226.80999755859375,226.80999755859375,1442663
2024-09-19 09:45:00-04:00,227.21499633789062,227.22000122070312,226.8300018310547,227.0,227.0,1681375
2024-09-19 09:50:00-04:00,227.0,227.11000061035156,226.69000244140625,227.0399932861328,227.0399932861328,1262771
2024-09-19 09:55:00-04:00,227.21499633789062,227.4199981689453,226.9600067138672,227.30999755859375,227.30999755859375,1135676
2024-09-19 10:00:00-04:00,227.2899932861328,228.19000244140625,227.25,228.1300048828125,228.1300048828125,1445953
2024-09-19 10:05:00-04:00,228.14999389648438,228.44000244140625,227.94000244140625,228.1300048828125,228.1300048828125,1142615
2024-09-19 10:10:00-04:00,228.25999450683594,228.72999572753906,228.1699981689453,228.7100067138672,228.7100067138672,1224490
2024-09-19 10:15:00-04:00,228.61000061035156,228.77999877929688,228.4499969482422,228.4499969482422,228.4499969482422,948236
2024-09-19 10:20:00-04:00,228.4600067138672,229.0449981689453,228.42999267578125,229.0449981689453,229.0449981689453,1249657
2024-09-19 10:25:00-04:00,229.06500244140625,229.60000610351562,229.00999450683594,229.4949951171875,229.4949951171875,1139860
2024-09-19 10:30:00-04:00,229.58999633789062,229.74000549316406,229.44000244140625,229.52000427246094,229.52000427246094,930820
2024-09-19 10:35:00-04:00,229.30999755859375,229.4499969482422,229.10000610351562,229.24000549316406,229.24000549316406,975157
2024-09-19 10:40:00-04:00,229.1300048828125,229.1300048828125,228.72999572753906,228.9600067138672,228.9600067138672,809652
2024-09-19 10:45:00-04:00,228.77000427246094,228.82000732421875,228.52999877929688,228.82000732421875,228.82000732421875,700223
2024-09-19 10:50:00-04:00,228.81500244140625,228.88999938964844,228.36000061035156,228.36000061035156,228.36000061035156,569220
2024-09-19 10:55:00-04:00,228.36000061035156,228.46499633789062,227.76010131835938,227.94020080566406,227.94020080566406,804779
2024-09-19 11:00:00-04:00,227.94000244140625,228.01649475097656,227.75,227.9250030517578,227.9250030517578,675267
2024-09-19 11:05:00-04:00,227.9250030517578,228.3350067138672,227.66000366210938,227.98410034179688,227.98410034179688,868134
2024-09-19 11:10:00-04:00,227.97000122070312,228.4199981689453,227.9499969482422,228.23500061035156,228.23500061035156,527744
2024-09-19 11:15:00-04:00,228.22500610351562,228.48899841308594,228.02130126953125,228.4698944091797,228.4698944091797,657564
2024-09-19 11:20:00-04:00,228.47000122070312,228.69000244140625,228.42999267578125,228.64999389648438,228.64999389648438,462410
2024-09-19 11:25:00-04:00,228.6490020751953,228.75,228.27999877929688,228.49000549316406,228.49000549316406,865358
2024-09-19 11:30:00-04:00,228.48460388183594,228.69000244140625,228.0,228.20010375976562,228.20010375976562,557356
2024-09-19 11:35:00-04:00,228.2100067138672,228.75,228.1999969482422,228.71539306640625,228.71539306640625,1350125
2024-09-19 11:40:00-04:00,228.72000122070312,228.74000549316406,228.4550018310547,228.52000427246094,228.52000427246094,394323
2024-09-19 11:45:00-04:00,228.49000549316406,228.86990356445312,228.47999572753906,228.70989990234375,228.70989990234375,339461
2024-09-19 11:50:00-04:00,228.6999969482422,228.73500061035156,228.1699981689453,228.47999572753906,228.47999572753906,403681
2024-09-19 11:55:00-04:00,228.47500610351562,228.60000610351562,228.27999877929688,228.3699951171875,228.3699951171875,266629
2024-09-19 12:00:00-04:00,228.3699951171875,228.92990112304688,228.27999877929688,228.8780059814453,228.8780059814453,362462
2024-09-19 12:05:00-04:00,228.8800048828125,229.0,228.75999450683594,228.97500610351562,228.97500610351562,298509
2024-09-19 12:10:00-04:00,228.97000122070312,229.05499267578125,228.67010498046875,228.72999572753906,228.72999572753906,360064
2024-09-19 12:15:00-04:00,228.72500610351562,229.13999938964844,228.55999755859375,229.02000427246094,229.02000427246094,563406
2024-09-19 12:20:00-04:00,229.02999877929688,229.17999267578125,228.83999633789062,229.0,229.0,471125
2024-09-19 12:25:00-04:00,228.99000549316406,229.05999755859375,228.9199981689453,228.9949951171875,228.9949951171875,362453
2024-09-19 12:30:00-04:00,228.99000549316406,229.14500427246094,228.7899932861328,228.9626007080078,228.9626007080078,336603
2024-09-19 12:35:00-04:00,228.95840454101562,229.08999633789062,228.92999267578125,229.03500366210938,229.03500366210938,266945
2024-09-19 12:40:00-04:00,229.03500366210938,229.1699981689453,228.91000366210938,229.0500030517578,229.0500030517578,479262
2024-09-19 12:45:00-04:00,229.04010009765625,229.25,229.02000427246094,229.18499755859375,229.18499755859375,269052
2024-09-19 12:50:00-04:00,229.17999267578125,229.3000030517578,229.1199951171875,229.29969787597656,229.29969787597656,380573
2024-09-19 12:55:00-04:00,229.29209899902344,229.3300018310547,229.07000732421875,229.17999267578125,229.17999267578125,336713
2024-09-19 13:00:00-04:00,229.17999267578125,229.25,229.08999633789062,229.17340087890625,229.17340087890625,308855
2024-09-19 13:05:00-04:00,229.16859436035156,229.23500061035156,229.08999633789062,229.22000122070312,229.22000122070312,310230
2024-09-19 13:10:00-04:00,229.21499633789062,229.21499633789062,228.72079467773438,228.97000122070312,228.97000122070312,271072
2024-09-19 13:15:00-04:00,228.97000122070312,229.14999389648438,228.8699951171875,229.09500122070312,229.09500122070312,707396
2024-09-19 13:20:00-04:00,229.10000610351562,229.16000366210938,228.89999389648438,228.9738006591797,228.9738006591797,216900
2024-09-19 13:25:00-04:00,228.97999572753906,229.19610595703125,228.97999572753906,229.17010498046875,229.17010498046875,214754
2024-09-19 13:30:00-04:00,229.17689514160156,229.25999450683594,229.07000732421875,229.13999938964844,229.13999938964844,274650
2024-09-19 13:35:00-04:00,229.13999938964844,229.1999969482422,228.97000122070312,229.14999389648438,229.14999389648438,294856
2024-09-19 13:40:00-04:00,229.14999389648438,229.1999969482422,229.02999877929688,229.19500732421875,229.19500732421875,276586
2024-09-19 13:45:00-04:00,229.1968994140625,229.35000610351562,229.14999389648438,229.343994140625,229.343994140625,533206
2024-09-19 13:50:00-04:00,229.32000732421875,229.41000366210938,229.27000427246094,229.3699951171875,229.3699951171875,388341
2024-09-19 13:55:00-04:00,229.37130737304688,229.45570373535156,229.28500366210938,229.3800048828125,229.3800048828125,335988
2024-09-19 14:00:00-04:00,229.3800048828125,229.44000244140625,229.27999877929688,229.39999389648438,229.39999389648438,267048
2024-09-19 14:05:00-04:00,229.39999389648438,229.41000366210938,229.27000427246094,229.30999755859375,229.30999755859375,326265
2024-09-19 14:10:00-04:00,229.3000030517578,229.30999755859375,229.07960510253906,229.07960510253906,229.07960510253906,336936
2024-09-19 14:15:00-04:00,229.08399963378906,229.08999633789062,228.47999572753906,228.75999450683594,228.75999450683594,506133
2024-09-19 14:20:00-04:00,228.77000427246094,228.86000061035156,228.64999389648438,228.69590759277344,228.69590759277344,371214
2024-09-19 14:25:00-04:00,228.69000244140625,228.9199981689453,228.39999389648438,228.8699951171875,228.8699951171875,499218
2024-09-19 14:30:00-04:00,228.8699951171875,228.97999572753906,228.8000030517578,228.93429565429688,228.93429565429688,309045
2024-09-19 14:35:00-04:00,228.94000244140625,229.07000732421875,228.90440368652344,229.0449981689453,229.0449981689453,340793
2024-09-19 14:40:00-04:00,229.0500946044922,229.05999755859375,228.8699951171875,228.97999572753906,228.97999572753906,324246
2024-09-19 14:45:00-04:00,228.97999572753906,229.13999938964844,228.8800048828125,228.9199981689453,228.9199981689453,331739
2024-09-19 14:50:00-04:00,228.94000244140625,229.02000427246094,228.76010131835938,229.00999450683594,229.00999450683594,338923
2024-09-19 14:55:00-04:00,229.0,229.32989501953125,228.85009765625,229.32000732421875,229.32000732421875,354172
2024-09-19 15:00:00-04:00,229.32000732421875,229.42990112304688,229.1199951171875,229.3699951171875,229.3699951171875,395658
2024-09-19 15:05:00-04:00,229.35049438476562,229.41000366210938,229.10000610351562,229.1999969482422,229.1999969482422,356201
2024-09-19 15:10:00-04:00,229.1999969482422,229.3699951171875,229.16000366210938,229.197998046875,229.197998046875,377545
2024-09-19 15:15:00-04:00,229.1999969482422,229.30999755859375,228.89999389648438,229.05999755859375,229.05999755859375,452783
2024-09-19 15:20:00-04:00,229.07000732421875,229.49000549316406,228.83999633789062,229.44949340820312,229.44949340820312,482020
2024-09-19 15:25:00-04:00,229.44700622558594,229.49000549316406,229.30259704589844,229.46719360351562,229.46719360351562,752176
2024-09-19 15:30:00-04:00,229.4600067138672,229.49000549316406,229.0850067138672,229.40029907226562,229.40029907226562,537988
2024-09-19 15:35:00-04:00,229.4071044921875,229.52999877929688,229.2301025390625,229.4600067138672,229.4600067138672,616857
2024-09-19 15:40:00-04:00,229.47000122070312,229.58999633789062,229.13999938964844,229.1649932861328,229.1649932861328,632869
2024-09-19 15:45:00-04:00,229.15499877929688,229.47999572753906,229.08999633789062,229.3300018310547,229.3300018310547,676930
2024-09-19 15:50:00-04:00,229.32000732421875,229.40499877929688,228.6300048828125,229.21400451660156,229.21400451660156,1810796
2024-09-19 15:55:00-04:00,229.1999969482422,229.2449951171875,228.2899932861328,228.82000732421875,228.82000732421875,3101291
2024-09-20 09:30:00-04:00,230.1300048828125,230.97500610351562,230.00999450683594,230.9700927734375,230.9700927734375,14454934
2024-09-20 09:35:00-04:00,230.97000122070312,231.16000366210938,230.52000427246094,230.52999877929688,230.52999877929688,1637664
2024-09-20 09:40:00-04:00,230.52999877929688,230.72999572753906,229.3011016845703,229.65499877929688,229.65499877929688,1592889
2024-09-20 09:45:00-04:00,229.75010681152344,229.97999572753906,229.50999450683594,229.94200134277344,229.94200134277344,1089026
2024-09-20 09:50:00-04:00,230.36000061035156,230.38999938964844,229.94000244140625,230.02000427246094,230.02000427246094,2341109
2024-09-20 09:55:00-04:00,230.02000427246094,230.10000610351562,229.55999755859375,230.0,230.0,1548083
2024-09-20 10:00:00-04:00,230.0,230.22999572753906,229.77999877929688,230.0399932861328,230.0399932861328,763539
2024-09-20 10:05:00-04:00,230.0399932861328,230.3572998046875,229.9499969482422,230.13009643554688,230.13009643554688,731984
2024-09-20 10:10:00-04:00,230.13369750976562,230.3300018310547,229.61000061035156,229.80999755859375,229.80999755859375,808503
2024-09-20 10:15:00-04:00,229.80999755859375,230.07000732421875,229.5800018310547,229.72000122070312,229.72000122070312,2337023
2024-09-20 10:20:00-04:00,229.7100067138672,229.8267059326172,229.3699951171875,229.80999755859375,229.80999755859375,991611
2024-09-20 10:25:00-04:00,229.80999755859375,230.07000732421875,229.5399932861328,230.0345001220703,230.0345001220703,688166
2024-09-20 10:30:00-04:00,230.02999877929688,230.27000427246094,229.5800018310547,230.19009399414062,230.19009399414062,679372
2024-09-20 10:35:00-04:00,230.19000244140625,230.5800018310547,230.0500030517578,230.47500610351562,230.47500610351562,890474
2024-09-20 10:40:00-04:00,230.4600067138672,230.5800018310547,230.1199951171875,230.50399780273438,230.50399780273438,830544
2024-09-20 10:45:00-04:00,230.47000122070312,230.5500030517578,230.22999572753906,230.35000610351562,230.35000610351562,706659
2024-09-20 10:50:00-04:00,230.35000610351562,230.5,229.89999389648438,229.91000366210938,229.91000366210938,673494
2024-09-20 10:55:00-04:00,229.9199981689453,230.3800048828125,229.91000366210938,230.30499267578125,230.30499267578125,568689
2024-09-20 11:00:00-04:00,230.30499267578125,230.3800048828125,230.09800720214844,230.1999969482422,230.1999969482422,462647
2024-09-20 11:05:00-04:00,230.30999755859375,230.48500061035156,230.1699981689453,230.41000366210938,230.41000366210938,574779
2024-09-20 11:10:00-04:00,230.41000366210938,230.4199981689453,229.6199951171875,229.63999938964844,229.63999938964844,743819
2024-09-20 11:15:00-04:00,229.64199829101562,229.67999267578125,229.1999969482422,229.27999877929688,229.27999877929688,866902
2024-09-20 11:20:00-04:00,229.25,230.0,229.25,229.9727020263672,229.9727020263672,4793952
2024-09-20 11:25:00-04:00,229.97999572753906,230.2100067138672,229.72999572753906,229.77000427246094,229.77000427246094,705812
2024-09-20 11:30:00-04:00,229.75999450683594,230.3800048828125,229.74000549316406,230.3800048828125,230.3800048828125,1174922
2024-09-20 11:35:00-04:00,230.3800048828125,230.6999969482422,230.0399932861328,230.49000549316406,230.49000549316406,862682
2024-09-20 11:40:00-04:00,230.49290466308594,230.67990112304688,230.3000030517578,230.625,230.625,629110
2024-09-20 11:45:00-04:00,230.6300048828125,230.9499053955078,230.39999389648438,230.931396484375,230.931396484375,714598
2024-09-20 11:50:00-04:00,230.92999267578125,230.92999267578125,230.58999633789062,230.6999969482422,230.6999969482422,598253
2024-09-20 11:55:00-04:00,230.72000122070312,230.88999938964844,230.64999389648438,230.80999755859375,230.80999755859375,553768
2024-09-20 12:00:00-04:00,230.8000030517578,231.3094024658203,230.75,231.16000366210938,231.16000366210938,799024
2024-09-20 12:05:00-04:00,231.1699981689453,231.47999572753906,231.13999938964844,231.35000610351562,231.35000610351562,656533
2024-09-20 12:10:00-04:00,231.38999938964844,231.47000122070312,231.19000244140625,231.343994140625,231.343994140625,474541
2024-09-20 12:15:00-04:00,231.343994140625,231.42999267578125,231.1501007080078,231.38999938964844,231.38999938964844,437510
2024-09-20 12:20:00-04:00,231.38999938964844,231.57000732421875,231.27999877929688,231.46499633789062,231.46499633789062,540264
2024-09-20 12:25:00-04:00,231.46499633789062,231.74000549316406,231.39999389648438,231.72999572753906,231.72999572753906,473514
2024-09-20 12:30:00-04:00,231.72000122070312,231.75,231.55999755859375,231.6114044189453,231.6114044189453,453836
2024-09-20 12:35:00-04:00,231.6199951171875,231.74000549316406,231.33009338378906,231.6750030517578,231.6750030517578,531711
2024-09-20 12:40:00-04:00,231.6699981689453,231.6750030517578,231.4600067138672,231.52999877929688,231.52999877929688,467096
2024-09-20 12:45:00-04:00,231.52999877929688,231.83999633789062,231.4600067138672,231.8199005126953,231.8199005126953,583865
2024-09-20 12:50:00-04:00,231.8000030517578,231.8800048828125,231.55499267578125,231.63890075683594,231.63890075683594,450561
2024-09-20 12:55:00-04:00,231.63499450683594,231.9199981689453,231.62440490722656,231.84500122070312,231.84500122070312,486050
2024-09-20 13:00:00-04:00,231.84500122070312,231.89999389648438,231.3916015625,231.48500061035156,231.48500061035156,565154
2024-09-20 13:05:00-04:00,231.47999572753906,231.8000030517578,231.35000610351562,231.6750030517578,231.6750030517578,531355
2024-09-20 13:10:00-04:00,231.6750030517578,231.74000549316406,231.41000366210938,231.67100524902344,231.67100524902344,540446
2024-09-20 13:15:00-04:00,231.6851043701172,231.72000122070312,231.24000549316406,231.33999633789062,231.33999633789062,544980
2024-09-20 13:20:00-04:00,231.3300018310547,231.3800048828125,230.61000061035156,230.66000366210938,230.66000366210938,764981
2024-09-20 13:25:00-04:00,230.64999389648438,230.91990661621094,230.6199951171875,230.75,230.75,565848
2024-09-20 13:30:00-04:00,230.74000549316406,231.1999969482422,230.74000549316406,231.16400146484375,231.16400146484375,661431
2024-09-20 13:35:00-04:00,231.1649932861328,231.25999450683594,231.14999389648438,231.24270629882812,231.24270629882812,448576
2024-09-20 13:40:00-04:00,231.2449951171875,231.2449951171875,230.65390014648438,230.6649932861328,230.6649932861328,528193
2024-09-20 13:45:00-04:00,230.64999389648438,230.94000244140625,230.64999389648438,230.875,230.875,484750
2024-09-20 13:50:00-04:00,230.875,230.92930603027344,230.61000061035156,230.80499267578125,230.80499267578125,444023
2024-09-20 13:55:00-04:00,230.8000030517578,230.97999572753906,230.6300048828125,230.6649932861328,230.6649932861328,874446
2024-09-20 14:00:00-04:00,230.6649932861328,230.77999877929688,229.97000122070312,230.0800018310547,230.0800018310547,966045
2024-09-20 14:05:00-04:00,230.0800018310547,230.52999877929688,230.0800018310547,230.27999877929688,230.27999877929688,680677
2024-09-20 14:10:00-04:00,230.27000427246094,230.27999877929688,229.60000610351562,230.0800018310547,230.0800018310547,927463
2024-09-20 14:15:00-04:00,230.08050537109375,230.1999969482422,229.7449951171875,229.75999450683594,229.75999450683594,618924
2024-09-20 14:20:00-04:00,229.74000549316406,229.9949951171875,229.6699981689453,229.6800994873047,229.6800994873047,609772
2024-09-20 14:25:00-04:00,229.68499755859375,229.90989685058594,229.60000610351562,229.77720642089844,229.77720642089844,626180
2024-09-20 14:30:00-04:00,229.77000427246094,229.9199981689453,229.52999877929688,229.53500366210938,229.53500366210938,571025
2024-09-20 14:35:00-04:00,229.5399932861328,230.1699981689453,229.5,230.07000732421875,230.07000732421875,989745
2024-09-20 14:40:00-04:00,230.05999755859375,230.27999877929688,229.8800048828125,229.96099853515625,229.96099853515625,787747
2024-09-20 14:45:00-04:00,229.96600341796875,230.67999267578125,229.94000244140625,230.58999633789062,230.58999633789062,838301
2024-09-20 14:50:00-04:00,230.5800018310547,231.3000030517578,230.5800018310547,231.28500366210938,231.28500366210938,1141798
2024-09-20 14:55:00-04:00,231.3000030517578,231.61000061035156,231.14999389648438,231.47999572753906,231.47999572753906,1063957
2024-09-20 15:00:00-04:00,231.47799682617188,231.60980224609375,231.3000030517578,231.55880737304688,231.55880737304688,841825
2024-09-20 15:05:00-04:00,231.55499267578125,231.60000610351562,231.30999755859375,231.38009643554688,231.38009643554688,673531
2024-09-20 15:10:00-04:00,231.39999389648438,231.61000061035156,231.1999969482422,231.44500732421875,231.44500732421875,984746
2024-09-20 15:15:00-04:00,231.44500732421875,231.57000732421875,231.39999389648438,231.49000549316406,231.49000549316406,632136
2024-09-20 15:20:00-04:00,231.50999450683594,231.89999389648438,231.5,231.83999633789062,231.83999633789062,940264
2024-09-20 15:25:00-04:00,231.85000610351562,232.0,231.60000610351562,231.97500610351562,231.97500610351562,1081887
2024-09-20 15:30:00-04:00,231.97500610351562,232.25999450683594,231.8112030029297,232.23280334472656,232.23280334472656,1585045
2024-09-20 15:35:00-04:00,232.24000549316406,232.86000061035156,232.10499572753906,232.8300018310547,232.8300018310547,1602088
2024-09-20 15:40:00-04:00,232.8300018310547,233.08999633789062,232.6999969482422,232.91000366210938,232.91000366210938,2100731
2024-09-20 15:45:00-04:00,232.89999389648438,232.9199981689453,232.4199981689453,232.75999450683594,232.75999450683594,2351692
2024-09-20 15:50:00-04:00,232.75999450683594,232.82000732421875,230.92999267578125,232.0050048828125,232.0050048828125,6945237
2024-09-20 15:55:00-04:00,231.97000122070312,232.0500030517578,227.6199951171875,228.52999877929688,228.52999877929688,10957319
2024-09-23 09:30:00-04:00,227.33999633789062,227.52999877929688,225.86000061035156,226.69000244140625,226.69000244140625,4462853
2024-09-23 09:35:00-04:00,226.72000122070312,227.8000030517578,226.19000244140625,227.77000427246094,227.77000427246094,1492770
2024-09-23 09:40:00-04:00,227.77999877929688,227.83999633789062,227.14999389648438,227.30499267578125,227.30499267578125,1102477
2024-09-23 09:45:00-04:00,227.2899932861328,227.8000030517578,226.94039916992188,227.72999572753906,227.72999572753906,817375
2024-09-23 09:50:00-04:00,227.74000549316406,227.76499938964844,227.05999755859375,227.25999450683594,227.25999450683594,693242
2024-09-23 09:55:00-04:00,227.22999572753906,227.4600067138672,226.88999938964844,226.93499755859375,226.93499755859375,680951
2024-09-23 10:00:00-04:00,226.93499755859375,227.2393035888672,226.44000244140625,226.4499969482422,226.4499969482422,773613
2024-09-23 10:05:00-04:00,226.4499969482422,226.7899932861328,226.36000061035156,226.41000366210938,226.41000366210938,668466
2024-09-23 10:10:00-04:00,226.4199981689453,226.75999450683594,226.2899932861328,226.5,226.5,608478
2024-09-23 10:15:00-04:00,226.52000427246094,227.4499969482422,226.46499633789062,227.31500244140625,227.31500244140625,638859
2024-09-23 10:20:00-04:00,227.30999755859375,228.07000732421875,227.30999755859375,227.92950439453125,227.92950439453125,875257
2024-09-23 10:25:00-04:00,227.939697265625,228.02310180664062,227.60000610351562,228.00999450683594,228.00999450683594,557500
2024-09-23 10:30:00-04:00,228.00999450683594,228.13999938964844,227.72000122070312,227.77999877929688,227.77999877929688,529877
2024-09-23 10:35:00-04:00,227.78990173339844,228.08999633789062,227.6300048828125,227.7899932861328,227.7899932861328,518545
2024-09-23 10:40:00-04:00,227.75999450683594,228.38999938964844,227.75999450683594,228.3094940185547,228.3094940185547,583473
2024-09-23 10:45:00-04:00,228.30999755859375,229.125,228.22999572753906,228.97999572753906,228.97999572753906,754784
2024-09-23 10:50:00-04:00,228.98019409179688,229.4499969482422,228.8300018310547,229.21730041503906,229.21730041503906,630739
2024-09-23 10:55:00-04:00,229.21499633789062,229.22000122070312,228.6300048828125,228.7050018310547,228.7050018310547,1438375
2024-09-23 11:00:00-04:00,228.70010375976562,228.8800048828125,228.6199951171875,228.70799255371094,228.70799255371094,351769
2024-09-23 11:05:00-04:00,228.7050018310547,228.8300018310547,228.55999755859375,228.81509399414062,228.81509399414062,495107
2024-09-23 11:10:00-04:00,228.8249969482422,228.8300018310547,228.5749969482422,228.6699981689453,228.6699981689453,309870
2024-09-23 11:15:00-04:00,228.66000366210938,228.8000030517578,228.25999450683594,228.3699951171875,228.3699951171875,444182
2024-09-23 11:20:00-04:00,228.33999633789062,228.63999938964844,228.3365936279297,228.55999755859375,228.55999755859375,232911
2024-09-23 11:25:00-04:00,228.57699584960938,228.72999572753906,228.41700744628906,228.6533966064453,228.6533966064453,238268
2024-09-23 11:30:00-04:00,228.66000366210938,228.89999389648438,228.66000366210938,228.75999450683594,228.75999450683594,282126
2024-09-23 11:35:00-04:00,228.77000427246094,228.77999877929688,228.3800048828125,228.5,228.5,272516
2024-09-23 11:40:00-04:00,228.5,228.5,228.27999877929688,228.27999877929688,228.27999877929688,256403
2024-09-23 11:45:00-04:00,228.27999877929688,228.39999389648438,228.10000610351562,228.14999389648438,228.14999389648438,294375
2024-09-23 11:50:00-04:00,228.16000366210938,228.47000122070312,228.14999389648438,228.33999633789062,228.33999633789062,258768
2024-09-23 11:55:00-04:00,228.35499572753906,228.47999572753906,228.25,228.33999633789062,228.33999633789062,197491
2024-09-23 12:00:00-04:00,228.33889770507812,228.33889770507812,227.9600067138672,228.07000732421875,228.07000732421875,244046
2024-09-23 12:05:00-04:00,228.07000732421875,228.25,227.85000610351562,227.88999938964844,227.88999938964844,225733
2024-09-23 12:10:00-04:00,227.8686065673828,227.87989807128906,227.35000610351562,227.5126953125,227.5126953125,474005
2024-09-23 12:15:00-04:00,227.51499938964844,227.52000427246094,227.1300048828125,227.2698974609375,227.2698974609375,373178
2024-09-23 12:20:00-04:00,227.25999450683594,227.32000732421875,227.0,227.1999969482422,227.1999969482422,374513
2024-09-23 12:25:00-04:00,227.2100067138672,227.2100067138672,226.92999267578125,226.94000244140625,226.94000244140625,322614
2024-09-23 12:30:00-04:00,226.94000244140625,227.34750366210938,226.91000366210938,227.341796875,227.341796875,301571
2024-09-23 12:35:00-04:00,227.35000610351562,227.41000366210938,226.75,226.94940185546875,226.94940185546875,318430
2024-09-23 12:40:00-04:00,226.9600067138672,227.11500549316406,226.88999938964844,226.88999938964844,226.88999938964844,173622
2024-09-23 12:45:00-04:00,226.88999938964844,226.97999572753906,226.67999267578125,226.95899963378906,226.95899963378906,274980
2024-09-23 12:50:00-04:00,226.9600067138672,227.04989624023438,226.71009826660156,226.9678955078125,226.9678955078125,288775
2024-09-23 12:55:00-04:00,226.97999572753906,226.97999572753906,226.75,226.760498046875,226.760498046875,205008
2024-09-23 13:00:00-04:00,226.77000427246094,227.139892578125,226.6300048828125,227.02000427246094,227.02000427246094,474521
2024-09-23 13:05:00-04:00,227.0240020751953,227.04750061035156,226.75999450683594,226.99000549316406,226.99000549316406,311218
2024-09-23 13:10:00-04:00,227.0,227.07000732421875,226.85000610351562,226.86000061035156,226.86000061035156,205197
2024-09-23 13:15:00-04:00,226.86000061035156,226.99000549316406,226.73049926757812,226.97500610351562,226.97500610351562,230448
2024-09-23 13:20:00-04:00,226.99000549316406,227.0500030517578,226.62010192871094,226.7100067138672,226.7100067138672,272127
2024-09-23 13:25:00-04:00,226.7100067138672,226.8000030517578,226.65240478515625,226.74000549316406,226.74000549316406,172731
2024-09-23 13:30:00-04:00,226.74899291992188,226.9530029296875,226.7100067138672,226.92999267578125,226.92999267578125,186939
2024-09-23 13:35:00-04:00,226.94000244140625,226.97999572753906,226.50999450683594,226.57000732421875,226.57000732421875,356060
2024-09-23 13:40:00-04:00,226.5749969482422,226.72999572753906,226.5399932861328,226.55999755859375,226.55999755859375,247518
2024-09-23 13:45:00-04:00,226.55999755859375,226.7899932861328,226.5500030517578,226.72999572753906,226.72999572753906,218115
2024-09-23 13:50:00-04:00,226.74000549316406,227.08999633789062,226.74000549316406,227.0749969482422,227.0749969482422,343689
2024-09-23 13:55:00-04:00,227.0749969482422,227.13999938964844,226.9499969482422,227.10000610351562,227.10000610351562,236973
2024-09-23 14:00:00-04:00,227.0800018310547,227.17999267578125,226.87100219726562,226.94000244140625,226.94000244140625,241329
2024-09-23 14:05:00-04:00,226.92999267578125,227.02000427246094,226.75,226.99000549316406,226.99000549316406,189413
2024-09-23 14:10:00-04:00,226.97999572753906,227.00999450683594,226.75,226.76800537109375,226.76800537109375,207734
2024-09-23 14:15:00-04:00,226.75,226.85000610351562,226.6719970703125,226.77999877929688,226.77999877929688,187683
2024-09-23 14:20:00-04:00,226.77999877929688,226.89999389648438,226.67999267578125,226.82989501953125,226.82989501953125,200373
2024-09-23 14:25:00-04:00,226.82000732421875,226.8699951171875,226.61000061035156,226.67999267578125,226.67999267578125,305666
2024-09-23 14:30:00-04:00,226.69000244140625,226.75999450683594,226.625,226.69000244140625,226.69000244140625,183512
2024-09-23 14:35:00-04:00,226.69500732421875,226.74969482421875,226.6300048828125,226.71029663085938,226.71029663085938,162235
2024-09-23 14:40:00-04:00,226.7100067138672,226.72999572753906,226.52000427246094,226.61129760742188,226.61129760742188,187650
2024-09-23 14:45:00-04:00,226.6199951171875,226.67999267578125,226.48500061035156,226.61000061035156,226.61000061035156,235343
2024-09-23 14:50:00-04:00,226.6300048828125,226.7572021484375,226.6300048828125,226.6699981689453,226.6699981689453,220331
2024-09-23 14:55:00-04:00,226.6719970703125,226.75,226.63999938964844,226.67999267578125,226.67999267578125,208066
2024-09-23 15:00:00-04:00,226.67999267578125,226.7050018310547,226.52000427246094,226.61000061035156,226.61000061035156,231856
2024-09-23 15:05:00-04:00,226.6199951171875,226.67999267578125,226.3531036376953,226.3531036376953,226.3531036376953,342516
2024-09-23 15:10:00-04:00,226.3699951171875,226.40879821777344,225.89999389648438,226.00999450683594,226.00999450683594,606649
2024-09-23 15:15:00-04:00,226.00999450683594,226.389892578125,226.0,226.2899932861328,226.2899932861328,488147
2024-09-23 15:20:00-04:00,226.32989501953125,226.3699951171875,226.10000610351562,226.16000366210938,226.16000366210938,426918
2024-09-23 15:25:00-04:00,226.16000366210938,226.32000732421875,226.08999633789062,226.2899932861328,226.2899932861328,332390
2024-09-23 15:30:00-04:00,226.27999877929688,226.55990600585938,226.22000122070312,226.49000549316406,226.49000549316406,405691
2024-09-23 15:35:00-04:00,226.49000549316406,226.6999969482422,226.39999389648438,226.39999389648438,226.39999389648438,666746
2024-09-23 15:40:00-04:00,226.39999389648438,226.4600067138672,225.87440490722656,225.99000549316406,225.99000549316406,554686
2024-09-23 15:45:00-04:00,225.99000549316406,226.2899932861328,225.80999755859375,226.19639587402344,226.19639587402344,642434
2024-09-23 15:50:00-04:00,226.22000122070312,226.22000122070312,225.99000549316406,226.1300048828125,226.1300048828125,665691
2024-09-23 15:55:00-04:00,226.17999267578125,226.63999938964844,226.1199951171875,226.4499969482422,226.4499969482422,1462205
2024-09-24 09:30:00-04:00,228.64500427246094,229.35000610351562,227.7899932861328,227.85000610351562,227.85000610351562,2192682
2024-09-24 09:35:00-04:00,227.86000061035156,228.47000122070312,227.72000122070312,228.06500244140625,228.06500244140625,622899
2024-09-24 09:40:00-04:00,228.07000732421875,228.18850708007812,227.27000427246094,227.3300018310547,227.3300018310547,551332
2024-09-24 09:45:00-04:00,227.3300018310547,227.8300018310547,227.27999877929688,227.3300018310547,227.3300018310547,511647
2024-09-24 09:50:00-04:00,227.3300018310547,227.94000244140625,227.1699981689453,227.48500061035156,227.48500061035156,472985
2024-09-24 09:55:00-04:00,227.47999572753906,227.7100067138672,227.3699951171875,227.41000366210938,227.41000366210938,342607
2024-09-24 10:00:00-04:00,227.41000366210938,227.42999267578125,226.60000610351562,226.9600067138672,226.9600067138672,801976
2024-09-24 10:05:00-04:00,226.97000122070312,227.02000427246094,226.52999877929688,226.64999389648438,226.64999389648438,543886
2024-09-24 10:10:00-04:00,226.64990234375,227.0,226.42999267578125,226.47999572753906,226.47999572753906,454926
2024-09-24 10:15:00-04:00,226.47999572753906,226.8300018310547,226.32000732421875,226.35000610351562,226.35000610351562,399196
2024-09-24 10:20:00-04:00,226.3300018310547,226.55999755859375,226.07000732421875,226.32260131835938,226.32260131835938,371922
2024-09-24 10:25:00-04:00,226.32000732421875,226.44000244140625,226.0500030517578,226.07000732421875,226.07000732421875,319997
2024-09-24 10:30:00-04:00,226.07000732421875,226.35000610351562,226.00999450683594,226.2198944091797,226.2198944091797,394143
2024-09-24 10:35:00-04:00,226.2100067138672,226.32000732421875,225.86500549316406,225.8939971923828,225.8939971923828,552550
2024-09-24 10:40:00-04:00,225.8699951171875,226.25,225.74000549316406,225.9949951171875,225.9949951171875,478211
2024-09-24 10:45:00-04:00,225.97999572753906,226.47000122070312,225.9550018310547,226.42039489746094,226.42039489746094,406829
2024-09-24 10:50:00-04:00,226.42999267578125,227.07000732421875,226.42999267578125,226.92999267578125,226.92999267578125,481063
2024-09-24 10:55:00-04:00,226.92999267578125,227.3000030517578,226.77000427246094,227.18499755859375,227.18499755859375,327934
2024-09-24 11:00:00-04:00,227.18569946289062,227.33999633789062,227.13999938964844,227.30999755859375,227.30999755859375,368756
2024-09-24 11:05:00-04:00,227.31500244140625,227.4499969482422,227.16000366210938,227.24000549316406,227.24000549316406,333283
2024-09-24 11:10:00-04:00,227.25559997558594,227.47999572753906,227.22500610351562,227.3699951171875,227.3699951171875,233711
2024-09-24 11:15:00-04:00,227.3800048828125,227.47039794921875,227.0749969482422,227.14999389648438,227.14999389648438,222691
2024-09-24 11:20:00-04:00,227.16000366210938,227.20989990234375,226.97000122070312,227.11500549316406,227.11500549316406,196725
2024-09-24 11:25:00-04:00,227.1199951171875,227.19659423828125,226.92999267578125,227.01210021972656,227.01210021972656,159920
2024-09-24 11:30:00-04:00,227.02000427246094,227.1199951171875,226.8800048828125,226.91000366210938,226.91000366210938,182528
2024-09-24 11:35:00-04:00,226.90750122070312,226.9600067138672,226.72999572753906,226.86500549316406,226.86500549316406,227870
2024-09-24 11:40:00-04:00,226.86500549316406,226.9499969482422,226.6999969482422,226.85629272460938,226.85629272460938,176253
2024-09-24 11:45:00-04:00,226.8300018310547,227.17999267578125,226.80999755859375,227.14830017089844,227.14830017089844,256770
2024-09-24 11:50:00-04:00,227.13999938964844,227.57620239257812,227.11000061035156,227.5399932861328,227.5399932861328,267576
2024-09-24 11:55:00-04:00,227.55999755859375,227.61500549316406,227.4001007080078,227.4499969482422,227.4499969482422,226276
2024-09-24 12:00:00-04:00,227.46499633789062,227.6999969482422,227.4600067138672,227.63999938964844,227.63999938964844,207521
2024-09-24 12:05:00-04:00,227.63999938964844,227.72000122070312,227.52000427246094,227.625,227.625,172339
2024-09-24 12:10:00-04:00,227.6199951171875,227.73939514160156,227.53140258789062,227.72000122070312,227.72000122070312,143731
2024-09-24 12:15:00-04:00,227.7100067138672,227.7100067138672,227.44000244140625,227.5800018310547,227.5800018310547,670578
2024-09-24 12:20:00-04:00,227.60000610351562,227.69000244140625,227.55499267578125,227.64010620117188,227.64010620117188,177377
2024-09-24 12:25:00-04:00,227.64999389648438,227.67999267578125,227.5001983642578,227.5500030517578,227.5500030517578,175754
2024-09-24 12:30:00-04:00,227.5399932861328,227.67990112304688,227.47999572753906,227.61019897460938,227.61019897460938,152141
2024-09-24 12:35:00-04:00,227.61000061035156,227.75999450683594,227.5366973876953,227.5596923828125,227.5596923828125,242683
2024-09-24 12:40:00-04:00,227.54710388183594,227.6300048828125,227.3300018310547,227.43719482421875,227.43719482421875,143399
2024-09-24 12:45:00-04:00,227.44500732421875,227.5500030517578,227.33999633789062,227.35989379882812,227.35989379882812,169715
2024-09-24 12:50:00-04:00,227.35000610351562,227.35000610351562,227.07000732421875,227.0850067138672,227.0850067138672,160870
2024-09-24 12:55:00-04:00,227.0850067138672,227.14990234375,226.97000122070312,227.0,227.0,186933
2024-09-24 13:00:00-04:00,227.01950073242188,227.1898956298828,226.92999267578125,227.02000427246094,227.02000427246094,155879
2024-09-24 13:05:00-04:00,227.02000427246094,227.17999267578125,226.85000610351562,226.86599731445312,226.86599731445312,214690
2024-09-24 13:10:00-04:00,226.889892578125,227.0883026123047,226.80999755859375,227.0800018310547,227.0800018310547,180859
2024-09-24 13:15:00-04:00,227.0850067138672,227.27000427246094,227.02999877929688,227.2519989013672,227.2519989013672,156640
2024-09-24 13:20:00-04:00,227.24000549316406,227.24000549316406,227.02000427246094,227.13999938964844,227.13999938964844,122679
2024-09-24 13:25:00-04:00,227.1300048828125,227.29989624023438,227.1013946533203,227.24000549316406,227.24000549316406,262691
2024-09-24 13:30:00-04:00,227.24220275878906,227.47999572753906,227.14999389648438,227.21510314941406,227.21510314941406,181262
2024-09-24 13:35:00-04:00,227.23500061035156,227.3686981201172,227.1999969482422,227.3686981201172,227.3686981201172,99576
2024-09-24 13:40:00-04:00,227.36000061035156,227.3800048828125,227.21499633789062,227.29800415039062,227.29800415039062,196800
2024-09-24 13:45:00-04:00,227.3000030517578,227.35000610351562,227.1999969482422,227.25999450683594,227.25999450683594,149981
2024-09-24 13:50:00-04:00,227.24000549316406,227.36000061035156,227.19000244140625,227.31500244140625,227.31500244140625,201924
2024-09-24 13:55:00-04:00,227.31500244140625,227.42999267578125,227.27000427246094,227.2899932861328,227.2899932861328,129183
2024-09-24 14:00:00-04:00,227.32000732421875,227.38999938964844,227.22999572753906,227.2899932861328,227.2899932861328,129368
2024-09-24 14:05:00-04:00,227.27999877929688,227.37989807128906,227.08999633789062,227.2100067138672,227.2100067138672,157583
2024-09-24 14:10:00-04:00,227.19000244140625,227.25599670410156,226.89999389648438,227.14500427246094,227.14500427246094,177808
2024-09-24 14:15:00-04:00,227.14990234375,227.15980529785156,226.8699951171875,227.08999633789062,227.08999633789062,240411
2024-09-24 14:20:00-04:00,227.0800018310547,227.13999938964844,226.9499969482422,226.97999572753906,226.97999572753906,105294
2024-09-24 14:25:00-04:00,226.99000549316406,227.0050048828125,226.80999755859375,226.8791046142578,226.8791046142578,167298
2024-09-24 14:30:00-04:00,226.8699951171875,226.97999572753906,226.5399932861328,226.889892578125,226.889892578125,222841
2024-09-24 14:35:00-04:00,226.8699951171875,227.04440307617188,226.82000732421875,227.02999877929688,227.02999877929688,169907
2024-09-24 14:40:00-04:00,227.01499938964844,227.05880737304688,226.82000732421875,226.92999267578125,226.92999267578125,149260
2024-09-24 14:45:00-04:00,226.92999267578125,226.9499969482422,226.7100067138672,226.82000732421875,226.82000732421875,183440
2024-09-24 14:50:00-04:00,226.80999755859375,226.98500061035156,226.77999877929688,226.97000122070312,226.97000122070312,133256
2024-09-24 14:55:00-04:00,226.9600067138672,226.98500061035156,226.80999755859375,226.8699951171875,226.8699951171875,144124
2024-09-24 15:00:00-04:00,226.86000061035156,226.9499969482422,226.83999633789062,226.91650390625,226.91650390625,144328
2024-09-24 15:05:00-04:00,226.9199981689453,226.99989318847656,226.89999389648438,226.92999267578125,226.92999267578125,160085
2024-09-24 15:10:00-04:00,226.94000244140625,226.97500610351562,226.83999633789062,226.89500427246094,226.89500427246094,149701
2024-09-24 15:15:00-04:00,226.88999938964844,227.02499389648438,226.86500549316406,226.9405975341797,226.9405975341797,178013
2024-09-24 15:20:00-04:00,226.9499969482422,226.99000549316406,226.8699951171875,226.97000122070312,226.97000122070312,160968
2024-09-24 15:25:00-04:00,226.9600067138672,227.08999633789062,226.93600463867188,227.0260009765625,227.0260009765625,203633
2024-09-24 15:30:00-04:00,227.0399932861328,227.16000366210938,227.00999450683594,227.07000732421875,227.07000732421875,241062
2024-09-24 15:35:00-04:00,227.06320190429688,227.20509338378906,227.02000427246094,227.1300048828125,227.1300048828125,209789
2024-09-24 15:40:00-04:00,227.1300048828125,227.25,227.02999877929688,227.05999755859375,227.05999755859375,824786
2024-09-24 15:45:00-04:00,227.08990478515625,227.08990478515625,226.8404998779297,226.8800048828125,226.8800048828125,264959
2024-09-24 15:50:00-04:00,226.88999938964844,226.9199981689453,226.38999938964844,226.39999389648438,226.39999389648438,815106
2024-09-24 15:55:00-04:00,226.39999389648438,227.5,226.3699951171875,227.36000061035156,227.36000061035156,2301257
2024-09-25 09:30:00-04:00,225.25,225.77000427246094,224.61000061035156,225.22909545898438,225.22909545898438,2770216
2024-09-25 09:35:00-04:00,225.21499633789062,226.0500030517578,225.19000244140625,225.9980926513672,225.9980926513672,727095
2024-09-25 09:40:00-04:00,225.94000244140625,225.94000244140625,225.44000244140625,225.57000732421875,225.57000732421875,695678
2024-09-25 09:45:00-04:00,225.58999633789062,226.14999389648438,225.5500030517578,225.95799255371094,225.95799255371094,603131
2024-09-25 09:50:00-04:00,226.0399932861328,226.74000549316406,226.03500366210938,226.74000549316406,226.74000549316406,550794
2024-09-25 09:55:00-04:00,226.72999572753906,226.97000122070312,226.533203125,226.88999938964844,226.88999938964844,528483
2024-09-25 10:00:00-04:00,226.89500427246094,227.0500030517578,226.61000061035156,226.77999877929688,226.77999877929688,464455
2024-09-25 10:05:00-04:00,226.77499389648438,227.22000122070312,226.6699981689453,227.20399475097656,227.20399475097656,435124
2024-09-25 10:10:00-04:00,227.22000122070312,227.2899932861328,226.97999572753906,227.1300048828125,227.1300048828125,373365
2024-09-25 10:15:00-04:00,227.11000061035156,227.2100067138672,226.77999877929688,226.8699951171875,226.8699951171875,386028
2024-09-25 10:20:00-04:00,226.84010314941406,226.94760131835938,226.50999450683594,226.50999450683594,226.50999450683594,361449
2024-09-25 10:25:00-04:00,226.52000427246094,226.66000366210938,226.1300048828125,226.38499450683594,226.38499450683594,578318
2024-09-25 10:30:00-04:00,226.27000427246094,226.47500610351562,226.1999969482422,226.36500549316406,226.36500549316406,334068
2024-09-25 10:35:00-04:00,226.35000610351562,226.60000610351562,226.30999755859375,226.42999267578125,226.42999267578125,271910
2024-09-25 10:40:00-04:00,226.42999267578125,226.5189971923828,226.3000030517578,226.39999389648438,226.39999389648438,694818
2024-09-25 10:45:00-04:00,226.5399932861328,226.65499877929688,226.36000061035156,226.3800048828125,226.3800048828125,309442
2024-09-25 10:50:00-04:00,226.3699951171875,226.79989624023438,226.33099365234375,226.57000732421875,226.57000732421875,295581
2024-09-25 10:55:00-04:00,226.55999755859375,226.60000610351562,226.37100219726562,226.37100219726562,226.37100219726562,287880
2024-09-25 11:00:00-04:00,226.37989807128906,226.60879516601562,226.2100067138672,226.46499633789062,226.46499633789062,306547
2024-09-25 11:05:00-04:00,226.44000244140625,226.64999389648438,226.4199981689453,226.54100036621094,226.54100036621094,177488
2024-09-25 11:10:00-04:00,226.5399932861328,226.5399932861328,226.02000427246094,226.11109924316406,226.11109924316406,264626
2024-09-25 11:15:00-04:00,226.11000061035156,226.1300048828125,225.88999938964844,226.0,226.0,306641
2024-09-25 11:20:00-04:00,225.98500061035156,226.0,225.5500030517578,225.5500030517578,225.5500030517578,431985
2024-09-25 11:25:00-04:00,225.52999877929688,225.64999389648438,225.3800048828125,225.4499969482422,225.4499969482422,424744
2024-09-25 11:30:00-04:00,225.39999389648438,225.6999969482422,225.32000732421875,225.51829528808594,225.51829528808594,324570
2024-09-25 11:35:00-04:00,225.5050048828125,225.83999633789062,225.49000549316406,225.7700958251953,225.7700958251953,331304
2024-09-25 11:40:00-04:00,225.8820037841797,225.8820037841797,225.6699981689453,225.76400756835938,225.76400756835938,268775
2024-09-25 11:45:00-04:00,225.7698974609375,225.7698974609375,225.6300048828125,225.6699981689453,225.6699981689453,186438
2024-09-25 11:50:00-04:00,225.6699981689453,225.67689514160156,225.42999267578125,225.44000244140625,225.44000244140625,268462
2024-09-25 11:55:00-04:00,225.36000061035156,225.58999633789062,225.32000732421875,225.50999450683594,225.50999450683594,258290
2024-09-25 12:00:00-04:00,225.52999877929688,225.60000610351562,225.45599365234375,225.58999633789062,225.58999633789062,140641
2024-09-25 12:05:00-04:00,225.58999633789062,225.60049438476562,225.38999938964844,225.5850067138672,225.5850067138672,201628
2024-09-25 12:10:00-04:00,225.58999633789062,225.61500549316406,225.39999389648438,225.50010681152344,225.50010681152344,182132
2024-09-25 12:15:00-04:00,225.52000427246094,225.78500366210938,225.45889282226562,225.69000244140625,225.69000244140625,221520
2024-09-25 12:20:00-04:00,225.6999969482422,225.9398956298828,225.6999969482422,225.9199981689453,225.9199981689453,244731
2024-09-25 12:25:00-04:00,225.9250030517578,225.98989868164062,225.8000030517578,225.87010192871094,225.87010192871094,144823
2024-09-25 12:30:00-04:00,225.86000061035156,226.02000427246094,225.781005859375,225.9886932373047,225.9886932373047,185896
2024-09-25 12:35:00-04:00,225.99139404296875,225.99139404296875,225.75999450683594,225.78500366210938,225.78500366210938,136790
2024-09-25 12:40:00-04:00,225.7899932861328,225.85000610351562,225.64999389648438,225.69500732421875,225.69500732421875,152141
2024-09-25 12:45:00-04:00,225.69000244140625,225.77999877929688,225.5399932861328,225.64500427246094,225.64500427246094,169293
2024-09-25 12:50:00-04:00,225.6300048828125,225.8800048828125,225.59010314941406,225.85000610351562,225.85000610351562,164458
2024-09-25 12:55:00-04:00,225.86000061035156,225.8800048828125,225.77999877929688,225.79989624023438,225.79989624023438,640752
2024-09-25 13:00:00-04:00,225.8000030517578,225.88169860839844,225.27099609375,225.65989685058594,225.65989685058594,371043
2024-09-25 13:05:00-04:00,225.64999389648438,225.8000030517578,225.4499969482422,225.6300048828125,225.6300048828125,219890
2024-09-25 13:10:00-04:00,225.595703125,225.6999969482422,225.4199981689453,225.4199981689453,225.4199981689453,170272
2024-09-25 13:15:00-04:00,225.4199981689453,225.55999755859375,225.27000427246094,225.54989624023438,225.54989624023438,256948
2024-09-25 13:20:00-04:00,225.5399932861328,225.6300048828125,225.49000549316406,225.5850067138672,225.5850067138672,141148
2024-09-25 13:25:00-04:00,225.57000732421875,225.6300048828125,225.35000610351562,225.36000061035156,225.36000061035156,167381
2024-09-25 13:30:00-04:00,225.35000610351562,225.4499969482422,225.22500610351562,225.23880004882812,225.23880004882812,176409
2024-09-25 13:35:00-04:00,225.23500061035156,225.39999389648438,225.07000732421875,225.22999572753906,225.22999572753906,240568
2024-09-25 13:40:00-04:00,225.22000122070312,225.22000122070312,225.02999877929688,225.11000061035156,225.11000061035156,232337
2024-09-25 13:45:00-04:00,225.08999633789062,225.11000061035156,224.8800048828125,224.88999938964844,224.88999938964844,380186
2024-09-25 13:50:00-04:00,224.88999938964844,225.1529998779297,224.82000732421875,225.02999877929688,225.02999877929688,325341
2024-09-25 13:55:00-04:00,225.02000427246094,225.1898956298828,224.8699951171875,224.9600067138672,224.9600067138672,423512
2024-09-25 14:00:00-04:00,224.97000122070312,225.08999633789062,224.67999267578125,224.75999450683594,224.75999450683594,396227
2024-09-25 14:05:00-04:00,224.75,224.88999938964844,224.50999450683594,224.50999450683594,224.50999450683594,426548
2024-09-25 14:10:00-04:00,224.5102996826172,224.53500366210938,224.08999633789062,224.14999389648438,224.14999389648438,777716
2024-09-25 14:15:00-04:00,224.1501007080078,224.39999389648438,224.02999877929688,224.28500366210938,224.28500366210938,438699
2024-09-25 14:20:00-04:00,224.28610229492188,224.35000610351562,224.11000061035156,224.3300018310547,224.3300018310547,319292
2024-09-25 14:25:00-04:00,224.3350067138672,224.89999389648438,224.25999450683594,224.89999389648438,224.89999389648438,414128
2024-09-25 14:30:00-04:00,224.88999938964844,224.89999389648438,224.76499938964844,224.85000610351562,224.85000610351562,269364
2024-09-25 14:35:00-04:00,224.8574981689453,224.94000244140625,224.78050231933594,224.82000732421875,224.82000732421875,215927
2024-09-25 14:40:00-04:00,224.8300018310547,225.0,224.80999755859375,224.96499633789062,224.96499633789062,232845
2024-09-25 14:45:00-04:00,224.96499633789062,225.03819274902344,224.92999267578125,224.9801025390625,224.9801025390625,178727
2024-09-25 14:50:00-04:00,224.99000549316406,225.10000610351562,224.9250030517578,225.02239990234375,225.02239990234375,247519
2024-09-25 14:55:00-04:00,225.02499389648438,225.0299072265625,224.92999267578125,224.9355010986328,224.9355010986328,243339
2024-09-25 15:00:00-04:00,224.92999267578125,225.11459350585938,224.91000366210938,225.08689880371094,225.08689880371094,259891
2024-09-25 15:05:00-04:00,225.09500122070312,225.097900390625,224.97000122070312,224.97000122070312,224.97000122070312,194825
2024-09-25 15:10:00-04:00,224.97999572753906,225.1300048828125,224.97999572753906,225.0749969482422,225.0749969482422,210111
2024-09-25 15:15:00-04:00,225.0800018310547,225.139892578125,224.99000549316406,225.08999633789062,225.08999633789062,191453
2024-09-25 15:20:00-04:00,225.0941925048828,225.22999572753906,225.0500030517578,225.22000122070312,225.22000122070312,235014
2024-09-25 15:25:00-04:00,225.22999572753906,225.32000732421875,225.19000244140625,225.25990295410156,225.25990295410156,271089
2024-09-25 15:30:00-04:00,225.25,225.42999267578125,225.19000244140625,225.36500549316406,225.36500549316406,354191
2024-09-25 15:35:00-04:00,225.3699951171875,225.50999450683594,225.2899932861328,225.34939575195312,225.34939575195312,412130
2024-09-25 15:40:00-04:00,225.34500122070312,225.38999938964844,225.21490478515625,225.3249969482422,225.3249969482422,295151
2024-09-25 15:45:00-04:00,225.33999633789062,225.49000549316406,225.3300018310547,225.36000061035156,225.36000061035156,427263
2024-09-25 15:50:00-04:00,225.36000061035156,226.0800018310547,225.36000061035156,225.94500732421875,225.94500732421875,852215
2024-09-25 15:55:00-04:00,225.92999267578125,226.44000244140625,225.88999938964844,226.30999755859375,226.30999755859375,1711838
2024-09-26 09:30:00-04:00,227.0,227.09970092773438,226.4600067138672,226.6199951171875,226.6199951171875,2508864
2024-09-26 09:35:00-04:00,226.75,227.0,226.1300048828125,226.2698974609375,226.2698974609375,689074
2024-09-26 09:40:00-04:00,226.25,226.33999633789062,225.91000366210938,225.9499969482422,225.9499969482422,665431
2024-09-26 09:45:00-04:00,226.0,226.4600067138672,225.88999938964844,226.23989868164062,226.23989868164062,823140
2024-09-26 09:50:00-04:00,226.14999389648438,226.67999267578125,226.0399932861328,226.38499450683594,226.38499450683594,623631
2024-09-26 09:55:00-04:00,226.3800048828125,226.5800018310547,226.2100067138672,226.52000427246094,226.52000427246094,526097
2024-09-26 10:00:00-04:00,226.50999450683594,226.94000244140625,226.0500030517578,226.89999389648438,226.89999389648438,639478
2024-09-26 10:05:00-04:00,226.8699951171875,226.9499969482422,226.5399932861328,226.66000366210938,226.66000366210938,385427
2024-09-26 10:10:00-04:00,226.83999633789062,226.83999633789062,226.5800018310547,226.63999938964844,226.63999938964844,297755
2024-09-26 10:15:00-04:00,226.6300048828125,226.6999969482422,226.4633026123047,226.60000610351562,226.60000610351562,229490
2024-09-26 10:20:00-04:00,226.4700927734375,227.05999755859375,226.47000122070312,227.05999755859375,227.05999755859375,366847
2024-09-26 10:25:00-04:00,226.99000549316406,227.07000732421875,226.85000610351562,226.89999389648438,226.89999389648438,312814
2024-09-26 10:30:00-04:00,226.91000366210938,227.07000732421875,226.52999877929688,227.07000732421875,227.07000732421875,403321
2024-09-26 10:35:00-04:00,227.05499267578125,227.94000244140625,227.02999877929688,227.83999633789062,227.83999633789062,691903
2024-09-26 10:40:00-04:00,227.82009887695312,228.07000732421875,227.54200744628906,228.00660705566406,228.00660705566406,768747
2024-09-26 10:45:00-04:00,228.02999877929688,228.5,227.63999938964844,227.85000610351562,227.85000610351562,801014
2024-09-26 10:50:00-04:00,227.8800048828125,227.91619873046875,227.39999389648438,227.6699981689453,227.6699981689453,464597
2024-09-26 10:55:00-04:00,227.67999267578125,227.6999969482422,227.1501007080078,227.16000366210938,227.16000366210938,470946
2024-09-26 11:00:00-04:00,227.19000244140625,227.6300048828125,227.02999877929688,227.57000732421875,227.57000732421875,475162
2024-09-26 11:05:00-04:00,227.57000732421875,227.94000244140625,227.5500030517578,227.68800354003906,227.68800354003906,283712
2024-09-26 11:10:00-04:00,227.69000244140625,227.6999969482422,227.08999633789062,227.14999389648438,227.14999389648438,346849
2024-09-26 11:15:00-04:00,227.14500427246094,227.38949584960938,226.92999267578125,226.9499969482422,226.9499969482422,285019
2024-09-26 11:20:00-04:00,226.960205078125,227.30999755859375,226.9001007080078,227.16000366210938,227.16000366210938,369806
2024-09-26 11:25:00-04:00,227.1999969482422,227.39990234375,226.85009765625,227.3896942138672,227.3896942138672,289309
2024-09-26 11:30:00-04:00,227.38650512695312,227.44000244140625,226.67999267578125,226.73599243164062,226.73599243164062,317586
2024-09-26 11:35:00-04:00,226.73500061035156,227.0196990966797,226.73500061035156,226.9199981689453,226.9199981689453,676143
2024-09-26 11:40:00-04:00,226.89999389648438,227.414794921875,226.88999938964844,227.38999938964844,227.38999938964844,361231
2024-09-26 11:45:00-04:00,227.3800048828125,227.4499969482422,227.14999389648438,227.2100067138672,227.2100067138672,265684
2024-09-26 11:50:00-04:00,227.24000549316406,227.64999389648438,227.24000549316406,227.6300048828125,227.6300048828125,234719
2024-09-26 11:55:00-04:00,227.62010192871094,227.82000732421875,227.61000061035156,227.6999969482422,227.6999969482422,200808
2024-09-26 12:00:00-04:00,227.69000244140625,227.6999969482422,227.22999572753906,227.29989624023438,227.29989624023438,179629
2024-09-26 12:05:00-04:00,227.29469299316406,227.5019989013672,227.24009704589844,227.331298828125,227.331298828125,153820
2024-09-26 12:10:00-04:00,227.32000732421875,227.41000366210938,227.08700561523438,227.1199951171875,227.1199951171875,154624
2024-09-26 12:15:00-04:00,227.14999389648438,227.2550048828125,227.08030700683594,227.17010498046875,227.17010498046875,117599
2024-09-26 12:20:00-04:00,227.1501007080078,227.24000549316406,227.01400756835938,227.1699981689453,227.1699981689453,184509
2024-09-26 12:25:00-04:00,227.18499755859375,227.42849731445312,227.173095703125,227.30999755859375,227.30999755859375,146026
2024-09-26 12:30:00-04:00,227.31500244140625,227.3699951171875,227.19000244140625,227.19500732421875,227.19500732421875,108374
2024-09-26 12:35:00-04:00,227.19000244140625,227.32000732421875,227.14999389648438,227.3000030517578,227.3000030517578,110561
2024-09-26 12:40:00-04:00,227.281005859375,227.32000732421875,226.9980010986328,227.32000732421875,227.32000732421875,129087
2024-09-26 12:45:00-04:00,227.3249969482422,227.39999389648438,227.24000549316406,227.24000549316406,227.24000549316406,111175
2024-09-26 12:50:00-04:00,227.23500061035156,227.24000549316406,227.10369873046875,227.2064971923828,227.2064971923828,157143
2024-09-26 12:55:00-04:00,227.20260620117188,227.28729248046875,227.10000610351562,227.25669860839844,227.25669860839844,132424
2024-09-26 13:00:00-04:00,227.24000549316406,227.25,226.9739990234375,227.15390014648438,227.15390014648438,189327
2024-09-26 13:05:00-04:00,227.14999389648438,227.1999053955078,227.00999450683594,227.08999633789062,227.08999633789062,119379
2024-09-26 13:10:00-04:00,227.0885009765625,227.2899932861328,226.92999267578125,226.9499969482422,226.9499969482422,173681
2024-09-26 13:15:00-04:00,226.96060180664062,227.11000061035156,226.6699981689453,226.80999755859375,226.80999755859375,215322
2024-09-26 13:20:00-04:00,226.8105010986328,227.02000427246094,226.74009704589844,226.8000030517578,226.8000030517578,192875
2024-09-26 13:25:00-04:00,226.8000030517578,227.1999053955078,226.77999877929688,227.15499877929688,227.15499877929688,180019
2024-09-26 13:30:00-04:00,227.15499877929688,227.44000244140625,227.14999389648438,227.39999389648438,227.39999389648438,247698
2024-09-26 13:35:00-04:00,227.35299682617188,227.4199981689453,227.30999755859375,227.39500427246094,227.39500427246094,174624
2024-09-26 13:40:00-04:00,227.41000366210938,227.47999572753906,227.30999755859375,227.4499969482422,227.4499969482422,189745
2024-09-26 13:45:00-04:00,227.44000244140625,227.49000549316406,227.3350067138672,227.4600067138672,227.4600067138672,194802
2024-09-26 13:50:00-04:00,227.4499969482422,227.49000549316406,227.26499938964844,227.360107421875,227.360107421875,182523
2024-09-26 13:55:00-04:00,227.3800048828125,227.3800048828125,227.05499267578125,227.13499450683594,227.13499450683594,181966
2024-09-26 14:00:00-04:00,227.14999389648438,227.2550048828125,227.08999633789062,227.1147003173828,227.1147003173828,150379
2024-09-26 14:05:00-04:00,227.11000061035156,227.13999938964844,226.9709930419922,227.1300048828125,227.1300048828125,218575
2024-09-26 14:10:00-04:00,227.1199951171875,227.3699951171875,227.0800018310547,227.32009887695312,227.32009887695312,166462
2024-09-26 14:15:00-04:00,227.33999633789062,227.60000610351562,227.3300018310547,227.389892578125,227.389892578125,261276
2024-09-26 14:20:00-04:00,227.38999938964844,227.55999755859375,227.33999633789062,227.52000427246094,227.52000427246094,125498
2024-09-26 14:25:00-04:00,227.50999450683594,227.7100067138672,227.46499633789062,227.7050018310547,227.7050018310547,176818
2024-09-26 14:30:00-04:00,227.7100067138672,227.83999633789062,227.6300048828125,227.6699981689453,227.6699981689453,226522
2024-09-26 14:35:00-04:00,227.6699981689453,227.76780700683594,227.60000610351562,227.7100067138672,227.7100067138672,130394
2024-09-26 14:40:00-04:00,227.72000122070312,227.72000122070312,227.6199951171875,227.6363983154297,227.6363983154297,124603
2024-09-26 14:45:00-04:00,227.62010192871094,227.63999938964844,227.52999877929688,227.57000732421875,227.57000732421875,147713
2024-09-26 14:50:00-04:00,227.57000732421875,227.75,227.56500244140625,227.74000549316406,227.74000549316406,142538
2024-09-26 14:55:00-04:00,227.72999572753906,227.84140014648438,227.7100067138672,227.76499938964844,227.76499938964844,406922
2024-09-26 15:00:00-04:00,227.77999877929688,227.8000030517578,227.61000061035156,227.77000427246094,227.77000427246094,248130
2024-09-26 15:05:00-04:00,227.78500366210938,227.79330444335938,227.66009521484375,227.7100067138672,227.7100067138672,142314
2024-09-26 15:10:00-04:00,227.7100067138672,227.86500549316406,227.67999267578125,227.8000030517578,227.8000030517578,174857
2024-09-26 15:15:00-04:00,227.7899932861328,227.7899932861328,227.55320739746094,227.70989990234375,227.70989990234375,183702
2024-09-26 15:20:00-04:00,227.6999969482422,227.7017059326172,227.46200561523438,227.54949951171875,227.54949951171875,211782
2024-09-26 15:25:00-04:00,227.56500244140625,227.6295928955078,227.46499633789062,227.5749969482422,227.5749969482422,248466
2024-09-26 15:30:00-04:00,227.5800018310547,227.7899932861328,227.5749969482422,227.7100067138672,227.7100067138672,266861
2024-09-26 15:35:00-04:00,227.7198028564453,227.73500061035156,227.5800018310547,227.67999267578125,227.67999267578125,203712
2024-09-26 15:40:00-04:00,227.67999267578125,227.7281951904297,227.3300018310547,227.3699951171875,227.3699951171875,363342
2024-09-26 15:45:00-04:00,227.3699951171875,227.50999450683594,227.27000427246094,227.49000549316406,227.49000549316406,342579
2024-09-26 15:50:00-04:00,227.49000549316406,227.49000549316406,227.0500030517578,227.11000061035156,227.11000061035156,666513
2024-09-26 15:55:00-04:00,227.1300048828125,227.74000549316406,226.99000549316406,227.6199951171875,227.6199951171875,2091442
2024-09-27 09:30:00-04:00,229.0,229.29989624023438,228.6199951171875,229.0800018310547,229.0800018310547,1826791
2024-09-27 09:35:00-04:00,229.0800018310547,229.1199951171875,228.32000732421875,228.34719848632812,228.34719848632812,609154
2024-09-27 09:40:00-04:00,228.35000610351562,228.60000610351562,227.99000549316406,228.05990600585938,228.05990600585938,594691
2024-09-27 09:45:00-04:00,228.05999755859375,228.96119689941406,228.05999755859375,228.83099365234375,228.83099365234375,618780
2024-09-27 09:50:00-04:00,228.83999633789062,229.1999969482422,228.75999450683594,228.99000549316406,228.99000549316406,498925
2024-09-27 09:55:00-04:00,228.97999572753906,229.11599731445312,228.60000610351562,228.8000030517578,228.8000030517578,335293
2024-09-27 10:00:00-04:00,228.80999755859375,229.52000427246094,228.77999877929688,229.11500549316406,229.11500549316406,738564
2024-09-27 10:05:00-04:00,229.10679626464844,229.39999389648438,228.9600067138672,229.3000030517578,229.3000030517578,445375
2024-09-27 10:10:00-04:00,229.2899932861328,229.33299255371094,228.92999267578125,229.0399932861328,229.0399932861328,408957
2024-09-27 10:15:00-04:00,229.0399932861328,229.20989990234375,228.83999633789062,228.889892578125,228.889892578125,330135
2024-09-27 10:20:00-04:00,228.89199829101562,229.1602020263672,228.85000610351562,229.0,229.0,375354
2024-09-27 10:25:00-04:00,229.0,229.2698974609375,228.91229248046875,228.96499633789062,228.96499633789062,292997
2024-09-27 10:30:00-04:00,228.96499633789062,229.00999450683594,228.5,228.54989624023438,228.54989624023438,478859
2024-09-27 10:35:00-04:00,228.55999755859375,228.8719940185547,228.5399932861328,228.8300018310547,228.8300018310547,290754
2024-09-27 10:40:00-04:00,228.82000732421875,228.89990234375,228.5500030517578,228.57200622558594,228.57200622558594,249188
2024-09-27 10:45:00-04:00,228.57310485839844,228.92579650878906,228.55999755859375,228.88999938964844,228.88999938964844,260232
2024-09-27 10:50:00-04:00,228.91000366210938,229.07000732421875,228.69000244140625,228.86500549316406,228.86500549316406,283545
2024-09-27 10:55:00-04:00,228.8699951171875,228.8699951171875,228.6009979248047,228.63999938964844,228.63999938964844,246494
2024-09-27 11:00:00-04:00,228.63999938964844,228.63999938964844,228.5,228.55999755859375,228.55999755859375,230776
2024-09-27 11:05:00-04:00,228.2550048828125,228.3699951171875,228.02000427246094,228.19000244140625,228.19000244140625,476155
2024-09-27 11:10:00-04:00,228.19000244140625,228.4199981689453,227.9373016357422,228.16299438476562,228.16299438476562,351089
2024-09-27 11:15:00-04:00,228.16000366210938,228.22000122070312,227.9499969482422,227.9949951171875,227.9949951171875,319892
2024-09-27 11:20:00-04:00,227.99000549316406,228.1300048828125,227.83999633789062,227.9600067138672,227.9600067138672,667400
2024-09-27 11:25:00-04:00,227.97999572753906,228.24000549316406,227.92999267578125,228.1300048828125,228.1300048828125,216985
2024-09-27 11:30:00-04:00,228.1199951171875,228.1199951171875,227.6699981689453,227.75999450683594,227.75999450683594,301155
2024-09-27 11:35:00-04:00,227.77000427246094,227.99000549316406,227.76499938964844,227.9600067138672,227.9600067138672,144572
2024-09-27 11:40:00-04:00,227.96499633789062,228.25,227.8699951171875,228.11000061035156,228.11000061035156,200882
2024-09-27 11:45:00-04:00,228.1300048828125,228.1699981689453,227.69000244140625,227.69000244140625,227.69000244140625,188922
2024-09-27 11:50:00-04:00,227.69769287109375,227.69769287109375,227.3000030517578,227.60000610351562,227.60000610351562,451440
2024-09-27 11:55:00-04:00,227.66000366210938,227.71200561523438,227.3699951171875,227.50999450683594,227.50999450683594,836318
2024-09-27 12:00:00-04:00,227.50999450683594,227.8699951171875,227.44000244140625,227.7949981689453,227.7949981689453,190567
2024-09-27 12:05:00-04:00,227.8000030517578,227.9499969482422,227.57000732421875,227.60000610351562,227.60000610351562,174039
2024-09-27 12:10:00-04:00,227.61630249023438,227.74000549316406,227.4499969482422,227.69000244140625,227.69000244140625,224538
2024-09-27 12:15:00-04:00,227.70010375976562,227.97000122070312,227.64309692382812,227.8699951171875,227.8699951171875,228569
2024-09-27 12:20:00-04:00,227.8699951171875,227.94000244140625,227.77000427246094,227.91000366210938,227.91000366210938,154802
2024-09-27 12:25:00-04:00,227.9199981689453,228.25,227.8699951171875,228.14999389648438,228.14999389648438,243554
2024-09-27 12:30:00-04:00,228.13999938964844,228.22000122070312,228.052001953125,228.16000366210938,228.16000366210938,126609
2024-09-27 12:35:00-04:00,228.1678924560547,228.33999633789062,228.14999389648438,228.2449951171875,228.2449951171875,151473
2024-09-27 12:40:00-04:00,228.24000549316406,228.3300018310547,228.17999267578125,228.30990600585938,228.30990600585938,137410
2024-09-27 12:45:00-04:00,228.2899932861328,228.3000030517578,228.1699981689453,228.2100067138672,228.2100067138672,118092
2024-09-27 12:50:00-04:00,228.2100067138672,228.25,228.02000427246094,228.04580688476562,228.04580688476562,144421
2024-09-27 12:55:00-04:00,228.05999755859375,228.3282928466797,228.0500030517578,228.32000732421875,228.32000732421875,182023
2024-09-27 13:00:00-04:00,228.33999633789062,228.6199951171875,228.3300018310547,228.5500030517578,228.5500030517578,283494
2024-09-27 13:05:00-04:00,228.50999450683594,228.5290069580078,228.17999267578125,228.21090698242188,228.21090698242188,156150
2024-09-27 13:10:00-04:00,228.2100067138672,228.2899932861328,228.01829528808594,228.0500030517578,228.0500030517578,174354
2024-09-27 13:15:00-04:00,228.06500244140625,228.16000366210938,227.9600067138672,227.99000549316406,227.99000549316406,141685
2024-09-27 13:20:00-04:00,227.99000549316406,228.139404296875,227.9199981689453,228.11000061035156,228.11000061035156,167836
2024-09-27 13:25:00-04:00,228.11000061035156,228.12710571289062,227.97999572753906,227.9949951171875,227.9949951171875,130662
2024-09-27 13:30:00-04:00,227.99000549316406,228.14869689941406,227.92999267578125,227.98500061035156,227.98500061035156,143198
2024-09-27 13:35:00-04:00,227.9886932373047,227.99000549316406,227.80999755859375,227.87579345703125,227.87579345703125,140212
2024-09-27 13:40:00-04:00,227.86599731445312,228.07000732421875,227.84860229492188,228.05499267578125,228.05499267578125,143336
2024-09-27 13:45:00-04:00,228.07000732421875,228.0800018310547,227.8800048828125,227.90499877929688,227.90499877929688,98948
2024-09-27 13:50:00-04:00,227.89999389648438,228.1439971923828,227.89999389648438,228.125,228.125,105607
2024-09-27 13:55:00-04:00,228.1199951171875,228.38409423828125,228.08999633789062,228.36500549316406,228.36500549316406,230896
2024-09-27 14:00:00-04:00,228.36000061035156,228.52000427246094,228.19000244140625,228.22999572753906,228.22999572753906,194305
2024-09-27 14:05:00-04:00,228.2449951171875,228.3249969482422,228.08999633789062,228.08999633789062,228.08999633789062,146363
2024-09-27 14:10:00-04:00,228.09750366210938,228.09750366210938,227.89999389648438,227.9521026611328,227.9521026611328,246386
2024-09-27 14:15:00-04:00,227.9499969482422,228.0399932861328,227.85000610351562,227.93499755859375,227.93499755859375,158817
2024-09-27 14:20:00-04:00,227.9499969482422,228.13999938964844,227.9499969482422,228.06500244140625,228.06500244140625,204310
2024-09-27 14:25:00-04:00,228.0749969482422,228.11000061035156,227.8300018310547,227.89500427246094,227.89500427246094,196318
2024-09-27 14:30:00-04:00,227.89999389648438,227.931396484375,227.52999877929688,227.7205047607422,227.7205047607422,246973
2024-09-27 14:35:00-04:00,227.72999572753906,227.82200622558594,227.57000732421875,227.75999450683594,227.75999450683594,186188
2024-09-27 14:40:00-04:00,227.75999450683594,227.88999938964844,227.6199951171875,227.8000030517578,227.8000030517578,188003
2024-09-27 14:45:00-04:00,227.7899932861328,228.08990478515625,227.7899932861328,228.02000427246094,228.02000427246094,187538
2024-09-27 14:50:00-04:00,228.01499938964844,228.0655059814453,227.9199981689453,227.97999572753906,227.97999572753906,119079
2024-09-27 14:55:00-04:00,227.9777069091797,228.19000244140625,227.9499969482422,228.10659790039062,228.10659790039062,157407
2024-09-27 15:00:00-04:00,228.11000061035156,228.1199951171875,227.86000061035156,228.0500030517578,228.0500030517578,153494
2024-09-27 15:05:00-04:00,228.0399932861328,228.1199951171875,227.88999938964844,227.9499969482422,227.9499969482422,149853
2024-09-27 15:10:00-04:00,227.9499969482422,228.07000732421875,227.8782958984375,227.93499755859375,227.93499755859375,192007
2024-09-27 15:15:00-04:00,227.92999267578125,228.1300048828125,227.91000366210938,227.9199981689453,227.9199981689453,200649
2024-09-27 15:20:00-04:00,227.93499755859375,228.0500030517578,227.77999877929688,227.84500122070312,227.84500122070312,181230
2024-09-27 15:25:00-04:00,227.83999633789062,227.8800048828125,227.66409301757812,227.80999755859375,227.80999755859375,202735
2024-09-27 15:30:00-04:00,227.82000732421875,227.8800048828125,227.67999267578125,227.82000732421875,227.82000732421875,220716
2024-09-27 15:35:00-04:00,227.82000732421875,227.85000610351562,227.72999572753906,227.74000549316406,227.74000549316406,201279
2024-09-27 15:40:00-04:00,227.72999572753906,227.74989318847656,227.5500030517578,227.69000244140625,227.69000244140625,278917
2024-09-27 15:45:00-04:00,227.69000244140625,227.74000549316406,227.5500030517578,227.5749969482422,227.5749969482422,257451
2024-09-27 15:50:00-04:00,227.55999755859375,227.93499755859375,227.55999755859375,227.72999572753906,227.72999572753906,470465
2024-09-27 15:55:00-04:00,227.92999267578125,228.0,227.7100067138672,227.82000732421875,227.82000732421875,2274326
2024-09-30 09:30:00-04:00,231.0,232.34120178222656,230.94000244140625,232.29200744628906,232.29200744628906,5018142
2024-09-30 09:35:00-04:00,232.2899932861328,232.30999755859375,231.56500244140625,232.11590576171875,232.11590576171875,1291722
2024-09-30 09:40:00-04:00,232.110107421875,232.1999969482422,231.5399932861328,231.5399932861328,231.5399932861328,803458
2024-09-30 09:45:00-04:00,231.55499267578125,231.89999389648438,231.27000427246094,231.62269592285156,231.62269592285156,661990
2024-09-30 09:50:00-04:00,231.6300048828125,231.6750030517578,231.0399932861328,231.33999633789062,231.33999633789062,616018
2024-09-30 09:55:00-04:00,231.3249969482422,231.60000610351562,230.72000122070312,230.9250030517578,230.9250030517578,518412
2024-09-30 10:00:00-04:00,230.9250030517578,231.3300018310547,230.9250030517578,231.1199951171875,231.1199951171875,492989
2024-09-30 10:05:00-04:00,231.1009063720703,231.19000244140625,230.5399932861328,230.82000732421875,230.82000732421875,449720
2024-09-30 10:10:00-04:00,230.83990478515625,230.83990478515625,230.5399932861328,230.6320037841797,230.6320037841797,426023
2024-09-30 10:15:00-04:00,230.63999938964844,230.77999877929688,230.30999755859375,230.5966033935547,230.5966033935547,454535
2024-09-30 10:20:00-04:00,230.58999633789062,230.73989868164062,230.41000366210938,230.5399932861328,230.5399932861328,350428
2024-09-30 10:25:00-04:00,230.5399932861328,231.0,230.3800048828125,230.97999572753906,230.97999572753906,704080
2024-09-30 10:30:00-04:00,230.97000122070312,231.22500610351562,230.75,231.22500610351562,231.22500610351562,535767
2024-09-30 10:35:00-04:00,231.1999969482422,231.5,231.0399932861328,231.11050415039062,231.11050415039062,433784
2024-09-30 10:40:00-04:00,231.1199951171875,231.35000610351562,231.01010131835938,231.09010314941406,231.09010314941406,247605
2024-09-30 10:45:00-04:00,231.1199951171875,231.59559631347656,231.10009765625,231.4600067138672,231.4600067138672,381482
2024-09-30 10:50:00-04:00,231.4600067138672,231.67999267578125,231.4208984375,231.55999755859375,231.55999755859375,348856
2024-09-30 10:55:00-04:00,231.5500030517578,231.75999450683594,231.52999877929688,231.61000061035156,231.61000061035156,298173
2024-09-30 11:00:00-04:00,231.5449981689453,231.72999572753906,231.51150512695312,231.7075958251953,231.7075958251953,334346
2024-09-30 11:05:00-04:00,231.7050018310547,231.91000366210938,231.3800048828125,231.4499969482422,231.4499969482422,510703
2024-09-30 11:10:00-04:00,231.46499633789062,231.82000732421875,231.44000244140625,231.7899932861328,231.7899932861328,287648
2024-09-30 11:15:00-04:00,231.7949981689453,231.87559509277344,231.55999755859375,231.5800018310547,231.5800018310547,313358
2024-09-30 11:20:00-04:00,231.57000732421875,231.72999572753906,231.52000427246094,231.7100067138672,231.7100067138672,215383
2024-09-30 11:25:00-04:00,231.71499633789062,232.04989624023438,231.7100067138672,231.89999389648438,231.89999389648438,682189
2024-09-30 11:30:00-04:00,232.02000427246094,232.15499877929688,231.84129333496094,231.91000366210938,231.91000366210938,443515
2024-09-30 11:35:00-04:00,231.9398956298828,232.17990112304688,231.83999633789062,231.9801025390625,231.9801025390625,339903
2024-09-30 11:40:00-04:00,231.99000549316406,232.07000732421875,231.8300018310547,232.0500030517578,232.0500030517578,321668
2024-09-30 11:45:00-04:00,232.0500030517578,232.22000122070312,231.94000244140625,232.19000244140625,232.19000244140625,277168
2024-09-30 11:50:00-04:00,232.17999267578125,232.42999267578125,232.0800018310547,232.27000427246094,232.27000427246094,436489
2024-09-30 11:55:00-04:00,232.28500366210938,232.36000061035156,232.1300048828125,232.25,232.25,260861
2024-09-30 12:00:00-04:00,232.25,232.41000366210938,232.13999938964844,232.3249969482422,232.3249969482422,282663
2024-09-30 12:05:00-04:00,232.3300018310547,232.50999450683594,232.3137969970703,232.42999267578125,232.42999267578125,403635
2024-09-30 12:10:00-04:00,232.4550018310547,232.52000427246094,232.17999267578125,232.3300018310547,232.3300018310547,393456
2024-09-30 12:15:00-04:00,232.35000610351562,232.41990661621094,232.25999450683594,232.30999755859375,232.30999755859375,201321
2024-09-30 12:20:00-04:00,232.30499267578125,232.53829956054688,232.11000061035156,232.13499450683594,232.13499450683594,414430
2024-09-30 12:25:00-04:00,232.139892578125,232.2698974609375,232.0800018310547,232.1199951171875,232.1199951171875,172828
2024-09-30 12:30:00-04:00,232.1199951171875,232.13999938964844,231.82000732421875,231.89999389648438,231.89999389648438,286359
2024-09-30 12:35:00-04:00,231.88999938964844,232.19309997558594,231.88999938964844,232.0998992919922,232.0998992919922,215705
2024-09-30 12:40:00-04:00,232.0850067138672,232.1699981689453,231.99200439453125,232.11000061035156,232.11000061035156,177071
2024-09-30 12:45:00-04:00,232.10000610351562,232.16000366210938,231.9499969482422,232.13999938964844,232.13999938964844,148328
2024-09-30 12:50:00-04:00,232.12879943847656,232.1999969482422,231.9600067138672,232.0,232.0,159011
2024-09-30 12:55:00-04:00,231.9949951171875,232.00999450683594,231.74000549316406,231.7877960205078,231.7877960205078,233660
2024-09-30 13:00:00-04:00,231.77999877929688,232.03990173339844,231.77999877929688,231.781005859375,231.781005859375,174230
2024-09-30 13:05:00-04:00,231.77999877929688,231.8699951171875,231.64999389648438,231.656494140625,231.656494140625,184995
2024-09-30 13:10:00-04:00,231.64999389648438,231.80810546875,231.38999938964844,231.4550018310547,231.4550018310547,375361
2024-09-30 13:15:00-04:00,231.4550018310547,231.7100067138672,231.30999755859375,231.66259765625,231.66259765625,201650
2024-09-30 13:20:00-04:00,231.6649932861328,231.9600067138672,231.625,231.85000610351562,231.85000610351562,197783
2024-09-30 13:25:00-04:00,231.85989379882812,231.92909240722656,231.63999938964844,231.64500427246094,231.64500427246094,146613
2024-09-30 13:30:00-04:00,231.64999389648438,231.80999755859375,231.55999755859375,231.5850067138672,231.5850067138672,196262
2024-09-30 13:35:00-04:00,231.58990478515625,231.64999389648438,231.44500732421875,231.44500732421875,231.44500732421875,197325
2024-09-30 13:40:00-04:00,231.4600067138672,231.52999877929688,231.32029724121094,231.5,231.5,208986
2024-09-30 13:45:00-04:00,231.5,231.64999389648438,231.42999267578125,231.61419677734375,231.61419677734375,174499
2024-09-30 13:50:00-04:00,231.6199951171875,231.75999450683594,231.5500946044922,231.75,231.75,198639
2024-09-30 13:55:00-04:00,231.7550048828125,232.0,231.58999633789062,231.83999633789062,231.83999633789062,293888
2024-09-30 14:00:00-04:00,231.8249969482422,231.889892578125,231.63999938964844,231.6999969482422,231.6999969482422,171568
2024-09-30 14:05:00-04:00,231.6999969482422,231.75990295410156,231.5413055419922,231.72000122070312,231.72000122070312,190563
2024-09-30 14:10:00-04:00,231.6999969482422,231.72000122070312,231.44320678710938,231.50999450683594,231.50999450683594,260204
2024-09-30 14:15:00-04:00,231.5,231.55560302734375,231.0800018310547,231.09010314941406,231.09010314941406,318124
2024-09-30 14:20:00-04:00,231.08909606933594,231.1999969482422,230.5500030517578,230.8300018310547,230.8300018310547,536879
2024-09-30 14:25:00-04:00,230.83999633789062,231.11000061035156,230.63999938964844,231.00999450683594,231.00999450683594,358417
2024-09-30 14:30:00-04:00,231.0,231.4799041748047,230.77639770507812,231.3249969482422,231.3249969482422,324256
2024-09-30 14:35:00-04:00,231.3249969482422,231.7100067138672,231.25999450683594,231.6490020751953,231.6490020751953,315277
2024-09-30 14:40:00-04:00,231.66000366210938,231.80999755859375,231.5,231.8000946044922,231.8000946044922,280948
2024-09-30 14:45:00-04:00,231.82000732421875,231.91000366210938,231.6750030517578,231.7100067138672,231.7100067138672,273792
2024-09-30 14:50:00-04:00,231.7100067138672,231.8800048828125,231.57000732421875,231.8300018310547,231.8300018310547,230073
2024-09-30 14:55:00-04:00,231.81500244140625,231.8800048828125,231.7100067138672,231.75160217285156,231.75160217285156,162586
2024-09-30 15:00:00-04:00,231.72500610351562,231.75990295410156,231.45010375976562,231.6199951171875,231.6199951171875,274082
2024-09-30 15:05:00-04:00,231.625,231.8300018310547,231.49000549316406,231.6199951171875,231.6199951171875,370157
2024-09-30 15:10:00-04:00,231.61500549316406,231.6199951171875,231.32000732421875,231.4149932861328,231.4149932861328,273073
2024-09-30 15:15:00-04:00,231.4149932861328,231.4799041748047,231.3300018310547,231.34500122070312,231.34500122070312,266324
2024-09-30 15:20:00-04:00,231.34140014648438,231.41000366210938,231.17999267578125,231.23500061035156,231.23500061035156,325586
2024-09-30 15:25:00-04:00,231.22999572753906,231.30499267578125,231.0399932861328,231.22000122070312,231.22000122070312,289676
2024-09-30 15:30:00-04:00,231.2050018310547,231.34689331054688,231.16000366210938,231.23440551757812,231.23440551757812,315761
2024-09-30 15:35:00-04:00,231.24000549316406,231.33999633789062,231.11000061035156,231.28970336914062,231.28970336914062,360120
2024-09-30 15:40:00-04:00,231.28500366210938,231.42999267578125,231.17999267578125,231.38999938964844,231.38999938964844,456992
2024-09-30 15:45:00-04:00,231.38999938964844,231.67999267578125,231.32009887695312,231.4340057373047,231.4340057373047,601163
2024-09-30 15:50:00-04:00,231.42999267578125,232.47000122070312,231.42999267578125,232.19000244140625,232.19000244140625,2321975
2024-09-30 15:55:00-04:00,232.1999969482422,233.0,232.19000244140625,233.0,233.0,5021987
2024-10-01 09:30:00-04:00,228.5,228.77000427246094,227.25,227.64500427246094,227.64500427246094,6018177
2024-10-01 09:35:00-04:00,227.61000061035156,227.6699981689453,226.30999755859375,226.75999450683594,226.75999450683594,2130824
2024-10-01 09:40:00-04:00,226.74000549316406,226.92919921875,226.39999389648438,226.58999633789062,226.58999633789062,1194704
2024-10-01 09:45:00-04:00,226.80999755859375,226.90899658203125,226.10000610351562,226.11500549316406,226.11500549316406,1379218
2024-10-01 09:50:00-04:00,226.08999633789062,226.30999755859375,225.77000427246094,226.00990295410156,226.00990295410156,1287942
2024-10-01 09:55:00-04:00,226.00990295410156,226.1544952392578,225.6199951171875,226.125,226.125,1195642
2024-10-01 10:00:00-04:00,226.11480712890625,226.2899932861328,225.47999572753906,226.0050048828125,226.0050048828125,1191386
2024-10-01 10:05:00-04:00,225.99000549316406,226.24000549316406,225.4499969482422,225.4600067138672,225.4600067138672,952348
2024-10-01 10:10:00-04:00,225.1999969482422,225.65499877929688,225.1699981689453,225.3699951171875,225.3699951171875,998782
2024-10-01 10:15:00-04:00,225.3699951171875,225.3699951171875,224.75,225.05870056152344,225.05870056152344,963127
2024-10-01 10:20:00-04:00,225.0500030517578,225.3300018310547,224.97999572753906,225.11000061035156,225.11000061035156,794523
2024-10-01 10:25:00-04:00,225.25,225.27000427246094,224.66000366210938,224.9600067138672,224.9600067138672,679186
2024-10-01 10:30:00-04:00,224.6999969482422,225.01559448242188,224.5399932861328,224.76390075683594,224.76390075683594,576380
2024-10-01 10:35:00-04:00,224.72000122070312,225.0,224.63999938964844,224.92999267578125,224.92999267578125,592231
2024-10-01 10:40:00-04:00,224.92999267578125,225.47000122070312,224.89999389648438,225.2100067138672,225.2100067138672,776313
2024-10-01 10:45:00-04:00,225.23500061035156,225.32000732421875,224.99000549316406,225.01499938964844,225.01499938964844,504015
2024-10-01 10:50:00-04:00,224.94000244140625,225.11000061035156,224.86000061035156,225.03399658203125,225.03399658203125,437132
2024-10-01 10:55:00-04:00,225.0500030517578,225.3800048828125,225.02999877929688,225.32000732421875,225.32000732421875,445082
2024-10-01 11:00:00-04:00,225.1407928466797,225.1407928466797,224.860107421875,224.889892578125,224.889892578125,437570
2024-10-01 11:05:00-04:00,224.8249969482422,224.92999267578125,224.58999633789062,224.63999938964844,224.63999938964844,602841
2024-10-01 11:10:00-04:00,224.6300048828125,224.88999938964844,224.52000427246094,224.7899932861328,224.7899932861328,451839
2024-10-01 11:15:00-04:00,224.78500366210938,224.9600067138672,224.68359375,224.71009826660156,224.71009826660156,402294
2024-10-01 11:20:00-04:00,224.72999572753906,224.97799682617188,224.681396484375,224.94000244140625,224.94000244140625,1452914
2024-10-01 11:25:00-04:00,224.9499969482422,225.5,224.8699951171875,225.47500610351562,225.47500610351562,559939
2024-10-01 11:30:00-04:00,225.47000122070312,225.5,225.0500030517578,225.46319580078125,225.46319580078125,385088
2024-10-01 11:35:00-04:00,225.4550018310547,225.6199951171875,225.22999572753906,225.5885009765625,225.5885009765625,477944
2024-10-01 11:40:00-04:00,225.5850067138672,225.94000244140625,225.50999450683594,225.69009399414062,225.69009399414062,548737
2024-10-01 11:45:00-04:00,225.69000244140625,225.69000244140625,225.27999877929688,225.47500610351562,225.47500610351562,375097
2024-10-01 11:50:00-04:00,225.47999572753906,225.77000427246094,225.47999572753906,225.58990478515625,225.58990478515625,283203
2024-10-01 11:55:00-04:00,225.60499572753906,225.6699981689453,225.2100067138672,225.22000122070312,225.22000122070312,349591
2024-10-01 12:00:00-04:00,225.2100067138672,225.53990173339844,225.0749969482422,225.4398956298828,225.4398956298828,321028
2024-10-01 12:05:00-04:00,225.44000244140625,225.67250061035156,225.4300994873047,225.63909912109375,225.63909912109375,333009
2024-10-01 12:10:00-04:00,225.6199951171875,225.82000732421875,225.19000244140625,225.2899932861328,225.2899932861328,319234
2024-10-01 12:15:00-04:00,225.30999755859375,225.51170349121094,225.25689697265625,225.4600067138672,225.4600067138672,253559
2024-10-01 12:20:00-04:00,225.4586944580078,225.65139770507812,225.41000366210938,225.4243927001953,225.4243927001953,326919
2024-10-01 12:25:00-04:00,225.44000244140625,225.52999877929688,225.2050018310547,225.31300354003906,225.31300354003906,1262853
2024-10-01 12:30:00-04:00,225.3000030517578,225.39500427246094,224.77000427246094,225.0749969482422,225.0749969482422,501489
2024-10-01 12:35:00-04:00,225.05499267578125,225.2100067138672,224.64999389648438,224.72999572753906,224.72999572753906,388867
2024-10-01 12:40:00-04:00,224.72999572753906,224.92999267578125,224.42999267578125,224.5189971923828,224.5189971923828,379974
2024-10-01 12:45:00-04:00,224.5395050048828,224.60000610351562,224.26780700683594,224.44000244140625,224.44000244140625,385973
2024-10-01 12:50:00-04:00,224.44149780273438,224.9600067138672,224.42999267578125,224.7801055908203,224.7801055908203,394275
2024-10-01 12:55:00-04:00,224.8000030517578,225.0,224.5301055908203,224.75,224.75,326437
2024-10-01 13:00:00-04:00,224.75999450683594,224.77000427246094,224.61000061035156,224.6313018798828,224.6313018798828,289007
2024-10-01 13:05:00-04:00,224.63999938964844,224.66000366210938,224.2100067138672,224.3000030517578,224.3000030517578,313211
2024-10-01 13:10:00-04:00,224.30389404296875,224.60000610351562,224.2100067138672,224.22999572753906,224.22999572753906,299544
2024-10-01 13:15:00-04:00,224.23500061035156,224.24000549316406,223.93789672851562,224.00999450683594,224.00999450683594,558935
2024-10-01 13:20:00-04:00,224.01499938964844,224.1999969482422,223.9600067138672,224.02499389648438,224.02499389648438,352616
2024-10-01 13:25:00-04:00,224.02999877929688,224.02999877929688,223.74000549316406,223.92999267578125,223.92999267578125,438729
2024-10-01 13:30:00-04:00,223.92999267578125,224.61500549316406,223.83999633789062,224.52000427246094,224.52000427246094,558291
2024-10-01 13:35:00-04:00,224.49000549316406,224.5,224.22000122070312,224.32000732421875,224.32000732421875,285786
2024-10-01 13:40:00-04:00,224.3000030517578,224.63999938964844,224.25999450683594,224.54010009765625,224.54010009765625,320949
2024-10-01 13:45:00-04:00,224.5500030517578,224.66000366210938,224.36000061035156,224.41000366210938,224.41000366210938,294227
2024-10-01 13:50:00-04:00,224.38999938964844,224.64999389648438,224.3800048828125,224.6199951171875,224.6199951171875,255469
2024-10-01 13:55:00-04:00,224.6199951171875,225.16000366210938,224.6199951171875,225.1300048828125,225.1300048828125,521589
2024-10-01 14:00:00-04:00,225.1199951171875,225.42999267578125,225.06260681152344,225.1999969482422,225.1999969482422,426927
2024-10-01 14:05:00-04:00,225.19000244140625,225.36000061035156,225.11000061035156,225.2899932861328,225.2899932861328,313073
2024-10-01 14:10:00-04:00,225.2801055908203,225.57989501953125,225.1999969482422,225.4499969482422,225.4499969482422,301431
2024-10-01 14:15:00-04:00,225.4199981689453,225.63999938964844,225.3699951171875,225.47999572753906,225.47999572753906,340489
2024-10-01 14:20:00-04:00,225.48989868164062,225.5717010498047,225.17999267578125,225.3000030517578,225.3000030517578,283455
2024-10-01 14:25:00-04:00,225.3000030517578,225.48199462890625,225.24000549316406,225.4600067138672,225.4600067138672,214261
2024-10-01 14:30:00-04:00,225.44000244140625,225.73500061035156,225.41000366210938,225.5,225.5,324933
2024-10-01 14:35:00-04:00,225.5198974609375,225.5800018310547,225.24600219726562,225.5399932861328,225.5399932861328,284945
2024-10-01 14:40:00-04:00,225.54750061035156,225.60000610351562,225.29379272460938,225.46499633789062,225.46499633789062,347251
2024-10-01 14:45:00-04:00,225.46009826660156,225.56500244140625,225.3699951171875,225.44000244140625,225.44000244140625,228791
2024-10-01 14:50:00-04:00,225.44000244140625,225.60000610351562,225.3300018310547,225.44000244140625,225.44000244140625,313172
2024-10-01 14:55:00-04:00,225.44760131835938,225.6300048828125,225.41000366210938,225.60400390625,225.60400390625,320141
2024-10-01 15:00:00-04:00,225.60000610351562,225.66000366210938,225.51499938964844,225.6300048828125,225.6300048828125,231177
2024-10-01 15:05:00-04:00,225.6300048828125,225.9199981689453,225.57000732421875,225.8249053955078,225.8249053955078,360516
2024-10-01 15:10:00-04:00,225.82000732421875,225.8800048828125,225.74000549316406,225.84010314941406,225.84010314941406,292500
2024-10-01 15:15:00-04:00,225.84500122070312,226.0,225.75,225.97000122070312,225.97000122070312,440600
2024-10-01 15:20:00-04:00,225.97999572753906,226.1699981689453,225.91000366210938,226.05999755859375,226.05999755859375,546906
2024-10-01 15:25:00-04:00,226.07000732421875,226.1884002685547,226.02999877929688,226.1501007080078,226.1501007080078,511443
2024-10-01 15:30:00-04:00,226.14999389648438,226.22999572753906,226.0500030517578,226.1300048828125,226.1300048828125,460148
2024-10-01 15:35:00-04:00,226.13999938964844,226.22459411621094,225.92999267578125,226.02999877929688,226.02999877929688,623151
2024-10-01 15:40:00-04:00,226.02999877929688,226.33999633789062,226.02999877929688,226.1750030517578,226.1750030517578,624346
2024-10-01 15:45:00-04:00,226.17999267578125,226.25,225.87570190429688,225.94610595703125,225.94610595703125,498146
2024-10-01 15:50:00-04:00,225.9600067138672,226.30999755859375,225.88999938964844,225.9199981689453,225.9199981689453,837441
2024-10-01 15:55:00-04:00,225.92999267578125,226.2899932861328,225.8800048828125,226.25999450683594,226.25999450683594,2000874
2024-10-02 09:30:00-04:00,225.88999938964844,226.11000061035156,224.5,224.56500244140625,224.56500244140625,2063932
2024-10-02 09:35:00-04:00,224.5500030517578,224.6999969482422,223.85000610351562,224.23500061035156,224.23500061035156,1226793
2024-10-02 09:40:00-04:00,224.22000122070312,224.27999877929688,223.6300048828125,223.6501007080078,223.6501007080078,727602
2024-10-02 09:45:00-04:00,223.64999389648438,224.6199951171875,223.5500030517578,224.4499969482422,224.4499969482422,873827
2024-10-02 09:50:00-04:00,224.45199584960938,224.52000427246094,223.41000366210938,223.4499969482422,223.4499969482422,629397
2024-10-02 09:55:00-04:00,223.4550018310547,223.59800720214844,223.2100067138672,223.36000061035156,223.36000061035156,898081
2024-10-02 10:00:00-04:00,223.375,224.33999633789062,223.02999877929688,224.3000030517578,224.3000030517578,782030
2024-10-02 10:05:00-04:00,224.3350067138672,224.39999389648438,223.99000549316406,224.29640197753906,224.29640197753906,459621
2024-10-02 10:10:00-04:00,224.2801055908203,224.69000244140625,224.2801055908203,224.57000732421875,224.57000732421875,545526
2024-10-02 10:15:00-04:00,224.55999755859375,224.98399353027344,224.5,224.9080047607422,224.9080047607422,418350
2024-10-02 10:20:00-04:00,224.91000366210938,225.0,224.5500030517578,224.74009704589844,224.74009704589844,364502
2024-10-02 10:25:00-04:00,224.75999450683594,225.4199981689453,224.74000549316406,225.4199981689453,225.4199981689453,395515
2024-10-02 10:30:00-04:00,225.39999389648438,225.74000549316406,225.27000427246094,225.55999755859375,225.55999755859375,417516
2024-10-02 10:35:00-04:00,225.55499267578125,225.97000122070312,225.50050354003906,225.94500732421875,225.94500732421875,372191
2024-10-02 10:40:00-04:00,225.9405059814453,226.1699981689453,225.8773956298828,225.91400146484375,225.91400146484375,493638
2024-10-02 10:45:00-04:00,225.889892578125,226.38999938964844,225.8300018310547,226.3300018310547,226.3300018310547,467459
2024-10-02 10:50:00-04:00,226.3300018310547,226.3726043701172,225.6699981689453,225.77999877929688,225.77999877929688,506590
2024-10-02 10:55:00-04:00,225.77999877929688,226.0800018310547,225.72000122070312,226.0800018310547,226.0800018310547,431116
2024-10-02 11:00:00-04:00,226.0850067138672,226.32000732421875,225.91000366210938,226.24000549316406,226.24000549316406,401162
2024-10-02 11:05:00-04:00,226.2550048828125,226.33999633789062,225.94000244140625,226.27000427246094,226.27000427246094,293045
2024-10-02 11:10:00-04:00,226.28399658203125,226.35000610351562,226.0800018310547,226.1300048828125,226.1300048828125,217070
2024-10-02 11:15:00-04:00,226.33999633789062,226.60000610351562,226.2899932861328,226.57000732421875,226.57000732421875,451963
2024-10-02 11:20:00-04:00,226.56919860839844,226.5800018310547,226.14999389648438,226.23500061035156,226.23500061035156,302808
2024-10-02 11:25:00-04:00,226.22019958496094,226.25999450683594,226.0,226.2050018310547,226.2050018310547,232087
2024-10-02 11:30:00-04:00,226.22000122070312,226.67999267578125,226.1649932861328,226.64999389648438,226.64999389648438,509592
2024-10-02 11:35:00-04:00,226.64990234375,226.85000610351562,226.5800018310547,226.64999389648438,226.64999389648438,426834
2024-10-02 11:40:00-04:00,226.67999267578125,227.0500030517578,226.60000610351562,227.0399932861328,227.0399932861328,602645
2024-10-02 11:45:00-04:00,227.0399932861328,227.0399932861328,226.64999389648438,226.80999755859375,226.80999755859375,246446
2024-10-02 11:50:00-04:00,226.80499267578125,226.9499053955078,226.7700958251953,226.7899932861328,226.7899932861328,191296
2024-10-02 11:55:00-04:00,226.79110717773438,226.85000610351562,226.55499267578125,226.83999633789062,226.83999633789062,299051
2024-10-02 12:00:00-04:00,226.85000610351562,226.94000244140625,226.75999450683594,226.8300018310547,226.8300018310547,179396
2024-10-02 12:05:00-04:00,226.8300018310547,226.89999389648438,226.64999389648438,226.73019409179688,226.73019409179688,197292
2024-10-02 12:10:00-04:00,226.75,226.9199981689453,226.74009704589844,226.82000732421875,226.82000732421875,178340
2024-10-02 12:15:00-04:00,226.8300018310547,226.9499969482422,226.77999877929688,226.8000030517578,226.8000030517578,179437
2024-10-02 12:20:00-04:00,226.8000030517578,226.94000244140625,226.66000366210938,226.8916015625,226.8916015625,740801
2024-10-02 12:25:00-04:00,226.89999389648438,227.0,226.83999633789062,226.95199584960938,226.95199584960938,203582
2024-10-02 12:30:00-04:00,226.9499969482422,226.9499969482422,226.7100067138672,226.75,226.75,199029
2024-10-02 12:35:00-04:00,226.75,226.8800048828125,226.6699981689453,226.8699951171875,226.8699951171875,171463
2024-10-02 12:40:00-04:00,226.87989807128906,226.8939971923828,226.75999450683594,226.80999755859375,226.80999755859375,183400
2024-10-02 12:45:00-04:00,226.81500244140625,226.9499969482422,226.72500610351562,226.86000061035156,226.86000061035156,150285
2024-10-02 12:50:00-04:00,226.86500549316406,226.97999572753906,226.8101043701172,226.9199981689453,226.9199981689453,125880
2024-10-02 12:55:00-04:00,226.92999267578125,227.02999877929688,226.6199951171875,226.63499450683594,226.63499450683594,293542
2024-10-02 13:00:00-04:00,226.6300048828125,226.9600067138672,226.58999633789062,226.9550018310547,226.9550018310547,171906
2024-10-02 13:05:00-04:00,226.9499969482422,227.03939819335938,226.7899932861328,226.9250030517578,226.9250030517578,208513
2024-10-02 13:10:00-04:00,226.92999267578125,227.02000427246094,226.7100067138672,226.94000244140625,226.94000244140625,220605
2024-10-02 13:15:00-04:00,226.88999938964844,226.9199981689453,226.74400329589844,226.86000061035156,226.86000061035156,133314
2024-10-02 13:20:00-04:00,226.86000061035156,226.88499450683594,226.7404022216797,226.764404296875,226.764404296875,134792
2024-10-02 13:25:00-04:00,226.77000427246094,226.97999572753906,226.66000366210938,226.95989990234375,226.95989990234375,180299
2024-10-02 13:30:00-04:00,226.94000244140625,227.02000427246094,226.36990356445312,226.42999267578125,226.42999267578125,321773
2024-10-02 13:35:00-04:00,226.41990661621094,226.8498992919922,226.35000610351562,226.8000030517578,226.8000030517578,241672
2024-10-02 13:40:00-04:00,226.8000030517578,226.85000610351562,226.5800018310547,226.69000244140625,226.69000244140625,169804
2024-10-02 13:45:00-04:00,226.67999267578125,227.07000732421875,226.6699981689453,227.0399932861328,227.0399932861328,219066
2024-10-02 13:50:00-04:00,227.0301971435547,227.13999938964844,227.0,227.08380126953125,227.08380126953125,168251
2024-10-02 13:55:00-04:00,227.08999633789062,227.1300048828125,227.02000427246094,227.11599731445312,227.11599731445312,166617
2024-10-02 14:00:00-04:00,227.11000061035156,227.17999267578125,227.02999877929688,227.0800018310547,227.0800018310547,181419
2024-10-02 14:05:00-04:00,227.08999633789062,227.1300048828125,227.0166015625,227.08999633789062,227.08999633789062,180920
2024-10-02 14:10:00-04:00,227.0800018310547,227.14999389648438,227.0500030517578,227.07400512695312,227.07400512695312,180079
2024-10-02 14:15:00-04:00,227.0749969482422,227.125,227.0500030517578,227.08999633789062,227.08999633789062,157912
2024-10-02 14:20:00-04:00,227.10499572753906,227.139892578125,226.9199981689453,226.94000244140625,226.94000244140625,185699
2024-10-02 14:25:00-04:00,226.95249938964844,227.0500030517578,226.4600067138672,226.82000732421875,226.82000732421875,245123
2024-10-02 14:30:00-04:00,226.8000030517578,226.9199981689453,226.64999389648438,226.8800048828125,226.8800048828125,151585
2024-10-02 14:35:00-04:00,226.8699951171875,226.9199981689453,226.74000549316406,226.78500366210938,226.78500366210938,125856
2024-10-02 14:40:00-04:00,226.7899932861328,226.9199981689453,226.77999877929688,226.8300018310547,226.8300018310547,142156
2024-10-02 14:45:00-04:00,226.8300018310547,226.94000244140625,226.77000427246094,226.89999389648438,226.89999389648438,189567
2024-10-02 14:50:00-04:00,226.9199981689453,226.97000122070312,226.8300018310547,226.9228973388672,226.9228973388672,134851
2024-10-02 14:55:00-04:00,226.92999267578125,226.9600067138672,226.84030151367188,226.89999389648438,226.89999389648438,151604
2024-10-02 15:00:00-04:00,226.89999389648438,227.0500946044922,226.86000061035156,227.0399932861328,227.0399932861328,188126
2024-10-02 15:05:00-04:00,227.02999877929688,227.08999633789062,226.97000122070312,227.04800415039062,227.04800415039062,172823
2024-10-02 15:10:00-04:00,227.05999755859375,227.1300048828125,227.00070190429688,227.10499572753906,227.10499572753906,200172
2024-10-02 15:15:00-04:00,227.10499572753906,227.22000122070312,227.03500366210938,227.1699981689453,227.1699981689453,225494
2024-10-02 15:20:00-04:00,227.1699981689453,227.2698974609375,227.16000366210938,227.22999572753906,227.22999572753906,192602
2024-10-02 15:25:00-04:00,227.22000122070312,227.3300018310547,227.20010375976562,227.24000549316406,227.24000549316406,230520
2024-10-02 15:30:00-04:00,227.22500610351562,227.25999450683594,227.07000732421875,227.11500549316406,227.11500549316406,262150
2024-10-02 15:35:00-04:00,227.1199951171875,227.27000427246094,227.1199951171875,227.24000549316406,227.24000549316406,229817
2024-10-02 15:40:00-04:00,227.2418975830078,227.3300018310547,227.12109375,227.2519989013672,227.2519989013672,271180
2024-10-02 15:45:00-04:00,227.25,227.3699951171875,227.18499755859375,227.24000549316406,227.24000549316406,365475
2024-10-02 15:50:00-04:00,227.22000122070312,227.3000030517578,226.8907928466797,227.02999877929688,227.02999877929688,518513
2024-10-02 15:55:00-04:00,227.02000427246094,227.0749969482422,226.69009399414062,226.80999755859375,226.80999755859375,1146848
2024-10-03 09:30:00-04:00,225.24000549316406,225.8300018310547,224.88999938964844,225.7050018310547,225.7050018310547,1447185
2024-10-03 09:35:00-04:00,225.72999572753906,226.41000366210938,225.72000122070312,226.20599365234375,226.20599365234375,499887
2024-10-03 09:40:00-04:00,226.14999389648438,226.49000549316406,225.9550018310547,225.97999572753906,225.97999572753906,435341
2024-10-03 09:45:00-04:00,225.97999572753906,226.27000427246094,225.57009887695312,226.11000061035156,226.11000061035156,560358
2024-10-03 09:50:00-04:00,226.0800018310547,226.39999389648438,226.00999450683594,226.2530059814453,226.2530059814453,295248
2024-10-03 09:55:00-04:00,226.27000427246094,226.6999969482422,226.22000122070312,226.30499267578125,226.30499267578125,417843
2024-10-03 10:00:00-04:00,226.30999755859375,226.8000030517578,226.25,226.52499389648438,226.52499389648438,492499
2024-10-03 10:05:00-04:00,226.5301055908203,226.66700744628906,226.1800994873047,226.38999938964844,226.38999938964844,347591
2024-10-03 10:10:00-04:00,226.39999389648438,226.45970153808594,225.21009826660156,225.67999267578125,225.67999267578125,474496
2024-10-03 10:15:00-04:00,225.7050018310547,225.88499450683594,225.3101043701172,225.5,225.5,374738
2024-10-03 10:20:00-04:00,225.49000549316406,225.49000549316406,224.72000122070312,225.05999755859375,225.05999755859375,609660
2024-10-03 10:25:00-04:00,225.0399932861328,225.10499572753906,224.82000732421875,224.8350067138672,224.8350067138672,265835
2024-10-03 10:30:00-04:00,224.80999755859375,225.50999450683594,224.6199951171875,225.47000122070312,225.47000122070312,513550
2024-10-03 10:35:00-04:00,225.4600067138672,225.52999877929688,225.1699981689453,225.27000427246094,225.27000427246094,260260
2024-10-03 10:40:00-04:00,225.27000427246094,225.4600067138672,224.52999877929688,224.64999389648438,224.64999389648438,426844
2024-10-03 10:45:00-04:00,224.6479949951172,225.0500030517578,224.39999389648438,224.72279357910156,224.72279357910156,526310
2024-10-03 10:50:00-04:00,224.75,225.27000427246094,224.6750030517578,225.1157989501953,225.1157989501953,384487
2024-10-03 10:55:00-04:00,225.10499572753906,225.10499572753906,224.26499938964844,224.32000732421875,224.32000732421875,358386
2024-10-03 11:00:00-04:00,224.36630249023438,224.64999389648438,224.32000732421875,224.36000061035156,224.36000061035156,358837
2024-10-03 11:05:00-04:00,224.35000610351562,224.64999389648438,224.30160522460938,224.63999938964844,224.63999938964844,287949
2024-10-03 11:10:00-04:00,224.6300048828125,224.6313934326172,224.42759704589844,224.47999572753906,224.47999572753906,177346
2024-10-03 11:15:00-04:00,224.6699981689453,224.7698974609375,224.5207061767578,224.5399932861328,224.5399932861328,330101
2024-10-03 11:20:00-04:00,224.64990234375,225.0050048828125,224.60000610351562,224.9149932861328,224.9149932861328,279225
2024-10-03 11:25:00-04:00,224.9199981689453,224.97000122070312,224.57000732421875,224.87420654296875,224.87420654296875,246781
2024-10-03 11:30:00-04:00,224.88839721679688,225.04010009765625,224.8300018310547,225.02000427246094,225.02000427246094,299236
2024-10-03 11:35:00-04:00,225.02000427246094,225.0500030517578,224.94000244140625,225.0,225.0,240102
2024-10-03 11:40:00-04:00,225.00990295410156,225.2261962890625,224.9550018310547,225.1300048828125,225.1300048828125,258567
2024-10-03 11:45:00-04:00,225.17999267578125,225.24929809570312,225.04010009765625,225.05999755859375,225.05999755859375,243045
2024-10-03 11:50:00-04:00,225.05499267578125,225.25,225.0399932861328,225.1199951171875,225.1199951171875,197718
2024-10-03 11:55:00-04:00,225.1199951171875,225.1999969482422,225.00999450683594,225.13499450683594,225.13499450683594,159201
2024-10-03 12:00:00-04:00,225.14720153808594,225.22999572753906,225.02330017089844,225.02330017089844,225.02330017089844,168584
2024-10-03 12:05:00-04:00,225.02000427246094,225.34210205078125,225.00999450683594,225.25,225.25,1138974
2024-10-03 12:10:00-04:00,225.2449951171875,225.3699951171875,225.1815948486328,225.25999450683594,225.25999450683594,140688
2024-10-03 12:15:00-04:00,225.26010131835938,225.2698974609375,224.96310424804688,225.11000061035156,225.11000061035156,151783
2024-10-03 12:20:00-04:00,225.0850067138672,225.22000122070312,225.02000427246094,225.13009643554688,225.13009643554688,156806
2024-10-03 12:25:00-04:00,225.1300048828125,225.27000427246094,225.07119750976562,225.07119750976562,225.07119750976562,125351
2024-10-03 12:30:00-04:00,225.08999633789062,225.09629821777344,224.58999633789062,224.74110412597656,224.74110412597656,267736
2024-10-03 12:35:00-04:00,224.75999450683594,224.86000061035156,224.69000244140625,224.75999450683594,224.75999450683594,169587
2024-10-03 12:40:00-04:00,224.76499938964844,224.7740020751953,224.2259979248047,224.47999572753906,224.47999572753906,329476
2024-10-03 12:45:00-04:00,224.44000244140625,224.4499969482422,223.8800048828125,224.0,224.0,317786
2024-10-03 12:50:00-04:00,224.00010681152344,224.00010681152344,223.63999938964844,223.72000122070312,223.72000122070312,393430
2024-10-03 12:55:00-04:00,223.72000122070312,224.05999755859375,223.71499633789062,223.82000732421875,223.82000732421875,333850
2024-10-03 13:00:00-04:00,223.7899932861328,223.81350708007812,223.3238983154297,223.42999267578125,223.42999267578125,330007
2024-10-03 13:05:00-04:00,223.42999267578125,223.85000610351562,223.3699951171875,223.72000122070312,223.72000122070312,256161
2024-10-03 13:10:00-04:00,223.72000122070312,223.97999572753906,223.60000610351562,223.75,223.75,262692
2024-10-03 13:15:00-04:00,223.7176971435547,223.8199005126953,223.60000610351562,223.7449951171875,223.7449951171875,202865
2024-10-03 13:20:00-04:00,223.74139404296875,224.13999938964844,223.67999267578125,223.92999267578125,223.92999267578125,283710
2024-10-03 13:25:00-04:00,223.92999267578125,224.27999877929688,223.75,223.8350067138672,223.8350067138672,344900
2024-10-03 13:30:00-04:00,223.83999633789062,224.32000732421875,223.7949981689453,224.24000549316406,224.24000549316406,198524
2024-10-03 13:35:00-04:00,224.25999450683594,224.2899932861328,224.0500030517578,224.0699005126953,224.0699005126953,129442
2024-10-03 13:40:00-04:00,224.0500030517578,224.1999969482422,223.82000732421875,224.1699981689453,224.1699981689453,186322
2024-10-03 13:45:00-04:00,224.17999267578125,224.27999877929688,224.02000427246094,224.05499267578125,224.05499267578125,154807
2024-10-03 13:50:00-04:00,224.0399932861328,224.24000549316406,224.0,224.17909240722656,224.17909240722656,124106
2024-10-03 13:55:00-04:00,224.2198944091797,224.33999633789062,224.1750030517578,224.3000030517578,224.3000030517578,147715
2024-10-03 14:00:00-04:00,224.3000030517578,224.40989685058594,224.13999938964844,224.2100067138672,224.2100067138672,177334
2024-10-03 14:05:00-04:00,224.2100067138672,224.3800048828125,224.16000366210938,224.1699981689453,224.1699981689453,142922
2024-10-03 14:10:00-04:00,224.1699981689453,224.24000549316406,224.0,224.0500030517578,224.0500030517578,142036
2024-10-03 14:15:00-04:00,224.07000732421875,224.14999389648438,224.00999450683594,224.1300048828125,224.1300048828125,150729
2024-10-03 14:20:00-04:00,224.1195068359375,224.14999389648438,223.70010375976562,223.88400268554688,223.88400268554688,222733
2024-10-03 14:25:00-04:00,223.88999938964844,224.05990600585938,223.84010314941406,223.84010314941406,223.84010314941406,134635
2024-10-03 14:30:00-04:00,223.8350067138672,223.9600067138672,223.76010131835938,223.91000366210938,223.91000366210938,143234
2024-10-03 14:35:00-04:00,223.9199981689453,224.02000427246094,223.8300018310547,224.0198974609375,224.0198974609375,123964
2024-10-03 14:40:00-04:00,224.02999877929688,224.0399932861328,223.83999633789062,223.85989379882812,223.85989379882812,169632
2024-10-03 14:45:00-04:00,223.8498992919922,223.9600067138672,223.7707061767578,223.79989624023438,223.79989624023438,132950
2024-10-03 14:50:00-04:00,223.80499267578125,223.91000366210938,223.6800994873047,223.73500061035156,223.73500061035156,201830
2024-10-03 14:55:00-04:00,223.7449951171875,223.88999938964844,223.61019897460938,223.6300048828125,223.6300048828125,200492
2024-10-03 15:00:00-04:00,223.61000061035156,223.69850158691406,223.50010681152344,223.6750030517578,223.6750030517578,207256
2024-10-03 15:05:00-04:00,223.6699981689453,223.71499633789062,223.57000732421875,223.6781005859375,223.6781005859375,237466
2024-10-03 15:10:00-04:00,223.6750030517578,223.69000244140625,223.5500030517578,223.60989379882812,223.60989379882812,226012
2024-10-03 15:15:00-04:00,223.60659790039062,223.72830200195312,223.55999755859375,223.69500732421875,223.69500732421875,162520
2024-10-03 15:20:00-04:00,223.69200134277344,223.8719940185547,223.67999267578125,223.8699951171875,223.8699951171875,306225
2024-10-03 15:25:00-04:00,223.86000061035156,223.88999938964844,223.5399932861328,223.6999969482422,223.6999969482422,269082
2024-10-03 15:30:00-04:00,223.7100067138672,223.9600067138672,223.66000366210938,223.95750427246094,223.95750427246094,271046
2024-10-03 15:35:00-04:00,223.96009826660156,224.0800018310547,223.87109375,224.05999755859375,224.05999755859375,274260
2024-10-03 15:40:00-04:00,224.05189514160156,224.08999633789062,223.85000610351562,224.0800018310547,224.0800018310547,482388
2024-10-03 15:45:00-04:00,224.076904296875,224.66000366210938,223.9949951171875,224.6439971923828,224.6439971923828,916519
2024-10-03 15:50:00-04:00,224.63999938964844,225.25,224.6199951171875,225.14999389648438,225.14999389648438,1300990
2024-10-03 15:55:00-04:00,225.14999389648438,225.83999633789062,225.14999389648438,225.6699981689453,225.6699981689453,2464536
2024-10-04 09:30:00-04:00,227.88999938964844,228.0,226.80999755859375,227.0399932861328,227.0399932861328,1861966
2024-10-04 09:35:00-04:00,227.07000732421875,227.22000122070312,225.8105010986328,226.0299072265625,226.0299072265625,858852
2024-10-04 09:40:00-04:00,226.02999877929688,226.2100067138672,225.60000610351562,225.97000122070312,225.97000122070312,813339
2024-10-04 09:45:00-04:00,225.96009826660156,226.2550048828125,225.9499969482422,226.1999969482422,226.1999969482422,543326
2024-10-04 09:50:00-04:00,226.21910095214844,226.24000549316406,225.5800018310547,225.6300048828125,225.6300048828125,522056
2024-10-04 09:55:00-04:00,225.6199951171875,225.75,225.05999755859375,225.1898956298828,225.1898956298828,726055
2024-10-04 10:00:00-04:00,225.13999938964844,225.6300048828125,224.9499969482422,225.5699005126953,225.5699005126953,594347
2024-10-04 10:05:00-04:00,225.57000732421875,225.58999633789062,224.77999877929688,224.82949829101562,224.82949829101562,450331
2024-10-04 10:10:00-04:00,224.82000732421875,225.10000610351562,224.60000610351562,224.88499450683594,224.88499450683594,541890
2024-10-04 10:15:00-04:00,224.8800048828125,225.3300018310547,224.6999969482422,225.22999572753906,225.22999572753906,468875
2024-10-04 10:20:00-04:00,225.22999572753906,225.24000549316406,224.60960388183594,224.73500061035156,224.73500061035156,484412
2024-10-04 10:25:00-04:00,224.72000122070312,224.85000610351562,224.3800048828125,224.510498046875,224.510498046875,473024
2024-10-04 10:30:00-04:00,224.49000549316406,224.89529418945312,224.13999938964844,224.6300048828125,224.6300048828125,676550
2024-10-04 10:35:00-04:00,224.6300048828125,225.0399932861328,224.60499572753906,224.88999938964844,224.88999938964844,370799
2024-10-04 10:40:00-04:00,224.88999938964844,225.34500122070312,224.8802947998047,225.3000030517578,225.3000030517578,327309
2024-10-04 10:45:00-04:00,225.30499267578125,225.33990478515625,224.83999633789062,225.19009399414062,225.19009399414062,341213
2024-10-04 10:50:00-04:00,225.17999267578125,225.5399932861328,224.86000061035156,225.10000610351562,225.10000610351562,408248
2024-10-04 10:55:00-04:00,225.09500122070312,225.256103515625,224.82119750976562,225.10879516601562,225.10879516601562,296235
2024-10-04 11:00:00-04:00,225.10000610351562,225.3350067138672,225.10000610351562,225.13499450683594,225.13499450683594,261342
2024-10-04 11:05:00-04:00,225.13999938964844,225.3000030517578,225.0800018310547,225.10000610351562,225.10000610351562,243459
2024-10-04 11:10:00-04:00,225.08999633789062,225.2100067138672,225.02000427246094,225.0301055908203,225.0301055908203,99349
2024-10-04 11:15:00-04:00,224.6820068359375,225.02000427246094,224.52999877929688,224.87570190429688,224.87570190429688,472279
2024-10-04 11:20:00-04:00,224.87869262695312,224.89999389648438,224.50259399414062,224.6199951171875,224.6199951171875,271493
2024-10-04 11:25:00-04:00,224.6199951171875,224.64999389648438,224.32000732421875,224.55999755859375,224.55999755859375,403624
2024-10-04 11:30:00-04:00,224.52999877929688,224.63800048828125,224.3249969482422,224.60000610351562,224.60000610351562,238408
2024-10-04 11:35:00-04:00,224.60000610351562,224.6699981689453,224.50999450683594,224.57000732421875,224.57000732421875,222085
2024-10-04 11:40:00-04:00,224.57000732421875,225.0399932861328,224.57000732421875,224.8699951171875,224.8699951171875,260600
2024-10-04 11:45:00-04:00,224.85000610351562,224.8800048828125,224.6199951171875,224.67999267578125,224.67999267578125,152896
2024-10-04 11:50:00-04:00,224.69000244140625,225.33839416503906,224.6800994873047,225.2523956298828,225.2523956298828,284134
2024-10-04 11:55:00-04:00,225.27000427246094,225.52609252929688,225.1999969482422,225.47000122070312,225.47000122070312,278074
2024-10-04 12:00:00-04:00,225.5500030517578,225.57000732421875,225.27000427246094,225.32000732421875,225.32000732421875,324908
2024-10-04 12:05:00-04:00,225.30029296875,225.36000061035156,224.83999633789062,224.87010192871094,224.87010192871094,247571
2024-10-04 12:10:00-04:00,224.8699951171875,225.0800018310547,224.8000030517578,224.86000061035156,224.86000061035156,688817
2024-10-04 12:15:00-04:00,224.85000610351562,225.0,224.77999877929688,225.0,225.0,134955
2024-10-04 12:20:00-04:00,225.02000427246094,225.02999877929688,224.84500122070312,224.85000610351562,224.85000610351562,129204
2024-10-04 12:25:00-04:00,224.85499572753906,224.9499969482422,224.69500732421875,224.9499969482422,224.9499969482422,168026
2024-10-04 12:30:00-04:00,224.9571075439453,225.0500030517578,224.8675994873047,224.9499969482422,224.9499969482422,138895
2024-10-04 12:35:00-04:00,224.97999572753906,225.47999572753906,224.97999572753906,225.3800048828125,225.3800048828125,254288
2024-10-04 12:40:00-04:00,225.39999389648438,225.47999572753906,225.24009704589844,225.38999938964844,225.38999938964844,254423
2024-10-04 12:45:00-04:00,225.36500549316406,225.47000122070312,225.11900329589844,225.23199462890625,225.23199462890625,210454
2024-10-04 12:50:00-04:00,225.24000549316406,225.2550048828125,224.94000244140625,224.97000122070312,224.97000122070312,185359
2024-10-04 12:55:00-04:00,224.97000122070312,225.19000244140625,224.9600067138672,225.13999938964844,225.13999938964844,132208
2024-10-04 13:00:00-04:00,225.14999389648438,225.25,225.02999877929688,225.13999938964844,225.13999938964844,115496
2024-10-04 13:05:00-04:00,225.14999389648438,225.17379760742188,225.0399932861328,225.07989501953125,225.07989501953125,92190
2024-10-04 13:10:00-04:00,225.0800018310547,225.3000030517578,225.0399932861328,225.26400756835938,225.26400756835938,140814
2024-10-04 13:15:00-04:00,225.25149536132812,225.37879943847656,225.24000549316406,225.37879943847656,225.37879943847656,176596
2024-10-04 13:20:00-04:00,225.37010192871094,225.40989685058594,225.27000427246094,225.3052978515625,225.3052978515625,121138
2024-10-04 13:25:00-04:00,225.3332061767578,225.34500122070312,225.10009765625,225.10009765625,225.10009765625,157004
2024-10-04 13:30:00-04:00,225.1199951171875,225.22999572753906,224.97999572753906,225.01119995117188,225.01119995117188,182862
2024-10-04 13:35:00-04:00,225.00999450683594,225.0500030517578,224.5500030517578,224.85000610351562,224.85000610351562,297328
2024-10-04 13:40:00-04:00,224.85000610351562,225.33999633789062,224.80999755859375,225.3300018310547,225.3300018310547,254271
2024-10-04 13:45:00-04:00,225.30999755859375,225.35000610351562,225.0399932861328,225.08990478515625,225.08990478515625,201081
2024-10-04 13:50:00-04:00,225.0800018310547,225.1790008544922,224.91000366210938,224.97999572753906,224.97999572753906,172201
2024-10-04 13:55:00-04:00,224.99000549316406,224.99000549316406,224.8258056640625,224.8800048828125,224.8800048828125,163730
2024-10-04 14:00:00-04:00,224.88999938964844,225.0,224.72500610351562,224.75,224.75,226162
2024-10-04 14:05:00-04:00,224.74400329589844,224.9199981689453,224.6999969482422,224.8699951171875,224.8699951171875,171263
2024-10-04 14:10:00-04:00,224.86500549316406,224.8699951171875,224.74000549316406,224.80999755859375,224.80999755859375,172580
2024-10-04 14:15:00-04:00,224.78500366210938,225.0299072265625,224.63999938964844,225.02020263671875,225.02020263671875,229737
2024-10-04 14:20:00-04:00,225.02000427246094,225.19000244140625,225.01010131835938,225.05999755859375,225.05999755859375,199334
2024-10-04 14:25:00-04:00,225.07000732421875,225.11500549316406,224.9499969482422,225.08999633789062,225.08999633789062,160402
2024-10-04 14:30:00-04:00,225.08999633789062,225.22000122070312,225.0399932861328,225.19000244140625,225.19000244140625,200666
2024-10-04 14:35:00-04:00,225.19000244140625,225.23500061035156,225.0800018310547,225.1748046875,225.1748046875,180299
2024-10-04 14:40:00-04:00,225.1820068359375,225.2899932861328,225.1510009765625,225.22999572753906,225.22999572753906,181831
2024-10-04 14:45:00-04:00,225.24000549316406,225.32000732421875,225.22000122070312,225.2949981689453,225.2949981689453,173328
2024-10-04 14:50:00-04:00,225.30499267578125,225.5,225.3000030517578,225.3699951171875,225.3699951171875,320543
2024-10-04 14:55:00-04:00,225.375,225.5399932861328,225.2899932861328,225.52999877929688,225.52999877929688,260404
2024-10-04 15:00:00-04:00,225.52999877929688,225.52999877929688,225.2899932861328,225.42999267578125,225.42999267578125,207660
2024-10-04 15:05:00-04:00,225.4199981689453,225.58920288085938,225.4199981689453,225.54190063476562,225.54190063476562,193455
2024-10-04 15:10:00-04:00,225.5449981689453,225.5850067138672,225.3101043701172,225.36099243164062,225.36099243164062,325852
2024-10-04 15:15:00-04:00,225.36000061035156,225.57000732421875,225.32000732421875,225.52999877929688,225.52999877929688,226996
2024-10-04 15:20:00-04:00,225.5500030517578,225.86000061035156,225.5500030517578,225.8199005126953,225.8199005126953,386871
2024-10-04 15:25:00-04:00,225.82000732421875,226.19000244140625,225.8000030517578,226.09010314941406,226.09010314941406,471038
2024-10-04 15:30:00-04:00,226.09500122070312,226.32020568847656,226.05999755859375,226.28379821777344,226.28379821777344,399209
2024-10-04 15:35:00-04:00,226.28700256347656,226.29539489746094,225.92999267578125,226.1300048828125,226.1300048828125,373308
2024-10-04 15:40:00-04:00,226.13999938964844,226.36000061035156,226.10000610351562,226.36000061035156,226.36000061035156,361022
2024-10-04 15:45:00-04:00,226.30999755859375,226.33999633789062,226.05999755859375,226.27999877929688,226.27999877929688,411571
2024-10-04 15:50:00-04:00,226.25999450683594,226.57000732421875,226.1300048828125,226.52999877929688,226.52999877929688,626870
2024-10-04 15:55:00-04:00,226.52999877929688,226.97999572753906,226.47000122070312,226.77999877929688,226.77999877929688,2619928
