Datetime,Open_BID,High_BID,Low_BID,Close_BID,Open_ASK,High_ASK,Low_ASK,Close_ASK,Volume,Mid_Price,Spread,Hour,Month,Day_Type,score,rating,SMA_5,SMA_10,Volatility,Return,Volume_change,Lag_Close_1,Lag_Close_2,Lag_Close_3,Lag_Close_4,Lag_Close_5,Lag_Volume_1,Lag_Volume_2,Lag_Volume_3,Lag_Volume_4,Lag_Volume_5,Lag_Return_1,Lag_Return_2,Lag_Return_3,Lag_Return_4,Lag_Return_5,Support_10,Resistance_10,Support_Close_10,Resistance_Close_10,Support_20,Resistance_20,Support_Close_20,Resistance_Close_20,RSI,Higher
2024-10-07 13:49:00,225.037,225.147,224.996,224.997,225.073,225.174,225.033,225.043,1330.0,225.02,0.04599999999999227,13,10,1,69.4285714285714,greed,225.061,224.98200000000003,0.1205404496423942,-0.00017773038300894495,-0.029197080291970767,225.06,225.12,225.21499999999997,224.89,224.865,1370.0,1690.0001,1470.0,1309.9999,1230.0,-0.00026652452025588413,-0.00042181915058925323,0.0014451509626929315,0.00011117781780178859,2.2236057991564806e-05,224.686,225.453,224.79500000000002,225.21499999999997,224.027,225.453,224.125,225.21499999999997,59.72540045766666,False
2024-10-07 13:50:00,224.997,224.997,224.816,224.846,225.033,225.034,224.854,224.914,1200.0,224.88,0.06799999999998363,13,10,1,69.4285714285714,greed,225.05899999999997,224.97149999999996,0.12411688039904496,-0.0006221669184961476,-0.09774436090225569,225.02,225.06,225.12,225.21499999999997,224.89,1330.0,1370.0,1690.0001,1470.0,1309.9999,-0.00017773038300894495,-0.00026652452025588413,-0.00042181915058925323,0.0014451509626929315,0.00011117781780178859,224.686,225.453,224.79500000000002,225.21499999999997,224.027,225.453,224.125,225.21499999999997,70.35040431266938,True
2024-10-07 13:51:00,224.836,225.037,224.836,224.977,224.904,225.094,224.873,225.023,1410.0,225.0,0.04599999999999227,13,10,1,69.4285714285714,greed,225.016,224.9705,0.08876936408466633,0.0005336179295625243,0.17500000000000004,224.88,225.02,225.06,225.12,225.21499999999997,1200.0,1330.0,1370.0,1690.0001,1470.0,-0.0006221669184961476,-0.00017773038300894495,-0.00026652452025588413,-0.00042181915058925323,0.0014451509626929315,224.686,225.453,224.79500000000002,225.21499999999997,224.027,225.453,224.125,225.21499999999997,70.27027027027127,True
2024-10-07 13:52:00,224.987,225.116,224.987,225.047,225.023,225.154,225.023,225.073,1080.0,225.06,0.02600000000001046,13,10,1,69.4285714285714,greed,225.004,224.997,0.07402702209326176,0.0002666666666666373,-0.23404255319148937,225.0,224.88,225.02,225.06,225.12,1410.0,1200.0,1330.0,1370.0,1690.0001,0.0005336179295625243,-0.0006221669184961476,-0.00017773038300894495,-0.00026652452025588413,-0.00042181915058925323,224.746,225.453,224.86,225.21499999999997,224.027,225.453,224.125,225.21499999999997,68.02325581395452,False
2024-10-07 13:53:00,225.037,225.046,224.867,224.907,225.073,225.084,224.893,224.953,1230.0,224.93,0.04599999999999227,13,10,1,69.4285714285714,greed,224.978,225.004,0.072249567472731,-0.0005776237447790988,0.13888888888888884,225.06,225.0,224.88,225.02,225.06,1080.0,1410.0,1200.0,1330.0,1370.0,0.0002666666666666373,0.0005336179295625243,-0.0006221669184961476,-0.00017773038300894495,-0.00026652452025588413,224.766,225.453,224.865,225.21499999999997,224.027,225.453,224.125,225.21499999999997,50.724637681158825,True
2024-10-07 13:54:00,224.887,224.966,224.726,224.826,224.963,225.014,224.773,224.874,1270.0,224.85,0.04800000000000182,13,10,1,69.4285714285714,greed,224.94400000000002,225.0025,0.08619744775801995,-0.0003556662072645711,0.03252032520325199,224.93,225.06,225.0,224.88,225.02,1230.0,1080.0,1410.0,1200.0,1330.0,-0.0005776237447790988,0.0002666666666666373,0.0005336179295625243,-0.0006221669184961476,-0.00017773038300894495,224.726,225.453,224.85,225.21499999999997,224.027,225.453,224.125,225.21499999999997,45.12635379061269,True
2024-10-07 13:55:00,224.856,225.206,224.836,225.136,224.894,225.244,224.893,225.194,1400.0,225.165,0.057999999999992724,13,10,1,69.4285714285714,greed,225.00099999999998,225.03000000000003,0.12064410470469865,0.001400933955970629,0.10236220472440949,224.85,224.93,225.06,225.0,224.88,1270.0,1230.0,1080.0,1410.0,1200.0,-0.0003556662072645711,-0.0005776237447790988,0.0002666666666666373,0.0005336179295625243,-0.0006221669184961476,224.726,225.453,224.85,225.21499999999997,224.027,225.453,224.125,225.21499999999997,54.62686567164203,True
2024-10-07 13:56:00,225.157,225.237,224.897,225.197,225.193,225.264,224.963,225.243,1520.0,225.22,0.04599999999999227,13,10,1,69.4285714285714,greed,225.045,225.0305,0.15532224567009123,0.00024426531654575534,0.08571428571428563,225.165,224.85,224.93,225.06,225.0,1400.0,1270.0,1230.0,1080.0,1410.0,0.001400933955970629,-0.0003556662072645711,-0.0005776237447790988,0.0002666666666666373,0.0005336179295625243,224.726,225.453,224.85,225.22,224.027,225.453,224.25,225.22,64.02640264026385,False
2024-10-07 13:57:00,225.177,225.177,225.007,225.007,225.203,225.224,225.053,225.053,1230.0,225.03,0.04599999999999227,13,10,1,69.4285714285714,greed,225.039,225.0215,0.1551773179301666,-0.0008436195719740969,-0.1907894736842105,225.22,225.165,224.85,224.93,225.06,1520.0,1400.0,1270.0,1230.0,1080.0,0.00024426531654575534,0.001400933955970629,-0.0003556662072645711,-0.0005776237447790988,0.0002666666666666373,224.726,225.264,224.85,225.22,224.206,225.453,224.44,225.22,55.18292682926805,True
2024-10-07 13:58:00,225.007,225.176,224.976,225.126,225.063,225.204,225.014,225.164,910.0,225.14499999999998,0.03799999999998249,13,10,1,69.4285714285714,greed,225.08199999999997,225.03000000000003,0.1469948978706481,0.0005110429720480703,-0.26016260162601623,225.03,225.22,225.165,224.85,224.93,1230.0,1520.0,1400.0,1270.0,1230.0,-0.0008436195719740969,0.00024426531654575534,0.001400933955970629,-0.0003556662072645711,-0.0005776237447790988,224.726,225.264,224.85,225.22,224.436,225.453,224.79500000000002,225.22,57.99999999999948,True
2024-10-07 13:59:00,225.116,225.157,224.996,225.026,225.144,225.194,225.033,225.074,1610.0,225.05,0.04800000000000182,13,10,1,69.4285714285714,greed,225.122,225.033,0.08004686127515745,-0.0004219502986962942,0.7692307692307692,225.14499999999998,225.03,225.22,225.165,224.85,910.0,1230.0,1520.0,1400.0,1270.0,0.0005110429720480703,-0.0008436195719740969,0.00024426531654575534,0.001400933955970629,-0.0003556662072645711,224.726,225.264,224.85,225.22,224.686,225.453,224.79500000000002,225.22,54.39560439560524,True
2024-10-07 14:00:00,225.016,225.226,224.997,225.157,225.074,225.264,225.033,225.203,1750.0,225.18,0.04599999999999227,14,10,1,69.4285714285714,greed,225.125,225.06300000000002,0.08231038816580051,0.0005776494112419428,0.08695652173913038,225.05,225.14499999999998,225.03,225.22,225.165,1610.0,910.0,1230.0,1520.0,1400.0,-0.0004219502986962942,0.0005110429720480703,-0.0008436195719740969,0.00024426531654575534,0.001400933955970629,224.726,225.264,224.85,225.22,224.686,225.453,224.79500000000002,225.22,48.923076923077865,True
2024-10-07 14:01:00,225.167,225.187,225.056,225.087,225.203,225.214,225.104,225.123,1540.0,225.105,0.036000000000001364,14,10,1,69.4285714285714,greed,225.102,225.07350000000002,0.06290866395023156,-0.00033306687982959104,-0.12,225.18,225.05,225.14499999999998,225.03,225.22,1750.0,1610.0,910.0,1230.0,1520.0,0.0005776494112419428,-0.0004219502986962942,0.0005110429720480703,-0.0008436195719740969,0.00024426531654575534,224.726,225.264,224.85,225.22,224.686,225.453,224.79500000000002,225.22,49.532710280373365,True
2024-10-07 14:02:00,225.087,225.257,225.057,225.236,225.133,225.293,225.093,225.264,1070.0001,225.25,0.02800000000002001,14,10,1,69.4285714285714,greed,225.14600000000002,225.09250000000003,0.07561415211456947,0.0006441438439839242,-0.30519474025974025,225.105,225.18,225.05,225.14499999999998,225.03,1540.0,1750.0,1610.0,910.0,1230.0,-0.00033306687982959104,0.0005776494112419428,-0.0004219502986962942,0.0005110429720480703,-0.0008436195719740969,224.726,225.293,224.85,225.25,224.726,225.453,224.85,225.25,55.62130177514787,True
2024-10-07 14:03:00,225.227,225.366,225.186,225.287,225.253,225.394,225.233,225.323,1440.0001,225.305,0.036000000000001364,14,10,1,69.4285714285714,greed,225.17799999999997,225.13000000000002,0.10371836867212315,0.0002441731409545955,0.34579436020613463,225.25,225.105,225.18,225.05,225.14499999999998,1070.0001,1540.0,1750.0,1610.0,910.0,0.0006441438439839242,-0.00033306687982959104,0.0005776494112419428,-0.0004219502986962942,0.0005110429720480703,224.726,225.394,224.85,225.305,224.726,225.453,224.85,225.305,58.357771260996905,False
2024-10-07 14:04:00,225.296,225.427,225.286,225.416,225.334,225.454,225.333,225.434,1470.0,225.425,0.018000000000000682,14,10,1,69.4285714285714,greed,225.25300000000001,225.1875,0.12199385230416646,0.0005326113490602413,0.02083326244213457,225.305,225.25,225.105,225.18,225.05,1440.0001,1070.0001,1540.0,1750.0,1610.0,0.0002441731409545955,0.0006441438439839242,-0.00033306687982959104,0.0005776494112419428,-0.0004219502986962942,224.836,225.454,225.03,225.425,224.726,225.454,224.85,225.425,66.17210682492626,False
2024-10-07 14:05:00,225.386,225.517,225.316,225.397,225.424,225.553,225.343,225.453,1360.0,225.425,0.056000000000011596,14,10,1,69.4285714285714,greed,225.302,225.2135,0.13395894893590873,0.0,-0.07482993197278909,225.425,225.305,225.25,225.105,225.18,1470.0,1440.0001,1070.0001,1540.0,1750.0,0.0005326113490602413,0.0002441731409545955,0.0006441438439839242,-0.00033306687982959104,0.0005776494112419428,224.897,225.553,225.03,225.425,224.726,225.553,224.85,225.425,63.57827476038377,False
2024-10-07 14:06:00,225.406,225.436,225.296,225.407,225.454,225.464,225.333,225.443,1350.0,225.425,0.036000000000001364,14,10,1,69.4285714285714,greed,225.36599999999999,225.234,0.08309632964225201,0.0,-0.007352941176470562,225.425,225.425,225.305,225.25,225.105,1360.0,1470.0,1440.0001,1070.0001,1540.0,0.0,0.0005326113490602413,0.0002441731409545955,0.0006441438439839242,-0.00033306687982959104,224.976,225.553,225.03,225.425,224.726,225.553,224.85,225.425,62.12624584717642,False
2024-10-07 14:07:00,225.416,225.456,225.327,225.346,225.444,225.474,225.363,225.384,1160.0,225.365,0.03799999999998249,14,10,1,69.4285714285714,greed,225.38899999999998,225.2675,0.053665631460130016,-0.0002661639126094739,-0.14074074074074072,225.425,225.425,225.425,225.305,225.25,1350.0,1360.0,1470.0,1440.0001,1070.0001,0.0,0.0,0.0005326113490602413,0.0002441731409545955,0.0006441438439839242,224.976,225.553,225.05,225.425,224.726,225.553,224.85,225.425,65.15679442508716,False
2024-10-07 14:08:00,225.346,225.347,225.147,225.197,225.374,225.383,225.183,225.223,1670.0,225.21,0.02600000000001046,14,10,1,69.4285714285714,greed,225.37000000000003,225.27400000000003,0.09313968005105443,-0.0006877731679719723,0.43965517241379315,225.365,225.425,225.425,225.425,225.305,1160.0,1350.0,1360.0,1470.0,1440.0001,-0.0002661639126094739,0.0,0.0,0.0005326113490602413,0.0002441731409545955,224.996,225.553,225.05,225.425,224.726,225.553,224.85,225.425,61.92052980132503,False
2024-10-07 14:09:00,225.176,225.216,225.026,225.126,225.224,225.244,225.063,225.164,1059.9999,225.14499999999998,0.03799999999998249,14,10,1,69.4285714285714,greed,225.31400000000002,225.2835,0.12905425215780242,-0.00028861951067904457,-0.36526952095808385,225.21,225.365,225.425,225.425,225.425,1670.0,1160.0,1350.0,1360.0,1470.0,-0.0006877731679719723,-0.0002661639126094739,0.0,0.0,0.0005326113490602413,224.997,225.553,225.105,225.425,224.726,225.553,224.85,225.425,49.20634920634881,False
2024-10-07 14:10:00,225.127,225.127,224.906,224.947,225.153,225.164,224.953,224.983,1490.0,224.965,0.036000000000001364,14,10,1,69.4285714285714,greed,225.22200000000004,225.262,0.18287974190707315,-0.0007994847764772883,0.40566050996797265,225.14499999999998,225.21,225.365,225.425,225.425,1059.9999,1670.0,1160.0,1350.0,1360.0,-0.00028861951067904457,-0.0006877731679719723,-0.0002661639126094739,0.0,0.0,224.906,225.553,224.965,225.425,224.726,225.553,224.85,225.425,40.794223826714905,True
2024-10-07 14:11:00,224.956,225.016,224.496,224.586,224.984,225.054,224.534,224.634,1550.0,224.61,0.0479999999999734,14,10,1,69.4285714285714,greed,225.05900000000003,225.2125,0.2890804386325198,-0.001578023248060778,0.04026845637583887,224.965,225.14499999999998,225.21,225.365,225.425,1490.0,1059.9999,1670.0,1160.0,1350.0,-0.0007994847764772883,-0.00028861951067904457,-0.0006877731679719723,-0.0002661639126094739,0.0,224.496,225.553,224.61,225.425,224.496,225.553,224.61,225.425,36.45161290322606,True
2024-10-07 14:12:00,224.596,224.696,224.436,224.526,224.634,224.734,224.454,224.564,1660.0,224.54500000000002,0.03799999999998249,14,10,1,69.4285714285714,greed,224.89500000000004,225.142,0.3042819416264186,-0.000289390499087272,0.07096774193548394,224.61,224.965,225.14499999999998,225.21,225.365,1550.0,1490.0,1059.9999,1670.0,1160.0,-0.001578023248060778,-0.0007994847764772883,-0.00028861951067904457,-0.0006877731679719723,-0.0002661639126094739,224.436,225.553,224.54500000000002,225.425,224.436,225.553,224.54500000000002,225.425,30.000000000001137,True
2024-10-07 14:13:00,224.527,224.627,224.486,224.617,224.583,224.684,224.524,224.653,1020.0,224.635,0.036000000000001364,14,10,1,69.4285714285714,greed,224.78000000000003,225.075,0.2610555496439953,0.00040081052795648553,-0.3855421686746988,224.54500000000002,224.61,224.965,225.14499999999998,225.21,1660.0,1550.0,1490.0,1059.9999,1670.0,-0.000289390499087272,-0.001578023248060778,-0.0007994847764772883,-0.00028861951067904457,-0.0006877731679719723,224.436,225.553,224.54500000000002,225.425,224.436,225.553,224.54500000000002,225.425,36.120401337792,True
2024-10-07 14:14:00,224.616,225.167,224.616,225.047,224.664,225.193,224.664,225.093,1360.0,225.07,0.04599999999999227,14,10,1,69.4285714285714,greed,224.76500000000001,225.0395,0.2357700150568936,0.0019364747256660486,0.33333333333333326,224.635,224.54500000000002,224.61,224.965,225.14499999999998,1020.0,1660.0,1550.0,1490.0,1059.9999,0.00040081052795648553,-0.000289390499087272,-0.001578023248060778,-0.0007994847764772883,-0.00028861951067904457,224.436,225.553,224.54500000000002,225.425,224.436,225.553,224.54500000000002,225.425,46.94444444444409,True
2024-10-07 14:15:00,225.047,225.127,224.916,224.966,225.113,225.164,224.943,224.994,1220.0,224.98000000000002,0.027999999999991587,14,10,1,69.4285714285714,greed,224.76800000000003,224.99499999999998,0.23902405736646887,-0.00039987559425946895,-0.1029411764705882,225.07,224.635,224.54500000000002,224.61,224.965,1360.0,1020.0,1660.0,1550.0,1490.0,0.0019364747256660486,0.00040081052795648553,-0.000289390499087272,-0.001578023248060778,-0.0007994847764772883,224.436,225.474,224.54500000000002,225.425,224.436,225.553,224.54500000000002,225.425,46.55647382920183,True
2024-10-07 14:16:00,224.966,225.176,224.966,225.086,225.004,225.214,225.003,225.134,1120.0,225.11,0.0479999999999734,14,10,1,69.4285714285714,greed,224.86800000000002,224.9635,0.26006249248967295,0.0005778291403679692,-0.08196721311475408,224.98000000000002,225.07,224.635,224.54500000000002,224.61,1220.0,1360.0,1020.0,1660.0,1550.0,-0.00039987559425946895,0.0019364747256660486,0.00040081052795648553,-0.000289390499087272,-0.001578023248060778,224.436,225.474,224.54500000000002,225.365,224.436,225.553,224.54500000000002,225.425,46.1111111111114,True
2024-10-07 14:17:00,225.096,225.196,225.036,225.186,225.134,225.224,225.084,225.224,1010.0,225.20499999999998,0.03799999999998249,14,10,1,69.4285714285714,greed,225.0,224.9475,0.21945956347343934,0.00042201590333612593,-0.0982142857142857,225.11,224.98000000000002,225.07,224.635,224.54500000000002,1120.0,1220.0,1360.0,1020.0,1660.0,0.0005778291403679692,-0.00039987559425946895,0.0019364747256660486,0.00040081052795648553,-0.000289390499087272,224.436,225.383,224.54500000000002,225.21,224.436,225.553,224.54500000000002,225.425,47.28260869565143,True
2024-10-07 14:18:00,225.197,225.257,225.146,225.147,225.223,225.303,225.183,225.193,1200.0,225.17000000000002,0.04600000000002069,14,10,1,69.4285714285714,greed,225.10699999999997,224.9435,0.08814760348391702,-0.0001554139561731338,0.18811881188118806,225.20499999999998,225.11,224.98000000000002,225.07,224.635,1010.0,1120.0,1220.0,1360.0,1020.0,0.00042201590333612593,0.0005778291403679692,-0.00039987559425946895,0.0019364747256660486,0.00040081052795648553,224.436,225.303,224.54500000000002,225.20499999999998,224.436,225.553,224.54500000000002,225.425,42.73504273504237,True
2024-10-07 14:19:00,225.086,225.247,225.076,225.247,225.124,225.274,225.113,225.263,810.0,225.255,0.015999999999991132,14,10,1,69.4285714285714,greed,225.144,224.9545,0.10579461233900016,0.00037749256117591834,-0.32499999999999996,225.17000000000002,225.20499999999998,225.11,224.98000000000002,225.07,1200.0,1010.0,1120.0,1220.0,1360.0,-0.0001554139561731338,0.00042201590333612593,0.0005778291403679692,-0.00039987559425946895,0.0019364747256660486,224.436,225.303,224.54500000000002,225.255,224.436,225.553,224.54500000000002,225.425,45.380434782607914,True
2024-10-07 14:20:00,225.256,225.277,225.156,225.197,225.284,225.314,225.204,225.253,990.0,225.225,0.055999999999983174,14,10,1,69.4285714285714,greed,225.19299999999998,224.98049999999998,0.05574495492834775,-0.00013318239328763415,0.22222222222222232,225.255,225.17000000000002,225.20499999999998,225.11,224.98000000000002,810.0,1200.0,1010.0,1120.0,1220.0,0.00037749256117591834,-0.0001554139561731338,0.00042201590333612593,0.0005778291403679692,-0.00039987559425946895,224.436,225.314,224.54500000000002,225.255,224.436,225.553,224.54500000000002,225.425,44.65240641711145,True
2024-10-07 14:21:00,225.196,225.347,225.186,225.267,225.244,225.384,225.214,225.303,960.0,225.285,0.036000000000001364,14,10,1,69.4285714285714,greed,225.22799999999998,225.048,0.044384682041957474,0.0002664002664003462,-0.030303030303030276,225.225,225.255,225.17000000000002,225.20499999999998,225.11,990.0,810.0,1200.0,1010.0,1120.0,-0.00013318239328763415,0.00037749256117591834,-0.0001554139561731338,0.00042201590333612593,0.0005778291403679692,224.436,225.384,224.54500000000002,225.285,224.436,225.553,224.54500000000002,225.425,47.860962566844435,True
2024-10-07 14:22:00,225.247,225.387,225.187,225.337,225.303,225.404,225.243,225.393,940.0,225.365,0.056000000000011596,14,10,1,69.4285714285714,greed,225.26000000000005,225.13000000000002,0.07245688373071858,0.00035510575493269414,-0.02083333333333337,225.285,225.225,225.255,225.17000000000002,225.20499999999998,960.0,990.0,810.0,1200.0,1010.0,0.0002664002664003462,-0.00013318239328763415,0.00037749256117591834,-0.0001554139561731338,0.00042201590333612593,224.486,225.404,224.635,225.365,224.436,225.553,224.54500000000002,225.425,54.31754874651845,True
2024-10-07 14:23:00,225.347,225.386,225.216,225.266,225.393,225.424,225.254,225.324,1140.0,225.29500000000002,0.058000000000021146,14,10,1,69.4285714285714,greed,225.285,225.196,0.05244044240821067,-0.00031060723714859684,0.2127659574468086,225.365,225.285,225.225,225.255,225.17000000000002,940.0,960.0,990.0,810.0,1200.0,0.00035510575493269414,0.0002664002664003462,-0.00013318239328763415,0.00037749256117591834,-0.0001554139561731338,224.616,225.424,224.98000000000002,225.365,224.436,225.553,224.54500000000002,225.425,54.166666666667986,False
2024-10-07 14:24:00,225.266,225.426,225.266,225.297,225.334,225.454,225.323,225.323,1260.0,225.31,0.02600000000001046,14,10,1,69.4285714285714,greed,225.296,225.21999999999997,0.0502991053595358,6.657937371001843e-05,0.10526315789473695,225.29500000000002,225.365,225.285,225.225,225.255,1140.0,940.0,960.0,990.0,810.0,-0.00031060723714859684,0.00035510575493269414,0.0002664002664003462,-0.00013318239328763415,0.00037749256117591834,224.916,225.454,224.98000000000002,225.365,224.436,225.553,224.54500000000002,225.425,60.55045871559727,True
2024-10-07 14:25:00,225.307,225.407,225.296,225.356,225.323,225.434,225.323,225.404,1110.0,225.38,0.04800000000000182,14,10,1,69.4285714285714,greed,225.327,225.26,0.04280770958567556,0.0003106830588965881,-0.11904761904761907,225.31,225.29500000000002,225.365,225.285,225.225,1260.0,1140.0,940.0,960.0,990.0,6.657937371001843e-05,-0.00031060723714859684,0.00035510575493269414,0.0002664002664003462,-0.00013318239328763415,224.966,225.454,225.11,225.38,224.436,225.474,224.54500000000002,225.425,78.51851851852096,False
2024-10-07 14:26:00,225.357,225.406,225.296,225.367,225.393,225.434,225.324,225.413,530.0,225.39,0.04600000000002069,14,10,1,69.4285714285714,greed,225.348,225.288,0.042807709585683404,4.436950927311223e-05,-0.5225225225225225,225.38,225.31,225.29500000000002,225.365,225.285,1110.0,1260.0,1140.0,940.0,960.0,0.0003106830588965881,6.657937371001843e-05,-0.00031060723714859684,0.00035510575493269414,0.0002664002664003462,225.036,225.454,225.17000000000002,225.39,224.436,225.474,224.54500000000002,225.39,82.62548262548538,False
2024-10-07 14:27:00,225.397,225.517,225.366,225.476,225.423,225.544,225.403,225.504,760.0,225.49,0.027999999999991587,14,10,1,69.4285714285714,greed,225.373,225.3165,0.07758865896491382,0.0004436754070722415,0.4339622641509433,225.39,225.38,225.31,225.29500000000002,225.365,530.0,1110.0,1260.0,1140.0,940.0,4.436950927311223e-05,0.0003106830588965881,6.657937371001843e-05,-0.00031060723714859684,0.00035510575493269414,225.076,225.544,225.17000000000002,225.49,224.436,225.544,224.54500000000002,225.49,82.75862068965856,False
2024-10-07 14:28:00,225.476,225.497,225.226,225.256,225.494,225.523,225.263,225.294,970.0,225.275,0.038000000000010914,14,10,1,69.4285714285714,greed,225.369,225.327,0.08294576541315574,-0.0009534790899817791,0.2763157894736843,225.49,225.39,225.38,225.31,225.29500000000002,760.0,530.0,1110.0,1260.0,1140.0,0.0004436754070722415,4.436950927311223e-05,0.0003106830588965881,6.657937371001843e-05,-0.00031060723714859684,225.076,225.544,225.225,225.49,224.436,225.544,224.54500000000002,225.49,59.44700460829643,True
2024-10-07 14:29:00,225.267,225.337,225.216,225.297,225.293,225.384,225.243,225.333,740.0,225.315,0.036000000000001364,14,10,1,69.4285714285714,greed,225.36999999999998,225.333,0.08208227579675467,0.0001775607590721595,-0.23711340206185572,225.275,225.49,225.39,225.38,225.31,970.0,760.0,530.0,1110.0,1260.0,-0.0009534790899817791,0.0004436754070722415,4.436950927311223e-05,0.0003106830588965881,6.657937371001843e-05,225.156,225.544,225.225,225.49,224.436,225.544,224.54500000000002,225.49,66.18357487922745,True
2024-10-07 14:30:00,225.296,225.367,225.226,225.246,225.354,225.394,225.254,225.304,1200.0,225.275,0.057999999999992724,14,10,1,69.4285714285714,greed,225.349,225.33800000000002,0.09174693455355802,-0.00017752923684610789,0.6216216216216217,225.315,225.275,225.49,225.39,225.38,740.0,970.0,760.0,530.0,1110.0,0.0001775607590721595,-0.0009534790899817791,0.0004436754070722415,4.436950927311223e-05,0.0003106830588965881,225.186,225.544,225.275,225.49,224.436,225.544,224.54500000000002,225.49,58.73015873015916,True
2024-10-07 14:31:00,225.246,225.327,225.226,225.266,225.294,225.364,225.253,225.304,1030.0,225.285,0.038000000000010914,14,10,1,69.4285714285714,greed,225.32800000000003,225.33800000000002,0.0920326029186212,4.439018976798437e-05,-0.14166666666666672,225.275,225.315,225.275,225.49,225.39,1200.0,740.0,970.0,760.0,530.0,-0.00017752923684610789,0.0001775607590721595,-0.0009534790899817791,0.0004436754070722415,4.436950927311223e-05,225.187,225.544,225.275,225.49,224.436,225.544,224.54500000000002,225.49,54.65116279069879,True
2024-10-07 14:32:00,225.236,225.257,225.156,225.177,225.264,225.303,225.203,225.223,1250.0,225.2,0.04600000000002069,14,10,1,69.4285714285714,greed,225.26999999999998,225.32149999999996,0.042426406870949514,-0.0003772998646159875,0.21359223300970864,225.285,225.275,225.315,225.275,225.49,1030.0,1200.0,740.0,970.0,760.0,4.439018976798437e-05,-0.00017752923684610789,0.0001775607590721595,-0.0009534790899817791,0.0004436754070722415,225.156,225.544,225.2,225.49,224.486,225.544,224.635,225.49,51.64835164835021,True
2024-10-07 14:33:00,225.197,225.327,225.176,225.306,225.223,225.373,225.213,225.344,910.0,225.325,0.03799999999998249,14,10,1,69.4285714285714,greed,225.28000000000003,225.3245,0.04924428900876664,0.000555062166962772,-0.272,225.2,225.285,225.275,225.315,225.275,1250.0,1030.0,1200.0,740.0,970.0,-0.0003772998646159875,4.439018976798437e-05,-0.00017752923684610789,0.0001775607590721595,-0.0009534790899817791,225.156,225.544,225.2,225.49,224.616,225.544,224.98000000000002,225.49,53.68421052631547,True
2024-10-07 14:34:00,225.307,225.417,225.306,225.367,225.353,225.473,225.334,225.403,740.0,225.385,0.036000000000001364,14,10,1,69.4285714285714,greed,225.294,225.33200000000002,0.06804410334465494,0.0002662820370575858,-0.18681318681318682,225.325,225.2,225.285,225.275,225.315,910.0,1250.0,1030.0,1200.0,740.0,0.000555062166962772,-0.0003772998646159875,4.439018976798437e-05,-0.00017752923684610789,0.0001775607590721595,225.156,225.544,225.2,225.49,224.916,225.544,224.98000000000002,225.49,58.16326530612236,True
2024-10-07 14:35:00,225.376,225.457,225.316,225.446,225.414,225.494,225.353,225.484,690.0,225.465,0.038000000000010914,14,10,1,69.4285714285714,greed,225.33199999999997,225.34049999999996,0.10022474744281944,0.0003549481997471293,-0.06756756756756754,225.385,225.325,225.2,225.285,225.275,740.0,910.0,1250.0,1030.0,1200.0,0.0002662820370575858,0.000555062166962772,-0.0003772998646159875,4.439018976798437e-05,-0.00017752923684610789,225.156,225.544,225.2,225.49,224.966,225.544,225.11,225.49,59.000000000000334,True
2024-10-07 14:36:00,225.446,225.596,225.426,225.527,225.494,225.634,225.483,225.573,700.0,225.55,0.04600000000002069,14,10,1,69.4285714285714,greed,225.385,225.3565,0.13365066404614337,0.00037699864724016763,0.01449275362318847,225.465,225.385,225.325,225.2,225.285,690.0,740.0,910.0,1250.0,1030.0,0.0003549481997471293,0.0002662820370575858,0.000555062166962772,-0.0003772998646159875,4.439018976798437e-05,225.156,225.634,225.2,225.55,225.036,225.634,225.17000000000002,225.55,59.203980099502644,True
2024-10-07 14:37:00,225.537,225.677,225.496,225.547,225.573,225.704,225.534,225.593,1000.0,225.57,0.04599999999999227,14,10,1,69.4285714285714,greed,225.459,225.3645,0.10496427963821184,8.867213478147562e-05,0.4285714285714286,225.55,225.465,225.385,225.325,225.2,700.0,690.0,740.0,910.0,1250.0,0.00037699864724016763,0.0003549481997471293,0.0002662820370575858,0.000555062166962772,-0.0003772998646159875,225.156,225.704,225.2,225.57,225.076,225.704,225.17000000000002,225.57,64.39790575916135,True
2024-10-07 14:38:00,225.557,225.557,225.496,225.536,225.593,225.593,225.533,225.574,1010.0,225.555,0.038000000000010914,14,10,1,69.4285714285714,greed,225.50500000000002,225.3925,0.0786606636125373,-6.649820454840416e-05,0.010000000000000009,225.57,225.55,225.465,225.385,225.325,1000.0,700.0,690.0,740.0,910.0,8.867213478147562e-05,0.00037699864724016763,0.0003549481997471293,0.0002662820370575858,0.000555062166962772,225.156,225.704,225.2,225.57,225.076,225.704,225.2,225.57,62.8272251308905,False
2024-10-07 14:39:00,225.527,225.616,225.506,225.546,225.573,225.644,225.533,225.604,1050.0,225.575,0.058000000000021146,14,10,1,69.4285714285714,greed,225.54300000000003,225.4185,0.04480513363401589,8.867016913827186e-05,0.03960396039603964,225.555,225.57,225.55,225.465,225.385,1010.0,1000.0,700.0,690.0,740.0,-6.649820454840416e-05,8.867213478147562e-05,0.00037699864724016763,0.0003549481997471293,0.0002662820370575858,225.156,225.704,225.2,225.575,225.156,225.704,225.2,225.575,60.773480662983374,False
2024-10-07 14:40:00,225.566,225.567,225.347,225.527,225.604,225.613,225.403,225.563,1580.0,225.545,0.036000000000001364,14,10,1,69.4285714285714,greed,225.55900000000003,225.44549999999998,0.012942179104080744,-0.0001329934611548067,0.5047619047619047,225.575,225.555,225.57,225.55,225.465,1050.0,1010.0,1000.0,700.0,690.0,8.867016913827186e-05,-6.649820454840416e-05,8.867213478147562e-05,0.00037699864724016763,0.0003549481997471293,225.156,225.704,225.2,225.575,225.156,225.704,225.2,225.575,58.37837837837859,False
2024-10-07 14:41:00,225.527,225.567,225.367,225.556,225.553,225.604,225.433,225.594,1120.0,225.575,0.03799999999998249,14,10,1,69.4285714285714,greed,225.564,225.47449999999998,0.013416407863586924,0.00013301115076824743,-0.2911392405063291,225.545,225.575,225.555,225.57,225.55,1580.0,1050.0,1010.0,1000.0,700.0,-0.0001329934611548067,8.867016913827186e-05,-6.649820454840416e-05,8.867213478147562e-05,0.00037699864724016763,225.156,225.704,225.2,225.575,225.156,225.704,225.2,225.575,54.97076023391716,False
2024-10-07 14:42:00,225.566,225.587,225.446,225.576,225.604,225.624,225.503,225.614,810.0,225.595,0.038000000000010914,14,10,1,69.4285714285714,greed,225.56900000000002,225.51399999999998,0.01949358868864849,8.86623074365378e-05,-0.2767857142857143,225.575,225.545,225.575,225.555,225.57,1120.0,1580.0,1050.0,1010.0,1000.0,0.00013301115076824743,-0.0001329934611548067,8.867016913827186e-05,-6.649820454840416e-05,8.867213478147562e-05,225.176,225.704,225.325,225.595,225.156,225.704,225.2,225.595,74.2424242424249,False
2024-10-07 14:43:00,225.587,225.647,225.446,225.487,225.613,225.693,225.484,225.533,1210.0,225.51,0.04599999999999227,14,10,1,69.4285714285714,greed,225.56,225.53249999999997,0.03316624790298894,-0.00037678140029706597,0.49382716049382713,225.595,225.575,225.545,225.575,225.555,810.0,1120.0,1580.0,1050.0,1010.0,8.86623074365378e-05,0.00013301115076824743,-0.0001329934611548067,8.867016913827186e-05,-6.649820454840416e-05,225.306,225.704,225.385,225.595,225.156,225.704,225.2,225.595,63.82978723404238,False
2024-10-07 14:44:00,225.497,225.516,225.336,225.387,225.533,225.554,225.363,225.423,1000.0,225.405,0.036000000000001364,14,10,1,69.4285714285714,greed,225.52599999999998,225.53449999999998,0.07486654793673297,-0.00046561128109612326,-0.17355371900826444,225.51,225.595,225.575,225.545,225.575,1210.0,810.0,1120.0,1580.0,1050.0,-0.00037678140029706597,8.86623074365378e-05,0.00013301115076824743,-0.0001329934611548067,8.867016913827186e-05,225.316,225.704,225.405,225.595,225.156,225.704,225.2,225.595,58.44155844155834,False
2024-10-07 14:45:00,225.376,225.497,225.376,225.446,225.424,225.534,225.423,225.514,880.0,225.48000000000002,0.06800000000001205,14,10,1,69.4285714285714,greed,225.513,225.536,0.07637080594024898,0.0003327344113928099,-0.12,225.405,225.51,225.595,225.575,225.545,1000.0,1210.0,810.0,1120.0,1580.0,-0.00046561128109612326,-0.00037678140029706597,8.86623074365378e-05,0.00013301115076824743,-0.0001329934611548067,225.336,225.704,225.405,225.595,225.156,225.704,225.2,225.595,61.676646706588016,False
2024-10-07 14:46:00,225.476,225.487,225.267,225.267,225.514,225.514,225.303,225.303,960.0,225.285,0.036000000000001364,14,10,1,69.4285714285714,greed,225.455,225.50950000000003,0.11688669727545897,-0.0008648217136776326,0.09090909090909083,225.48000000000002,225.405,225.51,225.595,225.575,880.0,1000.0,1210.0,810.0,1120.0,0.0003327344113928099,-0.00046561128109612326,-0.00037678140029706597,8.86623074365378e-05,0.00013301115076824743,225.267,225.704,225.285,225.595,225.156,225.704,225.2,225.595,54.49735449735482,False
2024-10-07 14:47:00,225.247,225.257,225.136,225.166,225.293,225.293,225.164,225.204,970.0,225.185,0.038000000000010914,14,10,1,69.4285714285714,greed,225.373,225.471,0.1363176437588605,-0.00044388219366575665,0.01041666666666674,225.285,225.48000000000002,225.405,225.51,225.595,960.0,880.0,1000.0,1210.0,810.0,-0.0008648217136776326,0.0003327344113928099,-0.00046561128109612326,-0.00037678140029706597,8.86623074365378e-05,225.136,225.693,225.185,225.595,225.136,225.704,225.185,225.595,42.39130434782696,False
2024-10-07 14:48:00,225.176,225.257,225.156,225.217,225.224,225.303,225.193,225.253,930.0,225.235,0.03599999999997294,14,10,1,69.4285714285714,greed,225.31799999999998,225.439,0.12194260945203417,0.00022203965628264655,-0.04123711340206182,225.185,225.285,225.48000000000002,225.405,225.51,970.0,960.0,880.0,1000.0,1210.0,-0.00044388219366575665,-0.0008648217136776326,0.0003327344113928099,-0.00046561128109612326,-0.00037678140029706597,225.136,225.693,225.185,225.595,225.136,225.704,225.185,225.595,41.75824175824324,False
2024-10-07 14:49:00,225.217,225.287,225.176,225.197,225.263,225.324,225.203,225.233,740.0,225.215,0.036000000000001364,14,10,1,69.4285714285714,greed,225.28000000000003,225.40300000000002,0.11757976016294001,-8.879614624734966e-05,-0.20430107526881724,225.235,225.185,225.285,225.48000000000002,225.405,930.0,970.0,960.0,880.0,1000.0,0.00022203965628264655,-0.00044388219366575665,-0.0008648217136776326,0.0003327344113928099,-0.00046561128109612326,225.136,225.693,225.185,225.595,225.136,225.704,225.185,225.595,35.29411764705921,False
2024-10-07 14:50:00,225.197,225.197,225.106,225.127,225.223,225.233,225.123,225.173,730.0,225.15,0.04599999999999227,14,10,1,69.4285714285714,greed,225.214,225.3635,0.05103920062046263,-0.00028861310303485155,-0.013513513513513487,225.215,225.235,225.185,225.285,225.48000000000002,740.0,930.0,970.0,960.0,880.0,-8.879614624734966e-05,0.00022203965628264655,-0.00044388219366575665,-0.0008648217136776326,0.0003327344113928099,225.106,225.693,225.15,225.595,225.106,225.704,225.15,225.595,25.903614457831353,True
2024-10-07 14:51:00,225.136,225.236,225.126,225.236,225.174,225.274,225.153,225.274,840.0,225.255,0.038000000000010914,14,10,1,69.4285714285714,greed,225.208,225.3315,0.041472882706368244,0.0004663557628248327,0.15068493150684925,225.15,225.215,225.235,225.185,225.285,730.0,740.0,930.0,970.0,960.0,-0.00028861310303485155,-8.879614624734966e-05,0.00022203965628264655,-0.00044388219366575665,-0.0008648217136776326,225.106,225.693,225.15,225.595,225.106,225.704,225.15,225.595,32.786885245902155,True
2024-10-07 14:52:00,225.246,225.246,225.036,225.056,225.274,225.283,225.063,225.124,1360.0,225.09,0.06799999999998363,14,10,1,69.4285714285714,greed,225.18900000000002,225.281,0.06795218907420947,-0.0007325031630818213,0.6190476190476191,225.255,225.15,225.215,225.235,225.185,840.0,730.0,740.0,930.0,970.0,0.0004663557628248327,-0.00028861310303485155,-8.879614624734966e-05,0.00022203965628264655,-0.00044388219366575665,225.036,225.693,225.09,225.51,225.036,225.704,225.09,225.595,28.169014084507424,True
2024-10-07 14:53:00,225.057,225.117,225.036,225.066,225.113,225.154,225.073,225.094,1120.0,225.07999999999998,0.027999999999991587,14,10,1,69.4285714285714,greed,225.158,225.238,0.07653430603316674,-4.4426673775022074e-05,-0.17647058823529416,225.09,225.255,225.15,225.215,225.235,1360.0,840.0,730.0,740.0,930.0,-0.0007325031630818213,0.0004663557628248327,-0.00028861310303485155,-8.879614624734966e-05,0.00022203965628264655,225.036,225.554,225.07999999999998,225.48000000000002,225.036,225.704,225.07999999999998,225.595,26.540284360190768,True
2024-10-07 14:54:00,225.076,225.137,225.036,225.127,225.104,225.173,225.054,225.173,730.0,225.15,0.04599999999999227,14,10,1,69.4285714285714,greed,225.14499999999998,225.2125,0.06964194138576794,0.0003110005331439236,-0.3482142857142857,225.07999999999998,225.09,225.255,225.15,225.215,1120.0,1360.0,840.0,730.0,740.0,-4.4426673775022074e-05,-0.0007325031630818213,0.0004663557628248327,-0.00028861310303485155,-8.879614624734966e-05,225.036,225.534,225.07999999999998,225.48000000000002,225.036,225.704,225.07999999999998,225.595,31.963470319636926,True
2024-10-07 14:55:00,225.127,225.286,225.127,225.257,225.163,225.324,225.163,225.303,990.0,225.28,0.04599999999999227,14,10,1,69.4285714285714,greed,225.171,225.19250000000002,0.09249324299632815,0.0005773928492116553,0.3561643835616439,225.15,225.07999999999998,225.09,225.255,225.15,730.0,1120.0,1360.0,840.0,730.0,0.0003110005331439236,-4.4426673775022074e-05,-0.0007325031630818213,0.0004663557628248327,-0.00028861310303485155,225.036,225.514,225.07999999999998,225.285,225.036,225.704,225.07999999999998,225.595,37.656903765691716,False
2024-10-07 14:56:00,225.256,225.397,225.256,225.357,225.314,225.424,225.304,225.393,910.0,225.375,0.036000000000001364,14,10,1,69.4285714285714,greed,225.19500000000002,225.20149999999998,0.12835497652984293,0.00042169744318187874,-0.08080808080808077,225.28,225.15,225.07999999999998,225.09,225.255,990.0,730.0,1120.0,1360.0,840.0,0.0005773928492116553,0.0003110005331439236,-4.4426673775022074e-05,-0.0007325031630818213,0.0004663557628248327,225.036,225.424,225.07999999999998,225.375,225.036,225.704,225.07999999999998,225.595,41.33858267716586,False
2024-10-07 14:57:00,225.356,225.426,225.316,225.336,225.404,225.444,225.344,225.384,730.0,225.36,0.0479999999999734,14,10,1,69.4285714285714,greed,225.24900000000002,225.219,0.12992305415119612,-6.655574043257229e-05,-0.19780219780219777,225.375,225.28,225.15,225.07999999999998,225.09,910.0,990.0,730.0,1120.0,1360.0,0.00042169744318187874,0.0005773928492116553,0.0003110005331439236,-4.4426673775022074e-05,-0.0007325031630818213,225.036,225.444,225.07999999999998,225.375,225.036,225.693,225.07999999999998,225.595,43.75000000000118,False
2024-10-07 14:58:00,225.357,225.467,225.356,225.386,225.403,225.494,225.393,225.424,780.0,225.405,0.038000000000010914,14,10,1,69.4285714285714,greed,225.314,225.23600000000002,0.10267667700099871,0.00019968051118213204,0.06849315068493156,225.36,225.375,225.28,225.15,225.07999999999998,730.0,910.0,990.0,730.0,1120.0,-6.655574043257229e-05,0.00042169744318187874,0.0005773928492116553,0.0003110005331439236,-4.4426673775022074e-05,225.036,225.494,225.07999999999998,225.405,225.036,225.693,225.07999999999998,225.595,50.0,False
2024-10-07 14:59:00,225.396,225.427,225.287,225.297,225.424,225.463,225.323,225.323,690.0,225.31,0.02600000000001046,14,10,1,69.4285714285714,greed,225.346,225.2455,0.0504232089415541,-0.0004214635877642925,-0.11538461538461542,225.405,225.36,225.375,225.28,225.15,780.0,730.0,910.0,990.0,730.0,0.00019968051118213204,-6.655574043257229e-05,0.00042169744318187874,0.0005773928492116553,0.0003110005331439236,225.036,225.494,225.07999999999998,225.405,225.036,225.693,225.07999999999998,225.595,42.67241379310292,False
2024-10-07 15:00:00,225.286,225.286,225.076,225.137,225.324,225.324,225.093,225.173,1410.0,225.155,0.036000000000001364,15,10,1,69.4285714285714,greed,225.321,225.246,0.09895706139516704,-0.0006879410589853974,1.0434782608695654,225.31,225.405,225.36,225.375,225.28,690.0,780.0,730.0,910.0,990.0,-0.0004214635877642925,0.00019968051118213204,-6.655574043257229e-05,0.00042169744318187874,0.0005773928492116553,225.036,225.494,225.07999999999998,225.405,225.036,225.693,225.07999999999998,225.595,44.196428571428804,False
2024-10-07 15:01:00,225.126,225.127,224.906,224.997,225.174,225.183,224.933,225.033,810.0,225.015,0.03599999999997294,15,10,1,69.4285714285714,greed,225.24900000000002,225.22200000000004,0.1612218967757724,-0.0006217938753303454,-0.42553191489361697,225.155,225.31,225.405,225.36,225.375,1410.0,690.0,780.0,730.0,910.0,-0.0006879410589853974,-0.0004214635877642925,0.00019968051118213204,-6.655574043257229e-05,0.00042169744318187874,224.906,225.494,225.015,225.405,224.906,225.693,225.015,225.595,42.67241379310292,False
2024-10-07 15:02:00,224.997,224.997,224.717,224.837,225.023,225.023,224.753,224.873,1110.0,224.855,0.036000000000001364,15,10,1,69.4285714285714,greed,225.148,225.19849999999997,0.22129166274396966,-0.0007110637068640235,0.37037037037037046,225.015,225.155,225.31,225.405,225.36,810.0,1410.0,690.0,780.0,730.0,-0.0006217938753303454,-0.0006879410589853974,-0.0004214635877642925,0.00019968051118213204,-6.655574043257229e-05,224.717,225.494,224.855,225.405,224.717,225.693,224.855,225.51,35.03937007873934,False
2024-10-07 15:03:00,224.837,224.846,224.647,224.647,224.853,224.884,224.693,224.693,1090.0,224.67000000000002,0.04600000000002069,15,10,1,69.4285714285714,greed,225.00100000000003,225.15749999999997,0.25013496356968573,-0.0008227524404614828,-0.018018018018018056,224.855,225.015,225.155,225.31,225.405,1110.0,810.0,1410.0,690.0,780.0,-0.0007110637068640235,-0.0006217938753303454,-0.0006879410589853974,-0.0004214635877642925,0.00019968051118213204,224.647,225.494,224.67000000000002,225.405,224.647,225.554,224.67000000000002,225.48000000000002,31.01045296167257,True
2024-10-07 15:04:00,224.657,224.736,224.596,224.736,224.693,224.764,224.623,224.764,1110.0,224.75,0.02800000000002001,15,10,1,69.4285714285714,greed,224.88899999999998,225.11749999999998,0.19689464187738637,0.0003560778029998435,0.0183486238532109,224.67000000000002,224.855,225.015,225.155,225.31,1090.0,1110.0,810.0,1410.0,690.0,-0.0008227524404614828,-0.0007110637068640235,-0.0006217938753303454,-0.0006879410589853974,-0.0004214635877642925,224.596,225.494,224.67000000000002,225.405,224.596,225.534,224.67000000000002,225.48000000000002,36.20689655172356,False
2024-10-07 15:05:00,224.746,224.817,224.626,224.646,224.784,224.853,224.664,224.704,850.0,224.675,0.058000000000021146,15,10,1,69.4285714285714,greed,224.79300000000003,225.05699999999996,0.1449396426104277,-0.00033370411568400815,-0.23423423423423428,224.75,224.67000000000002,224.855,225.015,225.155,1110.0,1090.0,1110.0,810.0,1410.0,0.0003560778029998435,-0.0008227524404614828,-0.0007110637068640235,-0.0006217938753303454,-0.0006879410589853974,224.596,225.494,224.67000000000002,225.405,224.596,225.514,224.67000000000002,225.405,29.57746478873237,False
2024-10-07 15:06:00,224.666,224.666,224.506,224.537,224.694,224.703,224.543,224.593,700.0,224.565,0.055999999999983174,15,10,1,69.4285714285714,greed,224.70300000000003,224.97599999999997,0.1075058137965268,-0.0004895960832314028,-0.17647058823529416,224.675,224.75,224.67000000000002,224.855,225.015,850.0,1110.0,1090.0,1110.0,810.0,-0.00033370411568400815,0.0003560778029998435,-0.0008227524404614828,-0.0007110637068640235,-0.0006217938753303454,224.506,225.494,224.565,225.405,224.506,225.494,224.565,225.405,30.76923076923029,True
2024-10-07 15:07:00,224.527,224.656,224.456,224.607,224.593,224.684,224.494,224.653,1170.0,224.63,0.04599999999999227,15,10,1,69.4285714285714,greed,224.658,224.90300000000002,0.06769416518475865,0.00028944848930145817,0.6714285714285715,224.565,224.675,224.75,224.67000000000002,224.855,700.0,850.0,1110.0,1090.0,1110.0,-0.0004895960832314028,-0.00033370411568400815,0.0003560778029998435,-0.0008227524404614828,-0.0007110637068640235,224.456,225.494,224.565,225.405,224.456,225.494,224.565,225.405,34.15492957746473,True
2024-10-07 15:08:00,224.607,224.696,224.526,224.687,224.643,224.734,224.563,224.733,880.0,224.71,0.04599999999999227,15,10,1,69.4285714285714,greed,224.666,224.83350000000002,0.07171122645764699,0.0003561412099897243,-0.24786324786324787,224.63,224.565,224.675,224.75,224.67000000000002,1170.0,700.0,850.0,1110.0,1090.0,0.00028944848930145817,-0.0004895960832314028,-0.00033370411568400815,0.0003560778029998435,-0.0008227524404614828,224.456,225.463,224.565,225.31,224.456,225.494,224.565,225.405,34.61538461538416,True
2024-10-07 15:09:00,224.686,224.727,224.546,224.657,224.714,224.754,224.573,224.683,790.0,224.67000000000002,0.025999999999982037,15,10,1,69.4285714285714,greed,224.65,224.76950000000002,0.05533985905351787,-0.00017800720929195268,-0.10227272727272729,224.71,224.63,224.565,224.675,224.75,880.0,1170.0,700.0,850.0,1110.0,0.0003561412099897243,0.00028944848930145817,-0.0004895960832314028,-0.00033370411568400815,0.0003560778029998435,224.456,225.324,224.565,225.155,224.456,225.494,224.565,225.405,27.238805970148903,True
2024-10-07 15:10:00,224.657,224.707,224.596,224.627,224.693,224.734,224.623,224.663,660.0,224.645,0.036000000000001364,15,10,1,69.4285714285714,greed,224.644,224.7185,0.05354904294256343,-0.00011127431343749272,-0.16455696202531644,224.67000000000002,224.71,224.63,224.565,224.675,790.0,880.0,1170.0,700.0,850.0,-0.00017800720929195268,0.0003561412099897243,0.00028944848930145817,-0.0004895960832314028,-0.00033370411568400815,224.456,225.183,224.565,225.015,224.456,225.494,224.565,225.405,21.259842519684383,True
2024-10-07 15:11:00,224.626,224.847,224.626,224.806,224.654,224.893,224.654,224.854,1000.0,224.83,0.04800000000000182,15,10,1,69.4285714285714,greed,224.69699999999997,224.7,0.08028075734604012,0.0008235215562331089,0.5151515151515151,224.645,224.67000000000002,224.71,224.63,224.565,660.0,790.0,880.0,1170.0,700.0,-0.00011127431343749272,-0.00017800720929195268,0.0003561412099897243,0.00028944848930145817,-0.0004895960832314028,224.456,225.023,224.565,224.855,224.456,225.494,224.565,225.405,31.597222222221788,True
2024-10-07 15:12:00,224.807,224.906,224.786,224.856,224.843,224.934,224.824,224.904,770.0,224.88,0.04800000000000182,15,10,1,69.4285714285714,greed,224.747,224.70250000000001,0.10281050530000026,0.00022239025041126403,-0.22999999999999998,224.83,224.645,224.67000000000002,224.71,224.63,1000.0,660.0,790.0,880.0,1170.0,0.0008235215562331089,-0.00011127431343749272,-0.00017800720929195268,0.0003561412099897243,0.00028944848930145817,224.456,224.934,224.565,224.88,224.456,225.494,224.565,225.405,31.833910034601445,True
2024-10-07 15:13:00,224.856,224.967,224.856,224.916,224.894,225.004,224.893,224.964,650.0,224.94,0.04800000000000182,15,10,1,69.4285714285714,greed,224.79300000000003,224.7295,0.12998076780827392,0.00026680896478126215,-0.1558441558441559,224.88,224.83,224.645,224.67000000000002,224.71,770.0,1000.0,660.0,790.0,880.0,0.00022239025041126403,0.0008235215562331089,-0.00011127431343749272,-0.00017800720929195268,0.0003561412099897243,224.456,225.004,224.565,224.94,224.456,225.494,224.565,225.405,36.87943262411302,True
2024-10-07 15:14:00,224.917,224.996,224.896,224.907,224.943,225.014,224.924,224.933,550.0,224.92000000000002,0.025999999999982037,15,10,1,69.4285714285714,greed,224.843,224.74650000000003,0.11840608092499524,-8.891259891519177e-05,-0.15384615384615385,224.94,224.88,224.83,224.645,224.67000000000002,650.0,770.0,1000.0,660.0,790.0,0.00026680896478126215,0.00022239025041126403,0.0008235215562331089,-0.00011127431343749272,-0.00017800720929195268,224.456,225.014,224.565,224.94,224.456,225.494,224.565,225.405,40.784313725490414,True
2024-10-07 15:15:00,224.927,224.946,224.797,224.907,224.973,224.984,224.843,224.943,910.0,224.925,0.036000000000001364,15,10,1,69.4285714285714,greed,224.89900000000003,224.7715,0.044497190922612825,2.2230126267119843e-05,0.6545454545454545,224.92000000000002,224.94,224.88,224.83,224.645,550.0,650.0,770.0,1000.0,660.0,-8.891259891519177e-05,0.00026680896478126215,0.00022239025041126403,0.0008235215562331089,-0.00011127431343749272,224.456,225.014,224.565,224.94,224.456,225.494,224.565,225.405,46.052631578948215,True
2024-10-07 15:16:00,224.906,224.907,224.826,224.876,224.934,224.943,224.863,224.924,900.0,224.9,0.04800000000000182,15,10,1,69.4285714285714,greed,224.913,224.805,0.023345235059856615,-0.00011114816049795362,-0.01098901098901095,224.925,224.92000000000002,224.94,224.88,224.83,910.0,550.0,650.0,770.0,1000.0,2.2230126267119843e-05,-8.891259891519177e-05,0.00026680896478126215,0.00022239025041126403,0.0008235215562331089,224.456,225.014,224.63,224.94,224.456,225.494,224.565,225.405,52.23880597015019,True
2024-10-07 15:17:00,224.877,224.927,224.846,224.877,224.903,224.954,224.883,224.913,560.0,224.895,0.036000000000001364,15,10,1,69.4285714285714,greed,224.916,224.8315,0.01850675552329746,-2.2232103156993865e-05,-0.37777777777777777,224.9,224.925,224.92000000000002,224.94,224.88,900.0,910.0,550.0,650.0,770.0,-0.00011114816049795362,2.2230126267119843e-05,-8.891259891519177e-05,0.00026680896478126215,0.00022239025041126403,224.526,225.014,224.645,224.94,224.456,225.494,224.565,225.405,63.636363636363946,True
2024-10-07 15:18:00,224.886,225.077,224.886,225.077,224.914,225.133,224.914,225.133,910.0,225.10500000000002,0.056000000000011596,15,10,1,69.4285714285714,greed,224.949,224.871,0.08813342158336325,0.0009337690922430752,0.625,224.895,224.9,224.925,224.92000000000002,224.94,560.0,900.0,910.0,550.0,650.0,-2.2232103156993865e-05,-0.00011114816049795362,2.2230126267119843e-05,-8.891259891519177e-05,0.00026680896478126215,224.546,225.133,224.645,225.10500000000002,224.456,225.463,224.565,225.31,68.58638743455623,False
2024-10-07 15:19:00,225.097,225.107,225.006,225.036,225.123,225.144,225.033,225.074,870.0,225.055,0.038000000000010914,15,10,1,69.4285714285714,greed,224.97600000000003,224.90950000000004,0.09723682430017618,-0.0002221185668910275,-0.04395604395604391,225.10500000000002,224.895,224.9,224.925,224.92000000000002,910.0,560.0,900.0,910.0,550.0,0.0009337690922430752,-2.2232103156993865e-05,-0.00011114816049795362,2.2230126267119843e-05,-8.891259891519177e-05,224.596,225.144,224.645,225.10500000000002,224.456,225.324,224.565,225.155,70.43010752688133,False
2024-10-07 15:20:00,225.047,225.077,225.016,225.037,225.073,225.114,225.043,225.063,390.0,225.05,0.025999999999982037,15,10,1,69.4285714285714,greed,225.00100000000003,224.95,0.09691491113330575,-2.2216791450979656e-05,-0.5517241379310345,225.055,225.10500000000002,224.895,224.9,224.925,870.0,910.0,560.0,900.0,910.0,-0.0002221185668910275,0.0009337690922430752,-2.2232103156993865e-05,-0.00011114816049795362,2.2230126267119843e-05,224.626,225.144,224.83,225.10500000000002,224.456,225.183,224.565,225.10500000000002,79.39393939394063,False
2024-10-07 15:21:00,225.017,225.026,224.927,224.967,225.043,225.063,224.953,224.993,750.0,224.98000000000002,0.025999999999982037,15,10,1,69.4285714285714,greed,225.017,224.965,0.08144016208217957,-0.0003110419906686701,0.9230769230769231,225.05,225.055,225.10500000000002,224.895,224.9,390.0,870.0,910.0,560.0,900.0,-2.2216791450979656e-05,-0.0002221185668910275,0.0009337690922430752,-2.2232103156993865e-05,-0.00011114816049795362,224.786,225.144,224.88,225.10500000000002,224.456,225.144,224.565,225.10500000000002,71.08433734939936,False
2024-10-07 15:22:00,224.957,225.087,224.957,225.086,224.993,225.114,224.993,225.104,500.0,225.09500000000003,0.018000000000000682,15,10,1,69.4285714285714,greed,225.05700000000002,224.98650000000004,0.049320381182250454,0.0005111565472486479,-0.33333333333333337,224.98000000000002,225.05,225.055,225.10500000000002,224.895,750.0,390.0,870.0,910.0,560.0,-0.0003110419906686701,-2.2216791450979656e-05,-0.0002221185668910275,0.0009337690922430752,-2.2232103156993865e-05,224.797,225.144,224.895,225.10500000000002,224.456,225.144,224.565,225.10500000000002,72.25433526011722,False
2024-10-07 15:23:00,225.097,225.136,225.026,225.077,225.123,225.154,225.063,225.113,820.0,225.095,0.036000000000001364,15,10,1,69.4285714285714,greed,225.055,225.002,0.047037219305169395,-1.1102230246251565e-16,0.6399999999999999,225.09500000000003,224.98000000000002,225.05,225.055,225.10500000000002,500.0,750.0,390.0,870.0,910.0,0.0005111565472486479,-0.0003110419906686701,-2.2216791450979656e-05,-0.0002221185668910275,0.0009337690922430752,224.797,225.154,224.895,225.10500000000002,224.456,225.154,224.565,225.10500000000002,75.75757575757419,False
2024-10-07 15:24:00,225.057,225.057,224.986,225.007,225.083,225.084,225.014,225.053,880.0,225.03,0.04599999999999227,15,10,1,69.4285714285714,greed,225.05,225.013,0.048347699014159855,-0.0002887669650591951,0.07317073170731714,225.095,225.09500000000003,224.98000000000002,225.05,225.055,820.0,500.0,750.0,390.0,870.0,-1.1102230246251565e-16,0.0005111565472486479,-0.0003110419906686701,-2.2216791450979656e-05,-0.0002221185668910275,224.797,225.154,224.895,225.10500000000002,224.456,225.154,224.565,225.10500000000002,72.25433526011484,True
2024-10-07 15:25:00,225.007,225.026,224.926,224.947,225.033,225.054,224.953,224.983,760.0,224.965,0.036000000000001364,15,10,1,69.4285714285714,greed,225.033,225.017,0.06150203248647909,-0.00028885037550552273,-0.13636363636363635,225.03,225.095,225.09500000000003,224.98000000000002,225.05,880.0,820.0,500.0,750.0,390.0,-0.0002887669650591951,-1.1102230246251565e-16,0.0005111565472486479,-0.0003110419906686701,-2.2216791450979656e-05,224.826,225.154,224.895,225.10500000000002,224.456,225.154,224.565,225.10500000000002,59.060402684563094,True
2024-10-07 15:26:00,224.957,224.997,224.906,224.907,224.983,225.024,224.943,224.953,710.0,224.93,0.04599999999999227,15,10,1,69.4285714285714,greed,225.023,225.02000000000004,0.07488324245097112,-0.0001555797568510986,-0.06578947368421051,224.965,225.03,225.095,225.09500000000003,224.98000000000002,760.0,880.0,820.0,500.0,750.0,-0.00028885037550552273,-0.0002887669650591951,-1.1102230246251565e-16,0.0005111565472486479,-0.0003110419906686701,224.846,225.154,224.895,225.10500000000002,224.456,225.154,224.63,225.10500000000002,53.424657534247274,True
2024-10-07 15:27:00,224.896,225.057,224.857,225.017,224.944,225.084,224.893,225.043,730.0,225.03,0.02600000000001046,15,10,1,69.4285714285714,greed,225.01,225.0335,0.06412877669169618,0.00044458275908065836,0.028169014084507005,224.93,224.965,225.03,225.095,225.09500000000003,710.0,760.0,880.0,820.0,500.0,-0.0001555797568510986,-0.00028885037550552273,-0.0002887669650591951,-1.1102230246251565e-16,0.0005111565472486479,224.857,225.154,224.93,225.10500000000002,224.526,225.154,224.645,225.10500000000002,55.84415584415599,True
2024-10-07 15:28:00,225.026,225.077,225.006,225.037,225.044,225.114,225.043,225.073,1040.0,225.055,0.036000000000001364,15,10,1,69.4285714285714,greed,225.002,225.02850000000004,0.052273320154509924,0.00011109629827132927,0.42465753424657526,225.03,224.93,224.965,225.03,225.095,730.0,710.0,760.0,880.0,820.0,0.00044458275908065836,-0.0001555797568510986,-0.00028885037550552273,-0.0002887669650591951,-1.1102230246251565e-16,224.857,225.154,224.93,225.09500000000003,224.546,225.154,224.645,225.10500000000002,58.709677419353866,True
2024-10-07 15:29:00,225.037,225.087,224.967,225.067,225.083,225.113,225.003,225.093,910.0,225.07999999999998,0.025999999999982037,15,10,1,69.4285714285714,greed,225.012,225.031,0.06270964838023804,0.00011108395725489828,-0.125,225.055,225.03,224.93,224.965,225.03,1040.0,730.0,710.0,760.0,880.0,0.00011109629827132927,0.00044458275908065836,-0.0001555797568510986,-0.00028885037550552273,-0.0002887669650591951,224.857,225.154,224.93,225.09500000000003,224.596,225.154,224.645,225.10500000000002,59.74842767295406,True
2024-10-07 15:30:00,225.066,225.106,225.016,225.057,225.104,225.144,225.034,225.083,880.0,225.07,0.02600000000001046,15,10,1,69.4285714285714,greed,225.033,225.033,0.06058052492318044,-4.442864759190979e-05,-0.03296703296703296,225.07999999999998,225.055,225.03,224.93,224.965,910.0,1040.0,730.0,710.0,760.0,0.00011108395725489828,0.00011109629827132927,0.00044458275908065836,-0.0001555797568510986,-0.00028885037550552273,224.857,225.154,224.93,225.09500000000003,224.626,225.154,224.83,225.10500000000002,60.89743589743509,True
2024-10-07 15:31:00,225.057,225.097,225.006,225.016,225.073,225.123,225.023,225.044,650.0,225.03,0.02800000000002001,15,10,1,69.4285714285714,greed,225.05299999999997,225.038,0.02280350850118191,-0.00017772248633751708,-0.26136363636363635,225.07,225.07999999999998,225.055,225.03,224.93,880.0,910.0,1040.0,730.0,710.0,-4.442864759190979e-05,0.00011108395725489828,0.00011109629827132927,0.00044458275908065836,-0.0001555797568510986,224.857,225.154,224.93,225.09500000000003,224.786,225.154,224.88,225.10500000000002,58.28220858895652,False
2024-10-07 15:32:00,225.016,225.127,225.016,225.127,225.054,225.153,225.053,225.153,710.0,225.14,0.025999999999982037,15,10,1,69.4285714285714,greed,225.075,225.04250000000002,0.040926763858860696,0.0004888237123938932,0.0923076923076922,225.03,225.07,225.07999999999998,225.055,225.03,650.0,880.0,910.0,1040.0,730.0,-0.00017772248633751708,-4.442864759190979e-05,0.00011108395725489828,0.00011109629827132927,0.00044458275908065836,224.857,225.154,224.93,225.14,224.797,225.154,224.895,225.14,52.44755244755031,False
2024-10-07 15:33:00,225.097,225.196,225.066,225.187,225.143,225.223,225.084,225.223,790.0,225.205,0.036000000000001364,15,10,1,69.4285714285714,greed,225.10499999999996,225.05349999999999,0.06837397165555023,0.00028870924757939953,0.11267605633802824,225.14,225.03,225.07,225.07999999999998,225.055,710.0,650.0,880.0,910.0,1040.0,0.0004888237123938932,-0.00017772248633751708,-4.442864759190979e-05,0.00011108395725489828,0.00011109629827132927,224.857,225.223,224.93,225.205,224.797,225.223,224.895,225.205,60.27397260274026,False
2024-10-07 15:34:00,225.207,225.267,225.186,225.237,225.223,225.294,225.204,225.263,620.0,225.25,0.02600000000001046,15,10,1,69.4285714285714,greed,225.13899999999998,225.0755,0.09126883367254966,0.00019981794365131478,-0.21518987341772156,225.205,225.14,225.03,225.07,225.07999999999998,790.0,710.0,650.0,880.0,910.0,0.00028870924757939953,0.0004888237123938932,-0.00017772248633751708,-4.442864759190979e-05,0.00011108395725489828,224.857,225.294,224.93,225.25,224.797,225.294,224.895,225.25,62.987012987012555,False
2024-10-07 15:35:00,225.237,225.246,225.016,225.077,225.273,225.274,225.044,225.123,760.0,225.1,0.04599999999999227,15,10,1,69.4285714285714,greed,225.14499999999998,225.089,0.08645808232864297,-0.0006659267480577657,0.22580645161290325,225.25,225.205,225.14,225.03,225.07,620.0,790.0,710.0,650.0,880.0,0.00019981794365131478,0.00028870924757939953,0.0004888237123938932,-0.00017772248633751708,-4.442864759190979e-05,224.857,225.294,224.93,225.25,224.826,225.294,224.895,225.25,57.05882352941041,False
2024-10-07 15:36:00,225.127,225.127,224.936,224.936,225.153,225.164,224.974,224.974,630.0,224.95499999999998,0.03799999999998249,15,10,1,69.4285714285714,greed,225.13000000000002,225.0915,0.11363318177342177,-0.0006441581519325279,-0.17105263157894735,225.1,225.25,225.205,225.14,225.03,760.0,620.0,790.0,710.0,650.0,-0.0006659267480577657,0.00019981794365131478,0.00028870924757939953,0.0004888237123938932,-0.00017772248633751708,224.857,225.294,224.95499999999998,225.25,224.846,225.294,224.895,225.25,42.04545454545205,False
2024-10-07 15:37:00,224.937,224.987,224.916,224.916,224.953,225.023,224.943,224.944,690.0,224.93,0.027999999999991587,15,10,1,69.4285714285714,greed,225.08800000000002,225.0815,0.1438141161359337,-0.00011113333777856838,0.09523809523809534,224.95499999999998,225.1,225.25,225.205,225.14,630.0,760.0,620.0,790.0,710.0,-0.0006441581519325279,-0.0006659267480577657,0.00019981794365131478,0.00028870924757939953,0.0004888237123938932,224.916,225.294,224.93,225.25,224.857,225.294,224.93,225.25,40.88397790055237,True
2024-10-07 15:38:00,224.927,224.977,224.736,224.756,224.953,224.994,224.764,224.794,850.0,224.775,0.038000000000010914,15,10,1,69.4285714285714,greed,225.002,225.05349999999999,0.18029836383055034,-0.0006891032765748983,0.2318840579710144,224.93,224.95499999999998,225.1,225.25,225.205,690.0,630.0,760.0,620.0,790.0,-0.00011113333777856838,-0.0006441581519325279,-0.0006659267480577657,0.00019981794365131478,0.00028870924757939953,224.736,225.294,224.775,225.25,224.736,225.294,224.775,225.25,37.185929648240766,True
2024-10-07 15:39:00,224.767,224.847,224.747,224.826,224.803,224.874,224.793,224.854,610.0,224.84,0.02800000000002001,15,10,1,69.4285714285714,greed,224.92,225.0295,0.12364263018873028,0.0002891780669558308,-0.2823529411764706,224.775,224.93,224.95499999999998,225.1,225.25,850.0,690.0,630.0,760.0,620.0,-0.0006891032765748983,-0.00011113333777856838,-0.0006441581519325279,-0.0006659267480577657,0.00019981794365131478,224.736,225.294,224.775,225.25,224.736,225.294,224.775,225.25,43.718592964823785,False
2024-10-07 15:40:00,224.837,224.966,224.827,224.966,224.873,225.004,224.863,225.004,470.0,224.985,0.03799999999998249,15,10,1,69.4285714285714,greed,224.89700000000002,225.02100000000002,0.08707755164215582,0.0006449030421633584,-0.2295081967213115,224.84,224.775,224.93,224.95499999999998,225.1,610.0,850.0,690.0,630.0,760.0,0.0002891780669558308,-0.0006891032765748983,-0.00011113333777856838,-0.0006441581519325279,-0.0006659267480577657,224.736,225.294,224.775,225.25,224.736,225.294,224.775,225.25,52.48868778280582,False
2024-10-07 15:41:00,224.976,225.027,224.906,224.916,225.004,225.054,224.953,224.964,540.0,224.94,0.04800000000000182,15,10,1,69.4285714285714,greed,224.894,225.012,0.08480860805362378,-0.0002000133342223709,0.14893617021276606,224.985,224.84,224.775,224.93,224.95499999999998,470.0,610.0,850.0,690.0,630.0,0.0006449030421633584,0.0002891780669558308,-0.0006891032765748983,-0.00011113333777856838,-0.0006441581519325279,224.736,225.294,224.775,225.25,224.736,225.294,224.775,225.25,45.71428571428548,False
2024-10-07 15:42:00,224.907,224.996,224.906,224.966,224.963,225.024,224.944,224.994,620.0,224.98000000000002,0.027999999999991587,15,10,1,69.4285714285714,greed,224.904,224.996,0.0926957388448458,0.00017782519783060557,0.14814814814814814,224.94,224.985,224.84,224.775,224.93,540.0,470.0,610.0,850.0,690.0,-0.0002000133342223709,0.0006449030421633584,0.0002891780669558308,-0.0006891032765748983,-0.00011113333777856838,224.736,225.294,224.775,225.25,224.736,225.294,224.775,225.25,46.47887323943715,False
2024-10-07 15:43:00,224.966,224.966,224.786,224.826,224.984,224.994,224.813,224.854,900.0,224.84,0.02800000000002001,15,10,1,69.4285714285714,greed,224.917,224.9595,0.07242237223392445,-0.0006222775357810351,0.4516129032258065,224.98000000000002,224.94,224.985,224.84,224.775,620.0,540.0,470.0,610.0,850.0,0.00017782519783060557,-0.0002000133342223709,0.0006449030421633584,0.0002891780669558308,-0.0006891032765748983,224.736,225.294,224.775,225.25,224.736,225.294,224.775,225.25,39.8305084745774,False
2024-10-07 15:44:00,224.817,224.887,224.796,224.817,224.833,224.924,224.824,224.853,770.0,224.835,0.036000000000001364,15,10,1,69.4285714285714,greed,224.91600000000003,224.91799999999998,0.073773301403622,-2.223803593659479e-05,-0.1444444444444445,224.84,224.98000000000002,224.94,224.985,224.84,900.0,620.0,540.0,470.0,610.0,-0.0006222775357810351,0.00017782519783060557,-0.0002000133342223709,0.0006449030421633584,0.0002891780669558308,224.736,225.274,224.775,225.1,224.736,225.294,224.775,225.25,40.000000000000966,False
2024-10-07 15:45:00,224.817,224.877,224.796,224.846,224.863,224.904,224.843,224.864,750.0,224.85500000000002,0.018000000000000682,15,10,1,69.4285714285714,greed,224.89000000000001,224.8935,0.06585969936154974,8.895412191156638e-05,-0.025974025974025983,224.835,224.84,224.98000000000002,224.94,224.985,770.0,900.0,620.0,540.0,470.0,-2.223803593659479e-05,-0.0006222775357810351,0.00017782519783060557,-0.0002000133342223709,0.0006449030421633584,224.736,225.164,224.775,224.985,224.736,225.294,224.775,225.25,42.424242424243545,False
2024-10-07 15:46:00,224.837,224.867,224.776,224.827,224.863,224.894,224.814,224.853,670.0,224.84,0.02600000000001046,15,10,1,69.4285714285714,greed,224.87000000000003,224.882,0.06194755846679574,-6.670965733479584e-05,-0.10666666666666669,224.85500000000002,224.835,224.84,224.98000000000002,224.94,750.0,770.0,900.0,620.0,540.0,8.895412191156638e-05,-2.223803593659479e-05,-0.0006222775357810351,0.00017782519783060557,-0.0002000133342223709,224.736,225.054,224.775,224.985,224.736,225.294,224.775,225.25,35.849056603775566,False
2024-10-07 15:47:00,224.826,224.907,224.797,224.886,224.844,224.934,224.833,224.914,770.0,224.89999999999998,0.027999999999991587,15,10,1,69.4285714285714,greed,224.85399999999998,224.879,0.026786190471917524,0.0002668564312398036,0.14925373134328357,224.84,224.85500000000002,224.835,224.84,224.98000000000002,670.0,750.0,770.0,900.0,620.0,-6.670965733479584e-05,8.895412191156638e-05,-2.223803593659479e-05,-0.0006222775357810351,0.00017782519783060557,224.736,225.054,224.775,224.985,224.736,225.294,224.775,225.25,35.54502369668127,False
2024-10-07 15:48:00,224.896,224.896,224.727,224.756,224.914,224.923,224.763,224.794,850.0,224.775,0.038000000000010914,15,10,1,69.4285714285714,greed,224.84099999999998,224.879,0.044916589362947415,-0.0005558025789238474,0.10389610389610393,224.89999999999998,224.84,224.85500000000002,224.835,224.84,770.0,670.0,750.0,770.0,900.0,0.0002668564312398036,-6.670965733479584e-05,8.895412191156638e-05,-2.223803593659479e-05,-0.0006222775357810351,224.727,225.054,224.775,224.985,224.727,225.294,224.775,225.25,29.074889867842018,True
2024-10-07 15:49:00,224.757,224.807,224.737,224.777,224.773,224.834,224.764,224.813,460.0,224.795,0.036000000000001364,15,10,1,69.4285714285714,greed,224.833,224.87449999999998,0.049573178231793455,8.897786675565733e-05,-0.45882352941176474,224.775,224.89999999999998,224.84,224.85500000000002,224.835,850.0,770.0,670.0,750.0,770.0,-0.0005558025789238474,0.0002668564312398036,-6.670965733479584e-05,8.895412191156638e-05,-2.223803593659479e-05,224.727,225.054,224.775,224.985,224.727,225.294,224.775,225.25,34.825870646765765,True
2024-10-07 15:50:00,224.787,224.797,224.696,224.757,224.813,224.833,224.724,224.783,650.0,224.76999999999998,0.025999999999982037,15,10,1,69.4285714285714,greed,224.81599999999997,224.85299999999998,0.05447476479989479,-0.00011121243799905312,0.4130434782608696,224.795,224.775,224.89999999999998,224.84,224.85500000000002,460.0,850.0,770.0,670.0,750.0,8.897786675565733e-05,-0.0005558025789238474,0.0002668564312398036,-6.670965733479584e-05,8.895412191156638e-05,224.696,225.054,224.76999999999998,224.98000000000002,224.696,225.294,224.76999999999998,225.25,39.54802259886982,True
2024-10-07 15:51:00,224.756,224.817,224.696,224.806,224.794,224.854,224.743,224.854,450.0,224.83,0.04800000000000182,15,10,1,69.4285714285714,greed,224.814,224.842,0.05354904294200072,0.0002669395381946771,-0.3076923076923077,224.76999999999998,224.795,224.775,224.89999999999998,224.84,650.0,460.0,850.0,770.0,670.0,-0.00011121243799905312,8.897786675565733e-05,-0.0005558025789238474,0.0002668564312398036,-6.670965733479584e-05,224.696,225.024,224.76999999999998,224.98000000000002,224.696,225.294,224.76999999999998,225.25,44.56521739130491,True
2024-10-07 15:52:00,224.807,224.807,224.736,224.776,224.843,224.843,224.753,224.804,470.0,224.79000000000002,0.027999999999991587,15,10,1,69.4285714285714,greed,224.792,224.823,0.023611437906411795,-0.00017791220032914445,0.04444444444444451,224.83,224.76999999999998,224.795,224.775,224.89999999999998,450.0,650.0,460.0,850.0,770.0,0.0002669395381946771,-0.00011121243799905312,8.897786675565733e-05,-0.0005558025789238474,0.0002668564312398036,224.696,224.994,224.76999999999998,224.89999999999998,224.696,225.294,224.76999999999998,225.25,50.931677018634424,True
2024-10-07 15:53:00,224.776,224.807,224.717,224.777,224.814,224.834,224.753,224.813,810.0,224.795,0.036000000000001364,15,10,1,69.4285714285714,greed,224.796,224.8185,0.02162174831062048,2.2242982338882555e-05,0.7234042553191489,224.79000000000002,224.83,224.76999999999998,224.795,224.775,470.0,450.0,650.0,460.0,850.0,-0.00017791220032914445,0.0002669395381946771,-0.00011121243799905312,8.897786675565733e-05,-0.0005558025789238474,224.696,224.934,224.76999999999998,224.89999999999998,224.696,225.294,224.76999999999998,225.25,46.979865771811035,True
2024-10-07 15:54:00,224.756,224.917,224.747,224.896,224.784,224.953,224.783,224.934,620.0,224.915,0.038000000000010914,15,10,1,69.4285714285714,greed,224.82,224.82649999999998,0.05733672470593492,0.0005338197023956326,-0.23456790123456794,224.795,224.79000000000002,224.83,224.76999999999998,224.795,810.0,470.0,450.0,650.0,460.0,2.2242982338882555e-05,-0.00017791220032914445,0.0002669395381946771,-0.00011121243799905312,8.897786675565733e-05,224.696,224.953,224.76999999999998,224.915,224.696,225.274,224.76999999999998,225.1,45.13888888888739,False
2024-10-07 15:55:00,224.907,224.916,224.776,224.806,224.943,224.954,224.813,224.834,770.0,224.82,0.027999999999991587,15,10,1,69.4285714285714,greed,224.83,224.823,0.05037360419904824,-0.0004223817886757075,0.24193548387096775,224.915,224.795,224.79000000000002,224.83,224.76999999999998,620.0,810.0,470.0,450.0,650.0,0.0005338197023956326,2.2242982338882555e-05,-0.00017791220032914445,0.0002669395381946771,-0.00011121243799905312,224.696,224.954,224.76999999999998,224.915,224.696,225.164,224.76999999999998,224.985,42.20779220779173,True
2024-10-07 15:56:00,224.776,224.877,224.756,224.867,224.824,224.904,224.793,224.893,580.0,224.88,0.02600000000001046,15,10,1,69.4285714285714,greed,224.84,224.827,0.055113519212634764,0.0002668801708032298,-0.24675324675324672,224.82,224.915,224.795,224.79000000000002,224.83,770.0,620.0,810.0,470.0,450.0,-0.0004223817886757075,0.0005338197023956326,2.2242982338882555e-05,-0.00017791220032914445,0.0002669395381946771,224.696,224.954,224.76999999999998,224.915,224.696,225.054,224.76999999999998,224.985,43.67088607594763,False
2024-10-07 15:57:00,224.867,224.927,224.836,224.926,224.883,224.963,224.863,224.954,620.0,224.94,0.02800000000002001,15,10,1,69.4285714285714,greed,224.86999999999998,224.831,0.06154266812546184,0.00026680896478126215,0.06896551724137923,224.88,224.82,224.915,224.795,224.79000000000002,580.0,770.0,620.0,810.0,470.0,0.0002668801708032298,-0.0004223817886757075,0.0005338197023956326,2.2242982338882555e-05,-0.00017791220032914445,224.696,224.963,224.76999999999998,224.94,224.696,225.054,224.76999999999998,224.985,57.04225352112685,False
2024-10-07 15:58:00,224.936,224.947,224.876,224.886,224.954,224.984,224.893,224.914,610.0,224.89999999999998,0.027999999999991587,15,10,1,69.4285714285714,greed,224.891,224.8435,0.045332107826568116,-0.00017782519783060557,-0.016129032258064502,224.94,224.88,224.82,224.915,224.795,620.0,580.0,770.0,620.0,810.0,0.00026680896478126215,0.0002668801708032298,-0.0004223817886757075,0.0005338197023956326,2.2242982338882555e-05,224.696,224.984,224.76999999999998,224.94,224.696,225.054,224.76999999999998,224.985,54.36241610738063,False
2024-10-07 15:59:00,224.887,224.907,224.856,224.877,224.923,224.934,224.883,224.913,560.0,224.895,0.036000000000001364,15,10,1,69.4285714285714,greed,224.887,224.8535,0.04353159771935672,-2.223210315677182e-05,-0.08196721311475408,224.89999999999998,224.94,224.88,224.82,224.915,610.0,620.0,580.0,770.0,620.0,-0.00017782519783060557,0.00026680896478126215,0.0002668801708032298,-0.0004223817886757075,0.0005338197023956326,224.696,224.984,224.76999999999998,224.94,224.696,225.054,224.76999999999998,224.985,52.739726027396976,False
2024-10-07 16:00:00,224.876,224.917,224.827,224.917,224.904,224.943,224.863,224.943,990.0,224.93,0.02600000000001046,16,10,1,69.4285714285714,greed,224.90900000000002,224.86950000000002,0.025099800795988683,0.00015562818204051254,0.7678571428571428,224.895,224.89999999999998,224.94,224.88,224.82,560.0,610.0,620.0,580.0,770.0,-2.223210315677182e-05,-0.00017782519783060557,0.00026680896478126215,0.0002668801708032298,-0.0004223817886757075,224.696,224.984,224.79000000000002,224.94,224.696,225.054,224.76999999999998,224.98000000000002,56.00000000000091,False
2024-10-07 16:01:00,224.897,224.906,224.796,224.847,224.933,224.934,224.833,224.883,1000.0,224.865,0.036000000000001364,16,10,1,69.4285714285714,greed,224.906,224.873,0.029874738492545513,-0.00028897879340239463,0.010101010101010166,224.93,224.895,224.89999999999998,224.94,224.88,990.0,560.0,610.0,620.0,580.0,0.00015562818204051254,-2.223210315677182e-05,-0.00017782519783060557,0.00026680896478126215,0.0002668801708032298,224.717,224.984,224.79000000000002,224.94,224.696,225.024,224.76999999999998,224.98000000000002,47.682119205299934,False
2024-10-07 16:02:00,224.847,224.897,224.746,224.777,224.893,224.924,224.773,224.823,1070.0001,224.8,0.04600000000002069,16,10,1,69.4285714285714,greed,224.878,224.87400000000002,0.04932038118261212,-0.00028906232628467254,0.0700000999999999,224.865,224.93,224.895,224.89999999999998,224.94,1000.0,990.0,560.0,610.0,620.0,-0.00028897879340239463,0.00015562818204051254,-2.223210315677182e-05,-0.00017782519783060557,0.00026680896478126215,224.717,224.984,224.795,224.94,224.696,224.994,224.76999999999998,224.94,51.79856115107964,False
2024-10-07 16:03:00,224.766,224.787,224.716,224.716,224.814,224.814,224.744,224.744,560.0,224.73000000000002,0.027999999999991587,16,10,1,69.4285714285714,greed,224.844,224.8675,0.0796398141635151,-0.00031138790035578623,-0.47663556293125575,224.8,224.865,224.93,224.895,224.89999999999998,1070.0001,1000.0,990.0,560.0,610.0,-0.00028906232628467254,-0.00028897879340239463,0.00015562818204051254,-2.223210315677182e-05,-0.00017782519783060557,224.716,224.984,224.73000000000002,224.94,224.696,224.984,224.73000000000002,224.94,45.63758389261937,False
2024-10-07 16:04:00,224.707,224.737,224.686,224.707,224.743,224.774,224.713,224.743,530.0,224.725,0.036000000000001364,16,10,1,69.4285714285714,greed,224.81,224.8485,0.08824681297361398,-2.224892092739239e-05,-0.0535714285714286,224.73000000000002,224.8,224.865,224.93,224.895,560.0,1070.0001,1000.0,990.0,560.0,-0.00031138790035578623,-0.00028906232628467254,-0.00028897879340239463,0.00015562818204051254,-2.223210315677182e-05,224.686,224.984,224.725,224.94,224.686,224.984,224.725,224.94,46.89655172413877,False
2024-10-07 16:05:00,224.716,224.737,224.606,224.606,224.754,224.764,224.624,224.624,640.0,224.615,0.018000000000000682,16,10,1,69.4285714285714,greed,224.747,224.82799999999997,0.09344784641713047,-0.0004894871509621979,0.2075471698113207,224.725,224.73000000000002,224.8,224.865,224.93,530.0,560.0,1070.0001,1000.0,990.0,-2.224892092739239e-05,-0.00031138790035578623,-0.00028906232628467254,-0.00028897879340239463,0.00015562818204051254,224.606,224.984,224.615,224.94,224.606,224.984,224.615,224.94,36.129032258063376,False
2024-10-07 16:06:00,224.617,224.617,224.486,224.487,224.643,224.643,224.514,224.523,780.0,224.505,0.036000000000001364,16,10,1,69.4285714285714,greed,224.675,224.7905,0.1158123482190163,-0.0004897268659707077,0.21875,224.615,224.725,224.73000000000002,224.8,224.865,640.0,530.0,560.0,1070.0001,1000.0,-0.0004894871509621979,-2.224892092739239e-05,-0.00031138790035578623,-0.00028906232628467254,-0.00028897879340239463,224.486,224.984,224.505,224.94,224.486,224.984,224.505,224.94,33.136094674554144,False
2024-10-07 16:07:00,224.487,224.547,224.487,224.546,224.513,224.574,224.513,224.574,280.0,224.56,0.02800000000002001,16,10,1,69.4285714285714,greed,224.627,224.7525,0.09966192853844939,0.0002449834079418789,-0.641025641025641,224.505,224.615,224.725,224.73000000000002,224.8,780.0,640.0,530.0,560.0,1070.0001,-0.0004897268659707077,-0.0004894871509621979,-2.224892092739239e-05,-0.00031138790035578623,-0.00028906232628467254,224.486,224.984,224.505,224.93,224.486,224.984,224.505,224.94,36.87150837988924,False
2024-10-07 16:08:00,224.556,224.577,224.496,224.496,224.574,224.604,224.523,224.534,560.0,224.515,0.03799999999998249,16,10,1,69.4285714285714,greed,224.584,224.71400000000003,0.09002777349242039,-0.00020039187744935738,1.0,224.56,224.505,224.615,224.725,224.73000000000002,280.0,780.0,640.0,530.0,560.0,0.0002449834079418789,-0.0004897268659707077,-0.0004894871509621979,-2.224892092739239e-05,-0.00031138790035578623,224.486,224.943,224.505,224.93,224.486,224.984,224.505,224.94,25.609756097561274,False
2024-10-07 16:09:00,224.496,224.497,224.276,224.287,224.514,224.534,224.303,224.313,1280.0,224.3,0.025999999999982037,16,10,1,69.4285714285714,greed,224.49900000000002,224.6545,0.1194466408066983,-0.0009576197581452339,1.2857142857142856,224.515,224.56,224.505,224.615,224.725,560.0,280.0,780.0,640.0,530.0,-0.00020039187744935738,0.0002449834079418789,-0.0004897268659707077,-0.0004894871509621979,-2.224892092739239e-05,224.276,224.943,224.3,224.93,224.276,224.984,224.3,224.94,22.3404255319158,True
2024-10-07 16:10:00,224.266,224.387,224.056,224.387,224.304,224.423,224.104,224.423,1750.0,224.405,0.036000000000001364,16,10,1,69.4285714285714,greed,224.45700000000002,224.602,0.10443897739831684,0.0004681230494871791,0.3671875,224.3,224.515,224.56,224.505,224.615,1280.0,560.0,280.0,780.0,640.0,-0.0009576197581452339,-0.00020039187744935738,0.0002449834079418789,-0.0004897268659707077,-0.0004894871509621979,224.056,224.934,224.3,224.865,224.056,224.984,224.3,224.94,25.888324873096366,True
2024-10-07 16:11:00,224.387,224.397,224.296,224.396,224.433,224.453,224.333,224.424,790.0,224.41,0.02800000000002001,16,10,1,69.4285714285714,greed,224.43800000000002,224.5565,0.1021396103380427,2.2281143468250164e-05,-0.5485714285714286,224.405,224.3,224.515,224.56,224.505,1750.0,1280.0,560.0,280.0,780.0,0.0004681230494871791,-0.0009576197581452339,-0.00020039187744935738,0.0002449834079418789,-0.0004897268659707077,224.056,224.924,224.3,224.8,224.056,224.984,224.3,224.94,21.505376344085292,True
2024-10-07 16:12:00,224.386,224.427,224.276,224.386,224.424,224.454,224.313,224.434,780.0,224.41,0.04800000000000182,16,10,1,69.4285714285714,greed,224.408,224.5175,0.07604275113387522,0.0,-0.012658227848101222,224.41,224.405,224.3,224.515,224.56,790.0,1750.0,1280.0,560.0,280.0,2.2281143468250164e-05,0.0004681230494871791,-0.0009576197581452339,-0.00020039187744935738,0.0002449834079418789,224.056,224.814,224.3,224.73000000000002,224.056,224.984,224.3,224.94,22.47191011235934,True
2024-10-07 16:13:00,224.396,224.486,224.386,224.427,224.434,224.523,224.433,224.473,560.0,224.45,0.04600000000002069,16,10,1,69.4285714285714,greed,224.39499999999998,224.4895,0.056124860801694536,0.00017824517623998837,-0.28205128205128205,224.41,224.41,224.405,224.3,224.515,780.0,790.0,1750.0,1280.0,560.0,0.0,2.2281143468250164e-05,0.0004681230494871791,-0.0009576197581452339,-0.00020039187744935738,224.056,224.774,224.3,224.725,224.056,224.984,224.3,224.94,25.945945945944345,True
2024-10-07 16:14:00,224.437,224.586,224.426,224.536,224.473,224.613,224.464,224.594,650.0,224.565,0.057999999999992724,16,10,1,69.4285714285714,greed,224.448,224.4735,0.0678785680462439,0.0005123635553576644,0.1607142857142858,224.45,224.41,224.41,224.405,224.3,560.0,780.0,790.0,1750.0,1280.0,0.00017824517623998837,0.0,2.2281143468250164e-05,0.0004681230494871791,-0.0009576197581452339,224.056,224.764,224.3,224.615,224.056,224.984,224.3,224.94,31.84079601989997,True
2024-10-07 16:15:00,224.566,224.687,224.556,224.637,224.594,224.704,224.593,224.683,630.0,224.66,0.04599999999999227,16,10,1,69.4285714285714,greed,224.49899999999997,224.47799999999998,0.11013627921810305,0.0004230400997484729,-0.03076923076923077,224.565,224.45,224.41,224.41,224.405,650.0,560.0,780.0,790.0,1750.0,0.0005123635553576644,0.00017824517623998837,0.0,2.2281143468250164e-05,0.0004681230494871791,224.056,224.704,224.3,224.66,224.056,224.984,224.3,224.94,40.09661835748729,True
2024-10-07 16:16:00,224.646,224.737,224.636,224.696,224.684,224.774,224.674,224.734,570.0,224.715,0.038000000000010914,16,10,1,69.4285714285714,greed,224.56,224.49900000000002,0.13100572506576785,0.0002448143861835117,-0.09523809523809523,224.66,224.565,224.45,224.41,224.41,630.0,650.0,560.0,780.0,790.0,0.0004230400997484729,0.0005123635553576644,0.00017824517623998837,0.0,2.2281143468250164e-05,224.056,224.774,224.3,224.715,224.056,224.984,224.3,224.94,45.853658536584994,True
2024-10-07 16:17:00,224.696,224.787,224.686,224.766,224.714,224.804,224.704,224.804,560.0,224.785,0.038000000000010914,16,10,1,69.4285714285714,greed,224.635,224.5215,0.13100572506576785,0.0003115056849787301,-0.01754385964912286,224.715,224.66,224.565,224.45,224.41,570.0,630.0,650.0,560.0,780.0,0.0002448143861835117,0.0004230400997484729,0.0005123635553576644,0.00017824517623998837,0.0,224.056,224.804,224.3,224.785,224.056,224.984,224.3,224.93,52.68292682926722,True
2024-10-07 16:18:00,224.777,224.796,224.716,224.717,224.803,224.834,224.753,224.753,420.0,224.735,0.03599999999997294,16,10,1,69.4285714285714,greed,224.692,224.5435,0.08393449827102564,-0.00022243477100336584,-0.25,224.785,224.715,224.66,224.565,224.45,560.0,570.0,630.0,650.0,560.0,0.0003115056849787301,0.0002448143861835117,0.0004230400997484729,0.0005123635553576644,0.00017824517623998837,224.056,224.834,224.3,224.785,224.056,224.943,224.3,224.93,50.46728971962709,True
2024-10-07 16:19:00,224.726,224.757,224.707,224.736,224.764,224.784,224.734,224.764,540.0,224.75,0.02800000000002001,16,10,1,69.4285714285714,greed,224.72899999999998,224.5885,0.04628714724424915,6.67452777716182e-05,0.2857142857142858,224.735,224.785,224.715,224.66,224.565,420.0,560.0,570.0,630.0,650.0,-0.00022243477100336584,0.0003115056849787301,0.0002448143861835117,0.0004230400997484729,0.0005123635553576644,224.056,224.834,224.405,224.785,224.056,224.943,224.3,224.93,56.92307692307669,True
2024-10-07 16:20:00,224.707,224.736,224.617,224.716,224.763,224.764,224.653,224.744,620.0,224.73000000000002,0.027999999999991587,16,10,1,69.4285714285714,greed,224.743,224.621,0.02659887215675111,-8.898776418231336e-05,0.14814814814814814,224.75,224.735,224.785,224.715,224.66,540.0,420.0,560.0,570.0,630.0,6.67452777716182e-05,-0.00022243477100336584,0.0003115056849787301,0.0002448143861835117,0.0004230400997484729,224.276,224.834,224.41,224.785,224.056,224.934,224.3,224.865,62.71186440678189,False
2024-10-07 16:21:00,224.686,224.766,224.686,224.737,224.744,224.804,224.734,224.783,450.0,224.76,0.04599999999999227,16,10,1,69.4285714285714,greed,224.752,224.656,0.021965882636744243,0.00013349352556391025,-0.27419354838709675,224.73000000000002,224.75,224.735,224.785,224.715,620.0,540.0,420.0,560.0,570.0,-8.898776418231336e-05,6.67452777716182e-05,-0.00022243477100336584,0.0003115056849787301,0.0002448143861835117,224.276,224.834,224.41,224.785,224.056,224.924,224.3,224.8,61.627906976744875,False
2024-10-07 16:22:00,224.756,224.777,224.746,224.776,224.784,224.814,224.763,224.804,430.0,224.79000000000002,0.027999999999991587,16,10,1,69.4285714285714,greed,224.753,224.69400000000002,0.02387467277287039,0.00013347570742139325,-0.0444444444444444,224.76,224.73000000000002,224.75,224.735,224.785,450.0,620.0,540.0,420.0,560.0,0.00013349352556391025,-8.898776418231336e-05,6.67452777716182e-05,-0.00022243477100336584,0.0003115056849787301,224.386,224.834,224.45,224.79000000000002,224.056,224.834,224.3,224.79000000000002,66.2721893491161,False
2024-10-07 16:23:00,224.786,224.816,224.716,224.716,224.804,224.844,224.754,224.774,360.0,224.745,0.057999999999992724,16,10,1,69.4285714285714,greed,224.75500000000002,224.7235,0.022360679775259563,-0.00020018684105171936,-0.16279069767441856,224.79000000000002,224.76,224.73000000000002,224.75,224.735,430.0,450.0,620.0,540.0,420.0,0.00013347570742139325,0.00013349352556391025,-8.898776418231336e-05,6.67452777716182e-05,-0.00022243477100336584,224.426,224.844,224.565,224.79000000000002,224.056,224.844,224.3,224.79000000000002,82.96296296296468,False
2024-10-07 16:24:00,224.706,224.737,224.676,224.737,224.764,224.774,224.703,224.773,550.0,224.755,0.036000000000001364,16,10,1,69.4285714285714,greed,224.75600000000003,224.7425,0.022192341021434706,4.4494871966005434e-05,0.5277777777777777,224.745,224.79000000000002,224.76,224.73000000000002,224.75,360.0,430.0,450.0,620.0,540.0,-0.00020018684105171936,0.00013347570742139325,0.00013349352556391025,-8.898776418231336e-05,6.67452777716182e-05,224.556,224.844,224.66,224.79000000000002,224.056,224.844,224.3,224.79000000000002,80.17241379310526,False
2024-10-07 16:25:00,224.736,224.747,224.596,224.596,224.784,224.784,224.623,224.644,590.0,224.62,0.04800000000000182,16,10,1,69.4285714285714,greed,224.734,224.73850000000002,0.06589764790957052,-0.0006006540455162357,0.07272727272727275,224.755,224.745,224.79000000000002,224.76,224.73000000000002,550.0,360.0,430.0,450.0,620.0,4.4494871966005434e-05,-0.00020018684105171936,0.00013347570742139325,0.00013349352556391025,-8.898776418231336e-05,224.596,224.844,224.62,224.79000000000002,224.056,224.844,224.3,224.79000000000002,64.78873239436778,False
2024-10-07 16:26:00,224.606,224.666,224.557,224.566,224.644,224.694,224.593,224.594,490.0,224.57999999999998,0.027999999999991587,16,10,1,69.4285714285714,greed,224.698,224.725,0.09210048859815187,-0.0001780785326329637,-0.1694915254237288,224.62,224.755,224.745,224.79000000000002,224.76,590.0,550.0,360.0,430.0,450.0,-0.0006006540455162357,4.4494871966005434e-05,-0.00020018684105171936,0.00013347570742139325,0.00013349352556391025,224.557,224.844,224.57999999999998,224.79000000000002,224.056,224.844,224.3,224.79000000000002,61.33333333333293,False
2024-10-07 16:27:00,224.577,224.577,224.476,224.487,224.603,224.614,224.513,224.533,540.0,224.51,0.04599999999999227,16,10,1,69.4285714285714,greed,224.642,224.6975,0.10621911315776544,-0.0003116929379285427,0.1020408163265305,224.57999999999998,224.62,224.755,224.745,224.79000000000002,490.0,590.0,550.0,360.0,430.0,-0.0001780785326329637,-0.0006006540455162357,4.4494871966005434e-05,-0.00020018684105171936,0.00013347570742139325,224.476,224.844,224.51,224.79000000000002,224.056,224.844,224.3,224.79000000000002,53.846153846154124,False
2024-10-07 16:28:00,224.486,224.486,224.316,224.316,224.524,224.524,224.344,224.344,550.0,224.32999999999998,0.027999999999991587,16,10,1,69.4285714285714,greed,224.55900000000003,224.657,0.15606088555441952,-0.0008017460246759756,0.0185185185185186,224.51,224.57999999999998,224.62,224.755,224.745,540.0,490.0,590.0,550.0,360.0,-0.0003116929379285427,-0.0001780785326329637,-0.0006006540455162357,4.4494871966005434e-05,-0.00020018684105171936,224.316,224.844,224.32999999999998,224.79000000000002,224.056,224.844,224.3,224.79000000000002,36.09467455621172,False
2024-10-07 16:29:00,224.317,224.367,224.226,224.226,224.373,224.403,224.253,224.264,660.0,224.245,0.038000000000010914,16,10,1,69.4285714285714,greed,224.45699999999997,224.6065,0.16246538092787455,-0.0003789060758703222,0.19999999999999996,224.32999999999998,224.51,224.57999999999998,224.62,224.755,550.0,540.0,490.0,590.0,550.0,-0.0008017460246759756,-0.0003116929379285427,-0.0001780785326329637,-0.0006006540455162357,4.4494871966005434e-05,224.226,224.844,224.245,224.79000000000002,224.056,224.844,224.245,224.79000000000002,25.149700598801417,False
2024-10-07 16:30:00,224.237,224.297,224.207,224.227,224.263,224.334,224.233,224.263,830.0,224.245,0.036000000000001364,16,10,1,69.4285714285714,greed,224.38199999999998,224.558,0.15478210490895325,0.0,0.25757575757575757,224.245,224.32999999999998,224.51,224.57999999999998,224.62,660.0,550.0,540.0,490.0,590.0,-0.0003789060758703222,-0.0008017460246759756,-0.0003116929379285427,-0.0001780785326329637,-0.0006006540455162357,224.207,224.844,224.245,224.79000000000002,224.207,224.844,224.245,224.79000000000002,19.871794871792787,False
2024-10-07 16:31:00,224.247,224.286,224.106,224.117,224.283,224.324,224.143,224.173,910.0,224.14499999999998,0.056000000000011596,16,10,1,69.4285714285714,greed,224.295,224.49650000000003,0.13688498822024162,-0.00044594082365279064,0.09638554216867479,224.245,224.245,224.32999999999998,224.51,224.57999999999998,830.0,660.0,550.0,540.0,490.0,0.0,-0.0003789060758703222,-0.0008017460246759756,-0.0003116929379285427,-0.0001780785326329637,224.106,224.844,224.14499999999998,224.79000000000002,224.106,224.844,224.14499999999998,224.79000000000002,10.493827160491634,True
2024-10-07 16:32:00,224.097,224.147,224.066,224.087,224.153,224.184,224.103,224.123,1010.0,224.105,0.036000000000001364,16,10,1,69.4285714285714,greed,224.214,224.42800000000003,0.08947066558410278,-0.0001784559102366856,0.10989010989010994,224.14499999999998,224.245,224.245,224.32999999999998,224.51,910.0,830.0,660.0,550.0,540.0,-0.00044594082365279064,0.0,-0.0003789060758703222,-0.0008017460246759756,-0.0003116929379285427,224.066,224.844,224.105,224.755,224.066,224.844,224.105,224.79000000000002,10.62499999999767,True
2024-10-07 16:33:00,224.067,224.256,224.056,224.186,224.103,224.284,224.093,224.234,910.0,224.21,0.04800000000000182,16,10,1,69.4285714285714,greed,224.19,224.37449999999998,0.0626498204312274,0.000468530376386056,-0.09900990099009899,224.105,224.14499999999998,224.245,224.245,224.32999999999998,1010.0,910.0,830.0,660.0,550.0,-0.0001784559102366856,-0.00044594082365279064,0.0,-0.0003789060758703222,-0.0008017460246759756,224.056,224.784,224.105,224.755,224.056,224.844,224.105,224.79000000000002,19.66292134831555,True
2024-10-07 16:34:00,224.197,224.206,224.126,224.176,224.233,224.244,224.163,224.214,830.0,224.195,0.038000000000010914,16,10,1,69.4285714285714,greed,224.18,224.3185,0.0552268050865294,-6.690156549671311e-05,-0.08791208791208793,224.21,224.105,224.14499999999998,224.245,224.245,910.0,1010.0,910.0,830.0,660.0,0.000468530376386056,-0.0001784559102366856,-0.00044594082365279064,0.0,-0.0003789060758703222,224.056,224.784,224.105,224.62,224.056,224.844,224.105,224.79000000000002,19.774011299435244,True
2024-10-07 16:35:00,224.166,224.267,224.166,224.227,224.204,224.284,224.203,224.253,560.0,224.24,0.025999999999982037,16,10,1,69.4285714285714,greed,224.179,224.2805,0.05378196723871154,0.00020071812484667717,-0.32530120481927716,224.195,224.21,224.105,224.14499999999998,224.245,830.0,910.0,1010.0,910.0,830.0,-6.690156549671311e-05,0.000468530376386056,-0.0001784559102366856,-0.00044594082365279064,0.0,224.056,224.694,224.105,224.57999999999998,224.056,224.844,224.105,224.79000000000002,21.111111111115036,True
2024-10-07 16:36:00,224.227,224.387,224.226,224.387,224.273,224.433,224.253,224.433,540.0,224.41,0.04599999999999227,16,10,1,69.4285714285714,greed,224.23200000000003,224.26350000000002,0.1115011210708605,0.0007581163039600547,-0.0357142857142857,224.24,224.195,224.21,224.105,224.14499999999998,560.0,830.0,910.0,1010.0,910.0,0.00020071812484667717,-6.690156549671311e-05,0.000468530376386056,-0.0001784559102366856,-0.00044594082365279064,224.056,224.614,224.105,224.51,224.056,224.844,224.105,224.79000000000002,31.730769230768942,False
2024-10-07 16:37:00,224.407,224.407,224.296,224.367,224.433,224.444,224.323,224.403,530.0,224.385,0.036000000000001364,16,10,1,69.4285714285714,greed,224.288,224.25100000000003,0.10164890555263793,-0.00011140323515002049,-0.01851851851851849,224.41,224.24,224.195,224.21,224.105,540.0,560.0,830.0,910.0,1010.0,0.0007581163039600547,0.00020071812484667717,-6.690156549671311e-05,0.000468530376386056,-0.0001784559102366856,224.056,224.524,224.105,224.41,224.056,224.844,224.105,224.79000000000002,32.35294117647058,False
2024-10-07 16:38:00,224.377,224.387,224.316,224.347,224.403,224.404,224.353,224.373,510.0,224.36,0.025999999999982037,16,10,1,69.4285714285714,greed,224.31799999999998,224.254,0.09477605182768761,-0.00011141564721339758,-0.037735849056603765,224.385,224.41,224.24,224.195,224.21,530.0,540.0,560.0,830.0,910.0,-0.00011140323515002049,0.0007581163039600547,0.00020071812484667717,-6.690156549671311e-05,0.000468530376386056,224.056,224.444,224.105,224.41,224.056,224.844,224.105,224.79000000000002,30.91787439613661,False
2024-10-07 16:39:00,224.336,224.387,224.236,224.236,224.374,224.403,224.273,224.284,420.0,224.26,0.04800000000000182,16,10,1,69.4285714285714,greed,224.331,224.25549999999998,0.07635443667556174,-0.0004457122481726916,-0.17647058823529416,224.36,224.385,224.41,224.24,224.195,510.0,530.0,540.0,560.0,830.0,-0.00011141564721339758,-0.00011140323515002049,0.0007581163039600547,0.00020071812484667717,-6.690156549671311e-05,224.056,224.444,224.105,224.41,224.056,224.844,224.105,224.79000000000002,32.00000000000034,False
2024-10-07 16:40:00,224.226,224.287,224.196,224.276,224.264,224.324,224.234,224.324,760.0,224.3,0.04800000000000182,16,10,1,69.4285714285714,greed,224.343,224.26100000000002,0.06180614856177496,0.00017836439846607988,0.8095238095238095,224.26,224.36,224.385,224.41,224.24,420.0,510.0,530.0,540.0,560.0,-0.0004457122481726916,-0.00011141564721339758,-0.00011140323515002049,0.0007581163039600547,0.00020071812484667717,224.056,224.444,224.105,224.41,224.056,224.844,224.105,224.79000000000002,36.00000000000217,False
2024-10-07 16:41:00,224.296,224.296,224.226,224.277,224.324,224.324,224.253,224.323,560.0,224.3,0.04600000000002069,16,10,1,69.4285714285714,greed,224.321,224.27650000000003,0.05054700782484088,0.0,-0.26315789473684215,224.3,224.26,224.36,224.385,224.41,760.0,420.0,510.0,530.0,540.0,0.00017836439846607988,-0.0004457122481726916,-0.00011141564721339758,-0.00011140323515002049,0.0007581163039600547,224.056,224.444,224.105,224.41,224.056,224.844,224.105,224.79000000000002,38.709677419356716,False
2024-10-07 16:42:00,224.296,224.367,224.256,224.336,224.324,224.394,224.293,224.384,420.0,224.36,0.0479999999999734,16,10,1,69.4285714285714,greed,224.31600000000003,224.302,0.043358966777890945,0.00026749888542121347,-0.25,224.3,224.3,224.26,224.36,224.385,560.0,760.0,420.0,510.0,530.0,0.0,0.00017836439846607988,-0.0004457122481726916,-0.00011141564721339758,-0.00011140323515002049,224.056,224.444,224.195,224.41,224.056,224.844,224.105,224.755,51.85185185185353,False
2024-10-07 16:43:00,224.336,224.336,224.226,224.266,224.374,224.374,224.264,224.294,700.0,224.28,0.02800000000002001,16,10,1,69.4285714285714,greed,224.3,224.30900000000003,0.03741657386840274,-0.0003565697985381533,0.6666666666666667,224.36,224.3,224.3,224.26,224.36,420.0,560.0,760.0,420.0,510.0,0.00026749888542121347,0.0,0.00017836439846607988,-0.0004457122481726916,-0.00011141564721339758,224.126,224.444,224.195,224.41,224.056,224.784,224.105,224.755,52.1739130434778,False
2024-10-07 16:44:00,224.277,224.277,224.136,224.146,224.293,224.293,224.163,224.184,780.0,224.165,0.038000000000010914,16,10,1,69.4285714285714,greed,224.281,224.30599999999998,0.07144928271196467,-0.0005127519172463124,0.11428571428571432,224.28,224.36,224.3,224.3,224.26,700.0,420.0,560.0,760.0,420.0,-0.0003565697985381533,0.00026749888542121347,0.0,0.00017836439846607988,-0.0004457122481726916,224.136,224.444,224.165,224.41,224.056,224.784,224.105,224.62,45.65217391304328,False
2024-10-07 16:45:00,224.147,224.167,224.066,224.066,224.163,224.204,224.083,224.104,920.0,224.085,0.038000000000010914,16,10,1,69.4285714285714,greed,224.238,224.2905,0.1109391725228881,-0.00035687997680278194,0.17948717948717952,224.165,224.28,224.36,224.3,224.3,780.0,700.0,420.0,560.0,760.0,-0.0005127519172463124,-0.0003565697985381533,0.00026749888542121347,0.0,0.00017836439846607988,224.066,224.444,224.085,224.41,224.056,224.694,224.085,224.57999999999998,46.66666666666835,False
2024-10-07 16:46:00,224.066,224.077,223.996,224.016,224.094,224.114,224.023,224.054,900.0,224.035,0.038000000000010914,16,10,1,69.4285714285714,greed,224.185,224.25300000000001,0.13467553601183332,-0.00022312961599402215,-0.021739130434782594,224.085,224.165,224.28,224.36,224.3,920.0,780.0,700.0,420.0,560.0,-0.00035687997680278194,-0.0005127519172463124,-0.0003565697985381533,0.00026749888542121347,0.0,223.996,224.444,224.035,224.385,223.996,224.614,224.035,224.51,46.15384615384688,False
2024-10-07 16:47:00,224.017,224.117,224.017,224.096,224.063,224.154,224.063,224.124,600.0,224.11,0.027999999999991587,16,10,1,69.4285714285714,greed,224.135,224.2255,0.09360822613469076,0.000334769120896361,-0.33333333333333337,224.035,224.085,224.165,224.28,224.36,900.0,920.0,780.0,700.0,420.0,-0.00022312961599402215,-0.00035687997680278194,-0.0005127519172463124,-0.0003565697985381533,0.00026749888542121347,223.996,224.404,224.035,224.36,223.996,224.524,224.035,224.41,44.318181818182666,False
2024-10-07 16:48:00,224.096,224.156,224.066,224.097,224.144,224.184,224.093,224.123,620.0,224.11,0.025999999999982037,16,10,1,69.4285714285714,greed,224.10100000000003,224.2005,0.04709033871284326,0.0,0.03333333333333344,224.11,224.035,224.085,224.165,224.28,600.0,900.0,920.0,780.0,700.0,0.000334769120896361,-0.00022312961599402215,-0.00035687997680278194,-0.0005127519172463124,-0.0003565697985381533,223.996,224.403,224.035,224.36,223.996,224.444,224.035,224.41,45.0867052023137,False
2024-10-07 16:49:00,224.096,224.106,224.076,224.106,224.134,224.134,224.103,224.134,180.0,224.12,0.027999999999991587,16,10,1,69.4285714285714,greed,224.092,224.18649999999997,0.034387497729444896,4.462094507151626e-05,-0.7096774193548387,224.11,224.11,224.035,224.085,224.165,620.0,600.0,900.0,920.0,780.0,0.0,0.000334769120896361,-0.00022312961599402215,-0.00035687997680278194,-0.0005127519172463124,223.996,224.394,224.035,224.36,223.996,224.444,224.035,224.41,42.77108433734948,False
2024-10-07 16:50:00,224.096,224.097,223.906,223.966,224.124,224.133,223.934,224.004,770.0,223.985,0.03799999999998249,16,10,1,69.4285714285714,greed,224.07199999999997,224.15500000000003,0.059434838269277,-0.0006023558807780605,3.2777777777777777,224.12,224.11,224.11,224.035,224.085,180.0,620.0,600.0,900.0,920.0,4.462094507151626e-05,0.0,0.000334769120896361,-0.00022312961599402215,-0.00035687997680278194,223.906,224.394,223.985,224.36,223.906,224.444,223.985,224.41,23.270440251574882,True
2024-10-07 16:51:00,223.956,223.997,223.886,223.936,223.974,224.044,223.913,223.974,780.0,223.95499999999998,0.03799999999998249,16,10,1,69.4285714285714,greed,224.05599999999998,224.1205,0.07932527970387254,-0.00013393754046042705,0.01298701298701288,223.985,224.12,224.11,224.11,224.035,770.0,180.0,620.0,600.0,900.0,-0.0006023558807780605,4.462094507151626e-05,0.0,0.000334769120896361,-0.00022312961599402215,223.886,224.394,223.95499999999998,224.36,223.886,224.444,223.95499999999998,224.41,23.12500000000186,True
2024-10-07 16:52:00,223.946,223.967,223.926,223.967,223.984,224.004,223.943,224.003,500.0,223.985,0.03599999999997294,16,10,1,69.4285714285714,greed,224.031,224.083,0.07773351915421803,0.00013395548212824515,-0.3589743589743589,223.95499999999998,223.985,224.12,224.11,224.11,780.0,770.0,180.0,620.0,600.0,-0.00013393754046042705,-0.0006023558807780605,4.462094507151626e-05,0.0,0.000334769120896361,223.886,224.374,223.95499999999998,224.28,223.886,224.444,223.95499999999998,224.41,26.70807453416498,False
2024-10-07 16:53:00,223.976,224.007,223.917,223.927,224.014,224.044,223.953,223.953,620.0,223.94,0.02600000000001046,16,10,1,69.4285714285714,greed,223.99699999999999,224.04899999999998,0.07146677549814205,-0.00020090631069047404,0.24,223.985,223.95499999999998,223.985,224.12,224.11,500.0,780.0,770.0,180.0,620.0,0.00013395548212824515,-0.00013393754046042705,-0.0006023558807780605,4.462094507151626e-05,0.0,223.886,224.293,223.94,224.165,223.886,224.444,223.94,224.41,28.666666666670352,True
2024-10-07 16:54:00,223.927,223.957,223.896,223.937,223.963,223.984,223.923,223.983,580.0,223.96,0.04599999999999227,16,10,1,69.4285714285714,greed,223.965,224.02849999999998,0.01968501968769957,8.93096365097712e-05,-0.06451612903225812,223.94,223.985,223.95499999999998,223.985,224.12,620.0,500.0,780.0,770.0,180.0,-0.00020090631069047404,0.00013395548212824515,-0.00013393754046042705,-0.0006023558807780605,4.462094507151626e-05,223.886,224.204,223.94,224.12,223.886,224.444,223.94,224.41,26.71232876712635,True
2024-10-07 16:55:00,223.926,224.036,223.926,223.997,223.984,224.064,223.984,224.013,500.0,224.005,0.015999999999991132,16,10,1,69.4285714285714,greed,223.969,224.0205,0.02583602136754842,0.0002009287372743973,-0.13793103448275867,223.96,223.94,223.985,223.95499999999998,223.985,580.0,620.0,500.0,780.0,770.0,8.93096365097712e-05,-0.00020090631069047404,0.00013395548212824515,-0.00013393754046042705,-0.0006023558807780605,223.886,224.184,223.94,224.12,223.886,224.444,223.94,224.41,30.96774193548508,False
2024-10-07 16:56:00,223.997,224.007,223.937,223.947,224.023,224.034,223.973,223.983,390.0,223.965,0.036000000000001364,16,10,1,69.4285714285714,greed,223.971,224.01350000000002,0.02484954728167112,-0.0001785674426909578,-0.21999999999999997,224.005,223.96,223.94,223.985,223.95499999999998,500.0,580.0,620.0,500.0,780.0,0.0002009287372743973,8.93096365097712e-05,-0.00020090631069047404,0.00013395548212824515,-0.00013393754046042705,223.886,224.184,223.94,224.12,223.886,224.444,223.94,224.385,23.84105960265113,True
2024-10-07 16:57:00,223.967,223.987,223.946,223.957,223.993,224.013,223.973,223.973,280.0,223.965,0.016000000000019554,16,10,1,69.4285714285714,greed,223.967,223.99899999999997,0.023611437908449183,0.0,-0.28205128205128205,223.965,224.005,223.96,223.94,223.985,390.0,500.0,580.0,620.0,500.0,-0.0001785674426909578,0.0002009287372743973,8.93096365097712e-05,-0.00020090631069047404,0.00013395548212824515,223.886,224.184,223.94,224.12,223.886,224.404,223.94,224.36,26.666666666669187,True
2024-10-07 16:58:00,223.956,223.986,223.907,223.947,223.984,224.014,223.943,223.973,440.0,223.96,0.02600000000001046,16,10,1,69.4285714285714,greed,223.971,223.984,0.01917028951538717,-2.2324916839622233e-05,0.5714285714285714,223.965,223.965,224.005,223.96,223.94,280.0,390.0,500.0,580.0,620.0,0.0,-0.0001785674426909578,0.0002009287372743973,8.93096365097712e-05,-0.00020090631069047404,223.886,224.134,223.94,224.12,223.886,224.403,223.94,224.36,31.858407079649183,True
2024-10-07 16:59:00,223.956,223.987,223.926,223.946,223.974,224.014,223.953,223.984,520.0,223.965,0.038000000000010914,16,10,1,69.4285714285714,greed,223.97199999999998,223.9685,0.018574175623796964,2.2325415252710812e-05,0.18181818181818188,223.96,223.965,223.965,224.005,223.96,440.0,280.0,390.0,500.0,580.0,-2.2324916839622233e-05,0.0,-0.0001785674426909578,0.0002009287372743973,8.93096365097712e-05,223.886,224.133,223.94,224.005,223.886,224.394,223.94,224.36,37.75510204081751,True
2024-10-07 17:00:00,223.947,224.006,223.946,223.986,223.993,224.024,223.964,224.024,600.0,224.005,0.038000000000010914,17,10,1,69.4285714285714,greed,223.97200000000004,223.9705,0.018574175623796964,0.00017859933471742195,0.15384615384615374,223.965,223.96,223.965,223.965,224.005,520.0,440.0,280.0,390.0,500.0,2.2325415252710812e-05,-2.2324916839622233e-05,0.0,-0.0001785674426909578,0.0002009287372743973,223.886,224.064,223.94,224.005,223.886,224.394,223.94,224.36,46.875000000000185,True
2024-10-07 17:01:00,223.997,224.026,223.996,224.026,224.023,224.054,224.013,224.054,280.0,224.04000000000002,0.027999999999991587,17,10,1,69.4285714285714,greed,223.987,223.97899999999998,0.03474910070924998,0.00015624651235479625,-0.5333333333333333,224.005,223.965,223.96,223.965,223.965,600.0,520.0,440.0,280.0,390.0,0.00017859933471742195,2.2325415252710812e-05,-2.2324916839622233e-05,0.0,-0.0001785674426909578,223.896,224.064,223.94,224.04000000000002,223.886,224.394,223.94,224.36,42.04545454545631,True
2024-10-07 17:02:00,224.016,224.117,224.016,224.117,224.044,224.143,224.033,224.143,340.0,224.13,0.02600000000001046,17,10,1,69.4285714285714,greed,224.01999999999998,223.99349999999998,0.06955213871690405,0.0004017139796463898,0.2142857142857142,224.04000000000002,224.005,223.965,223.96,223.965,280.0,600.0,520.0,440.0,280.0,0.00015624651235479625,0.00017859933471742195,2.2325415252710812e-05,-2.2324916839622233e-05,0.0,223.896,224.143,223.94,224.13,223.886,224.374,223.94,224.28,51.88679245282836,True
2024-10-07 17:03:00,224.137,224.147,224.067,224.136,224.153,224.174,224.123,224.174,390.0,224.155,0.038000000000010914,17,10,1,69.4285714285714,greed,224.05900000000003,224.01500000000001,0.08119421161689862,0.00011154240842370378,0.1470588235294117,224.13,224.04000000000002,224.005,223.965,223.96,340.0,280.0,600.0,520.0,440.0,0.0004017139796463898,0.00015624651235479625,0.00017859933471742195,2.2325415252710812e-05,-2.2324916839622233e-05,223.896,224.174,223.96,224.155,223.886,224.293,223.94,224.165,53.21100917431135,True
2024-10-07 17:04:00,224.127,224.157,224.066,224.157,224.163,224.193,224.094,224.193,660.0,224.175,0.036000000000001364,17,10,1,69.4285714285714,greed,224.10100000000003,224.0365,0.07444796840804092,8.922397448207775e-05,0.6923076923076923,224.155,224.13,224.04000000000002,224.005,223.965,390.0,340.0,280.0,600.0,520.0,0.00011154240842370378,0.0004017139796463898,0.00015624651235479625,0.00017859933471742195,2.2325415252710812e-05,223.907,224.193,223.96,224.175,223.886,224.204,223.94,224.175,72.09302325581041,True
2024-10-07 17:05:00,224.176,224.357,224.176,224.267,224.204,224.373,224.204,224.323,530.0,224.29500000000002,0.056000000000011596,17,10,1,69.4285714285714,greed,224.15900000000002,224.06550000000001,0.0918830778766068,0.0005352960856472855,-0.19696969696969702,224.175,224.155,224.13,224.04000000000002,224.005,660.0,390.0,340.0,280.0,600.0,8.922397448207775e-05,0.00011154240842370378,0.0004017139796463898,0.00015624651235479625,0.00017859933471742195,223.907,224.373,223.96,224.29500000000002,223.886,224.373,223.94,224.29500000000002,82.69230769230832,True
2024-10-07 17:06:00,224.296,224.296,224.146,224.207,224.324,224.324,224.183,224.253,770.0,224.23,0.04599999999999227,17,10,1,69.4285714285714,greed,224.19700000000003,224.092,0.06601136265882958,-0.00028979691923591844,0.4528301886792452,224.29500000000002,224.175,224.155,224.13,224.04000000000002,530.0,660.0,390.0,340.0,280.0,0.0005352960856472855,8.922397448207775e-05,0.00011154240842370378,0.0004017139796463898,0.00015624651235479625,223.907,224.373,223.96,224.29500000000002,223.886,224.373,223.94,224.29500000000002,72.07207207206852,True
2024-10-07 17:07:00,224.197,224.226,224.136,224.217,224.243,224.254,224.164,224.243,590.0,224.23000000000002,0.025999999999982037,17,10,1,69.4285714285714,greed,224.217,224.11849999999998,0.05484067833345976,2.220446049250313e-16,-0.23376623376623373,224.23,224.29500000000002,224.175,224.155,224.13,770.0,530.0,660.0,390.0,340.0,-0.00028979691923591844,0.0005352960856472855,8.922397448207775e-05,0.00011154240842370378,0.0004017139796463898,223.907,224.373,223.96,224.29500000000002,223.886,224.373,223.94,224.29500000000002,78.43137254901896,True
2024-10-07 17:08:00,224.217,224.316,224.167,224.316,224.233,224.354,224.214,224.354,390.0,224.335,0.038000000000010914,17,10,1,69.4285714285714,greed,224.25300000000001,224.156,0.06250999920069521,0.000468269187887449,-0.3389830508474576,224.23000000000002,224.23,224.29500000000002,224.175,224.155,590.0,770.0,530.0,660.0,390.0,2.220446049250313e-16,-0.00028979691923591844,0.0005352960856472855,8.922397448207775e-05,0.00011154240842370378,223.926,224.373,223.965,224.335,223.886,224.373,223.94,224.335,81.51260504201537,True
2024-10-07 17:09:00,224.316,224.477,224.316,224.477,224.344,224.503,224.343,224.503,580.0,224.49,0.025999999999982037,17,10,1,69.4285714285714,greed,224.31599999999997,224.20850000000002,0.10708641370438776,0.0006909309737668234,0.4871794871794872,224.335,224.23000000000002,224.23,224.29500000000002,224.175,390.0,590.0,770.0,530.0,660.0,0.000468269187887449,2.220446049250313e-16,-0.00028979691923591844,0.0005352960856472855,8.922397448207775e-05,223.946,224.503,224.005,224.49,223.886,224.503,223.94,224.49,84.39716312056635,False
2024-10-07 17:10:00,224.467,224.516,224.446,224.487,224.493,224.544,224.473,224.513,310.0,224.5,0.02600000000001046,17,10,1,69.4285714285714,greed,224.35700000000003,224.25799999999998,0.13311649033859477,4.454541404963486e-05,-0.4655172413793104,224.49,224.335,224.23000000000002,224.23,224.29500000000002,580.0,390.0,590.0,770.0,530.0,0.0006909309737668234,0.000468269187887449,2.220446049250313e-16,-0.00028979691923591844,0.0005352960856472855,223.996,224.544,224.04000000000002,224.5,223.886,224.544,223.94,224.5,89.62962962962703,False
2024-10-07 17:11:00,224.486,224.557,224.466,224.497,224.524,224.584,224.504,224.523,520.0,224.51,0.025999999999982037,17,10,1,69.4285714285714,greed,224.413,224.305,0.12497999839998075,4.454342984416826e-05,0.6774193548387097,224.5,224.49,224.335,224.23000000000002,224.23,310.0,580.0,390.0,590.0,770.0,4.454541404963486e-05,0.0006909309737668234,0.000468269187887449,2.220446049250313e-16,-0.00028979691923591844,224.016,224.584,224.13,224.51,223.896,224.584,223.94,224.51,89.78102189780752,False
2024-10-07 17:12:00,224.477,224.496,224.396,224.397,224.513,224.534,224.433,224.433,670.0,224.415,0.036000000000001364,17,10,1,69.4285714285714,greed,224.45,224.33350000000002,0.07441438033107425,-0.00042314373524565685,0.28846153846153855,224.51,224.5,224.49,224.335,224.23000000000002,520.0,310.0,580.0,390.0,590.0,4.454342984416826e-05,4.454541404963486e-05,0.0006909309737668234,0.000468269187887449,2.220446049250313e-16,224.066,224.584,224.155,224.51,223.896,224.584,223.94,224.51,79.35483870967511,False
2024-10-07 17:13:00,224.396,224.397,224.297,224.356,224.444,224.444,224.333,224.394,620.0,224.375,0.038000000000010914,17,10,1,69.4285714285714,greed,224.458,224.35549999999998,0.059644781834274616,-0.00017824120491050088,-0.07462686567164178,224.415,224.51,224.5,224.49,224.335,670.0,520.0,310.0,580.0,390.0,-0.00042314373524565685,4.454342984416826e-05,4.454541404963486e-05,0.0006909309737668234,0.000468269187887449,224.066,224.584,224.175,224.51,223.896,224.584,223.96,224.51,75.30864197530748,False
2024-10-07 17:14:00,224.357,224.367,224.276,224.277,224.403,224.403,224.303,224.303,340.0,224.29,0.02600000000001046,17,10,1,69.4285714285714,greed,224.41799999999998,224.36700000000002,0.09141936337593969,-0.00037883008356554004,-0.4516129032258065,224.375,224.415,224.51,224.5,224.49,620.0,670.0,520.0,310.0,580.0,-0.00017824120491050088,-0.00042314373524565685,4.454342984416826e-05,4.454541404963486e-05,0.0006909309737668234,224.136,224.584,224.23,224.51,223.907,224.584,223.96,224.51,66.66666666666555,False
2024-10-07 17:15:00,224.297,224.397,224.297,224.336,224.343,224.423,224.343,224.384,650.0,224.36,0.0479999999999734,17,10,1,69.4285714285714,greed,224.39000000000001,224.3735,0.08085480814437808,0.0003120959472113771,0.911764705882353,224.29,224.375,224.415,224.51,224.5,340.0,620.0,670.0,520.0,310.0,-0.00037883008356554004,-0.00017824120491050088,-0.00042314373524565685,4.454342984416826e-05,4.454541404963486e-05,224.136,224.584,224.23,224.51,223.907,224.584,223.96,224.51,67.97752808988639,False
2024-10-07 17:16:00,224.337,224.337,224.276,224.276,224.373,224.384,224.304,224.304,380.0,224.29000000000002,0.027999999999991587,17,10,1,69.4285714285714,greed,224.346,224.3795,0.054931775868525656,-0.0003119985737207731,-0.41538461538461535,224.36,224.29,224.375,224.415,224.51,650.0,340.0,620.0,670.0,520.0,0.0003120959472113771,-0.00037883008356554004,-0.00017824120491050088,-0.00042314373524565685,4.454342984416826e-05,224.136,224.584,224.23000000000002,224.51,223.907,224.584,223.96,224.51,59.19540229885136,False
2024-10-07 17:17:00,224.286,224.366,224.266,224.366,224.304,224.394,224.283,224.394,320.0,224.38,0.027999999999991587,17,10,1,69.4285714285714,greed,224.339,224.39449999999997,0.04533210782735817,0.00040126621784275507,-0.1578947368421053,224.29000000000002,224.36,224.29,224.375,224.415,380.0,650.0,340.0,620.0,670.0,-0.0003119985737207731,0.0003120959472113771,-0.00037883008356554004,-0.00017824120491050088,-0.00042314373524565685,224.167,224.584,224.29,224.51,223.907,224.584,223.96,224.51,62.03208556149663,False
2024-10-07 17:18:00,224.367,224.367,224.206,224.246,224.403,224.403,224.234,224.274,550.0,224.26,0.027999999999991587,17,10,1,69.4285714285714,greed,224.31599999999997,224.387,0.05128352562056135,-0.0005348070237989333,0.71875,224.38,224.29000000000002,224.36,224.29,224.375,320.0,380.0,650.0,340.0,620.0,0.00040126621784275507,-0.0003119985737207731,0.0003120959472113771,-0.00037883008356554004,-0.00017824120491050088,224.206,224.584,224.26,224.51,223.926,224.584,223.965,224.51,54.106280193235634,False
2024-10-07 17:19:00,224.256,224.267,224.146,224.156,224.274,224.294,224.174,224.194,330.0,224.175,0.03799999999998249,17,10,1,69.4285714285714,greed,224.29300000000003,224.35550000000003,0.08228000972336781,-0.0003790243467403087,-0.4,224.26,224.38,224.29000000000002,224.36,224.29,550.0,320.0,380.0,650.0,340.0,-0.0005348070237989333,0.00040126621784275507,-0.0003119985737207731,0.0003120959472113771,-0.00037883008356554004,224.146,224.584,224.175,224.51,223.946,224.584,224.005,224.51,43.99999999999977,False
2024-10-07 17:20:00,224.147,224.196,224.107,224.107,224.173,224.214,224.133,224.133,590.0,224.12,0.02600000000001046,17,10,1,69.4285714285714,greed,224.24500000000003,224.31750000000002,0.1012422836569945,-0.00024534403925502435,0.7878787878787878,224.175,224.26,224.38,224.29000000000002,224.36,330.0,550.0,320.0,380.0,650.0,-0.0003790243467403087,-0.0005348070237989333,0.00040126621784275507,-0.0003119985737207731,0.0003120959472113771,224.107,224.584,224.12,224.51,223.996,224.584,224.04000000000002,224.51,44.44444444444508,False
2024-10-07 17:21:00,224.107,224.117,224.066,224.096,224.163,224.163,224.103,224.124,370.0,224.11,0.027999999999991587,17,10,1,69.4285714285714,greed,224.209,224.2775,0.11260550608246186,-4.461895413165884e-05,-0.3728813559322034,224.12,224.175,224.26,224.38,224.29000000000002,590.0,330.0,550.0,320.0,380.0,-0.00024534403925502435,-0.0003790243467403087,-0.0005348070237989333,0.00040126621784275507,-0.0003119985737207731,224.066,224.534,224.11,224.415,224.016,224.584,224.11,224.51,43.99999999999943,False
2024-10-07 17:22:00,224.107,224.107,223.966,223.977,224.123,224.124,224.003,224.003,580.0,223.99,0.025999999999982037,17,10,1,69.4285714285714,greed,224.131,224.23500000000004,0.09876740353020695,-0.0005354513408594164,0.5675675675675675,224.11,224.12,224.175,224.26,224.38,370.0,590.0,330.0,550.0,320.0,-4.461895413165884e-05,-0.00024534403925502435,-0.0003790243467403087,-0.0005348070237989333,0.00040126621784275507,223.966,224.444,223.99,224.38,223.966,224.584,223.99,224.51,33.00492610837374,False
2024-10-07 17:23:00,223.976,223.977,223.796,223.837,224.014,224.014,223.824,223.873,740.0,223.855,0.036000000000001364,17,10,1,69.4285714285714,greed,224.05,224.183,0.12820881405002355,-0.0006027054779231822,0.27586206896551735,223.99,224.11,224.12,224.175,224.26,580.0,370.0,590.0,330.0,550.0,-0.0005354513408594164,-4.461895413165884e-05,-0.00024534403925502435,-0.0003790243467403087,-0.0005348070237989333,223.796,224.423,223.855,224.38,223.796,224.584,223.855,224.51,18.09045226130479,True
2024-10-07 17:24:00,223.836,223.977,223.836,223.927,223.864,224.003,223.863,223.983,400.0,223.95499999999998,0.056000000000011596,17,10,1,69.4285714285714,greed,224.006,224.1495,0.11120926220472711,0.00044671774139515286,-0.45945945945945943,223.855,223.99,224.11,224.12,224.175,740.0,580.0,370.0,590.0,330.0,-0.0006027054779231822,-0.0005354513408594164,-4.461895413165884e-05,-0.00024534403925502435,-0.0003790243467403087,223.796,224.423,223.855,224.38,223.796,224.584,223.855,224.51,24.884792626726906,False
2024-10-07 17:25:00,223.927,224.007,223.916,223.947,223.973,224.033,223.954,223.993,430.0,223.97,0.04599999999999227,17,10,1,69.4285714285714,greed,223.97600000000003,224.1105,0.09120032894745454,6.697774106401155e-05,0.07499999999999996,223.95499999999998,223.855,223.99,224.11,224.12,400.0,740.0,580.0,370.0,590.0,0.00044671774139515286,-0.0006027054779231822,-0.0005354513408594164,-4.461895413165884e-05,-0.00024534403925502435,223.796,224.403,223.855,224.38,223.796,224.584,223.855,224.51,25.22935779816558,False
2024-10-07 17:26:00,223.937,223.937,223.857,223.906,223.963,223.974,223.893,223.954,440.0,223.93,0.04800000000000182,17,10,1,69.4285714285714,greed,223.94,224.0745,0.05232112384235687,-0.00017859534759112616,0.023255813953488413,223.97,223.95499999999998,223.855,223.99,224.11,430.0,400.0,740.0,580.0,370.0,6.697774106401155e-05,0.00044671774139515286,-0.0006027054779231822,-0.0005354513408594164,-4.461895413165884e-05,223.796,224.403,223.855,224.38,223.796,224.584,223.855,224.51,26.570048309179384,False
2024-10-07 17:27:00,223.907,223.976,223.906,223.916,223.933,224.004,223.924,223.954,420.0,223.935,0.038000000000010914,17,10,1,69.4285714285714,greed,223.929,224.03000000000003,0.044356510233881825,2.2328406198424133e-05,-0.045454545454545414,223.93,223.97,223.95499999999998,223.855,223.99,440.0,430.0,400.0,740.0,580.0,-0.00017859534759112616,6.697774106401155e-05,0.00044671774139515286,-0.0006027054779231822,-0.0005354513408594164,223.796,224.403,223.855,224.26,223.796,224.584,223.855,224.51,28.000000000000114,True
2024-10-07 17:28:00,223.937,223.957,223.876,223.897,223.973,223.994,223.913,223.943,480.0,223.92000000000002,0.04600000000002069,17,10,1,69.4285714285714,greed,223.942,223.996,0.02018662924130547,-6.698372295521615e-05,0.1428571428571428,223.935,223.93,223.97,223.95499999999998,223.855,420.0,440.0,430.0,400.0,740.0,2.2328406198424133e-05,-0.00017859534759112616,6.697774106401155e-05,0.00044671774139515286,-0.0006027054779231822,223.796,224.294,223.855,224.175,223.796,224.584,223.855,224.51,30.107526881721242,False
2024-10-07 17:29:00,223.896,223.917,223.796,223.797,223.934,223.953,223.814,223.833,900.0,223.815,0.036000000000001364,17,10,1,69.4285714285714,greed,223.91400000000004,223.95999999999998,0.05845938761337679,-0.000468917470525243,0.875,223.92000000000002,223.935,223.93,223.97,223.95499999999998,480.0,420.0,440.0,430.0,400.0,-6.698372295521615e-05,2.2328406198424133e-05,-0.00017859534759112616,6.697774106401155e-05,0.00044671774139515286,223.796,224.214,223.815,224.12,223.796,224.584,223.815,224.51,21.761658031086526,True
2024-10-07 17:30:00,223.797,223.797,223.707,223.797,223.823,223.833,223.733,223.823,940.0,223.81,0.02600000000001046,17,10,1,69.4285714285714,greed,223.882,223.929,0.06369850861783616,-2.2339878917865263e-05,0.04444444444444451,223.815,223.92000000000002,223.935,223.93,223.97,900.0,480.0,420.0,440.0,430.0,-0.000468917470525243,-6.698372295521615e-05,2.2328406198424133e-05,-0.00017859534759112616,6.697774106401155e-05,223.707,224.163,223.81,224.11,223.707,224.584,223.81,224.51,23.33333333333165,True
2024-10-07 17:31:00,223.777,223.826,223.746,223.826,223.813,223.854,223.783,223.854,390.0,223.84,0.02800000000002001,17,10,1,69.4285714285714,greed,223.86399999999998,223.902,0.05930851541000507,0.00013404226799518248,-0.5851063829787234,223.81,223.815,223.92000000000002,223.935,223.93,940.0,900.0,480.0,420.0,440.0,-2.2339878917865263e-05,-0.000468917470525243,-6.698372295521615e-05,2.2328406198424133e-05,-0.00017859534759112616,223.707,224.124,223.81,223.99,223.707,224.534,223.81,224.415,17.857142857143458,True
2024-10-07 17:32:00,223.807,223.936,223.807,223.936,223.843,223.954,223.843,223.954,440.0,223.945,0.018000000000000682,17,10,1,69.4285714285714,greed,223.86599999999999,223.89749999999998,0.06238990303036109,0.00046908506075760137,0.1282051282051282,223.84,223.81,223.815,223.92000000000002,223.935,390.0,940.0,900.0,480.0,420.0,0.00013404226799518248,-2.2339878917865263e-05,-0.000468917470525243,-6.698372295521615e-05,2.2328406198424133e-05,223.707,224.033,223.81,223.97,223.707,224.444,223.81,224.38,30.90909090909078,True
2024-10-07 17:33:00,223.907,223.926,223.856,223.886,223.953,223.953,223.894,223.934,500.0,223.91,0.04800000000000182,17,10,1,69.4285714285714,greed,223.86399999999998,223.90300000000002,0.06035312750916689,-0.00015628837437764442,0.13636363636363646,223.945,223.84,223.81,223.815,223.92000000000002,440.0,390.0,940.0,900.0,480.0,0.00046908506075760137,0.00013404226799518248,-2.2339878917865263e-05,-0.000468917470525243,-6.698372295521615e-05,223.707,224.033,223.81,223.97,223.707,224.423,223.81,224.38,32.90322580645079,True
2024-10-07 17:34:00,223.877,224.027,223.876,223.977,223.933,224.064,223.923,224.013,580.0,223.995,0.036000000000001364,17,10,1,69.4285714285714,greed,223.9,223.907,0.07558108229002887,0.00037961681032561145,0.15999999999999992,223.91,223.945,223.84,223.81,223.815,500.0,440.0,390.0,940.0,900.0,-0.00015628837437764442,0.00046908506075760137,0.00013404226799518248,-2.2339878917865263e-05,-0.000468917470525243,223.707,224.064,223.81,223.995,223.707,224.423,223.81,224.38,42.23602484472056,False
2024-10-07 17:35:00,223.976,224.027,223.966,223.987,224.024,224.054,224.003,224.023,400.0,224.005,0.036000000000001364,17,10,1,69.4285714285714,greed,223.939,223.9105,0.06739807118995712,4.46438536574334e-05,-0.31034482758620685,223.995,223.91,223.945,223.84,223.81,580.0,500.0,440.0,390.0,940.0,0.00037961681032561145,-0.00015628837437764442,0.00046908506075760137,0.00013404226799518248,-2.2339878917865263e-05,223.707,224.064,223.81,224.005,223.707,224.403,223.81,224.38,43.47826086956414,False
2024-10-07 17:36:00,223.986,224.047,223.956,224.047,224.004,224.073,223.983,224.073,460.0,224.06,0.02600000000001046,17,10,1,69.4285714285714,greed,223.983,223.92350000000002,0.057727809590535376,0.0002455302337001086,0.1499999999999999,224.005,223.995,223.91,223.945,223.84,400.0,580.0,500.0,440.0,390.0,4.46438536574334e-05,0.00037961681032561145,-0.00015628837437764442,0.00046908506075760137,0.00013404226799518248,223.707,224.073,223.81,224.06,223.707,224.403,223.81,224.38,54.72972972972921,False
2024-10-07 17:37:00,224.037,224.037,223.966,224.016,224.063,224.073,224.003,224.044,350.0,224.03,0.02800000000002001,17,10,1,69.4285714285714,greed,224.0,223.933,0.056236109397064825,-0.0001338927073105678,-0.23913043478260865,224.06,224.005,223.995,223.91,223.945,460.0,400.0,580.0,500.0,440.0,0.0002455302337001086,4.46438536574334e-05,0.00037961681032561145,-0.00015628837437764442,0.00046908506075760137,223.707,224.073,223.81,224.06,223.707,224.403,223.81,224.26,63.779527559056206,False
2024-10-07 17:38:00,223.996,223.997,223.936,223.936,224.024,224.034,223.953,223.964,550.0,223.95,0.027999999999991587,17,10,1,69.4285714285714,greed,224.00799999999998,223.936,0.04101828860541864,-0.0003570950319153887,0.5714285714285714,224.03,224.06,224.005,223.995,223.91,350.0,460.0,400.0,580.0,500.0,-0.0001338927073105678,0.0002455302337001086,4.46438536574334e-05,0.00037961681032561145,-0.00015628837437764442,223.707,224.073,223.81,224.06,223.707,224.294,223.81,224.175,49.59349593495972,False
2024-10-07 17:39:00,223.936,223.946,223.877,223.877,223.974,223.974,223.903,223.903,410.0,223.89,0.025999999999982037,17,10,1,69.4285714285714,greed,223.987,223.9435,0.06760177512550776,-0.00026791694574679337,-0.2545454545454545,223.95,224.03,224.06,224.005,223.995,550.0,350.0,460.0,400.0,580.0,-0.0003570950319153887,-0.0001338927073105678,0.0002455302337001086,4.46438536574334e-05,0.00037961681032561145,223.707,224.073,223.81,224.06,223.707,224.214,223.81,224.12,43.939393939392964,False
2024-10-07 17:40:00,223.887,223.897,223.806,223.816,223.923,223.934,223.833,223.834,480.0,223.825,0.018000000000000682,17,10,1,69.4285714285714,greed,223.95100000000002,223.945,0.09710818709111058,-0.0002903211398453953,0.1707317073170731,223.89,223.95,224.03,224.06,224.005,410.0,550.0,350.0,460.0,400.0,-0.00026791694574679337,-0.0003570950319153887,-0.0001338927073105678,0.0002455302337001086,4.46438536574334e-05,223.746,224.073,223.825,224.06,223.707,224.163,223.81,224.11,42.33576642335636,False
2024-10-07 17:41:00,223.787,223.877,223.787,223.877,223.823,223.904,223.813,223.903,310.0,223.89,0.025999999999982037,17,10,1,69.4285714285714,greed,223.917,223.95,0.0771038261056129,0.0002904054506869258,-0.35416666666666663,223.825,223.89,223.95,224.03,224.06,480.0,410.0,550.0,350.0,460.0,-0.0002903211398453953,-0.00026791694574679337,-0.0003570950319153887,-0.0001338927073105678,0.0002455302337001086,223.787,224.073,223.825,224.06,223.707,224.124,223.81,224.06,46.979865771811035,False
2024-10-07 17:42:00,223.847,223.847,223.766,223.796,223.883,223.884,223.793,223.824,420.0,223.81,0.02800000000002001,17,10,1,69.4285714285714,greed,223.873,223.93649999999997,0.05652433104538595,-0.0003573183259635293,0.35483870967741926,223.89,223.825,223.89,223.95,224.03,310.0,480.0,410.0,550.0,350.0,0.0002904054506869258,-0.0002903211398453953,-0.00026791694574679337,-0.0003570950319153887,-0.0001338927073105678,223.766,224.073,223.81,224.06,223.707,224.073,223.81,224.06,43.209876543209056,False
2024-10-07 17:43:00,223.826,223.857,223.756,223.776,223.854,223.883,223.773,223.794,460.0,223.78500000000003,0.018000000000000682,17,10,1,69.4285714285714,greed,223.83999999999997,223.92399999999998,0.04782781617564575,-0.00011170188999587438,0.09523809523809534,223.81,223.89,223.825,223.89,223.95,420.0,310.0,480.0,410.0,550.0,-0.0003573183259635293,0.0002904054506869258,-0.0002903211398453953,-0.00026791694574679337,-0.0003570950319153887,223.756,224.073,223.78500000000003,224.06,223.707,224.073,223.78500000000003,224.06,47.94520547945382,False
2024-10-07 17:44:00,223.766,223.787,223.696,223.766,223.794,223.814,223.723,223.794,500.0,223.78,0.02800000000002001,17,10,1,69.4285714285714,greed,223.81800000000004,223.9025,0.04424364361276825,-2.2342873740477387e-05,0.08695652173913038,223.78500000000003,223.81,223.89,223.825,223.89,460.0,420.0,310.0,480.0,410.0,-0.00011170188999587438,-0.0003573183259635293,0.0002904054506869258,-0.0002903211398453953,-0.00026791694574679337,223.696,224.073,223.78,224.06,223.696,224.073,223.78,224.06,47.94520547945194,False
2024-10-07 17:45:00,223.757,223.817,223.707,223.707,223.783,223.844,223.733,223.733,480.0,223.72,0.02600000000001046,17,10,1,69.4285714285714,greed,223.79700000000003,223.87399999999997,0.06160357132615162,-0.0002681204754669819,-0.040000000000000036,223.78,223.78500000000003,223.81,223.89,223.825,500.0,460.0,420.0,310.0,480.0,-2.2342873740477387e-05,-0.00011170188999587438,-0.0003573183259635293,0.0002904054506869258,-0.0002903211398453953,223.696,224.073,223.72,224.06,223.696,224.073,223.72,224.06,42.10526315789434,False
2024-10-07 17:46:00,223.707,223.757,223.626,223.637,223.743,223.784,223.654,223.673,580.0,223.655,0.036000000000001364,17,10,1,69.4285714285714,greed,223.75,223.83350000000002,0.0625499800171283,-0.0002905417486143147,0.20833333333333326,223.72,223.78,223.78500000000003,223.81,223.89,480.0,500.0,460.0,420.0,310.0,-0.0002681204754669819,-2.2342873740477387e-05,-0.00011170188999587438,-0.0003573183259635293,0.0002904054506869258,223.626,224.073,223.655,224.03,223.626,224.073,223.655,224.06,29.861111111111626,False
2024-10-07 17:47:00,223.636,223.637,223.586,223.617,223.664,223.683,223.603,223.643,360.0,223.63,0.02600000000001046,17,10,1,69.4285714285714,greed,223.71400000000003,223.7935,0.07065762520880776,-0.0001117793029442593,-0.3793103448275862,223.655,223.72,223.78,223.78500000000003,223.81,580.0,480.0,500.0,460.0,420.0,-0.0002905417486143147,-0.0002681204754669819,-2.2342873740477387e-05,-0.00011170188999587438,-0.0003573183259635293,223.586,224.034,223.63,223.95,223.586,224.073,223.63,224.06,30.2816901408452,False
2024-10-07 17:48:00,223.606,223.637,223.566,223.567,223.644,223.673,223.583,223.603,510.0,223.585,0.036000000000001364,17,10,1,69.4285714285714,greed,223.67399999999998,223.757,0.07676262111309799,-0.00020122523811649806,0.41666666666666674,223.63,223.655,223.72,223.78,223.78500000000003,360.0,580.0,480.0,500.0,460.0,-0.0001117793029442593,-0.0002905417486143147,-0.0002681204754669819,-2.2342873740477387e-05,-0.00011170188999587438,223.566,223.974,223.585,223.89,223.566,224.073,223.585,224.06,19.402985074626542,True
2024-10-07 17:49:00,223.577,223.607,223.517,223.576,223.603,223.634,223.553,223.604,890.0,223.59,0.02800000000002001,17,10,1,69.4285714285714,greed,223.63600000000002,223.727,0.05515886148353399,2.2362859762425913e-05,0.7450980392156863,223.585,223.63,223.655,223.72,223.78,510.0,360.0,580.0,480.0,500.0,-0.00020122523811649806,-0.0001117793029442593,-0.0002905417486143147,-0.0002681204754669819,-2.2342873740477387e-05,223.517,223.934,223.585,223.89,223.517,224.073,223.585,224.06,18.796992481203233,True
2024-10-07 17:50:00,223.577,223.577,223.416,223.456,223.593,223.604,223.434,223.494,1010.0,223.475,0.038000000000010914,17,10,1,69.4285714285714,greed,223.587,223.692,0.06897463301946195,-0.0005143342725524302,0.1348314606741574,223.59,223.585,223.63,223.655,223.72,890.0,510.0,360.0,580.0,480.0,2.2362859762425913e-05,-0.00020122523811649806,-0.0001117793029442593,-0.0002905417486143147,-0.0002681204754669819,223.416,223.904,223.475,223.89,223.416,224.073,223.475,224.06,9.65517241379223,True
2024-10-07 17:51:00,223.446,223.466,223.396,223.466,223.484,223.494,223.414,223.494,620.0,223.48000000000002,0.027999999999991587,17,10,1,69.4285714285714,greed,223.552,223.651,0.07023175919892467,2.2373867323066676e-05,-0.38613861386138615,223.475,223.59,223.585,223.63,223.655,1010.0,890.0,510.0,360.0,580.0,-0.0005143342725524302,2.2362859762425913e-05,-0.00020122523811649806,-0.0001117793029442593,-0.0002905417486143147,223.396,223.884,223.475,223.81,223.396,224.073,223.475,224.06,10.714285714287882,True
2024-10-07 17:52:00,223.457,223.537,223.457,223.537,223.493,223.564,223.473,223.563,410.0,223.55,0.025999999999982037,17,10,1,69.4285714285714,greed,223.536,223.625,0.05561025085520669,0.00031322713441905847,-0.33870967741935487,223.48000000000002,223.475,223.59,223.585,223.63,620.0,1010.0,890.0,510.0,360.0,2.2373867323066676e-05,-0.0005143342725524302,2.2362859762425913e-05,-0.00020122523811649806,-0.0001117793029442593,223.396,223.883,223.475,223.78500000000003,223.396,224.073,223.475,224.06,21.014492753624737,True
2024-10-07 17:53:00,223.536,223.637,223.536,223.617,223.554,223.663,223.554,223.643,560.0,223.63,0.02600000000001046,17,10,1,69.4285714285714,greed,223.545,223.60950000000003,0.06782329983256286,0.00035786177588903456,0.36585365853658547,223.55,223.48000000000002,223.475,223.59,223.585,410.0,620.0,1010.0,890.0,510.0,0.00031322713441905847,2.2373867323066676e-05,-0.0005143342725524302,2.2362859762425913e-05,-0.00020122523811649806,223.396,223.844,223.475,223.78,223.396,224.073,223.475,224.06,31.69014084507053,True
2024-10-07 17:54:00,223.606,223.766,223.567,223.726,223.644,223.784,223.613,223.774,1040.0,223.75,0.04800000000000182,17,10,1,69.4285714285714,greed,223.577,223.6065,0.11541230437077989,0.0005366006349774022,0.8571428571428572,223.63,223.55,223.48000000000002,223.475,223.59,560.0,410.0,620.0,1010.0,890.0,0.00035786177588903456,0.00031322713441905847,2.2373867323066676e-05,-0.0005143342725524302,2.2362859762425913e-05,223.396,223.844,223.475,223.75,223.396,224.073,223.475,224.06,45.09803921568693,True
2024-10-07 17:55:00,223.726,223.747,223.636,223.707,223.764,223.764,223.664,223.743,520.0,223.725,0.036000000000001364,17,10,1,69.4285714285714,greed,223.627,223.60700000000003,0.11432410069694511,-0.00011173184357549104,-0.5,223.75,223.63,223.55,223.48000000000002,223.475,1040.0,560.0,410.0,620.0,1010.0,0.0005366006349774022,0.00035786177588903456,0.00031322713441905847,2.2373867323066676e-05,-0.0005143342725524302,223.396,223.784,223.475,223.75,223.396,224.073,223.475,224.06,38.620689655172875,True
2024-10-07 17:56:00,223.717,223.766,223.666,223.687,223.743,223.784,223.703,223.713,430.0,223.7,0.025999999999982037,17,10,1,69.4285714285714,greed,223.671,223.61150000000004,0.08111719916367685,-0.00011174432897531617,-0.17307692307692313,223.725,223.75,223.63,223.55,223.48000000000002,520.0,1040.0,560.0,410.0,620.0,-0.00011173184357549104,0.0005366006349774022,0.00035786177588903456,0.00031322713441905847,2.2373867323066676e-05,223.396,223.784,223.475,223.75,223.396,224.073,223.475,224.03,41.79104477611858,True
2024-10-07 17:57:00,223.686,223.707,223.646,223.696,223.704,223.743,223.663,223.734,330.0,223.715,0.038000000000010914,17,10,1,69.4285714285714,greed,223.704,223.61999999999998,0.0451940261556318,6.705409029961196e-05,-0.2325581395348837,223.7,223.725,223.75,223.63,223.55,430.0,520.0,1040.0,560.0,410.0,-0.00011174432897531617,-0.00011173184357549104,0.0005366006349774022,0.00035786177588903456,0.00031322713441905847,223.396,223.784,223.475,223.75,223.396,224.034,223.475,223.95,44.696969696968495,True
2024-10-07 17:58:00,223.696,223.747,223.676,223.746,223.744,223.774,223.703,223.774,560.0,223.76,0.027999999999991587,17,10,1,69.4285714285714,greed,223.73000000000002,223.6375,0.024748737344585138,0.00020114878304977601,0.696969696969697,223.715,223.7,223.725,223.75,223.63,330.0,430.0,520.0,1040.0,560.0,6.705409029961196e-05,-0.00011174432897531617,-0.00011173184357549104,0.0005366006349774022,0.00035786177588903456,223.396,223.784,223.475,223.76,223.396,223.974,223.475,223.89,48.57142857142787,True
2024-10-07 17:59:00,223.747,223.847,223.746,223.836,223.763,223.884,223.763,223.874,440.0,223.85500000000002,0.03799999999998249,17,10,1,69.4285714285714,greed,223.75100000000003,223.664,0.0621892273641434,0.0004245620307472553,-0.2142857142857143,223.76,223.715,223.7,223.725,223.75,560.0,330.0,430.0,520.0,1040.0,0.00020114878304977601,6.705409029961196e-05,-0.00011174432897531617,-0.00011173184357549104,0.0005366006349774022,223.396,223.884,223.475,223.85500000000002,223.396,223.934,223.475,223.89,59.183673469388545,False
2024-10-07 18:00:00,223.847,223.916,223.806,223.806,223.873,223.944,223.824,223.844,920.0,223.825,0.03799999999998249,18,10,1,69.4285714285714,greed,223.77100000000002,223.699,0.06758328195748865,-0.00013401532241863467,1.0909090909090908,223.85500000000002,223.76,223.715,223.7,223.725,440.0,560.0,330.0,430.0,520.0,0.0004245620307472553,0.00020114878304977601,6.705409029961196e-05,-0.00011174432897531617,-0.00011173184357549104,223.396,223.944,223.48000000000002,223.85500000000002,223.396,223.944,223.475,223.89,62.14285714285497,False
2024-10-07 18:01:00,223.806,223.836,223.717,223.766,223.834,223.874,223.743,223.814,930.0,223.79,0.04800000000000182,18,10,1,69.4285714285714,greed,223.789,223.73000000000002,0.05470374758772394,-0.00015637216575448143,0.010869565217391353,223.825,223.85500000000002,223.76,223.715,223.7,920.0,440.0,560.0,330.0,430.0,-0.00013401532241863467,0.0004245620307472553,0.00020114878304977601,6.705409029961196e-05,-0.00011174432897531617,223.457,223.944,223.55,223.85500000000002,223.396,223.944,223.475,223.85500000000002,61.26760563380155,False
2024-10-07 18:02:00,223.757,223.837,223.737,223.766,223.813,223.864,223.783,223.804,780.0,223.785,0.038000000000010914,18,10,1,69.4285714285714,greed,223.80299999999997,223.75349999999997,0.037181984887027196,-2.2342374547568156e-05,-0.16129032258064513,223.79,223.825,223.85500000000002,223.76,223.715,930.0,920.0,440.0,560.0,330.0,-0.00015637216575448143,-0.00013401532241863467,0.0004245620307472553,0.00020114878304977601,6.705409029961196e-05,223.536,223.944,223.63,223.85500000000002,223.396,223.944,223.475,223.85500000000002,64.9253731343259,False
2024-10-07 18:03:00,223.757,223.807,223.756,223.756,223.803,223.844,223.783,223.804,570.0,223.78,0.04800000000000182,18,10,1,69.4285714285714,greed,223.80700000000002,223.7685,0.03213253802826941,-2.2342873740366365e-05,-0.2692307692307693,223.785,223.79,223.825,223.85500000000002,223.76,780.0,930.0,920.0,440.0,560.0,-2.2342374547568156e-05,-0.00015637216575448143,-0.00013401532241863467,0.0004245620307472553,0.00020114878304977601,223.567,223.944,223.7,223.85500000000002,223.396,223.944,223.475,223.85500000000002,64.17910447761022,False
2024-10-07 18:04:00,223.756,223.777,223.647,223.676,223.784,223.814,223.683,223.714,720.0,223.695,0.038000000000010914,18,10,1,69.4285714285714,greed,223.775,223.763,0.04808846015569578,-0.0003798373402449373,0.26315789473684204,223.78,223.785,223.79,223.825,223.85500000000002,570.0,780.0,930.0,920.0,440.0,-2.2342873740366365e-05,-2.2342374547568156e-05,-0.00015637216575448143,-0.00013401532241863467,0.0004245620307472553,223.636,223.944,223.695,223.85500000000002,223.396,223.944,223.475,223.85500000000002,67.18749999999798,False
2024-10-07 18:05:00,223.687,223.736,223.646,223.667,223.723,223.764,223.683,223.723,750.0,223.695,0.056000000000011596,18,10,1,69.4285714285714,greed,223.74899999999997,223.76,0.04942165517414312,0.0,0.04166666666666674,223.695,223.78,223.785,223.79,223.825,720.0,570.0,780.0,930.0,920.0,-0.0003798373402449373,-2.2342873740366365e-05,-2.2342374547568156e-05,-0.00015637216575448143,-0.00013401532241863467,223.646,223.944,223.695,223.85500000000002,223.396,223.944,223.475,223.85500000000002,66.92913385826448,False
2024-10-07 18:06:00,223.687,223.687,223.596,223.616,223.723,223.723,223.623,223.644,750.0,223.63,0.027999999999991587,18,10,1,69.4285714285714,greed,223.717,223.75300000000001,0.06544081295459507,-0.00029057421936118377,0.0,223.695,223.695,223.78,223.785,223.79,750.0,720.0,570.0,780.0,930.0,0.0,-0.0003798373402449373,-2.2342873740366365e-05,-2.2342374547568156e-05,-0.00015637216575448143,223.596,223.944,223.63,223.85500000000002,223.396,223.944,223.475,223.85500000000002,56.34920634920456,True
2024-10-07 18:07:00,223.597,223.646,223.536,223.617,223.643,223.674,223.564,223.653,580.0,223.635,0.036000000000001364,18,10,1,69.4285714285714,greed,223.68699999999998,223.74499999999998,0.060683605695149356,2.2358359790697335e-05,-0.22666666666666668,223.63,223.695,223.695,223.78,223.785,750.0,750.0,720.0,570.0,780.0,-0.00029057421936118377,0.0,-0.0003798373402449373,-2.2342873740366365e-05,-2.2342374547568156e-05,223.536,223.944,223.63,223.85500000000002,223.396,223.944,223.475,223.85500000000002,50.45045045044999,True
2024-10-07 18:08:00,223.597,223.617,223.576,223.607,223.623,223.653,223.614,223.633,530.0,223.62,0.02600000000001046,18,10,1,69.4285714285714,greed,223.65500000000003,223.731,0.036912057652877535,-6.707357971691419e-05,-0.08620689655172409,223.635,223.63,223.695,223.695,223.78,580.0,750.0,750.0,720.0,570.0,2.2358359790697335e-05,-0.00029057421936118377,0.0,-0.0003798373402449373,-2.2342873740366365e-05,223.536,223.944,223.62,223.85500000000002,223.396,223.944,223.475,223.85500000000002,35.55555555555752,True
2024-10-07 18:09:00,223.606,223.617,223.586,223.586,223.624,223.654,223.613,223.634,440.0,223.61,0.0479999999999734,18,10,1,69.4285714285714,greed,223.638,223.7065,0.0332791225871672,-4.4718719255820716e-05,-0.16981132075471694,223.62,223.635,223.63,223.695,223.695,530.0,580.0,750.0,750.0,720.0,-6.707357971691419e-05,2.2358359790697335e-05,-0.00029057421936118377,0.0,-0.0003798373402449373,223.536,223.944,223.61,223.825,223.396,223.944,223.475,223.85500000000002,36.78160919540545,True
2024-10-07 18:10:00,223.586,223.587,223.546,223.546,223.614,223.614,223.563,223.604,800.0,223.575,0.058000000000021146,18,10,1,69.4285714285714,greed,223.61399999999998,223.6815,0.023822258502839203,-0.00015652251688214047,0.8181818181818181,223.61,223.62,223.635,223.63,223.695,440.0,530.0,580.0,750.0,750.0,-4.4718719255820716e-05,-6.707357971691419e-05,2.2358359790697335e-05,-0.00029057421936118377,0.0,223.536,223.874,223.575,223.79,223.396,223.944,223.48000000000002,223.85500000000002,35.95505617977686,True
2024-10-07 18:11:00,223.567,223.697,223.536,223.667,223.593,223.733,223.563,223.693,490.0,223.68,0.02600000000001046,18,10,1,69.4285714285714,greed,223.62400000000002,223.6705,0.03830796262104055,0.00046964106004709905,-0.38749999999999996,223.575,223.61,223.62,223.635,223.63,800.0,440.0,530.0,580.0,750.0,-0.00015652251688214047,-4.4718719255820716e-05,-6.707357971691419e-05,2.2358359790697335e-05,-0.00029057421936118377,223.536,223.864,223.575,223.785,223.457,223.944,223.55,223.85500000000002,46.728971962617464,False
2024-10-07 18:12:00,223.676,223.737,223.656,223.697,223.714,223.774,223.683,223.723,650.0,223.71,0.02600000000001046,18,10,1,69.4285714285714,greed,223.63900000000004,223.663,0.05481788029624857,0.00013412017167380164,0.3265306122448979,223.68,223.575,223.61,223.62,223.635,490.0,800.0,440.0,530.0,580.0,0.00046964106004709905,-0.00015652251688214047,-4.4718719255820716e-05,-6.707357971691419e-05,2.2358359790697335e-05,223.536,223.844,223.575,223.78,223.536,223.944,223.575,223.85500000000002,45.19230769230995,False
2024-10-07 18:13:00,223.696,223.737,223.686,223.716,223.734,223.764,223.713,223.734,480.0,223.72500000000002,0.018000000000000682,18,10,1,69.4285714285714,greed,223.66000000000003,223.65749999999997,0.06490377493006971,6.705109293281275e-05,-0.2615384615384615,223.71,223.68,223.575,223.61,223.62,650.0,490.0,800.0,440.0,530.0,0.00013412017167380164,0.00046964106004709905,-0.00015652251688214047,-4.4718719255820716e-05,-6.707357971691419e-05,223.536,223.814,223.575,223.72500000000002,223.536,223.944,223.575,223.85500000000002,35.227272727275064,True
2024-10-07 18:14:00,223.686,223.687,223.636,223.676,223.744,223.744,223.664,223.694,620.0,223.685,0.018000000000000682,18,10,1,69.4285714285714,greed,223.675,223.6565,0.058843011481168356,-0.00017879092636052807,0.29166666666666674,223.72500000000002,223.71,223.68,223.575,223.61,480.0,650.0,490.0,800.0,440.0,6.705109293281275e-05,0.00013412017167380164,0.00046964106004709905,-0.00015652251688214047,-4.4718719255820716e-05,223.536,223.774,223.575,223.72500000000002,223.536,223.944,223.575,223.85500000000002,34.44444444444753,True
2024-10-07 18:15:00,223.656,223.687,223.636,223.687,223.674,223.714,223.653,223.703,620.0,223.695,0.015999999999991132,18,10,1,69.4285714285714,greed,223.69899999999998,223.6565,0.018506755527956213,4.470572456805044e-05,0.0,223.685,223.72500000000002,223.71,223.68,223.575,620.0,480.0,650.0,490.0,800.0,-0.00017879092636052807,6.705109293281275e-05,0.00013412017167380164,0.00046964106004709905,-0.00015652251688214047,223.536,223.774,223.575,223.72500000000002,223.536,223.944,223.575,223.85500000000002,38.82352941176588,True
2024-10-07 18:16:00,223.687,223.727,223.637,223.646,223.713,223.764,223.673,223.684,670.0,223.665,0.038000000000010914,18,10,1,69.4285714285714,greed,223.696,223.66,0.023021728870171714,-0.00013411117816675144,0.08064516129032251,223.695,223.685,223.72500000000002,223.71,223.68,620.0,620.0,480.0,650.0,490.0,4.470572456805044e-05,-0.00017879092636052807,6.705109293281275e-05,0.00013412017167380164,0.00046964106004709905,223.536,223.774,223.575,223.72500000000002,223.536,223.944,223.575,223.85500000000002,36.6666666666675,True
2024-10-07 18:17:00,223.646,223.717,223.636,223.656,223.694,223.754,223.673,223.704,430.0,223.68,0.04800000000000182,18,10,1,69.4285714285714,greed,223.69,223.6645,0.022360679778833947,6.70645831937211e-05,-0.35820895522388063,223.665,223.695,223.685,223.72500000000002,223.71,670.0,620.0,620.0,480.0,650.0,-0.00013411117816675144,4.470572456805044e-05,-0.00017879092636052807,6.705109293281275e-05,0.00013412017167380164,223.536,223.774,223.575,223.72500000000002,223.536,223.944,223.575,223.85500000000002,39.13043478261085,True
2024-10-07 18:18:00,223.677,223.767,223.656,223.757,223.693,223.803,223.683,223.773,450.0,223.765,0.015999999999991132,18,10,1,69.4285714285714,greed,223.698,223.679,0.03898717738143127,0.0003800071530757343,0.04651162790697683,223.68,223.665,223.695,223.685,223.72500000000002,430.0,670.0,620.0,620.0,480.0,6.70645831937211e-05,-0.00013411117816675144,4.470572456805044e-05,-0.00017879092636052807,6.705109293281275e-05,223.536,223.803,223.575,223.765,223.536,223.944,223.575,223.85500000000002,57.608695652172564,True
2024-10-07 18:19:00,223.757,223.857,223.756,223.857,223.793,223.884,223.793,223.883,390.0,223.87,0.02600000000001046,18,10,1,69.4285714285714,greed,223.73499999999999,223.705,0.0846315544000875,0.0004692422854335465,-0.1333333333333333,223.765,223.68,223.665,223.695,223.685,450.0,430.0,670.0,620.0,620.0,0.0003800071530757343,6.70645831937211e-05,-0.00013411117816675144,4.470572456805044e-05,-0.00017879092636052807,223.536,223.884,223.575,223.87,223.536,223.944,223.575,223.87,65.48672566371633,False
2024-10-07 18:20:00,223.847,223.887,223.846,223.846,223.883,223.924,223.873,223.874,290.0,223.86,0.027999999999991587,18,10,1,69.4285714285714,greed,223.76799999999997,223.7335,0.09647538546271058,-4.466878098896565e-05,-0.2564102564102564,223.87,223.765,223.68,223.665,223.695,390.0,450.0,430.0,670.0,620.0,0.0004692422854335465,0.0003800071530757343,6.70645831937211e-05,-0.00013411117816675144,4.470572456805044e-05,223.536,223.924,223.665,223.87,223.536,223.924,223.575,223.87,72.54901960784281,False
2024-10-07 18:21:00,223.856,223.907,223.846,223.887,223.874,223.944,223.863,223.913,380.0,223.9,0.02600000000001046,18,10,1,69.4285714285714,greed,223.815,223.75549999999998,0.0908295106239265,0.00017868310551238942,0.31034482758620685,223.86,223.87,223.765,223.68,223.665,290.0,390.0,450.0,430.0,670.0,-4.466878098896565e-05,0.0004692422854335465,0.0003800071530757343,6.70645831937211e-05,-0.00013411117816675144,223.636,223.944,223.665,223.9,223.536,223.944,223.575,223.9,74.31192660550397,False
2024-10-07 18:22:00,223.887,223.966,223.887,223.946,223.943,224.004,223.943,223.994,370.0,223.97,0.04800000000000182,18,10,1,69.4285714285714,greed,223.873,223.7815,0.0741282672142469,0.0003126395712371721,-0.02631578947368418,223.9,223.86,223.87,223.765,223.68,380.0,290.0,390.0,450.0,430.0,0.00017868310551238942,-4.466878098896565e-05,0.0004692422854335465,0.0003800071530757343,6.70645831937211e-05,223.636,224.004,223.665,223.97,223.536,224.004,223.575,223.97,79.1666666666637,False
2024-10-07 18:23:00,223.966,223.966,223.637,223.777,223.994,223.994,223.703,223.813,1210.0,223.795,0.036000000000001364,18,10,1,69.4285714285714,greed,223.879,223.78850000000003,0.06367888190120136,-0.0007813546457114962,2.27027027027027,223.97,223.9,223.86,223.87,223.765,370.0,380.0,290.0,390.0,450.0,0.0003126395712371721,0.00017868310551238942,-4.466878098896565e-05,0.0004692422854335465,0.0003800071530757343,223.636,224.004,223.665,223.97,223.536,224.004,223.575,223.97,62.091503267971014,True
2024-10-07 18:24:00,223.776,223.837,223.757,223.776,223.804,223.864,223.793,223.804,450.0,223.79000000000002,0.027999999999991587,18,10,1,69.4285714285714,greed,223.863,223.79900000000004,0.0754652237801309,-2.2341875376863385e-05,-0.628099173553719,223.795,223.97,223.9,223.86,223.87,1210.0,370.0,380.0,290.0,390.0,-0.0007813546457114962,0.0003126395712371721,0.00017868310551238942,-4.466878098896565e-05,0.0004692422854335465,223.636,224.004,223.665,223.97,223.536,224.004,223.575,223.97,64.62585034013794,False
2024-10-07 18:25:00,223.797,223.816,223.716,223.757,223.833,223.854,223.753,223.793,480.0,223.775,0.036000000000001364,18,10,1,69.4285714285714,greed,223.846,223.80699999999996,0.08524963343137444,-6.702712364281549e-05,0.06666666666666665,223.79000000000002,223.795,223.97,223.9,223.86,450.0,1210.0,370.0,380.0,290.0,-2.2341875376863385e-05,-0.0007813546457114962,0.0003126395712371721,0.00017868310551238942,-4.466878098896565e-05,223.636,224.004,223.665,223.97,223.536,224.004,223.575,223.97,57.364341085271114,False
2024-10-07 18:26:00,223.746,223.877,223.746,223.876,223.794,223.914,223.794,223.904,500.0,223.89,0.027999999999991587,18,10,1,69.4285714285714,greed,223.844,223.8295,0.08377051987532858,0.0005139090604400209,0.04166666666666674,223.775,223.79000000000002,223.795,223.97,223.9,480.0,450.0,1210.0,370.0,380.0,-6.702712364281549e-05,-2.2341875376863385e-05,-0.0007813546457114962,0.0003126395712371721,0.00017868310551238942,223.636,224.004,223.68,223.97,223.536,224.004,223.575,223.97,62.32876712328637,False
2024-10-07 18:27:00,223.876,223.887,223.786,223.837,223.914,223.914,223.814,223.883,470.0,223.86,0.04600000000002069,18,10,1,69.4285714285714,greed,223.82199999999997,223.8475,0.05007494383604366,-0.00013399437223626798,-0.06000000000000005,223.89,223.775,223.79000000000002,223.795,223.97,500.0,480.0,450.0,1210.0,370.0,0.0005139090604400209,-6.702712364281549e-05,-2.2341875376863385e-05,-0.0007813546457114962,0.0003126395712371721,223.637,224.004,223.765,223.97,223.536,224.004,223.575,223.97,59.06040268456378,False
2024-10-07 18:28:00,223.857,223.857,223.786,223.826,223.883,223.883,223.823,223.874,320.0,223.85,0.04800000000000182,18,10,1,69.4285714285714,greed,223.833,223.856,0.048682645780426914,-4.4670776378152866e-05,-0.3191489361702128,223.86,223.89,223.775,223.79000000000002,223.795,470.0,500.0,480.0,450.0,1210.0,-0.00013399437223626798,0.0005139090604400209,-6.702712364281549e-05,-2.2341875376863385e-05,-0.0007813546457114962,223.637,224.004,223.775,223.97,223.536,224.004,223.575,223.97,61.538461538461846,False
2024-10-07 18:29:00,223.846,223.886,223.647,223.706,223.874,223.924,223.693,223.754,700.0,223.73,0.04800000000000182,18,10,1,69.4285714285714,greed,223.821,223.842,0.06618156843248353,-0.0005360732633460374,1.1875,223.85,223.86,223.89,223.775,223.79000000000002,320.0,470.0,500.0,480.0,450.0,-4.4670776378152866e-05,-0.00013399437223626798,0.0005139090604400209,-6.702712364281549e-05,-2.2341875376863385e-05,223.637,224.004,223.73,223.97,223.536,224.004,223.575,223.97,52.12121212121201,False
2024-10-07 18:30:00,223.716,223.717,223.056,223.547,223.754,223.754,223.093,223.593,3510.0,223.57,0.04599999999999227,18,10,1,69.4285714285714,greed,223.77999999999997,223.81300000000002,0.1322875655539172,-0.0007151477227014258,4.014285714285714,223.73,223.85,223.86,223.89,223.775,700.0,320.0,470.0,500.0,480.0,-0.0005360732633460374,-4.4670776378152866e-05,-0.00013399437223626798,0.0005139090604400209,-6.702712364281549e-05,223.056,224.004,223.57,223.97,223.056,224.004,223.57,223.97,45.026178010471035,False
2024-10-07 18:31:00,223.546,223.626,223.296,223.317,223.614,223.664,223.353,223.383,1470.0,223.35000000000002,0.0660000000000025,18,10,1,69.4285714285714,greed,223.67199999999997,223.75799999999998,0.2147556751291366,-0.0009840318468486986,-0.5811965811965811,223.57,223.73,223.85,223.86,223.89,3510.0,700.0,320.0,470.0,500.0,-0.0007151477227014258,-0.0005360732633460374,-4.4670776378152866e-05,-0.00013399437223626798,0.0005139090604400209,223.056,224.004,223.35000000000002,223.97,223.056,224.004,223.35000000000002,223.97,35.77586206896511,False
2024-10-07 18:32:00,223.326,223.326,223.117,223.207,223.384,223.384,223.164,223.253,1250.0,223.23,0.04599999999999227,18,10,1,69.4285714285714,greed,223.546,223.68400000000003,0.2574490240808053,-0.0005372733378107286,-0.1496598639455783,223.35000000000002,223.57,223.73,223.85,223.86,1470.0,3510.0,700.0,320.0,470.0,-0.0009840318468486986,-0.0007151477227014258,-0.0005360732633460374,-4.4670776378152866e-05,-0.00013399437223626798,223.056,223.994,223.23,223.89,223.056,224.004,223.23,223.97,27.615062761505754,False
2024-10-07 18:33:00,223.197,223.227,222.916,223.007,223.253,223.264,222.953,223.053,1670.0,223.03,0.04599999999999227,18,10,1,69.4285714285714,greed,223.382,223.6075,0.2758985320732043,-0.0008959369260403971,0.3360000000000001,223.23,223.35000000000002,223.57,223.73,223.85,1250.0,1470.0,3510.0,700.0,320.0,-0.0005372733378107286,-0.0009840318468486986,-0.0007151477227014258,-0.0005360732633460374,-4.4670776378152866e-05,222.916,223.924,223.03,223.89,222.916,224.004,223.03,223.97,17.4418604651145,True
2024-10-07 18:34:00,223.007,223.147,222.956,222.986,223.043,223.214,222.983,223.044,1880.0,223.015,0.058000000000021146,18,10,1,69.4285714285714,greed,223.23899999999998,223.53000000000003,0.23228215600889923,-6.725552616249075e-05,0.12574850299401197,223.03,223.23,223.35000000000002,223.57,223.73,1670.0,1250.0,1470.0,3510.0,700.0,-0.0008959369260403971,-0.0005372733378107286,-0.0009840318468486986,-0.0007151477227014258,-0.0005360732633460374,222.916,223.924,223.015,223.89,222.916,224.004,223.015,223.97,17.374517374515293,False
2024-10-07 18:35:00,222.976,223.026,222.806,222.807,223.034,223.064,222.833,222.853,1300.0,222.82999999999998,0.04600000000002069,18,10,1,69.4285714285714,greed,223.09099999999998,223.4355,0.20249691355706598,-0.0008295406138600914,-0.3085106382978723,223.015,223.03,223.23,223.35000000000002,223.57,1880.0,1670.0,1250.0,1470.0,3510.0,-6.725552616249075e-05,-0.0008959369260403971,-0.0005372733378107286,-0.0009840318468486986,-0.0007151477227014258,222.806,223.924,222.82999999999998,223.89,222.806,224.004,222.82999999999998,223.97,12.84722222222068,True
2024-10-07 18:36:00,222.816,223.097,222.756,223.047,222.874,223.134,222.804,223.093,1300.0,223.07,0.04599999999999227,18,10,1,69.4285714285714,greed,223.035,223.3535,0.14291605928002557,0.0010770542566083119,0.0,222.82999999999998,223.015,223.03,223.23,223.35000000000002,1300.0,1880.0,1670.0,1250.0,1470.0,-0.0008295406138600914,-6.725552616249075e-05,-0.0008959369260403971,-0.0005372733378107286,-0.0009840318468486986,222.756,223.924,222.82999999999998,223.86,222.756,224.004,222.82999999999998,223.97,22.04968944099336,True
2024-10-07 18:37:00,223.067,223.147,223.027,223.067,223.103,223.183,223.064,223.103,1600.0,223.085,0.036000000000001364,18,10,1,69.4285714285714,greed,223.006,223.27599999999998,0.10243290487011841,6.724346617659194e-05,0.23076923076923084,223.07,222.82999999999998,223.015,223.03,223.23,1300.0,1300.0,1880.0,1670.0,1250.0,0.0010770542566083119,-0.0008295406138600914,-6.725552616249075e-05,-0.0008959369260403971,-0.0005372733378107286,222.756,223.924,222.82999999999998,223.85,222.756,224.004,222.82999999999998,223.97,25.51724137931086,True
2024-10-07 18:38:00,223.057,223.317,223.056,223.116,223.103,223.354,223.073,223.174,1240.0,223.145,0.057999999999992724,18,10,1,69.4285714285714,greed,223.029,223.20549999999997,0.1204885886718447,0.0002689557791872854,-0.22499999999999998,223.085,223.07,222.82999999999998,223.015,223.03,1600.0,1300.0,1300.0,1880.0,1670.0,6.724346617659194e-05,0.0010770542566083119,-0.0008295406138600914,-6.725552616249075e-05,-0.0008959369260403971,222.756,223.924,222.82999999999998,223.73,222.756,224.004,222.82999999999998,223.97,28.57142857142857,True
2024-10-07 18:39:00,223.107,223.127,222.956,222.957,223.143,223.173,222.983,222.983,1050.0,222.97,0.02600000000001046,18,10,1,69.4285714285714,greed,223.01999999999998,223.1295,0.12344026895682178,-0.0007842434291605027,-0.15322580645161288,223.145,223.085,223.07,222.82999999999998,223.015,1240.0,1600.0,1300.0,1300.0,1880.0,0.0002689557791872854,6.724346617659194e-05,0.0010770542566083119,-0.0008295406138600914,-6.725552616249075e-05,222.756,223.754,222.82999999999998,223.57,222.756,224.004,222.82999999999998,223.97,25.825825825825916,True
2024-10-07 18:40:00,222.926,223.146,222.926,223.086,222.974,223.174,222.973,223.114,1059.9999,223.10000000000002,0.027999999999991587,18,10,1,69.4285714285714,greed,223.074,223.08250000000004,0.06455617708734272,0.0005830380768714338,0.009523714285714302,222.97,223.145,223.085,223.07,222.82999999999998,1050.0,1240.0,1600.0,1300.0,1300.0,-0.0007842434291605027,0.0002689557791872854,6.724346617659194e-05,0.0010770542566083119,-0.0008295406138600914,222.756,223.664,222.82999999999998,223.35000000000002,222.756,224.004,222.82999999999998,223.97,26.488095238097216,True
2024-10-07 18:41:00,223.097,223.267,223.097,223.176,223.143,223.324,223.143,223.214,1080.0,223.195,0.038000000000010914,18,10,1,69.4285714285714,greed,223.099,223.067,0.08391960438497664,0.00042581801882546344,0.018868020647926365,223.10000000000002,222.97,223.145,223.085,223.07,1059.9999,1050.0,1240.0,1600.0,1300.0,0.0005830380768714338,-0.0007842434291605027,0.0002689557791872854,6.724346617659194e-05,0.0010770542566083119,222.756,223.384,222.82999999999998,223.23,222.756,224.004,222.82999999999998,223.97,30.94555873925509,False
2024-10-07 18:42:00,223.176,223.216,223.096,223.167,223.204,223.254,223.133,223.223,1170.0,223.195,0.056000000000011596,18,10,1,69.4285714285714,greed,223.121,223.06349999999998,0.09323357764308965,0.0,0.08333333333333326,223.195,223.10000000000002,222.97,223.145,223.085,1080.0,1059.9999,1050.0,1240.0,1600.0,0.00042581801882546344,0.0005830380768714338,-0.0007842434291605027,0.0002689557791872854,6.724346617659194e-05,222.756,223.354,222.82999999999998,223.195,222.756,223.994,222.82999999999998,223.89,31.12391930835777,False
2024-10-07 18:43:00,223.157,223.307,223.146,223.246,223.223,223.354,223.174,223.294,1420.0,223.27,0.04800000000000182,18,10,1,69.4285714285714,greed,223.14600000000002,223.0875,0.1154014731280752,0.0003360290329084137,0.21367521367521358,223.195,223.195,223.10000000000002,222.97,223.145,1170.0,1080.0,1059.9999,1050.0,1240.0,0.0,0.00042581801882546344,0.0005830380768714338,-0.0007842434291605027,0.0002689557791872854,222.756,223.354,222.82999999999998,223.27,222.756,223.924,222.82999999999998,223.89,36.39053254437974,False
2024-10-07 18:44:00,223.247,223.286,223.036,223.047,223.303,223.334,223.074,223.083,1520.0,223.065,0.036000000000001364,18,10,1,69.4285714285714,greed,223.16500000000002,223.09250000000003,0.08223442101777816,-0.0009181708245622477,0.07042253521126751,223.27,223.195,223.195,223.10000000000002,222.97,1420.0,1170.0,1080.0,1059.9999,1050.0,0.0003360290329084137,0.0,0.00042581801882546344,0.0005830380768714338,-0.0007842434291605027,222.756,223.354,222.82999999999998,223.27,222.756,223.924,222.82999999999998,223.89,35.44668587896325,False
2024-10-07 18:45:00,223.056,223.126,222.996,223.097,223.084,223.174,223.024,223.163,1650.0,223.13,0.0660000000000025,18,10,1,69.4285714285714,greed,223.171,223.1225,0.07724959546903644,0.0002913948848990433,0.08552631578947367,223.065,223.27,223.195,223.195,223.10000000000002,1520.0,1420.0,1170.0,1080.0,1059.9999,-0.0009181708245622477,0.0003360290329084137,0.0,0.00042581801882546344,0.0005830380768714338,222.756,223.354,222.97,223.27,222.756,223.924,222.82999999999998,223.89,43.03797468354387,False
2024-10-07 18:46:00,223.096,223.096,222.836,222.866,223.144,223.144,222.883,222.914,2240.0,222.89,0.0479999999999734,18,10,1,69.4285714285714,greed,223.10999999999999,223.1045,0.14461154864025866,-0.0010756061488819135,0.35757575757575766,223.13,223.065,223.27,223.195,223.195,1650.0,1520.0,1420.0,1170.0,1080.0,0.0002913948848990433,-0.0009181708245622477,0.0003360290329084137,0.0,0.00042581801882546344,222.836,223.354,222.89,223.27,222.756,223.924,222.82999999999998,223.86,40.00000000000033,False
2024-10-07 18:47:00,222.856,222.856,222.637,222.686,222.904,222.904,222.683,222.734,1800.0,222.71,0.04800000000000182,18,10,1,69.4285714285714,greed,223.013,223.067,0.21758906222541188,-0.0008075732424064341,-0.1964285714285714,222.89,223.13,223.065,223.27,223.195,2240.0,1650.0,1520.0,1420.0,1170.0,-0.0010756061488819135,0.0002913948848990433,-0.0009181708245622477,0.0003360290329084137,0.0,222.637,223.354,222.71,223.27,222.637,223.924,222.71,223.85,40.47619047619104,False
2024-10-07 18:48:00,222.677,222.706,222.366,222.427,222.733,222.764,222.413,222.473,1809.9999,222.45,0.04600000000002069,18,10,1,69.4285714285714,greed,222.849,222.9975,0.2765049728307628,-0.001167437474743016,0.0055555000000000465,222.71,222.89,223.13,223.065,223.27,1800.0,2240.0,1650.0,1520.0,1420.0,-0.0008075732424064341,-0.0010756061488819135,0.0002913948848990433,-0.0009181708245622477,0.0003360290329084137,222.366,223.354,222.45,223.27,222.366,223.924,222.45,223.73,35.32467532467591,False
2024-10-07 18:49:00,222.416,222.516,222.306,222.487,222.454,222.554,222.354,222.533,1740.0,222.51,0.04599999999999227,18,10,1,69.4285714285714,greed,222.738,222.95149999999998,0.27949955277271066,0.0002697235333783965,-0.03867398003723643,222.45,222.71,222.89,223.13,223.065,1809.9999,1800.0,2240.0,1650.0,1520.0,-0.001167437474743016,-0.0008075732424064341,-0.0010756061488819135,0.0002913948848990433,-0.0009181708245622477,222.306,223.354,222.45,223.27,222.306,223.754,222.45,223.57,41.11111111111164,False
2024-10-07 18:50:00,222.487,222.547,222.346,222.446,222.503,222.594,222.384,222.494,1670.0,222.47,0.04800000000000182,18,10,1,69.4285714285714,greed,222.606,222.88850000000002,0.189420167881206,-0.000179767201474057,-0.04022988505747127,222.51,222.45,222.71,222.89,223.13,1740.0,1809.9999,1800.0,2240.0,1650.0,0.0002697235333783965,-0.001167437474743016,-0.0008075732424064341,-0.0010756061488819135,0.0002913948848990433,222.306,223.354,222.45,223.27,222.306,223.664,222.45,223.35000000000002,31.25000000000078,False
2024-10-07 18:51:00,222.427,222.427,222.236,222.266,222.473,222.473,222.263,222.304,1730.0,222.285,0.038000000000010914,18,10,1,69.4285714285714,greed,222.48499999999999,222.79749999999999,0.15223337347685956,-0.0008315727963320585,0.03592814371257491,222.47,222.51,222.45,222.71,222.89,1670.0,1740.0,1809.9999,1800.0,2240.0,-0.000179767201474057,0.0002697235333783965,-0.001167437474743016,-0.0008075732424064341,-0.0010756061488819135,222.236,223.354,222.285,223.27,222.236,223.384,222.285,223.27,27.401129943502994,True
2024-10-07 18:52:00,222.267,222.517,222.246,222.416,222.313,222.593,222.273,222.474,1910.0,222.445,0.057999999999992724,18,10,1,69.4285714285714,greed,222.43199999999996,222.7225,0.08606683449588394,0.0007197966574441494,0.10404624277456653,222.285,222.47,222.51,222.45,222.71,1730.0,1670.0,1740.0,1809.9999,1800.0,-0.0008315727963320585,-0.000179767201474057,0.0002697235333783965,-0.001167437474743016,-0.0008075732424064341,222.236,223.354,222.285,223.27,222.236,223.354,222.285,223.27,31.283422459892932,True
2024-10-07 18:53:00,222.407,222.467,222.216,222.296,222.433,222.504,222.263,222.364,1770.0,222.32999999999998,0.06800000000001205,18,10,1,69.4285714285714,greed,222.408,222.62849999999997,0.09595571895484835,-0.0005169817258199316,-0.0732984293193717,222.445,222.285,222.47,222.51,222.45,1910.0,1730.0,1670.0,1740.0,1809.9999,0.0007197966574441494,-0.0008315727963320585,-0.000179767201474057,0.0002697235333783965,-0.001167437474743016,222.216,223.334,222.285,223.13,222.216,223.354,222.285,223.27,32.32044198895018,True
2024-10-07 18:54:00,222.297,222.346,222.216,222.277,222.323,222.404,222.253,222.303,1850.0,222.29,0.02600000000001046,18,10,1,69.4285714285714,greed,222.36399999999998,222.551,0.08756426211727067,-0.00017991274231998755,0.04519774011299438,222.32999999999998,222.445,222.285,222.47,222.51,1770.0,1910.0,1730.0,1670.0,1740.0,-0.0005169817258199316,0.0007197966574441494,-0.0008315727963320585,-0.000179767201474057,0.0002697235333783965,222.216,223.174,222.285,223.13,222.216,223.354,222.285,223.27,26.453488372092124,True
2024-10-07 18:55:00,222.277,222.417,222.276,222.377,222.333,222.454,222.304,222.423,1679.9999,222.4,0.04599999999999227,18,10,1,69.4285714285714,greed,222.35,222.47799999999998,0.07026734661379085,0.0004948490710334763,-0.09189194594594596,222.29,222.32999999999998,222.445,222.285,222.47,1850.0,1770.0,1910.0,1730.0,1670.0,-0.00017991274231998755,-0.0005169817258199316,0.0007197966574441494,-0.0008315727963320585,-0.000179767201474057,222.216,223.144,222.285,222.89,222.216,223.354,222.285,223.27,27.089337175793418,False
2024-10-07 18:56:00,222.377,222.526,222.326,222.526,222.413,222.544,222.344,222.544,1110.0,222.53500000000003,0.018000000000000682,18,10,1,69.4285714285714,greed,222.4,222.44249999999997,0.09650129532885295,0.0006070143884893131,-0.33928567495748063,222.4,222.29,222.32999999999998,222.445,222.285,1679.9999,1850.0,1770.0,1910.0,1730.0,0.0004948490710334763,-0.00017991274231998755,-0.0005169817258199316,0.0007197966574441494,-0.0008315727963320585,222.216,222.904,222.285,222.71,222.216,223.354,222.285,223.27,32.352941176472015,False
2024-10-07 18:57:00,222.487,222.507,222.406,222.447,222.533,222.544,222.433,222.473,1240.0,222.46,0.02600000000001046,18,10,1,69.4285714285714,greed,222.40300000000002,222.41749999999996,0.09846319109264834,-0.00033702563641679895,0.11711711711711703,222.53500000000003,222.4,222.29,222.32999999999998,222.445,1110.0,1679.9999,1850.0,1770.0,1910.0,0.0006070143884893131,0.0004948490710334763,-0.00017991274231998755,-0.0005169817258199316,0.0007197966574441494,222.216,222.764,222.285,222.53500000000003,222.216,223.354,222.285,223.27,28.342245989305468,False
2024-10-07 18:58:00,222.427,222.516,222.356,222.487,222.453,222.554,222.374,222.523,1559.9999,222.505,0.036000000000001364,18,10,1,69.4285714285714,greed,222.43800000000002,222.423,0.097121058479352,0.0002022835565944625,0.25806443548387104,222.46,222.53500000000003,222.4,222.29,222.32999999999998,1240.0,1110.0,1679.9999,1850.0,1770.0,-0.00033702563641679895,0.0006070143884893131,0.0004948490710334763,-0.00017991274231998755,-0.0005169817258199316,222.216,222.594,222.285,222.53500000000003,222.216,223.354,222.285,223.27,33.625730994152335,False
2024-10-07 18:59:00,222.456,222.477,222.226,222.317,222.494,222.503,222.264,222.353,1890.0,222.335,0.036000000000001364,18,10,1,69.4285714285714,greed,222.44700000000003,222.40550000000002,0.08066907709990127,-0.0007640277746566726,0.21153853920118837,222.505,222.46,222.53500000000003,222.4,222.29,1559.9999,1240.0,1110.0,1679.9999,1850.0,0.0002022835565944625,-0.00033702563641679895,0.0006070143884893131,0.0004948490710334763,-0.00017991274231998755,222.216,222.594,222.285,222.53500000000003,222.216,223.354,222.285,223.27,28.099173553719666,True
2024-10-07 19:00:00,222.287,222.386,222.216,222.337,222.353,222.434,222.234,222.403,2150.0001,222.37,0.0660000000000025,19,10,1,69.4285714285714,greed,222.44099999999997,222.3955,0.08597964875567532,0.00015742010929442607,0.13756619047619068,222.335,222.505,222.46,222.53500000000003,222.4,1890.0,1559.9999,1240.0,1110.0,1679.9999,-0.0007640277746566726,0.0002022835565944625,-0.00033702563641679895,0.0006070143884893131,0.0004948490710334763,222.216,222.593,222.285,222.53500000000003,222.216,223.354,222.285,223.27,33.85093167701933,True
2024-10-07 19:01:00,222.347,222.467,222.307,222.366,222.403,222.494,222.353,222.444,1350.0,222.405,0.07799999999997453,19,10,1,69.4285714285714,greed,222.41500000000002,222.40749999999997,0.06828250141980807,0.0001573953321041266,-0.3720930524607883,222.37,222.335,222.505,222.46,222.53500000000003,2150.0001,1890.0,1559.9999,1240.0,1110.0,0.00015742010929442607,-0.0007640277746566726,0.0002022835565944625,-0.00033702563641679895,0.0006070143884893131,222.216,222.593,222.29,222.53500000000003,222.216,223.354,222.285,223.27,39.590443686006815,True
2024-10-07 19:02:00,222.377,222.487,222.367,222.397,222.443,222.504,222.394,222.443,1220.0,222.42000000000002,0.04600000000002069,19,10,1,69.4285714285714,greed,222.407,222.40500000000003,0.06389444420405617,6.744452687668101e-05,-0.09629629629629632,222.405,222.37,222.335,222.505,222.46,1350.0,2150.0001,1890.0,1559.9999,1240.0,0.0001573953321041266,0.00015742010929442607,-0.0007640277746566726,0.0002022835565944625,-0.00033702563641679895,222.216,222.554,222.29,222.53500000000003,222.216,223.354,222.285,223.27,48.77049180327983,True
2024-10-07 19:03:00,222.377,222.517,222.346,222.417,222.413,222.554,222.383,222.453,1050.0,222.435,0.036000000000001364,19,10,1,69.4285714285714,greed,222.39300000000003,222.4155,0.04040420770345563,6.743997841907046e-05,-0.139344262295082,222.42000000000002,222.405,222.37,222.335,222.505,1220.0,1350.0,2150.0001,1890.0,1559.9999,6.744452687668101e-05,0.0001573953321041266,0.00015742010929442607,-0.0007640277746566726,0.0002022835565944625,222.216,222.554,222.29,222.53500000000003,222.216,223.334,222.285,223.13,46.80851063829839,True
2024-10-07 19:04:00,222.427,222.497,222.426,222.446,222.453,222.533,222.453,222.494,950.0,222.47,0.04800000000000182,19,10,1,69.4285714285714,greed,222.42,222.4335,0.03691205765259701,0.00015734933800892748,-0.09523809523809523,222.435,222.42000000000002,222.405,222.37,222.335,1050.0,1220.0,1350.0,2150.0001,1890.0,6.743997841907046e-05,6.744452687668101e-05,0.0001573953321041266,0.00015742010929442607,-0.0007640277746566726,222.216,222.554,222.335,222.53500000000003,222.216,223.174,222.285,223.13,50.0,True
2024-10-07 19:05:00,222.446,222.647,222.416,222.636,222.484,222.664,222.433,222.664,1040.0,222.64999999999998,0.027999999999991587,19,10,1,69.4285714285714,greed,222.47600000000003,222.45850000000002,0.10021227469803932,0.0008090978558905615,0.09473684210526323,222.47,222.435,222.42000000000002,222.405,222.37,950.0,1050.0,1220.0,1350.0,2150.0001,0.00015734933800892748,6.743997841907046e-05,6.744452687668101e-05,0.0001573953321041266,0.00015742010929442607,222.216,222.664,222.335,222.64999999999998,222.216,223.144,222.285,222.89,65.66523605150142,False
2024-10-07 19:06:00,222.647,222.727,222.606,222.656,222.663,222.773,222.643,222.704,1160.0,222.68,0.04800000000000182,19,10,1,69.4285714285714,greed,222.531,222.473,0.12411688039974232,0.00013474062429841283,0.11538461538461542,222.64999999999998,222.47,222.435,222.42000000000002,222.405,1040.0,950.0,1050.0,1220.0,1350.0,0.0008090978558905615,0.00015734933800892748,6.743997841907046e-05,6.744452687668101e-05,0.0001573953321041266,222.216,222.773,222.335,222.68,222.216,222.904,222.285,222.71,61.35265700483131,True
2024-10-07 19:07:00,222.666,222.687,222.566,222.576,222.714,222.724,222.604,222.614,770.0,222.595,0.038000000000010914,19,10,1,69.4285714285714,greed,222.56599999999997,222.48649999999998,0.10870832534893561,-0.00038171366984018906,-0.3362068965517241,222.68,222.64999999999998,222.47,222.435,222.42000000000002,1160.0,1040.0,950.0,1050.0,1220.0,0.00013474062429841283,0.0008090978558905615,0.00015734933800892748,6.743997841907046e-05,6.744452687668101e-05,222.216,222.773,222.335,222.68,222.216,222.773,222.285,222.68,63.184079601990476,True
2024-10-07 19:08:00,222.587,222.666,222.566,222.596,222.613,222.704,222.603,222.624,960.0,222.61,0.027999999999991587,19,10,1,69.4285714285714,greed,222.60100000000003,222.497,0.08049844719107822,6.738695837738007e-05,0.24675324675324672,222.595,222.68,222.64999999999998,222.47,222.435,770.0,1160.0,1040.0,950.0,1050.0,-0.00038171366984018906,0.00013474062429841283,0.0008090978558905615,0.00015734933800892748,6.743997841907046e-05,222.216,222.773,222.335,222.68,222.216,222.773,222.285,222.68,66.32653061224522,True
2024-10-07 19:09:00,222.606,222.757,222.597,222.727,222.634,222.793,222.623,222.753,1220.0,222.74,0.025999999999982037,19,10,1,69.4285714285714,greed,222.65500000000003,222.5375,0.05809475019468199,0.0005839809532366402,0.27083333333333326,222.61,222.595,222.68,222.64999999999998,222.47,960.0,770.0,1160.0,1040.0,950.0,6.738695837738007e-05,-0.00038171366984018906,0.00013474062429841283,0.0008090978558905615,0.00015734933800892748,222.216,222.793,222.37,222.74,222.216,222.793,222.285,222.74,66.99999999999969,False
2024-10-07 19:10:00,222.736,222.756,222.567,222.567,222.774,222.804,222.603,222.603,1230.0,222.585,0.036000000000001364,19,10,1,69.4285714285714,greed,222.642,222.55900000000003,0.06620045317202106,-0.0006958786028553599,0.008196721311475308,222.74,222.61,222.595,222.68,222.64999999999998,1220.0,960.0,770.0,1160.0,1040.0,0.0005839809532366402,6.738695837738007e-05,-0.00038171366984018906,0.00013474062429841283,0.0008090978558905615,222.307,222.804,222.405,222.74,222.216,222.804,222.285,222.74,52.450980392156,False
2024-10-07 19:11:00,222.566,222.697,222.566,222.666,222.614,222.723,222.604,222.704,980.0,222.685,0.038000000000010914,19,10,1,69.4285714285714,greed,222.64299999999997,222.587,0.06695147496643278,0.00044926657232058353,-0.2032520325203252,222.585,222.74,222.61,222.595,222.68,1230.0,1220.0,960.0,770.0,1160.0,-0.0006958786028553599,0.0005839809532366402,6.738695837738007e-05,-0.00038171366984018906,0.00013474062429841283,222.346,222.804,222.42000000000002,222.74,222.216,222.804,222.29,222.74,60.76555023923431,False
2024-10-07 19:12:00,222.676,222.686,222.556,222.667,222.714,222.724,222.584,222.693,990.0,222.68,0.02600000000001046,19,10,1,69.4285714285714,greed,222.66000000000003,222.613,0.06234981956815913,-2.245324112537528e-05,0.010204081632652962,222.685,222.585,222.74,222.61,222.595,980.0,1230.0,1220.0,960.0,770.0,0.00044926657232058353,-0.0006958786028553599,0.0005839809532366402,6.738695837738007e-05,-0.00038171366984018906,222.346,222.804,222.435,222.74,222.216,222.804,222.29,222.74,58.706467661692145,False
2024-10-07 19:13:00,222.677,222.736,222.587,222.607,222.693,222.774,222.613,222.643,1100.0,222.625,0.036000000000001364,19,10,1,69.4285714285714,greed,222.663,222.63199999999998,0.05964478183531619,-0.000246991198131874,0.11111111111111116,222.68,222.685,222.585,222.74,222.61,990.0,980.0,1230.0,1220.0,960.0,-2.245324112537528e-05,0.00044926657232058353,-0.0006958786028553599,0.0005839809532366402,6.738695837738007e-05,222.416,222.804,222.47,222.74,222.216,222.804,222.29,222.74,66.29213483145996,False
2024-10-07 19:14:00,222.616,222.627,222.557,222.557,222.644,222.664,222.583,222.583,670.0,222.57,0.02600000000001046,19,10,1,69.4285714285714,greed,222.629,222.642,0.05284411036415458,-0.0002470522178551482,-0.3909090909090909,222.625,222.68,222.685,222.585,222.74,1100.0,990.0,980.0,1230.0,1220.0,-0.000246991198131874,-2.245324112537528e-05,0.00044926657232058353,-0.0006958786028553599,0.0005839809532366402,222.416,222.804,222.57,222.74,222.216,222.804,222.335,222.74,60.98901098901006,False
2024-10-07 19:15:00,222.557,222.647,222.556,222.566,222.603,222.684,222.583,222.594,960.0,222.57999999999998,0.027999999999991587,19,10,1,69.4285714285714,greed,222.628,222.635,0.05392123885983533,4.492968504288264e-05,0.4328358208955223,222.57,222.625,222.68,222.685,222.585,670.0,1100.0,990.0,980.0,1230.0,-0.0002470522178551482,-0.000246991198131874,-2.245324112537528e-05,0.00044926657232058353,-0.0006958786028553599,222.556,222.804,222.57,222.74,222.216,222.804,222.335,222.74,59.88700564971633,True
2024-10-07 19:16:00,222.576,222.576,222.486,222.556,222.614,222.614,222.523,222.584,860.0,222.57,0.027999999999991587,19,10,1,69.4285714285714,greed,222.60500000000002,222.62399999999997,0.0476969600727051,-4.492766645691759e-05,-0.10416666666666663,222.57999999999998,222.57,222.625,222.68,222.685,960.0,670.0,1100.0,990.0,980.0,4.492968504288264e-05,-0.0002470522178551482,-0.000246991198131874,-2.245324112537528e-05,0.00044926657232058353,222.486,222.804,222.57,222.74,222.216,222.804,222.335,222.74,58.52272727272602,False
2024-10-07 19:17:00,222.536,222.596,222.436,222.497,222.584,222.624,222.474,222.553,980.0,222.525,0.055999999999983174,19,10,1,69.4285714285714,greed,222.57399999999998,222.61700000000002,0.035601966240274445,-0.0002021835826930829,0.13953488372093026,222.57,222.57999999999998,222.57,222.625,222.68,860.0,960.0,670.0,1100.0,990.0,-4.492766645691759e-05,4.492968504288264e-05,-0.0002470522178551482,-0.000246991198131874,-2.245324112537528e-05,222.436,222.804,222.525,222.74,222.216,222.804,222.335,222.74,54.94505494505515,True
2024-10-07 19:18:00,222.516,222.547,222.486,222.486,222.554,222.584,222.513,222.534,940.0,222.51,0.04800000000000182,19,10,1,69.4285714285714,greed,222.551,222.60700000000003,0.03130495168773365,-6.740815638694997e-05,-0.04081632653061229,222.525,222.57,222.57999999999998,222.57,222.625,980.0,860.0,960.0,670.0,1100.0,-0.0002021835826930829,-4.492766645691759e-05,4.492968504288264e-05,-0.0002470522178551482,-0.000246991198131874,222.436,222.804,222.51,222.74,222.216,222.804,222.335,222.74,52.24719101123547,True
2024-10-07 19:19:00,222.486,222.507,222.446,222.447,222.524,222.543,222.473,222.473,510.0,222.46,0.02600000000001046,19,10,1,69.4285714285714,greed,222.529,222.579,0.04852834223594748,-0.00022470900184257125,-0.45744680851063835,222.51,222.525,222.57,222.57999999999998,222.57,940.0,980.0,860.0,960.0,670.0,-6.740815638694997e-05,-0.0002021835826930829,-4.492766645691759e-05,4.492968504288264e-05,-0.0002470522178551482,222.436,222.804,222.46,222.685,222.216,222.804,222.37,222.74,37.50000000000234,True
2024-10-07 19:20:00,222.436,222.616,222.426,222.567,222.454,222.644,222.454,222.613,970.0,222.59,0.04599999999999227,19,10,1,69.4285714285714,greed,222.531,222.5795,0.051283525621487885,0.0005843747190505955,0.9019607843137254,222.46,222.51,222.525,222.57,222.57999999999998,510.0,940.0,980.0,860.0,960.0,-0.00022470900184257125,-6.740815638694997e-05,-0.0002021835826930829,-4.492766645691759e-05,4.492968504288264e-05,222.426,222.774,222.46,222.685,222.307,222.804,222.405,222.74,44.76744186046483,True
2024-10-07 19:21:00,222.556,222.577,222.426,222.467,222.604,222.614,222.463,222.483,940.0,222.47500000000002,0.015999999999991132,19,10,1,69.4285714285714,greed,222.51200000000003,222.5585,0.0508183037907489,-0.0005166449526033956,-0.030927835051546393,222.59,222.46,222.51,222.525,222.57,970.0,510.0,940.0,980.0,860.0,0.0005843747190505955,-0.00022470900184257125,-6.740815638694997e-05,-0.0002021835826930829,-4.492766645691759e-05,222.426,222.774,222.46,222.68,222.346,222.804,222.42000000000002,222.74,43.25842696629316,True
2024-10-07 19:22:00,222.477,222.647,222.456,222.647,222.513,222.684,222.493,222.673,1300.0,222.66,0.02600000000001046,19,10,1,69.4285714285714,greed,222.539,222.5565,0.08429116205255015,0.0008315541072030364,0.38297872340425543,222.47500000000002,222.59,222.46,222.51,222.525,940.0,970.0,510.0,940.0,980.0,-0.0005166449526033956,0.0005843747190505955,-0.00022470900184257125,-6.740815638694997e-05,-0.0002021835826930829,222.426,222.774,222.46,222.66,222.346,222.804,222.435,222.74,52.35849056603711,True
2024-10-07 19:23:00,222.617,222.716,222.616,222.716,222.653,222.753,222.633,222.744,900.0,222.73000000000002,0.027999999999991587,19,10,1,69.4285714285714,greed,222.583,222.567,0.11659759860379379,0.00031438067008005,-0.3076923076923077,222.66,222.47500000000002,222.59,222.46,222.51,1300.0,940.0,970.0,510.0,940.0,0.0008315541072030364,-0.0005166449526033956,0.0005843747190505955,-0.00022470900184257125,-6.740815638694997e-05,222.426,222.753,222.46,222.73000000000002,222.416,222.804,222.46,222.74,49.50000000000043,False
2024-10-07 19:24:00,222.726,222.756,222.606,222.626,222.744,222.794,222.643,222.654,1140.0,222.64,0.027999999999991587,19,10,1,69.4285714285714,greed,222.619,222.574,0.09489467846076885,-0.0004040766847753785,0.2666666666666666,222.73000000000002,222.66,222.47500000000002,222.59,222.46,900.0,1300.0,940.0,970.0,510.0,0.00031438067008005,0.0008315541072030364,-0.0005166449526033956,0.0005843747190505955,-0.00022470900184257125,222.426,222.794,222.46,222.73000000000002,222.416,222.804,222.46,222.74,52.941176470587166,False
2024-10-07 19:25:00,222.616,222.646,222.546,222.607,222.654,222.674,222.574,222.633,920.0,222.62,0.02600000000001046,19,10,1,69.4285714285714,greed,222.625,222.57800000000003,0.09354143467027402,-8.98311174990507e-05,-0.19298245614035092,222.64,222.73000000000002,222.66,222.47500000000002,222.59,1140.0,900.0,1300.0,940.0,970.0,-0.0004040766847753785,0.00031438067008005,0.0008315541072030364,-0.0005166449526033956,0.0005843747190505955,222.426,222.794,222.46,222.73000000000002,222.426,222.804,222.46,222.74,46.19883040935669,False
2024-10-07 19:26:00,222.607,222.697,222.566,222.647,222.623,222.724,222.604,222.693,760.0,222.67000000000002,0.04600000000002069,19,10,1,69.4285714285714,greed,222.66400000000004,222.58800000000002,0.04159326868830824,0.00022459796963447687,-0.17391304347826086,222.62,222.64,222.73000000000002,222.66,222.47500000000002,920.0,1140.0,900.0,1300.0,940.0,-8.98311174990507e-05,-0.0004040766847753785,0.00031438067008005,0.0008315541072030364,-0.0005166449526033956,222.426,222.794,222.46,222.73000000000002,222.426,222.804,222.46,222.74,49.44444444444493,False
2024-10-07 19:27:00,222.636,222.667,222.566,222.666,222.674,222.704,222.593,222.694,800.0,222.68,0.027999999999991587,19,10,1,69.4285714285714,greed,222.66799999999998,222.60350000000003,0.0420713679380391,4.490950734270527e-05,0.05263157894736836,222.67000000000002,222.62,222.64,222.73000000000002,222.66,760.0,920.0,1140.0,900.0,1300.0,0.00022459796963447687,-8.98311174990507e-05,-0.0004040766847753785,0.00031438067008005,0.0008315541072030364,222.426,222.794,222.46,222.73000000000002,222.426,222.804,222.46,222.74,53.216374269006394,False
2024-10-07 19:28:00,222.667,222.726,222.586,222.586,222.703,222.764,222.623,222.624,940.0,222.60500000000002,0.03799999999998249,19,10,1,69.4285714285714,greed,222.64299999999997,222.613,0.03193743884811458,-0.0003368061792706767,0.17500000000000004,222.68,222.67000000000002,222.62,222.64,222.73000000000002,800.0,760.0,920.0,1140.0,900.0,4.490950734270527e-05,0.00022459796963447687,-8.98311174990507e-05,-0.0004040766847753785,0.00031438067008005,222.426,222.794,222.46,222.73000000000002,222.426,222.804,222.46,222.74,52.000000000001556,False
2024-10-07 19:29:00,222.596,222.597,222.536,222.557,222.624,222.624,222.553,222.573,920.0,222.565,0.016000000000019554,19,10,1,69.4285714285714,greed,222.62800000000001,222.6235,0.047513156074687014,-0.00017969048314292468,-0.021276595744680882,222.60500000000002,222.68,222.67000000000002,222.62,222.64,940.0,800.0,760.0,920.0,1140.0,-0.0003368061792706767,4.490950734270527e-05,0.00022459796963447687,-8.98311174990507e-05,-0.0004040766847753785,222.426,222.794,222.47500000000002,222.73000000000002,222.426,222.804,222.46,222.73000000000002,49.17127071823277,False
2024-10-07 19:30:00,222.567,222.617,222.376,222.406,222.603,222.644,222.403,222.454,1710.0,222.43,0.04800000000000182,19,10,1,69.4285714285714,greed,222.59,222.6075,0.10118053172512703,-0.0006065643744523896,0.8586956521739131,222.565,222.60500000000002,222.68,222.67000000000002,222.62,920.0,940.0,800.0,760.0,920.0,-0.00017969048314292468,-0.0003368061792706767,4.490950734270527e-05,0.00022459796963447687,-8.98311174990507e-05,222.376,222.794,222.43,222.73000000000002,222.376,222.794,222.43,222.73000000000002,43.203883495146115,False
2024-10-07 19:31:00,222.436,222.496,222.386,222.416,222.474,222.534,222.403,222.444,1380.0,222.43,0.027999999999991587,19,10,1,69.4285714285714,greed,222.542,222.603,0.11026105386845593,0.0,-0.19298245614035092,222.43,222.565,222.60500000000002,222.68,222.67000000000002,1710.0,920.0,940.0,800.0,760.0,-0.0006065643744523896,-0.00017969048314292468,-0.0003368061792706767,4.490950734270527e-05,0.00022459796963447687,222.376,222.794,222.43,222.73000000000002,222.376,222.794,222.43,222.73000000000002,45.177664974619276,False
2024-10-07 19:32:00,222.416,222.457,222.386,222.437,222.434,222.484,222.403,222.463,850.0,222.45,0.025999999999982037,19,10,1,69.4285714285714,greed,222.496,222.58200000000002,0.08287038071703569,8.991592860674302e-05,-0.3840579710144928,222.43,222.43,222.565,222.60500000000002,222.68,1380.0,1710.0,920.0,940.0,800.0,0.0,-0.0006065643744523896,-0.00017969048314292468,-0.0003368061792706767,4.490950734270527e-05,222.376,222.794,222.43,222.73000000000002,222.376,222.794,222.43,222.73000000000002,46.969696969696706,False
2024-10-07 19:33:00,222.457,222.457,222.266,222.357,222.493,222.493,222.304,222.383,1220.0,222.37,0.02600000000001046,19,10,1,69.4285714285714,greed,222.44899999999998,222.546,0.07144928271291522,-0.00035963137783767696,0.43529411764705883,222.45,222.43,222.43,222.565,222.60500000000002,850.0,1380.0,1710.0,920.0,940.0,8.991592860674302e-05,0.0,-0.0006065643744523896,-0.00017969048314292468,-0.0003368061792706767,222.266,222.794,222.37,222.68,222.266,222.794,222.37,222.73000000000002,45.588235294117275,False
2024-10-07 19:34:00,222.366,222.417,222.306,222.387,222.384,222.453,222.354,222.433,1380.0,222.41,0.04599999999999227,19,10,1,69.4285714285714,greed,222.41799999999998,222.523,0.03033150177939079,0.0001798803795476367,0.13114754098360648,222.37,222.45,222.43,222.43,222.565,1220.0,850.0,1380.0,1710.0,920.0,-0.00035963137783767696,8.991592860674302e-05,0.0,-0.0006065643744523896,-0.00017969048314292468,222.266,222.764,222.37,222.68,222.266,222.794,222.37,222.73000000000002,40.32258064516041,True
2024-10-07 19:35:00,222.386,222.447,222.157,222.217,222.424,222.474,222.183,222.263,1320.0001,222.24,0.04599999999999227,19,10,1,69.4285714285714,greed,222.37999999999997,222.48499999999999,0.08366600265458306,-0.0007643541207679183,-0.04347818840579709,222.41,222.37,222.45,222.43,222.43,1380.0,1220.0,850.0,1380.0,1710.0,0.0001798803795476367,-0.00035963137783767696,8.991592860674302e-05,0.0,-0.0006065643744523896,222.157,222.764,222.24,222.68,222.157,222.794,222.24,222.73000000000002,38.0710659898465,True
2024-10-07 19:36:00,222.216,222.407,222.216,222.387,222.254,222.434,222.254,222.413,980.0,222.4,0.02600000000001046,19,10,1,69.4285714285714,greed,222.37399999999997,222.458,0.08018728078814848,0.0007199424046075986,-0.25757581382001404,222.24,222.41,222.37,222.45,222.43,1320.0001,1380.0,1220.0,850.0,1380.0,-0.0007643541207679183,0.0001798803795476367,-0.00035963137783767696,8.991592860674302e-05,0.0,222.157,222.764,222.24,222.68,222.157,222.794,222.24,222.73000000000002,36.45833333333351,False
2024-10-07 19:37:00,222.387,222.456,222.316,222.427,222.403,222.494,222.353,222.453,1179.9999,222.44,0.02600000000001046,19,10,1,69.4285714285714,greed,222.37199999999999,222.43400000000003,0.07791020472439823,0.00017985611510784594,0.204081530612245,222.4,222.24,222.41,222.37,222.45,980.0,1320.0001,1380.0,1220.0,850.0,0.0007199424046075986,-0.0007643541207679183,0.0001798803795476367,-0.00035963137783767696,8.991592860674302e-05,222.157,222.764,222.24,222.60500000000002,222.157,222.794,222.24,222.73000000000002,34.408602150535685,False
2024-10-07 19:38:00,222.417,222.417,222.296,222.336,222.443,222.453,222.324,222.364,590.0,222.35000000000002,0.027999999999991587,19,10,1,69.4285714285714,greed,222.36800000000002,222.4085,0.07854934754788341,-0.00040460348858106787,-0.499999957627115,222.44,222.4,222.24,222.41,222.37,1179.9999,980.0,1320.0001,1380.0,1220.0,0.00017985611510784594,0.0007199424046075986,-0.0007643541207679183,0.0001798803795476367,-0.00035963137783767696,222.157,222.644,222.24,222.565,222.157,222.794,222.24,222.73000000000002,34.40860215053779,False
2024-10-07 19:39:00,222.337,222.477,222.337,222.447,222.373,222.503,222.373,222.473,630.0,222.46,0.02600000000001046,19,10,1,69.4285714285714,greed,222.37800000000001,222.398,0.08786353054707535,0.0004947155385652824,0.06779661016949157,222.35000000000002,222.44,222.4,222.24,222.41,590.0,1179.9999,980.0,1320.0001,1380.0,-0.00040460348858106787,0.00017985611510784594,0.0007199424046075986,-0.0007643541207679183,0.0001798803795476367,222.157,222.644,222.24,222.46,222.157,222.794,222.24,222.73000000000002,42.156862745097406,False
2024-10-07 19:40:00,222.457,222.457,222.366,222.387,222.473,222.484,222.383,222.413,840.0,222.4,0.02600000000001046,19,10,1,69.4285714285714,greed,222.41,222.39499999999998,0.042426406873456404,-0.0002697114087926167,0.33333333333333326,222.46,222.35000000000002,222.44,222.4,222.24,630.0,590.0,1179.9999,980.0,1320.0001,0.0004947155385652824,-0.00040460348858106787,0.00017985611510784594,0.0007199424046075986,-0.0007643541207679183,222.157,222.534,222.24,222.46,222.157,222.794,222.24,222.73000000000002,36.893203883493214,False
2024-10-07 19:41:00,222.387,222.387,222.246,222.257,222.403,222.403,222.273,222.283,1130.0,222.26999999999998,0.025999999999982037,19,10,1,69.4285714285714,greed,222.38400000000001,222.379,0.076354436676579,-0.0005845323741008324,0.34523809523809534,222.4,222.46,222.35000000000002,222.44,222.4,840.0,630.0,590.0,1179.9999,980.0,-0.0002697114087926167,0.0004947155385652824,-0.00040460348858106787,0.00017985611510784594,0.0007199424046075986,222.157,222.503,222.24,222.46,222.157,222.794,222.24,222.73000000000002,32.173913043475935,False
2024-10-07 19:42:00,222.246,222.277,222.196,222.266,222.284,222.304,222.213,222.284,1380.0,222.27499999999998,0.018000000000000682,19,10,1,69.4285714285714,greed,222.35099999999997,222.36150000000004,0.08157818335930445,2.2495163539915097e-05,0.22123893805309724,222.26999999999998,222.4,222.46,222.35000000000002,222.44,1130.0,840.0,630.0,590.0,1179.9999,-0.0005845323741008324,-0.0002697114087926167,0.0004947155385652824,-0.00040460348858106787,0.00017985611510784594,222.157,222.503,222.24,222.46,222.157,222.794,222.24,222.73000000000002,34.7222222222193,False
2024-10-07 19:43:00,222.246,222.327,222.216,222.317,222.274,222.344,222.254,222.333,1170.0,222.325,0.015999999999991132,19,10,1,69.4285714285714,greed,222.346,222.35699999999997,0.08241662453780116,0.00022494657518845607,-0.15217391304347827,222.27499999999998,222.26999999999998,222.4,222.46,222.35000000000002,1380.0,1130.0,840.0,630.0,590.0,2.2495163539915097e-05,-0.0005845323741008324,-0.0002697114087926167,0.0004947155385652824,-0.00040460348858106787,222.157,222.503,222.24,222.46,222.157,222.794,222.24,222.68,38.99082568807216,False
2024-10-07 19:44:00,222.307,222.307,222.176,222.217,222.323,222.333,222.203,222.243,760.0,222.23000000000002,0.025999999999982037,19,10,1,69.4285714285714,greed,222.3,222.33900000000003,0.06528782428759654,-0.00042730237265253823,-0.3504273504273504,222.325,222.27499999999998,222.26999999999998,222.4,222.46,1170.0,1380.0,1130.0,840.0,630.0,0.00022494657518845607,2.2495163539915097e-05,-0.0005845323741008324,-0.0002697114087926167,0.0004947155385652824,222.157,222.503,222.23000000000002,222.46,222.157,222.764,222.23000000000002,222.68,40.47619047619009,False
2024-10-07 19:45:00,222.217,222.266,222.136,222.197,222.233,222.284,222.163,222.223,1559.9999,222.21,0.02600000000001046,19,10,1,69.4285714285714,greed,222.262,222.336,0.0445252737241506,-8.999685011024106e-05,1.0526314473684213,222.23000000000002,222.325,222.27499999999998,222.26999999999998,222.4,760.0,1170.0,1380.0,1130.0,840.0,-0.00042730237265253823,0.00022494657518845607,2.2495163539915097e-05,-0.0005845323741008324,-0.0002697114087926167,222.136,222.503,222.21,222.46,222.136,222.764,222.21,222.68,39.71962616822347,True
2024-10-07 19:46:00,222.206,222.216,222.097,222.126,222.224,222.244,222.133,222.154,910.0,222.14,0.027999999999991587,19,10,1,69.4285714285714,greed,222.23599999999996,222.31,0.06958807369236537,-0.00031501732595307086,-0.41666662927350184,222.21,222.23000000000002,222.325,222.27499999999998,222.26999999999998,1559.9999,760.0,1170.0,1380.0,1130.0,-8.999685011024106e-05,-0.00042730237265253823,0.00022494657518845607,2.2495163539915097e-05,-0.0005845323741008324,222.097,222.503,222.14,222.46,222.097,222.764,222.14,222.68,36.16071428571354,True
2024-10-07 19:47:00,222.127,222.157,222.066,222.077,222.143,222.184,222.093,222.103,1000.0,222.09,0.02600000000001046,19,10,1,69.4285714285714,greed,222.199,222.275,0.08988882021819049,-0.00022508328081383144,0.098901098901099,222.14,222.21,222.23000000000002,222.325,222.27499999999998,910.0,1559.9999,760.0,1170.0,1380.0,-0.00031501732595307086,-8.999685011024106e-05,-0.00042730237265253823,0.00022494657518845607,2.2495163539915097e-05,222.066,222.503,222.09,222.46,222.066,222.764,222.09,222.60500000000002,37.15596330275161,True
2024-10-07 19:48:00,222.067,222.087,222.007,222.076,222.093,222.114,222.033,222.094,880.0,222.08499999999998,0.018000000000000682,19,10,1,69.4285714285714,greed,222.151,222.2485,0.0669328021244022,-2.251339547043596e-05,-0.12,222.09,222.14,222.21,222.23000000000002,222.325,1000.0,910.0,1559.9999,760.0,1170.0,-0.00022508328081383144,-0.00031501732595307086,-8.999685011024106e-05,-0.00042730237265253823,0.00022494657518845607,222.007,222.503,222.08499999999998,222.46,222.007,222.644,222.08499999999998,222.565,34.59715639810315,True
2024-10-07 19:49:00,222.086,222.116,222.036,222.066,222.104,222.134,222.073,222.094,1160.0,222.07999999999998,0.027999999999991587,19,10,1,69.4285714285714,greed,222.121,222.2105,0.05527205442379463,-2.2513902334653224e-05,0.3181818181818181,222.08499999999998,222.09,222.14,222.21,222.23000000000002,880.0,1000.0,910.0,1559.9999,760.0,-2.251339547043596e-05,-0.00022508328081383144,-0.00031501732595307086,-8.999685011024106e-05,-0.00042730237265253823,222.007,222.484,222.07999999999998,222.4,222.007,222.644,222.07999999999998,222.46,41.011235955054644,True
2024-10-07 19:50:00,222.056,222.507,222.056,222.407,222.094,222.543,222.093,222.443,2670.0001,222.425,0.036000000000001364,19,10,1,69.4285714285714,greed,222.164,222.21300000000002,0.14787663777697743,0.001553494236311348,1.3017242241379314,222.07999999999998,222.08499999999998,222.09,222.14,222.21,1160.0,880.0,1000.0,910.0,1559.9999,-2.2513902334653224e-05,-2.251339547043596e-05,-0.00022508328081383144,-0.00031501732595307086,-8.999685011024106e-05,222.007,222.543,222.07999999999998,222.425,222.007,222.543,222.07999999999998,222.46,51.162790697674666,False
2024-10-07 19:51:00,222.397,222.517,222.366,222.487,222.443,222.554,222.393,222.553,1309.9999,222.51999999999998,0.0660000000000025,19,10,1,69.4285714285714,greed,222.23999999999995,222.238,0.21491277300386014,0.00042711026188579915,-0.5093633517092377,222.425,222.07999999999998,222.08499999999998,222.09,222.14,2670.0001,1160.0,880.0,1000.0,910.0,0.001553494236311348,-2.2513902334653224e-05,-2.251339547043596e-05,-0.00022508328081383144,-0.00031501732595307086,222.007,222.554,222.07999999999998,222.51999999999998,222.007,222.554,222.07999999999998,222.51999999999998,53.53982300884886,False
2024-10-07 19:52:00,222.487,222.547,222.326,222.437,222.533,222.584,222.354,222.483,1429.9999,222.46,0.04599999999999227,19,10,1,69.4285714285714,greed,222.314,222.25650000000002,0.21405022775086324,-0.000269638684163076,0.09160306042771449,222.51999999999998,222.425,222.07999999999998,222.08499999999998,222.09,1309.9999,2670.0001,1160.0,880.0,1000.0,0.00042711026188579915,0.001553494236311348,-2.2513902334653224e-05,-2.251339547043596e-05,-0.00022508328081383144,222.007,222.584,222.07999999999998,222.51999999999998,222.007,222.584,222.07999999999998,222.51999999999998,54.99999999999935,False
2024-10-07 19:53:00,222.446,222.477,222.366,222.386,222.504,222.523,222.384,222.414,1370.0,222.39999999999998,0.027999999999991587,19,10,1,69.4285714285714,greed,222.377,222.26399999999998,0.17203197377284793,-0.0002697114087927277,-0.04195797496209619,222.46,222.51999999999998,222.425,222.07999999999998,222.08499999999998,1429.9999,1309.9999,2670.0001,1160.0,880.0,-0.000269638684163076,0.00042711026188579915,0.001553494236311348,-2.2513902334653224e-05,-2.251339547043596e-05,222.007,222.584,222.07999999999998,222.51999999999998,222.007,222.584,222.07999999999998,222.51999999999998,47.142857142855796,False
2024-10-07 19:54:00,222.347,222.526,221.996,222.066,222.373,222.564,222.033,222.114,1920.0,222.09,0.04800000000000182,19,10,1,69.4285714285714,greed,222.379,222.25,0.16772000477038096,-0.00139388489208625,0.4014598540145986,222.39999999999998,222.46,222.51999999999998,222.425,222.07999999999998,1370.0,1429.9999,1309.9999,2670.0001,1160.0,-0.0002697114087927277,-0.000269638684163076,0.00042711026188579915,0.001553494236311348,-2.2513902334653224e-05,221.996,222.584,222.07999999999998,222.51999999999998,221.996,222.584,222.07999999999998,222.51999999999998,38.076923076923094,False
