Datetime,Open,High,Low,Close,Volume
2024-10-07 13:30:00,224.594,224.674,224.484,224.484,80.0
2024-10-07 13:30:01,224.473,224.554,224.374,224.374,120.0
2024-10-07 13:30:02,224.373,224.583,224.373,224.483,100.0
2024-10-07 13:30:03,224.534,224.594,224.533,224.574,110.0
2024-10-07 13:30:04,224.623,224.794,224.623,224.794,40.0
2024-10-07 13:30:05,224.793,224.794,224.584,224.634,50.0
2024-10-07 13:30:06,224.633,224.634,224.633,224.633,30.000000000000004
2024-10-07 13:30:07,224.704,224.804,224.704,224.753,70.00000000000001
2024-10-07 13:30:08,224.734,224.734,224.694,224.734,70.00000000000001
2024-10-07 13:30:09,224.703,224.783,224.703,224.773,70.00000000000001
2024-10-07 13:30:10,224.784,224.803,224.693,224.693,80.0
2024-10-07 13:30:11,224.723,224.723,224.654,224.693,70.00000000000001
2024-10-07 13:30:12,224.723,224.734,224.713,224.713,30.000000000000004
2024-10-07 13:30:13,224.774,224.834,224.773,224.773,40.0
2024-10-07 13:30:14,224.783,224.853,224.783,224.853,30.000000000000004
2024-10-07 13:30:15,224.874,224.954,224.874,224.954,30.000000000000004
2024-10-07 13:30:16,224.934,224.993,224.913,224.913,70.00000000000001
2024-10-07 13:30:17,224.913,224.913,224.894,224.904,70.00000000000001
2024-10-07 13:30:18,224.913,224.964,224.913,224.964,70.00000000000001
2024-10-07 13:30:19,224.963,225.093,224.963,225.093,50.0
2024-10-07 13:30:20,225.123,225.123,225.084,225.084,60.0
2024-10-07 13:30:21,225.023,225.024,224.993,224.993,40.0
2024-10-07 13:30:22,225.033,225.064,225.033,225.064,30.000000000000004
2024-10-07 13:30:23,225.063,225.114,225.063,225.103,50.0
2024-10-07 13:30:24,225.104,225.104,224.974,224.974,50.0
2024-10-07 13:30:25,224.943,224.944,224.943,224.943,30.000000000000004
2024-10-07 13:30:26,225.004,225.084,225.004,225.084,30.000000000000004
2024-10-07 13:30:27,225.033,225.033,225.033,225.033,10.0
2024-10-07 13:30:28,225.023,225.063,225.023,225.063,20.0
2024-10-07 13:30:29,225.063,225.064,225.063,225.064,60.0
2024-10-07 13:30:30,225.024,225.024,224.943,224.944,60.0
2024-10-07 13:30:31,224.983,224.994,224.954,224.993,70.00000000000001
2024-10-07 13:30:32,224.963,224.993,224.953,224.993,60.0
2024-10-07 13:30:34,225.053,225.093,225.044,225.044,40.0
2024-10-07 13:30:35,225.043,225.043,224.983,224.983,50.0
2024-10-07 13:30:36,225.014,225.023,225.014,225.023,30.000000000000004
2024-10-07 13:30:37,225.024,225.024,225.024,225.024,10.0
2024-10-07 13:30:38,225.003,225.003,224.864,224.894,30.000000000000004
2024-10-07 13:30:39,224.893,224.944,224.893,224.944,50.0
2024-10-07 13:30:40,224.973,225.063,224.973,225.063,70.00000000000001
2024-10-07 13:30:41,225.094,225.094,225.083,225.084,60.0
2024-10-07 13:30:42,225.084,225.084,225.063,225.063,70.00000000000001
2024-10-07 13:30:43,225.063,225.063,225.013,225.013,30.000000000000004
2024-10-07 13:30:44,225.003,225.053,225.003,225.053,40.0
2024-10-07 13:30:45,225.053,225.053,225.053,225.053,20.0
2024-10-07 13:30:46,225.054,225.054,225.034,225.034,30.000000000000004
2024-10-07 13:30:47,225.013,225.013,224.884,224.924,60.0
2024-10-07 13:30:48,224.923,224.923,224.923,224.923,10.0
2024-10-07 13:30:49,224.883,224.883,224.784,224.793,40.0
2024-10-07 13:30:50,224.794,224.794,224.793,224.793,20.0
2024-10-07 13:30:51,224.844,224.863,224.843,224.843,40.0
2024-10-07 13:30:52,224.854,224.854,224.843,224.853,30.000000000000004
2024-10-07 13:30:53,224.854,224.873,224.854,224.864,30.000000000000004
2024-10-07 13:30:54,224.834,224.834,224.713,224.713,50.0
2024-10-07 13:30:55,224.714,224.744,224.714,224.743,30.000000000000004
2024-10-07 13:30:56,224.744,224.744,224.704,224.704,20.0
2024-10-07 13:30:57,224.744,224.744,224.623,224.623,40.0
2024-10-07 13:30:58,224.584,224.584,224.544,224.544,80.0
2024-10-07 13:30:59,224.534,224.554,224.483,224.534,60.0
2024-10-07 13:31:00,224.564,224.673,224.564,224.673,90.0
2024-10-07 13:31:01,224.613,224.664,224.613,224.663,80.0
2024-10-07 13:31:02,224.613,224.613,224.574,224.574,60.0
2024-10-07 13:31:03,224.563,224.653,224.563,224.653,50.0
2024-10-07 13:31:04,224.624,224.684,224.624,224.684,60.0
2024-10-07 13:31:05,224.704,224.704,224.704,224.704,10.0
2024-10-07 13:31:06,224.673,224.744,224.673,224.743,50.0
2024-10-07 13:31:07,224.744,224.744,224.723,224.723,20.0
2024-10-07 13:31:08,224.804,224.804,224.804,224.804,10.0
2024-10-07 13:31:09,224.803,224.864,224.803,224.834,30.000000000000004
2024-10-07 13:31:11,224.863,224.874,224.824,224.824,40.0
2024-10-07 13:31:12,224.833,224.864,224.833,224.864,30.000000000000004
2024-10-07 13:31:13,224.893,224.893,224.853,224.883,30.000000000000004
2024-10-07 13:31:14,224.844,224.844,224.843,224.843,20.0
2024-10-07 13:31:15,224.854,224.934,224.854,224.934,40.0
2024-10-07 13:31:16,225.003,225.003,224.963,224.963,50.0
2024-10-07 13:31:17,224.934,224.934,224.913,224.913,20.0
2024-10-07 13:31:19,224.904,224.904,224.874,224.874,20.0
2024-10-07 13:31:20,224.853,224.853,224.853,224.853,10.0
2024-10-07 13:31:21,224.853,224.853,224.853,224.853,10.0
2024-10-07 13:31:22,224.893,224.893,224.893,224.893,10.0
2024-10-07 13:31:24,224.933,224.934,224.913,224.913,30.000000000000004
2024-10-07 13:31:25,224.943,224.944,224.943,224.944,20.0
2024-10-07 13:31:26,224.914,224.914,224.863,224.863,30.000000000000004
2024-10-07 13:31:27,224.864,224.864,224.864,224.864,10.0
2024-10-07 13:31:28,224.843,224.904,224.843,224.904,30.000000000000004
2024-10-07 13:31:29,224.863,224.863,224.863,224.863,10.0
2024-10-07 13:31:30,224.863,224.863,224.863,224.863,10.0
2024-10-07 13:31:31,224.863,224.863,224.863,224.863,10.0
2024-10-07 13:31:32,224.783,224.814,224.783,224.783,30.000000000000004
2024-10-07 13:31:34,224.794,224.844,224.794,224.844,30.000000000000004
2024-10-07 13:31:35,224.843,224.863,224.843,224.863,30.000000000000004
2024-10-07 13:31:36,224.844,224.853,224.844,224.853,30.000000000000004
2024-10-07 13:31:37,224.853,224.953,224.853,224.924,70.00000000000001
2024-10-07 13:31:38,224.953,224.953,224.913,224.913,20.0
2024-10-07 13:31:39,224.913,224.913,224.874,224.913,40.0
2024-10-07 13:31:40,224.924,224.924,224.924,224.924,20.0
2024-10-07 13:31:42,224.923,224.923,224.923,224.923,10.0
2024-10-07 13:31:43,224.893,224.924,224.893,224.924,20.0
2024-10-07 13:31:44,224.923,224.923,224.923,224.923,20.0
2024-10-07 13:31:45,224.853,224.853,224.833,224.833,20.0
2024-10-07 13:31:46,224.843,224.853,224.823,224.823,30.000000000000004
2024-10-07 13:31:47,224.784,224.833,224.763,224.833,50.0
2024-10-07 13:31:48,224.834,224.914,224.834,224.914,30.000000000000004
2024-10-07 13:31:49,224.913,224.964,224.913,224.953,50.0
2024-10-07 13:31:50,225.004,225.004,224.983,224.983,30.000000000000004
2024-10-07 13:31:51,224.984,224.994,224.984,224.994,30.000000000000004
2024-10-07 13:31:52,224.994,225.003,224.983,224.983,30.000000000000004
2024-10-07 13:31:53,225.004,225.004,225.004,225.004,20.0
2024-10-07 13:31:54,225.004,225.004,225.004,225.004,10.0
2024-10-07 13:31:55,225.003,225.004,225.003,225.004,20.0
2024-10-07 13:31:56,224.984,224.984,224.924,224.924,30.000000000000004
2024-10-07 13:31:59,224.933,224.933,224.933,224.933,10.0
2024-10-07 13:32:00,224.933,224.933,224.933,224.933,10.0
2024-10-07 13:32:01,224.944,224.944,224.924,224.924,20.0
2024-10-07 13:32:02,224.943,224.943,224.893,224.914,30.000000000000004
2024-10-07 13:32:03,224.914,224.914,224.913,224.913,20.0
2024-10-07 13:32:04,224.843,224.843,224.843,224.843,10.0
2024-10-07 13:32:05,224.873,224.934,224.873,224.924,50.0
2024-10-07 13:32:06,224.933,224.944,224.933,224.944,30.000000000000004
2024-10-07 13:32:08,224.894,224.913,224.894,224.913,20.0
2024-10-07 13:32:09,224.873,224.873,224.853,224.853,30.000000000000004
2024-10-07 13:32:10,224.843,224.854,224.793,224.794,80.0
2024-10-07 13:32:11,224.813,224.813,224.803,224.803,20.0
2024-10-07 13:32:13,224.803,224.824,224.803,224.824,20.0
2024-10-07 13:32:14,224.813,224.813,224.774,224.784,40.0
2024-10-07 13:32:15,224.744,224.803,224.744,224.803,40.0
2024-10-07 13:32:16,224.773,224.773,224.773,224.773,10.0
2024-10-07 13:32:17,224.794,224.794,224.763,224.764,30.000000000000004
2024-10-07 13:32:18,224.753,224.754,224.723,224.723,30.000000000000004
2024-10-07 13:32:19,224.734,224.734,224.694,224.694,20.0
2024-10-07 13:32:20,224.693,224.693,224.673,224.684,30.000000000000004
2024-10-07 13:32:22,224.653,224.653,224.653,224.653,10.0
2024-10-07 13:32:23,224.653,224.673,224.613,224.673,30.000000000000004
2024-10-07 13:32:24,224.673,224.673,224.633,224.634,40.0
2024-10-07 13:32:25,224.673,224.673,224.643,224.673,30.000000000000004
2024-10-07 13:32:26,224.674,224.753,224.674,224.753,40.0
2024-10-07 13:32:27,224.773,224.784,224.773,224.784,20.0
2024-10-07 13:32:28,224.854,224.854,224.853,224.853,20.0
2024-10-07 13:32:29,224.874,224.874,224.814,224.814,30.000000000000004
2024-10-07 13:32:30,224.804,224.804,224.793,224.803,30.000000000000004
2024-10-07 13:32:31,224.813,224.824,224.813,224.824,20.0
2024-10-07 13:32:32,224.883,224.883,224.883,224.883,10.0
2024-10-07 13:32:33,224.893,224.903,224.893,224.903,20.0
2024-10-07 13:32:34,224.863,224.864,224.824,224.824,30.000000000000004
2024-10-07 13:32:35,224.844,224.844,224.813,224.813,20.0
2024-10-07 13:32:36,224.813,224.813,224.813,224.813,20.0
2024-10-07 13:32:38,224.814,224.814,224.813,224.813,20.0
2024-10-07 13:32:39,224.804,224.804,224.803,224.803,20.0
2024-10-07 13:32:41,224.764,224.793,224.763,224.793,40.0
2024-10-07 13:32:42,224.814,224.844,224.814,224.844,20.0
2024-10-07 13:32:43,224.853,224.853,224.853,224.853,10.0
2024-10-07 13:32:44,224.903,224.903,224.903,224.903,20.0
2024-10-07 13:32:45,224.854,224.863,224.804,224.824,50.0
2024-10-07 13:32:46,224.833,224.833,224.833,224.833,10.0
2024-10-07 13:32:48,224.824,224.854,224.824,224.854,20.0
2024-10-07 13:32:49,224.894,224.894,224.893,224.893,20.0
2024-10-07 13:32:50,224.894,224.894,224.894,224.894,20.0
2024-10-07 13:32:51,224.883,224.954,224.883,224.954,40.0
2024-10-07 13:32:52,224.984,224.984,224.983,224.983,20.0
2024-10-07 13:32:53,224.963,224.963,224.963,224.963,10.0
2024-10-07 13:32:54,224.913,224.913,224.913,224.913,20.0
2024-10-07 13:32:55,224.884,224.884,224.854,224.864,30.000000000000004
2024-10-07 13:32:56,224.854,224.854,224.854,224.854,10.0
2024-10-07 13:32:57,224.864,224.864,224.864,224.864,10.0
2024-10-07 13:32:59,224.934,224.934,224.894,224.894,20.0
2024-10-07 13:33:00,224.853,224.853,224.853,224.853,10.0
2024-10-07 13:33:01,224.873,224.873,224.873,224.873,10.0
2024-10-07 13:33:02,224.814,224.814,224.814,224.814,10.0
2024-10-07 13:33:03,224.853,224.893,224.853,224.864,30.000000000000004
2024-10-07 13:33:04,224.863,224.863,224.853,224.853,20.0
2024-10-07 13:33:05,224.863,224.863,224.853,224.853,30.000000000000004
2024-10-07 13:33:06,224.863,224.863,224.794,224.833,50.0
2024-10-07 13:33:07,224.823,224.823,224.814,224.814,20.0
2024-10-07 13:33:08,224.803,224.803,224.723,224.724,50.0
2024-10-07 13:33:09,224.694,224.694,224.694,224.694,10.0
2024-10-07 13:33:10,224.634,224.634,224.604,224.604,40.0
2024-10-07 13:33:11,224.584,224.594,224.574,224.574,60.0
2024-10-07 13:33:13,224.544,224.584,224.544,224.574,50.0
2024-10-07 13:33:14,224.563,224.564,224.503,224.524,80.0
2024-10-07 13:33:16,224.553,224.553,224.553,224.553,20.0
2024-10-07 13:33:17,224.514,224.543,224.513,224.543,60.0
2024-10-07 13:33:19,224.493,224.493,224.493,224.493,10.0
2024-10-07 13:33:20,224.574,224.623,224.574,224.623,30.000000000000004
2024-10-07 13:33:21,224.634,224.634,224.603,224.624,40.0
2024-10-07 13:33:22,224.573,224.573,224.573,224.573,10.0
2024-10-07 13:33:23,224.593,224.593,224.593,224.593,10.0
2024-10-07 13:33:24,224.593,224.624,224.593,224.623,50.0
2024-10-07 13:33:25,224.583,224.613,224.583,224.613,50.0
2024-10-07 13:33:26,224.574,224.574,224.574,224.574,10.0
2024-10-07 13:33:27,224.533,224.533,224.473,224.474,50.0
2024-10-07 13:33:28,224.463,224.514,224.463,224.514,20.0
2024-10-07 13:33:29,224.514,224.514,224.503,224.514,50.0
2024-10-07 13:33:30,224.513,224.513,224.513,224.513,10.0
2024-10-07 13:33:31,224.474,224.494,224.474,224.494,30.000000000000004
2024-10-07 13:33:32,224.484,224.484,224.484,224.484,10.0
2024-10-07 13:33:34,224.434,224.483,224.434,224.483,20.0
2024-10-07 13:33:36,224.493,224.493,224.404,224.404,40.0
2024-10-07 13:33:37,224.394,224.394,224.333,224.333,40.0
2024-10-07 13:33:38,224.333,224.333,224.314,224.314,50.0
2024-10-07 13:33:39,224.354,224.354,224.353,224.353,20.0
2024-10-07 13:33:41,224.373,224.384,224.353,224.384,30.000000000000004
2024-10-07 13:33:42,224.393,224.474,224.393,224.474,40.0
2024-10-07 13:33:43,224.434,224.464,224.434,224.464,20.0
2024-10-07 13:33:44,224.473,224.504,224.473,224.503,50.0
2024-10-07 13:33:45,224.503,224.524,224.473,224.524,30.000000000000004
2024-10-07 13:33:46,224.524,224.524,224.524,224.524,20.0
2024-10-07 13:33:47,224.504,224.593,224.504,224.574,40.0
2024-10-07 13:33:48,224.563,224.584,224.554,224.554,30.000000000000004
2024-10-07 13:33:49,224.584,224.584,224.584,224.584,10.0
2024-10-07 13:33:50,224.554,224.584,224.554,224.584,20.0
2024-10-07 13:33:51,224.584,224.584,224.584,224.584,10.0
2024-10-07 13:33:53,224.583,224.583,224.574,224.574,30.000000000000004
2024-10-07 13:33:54,224.534,224.583,224.503,224.583,60.0
2024-10-07 13:33:55,224.593,224.624,224.593,224.624,20.0
2024-10-07 13:33:56,224.653,224.684,224.653,224.684,20.0
2024-10-07 13:33:57,224.683,224.723,224.683,224.723,40.0
2024-10-07 13:33:58,224.693,224.693,224.693,224.693,20.0
2024-10-07 13:33:59,224.713,224.713,224.674,224.694,40.0
2024-10-07 13:34:00,224.684,224.684,224.674,224.674,20.0
2024-10-07 13:34:02,224.724,224.724,224.724,224.724,10.0
2024-10-07 13:34:04,224.734,224.734,224.684,224.684,30.000000000000004
2024-10-07 13:34:05,224.623,224.623,224.623,224.623,10.0
2024-10-07 13:34:08,224.684,224.684,224.613,224.613,40.0
2024-10-07 13:34:09,224.593,224.614,224.533,224.533,70.00000000000001
2024-10-07 13:34:10,224.554,224.563,224.554,224.563,20.0
2024-10-07 13:34:11,224.583,224.583,224.583,224.583,10.0
2024-10-07 13:34:12,224.613,224.623,224.613,224.623,20.0
2024-10-07 13:34:13,224.623,224.624,224.623,224.624,30.000000000000004
2024-10-07 13:34:14,224.603,224.603,224.593,224.593,30.000000000000004
2024-10-07 13:34:15,224.594,224.594,224.594,224.594,10.0
2024-10-07 13:34:16,224.593,224.593,224.593,224.593,30.000000000000004
2024-10-07 13:34:17,224.583,224.583,224.583,224.583,20.0
2024-10-07 13:34:18,224.584,224.654,224.584,224.654,40.0
2024-10-07 13:34:19,224.673,224.693,224.673,224.693,30.000000000000004
2024-10-07 13:34:20,224.714,224.733,224.714,224.723,50.0
2024-10-07 13:34:21,224.734,224.734,224.654,224.664,50.0
2024-10-07 13:34:22,224.654,224.693,224.654,224.693,20.0
2024-10-07 13:34:23,224.633,224.684,224.594,224.603,70.00000000000001
2024-10-07 13:34:24,224.593,224.603,224.593,224.603,20.0
2024-10-07 13:34:25,224.584,224.584,224.584,224.584,10.0
2024-10-07 13:34:26,224.603,224.603,224.593,224.593,20.0
2024-10-07 13:34:27,224.574,224.594,224.574,224.594,40.0
2024-10-07 13:34:28,224.593,224.593,224.593,224.593,10.0
2024-10-07 13:34:29,224.584,224.584,224.483,224.483,40.0
2024-10-07 13:34:30,224.483,224.543,224.483,224.543,40.0
2024-10-07 13:34:31,224.554,224.554,224.554,224.554,10.0
2024-10-07 13:34:32,224.573,224.604,224.573,224.603,40.0
2024-10-07 13:34:33,224.604,224.604,224.563,224.564,70.00000000000001
2024-10-07 13:34:34,224.554,224.554,224.553,224.553,20.0
2024-10-07 13:34:35,224.533,224.533,224.533,224.533,20.0
2024-10-07 13:34:36,224.553,224.593,224.553,224.593,80.0
2024-10-07 13:34:37,224.554,224.594,224.513,224.523,60.0
2024-10-07 13:34:38,224.534,224.534,224.493,224.514,30.000000000000004
2024-10-07 13:34:39,224.483,224.483,224.474,224.483,30.000000000000004
2024-10-07 13:34:40,224.464,224.464,224.443,224.463,30.000000000000004
2024-10-07 13:34:41,224.463,224.493,224.454,224.454,30.000000000000004
2024-10-07 13:34:42,224.453,224.494,224.443,224.493,80.0
2024-10-07 13:34:43,224.493,224.503,224.493,224.503,40.0
2024-10-07 13:34:44,224.484,224.484,224.484,224.484,10.0
2024-10-07 13:34:45,224.524,224.524,224.504,224.504,20.0
2024-10-07 13:34:46,224.523,224.543,224.523,224.534,40.0
2024-10-07 13:34:47,224.524,224.524,224.483,224.494,30.000000000000004
2024-10-07 13:34:48,224.513,224.513,224.483,224.483,30.000000000000004
2024-10-07 13:34:49,224.484,224.513,224.484,224.513,20.0
2024-10-07 13:34:50,224.483,224.514,224.483,224.514,20.0
2024-10-07 13:34:51,224.513,224.514,224.484,224.484,40.0
2024-10-07 13:34:52,224.483,224.513,224.473,224.474,50.0
2024-10-07 13:34:53,224.473,224.473,224.403,224.453,70.00000000000001
2024-10-07 13:34:54,224.423,224.434,224.423,224.434,30.000000000000004
2024-10-07 13:34:55,224.443,224.443,224.393,224.393,50.0
2024-10-07 13:34:56,224.374,224.444,224.374,224.444,50.0
2024-10-07 13:34:57,224.453,224.464,224.453,224.464,40.0
2024-10-07 13:34:58,224.463,224.473,224.463,224.473,30.000000000000004
2024-10-07 13:34:59,224.473,224.473,224.473,224.473,10.0
2024-10-07 13:35:00,224.434,224.453,224.364,224.364,80.0
2024-10-07 13:35:01,224.354,224.354,224.333,224.333,30.000000000000004
2024-10-07 13:35:02,224.313,224.344,224.313,224.344,30.000000000000004
2024-10-07 13:35:03,224.383,224.384,224.374,224.383,60.0
2024-10-07 13:35:04,224.404,224.404,224.384,224.384,20.0
2024-10-07 13:35:05,224.374,224.384,224.374,224.384,20.0
2024-10-07 13:35:06,224.353,224.353,224.353,224.353,10.0
2024-10-07 13:35:08,224.344,224.443,224.344,224.443,40.0
2024-10-07 13:35:09,224.424,224.474,224.424,224.454,30.000000000000004
2024-10-07 13:35:10,224.443,224.444,224.403,224.444,50.0
2024-10-07 13:35:11,224.473,224.504,224.473,224.504,40.0
2024-10-07 13:35:12,224.503,224.504,224.493,224.503,80.0
2024-10-07 13:35:13,224.503,224.503,224.473,224.493,30.000000000000004
2024-10-07 13:35:14,224.493,224.493,224.493,224.493,10.0
2024-10-07 13:35:15,224.523,224.563,224.523,224.523,50.0
2024-10-07 13:35:16,224.524,224.524,224.523,224.523,20.0
2024-10-07 13:35:17,224.493,224.493,224.493,224.493,20.0
2024-10-07 13:35:18,224.493,224.534,224.493,224.534,40.0
2024-10-07 13:35:19,224.554,224.554,224.554,224.554,10.0
2024-10-07 13:35:20,224.543,224.543,224.543,224.543,10.0
2024-10-07 13:35:21,224.593,224.673,224.593,224.653,40.0
2024-10-07 13:35:22,224.634,224.654,224.633,224.653,50.0
2024-10-07 13:35:23,224.653,224.654,224.624,224.654,30.000000000000004
2024-10-07 13:35:25,224.654,224.654,224.654,224.654,20.0
2024-10-07 13:35:26,224.654,224.654,224.654,224.654,20.0
2024-10-07 13:35:27,224.653,224.653,224.653,224.653,20.0
2024-10-07 13:35:28,224.643,224.643,224.634,224.634,20.0
2024-10-07 13:35:29,224.583,224.583,224.573,224.573,20.0
2024-10-07 13:35:30,224.604,224.604,224.593,224.593,50.0
2024-10-07 13:35:31,224.574,224.584,224.554,224.574,60.0
2024-10-07 13:35:32,224.564,224.564,224.543,224.554,30.000000000000004
2024-10-07 13:35:33,224.553,224.553,224.553,224.553,10.0
2024-10-07 13:35:34,224.554,224.554,224.524,224.524,30.000000000000004
2024-10-07 13:35:35,224.563,224.574,224.563,224.573,40.0
2024-10-07 13:35:36,224.524,224.533,224.514,224.523,50.0
2024-10-07 13:35:37,224.503,224.514,224.503,224.514,30.000000000000004
2024-10-07 13:35:38,224.503,224.534,224.503,224.523,40.0
2024-10-07 13:35:39,224.534,224.534,224.494,224.494,40.0
2024-10-07 13:35:40,224.494,224.494,224.494,224.494,10.0
2024-10-07 13:35:41,224.503,224.534,224.503,224.534,30.000000000000004
2024-10-07 13:35:42,224.554,224.624,224.554,224.614,40.0
2024-10-07 13:35:43,224.654,224.654,224.623,224.653,60.0
2024-10-07 13:35:44,224.674,224.704,224.673,224.703,50.0
2024-10-07 13:35:45,224.683,224.683,224.674,224.674,20.0
2024-10-07 13:35:46,224.683,224.683,224.664,224.664,30.000000000000004
2024-10-07 13:35:47,224.683,224.683,224.683,224.683,10.0
2024-10-07 13:35:48,224.614,224.614,224.614,224.614,10.0
2024-10-07 13:35:49,224.654,224.654,224.624,224.624,40.0
2024-10-07 13:35:50,224.613,224.634,224.613,224.634,30.000000000000004
2024-10-07 13:35:51,224.633,224.633,224.593,224.604,30.000000000000004
2024-10-07 13:35:52,224.594,224.594,224.594,224.594,30.000000000000004
2024-10-07 13:35:53,224.613,224.613,224.613,224.613,20.0
2024-10-07 13:35:54,224.603,224.603,224.603,224.603,10.0
2024-10-07 13:35:55,224.613,224.613,224.604,224.604,20.0
2024-10-07 13:35:56,224.604,224.604,224.603,224.603,20.0
2024-10-07 13:35:57,224.593,224.613,224.593,224.613,30.000000000000004
2024-10-07 13:35:58,224.594,224.614,224.594,224.614,30.000000000000004
2024-10-07 13:36:00,224.584,224.584,224.544,224.544,40.0
2024-10-07 13:36:01,224.533,224.554,224.533,224.554,60.0
2024-10-07 13:36:02,224.524,224.554,224.524,224.554,30.000000000000004
2024-10-07 13:36:03,224.563,224.564,224.563,224.564,20.0
2024-10-07 13:36:04,224.594,224.604,224.594,224.594,50.0
2024-10-07 13:36:05,224.584,224.614,224.584,224.614,50.0
2024-10-07 13:36:06,224.614,224.614,224.583,224.583,20.0
2024-10-07 13:36:07,224.583,224.584,224.573,224.584,30.000000000000004
2024-10-07 13:36:08,224.573,224.574,224.553,224.553,30.000000000000004
2024-10-07 13:36:09,224.524,224.524,224.523,224.524,50.0
2024-10-07 13:36:10,224.524,224.544,224.524,224.544,30.000000000000004
2024-10-07 13:36:11,224.523,224.523,224.484,224.494,60.0
2024-10-07 13:36:12,224.483,224.483,224.474,224.474,20.0
2024-10-07 13:36:13,224.443,224.444,224.443,224.444,20.0
2024-10-07 13:36:14,224.494,224.494,224.493,224.494,30.000000000000004
2024-10-07 13:36:15,224.474,224.474,224.454,224.473,40.0
2024-10-07 13:36:16,224.464,224.464,224.464,224.464,10.0
2024-10-07 13:36:17,224.463,224.463,224.463,224.463,10.0
2024-10-07 13:36:18,224.483,224.483,224.433,224.434,50.0
2024-10-07 13:36:19,224.383,224.383,224.293,224.333,80.0
2024-10-07 13:36:20,224.403,224.434,224.403,224.434,30.000000000000004
2024-10-07 13:36:21,224.414,224.434,224.413,224.434,40.0
2024-10-07 13:36:22,224.433,224.464,224.433,224.464,20.0
2024-10-07 13:36:23,224.453,224.453,224.393,224.393,40.0
2024-10-07 13:36:24,224.393,224.434,224.374,224.434,30.000000000000004
2024-10-07 13:36:25,224.434,224.434,224.423,224.423,20.0
2024-10-07 13:36:26,224.404,224.424,224.404,224.424,20.0
2024-10-07 13:36:27,224.424,224.424,224.393,224.393,20.0
2024-10-07 13:36:28,224.394,224.394,224.363,224.374,40.0
2024-10-07 13:36:29,224.393,224.393,224.373,224.373,30.000000000000004
2024-10-07 13:36:30,224.404,224.474,224.404,224.474,60.0
2024-10-07 13:36:31,224.474,224.523,224.474,224.523,50.0
2024-10-07 13:36:32,224.494,224.504,224.494,224.504,30.000000000000004
2024-10-07 13:36:33,224.514,224.553,224.514,224.524,50.0
2024-10-07 13:36:34,224.524,224.524,224.524,224.524,10.0
2024-10-07 13:36:36,224.503,224.544,224.503,224.513,40.0
2024-10-07 13:36:37,224.524,224.524,224.524,224.524,10.0
2024-10-07 13:36:38,224.504,224.544,224.504,224.544,30.000000000000004
2024-10-07 13:36:39,224.523,224.554,224.523,224.553,50.0
2024-10-07 13:36:40,224.553,224.584,224.553,224.554,50.0
2024-10-07 13:36:41,224.553,224.553,224.553,224.553,10.0
2024-10-07 13:36:42,224.544,224.554,224.523,224.554,50.0
2024-10-07 13:36:43,224.554,224.554,224.514,224.514,50.0
2024-10-07 13:36:44,224.544,224.544,224.524,224.524,30.000000000000004
2024-10-07 13:36:45,224.493,224.494,224.474,224.474,50.0
2024-10-07 13:36:46,224.443,224.444,224.443,224.444,20.0
2024-10-07 13:36:47,224.414,224.414,224.243,224.253,80.0
2024-10-07 13:36:48,224.253,224.253,224.253,224.253,20.0
2024-10-07 13:36:49,224.244,224.244,224.244,224.244,10.0
2024-10-07 13:36:50,224.313,224.354,224.313,224.354,30.000000000000004
2024-10-07 13:36:51,224.363,224.363,224.323,224.323,40.0
2024-10-07 13:36:52,224.324,224.324,224.324,224.324,10.0
2024-10-07 13:36:54,224.324,224.324,224.283,224.324,40.0
2024-10-07 13:36:55,224.323,224.324,224.323,224.324,20.0
2024-10-07 13:36:56,224.274,224.274,224.254,224.254,30.000000000000004
2024-10-07 13:36:57,224.243,224.243,224.194,224.194,20.0
2024-10-07 13:36:58,224.203,224.223,224.144,224.144,70.00000000000001
2024-10-07 13:36:59,224.133,224.144,224.133,224.144,40.0
2024-10-07 13:37:00,224.144,224.144,224.073,224.083,40.0
2024-10-07 13:37:01,224.083,224.114,224.083,224.114,50.0
2024-10-07 13:37:02,224.104,224.104,224.103,224.103,30.000000000000004
2024-10-07 13:37:03,224.144,224.234,224.143,224.233,80.0
2024-10-07 13:37:04,224.234,224.234,224.233,224.233,20.0
2024-10-07 13:37:05,224.203,224.234,224.193,224.193,50.0
2024-10-07 13:37:06,224.204,224.204,224.194,224.194,20.0
2024-10-07 13:37:07,224.203,224.254,224.203,224.254,20.0
2024-10-07 13:37:08,224.233,224.273,224.224,224.273,30.000000000000004
2024-10-07 13:37:09,224.243,224.243,224.223,224.223,20.0
2024-10-07 13:37:10,224.233,224.244,224.233,224.243,30.000000000000004
2024-10-07 13:37:11,224.244,224.273,224.243,224.273,30.000000000000004
2024-10-07 13:37:12,224.273,224.273,224.263,224.263,30.000000000000004
2024-10-07 13:37:14,224.253,224.293,224.253,224.293,50.0
2024-10-07 13:37:15,224.323,224.324,224.323,224.324,30.000000000000004
2024-10-07 13:37:16,224.314,224.314,224.313,224.313,20.0
2024-10-07 13:37:17,224.314,224.314,224.314,224.314,10.0
2024-10-07 13:37:18,224.323,224.323,224.323,224.323,20.0
2024-10-07 13:37:20,224.324,224.324,224.323,224.324,40.0
2024-10-07 13:37:21,224.324,224.324,224.323,224.323,20.0
2024-10-07 13:37:22,224.324,224.384,224.324,224.364,50.0
2024-10-07 13:37:24,224.363,224.364,224.334,224.334,40.0
2024-10-07 13:37:25,224.334,224.334,224.303,224.303,30.000000000000004
2024-10-07 13:37:26,224.283,224.283,224.264,224.264,20.0
2024-10-07 13:37:27,224.253,224.303,224.253,224.303,30.000000000000004
2024-10-07 13:37:29,224.304,224.304,224.304,224.304,10.0
2024-10-07 13:37:30,224.304,224.333,224.304,224.333,30.000000000000004
2024-10-07 13:37:33,224.334,224.334,224.334,224.334,10.0
2024-10-07 13:37:34,224.304,224.304,224.304,224.304,10.0
2024-10-07 13:37:35,224.313,224.323,224.313,224.323,20.0
2024-10-07 13:37:36,224.323,224.323,224.323,224.323,10.0
2024-10-07 13:37:37,224.294,224.334,224.294,224.334,20.0
2024-10-07 13:37:38,224.313,224.313,224.313,224.313,10.0
2024-10-07 13:37:39,224.394,224.394,224.394,224.394,10.0
2024-10-07 13:37:40,224.383,224.384,224.383,224.384,20.0
2024-10-07 13:37:41,224.344,224.344,224.344,224.344,20.0
2024-10-07 13:37:42,224.363,224.393,224.363,224.393,20.0
2024-10-07 13:37:43,224.384,224.394,224.384,224.394,20.0
2024-10-07 13:37:44,224.393,224.393,224.353,224.353,20.0
2024-10-07 13:37:45,224.334,224.334,224.313,224.313,50.0
2024-10-07 13:37:47,224.304,224.384,224.304,224.323,70.00000000000001
2024-10-07 13:37:48,224.313,224.313,224.313,224.313,10.0
2024-10-07 13:37:49,224.304,224.304,224.284,224.294,50.0
2024-10-07 13:37:50,224.293,224.294,224.274,224.274,40.0
2024-10-07 13:37:51,224.273,224.273,224.264,224.264,20.0
2024-10-07 13:37:52,224.274,224.294,224.274,224.294,40.0
2024-10-07 13:37:53,224.293,224.293,224.293,224.293,10.0
2024-10-07 13:37:54,224.293,224.293,224.293,224.293,10.0
2024-10-07 13:37:57,224.283,224.293,224.244,224.254,60.0
2024-10-07 13:37:58,224.284,224.284,224.284,224.284,10.0
2024-10-07 13:37:59,224.294,224.294,224.294,224.294,10.0
2024-10-07 13:38:00,224.293,224.293,224.274,224.274,20.0
2024-10-07 13:38:02,224.263,224.263,224.263,224.263,10.0
2024-10-07 13:38:03,224.254,224.254,224.244,224.244,20.0
2024-10-07 13:38:05,224.274,224.274,224.274,224.274,10.0
2024-10-07 13:38:06,224.294,224.303,224.293,224.303,50.0
2024-10-07 13:38:07,224.303,224.344,224.303,224.344,50.0
2024-10-07 13:38:09,224.344,224.344,224.343,224.343,30.000000000000004
2024-10-07 13:38:10,224.344,224.394,224.344,224.394,50.0
2024-10-07 13:38:11,224.403,224.414,224.403,224.414,20.0
2024-10-07 13:38:12,224.413,224.413,224.384,224.404,60.0
2024-10-07 13:38:13,224.434,224.434,224.373,224.373,50.0
2024-10-07 13:38:14,224.364,224.364,224.364,224.364,10.0
2024-10-07 13:38:16,224.354,224.364,224.343,224.364,40.0
2024-10-07 13:38:17,224.374,224.374,224.374,224.374,10.0
2024-10-07 13:38:18,224.424,224.424,224.424,224.424,20.0
2024-10-07 13:38:19,224.434,224.434,224.434,224.434,10.0
2024-10-07 13:38:20,224.454,224.454,224.443,224.443,20.0
2024-10-07 13:38:21,224.473,224.504,224.473,224.504,30.000000000000004
2024-10-07 13:38:22,224.504,224.554,224.504,224.554,40.0
2024-10-07 13:38:23,224.553,224.553,224.553,224.553,10.0
2024-10-07 13:38:24,224.534,224.534,224.483,224.483,20.0
2024-10-07 13:38:25,224.473,224.473,224.454,224.454,20.0
2024-10-07 13:38:26,224.473,224.473,224.454,224.454,20.0
2024-10-07 13:38:27,224.443,224.463,224.443,224.443,50.0
2024-10-07 13:38:28,224.434,224.434,224.433,224.433,30.000000000000004
2024-10-07 13:38:29,224.443,224.443,224.443,224.443,10.0
2024-10-07 13:38:31,224.444,224.493,224.444,224.493,40.0
2024-10-07 13:38:32,224.503,224.513,224.503,224.513,20.0
2024-10-07 13:38:33,224.513,224.554,224.513,224.523,40.0
2024-10-07 13:38:34,224.524,224.543,224.503,224.543,50.0
2024-10-07 13:38:35,224.574,224.574,224.574,224.574,10.0
2024-10-07 13:38:36,224.533,224.533,224.533,224.533,10.0
2024-10-07 13:38:40,224.564,224.564,224.564,224.564,10.0
2024-10-07 13:38:41,224.583,224.583,224.583,224.583,10.0
2024-10-07 13:38:42,224.574,224.593,224.574,224.593,20.0
2024-10-07 13:38:43,224.593,224.594,224.583,224.594,30.000000000000004
2024-10-07 13:38:44,224.594,224.594,224.594,224.594,10.0
2024-10-07 13:38:45,224.603,224.633,224.603,224.624,60.0
2024-10-07 13:38:46,224.614,224.614,224.593,224.593,20.0
2024-10-07 13:38:47,224.564,224.564,224.543,224.543,40.0
2024-10-07 13:38:48,224.553,224.584,224.553,224.584,30.000000000000004
2024-10-07 13:38:49,224.593,224.593,224.554,224.554,30.000000000000004
2024-10-07 13:38:50,224.534,224.534,224.504,224.514,60.0
2024-10-07 13:38:51,224.514,224.514,224.514,224.514,20.0
2024-10-07 13:38:52,224.513,224.513,224.513,224.513,10.0
2024-10-07 13:38:53,224.534,224.563,224.494,224.494,60.0
2024-10-07 13:38:55,224.553,224.553,224.513,224.513,40.0
2024-10-07 13:38:56,224.513,224.513,224.473,224.474,50.0
2024-10-07 13:38:57,224.453,224.474,224.443,224.443,60.0
2024-10-07 13:38:58,224.443,224.443,224.433,224.433,20.0
2024-10-07 13:38:59,224.443,224.464,224.443,224.463,40.0
2024-10-07 13:39:00,224.494,224.554,224.494,224.554,30.000000000000004
2024-10-07 13:39:01,224.533,224.553,224.533,224.553,30.000000000000004
2024-10-07 13:39:02,224.554,224.554,224.524,224.534,30.000000000000004
2024-10-07 13:39:03,224.554,224.594,224.554,224.594,50.0
2024-10-07 13:39:04,224.593,224.664,224.593,224.643,70.00000000000001
2024-10-07 13:39:05,224.643,224.663,224.643,224.663,30.000000000000004
2024-10-07 13:39:06,224.644,224.644,224.644,224.644,10.0
2024-10-07 13:39:07,224.624,224.624,224.614,224.614,20.0
2024-10-07 13:39:08,224.603,224.654,224.603,224.654,20.0
2024-10-07 13:39:09,224.634,224.634,224.634,224.634,10.0
2024-10-07 13:39:10,224.643,224.673,224.643,224.663,30.000000000000004
2024-10-07 13:39:11,224.653,224.654,224.653,224.654,20.0
2024-10-07 13:39:12,224.623,224.664,224.623,224.664,30.000000000000004
2024-10-07 13:39:13,224.674,224.674,224.674,224.674,20.0
2024-10-07 13:39:14,224.714,224.714,224.673,224.673,50.0
2024-10-07 13:39:16,224.663,224.663,224.663,224.663,10.0
2024-10-07 13:39:17,224.683,224.684,224.664,224.683,50.0
2024-10-07 13:39:18,224.724,224.753,224.724,224.733,50.0
2024-10-07 13:39:20,224.723,224.774,224.714,224.774,60.0
2024-10-07 13:39:21,224.773,224.773,224.773,224.773,10.0
2024-10-07 13:39:23,224.824,224.824,224.804,224.804,70.00000000000001
2024-10-07 13:39:24,224.754,224.784,224.753,224.754,70.00000000000001
2024-10-07 13:39:25,224.733,224.754,224.733,224.733,50.0
2024-10-07 13:39:26,224.744,224.773,224.744,224.773,20.0
2024-10-07 13:39:27,224.773,224.783,224.773,224.783,20.0
2024-10-07 13:39:28,224.784,224.784,224.773,224.773,30.000000000000004
2024-10-07 13:39:29,224.784,224.814,224.784,224.804,50.0
2024-10-07 13:39:30,224.803,224.803,224.803,224.803,10.0
2024-10-07 13:39:31,224.793,224.814,224.793,224.814,80.0
2024-10-07 13:39:32,224.803,224.803,224.794,224.794,20.0
2024-10-07 13:39:33,224.804,224.804,224.804,224.804,10.0
2024-10-07 13:39:34,224.803,224.824,224.803,224.814,50.0
2024-10-07 13:39:36,224.833,224.834,224.833,224.834,20.0
2024-10-07 13:39:37,224.864,224.864,224.854,224.863,60.0
2024-10-07 13:39:38,224.854,224.854,224.833,224.853,40.0
2024-10-07 13:39:39,224.854,224.854,224.854,224.854,10.0
2024-10-07 13:39:40,224.863,224.893,224.863,224.893,20.0
2024-10-07 13:39:43,224.834,224.843,224.824,224.824,30.000000000000004
2024-10-07 13:39:44,224.813,224.823,224.813,224.823,40.0
2024-10-07 13:39:45,224.883,224.883,224.863,224.863,20.0
2024-10-07 13:39:47,224.863,224.893,224.863,224.884,40.0
2024-10-07 13:39:48,224.883,224.894,224.883,224.884,50.0
2024-10-07 13:39:49,224.874,224.874,224.874,224.874,20.0
2024-10-07 13:39:50,224.864,224.873,224.864,224.864,30.000000000000004
2024-10-07 13:39:52,224.863,224.863,224.854,224.854,30.000000000000004
2024-10-07 13:39:53,224.864,224.864,224.864,224.864,10.0
2024-10-07 13:39:54,224.864,224.864,224.864,224.864,20.0
2024-10-07 13:39:55,224.844,224.894,224.844,224.894,30.000000000000004
2024-10-07 13:39:56,224.903,224.943,224.903,224.943,40.0
2024-10-07 13:39:57,224.943,224.943,224.943,224.943,30.000000000000004
2024-10-07 13:39:58,224.944,224.944,224.943,224.943,30.000000000000004
2024-10-07 13:39:59,224.943,224.943,224.943,224.943,20.0
2024-10-07 13:40:00,224.913,224.924,224.903,224.924,30.000000000000004
2024-10-07 13:40:01,224.934,224.954,224.934,224.953,40.0
2024-10-07 13:40:02,224.953,224.953,224.943,224.943,20.0
2024-10-07 13:40:03,224.944,224.944,224.873,224.873,60.0
2024-10-07 13:40:04,224.853,224.853,224.833,224.833,30.000000000000004
2024-10-07 13:40:05,224.823,224.843,224.813,224.813,40.0
2024-10-07 13:40:06,224.804,224.804,224.794,224.803,30.000000000000004
2024-10-07 13:40:07,224.774,224.834,224.763,224.834,70.00000000000001
2024-10-07 13:40:08,224.834,224.834,224.834,224.834,10.0
2024-10-07 13:40:09,224.854,224.894,224.854,224.893,60.0
2024-10-07 13:40:10,224.913,224.914,224.873,224.873,70.00000000000001
2024-10-07 13:40:11,224.873,224.873,224.873,224.873,30.000000000000004
2024-10-07 13:40:12,224.863,224.874,224.863,224.873,70.00000000000001
2024-10-07 13:40:13,224.863,224.873,224.863,224.864,30.000000000000004
2024-10-07 13:40:14,224.923,224.924,224.923,224.924,30.000000000000004
2024-10-07 13:40:15,224.943,224.944,224.943,224.944,20.0
2024-10-07 13:40:18,224.944,224.944,224.914,224.914,30.000000000000004
2024-10-07 13:40:20,224.923,224.954,224.923,224.954,30.000000000000004
2024-10-07 13:40:21,224.953,224.953,224.953,224.953,10.0
2024-10-07 13:40:23,224.984,224.993,224.984,224.993,20.0
2024-10-07 13:40:25,224.994,224.994,224.994,224.994,10.0
2024-10-07 13:40:26,225.003,225.003,225.003,225.003,10.0
2024-10-07 13:40:27,225.004,225.014,224.994,224.994,40.0
2024-10-07 13:40:28,224.983,224.983,224.963,224.963,30.000000000000004
2024-10-07 13:40:30,224.973,224.973,224.964,224.964,20.0
2024-10-07 13:40:31,224.993,225.014,224.993,225.013,40.0
2024-10-07 13:40:32,225.023,225.023,225.004,225.004,20.0
2024-10-07 13:40:33,225.034,225.034,225.013,225.024,50.0
2024-10-07 13:40:35,225.034,225.034,225.033,225.034,30.000000000000004
2024-10-07 13:40:36,225.043,225.053,225.024,225.024,40.0
2024-10-07 13:40:37,225.014,225.014,225.014,225.014,20.0
2024-10-07 13:40:38,225.053,225.074,225.053,225.074,30.000000000000004
2024-10-07 13:40:39,225.084,225.084,225.063,225.074,30.000000000000004
2024-10-07 13:40:40,225.063,225.063,225.023,225.024,30.000000000000004
2024-10-07 13:40:41,225.024,225.054,225.023,225.054,70.00000000000001
2024-10-07 13:40:42,225.044,225.044,225.024,225.033,30.000000000000004
2024-10-07 13:40:43,225.024,225.064,225.024,225.064,50.0
2024-10-07 13:40:44,225.044,225.094,225.044,225.094,30.000000000000004
2024-10-07 13:40:45,225.083,225.104,225.083,225.103,40.0
2024-10-07 13:40:46,225.083,225.083,225.083,225.083,10.0
2024-10-07 13:40:47,225.074,225.084,225.063,225.063,30.000000000000004
2024-10-07 13:40:51,225.033,225.033,225.013,225.013,20.0
2024-10-07 13:40:53,225.003,225.014,225.003,225.014,30.000000000000004
2024-10-07 13:40:55,225.004,225.014,225.004,225.014,30.000000000000004
2024-10-07 13:40:56,225.014,225.014,225.004,225.004,20.0
2024-10-07 13:40:57,225.004,225.013,224.963,225.013,50.0
2024-10-07 13:40:58,225.013,225.024,225.013,225.024,20.0
2024-10-07 13:40:59,225.023,225.024,225.013,225.023,50.0
2024-10-07 13:41:00,224.994,224.994,224.903,224.903,50.0
2024-10-07 13:41:01,224.904,224.913,224.873,224.903,70.00000000000001
2024-10-07 13:41:02,224.903,224.944,224.903,224.943,50.0
2024-10-07 13:41:03,224.943,224.943,224.924,224.924,20.0
2024-10-07 13:41:04,224.924,224.943,224.924,224.943,20.0
2024-10-07 13:41:06,224.894,224.943,224.894,224.943,40.0
2024-10-07 13:41:07,224.934,224.943,224.934,224.943,20.0
2024-10-07 13:41:08,224.943,224.944,224.914,224.914,50.0
2024-10-07 13:41:10,224.943,224.943,224.943,224.943,10.0
2024-10-07 13:41:11,224.943,224.943,224.943,224.943,10.0
2024-10-07 13:41:12,224.903,224.944,224.903,224.943,30.000000000000004
2024-10-07 13:41:14,224.934,224.944,224.923,224.944,30.000000000000004
2024-10-07 13:41:15,224.933,224.933,224.933,224.933,10.0
2024-10-07 13:41:16,224.943,224.944,224.943,224.944,20.0
2024-10-07 13:41:17,224.954,224.983,224.943,224.983,50.0
2024-10-07 13:41:20,224.963,224.963,224.903,224.944,40.0
2024-10-07 13:41:21,224.954,224.954,224.954,224.954,10.0
2024-10-07 13:41:22,224.944,224.944,224.944,224.944,10.0
2024-10-07 13:41:23,224.943,224.954,224.943,224.954,20.0
2024-10-07 13:41:24,224.943,224.944,224.943,224.944,20.0
2024-10-07 13:41:25,224.893,224.893,224.893,224.893,10.0
2024-10-07 13:41:26,224.923,224.923,224.923,224.923,10.0
2024-10-07 13:41:29,224.984,224.984,224.984,224.984,10.0
2024-10-07 13:41:30,224.984,224.984,224.983,224.983,20.0
2024-10-07 13:41:31,224.983,224.983,224.983,224.983,10.0
2024-10-07 13:41:32,224.983,224.983,224.944,224.944,40.0
2024-10-07 13:41:38,224.914,224.914,224.914,224.914,10.0
2024-10-07 13:41:39,224.913,224.913,224.913,224.913,10.0
2024-10-07 13:41:41,224.904,224.964,224.904,224.964,50.0
2024-10-07 13:41:42,224.953,224.964,224.913,224.913,30.000000000000004
2024-10-07 13:41:43,224.973,224.973,224.973,224.973,10.0
2024-10-07 13:41:44,224.974,224.974,224.973,224.974,30.000000000000004
2024-10-07 13:41:45,224.953,224.993,224.953,224.993,60.0
2024-10-07 13:41:46,224.994,224.994,224.993,224.993,30.000000000000004
2024-10-07 13:41:47,224.994,224.994,224.984,224.994,30.000000000000004
2024-10-07 13:41:48,224.994,224.994,224.994,224.994,10.0
2024-10-07 13:41:50,224.973,224.973,224.973,224.973,10.0
2024-10-07 13:41:51,224.974,225.004,224.974,225.004,30.000000000000004
2024-10-07 13:41:52,225.003,225.004,225.003,225.004,20.0
2024-10-07 13:41:53,225.034,225.043,225.034,225.034,30.000000000000004
2024-10-07 13:41:55,225.033,225.033,225.033,225.033,10.0
2024-10-07 13:41:56,225.034,225.034,225.034,225.034,20.0
2024-10-07 13:41:57,225.053,225.054,225.013,225.013,30.000000000000004
2024-10-07 13:41:58,224.993,225.043,224.993,225.043,20.0
2024-10-07 13:41:59,225.053,225.053,225.043,225.053,30.000000000000004
2024-10-07 13:42:00,225.044,225.044,225.044,225.044,10.0
2024-10-07 13:42:01,225.054,225.054,225.054,225.054,10.0
2024-10-07 13:42:02,225.053,225.053,225.053,225.053,10.0
2024-10-07 13:42:03,225.044,225.044,225.034,225.034,30.000000000000004
2024-10-07 13:42:04,225.034,225.044,225.003,225.003,40.0
2024-10-07 13:42:05,225.003,225.003,225.003,225.003,10.0
2024-10-07 13:42:06,224.944,224.963,224.944,224.944,30.000000000000004
2024-10-07 13:42:07,224.943,224.943,224.943,224.943,10.0
2024-10-07 13:42:08,224.943,224.943,224.943,224.943,10.0
2024-10-07 13:42:10,224.923,224.963,224.923,224.963,30.000000000000004
2024-10-07 13:42:11,224.924,224.924,224.924,224.924,10.0
2024-10-07 13:42:12,224.923,224.964,224.923,224.964,50.0
2024-10-07 13:42:13,224.963,224.963,224.953,224.953,30.000000000000004
2024-10-07 13:42:14,224.974,225.004,224.974,225.004,30.000000000000004
2024-10-07 13:42:15,225.003,225.004,225.003,225.004,40.0
2024-10-07 13:42:16,225.023,225.023,224.874,224.883,70.00000000000001
2024-10-07 13:42:17,224.884,224.884,224.884,224.884,10.0
2024-10-07 13:42:18,224.883,224.883,224.883,224.883,10.0
2024-10-07 13:42:20,224.844,224.844,224.833,224.833,20.0
2024-10-07 13:42:21,224.834,224.864,224.823,224.853,80.0
2024-10-07 13:42:22,224.864,224.864,224.843,224.843,20.0
2024-10-07 13:42:23,224.863,224.863,224.863,224.863,10.0
2024-10-07 13:42:24,224.843,224.844,224.834,224.843,40.0
2024-10-07 13:42:25,224.834,224.834,224.834,224.834,10.0
2024-10-07 13:42:26,224.824,224.824,224.824,224.824,10.0
2024-10-07 13:42:27,224.804,224.804,224.804,224.804,10.0
2024-10-07 13:42:28,224.783,224.783,224.753,224.753,20.0
2024-10-07 13:42:29,224.744,224.754,224.743,224.754,40.0
2024-10-07 13:42:30,224.744,224.753,224.744,224.753,20.0
2024-10-07 13:42:31,224.754,224.754,224.743,224.743,20.0
2024-10-07 13:42:32,224.723,224.723,224.713,224.713,20.0
2024-10-07 13:42:33,224.704,224.754,224.704,224.724,30.000000000000004
2024-10-07 13:42:35,224.753,224.774,224.753,224.774,30.000000000000004
2024-10-07 13:42:36,224.764,224.783,224.753,224.783,50.0
2024-10-07 13:42:40,224.794,224.823,224.794,224.823,30.000000000000004
2024-10-07 13:42:41,224.833,224.864,224.833,224.864,40.0
2024-10-07 13:42:42,224.843,224.863,224.843,224.863,20.0
2024-10-07 13:42:43,224.853,224.853,224.853,224.853,20.0
2024-10-07 13:42:45,224.834,224.834,224.803,224.833,40.0
2024-10-07 13:42:46,224.843,224.864,224.843,224.864,50.0
2024-10-07 13:42:47,224.864,224.904,224.863,224.904,50.0
2024-10-07 13:42:48,224.893,224.893,224.883,224.883,20.0
2024-10-07 13:42:49,224.874,224.874,224.863,224.863,20.0
2024-10-07 13:42:50,224.863,224.864,224.863,224.864,30.000000000000004
2024-10-07 13:42:51,224.843,224.843,224.824,224.824,20.0
2024-10-07 13:42:52,224.814,224.814,224.814,224.814,10.0
2024-10-07 13:42:53,224.833,224.833,224.833,224.833,10.0
2024-10-07 13:42:55,224.814,224.834,224.814,224.834,20.0
2024-10-07 13:42:56,224.824,224.824,224.824,224.824,10.0
2024-10-07 13:42:58,224.824,224.824,224.824,224.824,10.0
2024-10-07 13:43:02,224.853,224.903,224.853,224.903,30.000000000000004
2024-10-07 13:43:03,224.904,224.904,224.904,224.904,20.0
2024-10-07 13:43:04,224.903,224.913,224.903,224.913,30.000000000000004
2024-10-07 13:43:05,224.913,224.913,224.913,224.913,10.0
2024-10-07 13:43:07,224.954,224.954,224.954,224.954,10.0
2024-10-07 13:43:08,224.954,224.954,224.953,224.953,20.0
2024-10-07 13:43:09,224.953,224.984,224.953,224.983,30.000000000000004
2024-10-07 13:43:11,224.994,224.994,224.994,224.994,20.0
2024-10-07 13:43:12,224.993,224.994,224.993,224.994,40.0
2024-10-07 13:43:13,224.993,225.004,224.993,224.994,50.0
2024-10-07 13:43:14,224.964,224.964,224.964,224.964,10.0
2024-10-07 13:43:17,224.994,224.994,224.893,224.893,30.000000000000004
2024-10-07 13:43:18,224.894,224.894,224.894,224.894,20.0
2024-10-07 13:43:19,224.893,224.893,224.893,224.893,20.0
2024-10-07 13:43:21,224.883,224.883,224.823,224.823,30.000000000000004
2024-10-07 13:43:22,224.794,224.813,224.794,224.813,20.0
2024-10-07 13:43:23,224.843,224.843,224.843,224.843,10.0
2024-10-07 13:43:24,224.844,224.864,224.844,224.864,20.0
2024-10-07 13:43:25,224.884,224.893,224.884,224.893,30.000000000000004
2024-10-07 13:43:26,224.913,224.913,224.913,224.913,10.0
2024-10-07 13:43:28,224.913,224.913,224.913,224.913,10.0
2024-10-07 13:43:29,224.914,224.934,224.914,224.934,20.0
2024-10-07 13:43:32,224.954,224.954,224.953,224.953,20.0
2024-10-07 13:43:33,224.954,224.954,224.953,224.954,40.0
2024-10-07 13:43:34,224.914,224.934,224.913,224.934,40.0
2024-10-07 13:43:36,224.944,224.944,224.944,224.944,10.0
2024-10-07 13:43:38,224.954,224.954,224.954,224.954,20.0
2024-10-07 13:43:39,224.954,224.954,224.954,224.954,10.0
2024-10-07 13:43:40,224.954,224.973,224.953,224.973,30.000000000000004
2024-10-07 13:43:41,224.983,224.983,224.983,224.983,10.0
2024-10-07 13:43:42,224.993,224.993,224.974,224.974,40.0
2024-10-07 13:43:43,224.974,224.974,224.913,224.913,20.0
2024-10-07 13:43:45,224.913,224.913,224.913,224.913,10.0
2024-10-07 13:43:46,224.954,224.954,224.933,224.933,30.000000000000004
2024-10-07 13:43:47,224.943,224.964,224.943,224.963,50.0
2024-10-07 13:43:48,224.964,224.964,224.964,224.964,10.0
2024-10-07 13:43:49,224.964,224.973,224.953,224.953,30.000000000000004
2024-10-07 13:43:50,224.954,224.954,224.913,224.913,20.0
2024-10-07 13:43:51,224.914,224.954,224.914,224.933,40.0
2024-10-07 13:43:52,224.934,224.934,224.934,224.934,20.0
2024-10-07 13:43:53,224.923,224.923,224.893,224.893,40.0
2024-10-07 13:43:54,224.894,224.903,224.894,224.903,40.0
2024-10-07 13:43:55,224.884,224.903,224.884,224.903,30.000000000000004
2024-10-07 13:43:56,224.904,224.904,224.893,224.893,20.0
2024-10-07 13:43:57,224.894,224.894,224.894,224.894,10.0
2024-10-07 13:43:58,224.904,224.904,224.884,224.884,20.0
2024-10-07 13:44:00,224.874,224.924,224.874,224.923,50.0
2024-10-07 13:44:01,224.924,224.924,224.904,224.904,40.0
2024-10-07 13:44:02,224.914,224.914,224.914,224.914,10.0
2024-10-07 13:44:03,224.914,224.914,224.914,224.914,30.000000000000004
2024-10-07 13:44:04,224.923,224.923,224.903,224.903,20.0
2024-10-07 13:44:05,224.884,224.884,224.884,224.884,10.0
2024-10-07 13:44:06,224.884,224.884,224.873,224.873,30.000000000000004
2024-10-07 13:44:07,224.873,224.894,224.844,224.894,60.0
2024-10-07 13:44:08,224.913,224.913,224.893,224.893,30.000000000000004
2024-10-07 13:44:09,224.893,224.893,224.893,224.893,10.0
2024-10-07 13:44:10,224.914,224.924,224.914,224.924,20.0
2024-10-07 13:44:12,224.923,224.923,224.923,224.923,10.0
2024-10-07 13:44:13,224.923,224.974,224.923,224.974,50.0
2024-10-07 13:44:14,224.963,224.973,224.963,224.963,30.000000000000004
2024-10-07 13:44:15,224.943,224.943,224.943,224.943,30.000000000000004
2024-10-07 13:44:16,224.973,224.974,224.973,224.974,40.0
2024-10-07 13:44:17,224.984,224.984,224.963,224.963,50.0
2024-10-07 13:44:18,224.983,224.983,224.983,224.983,10.0
2024-10-07 13:44:19,224.994,224.994,224.994,224.994,10.0
2024-10-07 13:44:20,224.994,224.994,224.994,224.994,20.0
2024-10-07 13:44:21,225.024,225.024,225.004,225.004,20.0
2024-10-07 13:44:23,225.004,225.004,224.984,225.004,30.000000000000004
2024-10-07 13:44:28,224.984,225.004,224.933,224.944,40.0
2024-10-07 13:44:29,224.944,224.983,224.944,224.983,20.0
2024-10-07 13:44:30,224.983,224.983,224.983,224.983,10.0
2024-10-07 13:44:31,224.954,224.954,224.953,224.953,20.0
2024-10-07 13:44:32,224.963,224.963,224.933,224.934,30.000000000000004
2024-10-07 13:44:33,224.934,224.934,224.924,224.933,30.000000000000004
2024-10-07 13:44:34,224.914,224.914,224.914,224.914,10.0
2024-10-07 13:44:35,224.914,224.914,224.914,224.914,10.0
2024-10-07 13:44:36,224.913,224.913,224.913,224.913,10.0
2024-10-07 13:44:37,224.923,224.924,224.923,224.924,30.000000000000004
2024-10-07 13:44:38,224.933,224.934,224.933,224.933,30.000000000000004
2024-10-07 13:44:39,224.964,224.964,224.964,224.964,10.0
2024-10-07 13:44:40,224.974,224.974,224.974,224.974,10.0
2024-10-07 13:44:41,224.973,224.973,224.973,224.973,10.0
2024-10-07 13:44:42,225.003,225.004,225.003,225.003,50.0
2024-10-07 13:44:43,225.004,225.004,225.004,225.004,10.0
2024-10-07 13:44:44,225.033,225.033,224.953,224.954,70.00000000000001
2024-10-07 13:44:45,224.943,224.943,224.943,224.943,10.0
2024-10-07 13:44:46,224.933,224.943,224.933,224.943,20.0
2024-10-07 13:44:47,224.934,224.934,224.934,224.934,10.0
2024-10-07 13:44:48,224.943,224.944,224.943,224.944,20.0
2024-10-07 13:44:49,224.923,224.924,224.923,224.924,20.0
2024-10-07 13:44:50,224.853,224.853,224.833,224.843,40.0
2024-10-07 13:44:51,224.864,224.864,224.864,224.864,30.000000000000004
2024-10-07 13:44:52,224.863,224.863,224.863,224.863,10.0
2024-10-07 13:44:53,224.834,224.834,224.834,224.834,10.0
2024-10-07 13:44:54,224.863,224.863,224.863,224.863,10.0
2024-10-07 13:44:57,224.854,224.864,224.854,224.864,20.0
2024-10-07 13:44:59,224.883,224.883,224.883,224.883,20.0
2024-10-07 13:45:00,224.864,224.903,224.864,224.903,70.00000000000001
2024-10-07 13:45:01,224.903,224.944,224.903,224.923,40.0
2024-10-07 13:45:03,224.933,224.934,224.933,224.934,20.0
2024-10-07 13:45:04,224.943,224.944,224.903,224.903,70.00000000000001
2024-10-07 13:45:05,224.903,224.923,224.903,224.923,20.0
2024-10-07 13:45:06,224.933,224.944,224.933,224.933,40.0
2024-10-07 13:45:07,224.953,224.953,224.953,224.953,10.0
2024-10-07 13:45:08,224.963,224.963,224.914,224.914,40.0
2024-10-07 13:45:09,224.913,224.914,224.894,224.914,40.0
2024-10-07 13:45:10,224.914,224.914,224.913,224.913,20.0
2024-10-07 13:45:11,224.914,224.914,224.914,224.914,20.0
2024-10-07 13:45:12,224.894,224.894,224.894,224.894,10.0
2024-10-07 13:45:13,224.913,224.913,224.913,224.913,10.0
2024-10-07 13:45:14,224.914,224.954,224.914,224.954,40.0
2024-10-07 13:45:16,224.954,224.954,224.953,224.953,20.0
2024-10-07 13:45:18,224.953,224.954,224.953,224.954,50.0
2024-10-07 13:45:20,224.913,224.924,224.913,224.924,20.0
2024-10-07 13:45:21,224.923,224.944,224.923,224.944,30.000000000000004
2024-10-07 13:45:22,224.923,224.923,224.914,224.923,30.000000000000004
2024-10-07 13:45:23,224.933,224.943,224.933,224.943,20.0
2024-10-07 13:45:24,224.953,224.954,224.953,224.954,50.0
2024-10-07 13:45:25,224.954,224.954,224.954,224.954,10.0
2024-10-07 13:45:26,224.923,224.923,224.904,224.913,30.000000000000004
2024-10-07 13:45:27,224.873,224.884,224.873,224.884,30.000000000000004
2024-10-07 13:45:28,224.893,224.893,224.893,224.893,20.0
2024-10-07 13:45:29,224.884,224.894,224.883,224.883,30.000000000000004
2024-10-07 13:45:30,224.874,224.883,224.834,224.843,60.0
2024-10-07 13:45:31,224.843,224.844,224.833,224.833,30.000000000000004
2024-10-07 13:45:32,224.804,224.813,224.803,224.803,40.0
2024-10-07 13:45:33,224.813,224.813,224.813,224.813,10.0
2024-10-07 13:45:34,224.804,224.813,224.804,224.813,20.0
2024-10-07 13:45:36,224.824,224.833,224.824,224.833,30.000000000000004
2024-10-07 13:45:37,224.843,224.854,224.843,224.853,60.0
2024-10-07 13:45:41,224.874,224.874,224.874,224.874,10.0
2024-10-07 13:45:42,224.873,224.873,224.873,224.873,10.0
2024-10-07 13:45:44,224.854,224.883,224.854,224.883,30.000000000000004
2024-10-07 13:45:47,224.873,224.873,224.873,224.873,10.0
2024-10-07 13:45:48,224.874,224.874,224.873,224.873,20.0
2024-10-07 13:45:49,224.873,224.873,224.873,224.873,20.0
2024-10-07 13:45:50,224.874,224.894,224.874,224.894,40.0
2024-10-07 13:45:51,224.894,224.913,224.894,224.913,20.0
2024-10-07 13:45:52,224.943,224.953,224.943,224.953,20.0
2024-10-07 13:45:53,224.913,224.923,224.913,224.923,20.0
2024-10-07 13:45:54,224.914,224.914,224.914,224.914,10.0
2024-10-07 13:45:55,224.924,224.924,224.924,224.924,10.0
2024-10-07 13:45:56,224.914,224.914,224.914,224.914,10.0
2024-10-07 13:45:57,224.874,224.884,224.874,224.884,20.0
2024-10-07 13:45:59,224.883,224.914,224.883,224.914,20.0
2024-10-07 13:46:00,224.924,224.924,224.924,224.924,20.0
2024-10-07 13:46:01,224.913,224.934,224.913,224.934,30.000000000000004
2024-10-07 13:46:02,224.934,224.934,224.933,224.933,20.0
2024-10-07 13:46:03,224.934,224.934,224.934,224.934,10.0
2024-10-07 13:46:04,224.953,224.953,224.953,224.953,10.0
2024-10-07 13:46:06,224.964,224.974,224.964,224.974,20.0
2024-10-07 13:46:08,224.994,224.994,224.984,224.994,30.000000000000004
2024-10-07 13:46:09,224.993,224.993,224.993,224.993,10.0
2024-10-07 13:46:10,224.984,224.994,224.963,224.983,40.0
2024-10-07 13:46:11,224.994,225.034,224.994,225.034,60.0
2024-10-07 13:46:12,225.034,225.044,225.023,225.023,40.0
2024-10-07 13:46:13,225.023,225.023,225.003,225.003,30.000000000000004
2024-10-07 13:46:14,225.013,225.094,225.013,225.093,50.0
2024-10-07 13:46:15,225.103,225.143,225.103,225.134,30.000000000000004
2024-10-07 13:46:16,225.143,225.143,225.114,225.114,30.000000000000004
2024-10-07 13:46:17,225.114,225.114,225.103,225.103,20.0
2024-10-07 13:46:18,225.093,225.093,225.093,225.093,10.0
2024-10-07 13:46:19,225.103,225.103,225.093,225.094,40.0
2024-10-07 13:46:20,225.103,225.103,225.103,225.103,10.0
2024-10-07 13:46:21,225.104,225.104,225.083,225.104,30.000000000000004
2024-10-07 13:46:23,225.163,225.254,225.163,225.253,70.00000000000001
2024-10-07 13:46:24,225.294,225.294,225.254,225.254,30.000000000000004
2024-10-07 13:46:25,225.234,225.234,225.233,225.233,20.0
2024-10-07 13:46:26,225.254,225.254,225.254,225.254,10.0
2024-10-07 13:46:29,225.254,225.254,225.253,225.254,40.0
2024-10-07 13:46:31,225.244,225.274,225.244,225.263,70.00000000000001
2024-10-07 13:46:32,225.273,225.304,225.273,225.303,40.0
2024-10-07 13:46:33,225.304,225.344,225.303,225.343,70.00000000000001
2024-10-07 13:46:34,225.344,225.344,225.324,225.324,20.0
2024-10-07 13:46:36,225.313,225.314,225.274,225.274,40.0
2024-10-07 13:46:37,225.294,225.294,225.274,225.274,40.0
2024-10-07 13:46:38,225.303,225.313,225.303,225.313,20.0
2024-10-07 13:46:39,225.314,225.314,225.314,225.314,10.0
2024-10-07 13:46:40,225.324,225.324,225.324,225.324,10.0
2024-10-07 13:46:42,225.334,225.374,225.334,225.374,70.00000000000001
2024-10-07 13:46:43,225.353,225.353,225.353,225.353,10.0
2024-10-07 13:46:44,225.294,225.294,225.283,225.294,30.000000000000004
2024-10-07 13:46:45,225.294,225.294,225.253,225.284,70.00000000000001
2024-10-07 13:46:47,225.294,225.294,225.283,225.283,30.000000000000004
2024-10-07 13:46:49,225.273,225.273,225.273,225.273,10.0
2024-10-07 13:46:50,225.284,225.304,225.284,225.303,80.0
2024-10-07 13:46:51,225.304,225.304,225.293,225.293,20.0
2024-10-07 13:46:52,225.304,225.304,225.304,225.304,20.0
2024-10-07 13:46:53,225.313,225.313,225.294,225.294,20.0
2024-10-07 13:46:55,225.253,225.263,225.253,225.263,20.0
2024-10-07 13:46:56,225.223,225.223,225.223,225.223,10.0
2024-10-07 13:46:57,225.223,225.233,225.223,225.233,40.0
2024-10-07 13:46:58,225.254,225.254,225.254,225.254,10.0
2024-10-07 13:47:00,225.254,225.254,225.254,225.254,10.0
2024-10-07 13:47:01,225.274,225.274,225.274,225.274,10.0
2024-10-07 13:47:02,225.274,225.274,225.273,225.273,20.0
2024-10-07 13:47:03,225.274,225.283,225.273,225.283,40.0
2024-10-07 13:47:04,225.283,225.283,225.254,225.254,20.0
2024-10-07 13:47:05,225.274,225.274,225.274,225.274,10.0
2024-10-07 13:47:06,225.274,225.363,225.274,225.363,50.0
2024-10-07 13:47:07,225.394,225.404,225.353,225.373,70.00000000000001
2024-10-07 13:47:08,225.374,225.374,225.313,225.313,50.0
2024-10-07 13:47:10,225.323,225.344,225.323,225.333,60.0
2024-10-07 13:47:11,225.324,225.324,225.324,225.324,20.0
2024-10-07 13:47:12,225.323,225.374,225.323,225.374,40.0
2024-10-07 13:47:13,225.373,225.384,225.353,225.384,40.0
2024-10-07 13:47:14,225.393,225.403,225.393,225.403,40.0
2024-10-07 13:47:15,225.404,225.404,225.404,225.404,10.0
2024-10-07 13:47:17,225.453,225.453,225.403,225.403,30.000000000000004
2024-10-07 13:47:18,225.403,225.403,225.383,225.393,40.0
2024-10-07 13:47:19,225.384,225.394,225.353,225.353,40.0
2024-10-07 13:47:20,225.364,225.364,225.363,225.363,30.000000000000004
2024-10-07 13:47:21,225.373,225.374,225.343,225.354,50.0
2024-10-07 13:47:24,225.354,225.354,225.354,225.354,20.0
2024-10-07 13:47:25,225.333,225.333,225.333,225.333,10.0
2024-10-07 13:47:27,225.293,225.293,225.293,225.293,10.0
2024-10-07 13:47:28,225.303,225.313,225.293,225.304,60.0
2024-10-07 13:47:29,225.313,225.314,225.303,225.303,30.000000000000004
2024-10-07 13:47:30,225.313,225.313,225.303,225.303,20.0
2024-10-07 13:47:31,225.323,225.324,225.323,225.324,20.0
2024-10-07 13:47:32,225.323,225.334,225.323,225.334,40.0
2024-10-07 13:47:33,225.334,225.354,225.334,225.353,50.0
2024-10-07 13:47:34,225.343,225.343,225.333,225.334,30.000000000000004
2024-10-07 13:47:35,225.303,225.314,225.303,225.314,30.000000000000004
2024-10-07 13:47:36,225.314,225.314,225.303,225.303,30.000000000000004
2024-10-07 13:47:38,225.304,225.304,225.303,225.303,30.000000000000004
2024-10-07 13:47:40,225.274,225.304,225.274,225.304,40.0
2024-10-07 13:47:41,225.273,225.273,225.264,225.264,20.0
2024-10-07 13:47:42,225.243,225.243,225.223,225.224,40.0
2024-10-07 13:47:43,225.213,225.214,225.184,225.184,40.0
2024-10-07 13:47:44,225.214,225.214,225.193,225.194,60.0
2024-10-07 13:47:45,225.174,225.213,225.174,225.203,40.0
2024-10-07 13:47:46,225.203,225.203,225.203,225.203,20.0
2024-10-07 13:47:47,225.193,225.193,225.193,225.193,10.0
2024-10-07 13:47:48,225.204,225.204,225.204,225.204,10.0
2024-10-07 13:47:50,225.204,225.204,225.204,225.204,10.0
2024-10-07 13:47:51,225.203,225.274,225.203,225.223,70.00000000000001
2024-10-07 13:47:52,225.214,225.214,225.214,225.214,20.0
2024-10-07 13:47:53,225.234,225.234,225.204,225.204,50.0
2024-10-07 13:47:54,225.203,225.204,225.173,225.173,70.00000000000001
2024-10-07 13:47:55,225.193,225.193,225.144,225.153,50.0
2024-10-07 13:47:57,225.144,225.154,225.143,225.154,40.0
2024-10-07 13:47:58,225.143,225.144,225.133,225.134,40.0
2024-10-07 13:48:00,225.163,225.163,225.163,225.163,10.0
2024-10-07 13:48:01,225.173,225.173,225.173,225.173,40.0
2024-10-07 13:48:02,225.173,225.204,225.173,225.204,40.0
2024-10-07 13:48:03,225.204,225.204,225.204,225.204,10.0
2024-10-07 13:48:04,225.193,225.203,225.193,225.203,20.0
2024-10-07 13:48:05,225.194,225.204,225.153,225.153,50.0
2024-10-07 13:48:06,225.144,225.153,225.144,225.153,30.000000000000004
2024-10-07 13:48:07,225.193,225.204,225.193,225.204,30.000000000000004
2024-10-07 13:48:08,225.204,225.204,225.193,225.203,30.000000000000004
2024-10-07 13:48:09,225.194,225.194,225.184,225.184,30.000000000000004
2024-10-07 13:48:10,225.183,225.183,225.173,225.173,20.0
2024-10-07 13:48:11,225.194,225.194,225.194,225.194,10.0
2024-10-07 13:48:12,225.193,225.203,225.193,225.194,30.000000000000004
2024-10-07 13:48:13,225.163,225.184,225.163,225.173,30.000000000000004
2024-10-07 13:48:14,225.174,225.174,225.094,225.094,60.0
2024-10-07 13:48:15,225.104,225.104,225.053,225.073,50.0
2024-10-07 13:48:16,225.084,225.123,225.084,225.123,50.0
2024-10-07 13:48:17,225.133,225.133,225.133,225.133,10.0
2024-10-07 13:48:18,225.114,225.114,225.114,225.114,10.0
2024-10-07 13:48:21,225.114,225.114,225.114,225.114,10.0
2024-10-07 13:48:22,225.114,225.154,225.114,225.154,30.000000000000004
2024-10-07 13:48:23,225.154,225.154,225.124,225.134,30.000000000000004
2024-10-07 13:48:24,225.134,225.134,225.134,225.134,10.0
2024-10-07 13:48:25,225.134,225.134,225.134,225.134,10.0
2024-10-07 13:48:27,225.134,225.134,225.133,225.133,30.000000000000004
2024-10-07 13:48:28,225.123,225.123,225.123,225.123,10.0
2024-10-07 13:48:29,225.124,225.124,225.113,225.113,20.0
2024-10-07 13:48:30,225.124,225.124,225.114,225.114,40.0
2024-10-07 13:48:31,225.124,225.124,225.123,225.123,20.0
2024-10-07 13:48:32,225.123,225.144,225.123,225.144,20.0
2024-10-07 13:48:33,225.164,225.164,225.164,225.164,20.0
2024-10-07 13:48:35,225.143,225.144,225.143,225.144,20.0
2024-10-07 13:48:36,225.154,225.154,225.153,225.153,20.0
2024-10-07 13:48:37,225.154,225.154,225.154,225.154,10.0
2024-10-07 13:48:38,225.163,225.163,225.163,225.163,20.0
2024-10-07 13:48:40,225.143,225.144,225.133,225.143,50.0
2024-10-07 13:48:41,225.114,225.114,225.104,225.104,20.0
2024-10-07 13:48:42,225.074,225.074,225.073,225.073,20.0
2024-10-07 13:48:43,225.113,225.113,225.093,225.104,30.000000000000004
2024-10-07 13:48:45,225.094,225.094,225.094,225.094,10.0
2024-10-07 13:48:46,225.144,225.144,225.084,225.084,50.0
2024-10-07 13:48:47,225.054,225.064,225.033,225.064,40.0
2024-10-07 13:48:48,225.074,225.074,225.073,225.073,20.0
2024-10-07 13:48:49,225.074,225.074,225.063,225.063,20.0
2024-10-07 13:48:50,225.054,225.054,225.034,225.034,50.0
2024-10-07 13:48:51,225.023,225.023,224.983,224.984,30.000000000000004
2024-10-07 13:48:53,225.013,225.024,225.013,225.024,20.0
2024-10-07 13:48:54,225.044,225.094,225.043,225.094,40.0
2024-10-07 13:48:57,225.094,225.094,225.093,225.093,30.000000000000004
2024-10-07 13:48:58,225.104,225.104,225.093,225.093,20.0
2024-10-07 13:48:59,225.073,225.084,225.073,225.084,40.0
2024-10-07 13:49:00,225.073,225.093,225.073,225.093,40.0
2024-10-07 13:49:01,225.093,225.094,225.093,225.094,40.0
2024-10-07 13:49:02,225.104,225.124,225.104,225.124,40.0
2024-10-07 13:49:03,225.123,225.123,225.123,225.123,10.0
2024-10-07 13:49:04,225.134,225.134,225.134,225.134,10.0
2024-10-07 13:49:05,225.133,225.133,225.104,225.104,40.0
2024-10-07 13:49:06,225.093,225.124,225.093,225.124,20.0
2024-10-07 13:49:07,225.143,225.154,225.143,225.154,50.0
2024-10-07 13:49:08,225.154,225.164,225.154,225.164,20.0
2024-10-07 13:49:09,225.164,225.164,225.164,225.164,20.0
2024-10-07 13:49:11,225.174,225.174,225.174,225.174,10.0
2024-10-07 13:49:12,225.173,225.174,225.173,225.174,20.0
2024-10-07 13:49:13,225.174,225.174,225.174,225.174,20.0
2024-10-07 13:49:14,225.174,225.174,225.133,225.153,40.0
2024-10-07 13:49:15,225.154,225.154,225.154,225.154,10.0
2024-10-07 13:49:16,225.113,225.114,225.113,225.113,40.0
2024-10-07 13:49:17,225.094,225.134,225.094,225.133,30.000000000000004
2024-10-07 13:49:19,225.134,225.134,225.093,225.093,20.0
2024-10-07 13:49:22,225.124,225.124,225.123,225.123,30.000000000000004
2024-10-07 13:49:23,225.134,225.134,225.094,225.094,30.000000000000004
2024-10-07 13:49:24,225.094,225.094,225.094,225.094,10.0
2024-10-07 13:49:25,225.114,225.114,225.103,225.114,30.000000000000004
2024-10-07 13:49:26,225.113,225.113,225.113,225.113,20.0
2024-10-07 13:49:27,225.114,225.114,225.113,225.114,40.0
2024-10-07 13:49:28,225.143,225.143,225.143,225.143,10.0
2024-10-07 13:49:29,225.133,225.153,225.133,225.153,20.0
2024-10-07 13:49:30,225.144,225.144,225.143,225.143,30.000000000000004
2024-10-07 13:49:31,225.143,225.143,225.143,225.143,10.0
2024-10-07 13:49:32,225.133,225.133,225.124,225.124,20.0
2024-10-07 13:49:33,225.113,225.113,225.084,225.094,40.0
2024-10-07 13:49:34,225.083,225.083,225.074,225.074,20.0
2024-10-07 13:49:35,225.063,225.074,225.063,225.064,30.000000000000004
2024-10-07 13:49:37,225.053,225.063,225.053,225.063,40.0
2024-10-07 13:49:38,225.053,225.064,225.053,225.064,40.0
2024-10-07 13:49:39,225.093,225.093,225.073,225.073,30.000000000000004
2024-10-07 13:49:40,225.074,225.074,225.074,225.074,10.0
2024-10-07 13:49:44,225.094,225.094,225.094,225.094,10.0
2024-10-07 13:49:45,225.093,225.094,225.093,225.094,30.000000000000004
2024-10-07 13:49:46,225.073,225.073,225.063,225.063,40.0
2024-10-07 13:49:47,225.064,225.064,225.043,225.044,30.000000000000004
2024-10-07 13:49:48,225.033,225.043,225.033,225.043,20.0
2024-10-07 13:49:49,225.063,225.064,225.063,225.064,20.0
2024-10-07 13:49:50,225.083,225.084,225.083,225.084,20.0
2024-10-07 13:49:51,225.083,225.114,225.083,225.113,40.0
2024-10-07 13:49:52,225.094,225.094,225.094,225.094,20.0
2024-10-07 13:49:54,225.103,225.103,225.103,225.103,10.0
2024-10-07 13:49:55,225.114,225.114,225.114,225.114,10.0
2024-10-07 13:49:56,225.113,225.124,225.103,225.113,60.0
2024-10-07 13:49:57,225.113,225.113,225.073,225.073,50.0
2024-10-07 13:49:58,225.054,225.054,225.043,225.043,30.000000000000004
2024-10-07 13:50:00,225.033,225.033,225.014,225.023,60.0
2024-10-07 13:50:01,225.023,225.023,225.023,225.023,20.0
2024-10-07 13:50:02,224.984,225.003,224.984,225.003,30.000000000000004
2024-10-07 13:50:03,225.003,225.003,224.964,224.974,40.0
2024-10-07 13:50:04,224.923,224.924,224.923,224.924,20.0
2024-10-07 13:50:05,224.954,224.954,224.954,224.954,20.0
2024-10-07 13:50:07,224.953,224.953,224.953,224.953,10.0
2024-10-07 13:50:08,224.953,224.953,224.944,224.944,30.000000000000004
2024-10-07 13:50:09,224.974,224.974,224.974,224.974,10.0
2024-10-07 13:50:10,224.974,224.983,224.974,224.983,20.0
2024-10-07 13:50:13,224.984,224.984,224.984,224.984,10.0
2024-10-07 13:50:15,224.984,224.984,224.974,224.974,20.0
2024-10-07 13:50:16,224.973,224.974,224.964,224.974,30.000000000000004
2024-10-07 13:50:18,224.953,224.974,224.953,224.974,20.0
2024-10-07 13:50:19,224.954,224.954,224.933,224.943,30.000000000000004
2024-10-07 13:50:20,224.914,224.933,224.914,224.933,30.000000000000004
2024-10-07 13:50:23,224.944,224.953,224.944,224.953,20.0
2024-10-07 13:50:24,224.943,224.943,224.903,224.913,50.0
2024-10-07 13:50:25,224.884,224.903,224.884,224.894,40.0
2024-10-07 13:50:26,224.884,224.894,224.884,224.894,20.0
2024-10-07 13:50:27,224.884,224.894,224.884,224.884,30.000000000000004
2024-10-07 13:50:28,224.893,224.893,224.883,224.883,20.0
2024-10-07 13:50:29,224.894,224.894,224.894,224.894,10.0
2024-10-07 13:50:30,224.884,224.884,224.883,224.883,20.0
2024-10-07 13:50:31,224.884,224.884,224.884,224.884,10.0
2024-10-07 13:50:33,224.883,224.883,224.883,224.883,10.0
2024-10-07 13:50:35,224.894,224.903,224.894,224.903,20.0
2024-10-07 13:50:36,224.923,224.934,224.923,224.934,50.0
2024-10-07 13:50:37,224.933,224.954,224.933,224.954,30.000000000000004
2024-10-07 13:50:38,224.944,224.944,224.944,224.944,10.0
2024-10-07 13:50:39,224.943,224.943,224.943,224.943,10.0
2024-10-07 13:50:41,224.954,224.954,224.954,224.954,10.0
2024-10-07 13:50:43,224.953,224.994,224.953,224.993,40.0
2024-10-07 13:50:45,225.034,225.034,225.023,225.034,60.0
2024-10-07 13:50:46,225.004,225.004,224.973,224.973,30.000000000000004
2024-10-07 13:50:47,224.973,224.973,224.963,224.963,20.0
2024-10-07 13:50:48,224.954,224.954,224.954,224.954,10.0
2024-10-07 13:50:49,224.943,224.943,224.943,224.943,10.0
2024-10-07 13:50:50,224.923,224.923,224.884,224.884,40.0
2024-10-07 13:50:51,224.883,224.924,224.883,224.913,70.00000000000001
2024-10-07 13:50:52,224.873,224.883,224.863,224.883,40.0
2024-10-07 13:50:53,224.854,224.883,224.854,224.883,20.0
2024-10-07 13:50:54,224.883,224.883,224.883,224.883,10.0
2024-10-07 13:50:55,224.884,224.884,224.884,224.884,30.000000000000004
2024-10-07 13:50:56,224.883,224.883,224.883,224.883,10.0
2024-10-07 13:50:57,224.883,224.883,224.863,224.863,30.000000000000004
2024-10-07 13:50:58,224.914,224.914,224.914,224.914,10.0
2024-10-07 13:50:59,224.914,224.914,224.914,224.914,10.0
2024-10-07 13:51:00,224.904,224.904,224.904,224.904,10.0
2024-10-07 13:51:01,224.904,224.904,224.904,224.904,10.0
2024-10-07 13:51:02,224.904,224.933,224.883,224.923,60.0
2024-10-07 13:51:03,224.923,224.933,224.923,224.933,20.0
2024-10-07 13:51:04,224.923,224.934,224.904,224.904,50.0
2024-10-07 13:51:05,224.934,224.934,224.934,224.934,20.0
2024-10-07 13:51:06,224.903,224.933,224.903,224.933,20.0
2024-10-07 13:51:08,224.914,224.914,224.914,224.914,10.0
2024-10-07 13:51:09,224.944,224.944,224.944,224.944,10.0
2024-10-07 13:51:10,224.954,224.963,224.954,224.963,20.0
2024-10-07 13:51:12,224.944,224.954,224.944,224.954,20.0
2024-10-07 13:51:13,224.913,224.954,224.913,224.943,50.0
2024-10-07 13:51:14,224.934,224.943,224.933,224.933,30.000000000000004
2024-10-07 13:51:15,224.944,224.944,224.903,224.903,30.000000000000004
2024-10-07 13:51:16,224.913,224.923,224.913,224.923,20.0
2024-10-07 13:51:17,224.873,224.874,224.873,224.874,20.0
2024-10-07 13:51:18,224.884,224.903,224.884,224.903,20.0
2024-10-07 13:51:19,224.883,224.884,224.883,224.884,20.0
2024-10-07 13:51:20,224.903,224.953,224.903,224.953,40.0
2024-10-07 13:51:21,224.953,224.964,224.953,224.964,20.0
2024-10-07 13:51:22,224.943,224.944,224.943,224.943,30.000000000000004
2024-10-07 13:51:25,224.984,225.004,224.984,225.003,70.00000000000001
2024-10-07 13:51:26,225.004,225.004,224.944,224.973,30.000000000000004
2024-10-07 13:51:27,224.963,224.974,224.963,224.974,30.000000000000004
2024-10-07 13:51:28,224.983,224.983,224.983,224.983,10.0
2024-10-07 13:51:29,224.993,224.993,224.983,224.983,20.0
2024-10-07 13:51:30,224.974,224.974,224.923,224.923,20.0
2024-10-07 13:51:31,224.973,224.974,224.973,224.974,30.000000000000004
2024-10-07 13:51:33,224.973,224.994,224.973,224.994,40.0
2024-10-07 13:51:34,224.994,225.013,224.994,225.004,30.000000000000004
2024-10-07 13:51:35,224.993,224.994,224.993,224.994,20.0
2024-10-07 13:51:36,225.013,225.013,225.013,225.013,20.0
2024-10-07 13:51:38,225.004,225.004,225.004,225.004,10.0
2024-10-07 13:51:41,225.024,225.024,225.024,225.024,10.0
2024-10-07 13:51:42,225.013,225.044,225.013,225.044,30.000000000000004
2024-10-07 13:51:43,225.043,225.043,225.024,225.034,30.000000000000004
2024-10-07 13:51:45,225.033,225.033,225.033,225.033,10.0
2024-10-07 13:51:46,225.033,225.074,225.033,225.074,40.0
2024-10-07 13:51:47,225.073,225.094,225.073,225.084,60.0
2024-10-07 13:51:48,225.093,225.093,225.053,225.053,20.0
2024-10-07 13:51:49,225.043,225.044,225.033,225.033,30.000000000000004
2024-10-07 13:51:50,225.023,225.043,225.023,225.043,20.0
2024-10-07 13:51:51,225.033,225.044,225.033,225.044,30.000000000000004
2024-10-07 13:51:52,225.013,225.023,224.994,225.023,50.0
2024-10-07 13:51:53,225.003,225.003,224.983,224.993,30.000000000000004
2024-10-07 13:51:54,225.043,225.044,225.023,225.023,30.000000000000004
2024-10-07 13:51:55,225.034,225.034,225.034,225.034,20.0
2024-10-07 13:51:56,225.033,225.033,224.994,224.994,40.0
2024-10-07 13:51:57,225.003,225.013,224.993,224.994,50.0
2024-10-07 13:51:58,224.994,225.013,224.994,225.013,30.000000000000004
2024-10-07 13:51:59,225.014,225.023,225.014,225.023,20.0
2024-10-07 13:52:01,225.023,225.064,225.023,225.064,50.0
2024-10-07 13:52:02,225.104,225.104,225.083,225.084,30.000000000000004
2024-10-07 13:52:03,225.083,225.083,225.083,225.083,20.0
2024-10-07 13:52:04,225.103,225.103,225.103,225.103,10.0
2024-10-07 13:52:05,225.104,225.104,225.104,225.104,10.0
2024-10-07 13:52:06,225.064,225.084,225.064,225.084,40.0
2024-10-07 13:52:07,225.063,225.084,225.063,225.064,40.0
2024-10-07 13:52:08,225.064,225.064,225.064,225.064,10.0
2024-10-07 13:52:09,225.033,225.033,225.033,225.033,10.0
2024-10-07 13:52:10,225.033,225.033,225.033,225.033,10.0
2024-10-07 13:52:11,225.043,225.064,225.043,225.064,30.000000000000004
2024-10-07 13:52:12,225.064,225.064,225.063,225.063,30.000000000000004
2024-10-07 13:52:13,225.063,225.063,225.063,225.063,10.0
2024-10-07 13:52:15,225.053,225.053,225.053,225.053,10.0
2024-10-07 13:52:16,225.063,225.064,225.044,225.064,30.000000000000004
2024-10-07 13:52:17,225.074,225.103,225.074,225.103,40.0
2024-10-07 13:52:18,225.113,225.114,225.113,225.114,20.0
2024-10-07 13:52:20,225.093,225.093,225.093,225.093,10.0
2024-10-07 13:52:21,225.093,225.094,225.093,225.094,20.0
2024-10-07 13:52:26,225.094,225.104,225.094,225.104,30.000000000000004
2024-10-07 13:52:29,225.104,225.104,225.104,225.104,10.0
2024-10-07 13:52:30,225.073,225.154,225.073,225.154,50.0
2024-10-07 13:52:31,225.144,225.144,225.134,225.134,20.0
2024-10-07 13:52:32,225.123,225.123,225.104,225.114,30.000000000000004
2024-10-07 13:52:33,225.124,225.124,225.124,225.124,10.0
2024-10-07 13:52:34,225.124,225.124,225.124,225.124,10.0
2024-10-07 13:52:35,225.093,225.103,225.093,225.103,20.0
2024-10-07 13:52:36,225.093,225.104,225.093,225.093,40.0
2024-10-07 13:52:37,225.094,225.094,225.094,225.094,10.0
2024-10-07 13:52:41,225.084,225.084,225.084,225.084,10.0
2024-10-07 13:52:42,225.093,225.093,225.093,225.093,10.0
2024-10-07 13:52:44,225.083,225.083,225.064,225.064,30.000000000000004
2024-10-07 13:52:45,225.034,225.084,225.034,225.083,50.0
2024-10-07 13:52:48,225.084,225.084,225.084,225.084,20.0
2024-10-07 13:52:49,225.124,225.124,225.103,225.103,80.0
2024-10-07 13:52:50,225.093,225.103,225.093,225.103,20.0
2024-10-07 13:52:51,225.094,225.104,225.094,225.094,50.0
2024-10-07 13:52:52,225.073,225.123,225.073,225.123,60.0
2024-10-07 13:52:53,225.104,225.104,225.104,225.104,10.0
2024-10-07 13:52:55,225.104,225.104,225.104,225.104,10.0
2024-10-07 13:52:56,225.114,225.114,225.114,225.114,10.0
2024-10-07 13:52:57,225.113,225.113,225.113,225.113,10.0
2024-10-07 13:52:58,225.113,225.113,225.064,225.064,30.000000000000004
2024-10-07 13:52:59,225.074,225.074,225.073,225.073,20.0
2024-10-07 13:53:00,225.073,225.074,225.054,225.064,60.0
2024-10-07 13:53:01,225.043,225.074,225.043,225.053,50.0
2024-10-07 13:53:02,225.063,225.063,225.063,225.063,10.0
2024-10-07 13:53:03,225.053,225.063,225.034,225.034,40.0
2024-10-07 13:53:04,225.014,225.014,225.014,225.014,30.000000000000004
2024-10-07 13:53:05,225.024,225.034,225.023,225.034,40.0
2024-10-07 13:53:06,225.034,225.053,225.034,225.053,30.000000000000004
2024-10-07 13:53:07,225.054,225.083,225.054,225.083,50.0
2024-10-07 13:53:09,225.044,225.044,225.044,225.044,30.000000000000004
2024-10-07 13:53:10,225.034,225.034,225.034,225.034,10.0
2024-10-07 13:53:11,225.043,225.044,225.034,225.044,30.000000000000004
2024-10-07 13:53:12,225.033,225.033,225.013,225.023,30.000000000000004
2024-10-07 13:53:15,225.043,225.043,225.033,225.033,30.000000000000004
2024-10-07 13:53:16,225.034,225.034,225.033,225.033,20.0
2024-10-07 13:53:17,225.043,225.044,225.043,225.044,20.0
2024-10-07 13:53:18,225.043,225.044,225.043,225.044,20.0
2024-10-07 13:53:19,225.054,225.084,225.053,225.083,50.0
2024-10-07 13:53:20,225.063,225.063,225.043,225.043,20.0
2024-10-07 13:53:21,225.043,225.064,225.043,225.064,20.0
2024-10-07 13:53:22,225.063,225.074,225.063,225.074,30.000000000000004
2024-10-07 13:53:23,225.064,225.074,225.064,225.074,20.0
2024-10-07 13:53:24,225.073,225.073,225.073,225.073,10.0
2024-10-07 13:53:26,225.044,225.044,225.044,225.044,10.0
2024-10-07 13:53:27,225.054,225.054,225.054,225.054,10.0
2024-10-07 13:53:30,225.043,225.054,225.043,225.044,30.000000000000004
2024-10-07 13:53:31,225.043,225.044,225.043,225.044,20.0
2024-10-07 13:53:32,225.013,225.043,225.013,225.043,30.000000000000004
2024-10-07 13:53:37,224.983,224.983,224.964,224.973,50.0
2024-10-07 13:53:38,224.983,225.004,224.983,225.004,30.000000000000004
2024-10-07 13:53:39,225.004,225.013,225.003,225.003,40.0
2024-10-07 13:53:40,225.004,225.004,225.004,225.004,10.0
2024-10-07 13:53:41,224.994,224.994,224.994,224.994,10.0
2024-10-07 13:53:43,224.964,224.964,224.953,224.963,30.000000000000004
2024-10-07 13:53:44,224.933,224.933,224.933,224.933,10.0
2024-10-07 13:53:45,224.934,224.954,224.933,224.934,40.0
2024-10-07 13:53:47,224.904,224.904,224.904,224.904,10.0
2024-10-07 13:53:48,224.914,224.914,224.914,224.914,10.0
2024-10-07 13:53:49,224.893,224.903,224.893,224.903,20.0
2024-10-07 13:53:50,224.903,224.924,224.903,224.924,20.0
2024-10-07 13:53:51,224.923,224.923,224.913,224.913,20.0
2024-10-07 13:53:52,224.934,224.934,224.934,224.934,10.0
2024-10-07 13:53:53,224.924,224.954,224.923,224.953,90.0
2024-10-07 13:53:54,224.954,224.954,224.954,224.954,20.0
2024-10-07 13:53:55,224.953,224.954,224.953,224.954,40.0
2024-10-07 13:53:58,224.964,224.964,224.964,224.964,10.0
2024-10-07 13:53:59,224.953,224.953,224.953,224.953,10.0
2024-10-07 13:54:00,224.963,224.963,224.963,224.963,10.0
2024-10-07 13:54:01,224.944,224.944,224.944,224.944,10.0
2024-10-07 13:54:02,224.944,224.944,224.944,224.944,10.0
2024-10-07 13:54:03,224.944,224.944,224.943,224.943,20.0
2024-10-07 13:54:04,224.994,224.994,224.993,224.993,30.000000000000004
2024-10-07 13:54:05,224.993,224.994,224.993,224.993,40.0
2024-10-07 13:54:06,224.954,224.993,224.954,224.973,40.0
2024-10-07 13:54:07,224.974,224.974,224.974,224.974,10.0
2024-10-07 13:54:08,224.974,224.974,224.953,224.953,20.0
2024-10-07 13:54:09,224.953,225.014,224.953,225.014,40.0
2024-10-07 13:54:10,225.013,225.013,224.944,224.954,40.0
2024-10-07 13:54:11,224.923,224.954,224.873,224.873,60.0
2024-10-07 13:54:12,224.873,224.873,224.873,224.873,20.0
2024-10-07 13:54:13,224.884,224.884,224.884,224.884,10.0
2024-10-07 13:54:14,224.844,224.864,224.844,224.853,50.0
2024-10-07 13:54:15,224.864,224.864,224.864,224.864,10.0
2024-10-07 13:54:16,224.824,224.824,224.804,224.804,20.0
2024-10-07 13:54:17,224.803,224.803,224.794,224.803,30.000000000000004
2024-10-07 13:54:18,224.804,224.804,224.784,224.784,50.0
2024-10-07 13:54:19,224.793,224.803,224.793,224.803,20.0
2024-10-07 13:54:20,224.804,224.804,224.804,224.804,20.0
2024-10-07 13:54:21,224.804,224.804,224.803,224.804,30.000000000000004
2024-10-07 13:54:23,224.804,224.804,224.783,224.803,30.000000000000004
2024-10-07 13:54:24,224.783,224.803,224.783,224.803,20.0
2024-10-07 13:54:25,224.773,224.773,224.773,224.773,20.0
2024-10-07 13:54:26,224.803,224.813,224.803,224.804,30.000000000000004
2024-10-07 13:54:27,224.793,224.804,224.793,224.804,20.0
2024-10-07 13:54:30,224.824,224.824,224.824,224.824,10.0
2024-10-07 13:54:31,224.824,224.824,224.814,224.814,20.0
2024-10-07 13:54:32,224.843,224.864,224.843,224.854,50.0
2024-10-07 13:54:33,224.843,224.854,224.843,224.854,20.0
2024-10-07 13:54:34,224.854,224.854,224.854,224.854,10.0
2024-10-07 13:54:35,224.864,224.864,224.854,224.863,30.000000000000004
2024-10-07 13:54:36,224.854,224.854,224.844,224.844,30.000000000000004
2024-10-07 13:54:38,224.834,224.864,224.834,224.864,40.0
2024-10-07 13:54:39,224.823,224.843,224.823,224.843,30.000000000000004
2024-10-07 13:54:41,224.833,224.833,224.833,224.833,10.0
2024-10-07 13:54:45,224.844,224.864,224.844,224.864,40.0
2024-10-07 13:54:46,224.864,224.864,224.854,224.854,20.0
2024-10-07 13:54:47,224.833,224.833,224.823,224.824,30.000000000000004
2024-10-07 13:54:48,224.863,224.864,224.844,224.864,40.0
2024-10-07 13:54:49,224.854,224.864,224.854,224.864,20.0
2024-10-07 13:54:50,224.873,224.884,224.873,224.884,30.000000000000004
2024-10-07 13:54:51,224.884,224.884,224.884,224.884,10.0
2024-10-07 13:54:53,224.873,224.873,224.873,224.873,10.0
2024-10-07 13:54:54,224.883,224.904,224.883,224.904,30.000000000000004
2024-10-07 13:54:56,224.903,224.904,224.893,224.904,30.000000000000004
2024-10-07 13:54:57,224.903,224.903,224.884,224.884,20.0
2024-10-07 13:54:58,224.904,224.904,224.904,224.904,10.0
2024-10-07 13:54:59,224.864,224.874,224.864,224.874,20.0
2024-10-07 13:55:00,224.894,224.904,224.893,224.893,30.000000000000004
2024-10-07 13:55:01,224.923,224.924,224.914,224.924,40.0
2024-10-07 13:55:02,224.914,224.924,224.894,224.914,70.00000000000001
2024-10-07 13:55:03,224.903,224.924,224.903,224.923,30.000000000000004
2024-10-07 13:55:04,224.923,224.923,224.923,224.923,10.0
2024-10-07 13:55:05,224.944,224.944,224.944,224.944,10.0
2024-10-07 13:55:07,224.913,224.913,224.913,224.913,10.0
2024-10-07 13:55:08,224.893,225.004,224.893,224.963,80.0
2024-10-07 13:55:09,224.983,224.993,224.973,224.993,80.0
2024-10-07 13:55:10,225.003,225.004,225.003,225.003,60.0
2024-10-07 13:55:11,225.004,225.004,225.004,225.004,10.0
2024-10-07 13:55:12,225.024,225.024,225.004,225.004,30.000000000000004
2024-10-07 13:55:13,225.013,225.023,225.003,225.023,30.000000000000004
2024-10-07 13:55:14,225.024,225.053,225.024,225.053,20.0
2024-10-07 13:55:15,225.063,225.064,225.043,225.043,40.0
2024-10-07 13:55:16,225.074,225.074,225.074,225.074,10.0
2024-10-07 13:55:17,225.064,225.093,225.064,225.093,30.000000000000004
2024-10-07 13:55:18,225.093,225.094,225.093,225.093,30.000000000000004
2024-10-07 13:55:19,225.093,225.094,225.093,225.094,30.000000000000004
2024-10-07 13:55:20,225.104,225.104,225.104,225.104,10.0
2024-10-07 13:55:22,225.134,225.134,225.134,225.134,10.0
2024-10-07 13:55:23,225.164,225.164,225.164,225.164,10.0
2024-10-07 13:55:24,225.164,225.164,225.144,225.144,20.0
2024-10-07 13:55:26,225.133,225.143,225.133,225.143,50.0
2024-10-07 13:55:27,225.143,225.144,225.143,225.144,20.0
2024-10-07 13:55:28,225.134,225.134,225.134,225.134,10.0
2024-10-07 13:55:30,225.134,225.134,225.134,225.134,10.0
2024-10-07 13:55:31,225.143,225.143,225.143,225.143,20.0
2024-10-07 13:55:33,225.133,225.184,225.133,225.174,30.000000000000004
2024-10-07 13:55:34,225.173,225.173,225.173,225.173,10.0
2024-10-07 13:55:37,225.163,225.163,225.153,225.153,40.0
2024-10-07 13:55:38,225.144,225.144,225.144,225.144,10.0
2024-10-07 13:55:39,225.143,225.143,225.143,225.143,40.0
2024-10-07 13:55:40,225.144,225.154,225.144,225.154,30.000000000000004
2024-10-07 13:55:41,225.174,225.184,225.174,225.184,20.0
2024-10-07 13:55:42,225.173,225.184,225.173,225.183,30.000000000000004
2024-10-07 13:55:43,225.184,225.184,225.184,225.184,10.0
2024-10-07 13:55:45,225.183,225.184,225.183,225.184,50.0
2024-10-07 13:55:46,225.204,225.204,225.193,225.193,40.0
2024-10-07 13:55:47,225.184,225.184,225.184,225.184,10.0
2024-10-07 13:55:48,225.194,225.194,225.193,225.193,20.0
2024-10-07 13:55:49,225.184,225.184,225.173,225.173,20.0
2024-10-07 13:55:50,225.184,225.194,225.184,225.194,20.0
2024-10-07 13:55:51,225.244,225.244,225.244,225.244,10.0
2024-10-07 13:55:52,225.244,225.244,225.233,225.233,50.0
2024-10-07 13:55:53,225.224,225.224,225.194,225.194,50.0
2024-10-07 13:55:54,225.183,225.184,225.183,225.184,20.0
2024-10-07 13:55:55,225.184,225.184,225.183,225.183,20.0
2024-10-07 13:55:57,225.183,225.184,225.183,225.184,20.0
2024-10-07 13:55:58,225.184,225.194,225.184,225.194,40.0
2024-10-07 13:56:00,225.193,225.193,225.173,225.173,70.00000000000001
2024-10-07 13:56:01,225.173,225.204,225.173,225.194,50.0
2024-10-07 13:56:02,225.193,225.193,225.183,225.183,30.000000000000004
2024-10-07 13:56:03,225.193,225.203,225.193,225.203,20.0
2024-10-07 13:56:04,225.203,225.203,225.193,225.193,30.000000000000004
2024-10-07 13:56:05,225.183,225.183,225.144,225.144,30.000000000000004
2024-10-07 13:56:06,225.143,225.143,225.084,225.084,50.0
2024-10-07 13:56:07,225.073,225.073,225.044,225.054,80.0
2024-10-07 13:56:08,225.064,225.064,225.003,225.003,40.0
2024-10-07 13:56:09,225.004,225.014,225.004,225.014,30.000000000000004
2024-10-07 13:56:10,225.004,225.004,224.993,224.993,20.0
2024-10-07 13:56:11,224.963,225.004,224.963,224.983,40.0
2024-10-07 13:56:12,224.984,224.984,224.984,224.984,10.0
2024-10-07 13:56:13,224.994,225.004,224.994,225.004,20.0
2024-10-07 13:56:14,225.034,225.034,225.034,225.034,10.0
2024-10-07 13:56:15,225.053,225.073,225.053,225.073,30.000000000000004
2024-10-07 13:56:16,225.074,225.074,225.074,225.074,10.0
2024-10-07 13:56:19,225.053,225.053,225.053,225.053,10.0
2024-10-07 13:56:20,225.073,225.073,225.073,225.073,10.0
2024-10-07 13:56:21,225.073,225.073,225.073,225.073,20.0
2024-10-07 13:56:22,225.074,225.074,225.073,225.074,30.000000000000004
2024-10-07 13:56:23,225.074,225.103,225.074,225.103,20.0
2024-10-07 13:56:24,225.103,225.103,225.084,225.084,30.000000000000004
2024-10-07 13:56:25,225.094,225.103,225.094,225.103,20.0
2024-10-07 13:56:27,225.104,225.104,225.103,225.103,20.0
2024-10-07 13:56:28,225.094,225.094,225.094,225.094,10.0
2024-10-07 13:56:29,225.083,225.083,225.083,225.083,10.0
2024-10-07 13:56:30,225.113,225.133,225.113,225.113,30.000000000000004
2024-10-07 13:56:31,225.103,225.113,225.103,225.113,20.0
2024-10-07 13:56:33,225.103,225.124,225.103,225.124,40.0
2024-10-07 13:56:34,225.123,225.123,225.114,225.114,20.0
2024-10-07 13:56:35,225.124,225.124,225.123,225.123,60.0
2024-10-07 13:56:36,225.133,225.143,225.133,225.134,40.0
2024-10-07 13:56:37,225.154,225.154,225.154,225.154,10.0
2024-10-07 13:56:38,225.174,225.194,225.174,225.194,50.0
2024-10-07 13:56:39,225.224,225.224,225.204,225.213,70.00000000000001
2024-10-07 13:56:40,225.214,225.214,225.214,225.214,10.0
2024-10-07 13:56:42,225.214,225.243,225.214,225.243,30.000000000000004
2024-10-07 13:56:43,225.224,225.224,225.224,225.224,10.0
2024-10-07 13:56:44,225.214,225.224,225.214,225.224,20.0
2024-10-07 13:56:45,225.224,225.224,225.223,225.223,20.0
2024-10-07 13:56:47,225.203,225.204,225.193,225.193,30.000000000000004
2024-10-07 13:56:48,225.204,225.253,225.204,225.233,60.0
2024-10-07 13:56:49,225.243,225.244,225.243,225.244,20.0
2024-10-07 13:56:50,225.244,225.253,225.244,225.253,20.0
2024-10-07 13:56:51,225.254,225.264,225.254,225.264,40.0
2024-10-07 13:56:52,225.254,225.254,225.234,225.234,40.0
2024-10-07 13:56:53,225.243,225.243,225.243,225.243,20.0
2024-10-07 13:56:56,225.234,225.244,225.234,225.244,30.000000000000004
2024-10-07 13:56:57,225.243,225.253,225.243,225.253,20.0
2024-10-07 13:56:58,225.253,225.254,225.253,225.254,30.000000000000004
2024-10-07 13:56:59,225.233,225.243,225.233,225.243,30.000000000000004
2024-10-07 13:57:00,225.203,225.224,225.194,225.213,60.0
2024-10-07 13:57:01,225.213,225.224,225.194,225.194,40.0
2024-10-07 13:57:02,225.203,225.203,225.194,225.194,20.0
2024-10-07 13:57:03,225.163,225.163,225.133,225.154,60.0
2024-10-07 13:57:04,225.143,225.143,225.133,225.133,20.0
2024-10-07 13:57:05,225.144,225.144,225.144,225.144,30.000000000000004
2024-10-07 13:57:09,225.143,225.143,225.143,225.143,10.0
2024-10-07 13:57:10,225.154,225.174,225.154,225.174,20.0
2024-10-07 13:57:11,225.174,225.174,225.163,225.163,40.0
2024-10-07 13:57:12,225.144,225.163,225.144,225.163,20.0
2024-10-07 13:57:13,225.173,225.174,225.164,225.174,40.0
2024-10-07 13:57:14,225.144,225.163,225.144,225.163,20.0
2024-10-07 13:57:15,225.174,225.174,225.163,225.173,50.0
2024-10-07 13:57:17,225.173,225.174,225.173,225.174,20.0
2024-10-07 13:57:18,225.173,225.173,225.153,225.153,20.0
2024-10-07 13:57:19,225.143,225.183,225.143,225.183,60.0
2024-10-07 13:57:21,225.184,225.184,225.164,225.164,30.000000000000004
2024-10-07 13:57:24,225.143,225.153,225.143,225.153,20.0
2024-10-07 13:57:25,225.144,225.154,225.144,225.154,20.0
2024-10-07 13:57:27,225.163,225.163,225.163,225.163,10.0
2024-10-07 13:57:28,225.163,225.164,225.163,225.164,20.0
2024-10-07 13:57:31,225.163,225.164,225.163,225.164,20.0
2024-10-07 13:57:32,225.153,225.154,225.153,225.154,20.0
2024-10-07 13:57:33,225.143,225.163,225.143,225.163,40.0
2024-10-07 13:57:34,225.163,225.163,225.134,225.153,30.000000000000004
2024-10-07 13:57:35,225.154,225.154,225.143,225.144,50.0
2024-10-07 13:57:36,225.114,225.114,225.093,225.094,50.0
2024-10-07 13:57:38,225.093,225.123,225.093,225.123,40.0
2024-10-07 13:57:39,225.134,225.134,225.134,225.134,10.0
2024-10-07 13:57:40,225.133,225.133,225.113,225.123,50.0
2024-10-07 13:57:41,225.143,225.154,225.143,225.153,40.0
2024-10-07 13:57:42,225.143,225.143,225.143,225.143,10.0
2024-10-07 13:57:43,225.124,225.124,225.113,225.113,30.000000000000004
2024-10-07 13:57:44,225.124,225.124,225.124,225.124,10.0
2024-10-07 13:57:45,225.094,225.113,225.094,225.113,20.0
2024-10-07 13:57:46,225.094,225.094,225.064,225.064,30.000000000000004
2024-10-07 13:57:47,225.054,225.074,225.054,225.074,30.000000000000004
2024-10-07 13:57:49,225.063,225.073,225.063,225.073,20.0
2024-10-07 13:57:52,225.063,225.063,225.063,225.063,10.0
2024-10-07 13:57:53,225.073,225.084,225.073,225.084,20.0
2024-10-07 13:57:54,225.073,225.073,225.073,225.073,10.0
2024-10-07 13:57:55,225.084,225.084,225.084,225.084,10.0
2024-10-07 13:57:58,225.084,225.084,225.084,225.084,10.0
2024-10-07 13:57:59,225.064,225.064,225.053,225.053,40.0
2024-10-07 13:58:00,225.063,225.063,225.063,225.063,10.0
2024-10-07 13:58:01,225.043,225.044,225.043,225.044,20.0
2024-10-07 13:58:02,225.054,225.064,225.054,225.054,30.000000000000004
2024-10-07 13:58:03,225.053,225.053,225.043,225.043,30.000000000000004
2024-10-07 13:58:05,225.064,225.064,225.064,225.064,10.0
2024-10-07 13:58:06,225.034,225.034,225.024,225.024,20.0
2024-10-07 13:58:08,225.023,225.044,225.023,225.044,30.000000000000004
2024-10-07 13:58:09,225.044,225.044,225.043,225.043,20.0
2024-10-07 13:58:11,225.024,225.024,225.014,225.014,20.0
2024-10-07 13:58:12,225.023,225.023,225.023,225.023,10.0
2024-10-07 13:58:13,225.033,225.044,225.033,225.044,20.0
2024-10-07 13:58:15,225.044,225.044,225.044,225.044,10.0
2024-10-07 13:58:16,225.074,225.083,225.074,225.083,20.0
2024-10-07 13:58:17,225.103,225.113,225.103,225.113,30.000000000000004
2024-10-07 13:58:20,225.123,225.123,225.123,225.123,10.0
2024-10-07 13:58:21,225.124,225.143,225.124,225.143,40.0
2024-10-07 13:58:22,225.133,225.144,225.133,225.134,30.000000000000004
2024-10-07 13:58:23,225.123,225.123,225.104,225.104,20.0
2024-10-07 13:58:24,225.093,225.093,225.093,225.093,10.0
2024-10-07 13:58:25,225.094,225.103,225.093,225.103,40.0
2024-10-07 13:58:26,225.113,225.124,225.113,225.124,30.000000000000004
2024-10-07 13:58:27,225.124,225.124,225.124,225.124,10.0
2024-10-07 13:58:28,225.143,225.144,225.143,225.144,20.0
2024-10-07 13:58:30,225.103,225.134,225.103,225.133,40.0
2024-10-07 13:58:31,225.143,225.143,225.143,225.143,10.0
2024-10-07 13:58:32,225.124,225.134,225.124,225.134,20.0
2024-10-07 13:58:33,225.113,225.123,225.113,225.123,20.0
2024-10-07 13:58:34,225.143,225.143,225.134,225.134,20.0
2024-10-07 13:58:36,225.124,225.143,225.124,225.143,30.000000000000004
2024-10-07 13:58:37,225.134,225.134,225.134,225.134,10.0
2024-10-07 13:58:38,225.144,225.154,225.144,225.154,30.000000000000004
2024-10-07 13:58:39,225.144,225.153,225.144,225.153,20.0
2024-10-07 13:58:40,225.144,225.154,225.144,225.153,30.000000000000004
2024-10-07 13:58:41,225.153,225.153,225.153,225.153,10.0
2024-10-07 13:58:44,225.164,225.173,225.164,225.173,20.0
2024-10-07 13:58:46,225.174,225.174,225.174,225.174,10.0
2024-10-07 13:58:47,225.174,225.174,225.174,225.174,10.0
2024-10-07 13:58:48,225.164,225.164,225.164,225.164,10.0
2024-10-07 13:58:50,225.174,225.174,225.174,225.174,10.0
2024-10-07 13:58:52,225.164,225.164,225.164,225.164,10.0
2024-10-07 13:58:55,225.174,225.204,225.174,225.204,20.0
2024-10-07 13:58:56,225.204,225.204,225.193,225.193,30.000000000000004
2024-10-07 13:58:57,225.194,225.194,225.194,225.194,10.0
2024-10-07 13:58:58,225.194,225.194,225.184,225.184,30.000000000000004
2024-10-07 13:58:59,225.173,225.173,225.164,225.164,20.0
2024-10-07 13:59:01,225.144,225.164,225.144,225.163,40.0
2024-10-07 13:59:02,225.173,225.174,225.173,225.173,30.000000000000004
2024-10-07 13:59:03,225.143,225.163,225.143,225.163,40.0
2024-10-07 13:59:04,225.164,225.183,225.163,225.183,30.000000000000004
2024-10-07 13:59:05,225.184,225.184,225.184,225.184,10.0
2024-10-07 13:59:06,225.183,225.194,225.183,225.194,60.0
2024-10-07 13:59:07,225.183,225.184,225.183,225.183,40.0
2024-10-07 13:59:08,225.174,225.174,225.174,225.174,10.0
2024-10-07 13:59:09,225.174,225.174,225.173,225.173,20.0
2024-10-07 13:59:10,225.184,225.184,225.183,225.183,30.000000000000004
2024-10-07 13:59:11,225.184,225.184,225.153,225.153,40.0
2024-10-07 13:59:12,225.174,225.174,225.163,225.173,30.000000000000004
2024-10-07 13:59:13,225.163,225.174,225.163,225.173,50.0
2024-10-07 13:59:14,225.173,225.173,225.154,225.154,20.0
2024-10-07 13:59:15,225.154,225.154,225.083,225.093,70.00000000000001
2024-10-07 13:59:16,225.094,225.104,225.094,225.104,20.0
2024-10-07 13:59:17,225.083,225.094,225.083,225.094,50.0
2024-10-07 13:59:18,225.073,225.084,225.064,225.074,40.0
2024-10-07 13:59:19,225.063,225.074,225.044,225.054,50.0
2024-10-07 13:59:20,225.064,225.064,225.064,225.064,10.0
2024-10-07 13:59:21,225.064,225.104,225.064,225.104,50.0
2024-10-07 13:59:22,225.093,225.093,225.083,225.083,20.0
2024-10-07 13:59:23,225.073,225.074,225.073,225.074,30.000000000000004
2024-10-07 13:59:25,225.074,225.084,225.074,225.084,20.0
2024-10-07 13:59:26,225.094,225.094,225.094,225.094,10.0
2024-10-07 13:59:27,225.103,225.114,225.103,225.114,30.000000000000004
2024-10-07 13:59:28,225.103,225.113,225.103,225.113,20.0
2024-10-07 13:59:29,225.084,225.084,225.084,225.084,10.0
2024-10-07 13:59:31,225.074,225.074,225.074,225.074,10.0
2024-10-07 13:59:32,225.094,225.094,225.043,225.054,70.00000000000001
2024-10-07 13:59:33,225.043,225.044,225.033,225.044,50.0
2024-10-07 13:59:34,225.034,225.064,225.034,225.064,30.000000000000004
2024-10-07 13:59:36,225.074,225.074,225.074,225.074,10.0
2024-10-07 13:59:37,225.064,225.073,225.064,225.073,20.0
2024-10-07 13:59:39,225.074,225.074,225.073,225.073,20.0
2024-10-07 13:59:41,225.063,225.083,225.063,225.064,60.0
2024-10-07 13:59:42,225.073,225.073,225.073,225.073,10.0
2024-10-07 13:59:43,225.073,225.084,225.073,225.084,20.0
2024-10-07 13:59:44,225.094,225.094,225.094,225.094,10.0
2024-10-07 13:59:45,225.083,225.093,225.074,225.074,40.0
2024-10-07 13:59:46,225.063,225.063,225.063,225.063,10.0
2024-10-07 13:59:47,225.073,225.074,225.054,225.074,50.0
2024-10-07 13:59:48,225.064,225.074,225.064,225.064,40.0
2024-10-07 13:59:49,225.054,225.073,225.053,225.073,40.0
2024-10-07 13:59:50,225.063,225.084,225.063,225.084,30.000000000000004
2024-10-07 13:59:51,225.084,225.084,225.084,225.084,10.0
2024-10-07 13:59:52,225.093,225.093,225.083,225.093,30.000000000000004
2024-10-07 13:59:53,225.093,225.104,225.093,225.104,30.000000000000004
2024-10-07 13:59:54,225.114,225.114,225.114,225.114,10.0
2024-10-07 13:59:55,225.113,225.123,225.113,225.113,40.0
2024-10-07 13:59:57,225.094,225.103,225.093,225.103,30.000000000000004
2024-10-07 13:59:58,225.094,225.104,225.083,225.104,30.000000000000004
2024-10-07 13:59:59,225.094,225.094,225.073,225.074,30.000000000000004
2024-10-07 14:00:00,225.074,225.074,225.043,225.063,70.00000000000001
2024-10-07 14:00:01,225.034,225.084,225.034,225.084,80.0
2024-10-07 14:00:02,225.094,225.104,225.094,225.103,30.000000000000004
2024-10-07 14:00:04,225.103,225.103,225.103,225.103,10.0
2024-10-07 14:00:05,225.093,225.093,225.093,225.093,10.0
2024-10-07 14:00:07,225.084,225.094,225.084,225.094,20.0
2024-10-07 14:00:08,225.103,225.103,225.103,225.103,10.0
2024-10-07 14:00:09,225.103,225.103,225.053,225.084,30.000000000000004
2024-10-07 14:00:10,225.094,225.094,225.084,225.094,80.0
2024-10-07 14:00:11,225.093,225.123,225.093,225.123,80.0
2024-10-07 14:00:12,225.133,225.133,225.113,225.113,30.000000000000004
2024-10-07 14:00:13,225.123,225.143,225.123,225.143,30.000000000000004
2024-10-07 14:00:14,225.134,225.134,225.133,225.133,30.000000000000004
2024-10-07 14:00:15,225.133,225.134,225.133,225.133,30.000000000000004
2024-10-07 14:00:16,225.133,225.143,225.133,225.143,30.000000000000004
2024-10-07 14:00:17,225.143,225.143,225.143,225.143,10.0
2024-10-07 14:00:18,225.154,225.154,225.154,225.154,10.0
2024-10-07 14:00:19,225.154,225.154,225.154,225.154,10.0
2024-10-07 14:00:20,225.173,225.174,225.173,225.173,30.000000000000004
2024-10-07 14:00:21,225.184,225.184,225.163,225.163,60.0
2024-10-07 14:00:22,225.164,225.164,225.153,225.163,40.0
2024-10-07 14:00:24,225.154,225.154,225.104,225.104,30.000000000000004
2024-10-07 14:00:25,225.114,225.123,225.114,225.123,20.0
2024-10-07 14:00:26,225.124,225.124,225.123,225.123,60.0
2024-10-07 14:00:27,225.113,225.113,225.113,225.113,10.0
2024-10-07 14:00:28,225.114,225.114,225.114,225.114,10.0
2024-10-07 14:00:29,225.123,225.123,225.064,225.073,70.00000000000001
2024-10-07 14:00:30,225.073,225.083,225.073,225.074,40.0
2024-10-07 14:00:31,225.033,225.033,225.033,225.033,10.0
2024-10-07 14:00:32,225.063,225.094,225.063,225.083,90.0
2024-10-07 14:00:33,225.084,225.084,225.084,225.084,20.0
2024-10-07 14:00:34,225.103,225.123,225.103,225.123,30.000000000000004
2024-10-07 14:00:35,225.133,225.134,225.133,225.134,20.0
2024-10-07 14:00:36,225.133,225.133,225.133,225.133,10.0
2024-10-07 14:00:37,225.153,225.153,225.144,225.144,20.0
2024-10-07 14:00:39,225.174,225.204,225.174,225.203,40.0
2024-10-07 14:00:40,225.194,225.204,225.194,225.204,20.0
2024-10-07 14:00:41,225.233,225.233,225.233,225.233,30.000000000000004
2024-10-07 14:00:42,225.233,225.264,225.233,225.263,40.0
2024-10-07 14:00:43,225.254,225.254,225.243,225.244,30.000000000000004
2024-10-07 14:00:44,225.243,225.244,225.243,225.244,30.000000000000004
2024-10-07 14:00:45,225.234,225.244,225.203,225.203,70.00000000000001
2024-10-07 14:00:46,225.193,225.194,225.174,225.194,40.0
2024-10-07 14:00:47,225.194,225.194,225.174,225.174,20.0
2024-10-07 14:00:48,225.174,225.194,225.174,225.194,50.0
2024-10-07 14:00:49,225.194,225.194,225.194,225.194,10.0
2024-10-07 14:00:50,225.193,225.194,225.193,225.194,20.0
2024-10-07 14:00:51,225.203,225.203,225.203,225.203,10.0
2024-10-07 14:00:52,225.213,225.213,225.194,225.194,30.000000000000004
2024-10-07 14:00:53,225.213,225.234,225.213,225.234,20.0
2024-10-07 14:00:54,225.204,225.214,225.204,225.214,20.0
2024-10-07 14:00:55,225.203,225.204,225.154,225.164,60.0
2024-10-07 14:00:56,225.163,225.193,225.163,225.193,20.0
2024-10-07 14:00:57,225.183,225.203,225.183,225.203,20.0
2024-10-07 14:01:00,225.203,225.203,225.203,225.203,10.0
2024-10-07 14:01:01,225.204,225.204,225.204,225.204,10.0
2024-10-07 14:01:03,225.204,225.204,225.204,225.204,10.0
2024-10-07 14:01:04,225.214,225.214,225.214,225.214,10.0
2024-10-07 14:01:05,225.193,225.193,225.183,225.193,40.0
2024-10-07 14:01:06,225.194,225.194,225.163,225.163,20.0
2024-10-07 14:01:08,225.153,225.164,225.143,225.163,60.0
2024-10-07 14:01:09,225.133,225.153,225.133,225.153,40.0
2024-10-07 14:01:10,225.164,225.164,225.134,225.134,40.0
2024-10-07 14:01:11,225.144,225.154,225.124,225.154,50.0
2024-10-07 14:01:12,225.154,225.154,225.154,225.154,10.0
2024-10-07 14:01:13,225.154,225.154,225.104,225.104,20.0
2024-10-07 14:01:14,225.144,225.144,225.144,225.144,10.0
2024-10-07 14:01:15,225.143,225.143,225.114,225.133,50.0
2024-10-07 14:01:16,225.124,225.124,225.123,225.123,30.000000000000004
2024-10-07 14:01:17,225.134,225.134,225.124,225.133,30.000000000000004
2024-10-07 14:01:18,225.124,225.134,225.124,225.133,30.000000000000004
2024-10-07 14:01:19,225.153,225.183,225.144,225.183,50.0
2024-10-07 14:01:20,225.193,225.204,225.193,225.204,70.00000000000001
2024-10-07 14:01:21,225.204,225.204,225.194,225.194,30.000000000000004
2024-10-07 14:01:22,225.184,225.184,225.164,225.164,30.000000000000004
2024-10-07 14:01:23,225.174,225.174,225.143,225.174,30.000000000000004
2024-10-07 14:01:24,225.174,225.174,225.153,225.153,50.0
2024-10-07 14:01:25,225.134,225.174,225.134,225.153,60.0
2024-10-07 14:01:26,225.143,225.154,225.133,225.133,60.0
2024-10-07 14:01:27,225.134,225.164,225.134,225.164,40.0
2024-10-07 14:01:28,225.174,225.174,225.163,225.163,40.0
2024-10-07 14:01:29,225.153,225.173,225.143,225.173,60.0
2024-10-07 14:01:30,225.174,225.174,225.163,225.163,20.0
2024-10-07 14:01:31,225.174,225.174,225.173,225.173,30.000000000000004
2024-10-07 14:01:32,225.173,225.173,225.164,225.164,20.0
2024-10-07 14:01:33,225.164,225.174,225.164,225.174,20.0
2024-10-07 14:01:34,225.173,225.203,225.173,225.203,40.0
2024-10-07 14:01:35,225.193,225.204,225.173,225.173,40.0
2024-10-07 14:01:36,225.194,225.203,225.194,225.203,20.0
2024-10-07 14:01:37,225.194,225.194,225.194,225.194,10.0
2024-10-07 14:01:38,225.174,225.174,225.174,225.174,10.0
2024-10-07 14:01:39,225.183,225.194,225.183,225.194,20.0
2024-10-07 14:01:40,225.203,225.204,225.203,225.204,20.0
2024-10-07 14:01:41,225.204,225.204,225.184,225.184,60.0
2024-10-07 14:01:42,225.183,225.183,225.173,225.183,30.000000000000004
2024-10-07 14:01:43,225.184,225.184,225.143,225.143,40.0
2024-10-07 14:01:44,225.144,225.144,225.133,225.133,20.0
2024-10-07 14:01:45,225.144,225.144,225.144,225.144,10.0
2024-10-07 14:01:49,225.123,225.123,225.123,225.123,10.0
2024-10-07 14:01:50,225.113,225.114,225.113,225.114,20.0
2024-10-07 14:01:51,225.123,225.123,225.123,225.123,10.0
2024-10-07 14:01:52,225.124,225.124,225.124,225.124,10.0
2024-10-07 14:01:53,225.144,225.164,225.144,225.164,20.0
2024-10-07 14:01:54,225.163,225.163,225.154,225.154,20.0
2024-10-07 14:01:57,225.143,225.143,225.124,225.124,40.0
2024-10-07 14:01:58,225.123,225.123,225.123,225.123,10.0
2024-10-07 14:02:00,225.133,225.133,225.133,225.133,10.0
2024-10-07 14:02:01,225.154,225.154,225.154,225.154,10.0
2024-10-07 14:02:03,225.153,225.184,225.153,225.184,30.000000000000004
2024-10-07 14:02:04,225.183,225.183,225.183,225.183,30.000000000000004
2024-10-07 14:02:05,225.183,225.194,225.183,225.194,40.0
2024-10-07 14:02:07,225.204,225.204,225.204,225.204,10.0
2024-10-07 14:02:08,225.203,225.203,225.193,225.194,30.000000000000004
2024-10-07 14:02:09,225.204,225.204,225.194,225.194,20.0
2024-10-07 14:02:10,225.193,225.193,225.183,225.183,20.0
2024-10-07 14:02:11,225.204,225.223,225.204,225.223,50.0
2024-10-07 14:02:12,225.224,225.224,225.224,225.224,10.0
2024-10-07 14:02:13,225.223,225.223,225.223,225.223,10.0
2024-10-07 14:02:14,225.204,225.204,225.184,225.184,20.0
2024-10-07 14:02:15,225.183,225.183,225.153,225.164,30.000000000000004
2024-10-07 14:02:17,225.143,225.143,225.143,225.143,10.0
2024-10-07 14:02:18,225.143,225.143,225.143,225.143,10.0
2024-10-07 14:02:19,225.124,225.124,225.093,225.104,30.000000000000004
2024-10-07 14:02:20,225.114,225.114,225.114,225.114,10.0
2024-10-07 14:02:21,225.113,225.114,225.113,225.114,20.0
2024-10-07 14:02:22,225.143,225.144,225.143,225.143,40.0
2024-10-07 14:02:23,225.143,225.144,225.143,225.144,20.0
2024-10-07 14:02:24,225.144,225.144,225.144,225.144,20.0
2024-10-07 14:02:25,225.163,225.174,225.163,225.174,50.0
2024-10-07 14:02:26,225.183,225.183,225.163,225.163,20.0
2024-10-07 14:02:27,225.173,225.174,225.173,225.174,20.0
2024-10-07 14:02:28,225.153,225.164,225.153,225.164,30.000000000000004
2024-10-07 14:02:29,225.164,225.173,225.164,225.173,20.0
2024-10-07 14:02:30,225.173,225.173,225.173,225.173,10.0
2024-10-07 14:02:31,225.174,225.204,225.174,225.204,30.000000000000004
2024-10-07 14:02:32,225.204,225.204,225.183,225.183,30.000000000000004
2024-10-07 14:02:34,225.194,225.204,225.194,225.203,40.0
2024-10-07 14:02:35,225.214,225.214,225.214,225.214,10.0
2024-10-07 14:02:37,225.223,225.224,225.223,225.224,20.0
2024-10-07 14:02:38,225.223,225.223,225.213,225.213,20.0
2024-10-07 14:02:39,225.224,225.224,225.224,225.224,10.0
2024-10-07 14:02:40,225.233,225.233,225.233,225.233,10.0
2024-10-07 14:02:41,225.244,225.244,225.244,225.244,10.0
2024-10-07 14:02:42,225.244,225.244,225.244,225.244,10.0
2024-10-07 14:02:43,225.253,225.253,225.253,225.253,10.0
2024-10-07 14:02:44,225.253,225.253,225.253,225.253,10.0
2024-10-07 14:02:45,225.253,225.253,225.253,225.253,10.0
2024-10-07 14:02:46,225.224,225.234,225.224,225.233,30.000000000000004
2024-10-07 14:02:47,225.243,225.264,225.243,225.264,30.000000000000004
2024-10-07 14:02:48,225.264,225.264,225.264,225.264,20.0
2024-10-07 14:02:49,225.263,225.263,225.263,225.263,10.0
2024-10-07 14:02:51,225.253,225.263,225.253,225.263,20.0
2024-10-07 14:02:52,225.264,225.264,225.264,225.264,10.0
2024-10-07 14:02:54,225.293,225.293,225.283,225.283,20.0
2024-10-07 14:02:55,225.274,225.274,225.253,225.253,20.0
2024-10-07 14:02:56,225.263,225.273,225.263,225.273,20.0
2024-10-07 14:02:58,225.264,225.264,225.264,225.264,10.0
2024-10-07 14:02:59,225.273,225.274,225.264,225.264,30.000000000000004
2024-10-07 14:03:00,225.253,225.254,225.253,225.254,20.0
2024-10-07 14:03:01,225.254,225.264,225.254,225.264,30.000000000000004
2024-10-07 14:03:02,225.243,225.243,225.243,225.243,10.0
2024-10-07 14:03:03,225.244,225.244,225.244,225.244,10.0
2024-10-07 14:03:05,225.243,225.244,225.233,225.233,40.0
2024-10-07 14:03:06,225.233,225.234,225.233,225.234,20.0
2024-10-07 14:03:07,225.233,225.253,225.233,225.253,30.000000000000004
2024-10-07 14:03:08,225.254,225.264,225.253,225.264,30.000000000000004
2024-10-07 14:03:09,225.274,225.324,225.274,225.324,50.0
2024-10-07 14:03:11,225.324,225.334,225.324,225.334,40.0
2024-10-07 14:03:12,225.343,225.353,225.343,225.344,60.0
2024-10-07 14:03:13,225.354,225.354,225.354,225.354,40.0
2024-10-07 14:03:14,225.353,225.353,225.353,225.353,10.0
2024-10-07 14:03:17,225.394,225.394,225.393,225.393,50.0
2024-10-07 14:03:18,225.354,225.363,225.343,225.363,40.0
2024-10-07 14:03:19,225.383,225.393,225.383,225.393,20.0
2024-10-07 14:03:20,225.394,225.394,225.354,225.354,40.0
2024-10-07 14:03:21,225.334,225.334,225.313,225.313,50.0
2024-10-07 14:03:22,225.314,225.314,225.303,225.303,30.000000000000004
2024-10-07 14:03:24,225.313,225.324,225.313,225.324,20.0
2024-10-07 14:03:26,225.303,225.303,225.253,225.253,50.0
2024-10-07 14:03:27,225.253,225.273,225.253,225.273,40.0
2024-10-07 14:03:28,225.274,225.274,225.274,225.274,30.000000000000004
2024-10-07 14:03:29,225.273,225.274,225.273,225.274,20.0
2024-10-07 14:03:30,225.283,225.314,225.283,225.314,50.0
2024-10-07 14:03:31,225.314,225.324,225.314,225.324,20.0
2024-10-07 14:03:32,225.324,225.324,225.313,225.323,30.000000000000004
2024-10-07 14:03:33,225.304,225.304,225.294,225.304,30.000000000000004
2024-10-07 14:03:34,225.303,225.323,225.303,225.323,40.0
2024-10-07 14:03:35,225.333,225.333,225.333,225.333,10.0
2024-10-07 14:03:37,225.324,225.344,225.324,225.344,20.0
2024-10-07 14:03:38,225.343,225.354,225.343,225.354,30.000000000000004
2024-10-07 14:03:39,225.344,225.354,225.343,225.353,40.0
2024-10-07 14:03:40,225.374,225.374,225.374,225.374,10.0
2024-10-07 14:03:42,225.373,225.373,225.373,225.373,20.0
2024-10-07 14:03:43,225.374,225.384,225.374,225.384,20.0
2024-10-07 14:03:44,225.393,225.393,225.353,225.353,40.0
2024-10-07 14:03:45,225.334,225.334,225.333,225.334,30.000000000000004
2024-10-07 14:03:46,225.343,225.354,225.343,225.354,20.0
2024-10-07 14:03:47,225.353,225.353,225.353,225.353,10.0
2024-10-07 14:03:50,225.354,225.354,225.354,225.354,10.0
2024-10-07 14:03:51,225.353,225.374,225.353,225.374,40.0
2024-10-07 14:03:52,225.353,225.353,225.344,225.344,40.0
2024-10-07 14:03:53,225.353,225.353,225.353,225.353,10.0
2024-10-07 14:03:54,225.334,225.334,225.334,225.334,10.0
2024-10-07 14:03:55,225.324,225.324,225.314,225.314,30.000000000000004
2024-10-07 14:03:56,225.313,225.313,225.303,225.303,40.0
2024-10-07 14:03:57,225.294,225.304,225.294,225.294,30.000000000000004
2024-10-07 14:03:58,225.303,225.303,225.303,225.303,20.0
2024-10-07 14:03:59,225.323,225.323,225.323,225.323,10.0
2024-10-07 14:04:00,225.334,225.344,225.333,225.344,30.000000000000004
2024-10-07 14:04:01,225.354,225.354,225.354,225.354,10.0
2024-10-07 14:04:02,225.384,225.394,225.383,225.394,40.0
2024-10-07 14:04:03,225.404,225.433,225.403,225.424,50.0
2024-10-07 14:04:04,225.423,225.454,225.423,225.454,30.000000000000004
2024-10-07 14:04:05,225.453,225.453,225.433,225.433,20.0
2024-10-07 14:04:06,225.443,225.443,225.443,225.443,10.0
2024-10-07 14:04:07,225.454,225.454,225.444,225.444,30.000000000000004
2024-10-07 14:04:08,225.454,225.454,225.414,225.414,50.0
2024-10-07 14:04:09,225.393,225.414,225.393,225.414,30.000000000000004
2024-10-07 14:04:10,225.434,225.434,225.433,225.433,20.0
2024-10-07 14:04:11,225.433,225.433,225.433,225.433,20.0
2024-10-07 14:04:12,225.424,225.424,225.424,225.424,10.0
2024-10-07 14:04:13,225.433,225.444,225.433,225.444,20.0
2024-10-07 14:04:14,225.443,225.443,225.443,225.443,10.0
2024-10-07 14:04:16,225.424,225.424,225.423,225.423,30.000000000000004
2024-10-07 14:04:17,225.404,225.424,225.404,225.413,50.0
2024-10-07 14:04:18,225.413,225.413,225.413,225.413,20.0
2024-10-07 14:04:19,225.414,225.414,225.414,225.414,10.0
2024-10-07 14:04:20,225.443,225.444,225.443,225.444,40.0
2024-10-07 14:04:21,225.443,225.444,225.443,225.444,20.0
2024-10-07 14:04:22,225.443,225.443,225.443,225.443,10.0
2024-10-07 14:04:23,225.413,225.413,225.413,225.413,10.0
2024-10-07 14:04:24,225.424,225.424,225.424,225.424,10.0
2024-10-07 14:04:25,225.423,225.423,225.423,225.423,10.0
2024-10-07 14:04:26,225.393,225.414,225.393,225.414,40.0
2024-10-07 14:04:27,225.424,225.424,225.414,225.414,40.0
2024-10-07 14:04:29,225.393,225.404,225.393,225.404,20.0
2024-10-07 14:04:30,225.414,225.423,225.413,225.423,40.0
2024-10-07 14:04:31,225.423,225.423,225.393,225.393,30.000000000000004
2024-10-07 14:04:32,225.404,225.404,225.404,225.404,10.0
2024-10-07 14:04:33,225.424,225.433,225.424,225.433,20.0
2024-10-07 14:04:35,225.454,225.454,225.454,225.454,20.0
2024-10-07 14:04:36,225.434,225.434,225.434,225.434,10.0
2024-10-07 14:04:37,225.413,225.414,225.404,225.414,40.0
2024-10-07 14:04:38,225.413,225.434,225.413,225.433,40.0
2024-10-07 14:04:39,225.434,225.453,225.434,225.453,50.0
2024-10-07 14:04:40,225.454,225.454,225.433,225.444,50.0
2024-10-07 14:04:41,225.454,225.454,225.453,225.453,20.0
2024-10-07 14:04:42,225.453,225.453,225.434,225.434,20.0
2024-10-07 14:04:43,225.443,225.443,225.443,225.443,10.0
2024-10-07 14:04:44,225.454,225.454,225.454,225.454,20.0
2024-10-07 14:04:45,225.434,225.434,225.434,225.434,10.0
2024-10-07 14:04:46,225.443,225.443,225.443,225.443,10.0
2024-10-07 14:04:47,225.414,225.444,225.414,225.444,50.0
2024-10-07 14:04:48,225.433,225.433,225.433,225.433,10.0
2024-10-07 14:04:49,225.423,225.423,225.393,225.414,50.0
2024-10-07 14:04:50,225.424,225.424,225.413,225.413,30.000000000000004
2024-10-07 14:04:51,225.423,225.423,225.423,225.423,20.0
2024-10-07 14:04:52,225.413,225.414,225.393,225.403,60.0
2024-10-07 14:04:53,225.403,225.403,225.383,225.383,20.0
2024-10-07 14:04:54,225.403,225.404,225.363,225.363,40.0
2024-10-07 14:04:55,225.373,225.374,225.373,225.374,30.000000000000004
2024-10-07 14:04:57,225.373,225.394,225.373,225.394,30.000000000000004
2024-10-07 14:04:58,225.404,225.404,225.404,225.404,10.0
2024-10-07 14:04:59,225.414,225.434,225.414,225.434,30.000000000000004
2024-10-07 14:05:00,225.424,225.444,225.424,225.444,50.0
2024-10-07 14:05:01,225.433,225.433,225.384,225.413,50.0
2024-10-07 14:05:02,225.424,225.424,225.403,225.414,30.000000000000004
2024-10-07 14:05:03,225.403,225.413,225.403,225.413,20.0
2024-10-07 14:05:04,225.423,225.423,225.423,225.423,10.0
2024-10-07 14:05:05,225.413,225.413,225.413,225.413,10.0
2024-10-07 14:05:06,225.434,225.434,225.434,225.434,10.0
2024-10-07 14:05:07,225.444,225.444,225.423,225.423,30.000000000000004
2024-10-07 14:05:08,225.434,225.444,225.433,225.433,30.000000000000004
2024-10-07 14:05:09,225.443,225.443,225.443,225.443,10.0
2024-10-07 14:05:12,225.433,225.433,225.433,225.433,10.0
2024-10-07 14:05:15,225.423,225.433,225.423,225.433,30.000000000000004
2024-10-07 14:05:17,225.444,225.444,225.443,225.444,30.000000000000004
2024-10-07 14:05:18,225.444,225.453,225.444,225.453,20.0
2024-10-07 14:05:19,225.454,225.464,225.443,225.443,50.0
2024-10-07 14:05:20,225.454,225.483,225.454,225.483,50.0
2024-10-07 14:05:21,225.474,225.474,225.474,225.474,10.0
2024-10-07 14:05:23,225.494,225.544,225.494,225.544,80.0
2024-10-07 14:05:24,225.523,225.524,225.523,225.524,50.0
2024-10-07 14:05:25,225.553,225.553,225.523,225.523,50.0
2024-10-07 14:05:26,225.523,225.523,225.473,225.483,70.00000000000001
2024-10-07 14:05:27,225.483,225.483,225.444,225.444,50.0
2024-10-07 14:05:28,225.443,225.443,225.443,225.443,10.0
2024-10-07 14:05:29,225.464,225.464,225.464,225.464,10.0
2024-10-07 14:05:30,225.464,225.464,225.464,225.464,10.0
2024-10-07 14:05:31,225.443,225.443,225.443,225.443,10.0
2024-10-07 14:05:33,225.444,225.444,225.444,225.444,10.0
2024-10-07 14:05:34,225.454,225.454,225.423,225.433,40.0
2024-10-07 14:05:35,225.413,225.413,225.384,225.394,30.000000000000004
2024-10-07 14:05:36,225.384,225.384,225.343,225.374,70.00000000000001
2024-10-07 14:05:37,225.373,225.383,225.373,225.383,30.000000000000004
2024-10-07 14:05:39,225.384,225.384,225.374,225.384,40.0
2024-10-07 14:05:40,225.393,225.404,225.393,225.404,30.000000000000004
2024-10-07 14:05:41,225.423,225.423,225.423,225.423,30.000000000000004
2024-10-07 14:05:43,225.434,225.434,225.434,225.434,20.0
2024-10-07 14:05:44,225.433,225.434,225.433,225.434,20.0
2024-10-07 14:05:45,225.433,225.434,225.433,225.434,20.0
2024-10-07 14:05:46,225.454,225.454,225.454,225.454,20.0
2024-10-07 14:05:49,225.443,225.454,225.443,225.444,30.000000000000004
2024-10-07 14:05:50,225.443,225.454,225.443,225.454,20.0
2024-10-07 14:05:51,225.453,225.474,225.443,225.443,30.000000000000004
2024-10-07 14:05:52,225.464,225.464,225.424,225.424,30.000000000000004
2024-10-07 14:05:54,225.423,225.424,225.423,225.424,20.0
2024-10-07 14:05:56,225.404,225.413,225.404,225.413,20.0
2024-10-07 14:05:57,225.423,225.454,225.423,225.453,60.0
2024-10-07 14:06:00,225.454,225.454,225.453,225.454,30.000000000000004
2024-10-07 14:06:01,225.414,225.443,225.414,225.443,30.000000000000004
2024-10-07 14:06:02,225.424,225.424,225.423,225.424,40.0
2024-10-07 14:06:03,225.404,225.404,225.383,225.394,40.0
2024-10-07 14:06:04,225.393,225.394,225.384,225.384,50.0
2024-10-07 14:06:05,225.363,225.373,225.363,225.373,30.000000000000004
2024-10-07 14:06:06,225.364,225.383,225.363,225.383,50.0
2024-10-07 14:06:07,225.393,225.393,225.393,225.393,20.0
2024-10-07 14:06:08,225.384,225.384,225.373,225.373,20.0
2024-10-07 14:06:09,225.373,225.373,225.333,225.333,50.0
2024-10-07 14:06:10,225.353,225.364,225.353,225.363,50.0
2024-10-07 14:06:11,225.374,225.374,225.374,225.374,50.0
2024-10-07 14:06:12,225.334,225.334,225.333,225.334,40.0
2024-10-07 14:06:13,225.363,225.374,225.363,225.374,30.000000000000004
2024-10-07 14:06:14,225.393,225.403,225.393,225.403,30.000000000000004
2024-10-07 14:06:15,225.414,225.424,225.414,225.423,30.000000000000004
2024-10-07 14:06:16,225.443,225.444,225.443,225.443,40.0
2024-10-07 14:06:17,225.443,225.443,225.443,225.443,10.0
2024-10-07 14:06:18,225.433,225.444,225.433,225.444,50.0
2024-10-07 14:06:19,225.444,225.463,225.444,225.463,30.000000000000004
2024-10-07 14:06:20,225.463,225.464,225.463,225.464,20.0
2024-10-07 14:06:21,225.464,225.464,225.463,225.463,20.0
2024-10-07 14:06:22,225.463,225.463,225.453,225.454,30.000000000000004
2024-10-07 14:06:23,225.444,225.444,225.444,225.444,10.0
2024-10-07 14:06:24,225.443,225.443,225.443,225.443,10.0
2024-10-07 14:06:27,225.434,225.444,225.423,225.423,30.000000000000004
2024-10-07 14:06:28,225.404,225.404,225.393,225.393,30.000000000000004
2024-10-07 14:06:29,225.383,225.383,225.383,225.383,10.0
2024-10-07 14:06:30,225.393,225.393,225.393,225.393,10.0
2024-10-07 14:06:31,225.393,225.414,225.393,225.414,20.0
2024-10-07 14:06:34,225.403,225.414,225.403,225.414,20.0
2024-10-07 14:06:35,225.423,225.423,225.423,225.423,10.0
2024-10-07 14:06:36,225.424,225.424,225.424,225.424,10.0
2024-10-07 14:06:37,225.443,225.464,225.443,225.464,20.0
2024-10-07 14:06:38,225.443,225.443,225.443,225.443,10.0
2024-10-07 14:06:39,225.413,225.413,225.413,225.413,10.0
2024-10-07 14:06:41,225.424,225.424,225.414,225.414,20.0
2024-10-07 14:06:42,225.424,225.424,225.424,225.424,10.0
2024-10-07 14:06:43,225.424,225.424,225.424,225.424,10.0
2024-10-07 14:06:44,225.423,225.423,225.423,225.423,10.0
2024-10-07 14:06:45,225.423,225.434,225.423,225.434,20.0
2024-10-07 14:06:46,225.454,225.454,225.454,225.454,10.0
2024-10-07 14:06:47,225.464,225.464,225.464,225.464,20.0
2024-10-07 14:06:48,225.464,225.464,225.434,225.434,20.0
2024-10-07 14:06:49,225.413,225.434,225.413,225.434,50.0
2024-10-07 14:06:50,225.423,225.443,225.423,225.443,30.000000000000004
2024-10-07 14:06:51,225.434,225.444,225.434,225.444,20.0
2024-10-07 14:06:52,225.434,225.434,225.414,225.414,60.0
2024-10-07 14:06:53,225.423,225.433,225.423,225.433,20.0
2024-10-07 14:06:54,225.444,225.464,225.443,225.464,30.000000000000004
2024-10-07 14:06:55,225.464,225.464,225.443,225.443,30.000000000000004
2024-10-07 14:07:00,225.444,225.444,225.444,225.444,10.0
2024-10-07 14:07:01,225.444,225.444,225.444,225.444,10.0
2024-10-07 14:07:02,225.444,225.464,225.444,225.464,20.0
2024-10-07 14:07:03,225.464,225.464,225.464,225.464,20.0
2024-10-07 14:07:07,225.454,225.454,225.454,225.454,10.0
2024-10-07 14:07:08,225.424,225.424,225.394,225.394,60.0
2024-10-07 14:07:09,225.383,225.403,225.383,225.403,60.0
2024-10-07 14:07:10,225.413,225.424,225.413,225.424,40.0
2024-10-07 14:07:11,225.434,225.443,225.434,225.443,20.0
2024-10-07 14:07:12,225.444,225.473,225.444,225.473,20.0
2024-10-07 14:07:13,225.474,225.474,225.463,225.463,40.0
2024-10-07 14:07:14,225.464,225.464,225.454,225.454,20.0
2024-10-07 14:07:15,225.453,225.464,225.453,225.463,30.000000000000004
2024-10-07 14:07:17,225.464,225.464,225.463,225.463,20.0
2024-10-07 14:07:19,225.474,225.474,225.474,225.474,30.000000000000004
2024-10-07 14:07:20,225.474,225.474,225.473,225.473,30.000000000000004
2024-10-07 14:07:21,225.474,225.474,225.473,225.473,30.000000000000004
2024-10-07 14:07:22,225.463,225.474,225.463,225.474,20.0
2024-10-07 14:07:23,225.454,225.454,225.454,225.454,10.0
2024-10-07 14:07:24,225.453,225.454,225.453,225.453,60.0
2024-10-07 14:07:25,225.443,225.454,225.443,225.454,30.000000000000004
2024-10-07 14:07:28,225.454,225.454,225.454,225.454,10.0
2024-10-07 14:07:31,225.473,225.473,225.453,225.453,30.000000000000004
2024-10-07 14:07:32,225.454,225.474,225.454,225.474,20.0
2024-10-07 14:07:33,225.474,225.474,225.464,225.464,30.000000000000004
2024-10-07 14:07:34,225.473,225.473,225.443,225.453,40.0
2024-10-07 14:07:36,225.444,225.454,225.444,225.454,20.0
2024-10-07 14:07:38,225.434,225.434,225.434,225.434,10.0
2024-10-07 14:07:39,225.413,225.413,225.413,225.413,20.0
2024-10-07 14:07:40,225.414,225.414,225.414,225.414,10.0
2024-10-07 14:07:41,225.424,225.424,225.423,225.423,20.0
2024-10-07 14:07:42,225.403,225.424,225.403,225.423,40.0
2024-10-07 14:07:43,225.423,225.424,225.423,225.424,20.0
2024-10-07 14:07:44,225.423,225.434,225.423,225.434,20.0
2024-10-07 14:07:45,225.423,225.423,225.423,225.423,10.0
2024-10-07 14:07:47,225.433,225.433,225.433,225.433,10.0
2024-10-07 14:07:49,225.444,225.444,225.424,225.424,20.0
2024-10-07 14:07:50,225.413,225.413,225.413,225.413,10.0
2024-10-07 14:07:51,225.424,225.424,225.394,225.394,40.0
2024-10-07 14:07:52,225.383,225.383,225.383,225.383,10.0
2024-10-07 14:07:53,225.374,225.374,225.363,225.363,20.0
2024-10-07 14:07:54,225.364,225.374,225.364,225.374,20.0
2024-10-07 14:07:55,225.374,225.403,225.373,225.403,40.0
2024-10-07 14:07:56,225.363,225.384,225.363,225.384,30.000000000000004
2024-10-07 14:07:57,225.373,225.373,225.373,225.373,10.0
2024-10-07 14:07:58,225.364,225.364,225.364,225.364,10.0
2024-10-07 14:07:59,225.373,225.384,225.373,225.384,50.0
2024-10-07 14:08:00,225.374,225.374,225.353,225.354,40.0
2024-10-07 14:08:01,225.364,225.374,225.364,225.373,40.0
2024-10-07 14:08:02,225.373,225.383,225.373,225.383,70.00000000000001
2024-10-07 14:08:03,225.383,225.383,225.344,225.344,30.000000000000004
2024-10-07 14:08:04,225.333,225.334,225.333,225.333,40.0
2024-10-07 14:08:05,225.313,225.313,225.313,225.313,10.0
2024-10-07 14:08:07,225.314,225.314,225.294,225.294,30.000000000000004
2024-10-07 14:08:09,225.283,225.283,225.283,225.283,10.0
2024-10-07 14:08:10,225.293,225.324,225.293,225.294,40.0
2024-10-07 14:08:11,225.303,225.303,225.303,225.303,10.0
2024-10-07 14:08:12,225.293,225.293,225.214,225.214,60.0
2024-10-07 14:08:13,225.213,225.233,225.213,225.233,30.000000000000004
2024-10-07 14:08:14,225.234,225.234,225.233,225.233,30.000000000000004
2024-10-07 14:08:15,225.213,225.234,225.213,225.234,40.0
2024-10-07 14:08:16,225.234,225.234,225.234,225.234,20.0
2024-10-07 14:08:17,225.223,225.254,225.223,225.254,50.0
2024-10-07 14:08:18,225.274,225.274,225.273,225.273,30.000000000000004
2024-10-07 14:08:19,225.274,225.284,225.274,225.283,60.0
2024-10-07 14:08:20,225.284,225.284,225.283,225.283,40.0
2024-10-07 14:08:21,225.283,225.283,225.283,225.283,10.0
2024-10-07 14:08:22,225.274,225.284,225.274,225.283,40.0
2024-10-07 14:08:23,225.284,225.314,225.284,225.314,30.000000000000004
2024-10-07 14:08:24,225.313,225.314,225.313,225.314,20.0
2024-10-07 14:08:25,225.313,225.314,225.313,225.314,20.0
2024-10-07 14:08:26,225.314,225.314,225.313,225.313,30.000000000000004
2024-10-07 14:08:27,225.294,225.294,225.283,225.283,40.0
2024-10-07 14:08:28,225.293,225.293,225.274,225.283,30.000000000000004
2024-10-07 14:08:29,225.263,225.274,225.263,225.274,20.0
2024-10-07 14:08:30,225.244,225.254,225.244,225.254,20.0
2024-10-07 14:08:31,225.233,225.253,225.233,225.244,40.0
2024-10-07 14:08:32,225.254,225.254,225.233,225.254,70.00000000000001
2024-10-07 14:08:33,225.243,225.243,225.214,225.234,60.0
2024-10-07 14:08:34,225.213,225.243,225.213,225.243,40.0
2024-10-07 14:08:35,225.254,225.254,225.254,225.254,10.0
2024-10-07 14:08:36,225.253,225.253,225.253,225.253,20.0
2024-10-07 14:08:37,225.243,225.253,225.243,225.253,20.0
2024-10-07 14:08:40,225.243,225.243,225.243,225.243,10.0
2024-10-07 14:08:41,225.253,225.253,225.253,225.253,10.0
2024-10-07 14:08:42,225.253,225.253,225.253,225.253,10.0
2024-10-07 14:08:44,225.254,225.283,225.253,225.283,50.0
2024-10-07 14:08:45,225.284,225.294,225.283,225.293,80.0
2024-10-07 14:08:46,225.274,225.274,225.263,225.263,20.0
2024-10-07 14:08:47,225.233,225.233,225.233,225.233,10.0
2024-10-07 14:08:48,225.213,225.213,225.183,225.203,70.00000000000001
2024-10-07 14:08:49,225.214,225.214,225.193,225.193,30.000000000000004
2024-10-07 14:08:50,225.214,225.214,225.214,225.214,10.0
2024-10-07 14:08:51,225.213,225.214,225.213,225.214,20.0
2024-10-07 14:08:52,225.214,225.214,225.214,225.214,10.0
2024-10-07 14:08:53,225.214,225.214,225.213,225.214,30.000000000000004
2024-10-07 14:08:54,225.193,225.214,225.193,225.214,40.0
2024-10-07 14:08:55,225.204,225.213,225.204,225.213,20.0
2024-10-07 14:08:56,225.223,225.224,225.223,225.224,20.0
2024-10-07 14:08:57,225.224,225.224,225.224,225.224,10.0
2024-10-07 14:08:58,225.224,225.224,225.223,225.223,20.0
2024-10-07 14:09:02,225.224,225.224,225.224,225.224,20.0
2024-10-07 14:09:05,225.243,225.243,225.243,225.243,10.0
2024-10-07 14:09:06,225.223,225.244,225.223,225.244,20.0
2024-10-07 14:09:07,225.233,225.233,225.233,225.233,10.0
2024-10-07 14:09:09,225.233,225.233,225.233,225.233,20.0
2024-10-07 14:09:10,225.214,225.214,225.214,225.214,20.0
2024-10-07 14:09:11,225.234,225.234,225.234,225.234,10.0
2024-10-07 14:09:12,225.234,225.234,225.234,225.234,20.0
2024-10-07 14:09:13,225.233,225.233,225.233,225.233,10.0
2024-10-07 14:09:14,225.233,225.233,225.233,225.233,20.0
2024-10-07 14:09:15,225.213,225.213,225.213,225.213,10.0
2024-10-07 14:09:16,225.223,225.233,225.223,225.233,20.0
2024-10-07 14:09:18,225.233,225.233,225.233,225.233,10.0
2024-10-07 14:09:19,225.233,225.233,225.233,225.233,10.0
2024-10-07 14:09:20,225.233,225.233,225.233,225.233,10.0
2024-10-07 14:09:21,225.233,225.234,225.224,225.234,30.000000000000004
2024-10-07 14:09:22,225.224,225.234,225.224,225.234,20.0
2024-10-07 14:09:23,225.233,225.233,225.233,225.233,10.0
2024-10-07 14:09:24,225.213,225.213,225.204,225.204,20.0
2024-10-07 14:09:26,225.233,225.233,225.233,225.233,20.0
2024-10-07 14:09:27,225.203,225.203,225.173,225.184,50.0
2024-10-07 14:09:28,225.183,225.183,225.183,225.183,10.0
2024-10-07 14:09:29,225.174,225.183,225.173,225.183,40.0
2024-10-07 14:09:30,225.143,225.144,225.104,225.104,40.0
2024-10-07 14:09:31,225.094,225.104,225.083,225.104,40.0
2024-10-07 14:09:32,225.103,225.103,225.073,225.094,50.0
2024-10-07 14:09:33,225.104,225.104,225.103,225.103,30.000000000000004
2024-10-07 14:09:34,225.093,225.094,225.093,225.094,20.0
2024-10-07 14:09:35,225.084,225.084,225.083,225.084,30.000000000000004
2024-10-07 14:09:36,225.103,225.103,225.103,225.103,10.0
2024-10-07 14:09:37,225.113,225.113,225.113,225.113,20.0
2024-10-07 14:09:38,225.123,225.123,225.123,225.123,10.0
2024-10-07 14:09:39,225.093,225.113,225.083,225.093,40.0
2024-10-07 14:09:40,225.094,225.104,225.093,225.103,60.0
2024-10-07 14:09:41,225.103,225.103,225.103,225.103,20.0
2024-10-07 14:09:42,225.104,225.104,225.104,225.104,20.0
2024-10-07 14:09:43,225.103,225.103,225.103,225.103,10.0
2024-10-07 14:09:45,225.083,225.083,225.083,225.083,10.0
2024-10-07 14:09:46,225.083,225.083,225.064,225.074,50.0
2024-10-07 14:09:47,225.063,225.094,225.063,225.084,50.0
2024-10-07 14:09:48,225.104,225.104,225.104,225.104,20.0
2024-10-07 14:09:51,225.104,225.104,225.104,225.104,10.0
2024-10-07 14:09:52,225.094,225.114,225.094,225.114,30.000000000000004
2024-10-07 14:09:54,225.123,225.123,225.123,225.123,20.0
2024-10-07 14:09:55,225.144,225.144,225.144,225.144,10.0
2024-10-07 14:09:56,225.153,225.154,225.153,225.154,20.0
2024-10-07 14:09:58,225.153,225.164,225.153,225.164,20.0
2024-10-07 14:10:00,225.153,225.153,225.153,225.153,10.0
2024-10-07 14:10:01,225.153,225.164,225.144,225.144,40.0
2024-10-07 14:10:02,225.144,225.153,225.144,225.153,20.0
2024-10-07 14:10:03,225.154,225.164,225.154,225.164,40.0
2024-10-07 14:10:04,225.164,225.164,225.163,225.163,40.0
2024-10-07 14:10:05,225.164,225.164,225.124,225.124,30.000000000000004
2024-10-07 14:10:06,225.133,225.134,225.113,225.133,80.0
2024-10-07 14:10:07,225.104,225.133,225.104,225.133,20.0
2024-10-07 14:10:08,225.133,225.134,225.133,225.134,20.0
2024-10-07 14:10:10,225.143,225.154,225.143,225.154,40.0
2024-10-07 14:10:11,225.124,225.124,225.104,225.104,20.0
2024-10-07 14:10:12,225.093,225.093,225.093,225.093,10.0
2024-10-07 14:10:13,225.104,225.104,225.103,225.103,20.0
2024-10-07 14:10:14,225.094,225.094,225.094,225.094,30.000000000000004
2024-10-07 14:10:15,225.123,225.124,225.123,225.124,30.000000000000004
2024-10-07 14:10:17,225.133,225.144,225.133,225.143,60.0
2024-10-07 14:10:18,225.154,225.154,225.143,225.154,50.0
2024-10-07 14:10:19,225.154,225.154,225.153,225.153,40.0
2024-10-07 14:10:20,225.153,225.153,225.153,225.153,10.0
2024-10-07 14:10:21,225.154,225.154,225.154,225.154,10.0
2024-10-07 14:10:22,225.153,225.153,225.153,225.153,10.0
2024-10-07 14:10:24,225.153,225.153,225.133,225.133,30.000000000000004
2024-10-07 14:10:25,225.123,225.123,225.123,225.123,10.0
2024-10-07 14:10:27,225.124,225.124,225.103,225.103,30.000000000000004
2024-10-07 14:10:28,225.083,225.104,225.083,225.104,20.0
2024-10-07 14:10:29,225.114,225.114,225.114,225.114,10.0
2024-10-07 14:10:30,225.114,225.114,225.114,225.114,10.0
2024-10-07 14:10:31,225.114,225.114,225.114,225.114,10.0
2024-10-07 14:10:32,225.083,225.083,225.074,225.074,20.0
2024-10-07 14:10:34,225.093,225.094,225.074,225.094,70.00000000000001
2024-10-07 14:10:35,225.093,225.094,225.093,225.094,30.000000000000004
2024-10-07 14:10:36,225.103,225.103,225.103,225.103,10.0
2024-10-07 14:10:38,225.084,225.084,225.084,225.084,10.0
2024-10-07 14:10:39,225.053,225.053,225.044,225.044,20.0
2024-10-07 14:10:40,225.054,225.054,225.044,225.044,20.0
2024-10-07 14:10:41,225.014,225.033,225.014,225.033,70.00000000000001
2024-10-07 14:10:42,225.033,225.033,225.033,225.033,10.0
2024-10-07 14:10:43,225.014,225.024,225.014,225.024,20.0
2024-10-07 14:10:44,225.013,225.013,225.013,225.013,10.0
2024-10-07 14:10:45,225.023,225.023,225.023,225.023,20.0
2024-10-07 14:10:46,225.024,225.024,225.024,225.024,10.0
2024-10-07 14:10:47,225.023,225.024,225.013,225.013,40.0
2024-10-07 14:10:48,225.023,225.023,225.013,225.013,30.000000000000004
2024-10-07 14:10:49,225.013,225.014,225.013,225.013,30.000000000000004
2024-10-07 14:10:50,225.014,225.014,224.983,225.004,70.00000000000001
2024-10-07 14:10:51,225.004,225.004,224.993,225.004,50.0
2024-10-07 14:10:52,224.994,224.994,224.953,224.953,50.0
2024-10-07 14:10:54,224.954,224.974,224.953,224.973,40.0
2024-10-07 14:10:55,224.984,224.984,224.984,224.984,10.0
2024-10-07 14:10:56,224.984,224.984,224.983,224.983,30.000000000000004
2024-10-07 14:10:57,224.983,224.984,224.973,224.984,40.0
2024-10-07 14:10:58,224.983,224.984,224.983,224.984,20.0
2024-10-07 14:10:59,224.983,224.983,224.983,224.983,10.0
2024-10-07 14:11:00,224.984,224.984,224.984,224.984,10.0
2024-10-07 14:11:01,224.994,224.994,224.994,224.994,10.0
2024-10-07 14:11:02,224.994,224.994,224.994,224.994,10.0
2024-10-07 14:11:04,224.974,224.974,224.963,224.963,30.000000000000004
2024-10-07 14:11:05,224.964,224.964,224.964,224.964,10.0
2024-10-07 14:11:06,224.943,224.954,224.943,224.954,20.0
2024-10-07 14:11:07,224.953,224.953,224.953,224.953,10.0
2024-10-07 14:11:08,224.953,224.953,224.953,224.953,10.0
2024-10-07 14:11:09,224.954,224.954,224.954,224.954,10.0
2024-10-07 14:11:10,224.953,224.954,224.953,224.954,20.0
2024-10-07 14:11:11,224.954,224.983,224.954,224.983,20.0
2024-10-07 14:11:12,224.984,224.984,224.984,224.984,10.0
2024-10-07 14:11:13,224.993,224.993,224.993,224.993,20.0
2024-10-07 14:11:14,225.014,225.014,225.003,225.003,20.0
2024-10-07 14:11:16,225.004,225.004,225.004,225.004,10.0
2024-10-07 14:11:17,225.004,225.004,225.003,225.003,20.0
2024-10-07 14:11:18,225.003,225.003,225.003,225.003,10.0
2024-10-07 14:11:19,225.014,225.033,225.014,225.033,20.0
2024-10-07 14:11:20,225.013,225.013,225.013,225.013,20.0
2024-10-07 14:11:22,225.014,225.033,225.014,225.033,20.0
2024-10-07 14:11:23,225.023,225.033,225.023,225.033,20.0
2024-10-07 14:11:24,225.034,225.034,225.034,225.034,10.0
2024-10-07 14:11:26,225.044,225.044,225.044,225.044,20.0
2024-10-07 14:11:27,225.054,225.054,225.053,225.054,30.000000000000004
2024-10-07 14:11:28,225.054,225.054,225.054,225.054,10.0
2024-10-07 14:11:30,225.053,225.053,225.053,225.053,10.0
2024-10-07 14:11:31,225.054,225.054,225.004,225.004,60.0
2024-10-07 14:11:32,225.004,225.004,224.993,224.993,40.0
2024-10-07 14:11:33,224.984,224.984,224.983,224.983,40.0
2024-10-07 14:11:34,224.973,224.984,224.953,224.953,40.0
2024-10-07 14:11:35,224.943,224.954,224.943,224.954,50.0
2024-10-07 14:11:36,224.924,224.924,224.903,224.903,40.0
2024-10-07 14:11:37,224.904,224.904,224.904,224.904,10.0
2024-10-07 14:11:38,224.903,224.903,224.814,224.814,60.0
2024-10-07 14:11:40,224.803,224.814,224.743,224.743,70.00000000000001
2024-10-07 14:11:41,224.753,224.773,224.753,224.763,50.0
2024-10-07 14:11:42,224.773,224.773,224.773,224.773,10.0
2024-10-07 14:11:43,224.754,224.754,224.683,224.683,50.0
2024-10-07 14:11:44,224.664,224.684,224.664,224.683,40.0
2024-10-07 14:11:45,224.684,224.684,224.673,224.684,50.0
2024-10-07 14:11:47,224.683,224.683,224.624,224.624,30.000000000000004
2024-10-07 14:11:49,224.623,224.624,224.623,224.624,20.0
2024-10-07 14:11:50,224.604,224.604,224.554,224.574,60.0
2024-10-07 14:11:51,224.574,224.594,224.563,224.594,110.0
2024-10-07 14:11:52,224.614,224.614,224.584,224.614,80.0
2024-10-07 14:11:53,224.614,224.614,224.603,224.604,50.0
2024-10-07 14:11:54,224.584,224.584,224.534,224.544,40.0
2024-10-07 14:11:55,224.573,224.604,224.573,224.604,60.0
2024-10-07 14:11:57,224.604,224.624,224.604,224.624,30.000000000000004
2024-10-07 14:11:58,224.624,224.624,224.623,224.623,40.0
2024-10-07 14:11:59,224.634,224.634,224.634,224.634,10.0
2024-10-07 14:12:00,224.634,224.634,224.634,224.634,10.0
2024-10-07 14:12:01,224.644,224.663,224.644,224.663,30.000000000000004
2024-10-07 14:12:03,224.684,224.724,224.683,224.724,50.0
2024-10-07 14:12:04,224.703,224.703,224.703,224.703,10.0
2024-10-07 14:12:06,224.703,224.734,224.703,224.733,50.0
2024-10-07 14:12:07,224.724,224.734,224.723,224.723,40.0
2024-10-07 14:12:08,224.714,224.714,224.623,224.623,20.0
2024-10-07 14:12:09,224.623,224.623,224.623,224.623,10.0
2024-10-07 14:12:10,224.614,224.614,224.614,224.614,20.0
2024-10-07 14:12:11,224.603,224.643,224.603,224.643,20.0
2024-10-07 14:12:12,224.624,224.624,224.624,224.624,10.0
2024-10-07 14:12:13,224.614,224.614,224.613,224.613,20.0
2024-10-07 14:12:14,224.614,224.643,224.603,224.643,90.0
2024-10-07 14:12:15,224.624,224.643,224.613,224.614,50.0
2024-10-07 14:12:16,224.614,224.614,224.614,224.614,20.0
2024-10-07 14:12:17,224.623,224.623,224.604,224.613,50.0
2024-10-07 14:12:18,224.624,224.624,224.614,224.623,30.000000000000004
2024-10-07 14:12:19,224.624,224.624,224.623,224.623,40.0
2024-10-07 14:12:21,224.613,224.613,224.613,224.613,10.0
2024-10-07 14:12:23,224.543,224.553,224.534,224.534,40.0
2024-10-07 14:12:24,224.454,224.454,224.454,224.454,10.0
2024-10-07 14:12:25,224.464,224.483,224.464,224.483,30.000000000000004
2024-10-07 14:12:26,224.454,224.454,224.454,224.454,10.0
2024-10-07 14:12:27,224.463,224.473,224.463,224.473,40.0
2024-10-07 14:12:28,224.483,224.503,224.483,224.503,40.0
2024-10-07 14:12:29,224.493,224.493,224.493,224.493,20.0
2024-10-07 14:12:31,224.493,224.494,224.493,224.494,20.0
2024-10-07 14:12:32,224.513,224.553,224.513,224.553,40.0
2024-10-07 14:12:33,224.534,224.553,224.534,224.553,20.0
2024-10-07 14:12:34,224.574,224.574,224.564,224.564,20.0
2024-10-07 14:12:35,224.584,224.584,224.584,224.584,10.0
2024-10-07 14:12:36,224.563,224.563,224.563,224.563,10.0
2024-10-07 14:12:37,224.573,224.614,224.573,224.614,20.0
2024-10-07 14:12:38,224.613,224.613,224.603,224.603,30.000000000000004
2024-10-07 14:12:39,224.604,224.604,224.583,224.583,40.0
2024-10-07 14:12:40,224.583,224.584,224.583,224.584,30.000000000000004
2024-10-07 14:12:41,224.604,224.604,224.604,224.604,10.0
2024-10-07 14:12:42,224.604,224.613,224.604,224.613,50.0
2024-10-07 14:12:43,224.613,224.614,224.613,224.614,20.0
2024-10-07 14:12:44,224.623,224.623,224.613,224.623,40.0
2024-10-07 14:12:45,224.593,224.593,224.583,224.584,30.000000000000004
2024-10-07 14:12:46,224.593,224.593,224.593,224.593,10.0
2024-10-07 14:12:47,224.604,224.604,224.584,224.603,40.0
2024-10-07 14:12:48,224.613,224.624,224.574,224.604,90.0
2024-10-07 14:12:49,224.613,224.613,224.613,224.613,10.0
2024-10-07 14:12:50,224.584,224.614,224.584,224.603,30.000000000000004
2024-10-07 14:12:51,224.613,224.614,224.603,224.614,30.000000000000004
2024-10-07 14:12:52,224.623,224.623,224.623,224.623,10.0
2024-10-07 14:12:53,224.624,224.624,224.603,224.603,30.000000000000004
2024-10-07 14:12:54,224.583,224.623,224.583,224.623,70.00000000000001
2024-10-07 14:12:55,224.614,224.614,224.603,224.603,20.0
2024-10-07 14:12:56,224.603,224.603,224.583,224.603,40.0
2024-10-07 14:12:57,224.593,224.604,224.583,224.593,80.0
2024-10-07 14:12:58,224.564,224.594,224.564,224.584,30.000000000000004
2024-10-07 14:12:59,224.564,224.564,224.564,224.564,10.0
2024-10-07 14:13:00,224.583,224.593,224.563,224.563,30.000000000000004
2024-10-07 14:13:01,224.564,224.594,224.564,224.593,40.0
2024-10-07 14:13:03,224.603,224.604,224.603,224.604,60.0
2024-10-07 14:13:06,224.604,224.604,224.604,224.604,10.0
2024-10-07 14:13:07,224.583,224.583,224.583,224.583,20.0
2024-10-07 14:13:08,224.603,224.603,224.603,224.603,10.0
2024-10-07 14:13:12,224.604,224.604,224.604,224.604,20.0
2024-10-07 14:13:13,224.603,224.603,224.603,224.603,10.0
2024-10-07 14:13:15,224.604,224.604,224.604,224.604,10.0
2024-10-07 14:13:16,224.604,224.604,224.604,224.604,10.0
2024-10-07 14:13:17,224.593,224.603,224.593,224.603,30.000000000000004
2024-10-07 14:13:18,224.583,224.604,224.583,224.604,20.0
2024-10-07 14:13:19,224.604,224.604,224.584,224.593,50.0
2024-10-07 14:13:20,224.593,224.593,224.593,224.593,10.0
2024-10-07 14:13:21,224.583,224.603,224.573,224.573,40.0
2024-10-07 14:13:22,224.604,224.604,224.603,224.603,30.000000000000004
2024-10-07 14:13:23,224.594,224.594,224.594,224.594,10.0
2024-10-07 14:13:25,224.583,224.583,224.534,224.543,60.0
2024-10-07 14:13:26,224.524,224.533,224.524,224.533,20.0
2024-10-07 14:13:27,224.543,224.543,224.543,224.543,10.0
2024-10-07 14:13:30,224.534,224.544,224.534,224.544,20.0
2024-10-07 14:13:31,224.553,224.564,224.553,224.564,30.000000000000004
2024-10-07 14:13:32,224.583,224.583,224.583,224.583,10.0
2024-10-07 14:13:33,224.583,224.584,224.574,224.574,30.000000000000004
2024-10-07 14:13:34,224.584,224.584,224.584,224.584,10.0
2024-10-07 14:13:35,224.593,224.603,224.593,224.603,40.0
2024-10-07 14:13:36,224.604,224.623,224.604,224.623,20.0
2024-10-07 14:13:37,224.624,224.624,224.624,224.624,10.0
2024-10-07 14:13:38,224.624,224.624,224.624,224.624,20.0
2024-10-07 14:13:39,224.624,224.634,224.613,224.624,40.0
2024-10-07 14:13:41,224.623,224.624,224.623,224.624,20.0
2024-10-07 14:13:42,224.623,224.623,224.623,224.623,10.0
2024-10-07 14:13:45,224.624,224.624,224.624,224.624,10.0
2024-10-07 14:13:46,224.654,224.683,224.654,224.683,30.000000000000004
2024-10-07 14:13:47,224.644,224.644,224.634,224.634,20.0
2024-10-07 14:13:48,224.644,224.654,224.644,224.654,20.0
2024-10-07 14:13:49,224.654,224.684,224.653,224.684,40.0
2024-10-07 14:13:50,224.683,224.684,224.674,224.684,30.000000000000004
2024-10-07 14:13:51,224.663,224.673,224.654,224.673,30.000000000000004
2024-10-07 14:13:52,224.673,224.673,224.673,224.673,20.0
2024-10-07 14:13:55,224.663,224.663,224.643,224.643,20.0
2024-10-07 14:13:56,224.653,224.653,224.653,224.653,10.0
2024-10-07 14:13:57,224.654,224.654,224.654,224.654,10.0
2024-10-07 14:13:58,224.664,224.664,224.664,224.664,10.0
2024-10-07 14:13:59,224.653,224.653,224.653,224.653,10.0
2024-10-07 14:14:00,224.664,224.714,224.664,224.714,60.0
2024-10-07 14:14:01,224.733,224.794,224.733,224.794,100.0
2024-10-07 14:14:02,224.783,224.783,224.783,224.783,10.0
2024-10-07 14:14:03,224.793,224.833,224.793,224.833,30.000000000000004
2024-10-07 14:14:06,224.773,224.794,224.773,224.784,70.00000000000001
2024-10-07 14:14:07,224.783,224.793,224.783,224.783,30.000000000000004
2024-10-07 14:14:09,224.764,224.764,224.764,224.764,10.0
2024-10-07 14:14:10,224.804,224.834,224.804,224.834,20.0
2024-10-07 14:14:11,224.844,224.854,224.844,224.854,20.0
2024-10-07 14:14:12,224.863,224.863,224.863,224.863,10.0
2024-10-07 14:14:14,224.903,224.913,224.903,224.913,50.0
2024-10-07 14:14:15,224.923,224.934,224.923,224.934,40.0
2024-10-07 14:14:16,224.934,224.953,224.934,224.953,20.0
2024-10-07 14:14:17,224.934,224.943,224.934,224.943,20.0
2024-10-07 14:14:18,224.963,224.974,224.963,224.974,40.0
2024-10-07 14:14:19,224.983,224.983,224.974,224.974,30.000000000000004
2024-10-07 14:14:20,224.983,224.994,224.983,224.983,40.0
2024-10-07 14:14:21,224.974,224.974,224.974,224.974,10.0
2024-10-07 14:14:22,224.983,224.983,224.983,224.983,20.0
2024-10-07 14:14:23,225.003,225.013,225.003,225.013,20.0
2024-10-07 14:14:24,225.024,225.024,225.003,225.013,50.0
2024-10-07 14:14:25,224.993,225.013,224.984,225.013,40.0
2024-10-07 14:14:26,225.023,225.023,225.023,225.023,10.0
2024-10-07 14:14:27,225.024,225.024,225.024,225.024,10.0
2024-10-07 14:14:28,225.013,225.024,225.013,225.024,30.000000000000004
2024-10-07 14:14:29,225.043,225.054,225.043,225.054,20.0
2024-10-07 14:14:30,225.083,225.094,225.083,225.093,30.000000000000004
2024-10-07 14:14:31,225.093,225.093,225.093,225.093,10.0
2024-10-07 14:14:33,225.094,225.143,225.094,225.123,50.0
2024-10-07 14:14:34,225.133,225.133,225.133,225.133,10.0
2024-10-07 14:14:35,225.133,225.174,225.133,225.153,60.0
2024-10-07 14:14:37,225.154,225.164,225.154,225.164,20.0
2024-10-07 14:14:38,225.174,225.193,225.174,225.193,20.0
2024-10-07 14:14:39,225.193,225.193,225.184,225.184,20.0
2024-10-07 14:14:40,225.183,225.183,225.174,225.174,20.0
2024-10-07 14:14:41,225.163,225.163,225.163,225.163,10.0
2024-10-07 14:14:42,225.173,225.173,225.153,225.153,20.0
2024-10-07 14:14:43,225.153,225.174,225.153,225.174,20.0
2024-10-07 14:14:44,225.133,225.133,225.124,225.124,20.0
2024-10-07 14:14:45,225.124,225.124,225.124,225.124,10.0
2024-10-07 14:14:47,225.113,225.113,225.113,225.113,10.0
2024-10-07 14:14:48,225.154,225.154,225.154,225.154,10.0
2024-10-07 14:14:49,225.124,225.124,225.113,225.113,20.0
2024-10-07 14:14:50,225.123,225.124,225.113,225.124,30.000000000000004
2024-10-07 14:14:51,225.124,225.154,225.124,225.154,30.000000000000004
2024-10-07 14:14:53,225.133,225.133,225.133,225.133,10.0
2024-10-07 14:14:54,225.133,225.144,225.133,225.144,20.0
2024-10-07 14:14:55,225.154,225.154,225.153,225.153,20.0
2024-10-07 14:14:56,225.153,225.154,225.153,225.154,20.0
2024-10-07 14:14:57,225.143,225.143,225.143,225.143,10.0
2024-10-07 14:14:58,225.124,225.144,225.113,225.113,30.000000000000004
2024-10-07 14:14:59,225.093,225.093,225.093,225.093,20.0
2024-10-07 14:15:00,225.113,225.134,225.113,225.134,40.0
2024-10-07 14:15:01,225.143,225.144,225.123,225.144,30.000000000000004
2024-10-07 14:15:02,225.134,225.143,225.134,225.143,20.0
2024-10-07 14:15:03,225.153,225.164,225.153,225.154,30.000000000000004
2024-10-07 14:15:04,225.144,225.163,225.144,225.163,30.000000000000004
2024-10-07 14:15:05,225.163,225.163,225.113,225.113,30.000000000000004
2024-10-07 14:15:06,225.123,225.133,225.114,225.114,40.0
2024-10-07 14:15:07,225.113,225.113,225.113,225.113,10.0
2024-10-07 14:15:09,225.093,225.093,225.093,225.093,20.0
2024-10-07 14:15:10,225.104,225.104,225.103,225.103,20.0
2024-10-07 14:15:11,225.114,225.114,225.114,225.114,30.000000000000004
2024-10-07 14:15:12,225.144,225.153,225.123,225.123,50.0
2024-10-07 14:15:13,225.114,225.123,225.114,225.123,30.000000000000004
2024-10-07 14:15:14,225.113,225.113,225.113,225.113,10.0
2024-10-07 14:15:16,225.084,225.084,225.073,225.084,60.0
2024-10-07 14:15:18,225.073,225.073,225.073,225.073,10.0
2024-10-07 14:15:19,225.084,225.084,225.043,225.043,30.000000000000004
2024-10-07 14:15:20,225.043,225.043,225.043,225.043,10.0
2024-10-07 14:15:21,225.063,225.064,225.063,225.064,20.0
2024-10-07 14:15:22,225.074,225.074,225.074,225.074,10.0
2024-10-07 14:15:23,225.104,225.104,225.104,225.104,10.0
2024-10-07 14:15:24,225.113,225.114,225.083,225.083,40.0
2024-10-07 14:15:25,225.083,225.084,225.083,225.084,20.0
2024-10-07 14:15:27,225.073,225.084,225.073,225.084,20.0
2024-10-07 14:15:29,225.063,225.063,225.063,225.063,10.0
2024-10-07 14:15:30,225.083,225.083,225.083,225.083,10.0
2024-10-07 14:15:33,225.084,225.084,224.984,225.013,70.00000000000001
2024-10-07 14:15:34,225.024,225.024,225.013,225.013,60.0
2024-10-07 14:15:35,225.024,225.024,225.013,225.013,60.0
2024-10-07 14:15:36,225.024,225.024,225.014,225.014,20.0
2024-10-07 14:15:37,225.024,225.024,225.023,225.023,20.0
2024-10-07 14:15:38,225.024,225.024,225.004,225.004,40.0
2024-10-07 14:15:40,225.013,225.024,225.013,225.024,30.000000000000004
2024-10-07 14:15:41,225.023,225.023,225.023,225.023,10.0
2024-10-07 14:15:43,225.004,225.004,225.004,225.004,10.0
2024-10-07 14:15:45,225.004,225.004,225.004,225.004,10.0
2024-10-07 14:15:46,225.044,225.044,225.034,225.034,20.0
2024-10-07 14:15:48,225.023,225.023,225.023,225.023,10.0
2024-10-07 14:15:49,225.003,225.014,225.003,225.014,30.000000000000004
2024-10-07 14:15:50,225.003,225.003,224.943,224.974,50.0
2024-10-07 14:15:51,224.973,224.973,224.973,224.973,40.0
2024-10-07 14:15:52,224.984,224.984,224.964,224.974,40.0
2024-10-07 14:15:53,224.974,224.974,224.974,224.974,20.0
2024-10-07 14:15:55,224.984,224.994,224.984,224.994,20.0
2024-10-07 14:15:57,224.994,224.994,224.994,224.994,10.0
2024-10-07 14:15:59,224.994,224.994,224.994,224.994,10.0
2024-10-07 14:16:00,225.004,225.004,225.004,225.004,10.0
2024-10-07 14:16:01,225.034,225.054,225.034,225.054,40.0
2024-10-07 14:16:02,225.063,225.063,225.043,225.043,40.0
2024-10-07 14:16:03,225.023,225.023,225.003,225.003,20.0
2024-10-07 14:16:09,225.013,225.043,225.013,225.043,20.0
2024-10-07 14:16:10,225.053,225.054,225.053,225.054,20.0
2024-10-07 14:16:11,225.044,225.054,225.044,225.054,20.0
2024-10-07 14:16:12,225.043,225.043,225.043,225.043,20.0
2024-10-07 14:16:14,225.064,225.064,225.064,225.064,20.0
2024-10-07 14:16:16,225.074,225.074,225.074,225.074,10.0
2024-10-07 14:16:17,225.084,225.084,225.083,225.083,20.0
2024-10-07 14:16:18,225.083,225.083,225.064,225.064,20.0
2024-10-07 14:16:19,225.074,225.074,225.073,225.073,20.0
2024-10-07 14:16:20,225.083,225.093,225.083,225.093,20.0
2024-10-07 14:16:24,225.093,225.093,225.093,225.093,10.0
2024-10-07 14:16:25,225.114,225.114,225.114,225.114,10.0
2024-10-07 14:16:26,225.124,225.124,225.093,225.093,30.000000000000004
2024-10-07 14:16:29,225.094,225.114,225.094,225.114,20.0
2024-10-07 14:16:30,225.124,225.124,225.124,225.124,10.0
2024-10-07 14:16:32,225.114,225.124,225.114,225.124,20.0
2024-10-07 14:16:34,225.143,225.143,225.143,225.143,20.0
2024-10-07 14:16:35,225.164,225.164,225.143,225.143,30.000000000000004
2024-10-07 14:16:36,225.114,225.114,225.104,225.104,20.0
2024-10-07 14:16:37,225.114,225.114,225.114,225.114,10.0
2024-10-07 14:16:38,225.114,225.134,225.114,225.134,30.000000000000004
2024-10-07 14:16:39,225.134,225.134,225.134,225.134,10.0
2024-10-07 14:16:40,225.133,225.133,225.133,225.133,10.0
2024-10-07 14:16:41,225.134,225.154,225.133,225.144,40.0
2024-10-07 14:16:42,225.153,225.203,225.153,225.163,80.0
2024-10-07 14:16:43,225.174,225.174,225.174,225.174,10.0
2024-10-07 14:16:44,225.153,225.153,225.144,225.144,40.0
2024-10-07 14:16:45,225.144,225.144,225.144,225.144,20.0
2024-10-07 14:16:46,225.133,225.144,225.133,225.144,40.0
2024-10-07 14:16:47,225.153,225.184,225.153,225.184,50.0
2024-10-07 14:16:48,225.163,225.173,225.163,225.173,20.0
2024-10-07 14:16:49,225.184,225.184,225.174,225.184,40.0
2024-10-07 14:16:50,225.194,225.204,225.193,225.194,60.0
2024-10-07 14:16:51,225.194,225.194,225.194,225.194,20.0
2024-10-07 14:16:52,225.204,225.214,225.204,225.214,30.000000000000004
2024-10-07 14:16:53,225.194,225.194,225.194,225.194,10.0
2024-10-07 14:16:54,225.174,225.184,225.163,225.174,50.0
2024-10-07 14:16:55,225.173,225.173,225.163,225.163,20.0
2024-10-07 14:16:57,225.143,225.154,225.143,225.154,30.000000000000004
2024-10-07 14:16:58,225.153,225.153,225.153,225.153,10.0
2024-10-07 14:16:59,225.123,225.134,225.123,225.134,20.0
2024-10-07 14:17:00,225.134,225.154,225.134,225.154,20.0
2024-10-07 14:17:01,225.163,225.183,225.144,225.183,60.0
2024-10-07 14:17:02,225.183,225.183,225.164,225.164,20.0
2024-10-07 14:17:03,225.153,225.163,225.153,225.153,30.000000000000004
2024-10-07 14:17:04,225.144,225.154,225.144,225.154,20.0
2024-10-07 14:17:05,225.104,225.124,225.104,225.124,20.0
2024-10-07 14:17:06,225.103,225.104,225.093,225.104,30.000000000000004
2024-10-07 14:17:07,225.084,225.084,225.084,225.084,10.0
2024-10-07 14:17:10,225.103,225.114,225.103,225.114,40.0
2024-10-07 14:17:12,225.124,225.134,225.124,225.134,30.000000000000004
2024-10-07 14:17:13,225.144,225.144,225.144,225.144,20.0
2024-10-07 14:17:14,225.154,225.154,225.154,225.154,10.0
2024-10-07 14:17:15,225.154,225.154,225.154,225.154,10.0
2024-10-07 14:17:17,225.154,225.154,225.154,225.154,10.0
2024-10-07 14:17:18,225.154,225.164,225.154,225.164,30.000000000000004
2024-10-07 14:17:19,225.164,225.164,225.164,225.164,10.0
2024-10-07 14:17:21,225.154,225.154,225.154,225.154,10.0
2024-10-07 14:17:24,225.163,225.163,225.163,225.163,20.0
2024-10-07 14:17:25,225.163,225.163,225.163,225.163,20.0
2024-10-07 14:17:26,225.143,225.143,225.143,225.143,10.0
2024-10-07 14:17:27,225.164,225.164,225.164,225.164,10.0
2024-10-07 14:17:28,225.184,225.184,225.184,225.184,10.0
2024-10-07 14:17:29,225.193,225.193,225.193,225.193,10.0
2024-10-07 14:17:30,225.193,225.204,225.193,225.204,50.0
2024-10-07 14:17:34,225.193,225.203,225.183,225.194,40.0
2024-10-07 14:17:35,225.183,225.194,225.183,225.194,20.0
2024-10-07 14:17:38,225.183,225.194,225.183,225.194,40.0
2024-10-07 14:17:39,225.193,225.204,225.174,225.174,70.00000000000001
2024-10-07 14:17:40,225.164,225.164,225.164,225.164,10.0
2024-10-07 14:17:41,225.163,225.164,225.163,225.164,20.0
2024-10-07 14:17:42,225.184,225.184,225.184,225.184,20.0
2024-10-07 14:17:43,225.173,225.184,225.173,225.184,20.0
2024-10-07 14:17:44,225.183,225.183,225.163,225.163,20.0
2024-10-07 14:17:45,225.164,225.193,225.164,225.193,40.0
2024-10-07 14:17:46,225.193,225.193,225.193,225.193,10.0
2024-10-07 14:17:47,225.184,225.184,225.184,225.184,10.0
2024-10-07 14:17:48,225.194,225.194,225.173,225.194,40.0
2024-10-07 14:17:52,225.184,225.194,225.184,225.194,20.0
2024-10-07 14:17:54,225.193,225.193,225.173,225.173,20.0
2024-10-07 14:17:55,225.173,225.193,225.164,225.193,40.0
2024-10-07 14:17:56,225.194,225.194,225.194,225.194,10.0
2024-10-07 14:17:57,225.174,225.174,225.174,225.174,10.0
2024-10-07 14:17:58,225.194,225.203,225.194,225.203,20.0
2024-10-07 14:17:59,225.224,225.224,225.224,225.224,20.0
2024-10-07 14:18:01,225.223,225.243,225.223,225.233,40.0
2024-10-07 14:18:02,225.243,225.243,225.243,225.243,20.0
2024-10-07 14:18:03,225.243,225.243,225.234,225.234,20.0
2024-10-07 14:18:04,225.243,225.243,225.233,225.233,40.0
2024-10-07 14:18:05,225.224,225.224,225.213,225.213,20.0
2024-10-07 14:18:06,225.224,225.234,225.224,225.234,30.000000000000004
2024-10-07 14:18:08,225.243,225.253,225.243,225.253,30.000000000000004
2024-10-07 14:18:09,225.254,225.254,225.254,225.254,20.0
2024-10-07 14:18:10,225.264,225.303,225.264,225.303,50.0
2024-10-07 14:18:11,225.264,225.264,225.264,225.264,10.0
2024-10-07 14:18:13,225.273,225.274,225.273,225.274,30.000000000000004
2024-10-07 14:18:14,225.263,225.273,225.263,225.273,20.0
2024-10-07 14:18:15,225.264,225.274,225.264,225.274,20.0
2024-10-07 14:18:16,225.284,225.284,225.274,225.274,40.0
2024-10-07 14:18:17,225.264,225.264,225.243,225.254,40.0
2024-10-07 14:18:18,225.254,225.273,225.254,225.273,30.000000000000004
2024-10-07 14:18:19,225.264,225.274,225.264,225.274,30.000000000000004
2024-10-07 14:18:20,225.273,225.284,225.263,225.284,50.0
2024-10-07 14:18:21,225.284,225.284,225.254,225.254,60.0
2024-10-07 14:18:22,225.243,225.254,225.243,225.244,40.0
2024-10-07 14:18:23,225.253,225.253,225.253,225.253,10.0
2024-10-07 14:18:24,225.244,225.244,225.213,225.213,20.0
2024-10-07 14:18:25,225.194,225.194,225.193,225.193,30.000000000000004
2024-10-07 14:18:26,225.203,225.203,225.193,225.193,20.0
2024-10-07 14:18:27,225.184,225.184,225.184,225.184,10.0
2024-10-07 14:18:30,225.204,225.223,225.204,225.223,20.0
2024-10-07 14:18:31,225.194,225.223,225.194,225.223,50.0
2024-10-07 14:18:32,225.233,225.234,225.233,225.234,30.000000000000004
2024-10-07 14:18:33,225.243,225.243,225.243,225.243,10.0
2024-10-07 14:18:34,225.233,225.244,225.233,225.244,20.0
2024-10-07 14:18:36,225.253,225.253,225.253,225.253,10.0
2024-10-07 14:18:37,225.253,225.253,225.253,225.253,10.0
2024-10-07 14:18:38,225.254,225.254,225.233,225.254,30.000000000000004
2024-10-07 14:18:39,225.253,225.253,225.233,225.233,20.0
2024-10-07 14:18:40,225.233,225.233,225.213,225.213,20.0
2024-10-07 14:18:42,225.194,225.204,225.194,225.204,40.0
2024-10-07 14:18:43,225.193,225.213,225.193,225.213,30.000000000000004
2024-10-07 14:18:45,225.213,225.213,225.213,225.213,10.0
2024-10-07 14:18:48,225.193,225.214,225.193,225.203,40.0
2024-10-07 14:18:50,225.213,225.214,225.213,225.214,20.0
2024-10-07 14:18:51,225.214,225.214,225.214,225.214,20.0
2024-10-07 14:18:52,225.183,225.183,225.183,225.183,10.0
2024-10-07 14:18:54,225.203,225.203,225.194,225.194,20.0
2024-10-07 14:18:55,225.193,225.194,225.193,225.194,20.0
2024-10-07 14:18:56,225.193,225.193,225.193,225.193,10.0
2024-10-07 14:18:57,225.194,225.194,225.194,225.194,10.0
2024-10-07 14:18:58,225.194,225.194,225.193,225.193,20.0
2024-10-07 14:19:00,225.124,225.124,225.113,225.113,30.000000000000004
2024-10-07 14:19:01,225.124,225.133,225.123,225.124,50.0
2024-10-07 14:19:02,225.114,225.114,225.114,225.114,10.0
2024-10-07 14:19:03,225.123,225.123,225.123,225.123,10.0
2024-10-07 14:19:04,225.123,225.133,225.123,225.133,30.000000000000004
2024-10-07 14:19:07,225.123,225.123,225.123,225.123,10.0
2024-10-07 14:19:08,225.153,225.153,225.153,225.153,20.0
2024-10-07 14:19:11,225.164,225.164,225.164,225.164,10.0
2024-10-07 14:19:12,225.174,225.174,225.174,225.174,20.0
2024-10-07 14:19:13,225.174,225.174,225.164,225.164,30.000000000000004
2024-10-07 14:19:15,225.163,225.163,225.153,225.153,20.0
2024-10-07 14:19:17,225.164,225.164,225.154,225.154,30.000000000000004
2024-10-07 14:19:20,225.144,225.144,225.144,225.144,10.0
2024-10-07 14:19:22,225.124,225.134,225.124,225.134,30.000000000000004
2024-10-07 14:19:23,225.143,225.154,225.143,225.154,30.000000000000004
2024-10-07 14:19:25,225.163,225.164,225.163,225.163,30.000000000000004
2024-10-07 14:19:27,225.173,225.174,225.173,225.174,20.0
2024-10-07 14:19:30,225.213,225.214,225.184,225.214,40.0
2024-10-07 14:19:32,225.214,225.214,225.214,225.214,10.0
2024-10-07 14:19:34,225.204,225.224,225.204,225.224,30.000000000000004
2024-10-07 14:19:35,225.223,225.223,225.223,225.223,20.0
2024-10-07 14:19:36,225.223,225.223,225.223,225.223,10.0
2024-10-07 14:19:37,225.243,225.243,225.243,225.243,10.0
2024-10-07 14:19:38,225.244,225.244,225.244,225.244,20.0
2024-10-07 14:19:39,225.244,225.244,225.203,225.233,60.0
2024-10-07 14:19:41,225.214,225.233,225.214,225.233,20.0
2024-10-07 14:19:42,225.223,225.223,225.223,225.223,10.0
2024-10-07 14:19:46,225.223,225.223,225.223,225.223,10.0
2024-10-07 14:19:47,225.234,225.254,225.234,225.254,40.0
2024-10-07 14:19:49,225.244,225.254,225.244,225.254,20.0
2024-10-07 14:19:50,225.234,225.254,225.234,225.253,30.000000000000004
2024-10-07 14:19:51,225.253,225.253,225.253,225.253,20.0
2024-10-07 14:19:52,225.254,225.254,225.254,225.254,10.0
2024-10-07 14:19:54,225.253,225.264,225.253,225.264,20.0
2024-10-07 14:19:56,225.274,225.274,225.274,225.274,10.0
2024-10-07 14:19:57,225.274,225.274,225.274,225.274,20.0
2024-10-07 14:19:58,225.263,225.263,225.263,225.263,10.0
2024-10-07 14:20:00,225.284,225.304,225.284,225.303,30.000000000000004
2024-10-07 14:20:01,225.313,225.314,225.313,225.314,30.000000000000004
2024-10-07 14:20:02,225.304,225.304,225.293,225.293,30.000000000000004
2024-10-07 14:20:03,225.303,225.303,225.273,225.283,40.0
2024-10-07 14:20:05,225.293,225.293,225.283,225.284,40.0
2024-10-07 14:20:06,225.273,225.273,225.273,225.273,30.000000000000004
2024-10-07 14:20:08,225.274,225.284,225.254,225.284,50.0
2024-10-07 14:20:09,225.273,225.273,225.273,225.273,10.0
2024-10-07 14:20:10,225.283,225.294,225.274,225.274,50.0
2024-10-07 14:20:11,225.274,225.274,225.264,225.264,20.0
2024-10-07 14:20:14,225.274,225.274,225.274,225.274,10.0
2024-10-07 14:20:15,225.264,225.264,225.264,225.264,10.0
2024-10-07 14:20:16,225.243,225.263,225.243,225.263,30.000000000000004
2024-10-07 14:20:20,225.274,225.274,225.274,225.274,10.0
2024-10-07 14:20:21,225.273,225.294,225.273,225.294,20.0
2024-10-07 14:20:22,225.293,225.294,225.293,225.294,20.0
2024-10-07 14:20:23,225.293,225.293,225.293,225.293,10.0
2024-10-07 14:20:24,225.303,225.303,225.294,225.303,40.0
2024-10-07 14:20:26,225.293,225.304,225.293,225.304,20.0
2024-10-07 14:20:27,225.293,225.304,225.293,225.304,20.0
2024-10-07 14:20:28,225.284,225.303,225.263,225.264,60.0
2024-10-07 14:20:29,225.274,225.274,225.274,225.274,10.0
2024-10-07 14:20:30,225.264,225.264,225.264,225.264,10.0
2024-10-07 14:20:32,225.254,225.254,225.254,225.254,10.0
2024-10-07 14:20:33,225.263,225.263,225.263,225.263,10.0
2024-10-07 14:20:35,225.263,225.263,225.263,225.263,10.0
2024-10-07 14:20:37,225.253,225.264,225.244,225.244,30.000000000000004
2024-10-07 14:20:38,225.244,225.244,225.223,225.233,40.0
2024-10-07 14:20:39,225.224,225.224,225.204,225.213,60.0
2024-10-07 14:20:40,225.213,225.213,225.213,225.213,10.0
2024-10-07 14:20:41,225.234,225.234,225.234,225.234,10.0
2024-10-07 14:20:43,225.224,225.224,225.224,225.224,10.0
2024-10-07 14:20:44,225.223,225.234,225.223,225.234,30.000000000000004
2024-10-07 14:20:45,225.234,225.234,225.234,225.234,10.0
2024-10-07 14:20:46,225.244,225.244,225.244,225.244,10.0
2024-10-07 14:20:47,225.253,225.254,225.253,225.254,30.000000000000004
2024-10-07 14:20:48,225.253,225.253,225.253,225.253,10.0
2024-10-07 14:20:50,225.223,225.223,225.223,225.223,10.0
2024-10-07 14:20:52,225.253,225.253,225.253,225.253,10.0
2024-10-07 14:20:53,225.254,225.254,225.254,225.254,10.0
2024-10-07 14:20:54,225.254,225.254,225.254,225.254,10.0
2024-10-07 14:20:55,225.253,225.253,225.253,225.253,10.0
2024-10-07 14:20:56,225.223,225.223,225.223,225.223,10.0
2024-10-07 14:20:57,225.253,225.253,225.234,225.243,40.0
2024-10-07 14:20:58,225.253,225.253,225.253,225.253,10.0
2024-10-07 14:21:00,225.244,225.244,225.244,225.244,10.0
2024-10-07 14:21:01,225.244,225.253,225.244,225.253,20.0
2024-10-07 14:21:02,225.243,225.244,225.214,225.244,40.0
2024-10-07 14:21:03,225.253,225.254,225.244,225.253,40.0
2024-10-07 14:21:04,225.244,225.254,225.244,225.254,20.0
2024-10-07 14:21:05,225.254,225.254,225.254,225.254,10.0
2024-10-07 14:21:06,225.244,225.254,225.244,225.254,40.0
2024-10-07 14:21:07,225.254,225.254,225.243,225.254,30.000000000000004
2024-10-07 14:21:08,225.244,225.253,225.244,225.253,20.0
2024-10-07 14:21:10,225.273,225.283,225.273,225.283,20.0
2024-10-07 14:21:11,225.284,225.293,225.283,225.293,30.000000000000004
2024-10-07 14:21:12,225.303,225.314,225.303,225.314,30.000000000000004
2024-10-07 14:21:13,225.314,225.314,225.314,225.314,20.0
2024-10-07 14:21:15,225.304,225.344,225.304,225.343,40.0
2024-10-07 14:21:19,225.324,225.324,225.324,225.324,10.0
2024-10-07 14:21:20,225.334,225.353,225.334,225.353,30.000000000000004
2024-10-07 14:21:22,225.353,225.353,225.343,225.344,50.0
2024-10-07 14:21:24,225.353,225.353,225.353,225.353,10.0
2024-10-07 14:21:25,225.353,225.353,225.353,225.353,10.0
2024-10-07 14:21:26,225.354,225.363,225.354,225.363,20.0
2024-10-07 14:21:27,225.364,225.364,225.364,225.364,10.0
2024-10-07 14:21:28,225.374,225.383,225.374,225.383,20.0
2024-10-07 14:21:30,225.373,225.384,225.373,225.384,20.0
2024-10-07 14:21:31,225.364,225.364,225.364,225.364,10.0
2024-10-07 14:21:32,225.373,225.374,225.364,225.374,30.000000000000004
2024-10-07 14:21:33,225.383,225.383,225.373,225.373,20.0
2024-10-07 14:21:34,225.384,225.384,225.384,225.384,10.0
2024-10-07 14:21:36,225.363,225.363,225.334,225.343,40.0
2024-10-07 14:21:37,225.324,225.324,225.324,225.324,10.0
2024-10-07 14:21:38,225.334,225.334,225.334,225.334,10.0
2024-10-07 14:21:39,225.314,225.314,225.314,225.314,10.0
2024-10-07 14:21:40,225.324,225.324,225.324,225.324,10.0
2024-10-07 14:21:42,225.343,225.363,225.343,225.363,30.000000000000004
2024-10-07 14:21:43,225.364,225.364,225.364,225.364,10.0
2024-10-07 14:21:45,225.354,225.363,225.354,225.363,20.0
2024-10-07 14:21:49,225.383,225.383,225.363,225.373,40.0
2024-10-07 14:21:50,225.353,225.353,225.353,225.353,10.0
2024-10-07 14:21:51,225.354,225.354,225.354,225.354,10.0
2024-10-07 14:21:52,225.363,225.374,225.363,225.374,30.000000000000004
2024-10-07 14:21:54,225.384,225.384,225.384,225.384,10.0
2024-10-07 14:21:56,225.364,225.364,225.364,225.364,10.0
2024-10-07 14:21:57,225.373,225.373,225.353,225.353,40.0
2024-10-07 14:21:58,225.323,225.323,225.303,225.303,30.000000000000004
2024-10-07 14:21:59,225.304,225.304,225.303,225.303,20.0
2024-10-07 14:22:01,225.303,225.303,225.303,225.303,10.0
2024-10-07 14:22:02,225.293,225.293,225.264,225.273,40.0
2024-10-07 14:22:03,225.263,225.263,225.263,225.263,10.0
2024-10-07 14:22:05,225.243,225.274,225.243,225.274,60.0
2024-10-07 14:22:06,225.273,225.273,225.273,225.273,20.0
2024-10-07 14:22:07,225.264,225.273,225.263,225.273,40.0
2024-10-07 14:22:08,225.284,225.284,225.273,225.273,30.000000000000004
2024-10-07 14:22:09,225.284,225.293,225.284,225.293,20.0
2024-10-07 14:22:10,225.314,225.334,225.314,225.333,40.0
2024-10-07 14:22:11,225.353,225.374,225.353,225.374,40.0
2024-10-07 14:22:13,225.373,225.374,225.373,225.374,20.0
2024-10-07 14:22:14,225.363,225.374,225.363,225.374,30.000000000000004
2024-10-07 14:22:15,225.383,225.383,225.383,225.383,10.0
2024-10-07 14:22:16,225.363,225.363,225.363,225.363,10.0
2024-10-07 14:22:17,225.364,225.373,225.364,225.373,20.0
2024-10-07 14:22:19,225.353,225.353,225.353,225.353,10.0
2024-10-07 14:22:20,225.343,225.343,225.343,225.343,10.0
2024-10-07 14:22:21,225.344,225.383,225.344,225.383,40.0
2024-10-07 14:22:22,225.384,225.384,225.364,225.364,20.0
2024-10-07 14:22:23,225.363,225.363,225.363,225.363,10.0
2024-10-07 14:22:25,225.354,225.354,225.354,225.354,10.0
2024-10-07 14:22:26,225.333,225.333,225.333,225.333,10.0
2024-10-07 14:22:27,225.354,225.354,225.333,225.333,40.0
2024-10-07 14:22:29,225.323,225.323,225.323,225.323,10.0
2024-10-07 14:22:30,225.314,225.314,225.314,225.314,10.0
2024-10-07 14:22:31,225.344,225.344,225.344,225.344,10.0
2024-10-07 14:22:32,225.364,225.364,225.364,225.364,20.0
2024-10-07 14:22:34,225.353,225.353,225.353,225.353,10.0
2024-10-07 14:22:35,225.354,225.354,225.354,225.354,10.0
2024-10-07 14:22:39,225.353,225.353,225.353,225.353,10.0
2024-10-07 14:22:40,225.333,225.353,225.333,225.333,30.000000000000004
2024-10-07 14:22:41,225.343,225.343,225.343,225.343,10.0
2024-10-07 14:22:42,225.354,225.354,225.314,225.314,20.0
2024-10-07 14:22:43,225.323,225.334,225.323,225.334,20.0
2024-10-07 14:22:44,225.343,225.343,225.343,225.343,10.0
2024-10-07 14:22:45,225.353,225.353,225.353,225.353,10.0
2024-10-07 14:22:46,225.344,225.354,225.343,225.354,40.0
2024-10-07 14:22:47,225.343,225.364,225.343,225.353,30.000000000000004
2024-10-07 14:22:48,225.354,225.354,225.344,225.344,20.0
2024-10-07 14:22:49,225.353,225.353,225.353,225.353,10.0
2024-10-07 14:22:53,225.364,225.384,225.364,225.384,40.0
2024-10-07 14:22:54,225.384,225.393,225.384,225.393,20.0
2024-10-07 14:22:56,225.403,225.403,225.403,225.403,10.0
2024-10-07 14:22:57,225.403,225.403,225.403,225.403,10.0
2024-10-07 14:22:58,225.394,225.394,225.394,225.394,10.0
2024-10-07 14:22:59,225.404,225.404,225.393,225.393,20.0
2024-10-07 14:23:00,225.393,225.403,225.393,225.403,20.0
2024-10-07 14:23:01,225.403,225.403,225.403,225.403,10.0
2024-10-07 14:23:03,225.424,225.424,225.373,225.384,40.0
2024-10-07 14:23:05,225.383,225.384,225.383,225.383,30.000000000000004
2024-10-07 14:23:06,225.383,225.383,225.344,225.344,50.0
2024-10-07 14:23:08,225.334,225.343,225.334,225.343,20.0
2024-10-07 14:23:09,225.324,225.324,225.324,225.324,10.0
2024-10-07 14:23:10,225.314,225.324,225.314,225.324,40.0
2024-10-07 14:23:11,225.323,225.323,225.303,225.303,20.0
2024-10-07 14:23:12,225.304,225.304,225.283,225.304,30.000000000000004
2024-10-07 14:23:13,225.273,225.303,225.273,225.303,20.0
2024-10-07 14:23:14,225.324,225.324,225.324,225.324,10.0
2024-10-07 14:23:16,225.313,225.324,225.303,225.323,40.0
2024-10-07 14:23:17,225.324,225.324,225.304,225.304,20.0
2024-10-07 14:23:18,225.324,225.324,225.324,225.324,10.0
2024-10-07 14:23:19,225.324,225.324,225.324,225.324,20.0
2024-10-07 14:23:20,225.324,225.324,225.324,225.324,10.0
2024-10-07 14:23:22,225.333,225.333,225.333,225.333,10.0
2024-10-07 14:23:25,225.314,225.333,225.314,225.333,30.000000000000004
2024-10-07 14:23:27,225.333,225.333,225.333,225.333,20.0
2024-10-07 14:23:28,225.333,225.333,225.303,225.304,30.000000000000004
2024-10-07 14:23:29,225.313,225.313,225.313,225.313,10.0
2024-10-07 14:23:30,225.284,225.303,225.284,225.303,20.0
2024-10-07 14:23:31,225.294,225.314,225.294,225.314,30.000000000000004
2024-10-07 14:23:32,225.314,225.314,225.284,225.284,50.0
2024-10-07 14:23:33,225.304,225.313,225.254,225.254,70.00000000000001
2024-10-07 14:23:34,225.264,225.274,225.254,225.254,60.0
2024-10-07 14:23:35,225.254,225.254,225.254,225.254,10.0
2024-10-07 14:23:37,225.273,225.273,225.273,225.273,10.0
2024-10-07 14:23:38,225.284,225.284,225.284,225.284,10.0
2024-10-07 14:23:39,225.284,225.304,225.284,225.294,40.0
2024-10-07 14:23:40,225.294,225.294,225.293,225.293,20.0
2024-10-07 14:23:41,225.304,225.314,225.304,225.313,40.0
2024-10-07 14:23:42,225.324,225.324,225.324,225.324,10.0
2024-10-07 14:23:44,225.303,225.304,225.294,225.304,30.000000000000004
2024-10-07 14:23:46,225.283,225.304,225.283,225.304,20.0
2024-10-07 14:23:47,225.323,225.334,225.323,225.334,30.000000000000004
2024-10-07 14:23:50,225.334,225.354,225.334,225.354,20.0
2024-10-07 14:23:51,225.354,225.364,225.354,225.364,20.0
2024-10-07 14:23:52,225.364,225.364,225.323,225.333,80.0
2024-10-07 14:23:53,225.323,225.324,225.323,225.324,20.0
2024-10-07 14:23:54,225.314,225.314,225.314,225.314,20.0
2024-10-07 14:23:57,225.314,225.314,225.314,225.314,10.0
2024-10-07 14:23:58,225.323,225.324,225.323,225.324,20.0
2024-10-07 14:24:00,225.334,225.334,225.333,225.333,20.0
2024-10-07 14:24:02,225.323,225.323,225.323,225.323,10.0
2024-10-07 14:24:05,225.334,225.334,225.334,225.334,20.0
2024-10-07 14:24:06,225.343,225.343,225.343,225.343,10.0
2024-10-07 14:24:07,225.353,225.353,225.353,225.353,10.0
2024-10-07 14:24:08,225.354,225.354,225.354,225.354,10.0
2024-10-07 14:24:10,225.374,225.374,225.374,225.374,10.0
2024-10-07 14:24:11,225.374,225.374,225.364,225.374,50.0
2024-10-07 14:24:12,225.363,225.373,225.363,225.373,30.000000000000004
2024-10-07 14:24:13,225.374,225.374,225.374,225.374,20.0
2024-10-07 14:24:14,225.363,225.373,225.363,225.373,20.0
2024-10-07 14:24:15,225.374,225.374,225.374,225.374,10.0
2024-10-07 14:24:16,225.373,225.374,225.373,225.374,20.0
2024-10-07 14:24:19,225.364,225.373,225.364,225.373,20.0
2024-10-07 14:24:20,225.374,225.374,225.374,225.374,10.0
2024-10-07 14:24:21,225.394,225.394,225.383,225.394,40.0
2024-10-07 14:24:22,225.393,225.403,225.373,225.383,80.0
2024-10-07 14:24:23,225.373,225.384,225.373,225.374,50.0
2024-10-07 14:24:24,225.394,225.394,225.394,225.394,10.0
2024-10-07 14:24:25,225.403,225.403,225.403,225.403,10.0
2024-10-07 14:24:27,225.394,225.394,225.374,225.393,60.0
2024-10-07 14:24:28,225.374,225.374,225.374,225.374,10.0
2024-10-07 14:24:29,225.394,225.394,225.383,225.394,50.0
2024-10-07 14:24:32,225.383,225.393,225.383,225.393,40.0
2024-10-07 14:24:33,225.383,225.394,225.383,225.393,30.000000000000004
2024-10-07 14:24:34,225.393,225.393,225.393,225.393,10.0
2024-10-07 14:24:35,225.384,225.403,225.384,225.403,30.000000000000004
2024-10-07 14:24:36,225.404,225.404,225.404,225.404,30.000000000000004
2024-10-07 14:24:37,225.414,225.414,225.404,225.404,20.0
2024-10-07 14:24:38,225.394,225.394,225.393,225.393,20.0
2024-10-07 14:24:39,225.393,225.403,225.393,225.403,20.0
2024-10-07 14:24:40,225.414,225.414,225.413,225.414,30.000000000000004
2024-10-07 14:24:41,225.413,225.423,225.413,225.423,20.0
2024-10-07 14:24:42,225.424,225.454,225.424,225.433,40.0
2024-10-07 14:24:43,225.454,225.454,225.444,225.444,20.0
2024-10-07 14:24:44,225.453,225.453,225.433,225.444,50.0
2024-10-07 14:24:45,225.434,225.434,225.433,225.433,20.0
2024-10-07 14:24:46,225.444,225.444,225.434,225.434,20.0
2024-10-07 14:24:47,225.423,225.434,225.423,225.434,20.0
2024-10-07 14:24:48,225.433,225.444,225.433,225.444,30.000000000000004
2024-10-07 14:24:49,225.434,225.434,225.434,225.434,10.0
2024-10-07 14:24:50,225.423,225.433,225.423,225.433,30.000000000000004
2024-10-07 14:24:51,225.434,225.434,225.423,225.423,20.0
2024-10-07 14:24:52,225.424,225.424,225.403,225.403,30.000000000000004
2024-10-07 14:24:53,225.393,225.414,225.393,225.414,30.000000000000004
2024-10-07 14:24:54,225.404,225.413,225.364,225.364,50.0
2024-10-07 14:24:55,225.343,225.353,225.343,225.353,20.0
2024-10-07 14:24:57,225.334,225.343,225.334,225.343,20.0
2024-10-07 14:24:58,225.334,225.334,225.334,225.334,10.0
2024-10-07 14:24:59,225.323,225.323,225.323,225.323,10.0
2024-10-07 14:25:01,225.323,225.363,225.323,225.354,60.0
2024-10-07 14:25:02,225.364,225.364,225.353,225.364,30.000000000000004
2024-10-07 14:25:04,225.353,225.363,225.353,225.363,20.0
2024-10-07 14:25:05,225.374,225.374,225.373,225.373,20.0
2024-10-07 14:25:06,225.393,225.393,225.384,225.384,20.0
2024-10-07 14:25:07,225.394,225.413,225.393,225.413,40.0
2024-10-07 14:25:08,225.414,225.434,225.414,225.434,20.0
2024-10-07 14:25:09,225.423,225.433,225.423,225.433,20.0
2024-10-07 14:25:11,225.424,225.433,225.424,225.433,20.0
2024-10-07 14:25:12,225.413,225.424,225.413,225.424,20.0
2024-10-07 14:25:13,225.424,225.424,225.424,225.424,10.0
2024-10-07 14:25:15,225.434,225.434,225.434,225.434,10.0
2024-10-07 14:25:16,225.423,225.433,225.423,225.433,20.0
2024-10-07 14:25:17,225.414,225.424,225.414,225.424,20.0
2024-10-07 14:25:18,225.414,225.424,225.394,225.414,50.0
2024-10-07 14:25:19,225.394,225.394,225.384,225.393,30.000000000000004
2024-10-07 14:25:20,225.373,225.374,225.354,225.373,80.0
2024-10-07 14:25:21,225.344,225.354,225.344,225.354,30.000000000000004
2024-10-07 14:25:22,225.324,225.333,225.323,225.323,30.000000000000004
2024-10-07 14:25:23,225.333,225.333,225.333,225.333,10.0
2024-10-07 14:25:24,225.343,225.344,225.343,225.344,20.0
2024-10-07 14:25:26,225.323,225.343,225.323,225.334,30.000000000000004
2024-10-07 14:25:27,225.344,225.353,225.344,225.353,30.000000000000004
2024-10-07 14:25:28,225.343,225.354,225.343,225.354,20.0
2024-10-07 14:25:30,225.334,225.334,225.334,225.334,10.0
2024-10-07 14:25:32,225.344,225.344,225.333,225.334,50.0
2024-10-07 14:25:33,225.344,225.344,225.334,225.343,30.000000000000004
2024-10-07 14:25:34,225.323,225.353,225.323,225.344,40.0
2024-10-07 14:25:38,225.334,225.343,225.334,225.343,20.0
2024-10-07 14:25:39,225.344,225.344,225.344,225.344,10.0
2024-10-07 14:25:40,225.353,225.364,225.353,225.354,30.000000000000004
2024-10-07 14:25:41,225.364,225.364,225.364,225.364,10.0
2024-10-07 14:25:42,225.374,225.394,225.373,225.394,60.0
2024-10-07 14:25:43,225.403,225.403,225.394,225.394,20.0
2024-10-07 14:25:44,225.403,225.403,225.403,225.403,10.0
2024-10-07 14:25:46,225.393,225.404,225.393,225.404,20.0
2024-10-07 14:25:47,225.403,225.403,225.403,225.403,20.0
2024-10-07 14:25:48,225.394,225.394,225.394,225.394,10.0
2024-10-07 14:25:49,225.403,225.403,225.403,225.403,20.0
2024-10-07 14:25:50,225.404,225.404,225.404,225.404,10.0
2024-10-07 14:25:51,225.404,225.404,225.404,225.404,20.0
2024-10-07 14:25:52,225.403,225.403,225.403,225.403,10.0
2024-10-07 14:25:53,225.404,225.404,225.404,225.404,20.0
2024-10-07 14:25:59,225.384,225.404,225.384,225.404,30.000000000000004
2024-10-07 14:26:01,225.393,225.393,225.393,225.393,10.0
2024-10-07 14:26:02,225.354,225.373,225.354,225.373,30.000000000000004
2024-10-07 14:26:03,225.384,225.384,225.363,225.363,40.0
2024-10-07 14:26:05,225.343,225.354,225.343,225.353,30.000000000000004
2024-10-07 14:26:06,225.364,225.364,225.364,225.364,10.0
2024-10-07 14:26:08,225.364,225.364,225.364,225.364,10.0
2024-10-07 14:26:10,225.333,225.343,225.324,225.324,30.000000000000004
2024-10-07 14:26:11,225.344,225.344,225.344,225.344,10.0
2024-10-07 14:26:13,225.334,225.344,225.334,225.344,20.0
2024-10-07 14:26:14,225.354,225.374,225.354,225.374,30.000000000000004
2024-10-07 14:26:15,225.384,225.384,225.374,225.374,20.0
2024-10-07 14:26:17,225.373,225.373,225.373,225.373,10.0
2024-10-07 14:26:22,225.364,225.364,225.364,225.364,20.0
2024-10-07 14:26:23,225.364,225.364,225.364,225.364,10.0
2024-10-07 14:26:25,225.363,225.363,225.363,225.363,10.0
2024-10-07 14:26:27,225.363,225.403,225.363,225.403,30.000000000000004
2024-10-07 14:26:30,225.403,225.403,225.403,225.403,10.0
2024-10-07 14:26:33,225.404,225.404,225.404,225.404,10.0
2024-10-07 14:26:36,225.434,225.434,225.434,225.434,10.0
2024-10-07 14:26:38,225.423,225.433,225.423,225.433,20.0
2024-10-07 14:26:39,225.423,225.423,225.423,225.423,10.0
2024-10-07 14:26:40,225.433,225.433,225.433,225.433,10.0
2024-10-07 14:26:41,225.434,225.434,225.434,225.434,10.0
2024-10-07 14:26:42,225.434,225.434,225.434,225.434,20.0
2024-10-07 14:26:46,225.413,225.413,225.403,225.403,20.0
2024-10-07 14:26:47,225.394,225.394,225.394,225.394,10.0
2024-10-07 14:26:48,225.404,225.404,225.404,225.404,10.0
2024-10-07 14:26:50,225.394,225.394,225.393,225.393,20.0
2024-10-07 14:26:51,225.403,225.403,225.403,225.403,10.0
2024-10-07 14:26:53,225.404,225.404,225.404,225.404,10.0
2024-10-07 14:26:57,225.413,225.424,225.413,225.424,20.0
2024-10-07 14:26:58,225.413,225.413,225.413,225.413,10.0
2024-10-07 14:27:00,225.423,225.423,225.403,225.403,40.0
2024-10-07 14:27:01,225.414,225.414,225.404,225.404,20.0
2024-10-07 14:27:02,225.413,225.434,225.403,225.434,40.0
2024-10-07 14:27:03,225.443,225.443,225.443,225.443,10.0
2024-10-07 14:27:05,225.474,225.494,225.474,225.494,20.0
2024-10-07 14:27:06,225.494,225.494,225.494,225.494,10.0
2024-10-07 14:27:07,225.504,225.504,225.504,225.504,10.0
2024-10-07 14:27:08,225.494,225.494,225.494,225.494,10.0
2024-10-07 14:27:09,225.534,225.543,225.514,225.514,60.0
2024-10-07 14:27:10,225.524,225.524,225.503,225.503,50.0
2024-10-07 14:27:11,225.504,225.504,225.493,225.503,30.000000000000004
2024-10-07 14:27:12,225.493,225.493,225.493,225.493,10.0
2024-10-07 14:27:13,225.484,225.494,225.483,225.494,30.000000000000004
2024-10-07 14:27:16,225.503,225.503,225.503,225.503,10.0
2024-10-07 14:27:17,225.513,225.534,225.513,225.533,50.0
2024-10-07 14:27:18,225.534,225.534,225.533,225.533,20.0
2024-10-07 14:27:19,225.524,225.524,225.524,225.524,10.0
2024-10-07 14:27:20,225.504,225.523,225.504,225.523,30.000000000000004
2024-10-07 14:27:22,225.534,225.544,225.534,225.544,20.0
2024-10-07 14:27:23,225.544,225.544,225.534,225.534,20.0
2024-10-07 14:27:24,225.544,225.544,225.543,225.544,30.000000000000004
2024-10-07 14:27:28,225.523,225.523,225.523,225.523,10.0
2024-10-07 14:27:35,225.544,225.544,225.544,225.544,10.0
2024-10-07 14:27:41,225.543,225.544,225.533,225.544,30.000000000000004
2024-10-07 14:27:43,225.533,225.533,225.533,225.533,10.0
2024-10-07 14:27:44,225.533,225.533,225.523,225.523,30.000000000000004
2024-10-07 14:27:46,225.524,225.524,225.524,225.524,10.0
2024-10-07 14:27:49,225.513,225.513,225.493,225.493,30.000000000000004
2024-10-07 14:27:50,225.494,225.494,225.494,225.494,10.0
2024-10-07 14:27:51,225.494,225.494,225.494,225.494,10.0
2024-10-07 14:27:52,225.513,225.513,225.513,225.513,10.0
2024-10-07 14:27:55,225.514,225.523,225.514,225.523,20.0
2024-10-07 14:27:56,225.533,225.533,225.533,225.533,10.0
2024-10-07 14:27:57,225.523,225.534,225.513,225.513,30.000000000000004
2024-10-07 14:27:59,225.504,225.504,225.504,225.504,10.0
2024-10-07 14:28:00,225.494,225.494,225.494,225.494,10.0
2024-10-07 14:28:01,225.503,225.504,225.483,225.503,70.00000000000001
2024-10-07 14:28:02,225.503,225.523,225.503,225.514,40.0
2024-10-07 14:28:03,225.503,225.514,225.503,225.514,20.0
2024-10-07 14:28:04,225.504,225.513,225.504,225.513,20.0
2024-10-07 14:28:06,225.484,225.484,225.484,225.484,20.0
2024-10-07 14:28:08,225.464,225.464,225.464,225.464,10.0
2024-10-07 14:28:10,225.444,225.444,225.434,225.444,30.000000000000004
2024-10-07 14:28:11,225.424,225.444,225.424,225.433,60.0
2024-10-07 14:28:12,225.434,225.434,225.433,225.433,20.0
2024-10-07 14:28:13,225.444,225.444,225.434,225.434,20.0
2024-10-07 14:28:14,225.424,225.434,225.424,225.424,30.000000000000004
2024-10-07 14:28:15,225.434,225.434,225.434,225.434,10.0
2024-10-07 14:28:16,225.433,225.433,225.433,225.433,10.0
2024-10-07 14:28:20,225.423,225.433,225.423,225.433,20.0
2024-10-07 14:28:21,225.424,225.433,225.424,225.433,20.0
2024-10-07 14:28:22,225.424,225.424,225.424,225.424,10.0
2024-10-07 14:28:23,225.404,225.404,225.383,225.383,40.0
2024-10-07 14:28:25,225.373,225.373,225.373,225.373,10.0
2024-10-07 14:28:26,225.363,225.363,225.363,225.363,10.0
2024-10-07 14:28:27,225.364,225.364,225.364,225.364,10.0
2024-10-07 14:28:29,225.354,225.354,225.354,225.354,10.0
2024-10-07 14:28:30,225.364,225.364,225.364,225.364,10.0
2024-10-07 14:28:33,225.364,225.364,225.364,225.364,10.0
2024-10-07 14:28:34,225.373,225.393,225.373,225.393,30.000000000000004
2024-10-07 14:28:35,225.393,225.393,225.354,225.354,30.000000000000004
2024-10-07 14:28:36,225.333,225.334,225.314,225.334,40.0
2024-10-07 14:28:37,225.313,225.313,225.313,225.313,10.0
2024-10-07 14:28:39,225.314,225.314,225.314,225.314,20.0
2024-10-07 14:28:43,225.314,225.314,225.314,225.314,20.0
2024-10-07 14:28:45,225.303,225.314,225.303,225.314,20.0
2024-10-07 14:28:48,225.294,225.294,225.274,225.274,50.0
2024-10-07 14:28:49,225.274,225.274,225.274,225.274,10.0
2024-10-07 14:28:50,225.263,225.274,225.263,225.274,40.0
2024-10-07 14:28:51,225.284,225.284,225.284,225.284,10.0
2024-10-07 14:28:52,225.293,225.293,225.293,225.293,10.0
2024-10-07 14:28:53,225.283,225.304,225.273,225.304,50.0
2024-10-07 14:28:54,225.313,225.313,225.313,225.313,10.0
2024-10-07 14:28:55,225.313,225.314,225.303,225.314,40.0
2024-10-07 14:28:57,225.303,225.303,225.294,225.294,20.0
2024-10-07 14:28:58,225.304,225.304,225.294,225.294,20.0
2024-10-07 14:28:59,225.274,225.294,225.274,225.294,20.0
2024-10-07 14:29:00,225.293,225.293,225.293,225.293,10.0
2024-10-07 14:29:01,225.293,225.293,225.293,225.293,20.0
2024-10-07 14:29:02,225.294,225.294,225.294,225.294,10.0
2024-10-07 14:29:05,225.294,225.294,225.293,225.293,20.0
2024-10-07 14:29:07,225.294,225.294,225.294,225.294,10.0
2024-10-07 14:29:08,225.294,225.294,225.283,225.294,40.0
2024-10-07 14:29:09,225.293,225.293,225.293,225.293,10.0
2024-10-07 14:29:10,225.293,225.294,225.293,225.294,20.0
2024-10-07 14:29:11,225.283,225.293,225.283,225.293,20.0
2024-10-07 14:29:13,225.293,225.304,225.293,225.304,30.000000000000004
2024-10-07 14:29:17,225.333,225.334,225.303,225.303,50.0
2024-10-07 14:29:18,225.304,225.314,225.304,225.314,20.0
2024-10-07 14:29:20,225.304,225.314,225.304,225.314,20.0
2024-10-07 14:29:26,225.283,225.283,225.274,225.274,20.0
2024-10-07 14:29:27,225.283,225.283,225.283,225.283,20.0
2024-10-07 14:29:33,225.283,225.283,225.283,225.283,10.0
2024-10-07 14:29:34,225.254,225.254,225.243,225.254,30.000000000000004
2024-10-07 14:29:36,225.273,225.284,225.273,225.284,20.0
2024-10-07 14:29:37,225.283,225.283,225.283,225.283,10.0
2024-10-07 14:29:38,225.283,225.283,225.283,225.283,10.0
2024-10-07 14:29:39,225.284,225.284,225.284,225.284,20.0
2024-10-07 14:29:40,225.314,225.333,225.314,225.333,20.0
2024-10-07 14:29:43,225.333,225.343,225.333,225.343,30.000000000000004
2024-10-07 14:29:44,225.354,225.384,225.354,225.384,20.0
2024-10-07 14:29:45,225.373,225.384,225.373,225.383,30.000000000000004
2024-10-07 14:29:46,225.374,225.374,225.374,225.374,20.0
2024-10-07 14:29:47,225.384,225.384,225.384,225.384,10.0
2024-10-07 14:29:50,225.374,225.374,225.374,225.374,10.0
2024-10-07 14:29:51,225.384,225.384,225.384,225.384,10.0
2024-10-07 14:29:52,225.384,225.384,225.374,225.384,30.000000000000004
2024-10-07 14:29:54,225.354,225.354,225.353,225.353,20.0
2024-10-07 14:29:55,225.344,225.344,225.333,225.334,40.0
2024-10-07 14:29:56,225.323,225.333,225.323,225.333,20.0
2024-10-07 14:29:57,225.343,225.343,225.333,225.343,30.000000000000004
2024-10-07 14:29:59,225.334,225.343,225.333,225.333,30.000000000000004
2024-10-07 14:30:00,225.354,225.354,225.333,225.333,30.000000000000004
2024-10-07 14:30:01,225.344,225.344,225.344,225.344,10.0
2024-10-07 14:30:02,225.343,225.343,225.343,225.343,10.0
2024-10-07 14:30:03,225.364,225.364,225.343,225.344,50.0
2024-10-07 14:30:04,225.334,225.344,225.314,225.314,40.0
2024-10-07 14:30:05,225.323,225.324,225.314,225.324,60.0
2024-10-07 14:30:06,225.314,225.314,225.314,225.314,10.0
2024-10-07 14:30:07,225.324,225.324,225.324,225.324,10.0
2024-10-07 14:30:08,225.323,225.323,225.314,225.314,20.0
2024-10-07 14:30:09,225.314,225.323,225.314,225.314,40.0
2024-10-07 14:30:10,225.314,225.344,225.314,225.334,50.0
2024-10-07 14:30:11,225.344,225.383,225.344,225.383,60.0
2024-10-07 14:30:12,225.393,225.394,225.393,225.394,40.0
2024-10-07 14:30:13,225.384,225.384,225.384,225.384,10.0
2024-10-07 14:30:14,225.394,225.394,225.394,225.394,10.0
2024-10-07 14:30:15,225.394,225.394,225.394,225.394,10.0
2024-10-07 14:30:16,225.393,225.393,225.383,225.383,40.0
2024-10-07 14:30:21,225.384,225.384,225.384,225.384,10.0
2024-10-07 14:30:22,225.364,225.364,225.364,225.364,10.0
2024-10-07 14:30:23,225.374,225.394,225.374,225.394,20.0
2024-10-07 14:30:24,225.394,225.394,225.394,225.394,10.0
2024-10-07 14:30:25,225.384,225.394,225.384,225.394,20.0
2024-10-07 14:30:26,225.363,225.374,225.353,225.354,70.00000000000001
2024-10-07 14:30:27,225.344,225.344,225.324,225.324,30.000000000000004
2024-10-07 14:30:28,225.323,225.324,225.323,225.324,20.0
2024-10-07 14:30:29,225.293,225.293,225.274,225.274,20.0
2024-10-07 14:30:30,225.274,225.274,225.274,225.274,20.0
2024-10-07 14:30:31,225.283,225.294,225.283,225.294,20.0
2024-10-07 14:30:33,225.294,225.294,225.294,225.294,10.0
2024-10-07 14:30:34,225.293,225.294,225.283,225.294,30.000000000000004
2024-10-07 14:30:35,225.283,225.293,225.283,225.293,30.000000000000004
2024-10-07 14:30:39,225.304,225.313,225.304,225.313,20.0
2024-10-07 14:30:40,225.304,225.304,225.254,225.254,30.000000000000004
2024-10-07 14:30:41,225.264,225.283,225.263,225.283,40.0
2024-10-07 14:30:42,225.283,225.283,225.283,225.283,10.0
2024-10-07 14:30:43,225.293,225.293,225.293,225.293,20.0
2024-10-07 14:30:44,225.283,225.293,225.283,225.293,20.0
2024-10-07 14:30:45,225.284,225.284,225.284,225.284,10.0
2024-10-07 14:30:46,225.303,225.303,225.303,225.303,10.0
2024-10-07 14:30:49,225.294,225.294,225.284,225.293,30.000000000000004
2024-10-07 14:30:50,225.304,225.304,225.304,225.304,10.0
2024-10-07 14:30:51,225.313,225.313,225.313,225.313,10.0
2024-10-07 14:30:52,225.294,225.304,225.283,225.304,40.0
2024-10-07 14:30:53,225.304,225.304,225.304,225.304,10.0
2024-10-07 14:30:54,225.303,225.304,225.303,225.304,20.0
2024-10-07 14:30:55,225.313,225.314,225.313,225.314,20.0
2024-10-07 14:30:56,225.293,225.304,225.293,225.294,30.000000000000004
2024-10-07 14:30:58,225.294,225.304,225.294,225.304,40.0
2024-10-07 14:30:59,225.304,225.304,225.304,225.304,10.0
2024-10-07 14:31:00,225.294,225.294,225.283,225.294,30.000000000000004
2024-10-07 14:31:01,225.284,225.284,225.284,225.284,10.0
2024-10-07 14:31:02,225.294,225.294,225.283,225.293,40.0
2024-10-07 14:31:03,225.304,225.304,225.304,225.304,10.0
2024-10-07 14:31:04,225.304,225.304,225.304,225.304,20.0
2024-10-07 14:31:05,225.283,225.313,225.283,225.313,60.0
2024-10-07 14:31:06,225.324,225.334,225.324,225.324,30.000000000000004
2024-10-07 14:31:07,225.333,225.334,225.303,225.314,50.0
2024-10-07 14:31:08,225.313,225.334,225.313,225.334,40.0
2024-10-07 14:31:09,225.334,225.334,225.324,225.334,30.000000000000004
2024-10-07 14:31:10,225.343,225.353,225.343,225.353,20.0
2024-10-07 14:31:11,225.354,225.354,225.353,225.353,20.0
2024-10-07 14:31:13,225.364,225.364,225.363,225.363,20.0
2024-10-07 14:31:18,225.323,225.334,225.323,225.334,20.0
2024-10-07 14:31:19,225.313,225.313,225.313,225.313,10.0
2024-10-07 14:31:21,225.303,225.314,225.303,225.314,20.0
2024-10-07 14:31:22,225.303,225.303,225.303,225.303,10.0
2024-10-07 14:31:24,225.324,225.334,225.324,225.333,40.0
2024-10-07 14:31:25,225.324,225.324,225.324,225.324,10.0
2024-10-07 14:31:26,225.314,225.314,225.314,225.314,10.0
2024-10-07 14:31:27,225.303,225.303,225.303,225.303,10.0
2024-10-07 14:31:30,225.274,225.274,225.253,225.253,30.000000000000004
2024-10-07 14:31:33,225.264,225.274,225.264,225.273,50.0
2024-10-07 14:31:34,225.263,225.273,225.263,225.273,20.0
2024-10-07 14:31:36,225.274,225.274,225.274,225.274,10.0
2024-10-07 14:31:38,225.283,225.283,225.283,225.283,10.0
2024-10-07 14:31:39,225.273,225.283,225.273,225.283,20.0
2024-10-07 14:31:40,225.283,225.283,225.283,225.283,10.0
2024-10-07 14:31:41,225.304,225.314,225.303,225.314,40.0
2024-10-07 14:31:43,225.303,225.314,225.303,225.314,20.0
2024-10-07 14:31:44,225.303,225.313,225.303,225.303,30.000000000000004
2024-10-07 14:31:45,225.293,225.303,225.293,225.294,60.0
2024-10-07 14:31:46,225.294,225.294,225.274,225.274,20.0
2024-10-07 14:31:47,225.264,225.264,225.264,225.264,10.0
2024-10-07 14:31:48,225.273,225.274,225.263,225.274,70.00000000000001
2024-10-07 14:31:49,225.263,225.273,225.263,225.263,30.000000000000004
2024-10-07 14:31:50,225.273,225.294,225.273,225.294,30.000000000000004
2024-10-07 14:31:51,225.293,225.293,225.293,225.293,10.0
2024-10-07 14:31:53,225.294,225.294,225.293,225.293,20.0
2024-10-07 14:31:57,225.304,225.304,225.293,225.293,20.0
2024-10-07 14:31:58,225.304,225.304,225.304,225.304,10.0
2024-10-07 14:32:00,225.264,225.273,225.264,225.273,20.0
2024-10-07 14:32:01,225.293,225.303,225.293,225.303,20.0
2024-10-07 14:32:02,225.294,225.294,225.284,225.284,40.0
2024-10-07 14:32:03,225.294,225.294,225.294,225.294,10.0
2024-10-07 14:32:04,225.283,225.294,225.283,225.294,20.0
2024-10-07 14:32:05,225.284,225.293,225.284,225.293,20.0
2024-10-07 14:32:06,225.284,225.293,225.284,225.293,20.0
2024-10-07 14:32:07,225.284,225.284,225.284,225.284,10.0
2024-10-07 14:32:08,225.293,225.293,225.293,225.293,10.0
2024-10-07 14:32:09,225.284,225.293,225.284,225.293,20.0
2024-10-07 14:32:10,225.284,225.293,225.283,225.283,30.000000000000004
2024-10-07 14:32:11,225.273,225.283,225.263,225.264,60.0
2024-10-07 14:32:12,225.273,225.273,225.273,225.273,10.0
2024-10-07 14:32:13,225.264,225.264,225.264,225.264,10.0
2024-10-07 14:32:14,225.233,225.233,225.213,225.213,30.000000000000004
2024-10-07 14:32:15,225.213,225.213,225.213,225.213,20.0
2024-10-07 14:32:16,225.213,225.224,225.213,225.214,50.0
2024-10-07 14:32:17,225.214,225.214,225.203,225.203,20.0
2024-10-07 14:32:18,225.214,225.224,225.214,225.224,20.0
2024-10-07 14:32:19,225.213,225.213,225.213,225.213,10.0
2024-10-07 14:32:20,225.233,225.233,225.233,225.233,10.0
2024-10-07 14:32:21,225.223,225.234,225.223,225.234,20.0
2024-10-07 14:32:23,225.213,225.213,225.213,225.213,10.0
2024-10-07 14:32:24,225.233,225.234,225.233,225.234,20.0
2024-10-07 14:32:25,225.264,225.264,225.254,225.254,30.000000000000004
2024-10-07 14:32:26,225.263,225.263,225.263,225.263,20.0
2024-10-07 14:32:28,225.263,225.264,225.263,225.264,20.0
2024-10-07 14:32:30,225.263,225.264,225.213,225.213,70.00000000000001
2024-10-07 14:32:31,225.223,225.233,225.223,225.233,20.0
2024-10-07 14:32:32,225.234,225.234,225.214,225.214,40.0
2024-10-07 14:32:33,225.223,225.223,225.223,225.223,10.0
2024-10-07 14:32:34,225.213,225.224,225.213,225.223,70.00000000000001
2024-10-07 14:32:35,225.213,225.214,225.204,225.204,40.0
2024-10-07 14:32:36,225.204,225.204,225.204,225.204,10.0
2024-10-07 14:32:38,225.223,225.223,225.214,225.214,20.0
2024-10-07 14:32:39,225.223,225.223,225.223,225.223,10.0
2024-10-07 14:32:40,225.213,225.224,225.204,225.224,40.0
2024-10-07 14:32:41,225.224,225.224,225.224,225.224,10.0
2024-10-07 14:32:42,225.224,225.224,225.224,225.224,10.0
2024-10-07 14:32:43,225.223,225.223,225.223,225.223,10.0
2024-10-07 14:32:45,225.224,225.224,225.224,225.224,10.0
2024-10-07 14:32:46,225.244,225.254,225.243,225.254,60.0
2024-10-07 14:32:47,225.253,225.253,225.253,225.253,10.0
2024-10-07 14:32:48,225.244,225.244,225.244,225.244,20.0
2024-10-07 14:32:49,225.254,225.254,225.254,225.254,10.0
2024-10-07 14:32:50,225.253,225.253,225.253,225.253,10.0
2024-10-07 14:32:51,225.253,225.284,225.253,225.283,50.0
2024-10-07 14:32:52,225.293,225.303,225.293,225.303,20.0
2024-10-07 14:32:55,225.284,225.303,225.243,225.243,60.0
2024-10-07 14:32:57,225.243,225.243,225.213,225.213,20.0
2024-10-07 14:32:58,225.223,225.233,225.223,225.233,20.0
2024-10-07 14:32:59,225.234,225.234,225.223,225.223,20.0
2024-10-07 14:33:01,225.223,225.224,225.213,225.213,40.0
2024-10-07 14:33:02,225.214,225.214,225.214,225.214,30.000000000000004
2024-10-07 14:33:03,225.213,225.223,225.213,225.223,20.0
2024-10-07 14:33:04,225.223,225.244,225.223,225.244,30.000000000000004
2024-10-07 14:33:06,225.243,225.243,225.233,225.243,30.000000000000004
2024-10-07 14:33:08,225.243,225.283,225.243,225.283,30.000000000000004
2024-10-07 14:33:10,225.273,225.283,225.273,225.283,40.0
2024-10-07 14:33:11,225.294,225.294,225.293,225.293,20.0
2024-10-07 14:33:14,225.294,225.294,225.294,225.294,10.0
2024-10-07 14:33:15,225.283,225.293,225.283,225.293,20.0
2024-10-07 14:33:21,225.304,225.323,225.304,225.323,40.0
2024-10-07 14:33:23,225.353,225.353,225.353,225.353,10.0
2024-10-07 14:33:24,225.353,225.363,225.353,225.363,20.0
2024-10-07 14:33:25,225.373,225.373,225.373,225.373,10.0
2024-10-07 14:33:26,225.363,225.373,225.344,225.344,30.000000000000004
2024-10-07 14:33:27,225.353,225.353,225.343,225.343,20.0
2024-10-07 14:33:28,225.353,225.353,225.353,225.353,10.0
2024-10-07 14:33:29,225.353,225.353,225.353,225.353,10.0
2024-10-07 14:33:30,225.354,225.354,225.333,225.333,40.0
2024-10-07 14:33:31,225.343,225.344,225.343,225.344,50.0
2024-10-07 14:33:32,225.313,225.324,225.313,225.324,20.0
2024-10-07 14:33:35,225.313,225.324,225.313,225.314,40.0
2024-10-07 14:33:36,225.324,225.324,225.324,225.324,10.0
2024-10-07 14:33:38,225.324,225.333,225.323,225.333,40.0
2024-10-07 14:33:39,225.344,225.344,225.334,225.334,20.0
2024-10-07 14:33:42,225.324,225.344,225.324,225.344,30.000000000000004
2024-10-07 14:33:44,225.354,225.354,225.343,225.343,40.0
2024-10-07 14:33:45,225.343,225.344,225.343,225.344,20.0
2024-10-07 14:33:48,225.363,225.363,225.344,225.344,30.000000000000004
2024-10-07 14:33:49,225.344,225.344,225.343,225.343,20.0
2024-10-07 14:33:52,225.353,225.353,225.343,225.343,20.0
2024-10-07 14:33:53,225.353,225.353,225.343,225.343,40.0
2024-10-07 14:33:54,225.334,225.344,225.334,225.344,20.0
2024-10-07 14:33:56,225.354,225.354,225.354,225.354,10.0
2024-10-07 14:33:58,225.344,225.354,225.344,225.354,20.0
2024-10-07 14:33:59,225.353,225.353,225.344,225.344,20.0
2024-10-07 14:34:00,225.353,225.353,225.353,225.353,10.0
2024-10-07 14:34:01,225.334,225.354,225.334,225.354,50.0
2024-10-07 14:34:02,225.354,225.354,225.354,225.354,10.0
2024-10-07 14:34:04,225.373,225.374,225.353,225.353,30.000000000000004
2024-10-07 14:34:05,225.363,225.363,225.354,225.354,20.0
2024-10-07 14:34:06,225.373,225.374,225.354,225.374,40.0
2024-10-07 14:34:08,225.364,225.364,225.354,225.364,30.000000000000004
2024-10-07 14:34:09,225.354,225.364,225.354,225.364,20.0
2024-10-07 14:34:10,225.383,225.383,225.383,225.383,10.0
2024-10-07 14:34:11,225.384,225.384,225.364,225.364,20.0
2024-10-07 14:34:13,225.353,225.353,225.353,225.353,10.0
2024-10-07 14:34:14,225.374,225.384,225.374,225.384,20.0
2024-10-07 14:34:15,225.384,225.384,225.384,225.384,10.0
2024-10-07 14:34:18,225.393,225.393,225.393,225.393,10.0
2024-10-07 14:34:20,225.404,225.404,225.404,225.404,10.0
2024-10-07 14:34:21,225.404,225.424,225.404,225.424,40.0
2024-10-07 14:34:22,225.423,225.434,225.423,225.434,20.0
2024-10-07 14:34:23,225.453,225.453,225.453,225.453,10.0
2024-10-07 14:34:26,225.473,225.473,225.464,225.464,30.000000000000004
2024-10-07 14:34:29,225.453,225.464,225.453,225.464,20.0
2024-10-07 14:34:30,225.443,225.443,225.443,225.443,10.0
2024-10-07 14:34:31,225.434,225.443,225.433,225.443,30.000000000000004
2024-10-07 14:34:33,225.454,225.454,225.454,225.454,10.0
2024-10-07 14:34:35,225.454,225.454,225.454,225.454,10.0
2024-10-07 14:34:39,225.443,225.454,225.424,225.424,30.000000000000004
2024-10-07 14:34:42,225.433,225.444,225.433,225.434,30.000000000000004
2024-10-07 14:34:43,225.424,225.424,225.413,225.413,20.0
2024-10-07 14:34:45,225.403,225.403,225.403,225.403,10.0
2024-10-07 14:34:46,225.383,225.403,225.383,225.403,20.0
2024-10-07 14:34:47,225.413,225.424,225.413,225.424,30.000000000000004
2024-10-07 14:34:48,225.433,225.433,225.433,225.433,10.0
2024-10-07 14:34:49,225.413,225.413,225.413,225.413,10.0
2024-10-07 14:34:50,225.404,225.413,225.404,225.413,20.0
2024-10-07 14:34:51,225.404,225.404,225.404,225.404,10.0
2024-10-07 14:34:52,225.393,225.404,225.393,225.404,20.0
2024-10-07 14:34:55,225.393,225.403,225.393,225.403,20.0
2024-10-07 14:34:57,225.403,225.403,225.403,225.403,10.0
2024-10-07 14:34:58,225.393,225.403,225.393,225.403,20.0
2024-10-07 14:35:00,225.414,225.414,225.414,225.414,10.0
2024-10-07 14:35:05,225.414,225.414,225.414,225.414,10.0
2024-10-07 14:35:07,225.383,225.383,225.383,225.383,10.0
2024-10-07 14:35:08,225.384,225.384,225.384,225.384,30.000000000000004
2024-10-07 14:35:09,225.353,225.353,225.353,225.353,10.0
2024-10-07 14:35:10,225.364,225.364,225.353,225.364,40.0
2024-10-07 14:35:12,225.364,225.364,225.363,225.364,30.000000000000004
2024-10-07 14:35:13,225.364,225.384,225.364,225.384,20.0
2024-10-07 14:35:14,225.384,225.384,225.383,225.383,20.0
2024-10-07 14:35:15,225.384,225.394,225.384,225.394,20.0
2024-10-07 14:35:16,225.393,225.393,225.393,225.393,30.000000000000004
2024-10-07 14:35:17,225.394,225.403,225.394,225.403,20.0
2024-10-07 14:35:18,225.403,225.403,225.403,225.403,10.0
2024-10-07 14:35:19,225.404,225.404,225.404,225.404,10.0
2024-10-07 14:35:21,225.404,225.434,225.404,225.434,30.000000000000004
2024-10-07 14:35:23,225.443,225.443,225.443,225.443,10.0
2024-10-07 14:35:26,225.443,225.443,225.443,225.443,10.0
2024-10-07 14:35:27,225.463,225.463,225.463,225.463,10.0
2024-10-07 14:35:28,225.473,225.493,225.473,225.493,30.000000000000004
2024-10-07 14:35:30,225.463,225.483,225.463,225.483,30.000000000000004
2024-10-07 14:35:32,225.493,225.493,225.493,225.493,10.0
2024-10-07 14:35:35,225.473,225.483,225.473,225.483,20.0
2024-10-07 14:35:36,225.494,225.494,225.493,225.493,20.0
2024-10-07 14:35:37,225.474,225.474,225.434,225.444,40.0
2024-10-07 14:35:42,225.443,225.444,225.443,225.444,30.000000000000004
2024-10-07 14:35:43,225.444,225.454,225.444,225.454,20.0
2024-10-07 14:35:47,225.453,225.454,225.453,225.454,20.0
2024-10-07 14:35:48,225.443,225.454,225.443,225.454,20.0
2024-10-07 14:35:49,225.443,225.454,225.443,225.444,30.000000000000004
2024-10-07 14:35:51,225.463,225.463,225.463,225.463,30.000000000000004
2024-10-07 14:35:53,225.463,225.463,225.463,225.463,20.0
2024-10-07 14:35:56,225.463,225.463,225.463,225.463,10.0
2024-10-07 14:35:57,225.464,225.464,225.463,225.463,20.0
2024-10-07 14:35:59,225.484,225.484,225.484,225.484,10.0
2024-10-07 14:36:00,225.494,225.494,225.493,225.493,20.0
2024-10-07 14:36:01,225.483,225.483,225.483,225.483,10.0
2024-10-07 14:36:02,225.483,225.484,225.483,225.484,30.000000000000004
2024-10-07 14:36:03,225.483,225.484,225.483,225.484,20.0
2024-10-07 14:36:04,225.494,225.494,225.494,225.494,10.0
2024-10-07 14:36:05,225.494,225.494,225.494,225.494,10.0
2024-10-07 14:36:06,225.504,225.504,225.504,225.504,10.0
2024-10-07 14:36:07,225.504,225.504,225.504,225.504,10.0
2024-10-07 14:36:08,225.503,225.503,225.503,225.503,10.0
2024-10-07 14:36:10,225.524,225.524,225.523,225.523,20.0
2024-10-07 14:36:11,225.554,225.554,225.554,225.554,30.000000000000004
2024-10-07 14:36:12,225.554,225.554,225.553,225.553,40.0
2024-10-07 14:36:15,225.563,225.563,225.563,225.563,10.0
2024-10-07 14:36:16,225.553,225.554,225.553,225.554,30.000000000000004
2024-10-07 14:36:18,225.544,225.544,225.544,225.544,10.0
2024-10-07 14:36:20,225.554,225.564,225.554,225.564,20.0
2024-10-07 14:36:21,225.564,225.564,225.563,225.563,40.0
2024-10-07 14:36:22,225.563,225.563,225.563,225.563,10.0
2024-10-07 14:36:27,225.553,225.553,225.553,225.553,10.0
2024-10-07 14:36:30,225.554,225.554,225.554,225.554,10.0
2024-10-07 14:36:31,225.553,225.553,225.553,225.553,10.0
2024-10-07 14:36:32,225.544,225.553,225.544,225.544,30.000000000000004
2024-10-07 14:36:35,225.553,225.554,225.553,225.554,20.0
2024-10-07 14:36:38,225.533,225.533,225.533,225.533,10.0
2024-10-07 14:36:39,225.544,225.544,225.544,225.544,10.0
2024-10-07 14:36:40,225.554,225.554,225.554,225.554,10.0
2024-10-07 14:36:41,225.543,225.554,225.543,225.554,20.0
2024-10-07 14:36:44,225.554,225.614,225.554,225.614,40.0
2024-10-07 14:36:45,225.614,225.614,225.613,225.613,20.0
2024-10-07 14:36:46,225.634,225.634,225.633,225.633,20.0
2024-10-07 14:36:47,225.634,225.634,225.634,225.634,10.0
2024-10-07 14:36:48,225.624,225.624,225.603,225.603,20.0
2024-10-07 14:36:50,225.603,225.603,225.583,225.583,20.0
2024-10-07 14:36:51,225.594,225.594,225.583,225.583,20.0
2024-10-07 14:36:52,225.594,225.594,225.594,225.594,10.0
2024-10-07 14:36:54,225.593,225.593,225.593,225.593,10.0
2024-10-07 14:36:55,225.603,225.603,225.584,225.584,30.000000000000004
2024-10-07 14:36:56,225.573,225.573,225.564,225.573,30.000000000000004
2024-10-07 14:37:02,225.573,225.573,225.573,225.573,10.0
2024-10-07 14:37:03,225.563,225.563,225.554,225.554,20.0
2024-10-07 14:37:04,225.573,225.573,225.573,225.573,10.0
2024-10-07 14:37:05,225.563,225.563,225.553,225.553,20.0
2024-10-07 14:37:06,225.573,225.574,225.573,225.573,40.0
2024-10-07 14:37:08,225.564,225.574,225.564,225.574,20.0
2024-10-07 14:37:09,225.573,225.604,225.573,225.604,40.0
2024-10-07 14:37:10,225.604,225.604,225.603,225.603,30.000000000000004
2024-10-07 14:37:11,225.614,225.624,225.614,225.624,20.0
2024-10-07 14:37:12,225.614,225.614,225.614,225.614,10.0
2024-10-07 14:37:15,225.604,225.604,225.604,225.604,10.0
2024-10-07 14:37:17,225.623,225.623,225.623,225.623,10.0
2024-10-07 14:37:21,225.624,225.624,225.624,225.624,10.0
2024-10-07 14:37:22,225.624,225.633,225.624,225.633,20.0
2024-10-07 14:37:23,225.634,225.634,225.634,225.634,10.0
2024-10-07 14:37:24,225.634,225.634,225.624,225.634,30.000000000000004
2024-10-07 14:37:25,225.633,225.643,225.633,225.643,20.0
2024-10-07 14:37:26,225.663,225.684,225.663,225.684,50.0
2024-10-07 14:37:29,225.683,225.683,225.683,225.683,30.000000000000004
2024-10-07 14:37:30,225.684,225.684,225.684,225.684,20.0
2024-10-07 14:37:31,225.704,225.704,225.704,225.704,30.000000000000004
2024-10-07 14:37:32,225.694,225.703,225.693,225.703,30.000000000000004
2024-10-07 14:37:33,225.704,225.704,225.703,225.703,30.000000000000004
2024-10-07 14:37:35,225.703,225.703,225.693,225.693,20.0
2024-10-07 14:37:36,225.683,225.683,225.683,225.683,10.0
2024-10-07 14:37:37,225.694,225.704,225.693,225.704,50.0
2024-10-07 14:37:38,225.693,225.693,225.663,225.674,40.0
2024-10-07 14:37:39,225.653,225.654,225.653,225.654,20.0
2024-10-07 14:37:40,225.643,225.653,225.643,225.653,20.0
2024-10-07 14:37:42,225.613,225.613,225.613,225.613,10.0
2024-10-07 14:37:43,225.623,225.623,225.623,225.623,10.0
2024-10-07 14:37:44,225.623,225.623,225.614,225.614,20.0
2024-10-07 14:37:45,225.614,225.614,225.614,225.614,20.0
2024-10-07 14:37:46,225.614,225.614,225.614,225.614,10.0
2024-10-07 14:37:47,225.604,225.624,225.604,225.624,20.0
2024-10-07 14:37:50,225.593,225.603,225.593,225.603,20.0
2024-10-07 14:37:51,225.594,225.594,225.593,225.593,20.0
2024-10-07 14:37:53,225.584,225.594,225.564,225.564,40.0
2024-10-07 14:37:54,225.563,225.563,225.563,225.563,10.0
2024-10-07 14:37:55,225.563,225.563,225.534,225.553,40.0
2024-10-07 14:37:56,225.544,225.544,225.544,225.544,20.0
2024-10-07 14:37:57,225.563,225.593,225.563,225.584,60.0
2024-10-07 14:37:58,225.583,225.583,225.583,225.583,10.0
2024-10-07 14:37:59,225.593,225.593,225.593,225.593,10.0
2024-10-07 14:38:00,225.593,225.593,225.593,225.593,10.0
2024-10-07 14:38:01,225.584,225.584,225.584,225.584,10.0
2024-10-07 14:38:02,225.593,225.593,225.593,225.593,10.0
2024-10-07 14:38:03,225.554,225.554,225.534,225.534,40.0
2024-10-07 14:38:04,225.544,225.544,225.544,225.544,20.0
2024-10-07 14:38:05,225.533,225.544,225.533,225.544,30.000000000000004
2024-10-07 14:38:06,225.543,225.544,225.543,225.544,20.0
2024-10-07 14:38:07,225.543,225.544,225.543,225.544,30.000000000000004
2024-10-07 14:38:09,225.534,225.534,225.533,225.533,30.000000000000004
2024-10-07 14:38:10,225.563,225.563,225.563,225.563,10.0
2024-10-07 14:38:11,225.544,225.544,225.543,225.543,20.0
2024-10-07 14:38:12,225.544,225.544,225.544,225.544,10.0
2024-10-07 14:38:13,225.534,225.534,225.534,225.534,10.0
2024-10-07 14:38:14,225.534,225.534,225.534,225.534,10.0
2024-10-07 14:38:15,225.534,225.544,225.534,225.534,50.0
2024-10-07 14:38:16,225.563,225.573,225.563,225.573,20.0
2024-10-07 14:38:17,225.583,225.583,225.574,225.574,20.0
2024-10-07 14:38:18,225.563,225.563,225.563,225.563,10.0
2024-10-07 14:38:20,225.573,225.573,225.563,225.563,30.000000000000004
2024-10-07 14:38:21,225.583,225.584,225.583,225.584,60.0
2024-10-07 14:38:25,225.584,225.584,225.584,225.584,30.000000000000004
2024-10-07 14:38:26,225.583,225.593,225.583,225.593,20.0
2024-10-07 14:38:27,225.583,225.583,225.583,225.583,10.0
2024-10-07 14:38:30,225.593,225.593,225.593,225.593,10.0
2024-10-07 14:38:31,225.584,225.584,225.564,225.564,30.000000000000004
2024-10-07 14:38:32,225.573,225.573,225.544,225.544,20.0
2024-10-07 14:38:33,225.554,225.574,225.553,225.553,30.000000000000004
2024-10-07 14:38:35,225.564,225.564,225.563,225.564,80.0
2024-10-07 14:38:37,225.564,225.564,225.564,225.564,10.0
2024-10-07 14:38:39,225.583,225.583,225.583,225.583,10.0
2024-10-07 14:38:41,225.573,225.584,225.573,225.584,20.0
2024-10-07 14:38:42,225.573,225.573,225.573,225.573,20.0
2024-10-07 14:38:43,225.574,225.574,225.563,225.563,40.0
2024-10-07 14:38:44,225.573,225.573,225.554,225.563,40.0
2024-10-07 14:38:45,225.544,225.573,225.544,225.573,20.0
2024-10-07 14:38:47,225.573,225.573,225.573,225.573,10.0
2024-10-07 14:38:48,225.543,225.544,225.543,225.544,20.0
2024-10-07 14:38:52,225.553,225.563,225.553,225.563,20.0
2024-10-07 14:38:55,225.553,225.564,225.553,225.564,50.0
2024-10-07 14:38:56,225.563,225.563,225.563,225.563,10.0
2024-10-07 14:38:57,225.573,225.574,225.573,225.574,30.000000000000004
2024-10-07 14:38:58,225.574,225.574,225.573,225.574,30.000000000000004
2024-10-07 14:39:00,225.573,225.573,225.563,225.564,30.000000000000004
2024-10-07 14:39:01,225.574,225.574,225.554,225.563,50.0
2024-10-07 14:39:02,225.553,225.574,225.553,225.573,40.0
2024-10-07 14:39:03,225.583,225.584,225.574,225.583,50.0
2024-10-07 14:39:04,225.583,225.583,225.583,225.583,10.0
2024-10-07 14:39:05,225.604,225.614,225.604,225.614,30.000000000000004
2024-10-07 14:39:06,225.613,225.613,225.603,225.603,20.0
2024-10-07 14:39:07,225.614,225.614,225.604,225.604,50.0
2024-10-07 14:39:08,225.613,225.624,225.613,225.613,50.0
2024-10-07 14:39:09,225.604,225.604,225.573,225.573,50.0
2024-10-07 14:39:10,225.593,225.593,225.573,225.593,30.000000000000004
2024-10-07 14:39:11,225.573,225.573,225.573,225.573,10.0
2024-10-07 14:39:12,225.594,225.594,225.584,225.584,40.0
2024-10-07 14:39:13,225.593,225.593,225.593,225.593,10.0
2024-10-07 14:39:14,225.583,225.593,225.583,225.593,20.0
2024-10-07 14:39:15,225.584,225.594,225.584,225.594,20.0
2024-10-07 14:39:16,225.584,225.594,225.584,225.594,20.0
2024-10-07 14:39:17,225.583,225.583,225.583,225.583,10.0
2024-10-07 14:39:18,225.594,225.594,225.583,225.583,20.0
2024-10-07 14:39:19,225.614,225.614,225.614,225.614,20.0
2024-10-07 14:39:20,225.603,225.603,225.603,225.603,10.0
2024-10-07 14:39:23,225.614,225.614,225.613,225.613,20.0
2024-10-07 14:39:24,225.614,225.614,225.614,225.614,10.0
2024-10-07 14:39:28,225.604,225.613,225.604,225.613,20.0
2024-10-07 14:39:29,225.603,225.603,225.603,225.603,10.0
2024-10-07 14:39:30,225.583,225.583,225.583,225.583,20.0
2024-10-07 14:39:31,225.573,225.573,225.553,225.553,30.000000000000004
2024-10-07 14:39:32,225.543,225.544,225.543,225.544,30.000000000000004
2024-10-07 14:39:33,225.544,225.544,225.543,225.543,20.0
2024-10-07 14:39:34,225.563,225.563,225.563,225.563,10.0
2024-10-07 14:39:36,225.554,225.554,225.533,225.533,20.0
2024-10-07 14:39:37,225.544,225.544,225.543,225.543,40.0
2024-10-07 14:39:38,225.543,225.543,225.543,225.543,10.0
2024-10-07 14:39:39,225.554,225.554,225.554,225.554,10.0
2024-10-07 14:39:40,225.553,225.564,225.553,225.564,20.0
2024-10-07 14:39:41,225.564,225.564,225.553,225.553,20.0
2024-10-07 14:39:42,225.554,225.554,225.554,225.554,10.0
2024-10-07 14:39:43,225.564,225.564,225.564,225.564,10.0
2024-10-07 14:39:48,225.593,225.593,225.593,225.593,10.0
2024-10-07 14:39:50,225.613,225.613,225.613,225.613,10.0
2024-10-07 14:39:51,225.614,225.614,225.614,225.614,10.0
2024-10-07 14:39:54,225.623,225.644,225.623,225.644,20.0
2024-10-07 14:39:56,225.633,225.634,225.633,225.634,20.0
2024-10-07 14:39:57,225.604,225.604,225.594,225.594,20.0
2024-10-07 14:39:58,225.583,225.603,225.583,225.603,50.0
2024-10-07 14:39:59,225.604,225.604,225.604,225.604,10.0
2024-10-07 14:40:00,225.604,225.604,225.604,225.604,10.0
2024-10-07 14:40:01,225.573,225.584,225.573,225.584,20.0
2024-10-07 14:40:02,225.574,225.583,225.574,225.583,20.0
2024-10-07 14:40:03,225.583,225.583,225.563,225.563,60.0
2024-10-07 14:40:04,225.574,225.584,225.574,225.583,30.000000000000004
2024-10-07 14:40:05,225.594,225.604,225.594,225.604,30.000000000000004
2024-10-07 14:40:07,225.613,225.613,225.574,225.583,50.0
2024-10-07 14:40:08,225.594,225.594,225.594,225.594,10.0
2024-10-07 14:40:09,225.594,225.594,225.593,225.593,20.0
2024-10-07 14:40:10,225.593,225.593,225.564,225.564,30.000000000000004
2024-10-07 14:40:11,225.583,225.583,225.583,225.583,10.0
2024-10-07 14:40:12,225.583,225.583,225.583,225.583,10.0
2024-10-07 14:40:13,225.593,225.594,225.593,225.593,30.000000000000004
2024-10-07 14:40:14,225.583,225.594,225.583,225.594,20.0
2024-10-07 14:40:15,225.594,225.604,225.593,225.593,50.0
2024-10-07 14:40:17,225.583,225.594,225.583,225.594,30.000000000000004
2024-10-07 14:40:18,225.594,225.594,225.573,225.573,60.0
2024-10-07 14:40:19,225.583,225.584,225.563,225.574,70.00000000000001
2024-10-07 14:40:20,225.544,225.544,225.493,225.504,80.0
2024-10-07 14:40:21,225.484,225.504,225.484,225.504,50.0
2024-10-07 14:40:22,225.513,225.514,225.513,225.514,30.000000000000004
2024-10-07 14:40:23,225.513,225.513,225.403,225.413,90.0
2024-10-07 14:40:24,225.413,225.434,225.413,225.433,40.0
2024-10-07 14:40:25,225.433,225.434,225.433,225.433,40.0
2024-10-07 14:40:26,225.433,225.464,225.433,225.464,50.0
2024-10-07 14:40:27,225.463,225.483,225.463,225.483,50.0
2024-10-07 14:40:28,225.484,225.484,225.484,225.484,10.0
2024-10-07 14:40:29,225.494,225.504,225.493,225.504,30.000000000000004
2024-10-07 14:40:30,225.514,225.514,225.513,225.513,20.0
2024-10-07 14:40:31,225.514,225.514,225.514,225.514,10.0
2024-10-07 14:40:33,225.494,225.504,225.494,225.504,20.0
2024-10-07 14:40:34,225.493,225.493,225.493,225.493,10.0
2024-10-07 14:40:35,225.504,225.504,225.504,225.504,10.0
2024-10-07 14:40:36,225.484,225.484,225.483,225.483,50.0
2024-10-07 14:40:38,225.463,225.484,225.463,225.484,20.0
2024-10-07 14:40:39,225.484,225.484,225.484,225.484,10.0
2024-10-07 14:40:40,225.484,225.494,225.484,225.494,40.0
2024-10-07 14:40:42,225.493,225.493,225.493,225.493,10.0
2024-10-07 14:40:43,225.503,225.503,225.473,225.503,40.0
2024-10-07 14:40:45,225.503,225.503,225.503,225.503,20.0
2024-10-07 14:40:46,225.503,225.503,225.503,225.503,10.0
2024-10-07 14:40:47,225.514,225.524,225.514,225.523,30.000000000000004
2024-10-07 14:40:48,225.524,225.533,225.524,225.533,30.000000000000004
2024-10-07 14:40:49,225.533,225.534,225.533,225.533,80.0
2024-10-07 14:40:50,225.534,225.534,225.534,225.534,10.0
2024-10-07 14:40:53,225.533,225.544,225.533,225.544,30.000000000000004
2024-10-07 14:40:54,225.543,225.553,225.543,225.553,20.0
2024-10-07 14:40:55,225.533,225.533,225.533,225.533,10.0
2024-10-07 14:40:56,225.553,225.554,225.553,225.554,30.000000000000004
2024-10-07 14:40:57,225.544,225.563,225.544,225.563,40.0
2024-10-07 14:41:01,225.553,225.564,225.553,225.564,20.0
2024-10-07 14:41:03,225.554,225.584,225.554,225.573,60.0
2024-10-07 14:41:04,225.573,225.584,225.573,225.584,50.0
2024-10-07 14:41:05,225.583,225.584,225.583,225.584,20.0
2024-10-07 14:41:06,225.583,225.583,225.583,225.583,10.0
2024-10-07 14:41:07,225.584,225.584,225.574,225.584,40.0
2024-10-07 14:41:08,225.583,225.583,225.563,225.563,20.0
2024-10-07 14:41:10,225.544,225.544,225.523,225.524,30.000000000000004
2024-10-07 14:41:11,225.523,225.523,225.504,225.504,30.000000000000004
2024-10-07 14:41:12,225.504,225.504,225.483,225.483,40.0
2024-10-07 14:41:13,225.484,225.484,225.484,225.484,10.0
2024-10-07 14:41:14,225.464,225.473,225.464,225.473,20.0
2024-10-07 14:41:16,225.463,225.464,225.463,225.464,20.0
2024-10-07 14:41:17,225.463,225.463,225.463,225.463,10.0
2024-10-07 14:41:18,225.454,225.454,225.433,225.433,70.00000000000001
2024-10-07 14:41:19,225.443,225.443,225.443,225.443,40.0
2024-10-07 14:41:20,225.454,225.454,225.454,225.454,10.0
2024-10-07 14:41:21,225.453,225.463,225.444,225.453,40.0
2024-10-07 14:41:22,225.433,225.453,225.433,225.453,70.00000000000001
2024-10-07 14:41:25,225.463,225.464,225.463,225.464,40.0
2024-10-07 14:41:26,225.464,225.464,225.463,225.464,30.000000000000004
2024-10-07 14:41:28,225.464,225.464,225.464,225.464,10.0
2024-10-07 14:41:30,225.484,225.504,225.484,225.504,40.0
2024-10-07 14:41:31,225.534,225.534,225.533,225.533,40.0
2024-10-07 14:41:32,225.523,225.523,225.523,225.523,10.0
2024-10-07 14:41:33,225.523,225.523,225.523,225.523,10.0
2024-10-07 14:41:36,225.524,225.534,225.524,225.534,20.0
2024-10-07 14:41:37,225.534,225.534,225.534,225.534,10.0
2024-10-07 14:41:38,225.533,225.534,225.533,225.534,20.0
2024-10-07 14:41:39,225.534,225.534,225.534,225.534,10.0
2024-10-07 14:41:41,225.523,225.534,225.523,225.534,20.0
2024-10-07 14:41:43,225.563,225.563,225.563,225.563,20.0
2024-10-07 14:41:44,225.573,225.574,225.573,225.574,20.0
2024-10-07 14:41:47,225.573,225.573,225.573,225.573,10.0
2024-10-07 14:41:48,225.583,225.584,225.583,225.584,40.0
2024-10-07 14:41:49,225.583,225.584,225.583,225.584,20.0
2024-10-07 14:41:50,225.583,225.583,225.583,225.583,20.0
2024-10-07 14:41:51,225.584,225.584,225.574,225.583,30.000000000000004
2024-10-07 14:41:52,225.573,225.583,225.573,225.583,40.0
2024-10-07 14:41:54,225.604,225.604,225.583,225.593,30.000000000000004
2024-10-07 14:41:59,225.593,225.594,225.593,225.594,20.0
2024-10-07 14:42:01,225.604,225.624,225.604,225.614,40.0
2024-10-07 14:42:02,225.603,225.603,225.603,225.603,10.0
2024-10-07 14:42:04,225.593,225.603,225.584,225.584,30.000000000000004
2024-10-07 14:42:05,225.564,225.573,225.553,225.553,30.000000000000004
2024-10-07 14:42:06,225.544,225.544,225.544,225.544,10.0
2024-10-07 14:42:07,225.544,225.544,225.543,225.543,40.0
2024-10-07 14:42:08,225.543,225.543,225.543,225.543,10.0
2024-10-07 14:42:09,225.513,225.513,225.503,225.503,40.0
2024-10-07 14:42:10,225.504,225.504,225.504,225.504,10.0
2024-10-07 14:42:12,225.514,225.524,225.514,225.524,20.0
2024-10-07 14:42:14,225.523,225.523,225.523,225.523,20.0
2024-10-07 14:42:15,225.544,225.544,225.543,225.543,20.0
2024-10-07 14:42:16,225.543,225.543,225.543,225.543,10.0
2024-10-07 14:42:18,225.544,225.544,225.544,225.544,10.0
2024-10-07 14:42:19,225.544,225.544,225.544,225.544,10.0
2024-10-07 14:42:21,225.544,225.544,225.543,225.543,50.0
2024-10-07 14:42:22,225.544,225.544,225.544,225.544,10.0
2024-10-07 14:42:23,225.543,225.543,225.543,225.543,10.0
2024-10-07 14:42:24,225.543,225.554,225.543,225.554,40.0
2024-10-07 14:42:25,225.554,225.554,225.534,225.534,20.0
2024-10-07 14:42:26,225.544,225.554,225.544,225.554,20.0
2024-10-07 14:42:28,225.553,225.553,225.553,225.553,20.0
2024-10-07 14:42:29,225.563,225.563,225.563,225.563,20.0
2024-10-07 14:42:32,225.573,225.573,225.553,225.553,20.0
2024-10-07 14:42:34,225.544,225.564,225.544,225.564,40.0
2024-10-07 14:42:36,225.554,225.554,225.554,225.554,10.0
2024-10-07 14:42:40,225.573,225.583,225.573,225.583,30.000000000000004
2024-10-07 14:42:41,225.583,225.583,225.583,225.583,10.0
2024-10-07 14:42:42,225.594,225.604,225.594,225.604,20.0
2024-10-07 14:42:47,225.603,225.603,225.603,225.603,10.0
2024-10-07 14:42:48,225.604,225.604,225.604,225.604,10.0
2024-10-07 14:42:49,225.603,225.603,225.603,225.603,20.0
2024-10-07 14:42:51,225.604,225.604,225.604,225.604,20.0
2024-10-07 14:42:52,225.593,225.604,225.593,225.604,30.000000000000004
2024-10-07 14:42:55,225.613,225.624,225.604,225.604,30.000000000000004
2024-10-07 14:42:56,225.624,225.624,225.624,225.624,10.0
2024-10-07 14:42:57,225.623,225.623,225.623,225.623,10.0
2024-10-07 14:42:58,225.623,225.623,225.623,225.623,10.0
2024-10-07 14:42:59,225.604,225.623,225.604,225.614,30.000000000000004
2024-10-07 14:43:00,225.613,225.614,225.613,225.614,20.0
2024-10-07 14:43:05,225.634,225.644,225.634,225.644,20.0
2024-10-07 14:43:07,225.653,225.653,225.653,225.653,10.0
2024-10-07 14:43:08,225.664,225.664,225.663,225.663,30.000000000000004
2024-10-07 14:43:09,225.663,225.673,225.663,225.673,30.000000000000004
2024-10-07 14:43:10,225.663,225.663,225.663,225.663,10.0
2024-10-07 14:43:11,225.673,225.673,225.663,225.663,20.0
2024-10-07 14:43:12,225.663,225.664,225.663,225.664,40.0
2024-10-07 14:43:13,225.673,225.693,225.673,225.693,30.000000000000004
2024-10-07 14:43:14,225.693,225.693,225.654,225.654,30.000000000000004
2024-10-07 14:43:17,225.644,225.644,225.644,225.644,10.0
2024-10-07 14:43:18,225.633,225.633,225.614,225.624,40.0
2024-10-07 14:43:19,225.634,225.634,225.604,225.604,20.0
2024-10-07 14:43:20,225.634,225.634,225.634,225.634,10.0
2024-10-07 14:43:21,225.634,225.634,225.624,225.634,50.0
2024-10-07 14:43:22,225.614,225.623,225.613,225.613,30.000000000000004
2024-10-07 14:43:23,225.593,225.604,225.593,225.604,20.0
2024-10-07 14:43:24,225.613,225.613,225.604,225.604,20.0
2024-10-07 14:43:25,225.593,225.594,225.583,225.583,30.000000000000004
2024-10-07 14:43:26,225.584,225.584,225.583,225.583,20.0
2024-10-07 14:43:27,225.594,225.594,225.594,225.594,30.000000000000004
2024-10-07 14:43:28,225.593,225.593,225.584,225.593,30.000000000000004
2024-10-07 14:43:29,225.593,225.593,225.593,225.593,10.0
2024-10-07 14:43:30,225.593,225.593,225.593,225.593,20.0
2024-10-07 14:43:31,225.584,225.584,225.574,225.583,40.0
2024-10-07 14:43:33,225.583,225.593,225.583,225.593,20.0
2024-10-07 14:43:34,225.583,225.583,225.583,225.583,10.0
2024-10-07 14:43:35,225.603,225.603,225.603,225.603,10.0
2024-10-07 14:43:36,225.604,225.614,225.604,225.613,40.0
2024-10-07 14:43:37,225.614,225.614,225.613,225.613,20.0
2024-10-07 14:43:38,225.603,225.614,225.603,225.614,40.0
2024-10-07 14:43:41,225.613,225.613,225.613,225.613,10.0
2024-10-07 14:43:42,225.614,225.614,225.604,225.604,40.0
2024-10-07 14:43:43,225.594,225.594,225.583,225.583,30.000000000000004
2024-10-07 14:43:44,225.554,225.554,225.523,225.533,40.0
2024-10-07 14:43:45,225.544,225.564,225.544,225.563,40.0
2024-10-07 14:43:47,225.534,225.534,225.534,225.534,10.0
2024-10-07 14:43:48,225.543,225.543,225.543,225.543,10.0
2024-10-07 14:43:50,225.544,225.544,225.534,225.534,30.000000000000004
2024-10-07 14:43:51,225.544,225.544,225.543,225.543,20.0
2024-10-07 14:43:52,225.514,225.514,225.514,225.514,10.0
2024-10-07 14:43:53,225.514,225.514,225.514,225.514,20.0
2024-10-07 14:43:54,225.523,225.524,225.484,225.484,60.0
2024-10-07 14:43:55,225.493,225.503,225.493,225.503,30.000000000000004
2024-10-07 14:43:56,225.513,225.524,225.513,225.513,40.0
2024-10-07 14:43:57,225.524,225.524,225.524,225.524,10.0
2024-10-07 14:43:58,225.524,225.534,225.523,225.533,50.0
2024-10-07 14:44:00,225.533,225.533,225.533,225.533,10.0
2024-10-07 14:44:01,225.484,225.514,225.484,225.514,30.000000000000004
2024-10-07 14:44:02,225.523,225.523,225.513,225.513,20.0
2024-10-07 14:44:04,225.523,225.534,225.523,225.534,20.0
2024-10-07 14:44:05,225.543,225.544,225.543,225.543,50.0
2024-10-07 14:44:06,225.543,225.544,225.524,225.544,50.0
2024-10-07 14:44:07,225.544,225.544,225.544,225.544,10.0
2024-10-07 14:44:11,225.544,225.544,225.544,225.544,10.0
2024-10-07 14:44:12,225.534,225.534,225.534,225.534,10.0
2024-10-07 14:44:14,225.523,225.523,225.523,225.523,10.0
2024-10-07 14:44:15,225.533,225.533,225.533,225.533,10.0
2024-10-07 14:44:18,225.543,225.543,225.533,225.533,40.0
2024-10-07 14:44:19,225.533,225.534,225.533,225.534,20.0
2024-10-07 14:44:20,225.544,225.544,225.543,225.543,30.000000000000004
2024-10-07 14:44:21,225.553,225.554,225.553,225.554,50.0
2024-10-07 14:44:22,225.543,225.543,225.504,225.504,20.0
2024-10-07 14:44:23,225.483,225.483,225.483,225.483,20.0
2024-10-07 14:44:24,225.474,225.474,225.453,225.453,30.000000000000004
2024-10-07 14:44:25,225.444,225.444,225.444,225.444,20.0
2024-10-07 14:44:26,225.444,225.444,225.423,225.423,20.0
2024-10-07 14:44:27,225.434,225.434,225.413,225.413,30.000000000000004
2024-10-07 14:44:28,225.403,225.404,225.403,225.404,30.000000000000004
2024-10-07 14:44:29,225.394,225.423,225.394,225.423,50.0
2024-10-07 14:44:31,225.433,225.434,225.433,225.433,30.000000000000004
2024-10-07 14:44:32,225.444,225.454,225.444,225.454,20.0
2024-10-07 14:44:36,225.473,225.474,225.473,225.474,20.0
2024-10-07 14:44:37,225.463,225.463,225.463,225.463,20.0
2024-10-07 14:44:41,225.433,225.433,225.433,225.433,10.0
2024-10-07 14:44:42,225.453,225.453,225.453,225.453,10.0
2024-10-07 14:44:44,225.463,225.463,225.463,225.463,10.0
2024-10-07 14:44:46,225.434,225.434,225.434,225.434,20.0
2024-10-07 14:44:47,225.424,225.424,225.424,225.424,10.0
2024-10-07 14:44:48,225.423,225.423,225.423,225.423,10.0
2024-10-07 14:44:49,225.423,225.423,225.423,225.423,10.0
2024-10-07 14:44:50,225.414,225.414,225.393,225.403,40.0
2024-10-07 14:44:51,225.394,225.394,225.384,225.384,30.000000000000004
2024-10-07 14:44:52,225.404,225.404,225.404,225.404,10.0
2024-10-07 14:44:53,225.384,225.394,225.384,225.394,20.0
2024-10-07 14:44:55,225.393,225.393,225.393,225.393,10.0
2024-10-07 14:44:56,225.393,225.394,225.363,225.394,70.00000000000001
2024-10-07 14:44:57,225.403,225.424,225.403,225.424,30.000000000000004
2024-10-07 14:44:59,225.423,225.423,225.423,225.423,30.000000000000004
2024-10-07 14:45:00,225.424,225.443,225.424,225.443,20.0
2024-10-07 14:45:01,225.453,225.453,225.453,225.453,10.0
2024-10-07 14:45:02,225.474,225.474,225.474,225.474,10.0
2024-10-07 14:45:05,225.474,225.474,225.474,225.474,10.0
2024-10-07 14:45:06,225.473,225.474,225.473,225.474,20.0
2024-10-07 14:45:08,225.474,225.474,225.474,225.474,10.0
2024-10-07 14:45:09,225.474,225.474,225.474,225.474,10.0
2024-10-07 14:45:10,225.473,225.473,225.453,225.464,30.000000000000004
2024-10-07 14:45:11,225.454,225.454,225.443,225.443,20.0
2024-10-07 14:45:13,225.434,225.444,225.423,225.423,30.000000000000004
2024-10-07 14:45:15,225.424,225.453,225.423,225.453,40.0
2024-10-07 14:45:16,225.453,225.453,225.453,225.453,10.0
2024-10-07 14:45:17,225.463,225.463,225.463,225.463,10.0
2024-10-07 14:45:18,225.463,225.463,225.463,225.463,10.0
2024-10-07 14:45:19,225.463,225.463,225.463,225.463,10.0
2024-10-07 14:45:20,225.464,225.483,225.464,225.473,40.0
2024-10-07 14:45:21,225.463,225.463,225.453,225.453,20.0
2024-10-07 14:45:23,225.474,225.483,225.474,225.483,20.0
2024-10-07 14:45:27,225.483,225.483,225.483,225.483,20.0
2024-10-07 14:45:28,225.483,225.484,225.483,225.484,50.0
2024-10-07 14:45:29,225.484,225.484,225.484,225.484,10.0
2024-10-07 14:45:31,225.484,225.484,225.484,225.484,10.0
2024-10-07 14:45:32,225.474,225.474,225.474,225.474,10.0
2024-10-07 14:45:36,225.504,225.504,225.494,225.504,50.0
2024-10-07 14:45:38,225.494,225.494,225.493,225.494,50.0
2024-10-07 14:45:39,225.494,225.494,225.493,225.493,30.000000000000004
2024-10-07 14:45:40,225.493,225.493,225.493,225.493,20.0
2024-10-07 14:45:41,225.493,225.514,225.493,225.514,20.0
2024-10-07 14:45:42,225.533,225.533,225.533,225.533,10.0
2024-10-07 14:45:43,225.534,225.534,225.534,225.534,10.0
2024-10-07 14:45:45,225.533,225.533,225.533,225.533,10.0
2024-10-07 14:45:48,225.513,225.513,225.513,225.513,10.0
2024-10-07 14:45:49,225.524,225.534,225.524,225.534,30.000000000000004
2024-10-07 14:45:50,225.533,225.533,225.533,225.533,20.0
2024-10-07 14:45:51,225.524,225.534,225.523,225.523,50.0
2024-10-07 14:45:52,225.524,225.524,225.493,225.493,30.000000000000004
2024-10-07 14:45:53,225.493,225.494,225.493,225.493,30.000000000000004
2024-10-07 14:45:54,225.494,225.494,225.493,225.493,20.0
2024-10-07 14:45:55,225.504,225.504,225.504,225.504,10.0
2024-10-07 14:45:56,225.514,225.514,225.514,225.514,20.0
2024-10-07 14:45:57,225.513,225.513,225.513,225.513,20.0
2024-10-07 14:45:58,225.514,225.514,225.514,225.514,10.0
2024-10-07 14:46:00,225.514,225.514,225.514,225.514,10.0
2024-10-07 14:46:02,225.513,225.513,225.513,225.513,20.0
2024-10-07 14:46:04,225.494,225.503,225.473,225.484,50.0
2024-10-07 14:46:05,225.484,225.484,225.464,225.464,40.0
2024-10-07 14:46:07,225.463,225.463,225.443,225.443,20.0
2024-10-07 14:46:11,225.434,225.434,225.434,225.434,10.0
2024-10-07 14:46:12,225.424,225.434,225.414,225.424,40.0
2024-10-07 14:46:13,225.413,225.413,225.384,225.384,30.000000000000004
2024-10-07 14:46:14,225.393,225.394,225.383,225.383,40.0
2024-10-07 14:46:15,225.383,225.394,225.383,225.384,50.0
2024-10-07 14:46:16,225.364,225.374,225.364,225.374,20.0
2024-10-07 14:46:18,225.383,225.414,225.383,225.413,60.0
2024-10-07 14:46:20,225.403,225.403,225.394,225.394,30.000000000000004
2024-10-07 14:46:21,225.403,225.404,225.403,225.404,30.000000000000004
2024-10-07 14:46:24,225.404,225.404,225.373,225.404,50.0
2024-10-07 14:46:25,225.403,225.403,225.403,225.403,10.0
2024-10-07 14:46:26,225.404,225.404,225.404,225.404,10.0
2024-10-07 14:46:27,225.404,225.404,225.404,225.404,20.0
2024-10-07 14:46:30,225.403,225.403,225.403,225.403,10.0
2024-10-07 14:46:31,225.413,225.413,225.403,225.404,30.000000000000004
2024-10-07 14:46:33,225.393,225.404,225.393,225.403,30.000000000000004
2024-10-07 14:46:34,225.413,225.413,225.413,225.413,10.0
2024-10-07 14:46:36,225.393,225.393,225.373,225.373,30.000000000000004
2024-10-07 14:46:37,225.363,225.383,225.363,225.383,50.0
2024-10-07 14:46:38,225.384,225.384,225.374,225.374,30.000000000000004
2024-10-07 14:46:39,225.333,225.344,225.333,225.344,20.0
2024-10-07 14:46:40,225.354,225.364,225.354,225.364,20.0
2024-10-07 14:46:41,225.373,225.383,225.373,225.383,20.0
2024-10-07 14:46:43,225.383,225.383,225.383,225.383,20.0
2024-10-07 14:46:46,225.404,225.404,225.404,225.404,10.0
2024-10-07 14:46:47,225.394,225.394,225.394,225.394,10.0
2024-10-07 14:46:48,225.394,225.394,225.394,225.394,10.0
2024-10-07 14:46:49,225.404,225.404,225.404,225.404,10.0
2024-10-07 14:46:51,225.384,225.384,225.384,225.384,10.0
2024-10-07 14:46:52,225.373,225.373,225.363,225.363,20.0
2024-10-07 14:46:53,225.343,225.343,225.343,225.343,10.0
2024-10-07 14:46:55,225.343,225.343,225.343,225.343,10.0
2024-10-07 14:46:56,225.333,225.333,225.304,225.304,30.000000000000004
2024-10-07 14:46:59,225.333,225.333,225.303,225.303,30.000000000000004
2024-10-07 14:47:00,225.293,225.293,225.273,225.273,40.0
2024-10-07 14:47:01,225.273,225.274,225.254,225.254,30.000000000000004
2024-10-07 14:47:02,225.263,225.263,225.253,225.253,20.0
2024-10-07 14:47:04,225.244,225.244,225.234,225.234,20.0
2024-10-07 14:47:05,225.244,225.254,225.244,225.253,50.0
2024-10-07 14:47:06,225.254,225.254,225.234,225.234,20.0
2024-10-07 14:47:07,225.234,225.234,225.234,225.234,20.0
2024-10-07 14:47:08,225.213,225.234,225.213,225.234,20.0
2024-10-07 14:47:09,225.233,225.233,225.213,225.213,20.0
2024-10-07 14:47:10,225.233,225.233,225.233,225.233,10.0
2024-10-07 14:47:11,225.224,225.224,225.224,225.224,10.0
2024-10-07 14:47:12,225.213,225.213,225.213,225.213,10.0
2024-10-07 14:47:13,225.214,225.214,225.214,225.214,20.0
2024-10-07 14:47:14,225.213,225.224,225.213,225.224,20.0
2024-10-07 14:47:15,225.243,225.264,225.243,225.264,40.0
2024-10-07 14:47:18,225.263,225.263,225.263,225.263,20.0
2024-10-07 14:47:21,225.244,225.244,225.244,225.244,10.0
2024-10-07 14:47:22,225.254,225.263,225.254,225.263,20.0
2024-10-07 14:47:23,225.264,225.264,225.264,225.264,20.0
2024-10-07 14:47:24,225.234,225.234,225.234,225.234,10.0
2024-10-07 14:47:25,225.264,225.264,225.264,225.264,10.0
2024-10-07 14:47:26,225.263,225.263,225.263,225.263,30.000000000000004
2024-10-07 14:47:27,225.264,225.264,225.264,225.264,10.0
2024-10-07 14:47:28,225.264,225.264,225.264,225.264,10.0
2024-10-07 14:47:29,225.264,225.283,225.264,225.283,30.000000000000004
2024-10-07 14:47:34,225.283,225.283,225.274,225.274,20.0
2024-10-07 14:47:35,225.273,225.273,225.273,225.273,10.0
2024-10-07 14:47:36,225.263,225.263,225.263,225.263,10.0
2024-10-07 14:47:38,225.263,225.264,225.263,225.263,30.000000000000004
2024-10-07 14:47:39,225.264,225.274,225.264,225.273,30.000000000000004
2024-10-07 14:47:40,225.264,225.274,225.264,225.274,30.000000000000004
2024-10-07 14:47:41,225.274,225.274,225.274,225.274,10.0
2024-10-07 14:47:42,225.264,225.264,225.214,225.223,50.0
2024-10-07 14:47:45,225.214,225.214,225.213,225.213,30.000000000000004
2024-10-07 14:47:46,225.223,225.223,225.174,225.174,50.0
2024-10-07 14:47:47,225.174,225.193,225.164,225.193,40.0
2024-10-07 14:47:48,225.193,225.193,225.193,225.193,20.0
2024-10-07 14:47:49,225.204,225.204,225.203,225.203,30.000000000000004
2024-10-07 14:47:50,225.183,225.193,225.183,225.193,20.0
2024-10-07 14:47:52,225.183,225.193,225.183,225.193,20.0
2024-10-07 14:47:54,225.193,225.193,225.193,225.193,10.0
2024-10-07 14:47:57,225.184,225.184,225.184,225.184,10.0
2024-10-07 14:47:58,225.203,225.203,225.203,225.203,20.0
2024-10-07 14:47:59,225.204,225.204,225.204,225.204,10.0
2024-10-07 14:48:00,225.224,225.234,225.224,225.234,30.000000000000004
2024-10-07 14:48:01,225.223,225.224,225.223,225.224,20.0
2024-10-07 14:48:02,225.203,225.204,225.194,225.204,50.0
2024-10-07 14:48:03,225.193,225.203,225.193,225.203,20.0
2024-10-07 14:48:04,225.203,225.223,225.203,225.213,40.0
2024-10-07 14:48:05,225.224,225.224,225.223,225.223,20.0
2024-10-07 14:48:06,225.223,225.224,225.223,225.224,30.000000000000004
2024-10-07 14:48:09,225.223,225.223,225.223,225.223,10.0
2024-10-07 14:48:11,225.223,225.223,225.193,225.204,40.0
2024-10-07 14:48:12,225.213,225.213,225.213,225.213,10.0
2024-10-07 14:48:15,225.204,225.204,225.204,225.204,10.0
2024-10-07 14:48:16,225.203,225.203,225.203,225.203,10.0
2024-10-07 14:48:17,225.223,225.233,225.223,225.233,20.0
2024-10-07 14:48:18,225.243,225.244,225.233,225.233,30.000000000000004
2024-10-07 14:48:19,225.233,225.233,225.233,225.233,10.0
2024-10-07 14:48:20,225.233,225.233,225.233,225.233,10.0
2024-10-07 14:48:22,225.233,225.233,225.233,225.233,10.0
2024-10-07 14:48:23,225.243,225.263,225.243,225.263,30.000000000000004
2024-10-07 14:48:24,225.263,225.264,225.263,225.264,40.0
2024-10-07 14:48:25,225.264,225.264,225.264,225.264,10.0
2024-10-07 14:48:26,225.264,225.264,225.264,225.264,10.0
2024-10-07 14:48:27,225.263,225.263,225.263,225.263,10.0
2024-10-07 14:48:28,225.263,225.263,225.253,225.254,40.0
2024-10-07 14:48:29,225.263,225.264,225.263,225.264,20.0
2024-10-07 14:48:30,225.263,225.263,225.263,225.263,20.0
2024-10-07 14:48:31,225.263,225.264,225.263,225.263,40.0
2024-10-07 14:48:33,225.274,225.274,225.274,225.274,10.0
2024-10-07 14:48:34,225.273,225.273,225.273,225.273,10.0
2024-10-07 14:48:35,225.283,225.283,225.283,225.283,20.0
2024-10-07 14:48:38,225.284,225.284,225.284,225.284,10.0
2024-10-07 14:48:39,225.293,225.293,225.293,225.293,10.0
2024-10-07 14:48:40,225.284,225.284,225.284,225.284,10.0
2024-10-07 14:48:41,225.283,225.283,225.283,225.283,10.0
2024-10-07 14:48:42,225.283,225.284,225.274,225.274,40.0
2024-10-07 14:48:43,225.283,225.283,225.283,225.283,10.0
2024-10-07 14:48:44,225.284,225.303,225.284,225.303,30.000000000000004
2024-10-07 14:48:48,225.294,225.294,225.293,225.293,20.0
2024-10-07 14:48:49,225.283,225.283,225.283,225.283,10.0
2024-10-07 14:48:50,225.273,225.273,225.273,225.273,10.0
2024-10-07 14:48:52,225.283,225.283,225.283,225.283,20.0
2024-10-07 14:48:53,225.264,225.264,225.264,225.264,10.0
2024-10-07 14:48:56,225.284,225.284,225.284,225.284,10.0
2024-10-07 14:48:57,225.274,225.283,225.273,225.273,30.000000000000004
2024-10-07 14:48:58,225.283,225.283,225.233,225.233,30.000000000000004
2024-10-07 14:48:59,225.234,225.253,225.234,225.253,40.0
2024-10-07 14:49:00,225.263,225.284,225.263,225.284,40.0
2024-10-07 14:49:03,225.273,225.304,225.273,225.304,70.00000000000001
2024-10-07 14:49:04,225.303,225.303,225.303,225.303,10.0
2024-10-07 14:49:05,225.294,225.294,225.293,225.294,30.000000000000004
2024-10-07 14:49:06,225.294,225.294,225.294,225.294,20.0
2024-10-07 14:49:07,225.283,225.284,225.274,225.283,40.0
2024-10-07 14:49:08,225.273,225.273,225.273,225.273,20.0
2024-10-07 14:49:09,225.263,225.263,225.263,225.263,10.0
2024-10-07 14:49:11,225.253,225.264,225.253,225.264,30.000000000000004
2024-10-07 14:49:12,225.263,225.263,225.263,225.263,10.0
2024-10-07 14:49:13,225.263,225.263,225.263,225.263,10.0
2024-10-07 14:49:15,225.254,225.254,225.254,225.254,10.0
2024-10-07 14:49:16,225.253,225.263,225.244,225.263,40.0
2024-10-07 14:49:18,225.263,225.273,225.263,225.273,40.0
2024-10-07 14:49:19,225.284,225.284,225.284,225.284,10.0
2024-10-07 14:49:21,225.294,225.294,225.294,225.294,20.0
2024-10-07 14:49:22,225.294,225.294,225.294,225.294,20.0
2024-10-07 14:49:23,225.303,225.303,225.303,225.303,10.0
2024-10-07 14:49:24,225.303,225.303,225.303,225.303,10.0
2024-10-07 14:49:25,225.303,225.303,225.293,225.293,20.0
2024-10-07 14:49:26,225.293,225.293,225.293,225.293,10.0
2024-10-07 14:49:28,225.303,225.304,225.303,225.304,20.0
2024-10-07 14:49:33,225.304,225.304,225.304,225.304,30.000000000000004
2024-10-07 14:49:35,225.324,225.324,225.264,225.264,30.000000000000004
2024-10-07 14:49:36,225.263,225.263,225.234,225.243,40.0
2024-10-07 14:49:37,225.253,225.253,225.253,225.253,10.0
2024-10-07 14:49:38,225.254,225.254,225.254,225.254,10.0
2024-10-07 14:49:39,225.264,225.264,225.264,225.264,10.0
2024-10-07 14:49:45,225.244,225.253,225.244,225.253,20.0
2024-10-07 14:49:47,225.254,225.254,225.204,225.213,40.0
2024-10-07 14:49:48,225.224,225.224,225.224,225.224,10.0
2024-10-07 14:49:49,225.213,225.213,225.213,225.213,10.0
2024-10-07 14:49:50,225.203,225.203,225.203,225.203,10.0
2024-10-07 14:49:51,225.214,225.214,225.214,225.214,10.0
2024-10-07 14:49:58,225.233,225.233,225.233,225.233,10.0
2024-10-07 14:50:00,225.223,225.233,225.223,225.233,20.0
2024-10-07 14:50:01,225.223,225.223,225.223,225.223,10.0
2024-10-07 14:50:02,225.213,225.213,225.203,225.203,20.0
2024-10-07 14:50:05,225.213,225.213,225.213,225.213,10.0
2024-10-07 14:50:09,225.184,225.184,225.184,225.184,10.0
2024-10-07 14:50:10,225.153,225.153,225.153,225.153,10.0
2024-10-07 14:50:11,225.164,225.184,225.164,225.184,30.000000000000004
2024-10-07 14:50:12,225.173,225.184,225.173,225.184,20.0
2024-10-07 14:50:13,225.174,225.184,225.174,225.184,20.0
2024-10-07 14:50:14,225.173,225.173,225.173,225.173,10.0
2024-10-07 14:50:16,225.184,225.184,225.184,225.184,10.0
2024-10-07 14:50:17,225.194,225.194,225.193,225.193,20.0
2024-10-07 14:50:19,225.194,225.194,225.194,225.194,10.0
2024-10-07 14:50:20,225.203,225.203,225.203,225.203,10.0
2024-10-07 14:50:23,225.194,225.203,225.194,225.203,20.0
2024-10-07 14:50:24,225.183,225.183,225.183,225.183,10.0
2024-10-07 14:50:25,225.153,225.153,225.153,225.153,10.0
2024-10-07 14:50:28,225.163,225.173,225.163,225.173,20.0
2024-10-07 14:50:29,225.163,225.163,225.163,225.163,10.0
2024-10-07 14:50:30,225.174,225.174,225.174,225.174,10.0
2024-10-07 14:50:33,225.184,225.184,225.184,225.184,10.0
2024-10-07 14:50:34,225.173,225.173,225.163,225.173,30.000000000000004
2024-10-07 14:50:35,225.163,225.163,225.163,225.163,10.0
2024-10-07 14:50:36,225.173,225.173,225.173,225.173,10.0
2024-10-07 14:50:37,225.123,225.144,225.123,225.144,50.0
2024-10-07 14:50:38,225.153,225.153,225.153,225.153,10.0
2024-10-07 14:50:39,225.164,225.164,225.164,225.164,10.0
2024-10-07 14:50:40,225.173,225.184,225.173,225.184,20.0
2024-10-07 14:50:41,225.183,225.183,225.183,225.183,10.0
2024-10-07 14:50:42,225.183,225.183,225.183,225.183,30.000000000000004
2024-10-07 14:50:43,225.173,225.184,225.173,225.184,30.000000000000004
2024-10-07 14:50:44,225.193,225.194,225.193,225.194,20.0
2024-10-07 14:50:45,225.183,225.183,225.183,225.183,10.0
2024-10-07 14:50:46,225.193,225.193,225.193,225.193,10.0
2024-10-07 14:50:47,225.203,225.204,225.203,225.204,20.0
2024-10-07 14:50:48,225.213,225.213,225.194,225.194,30.000000000000004
2024-10-07 14:50:50,225.184,225.184,225.174,225.174,30.000000000000004
2024-10-07 14:50:51,225.174,225.174,225.174,225.174,20.0
2024-10-07 14:50:52,225.163,225.163,225.163,225.163,10.0
2024-10-07 14:50:53,225.173,225.173,225.173,225.173,10.0
2024-10-07 14:50:54,225.154,225.154,225.154,225.154,10.0
2024-10-07 14:50:56,225.174,225.174,225.174,225.174,10.0
2024-10-07 14:50:57,225.174,225.174,225.153,225.174,30.000000000000004
2024-10-07 14:50:58,225.173,225.173,225.173,225.173,10.0
2024-10-07 14:51:00,225.174,225.174,225.153,225.163,40.0
2024-10-07 14:51:01,225.174,225.184,225.173,225.173,30.000000000000004
2024-10-07 14:51:02,225.194,225.194,225.174,225.174,40.0
2024-10-07 14:51:06,225.163,225.163,225.163,225.163,10.0
2024-10-07 14:51:07,225.174,225.193,225.174,225.193,40.0
2024-10-07 14:51:08,225.184,225.193,225.184,225.193,20.0
2024-10-07 14:51:12,225.203,225.204,225.203,225.204,20.0
2024-10-07 14:51:13,225.203,225.204,225.203,225.204,30.000000000000004
2024-10-07 14:51:14,225.213,225.214,225.204,225.214,30.000000000000004
2024-10-07 14:51:19,225.213,225.213,225.213,225.213,20.0
2024-10-07 14:51:20,225.204,225.214,225.203,225.214,30.000000000000004
2024-10-07 14:51:21,225.204,225.204,225.204,225.204,10.0
2024-10-07 14:51:22,225.214,225.214,225.203,225.203,20.0
2024-10-07 14:51:23,225.214,225.214,225.214,225.214,10.0
2024-10-07 14:51:24,225.203,225.214,225.203,225.214,20.0
2024-10-07 14:51:25,225.203,225.203,225.183,225.193,60.0
2024-10-07 14:51:26,225.183,225.183,225.183,225.183,10.0
2024-10-07 14:51:28,225.193,225.203,225.193,225.203,30.000000000000004
2024-10-07 14:51:29,225.214,225.214,225.214,225.214,10.0
2024-10-07 14:51:32,225.224,225.224,225.224,225.224,20.0
2024-10-07 14:51:37,225.183,225.183,225.183,225.183,10.0
2024-10-07 14:51:38,225.193,225.193,225.183,225.184,50.0
2024-10-07 14:51:39,225.194,225.194,225.193,225.193,20.0
2024-10-07 14:51:41,225.183,225.213,225.183,225.213,30.000000000000004
2024-10-07 14:51:42,225.213,225.213,225.213,225.213,10.0
2024-10-07 14:51:43,225.213,225.213,225.204,225.213,30.000000000000004
2024-10-07 14:51:45,225.223,225.223,225.223,225.223,10.0
2024-10-07 14:51:47,225.223,225.224,225.213,225.213,60.0
2024-10-07 14:51:48,225.214,225.214,225.214,225.214,10.0
2024-10-07 14:51:50,225.234,225.244,225.234,225.244,20.0
2024-10-07 14:51:51,225.234,225.243,225.234,225.243,20.0
2024-10-07 14:51:52,225.233,225.253,225.233,225.253,50.0
2024-10-07 14:51:57,225.264,225.264,225.264,225.264,10.0
2024-10-07 14:51:59,225.274,225.274,225.274,225.274,10.0
2024-10-07 14:52:00,225.274,225.283,225.273,225.283,40.0
2024-10-07 14:52:01,225.274,225.274,225.274,225.274,20.0
2024-10-07 14:52:02,225.264,225.264,225.254,225.254,20.0
2024-10-07 14:52:03,225.273,225.273,225.273,225.273,10.0
2024-10-07 14:52:04,225.273,225.273,225.273,225.273,10.0
2024-10-07 14:52:05,225.273,225.273,225.263,225.263,20.0
2024-10-07 14:52:06,225.274,225.274,225.254,225.254,20.0
2024-10-07 14:52:07,225.243,225.243,225.243,225.243,10.0
2024-10-07 14:52:08,225.243,225.243,225.233,225.233,30.000000000000004
2024-10-07 14:52:09,225.233,225.233,225.233,225.233,10.0
2024-10-07 14:52:11,225.234,225.234,225.234,225.234,10.0
2024-10-07 14:52:12,225.224,225.243,225.224,225.243,20.0
2024-10-07 14:52:13,225.243,225.254,225.243,225.254,20.0
2024-10-07 14:52:14,225.244,225.254,225.244,225.254,20.0
2024-10-07 14:52:15,225.244,225.244,225.233,225.244,30.000000000000004
2024-10-07 14:52:16,225.224,225.224,225.224,225.224,10.0
2024-10-07 14:52:17,225.214,225.214,225.193,225.214,60.0
2024-10-07 14:52:18,225.224,225.224,225.193,225.193,30.000000000000004
2024-10-07 14:52:19,225.213,225.223,225.213,225.223,20.0
2024-10-07 14:52:21,225.203,225.223,225.203,225.204,40.0
2024-10-07 14:52:22,225.223,225.224,225.214,225.224,30.000000000000004
2024-10-07 14:52:25,225.224,225.224,225.214,225.214,20.0
2024-10-07 14:52:26,225.224,225.224,225.224,225.224,10.0
2024-10-07 14:52:27,225.214,225.214,225.214,225.214,10.0
2024-10-07 14:52:30,225.214,225.214,225.214,225.214,20.0
2024-10-07 14:52:31,225.213,225.214,225.213,225.214,20.0
2024-10-07 14:52:34,225.223,225.223,225.223,225.223,10.0
2024-10-07 14:52:36,225.223,225.234,225.223,225.234,30.000000000000004
2024-10-07 14:52:37,225.244,225.244,225.244,225.244,20.0
2024-10-07 14:52:38,225.243,225.244,225.234,225.244,30.000000000000004
2024-10-07 14:52:39,225.224,225.224,225.224,225.224,20.0
2024-10-07 14:52:40,225.214,225.214,225.214,225.214,20.0
2024-10-07 14:52:41,225.223,225.224,225.213,225.213,40.0
2024-10-07 14:52:42,225.214,225.214,225.214,225.214,20.0
2024-10-07 14:52:43,225.203,225.213,225.203,225.213,20.0
2024-10-07 14:52:44,225.204,225.204,225.153,225.153,50.0
2024-10-07 14:52:45,225.133,225.153,225.113,225.113,90.0
2024-10-07 14:52:46,225.143,225.164,225.143,225.143,50.0
2024-10-07 14:52:47,225.164,225.164,225.143,225.143,60.0
2024-10-07 14:52:48,225.123,225.123,225.113,225.113,20.0
2024-10-07 14:52:49,225.133,225.144,225.124,225.124,40.0
2024-10-07 14:52:50,225.124,225.124,225.113,225.113,30.000000000000004
2024-10-07 14:52:51,225.113,225.113,225.113,225.113,10.0
2024-10-07 14:52:52,225.103,225.113,225.103,225.113,20.0
2024-10-07 14:52:54,225.103,225.103,225.103,225.103,10.0
2024-10-07 14:52:55,225.103,225.103,225.063,225.063,30.000000000000004
2024-10-07 14:52:56,225.073,225.083,225.073,225.083,20.0
2024-10-07 14:52:57,225.093,225.103,225.093,225.094,50.0
2024-10-07 14:52:58,225.103,225.113,225.103,225.113,30.000000000000004
2024-10-07 14:52:59,225.134,225.134,225.113,225.124,80.0
2024-10-07 14:53:00,225.113,225.113,225.103,225.104,30.000000000000004
2024-10-07 14:53:01,225.093,225.114,225.093,225.114,40.0
2024-10-07 14:53:02,225.094,225.124,225.094,225.124,40.0
2024-10-07 14:53:03,225.123,225.124,225.114,225.124,30.000000000000004
2024-10-07 14:53:04,225.113,225.113,225.093,225.104,50.0
2024-10-07 14:53:05,225.114,225.114,225.114,225.114,10.0
2024-10-07 14:53:06,225.113,225.124,225.113,225.124,30.000000000000004
2024-10-07 14:53:07,225.124,225.124,225.103,225.124,60.0
2024-10-07 14:53:08,225.124,225.124,225.124,225.124,10.0
2024-10-07 14:53:09,225.114,225.124,225.114,225.124,20.0
2024-10-07 14:53:10,225.114,225.114,225.114,225.114,10.0
2024-10-07 14:53:11,225.123,225.123,225.123,225.123,20.0
2024-10-07 14:53:12,225.124,225.124,225.124,225.124,10.0
2024-10-07 14:53:15,225.134,225.134,225.134,225.134,10.0
2024-10-07 14:53:16,225.134,225.134,225.133,225.133,20.0
2024-10-07 14:53:17,225.144,225.144,225.144,225.144,10.0
2024-10-07 14:53:18,225.154,225.154,225.133,225.144,70.00000000000001
2024-10-07 14:53:19,225.153,225.153,225.153,225.153,10.0
2024-10-07 14:53:20,225.133,225.134,225.124,225.133,40.0
2024-10-07 14:53:21,225.133,225.144,225.133,225.144,60.0
2024-10-07 14:53:23,225.134,225.134,225.134,225.134,10.0
2024-10-07 14:53:24,225.123,225.123,225.123,225.123,10.0
2024-10-07 14:53:26,225.134,225.134,225.123,225.133,30.000000000000004
2024-10-07 14:53:27,225.123,225.133,225.123,225.123,30.000000000000004
2024-10-07 14:53:28,225.093,225.103,225.093,225.103,40.0
2024-10-07 14:53:29,225.114,225.124,225.114,225.124,20.0
2024-10-07 14:53:30,225.123,225.123,225.114,225.114,30.000000000000004
2024-10-07 14:53:31,225.103,225.103,225.103,225.103,10.0
2024-10-07 14:53:32,225.104,225.104,225.103,225.103,20.0
2024-10-07 14:53:33,225.103,225.104,225.103,225.104,20.0
2024-10-07 14:53:34,225.103,225.103,225.103,225.103,10.0
2024-10-07 14:53:35,225.103,225.103,225.093,225.094,40.0
2024-10-07 14:53:36,225.073,225.073,225.073,225.073,10.0
2024-10-07 14:53:38,225.083,225.083,225.074,225.074,20.0
2024-10-07 14:53:39,225.084,225.084,225.073,225.083,30.000000000000004
2024-10-07 14:53:40,225.073,225.093,225.073,225.093,30.000000000000004
2024-10-07 14:53:41,225.104,225.104,225.103,225.103,20.0
2024-10-07 14:53:42,225.093,225.103,225.093,225.103,20.0
2024-10-07 14:53:43,225.094,225.094,225.094,225.094,10.0
2024-10-07 14:53:44,225.103,225.103,225.094,225.094,20.0
2024-10-07 14:53:45,225.103,225.103,225.103,225.103,10.0
2024-10-07 14:53:47,225.103,225.103,225.094,225.094,20.0
2024-10-07 14:53:48,225.083,225.083,225.083,225.083,10.0
2024-10-07 14:53:49,225.093,225.094,225.083,225.094,30.000000000000004
2024-10-07 14:53:52,225.094,225.094,225.093,225.093,20.0
2024-10-07 14:53:53,225.093,225.093,225.093,225.093,10.0
2024-10-07 14:53:55,225.094,225.094,225.094,225.094,10.0
2024-10-07 14:54:02,225.104,225.153,225.104,225.153,30.000000000000004
2024-10-07 14:54:03,225.153,225.153,225.153,225.153,10.0
2024-10-07 14:54:05,225.154,225.154,225.144,225.144,20.0
2024-10-07 14:54:07,225.144,225.144,225.124,225.124,30.000000000000004
2024-10-07 14:54:08,225.133,225.133,225.133,225.133,10.0
2024-10-07 14:54:10,225.113,225.113,225.103,225.103,40.0
2024-10-07 14:54:11,225.114,225.114,225.104,225.114,30.000000000000004
2024-10-07 14:54:12,225.123,225.123,225.123,225.123,10.0
2024-10-07 14:54:13,225.113,225.123,225.113,225.123,30.000000000000004
2024-10-07 14:54:15,225.124,225.124,225.123,225.123,20.0
2024-10-07 14:54:17,225.123,225.123,225.123,225.123,10.0
2024-10-07 14:54:18,225.123,225.123,225.114,225.114,20.0
2024-10-07 14:54:21,225.103,225.114,225.103,225.114,20.0
2024-10-07 14:54:22,225.103,225.103,225.084,225.084,30.000000000000004
2024-10-07 14:54:24,225.054,225.114,225.054,225.114,70.00000000000001
2024-10-07 14:54:25,225.114,225.143,225.114,225.134,30.000000000000004
2024-10-07 14:54:26,225.144,225.144,225.144,225.144,10.0
2024-10-07 14:54:29,225.154,225.164,225.154,225.164,20.0
2024-10-07 14:54:30,225.153,225.153,225.153,225.153,10.0
2024-10-07 14:54:31,225.164,225.164,225.163,225.163,30.000000000000004
2024-10-07 14:54:32,225.164,225.164,225.153,225.163,30.000000000000004
2024-10-07 14:54:33,225.153,225.153,225.153,225.153,10.0
2024-10-07 14:54:37,225.133,225.133,225.133,225.133,10.0
2024-10-07 14:54:38,225.144,225.153,225.144,225.153,20.0
2024-10-07 14:54:40,225.163,225.163,225.163,225.163,10.0
2024-10-07 14:54:41,225.164,225.164,225.164,225.164,10.0
2024-10-07 14:54:42,225.143,225.143,225.143,225.143,10.0
2024-10-07 14:54:43,225.144,225.144,225.133,225.144,30.000000000000004
2024-10-07 14:54:45,225.143,225.143,225.143,225.143,20.0
2024-10-07 14:54:46,225.143,225.143,225.143,225.143,10.0
2024-10-07 14:54:51,225.143,225.143,225.143,225.143,10.0
2024-10-07 14:54:52,225.143,225.163,225.143,225.163,30.000000000000004
2024-10-07 14:54:55,225.163,225.163,225.163,225.163,10.0
2024-10-07 14:54:56,225.163,225.163,225.163,225.163,10.0
2024-10-07 14:54:58,225.173,225.173,225.164,225.173,30.000000000000004
2024-10-07 14:55:00,225.163,225.194,225.163,225.184,50.0
2024-10-07 14:55:01,225.194,225.194,225.184,225.184,20.0
2024-10-07 14:55:02,225.194,225.214,225.194,225.213,40.0
2024-10-07 14:55:04,225.224,225.224,225.214,225.224,60.0
2024-10-07 14:55:05,225.234,225.263,225.234,225.244,70.00000000000001
2024-10-07 14:55:06,225.233,225.233,225.233,225.233,10.0
2024-10-07 14:55:07,225.244,225.244,225.244,225.244,10.0
2024-10-07 14:55:08,225.243,225.253,225.243,225.244,30.000000000000004
2024-10-07 14:55:09,225.233,225.233,225.233,225.233,10.0
2024-10-07 14:55:10,225.224,225.243,225.224,225.243,30.000000000000004
2024-10-07 14:55:12,225.233,225.243,225.233,225.243,30.000000000000004
2024-10-07 14:55:15,225.234,225.243,225.234,225.243,20.0
2024-10-07 14:55:17,225.233,225.243,225.233,225.243,20.0
2024-10-07 14:55:18,225.243,225.243,225.243,225.243,10.0
2024-10-07 14:55:20,225.244,225.244,225.244,225.244,10.0
2024-10-07 14:55:22,225.233,225.233,225.233,225.233,10.0
2024-10-07 14:55:23,225.223,225.223,225.223,225.223,10.0
2024-10-07 14:55:24,225.223,225.224,225.213,225.224,30.000000000000004
2024-10-07 14:55:25,225.223,225.223,225.223,225.223,10.0
2024-10-07 14:55:26,225.204,225.223,225.204,225.223,40.0
2024-10-07 14:55:27,225.214,225.223,225.214,225.223,20.0
2024-10-07 14:55:28,225.213,225.213,225.213,225.213,10.0
2024-10-07 14:55:29,225.214,225.214,225.214,225.214,10.0
2024-10-07 14:55:30,225.213,225.213,225.213,225.213,20.0
2024-10-07 14:55:31,225.194,225.194,225.193,225.193,20.0
2024-10-07 14:55:32,225.193,225.193,225.183,225.183,20.0
2024-10-07 14:55:33,225.194,225.194,225.194,225.194,10.0
2024-10-07 14:55:34,225.194,225.194,225.194,225.194,10.0
2024-10-07 14:55:35,225.194,225.194,225.194,225.194,10.0
2024-10-07 14:55:40,225.193,225.193,225.193,225.193,10.0
2024-10-07 14:55:41,225.204,225.214,225.204,225.214,20.0
2024-10-07 14:55:42,225.224,225.224,225.224,225.224,10.0
2024-10-07 14:55:43,225.224,225.224,225.224,225.224,10.0
2024-10-07 14:55:44,225.253,225.264,225.253,225.264,40.0
2024-10-07 14:55:45,225.253,225.253,225.253,225.253,10.0
2024-10-07 14:55:46,225.263,225.263,225.254,225.254,20.0
2024-10-07 14:55:47,225.244,225.244,225.244,225.244,10.0
2024-10-07 14:55:48,225.223,225.233,225.223,225.233,20.0
2024-10-07 14:55:49,225.244,225.244,225.243,225.243,20.0
2024-10-07 14:55:50,225.253,225.253,225.233,225.233,20.0
2024-10-07 14:55:51,225.254,225.254,225.244,225.244,20.0
2024-10-07 14:55:52,225.254,225.254,225.254,225.254,10.0
2024-10-07 14:55:53,225.263,225.263,225.263,225.263,10.0
2024-10-07 14:55:54,225.263,225.293,225.263,225.293,20.0
2024-10-07 14:55:55,225.284,225.303,225.284,225.303,30.000000000000004
2024-10-07 14:55:57,225.323,225.323,225.323,225.323,10.0
2024-10-07 14:55:58,225.324,225.324,225.303,225.303,30.000000000000004
2024-10-07 14:55:59,225.293,225.303,225.293,225.303,20.0
2024-10-07 14:56:01,225.314,225.314,225.314,225.314,10.0
2024-10-07 14:56:02,225.314,225.314,225.314,225.314,10.0
2024-10-07 14:56:03,225.304,225.314,225.304,225.314,20.0
2024-10-07 14:56:04,225.324,225.324,225.324,225.324,10.0
2024-10-07 14:56:05,225.313,225.313,225.313,225.313,10.0
2024-10-07 14:56:06,225.333,225.333,225.333,225.333,10.0
2024-10-07 14:56:08,225.333,225.333,225.333,225.333,10.0
2024-10-07 14:56:11,225.324,225.333,225.324,225.333,20.0
2024-10-07 14:56:12,225.333,225.334,225.333,225.334,20.0
2024-10-07 14:56:13,225.354,225.394,225.354,225.394,40.0
2024-10-07 14:56:14,225.383,225.393,225.383,225.384,30.000000000000004
2024-10-07 14:56:15,225.383,225.393,225.383,225.393,20.0
2024-10-07 14:56:16,225.383,225.394,225.383,225.394,20.0
2024-10-07 14:56:17,225.384,225.393,225.384,225.393,20.0
2024-10-07 14:56:24,225.413,225.413,225.403,225.403,30.000000000000004
2024-10-07 14:56:25,225.394,225.404,225.383,225.404,40.0
2024-10-07 14:56:26,225.414,225.414,225.414,225.414,10.0
2024-10-07 14:56:27,225.403,225.403,225.403,225.403,10.0
2024-10-07 14:56:28,225.393,225.414,225.393,225.414,30.000000000000004
2024-10-07 14:56:29,225.413,225.413,225.413,225.413,10.0
2024-10-07 14:56:30,225.404,225.414,225.404,225.414,20.0
2024-10-07 14:56:31,225.414,225.414,225.403,225.403,20.0
2024-10-07 14:56:32,225.403,225.404,225.403,225.404,20.0
2024-10-07 14:56:33,225.394,225.394,225.384,225.394,30.000000000000004
2024-10-07 14:56:36,225.384,225.384,225.384,225.384,10.0
2024-10-07 14:56:37,225.383,225.383,225.373,225.373,20.0
2024-10-07 14:56:39,225.364,225.374,225.364,225.374,20.0
2024-10-07 14:56:40,225.384,225.394,225.383,225.394,40.0
2024-10-07 14:56:41,225.404,225.404,225.404,225.404,10.0
2024-10-07 14:56:42,225.404,225.404,225.393,225.393,20.0
2024-10-07 14:56:43,225.394,225.394,225.394,225.394,10.0
2024-10-07 14:56:44,225.403,225.403,225.403,225.403,10.0
2024-10-07 14:56:45,225.403,225.403,225.403,225.403,10.0
2024-10-07 14:56:47,225.383,225.394,225.373,225.384,80.0
2024-10-07 14:56:48,225.373,225.384,225.373,225.384,20.0
2024-10-07 14:56:49,225.383,225.383,225.383,225.383,10.0
2024-10-07 14:56:50,225.373,225.373,225.373,225.373,10.0
2024-10-07 14:56:51,225.384,225.384,225.373,225.373,40.0
2024-10-07 14:56:52,225.374,225.384,225.374,225.384,30.000000000000004
2024-10-07 14:56:53,225.384,225.394,225.384,225.394,20.0
2024-10-07 14:56:54,225.393,225.393,225.393,225.393,10.0
2024-10-07 14:56:56,225.403,225.403,225.403,225.403,10.0
2024-10-07 14:56:58,225.414,225.424,225.414,225.424,20.0
2024-10-07 14:56:59,225.424,225.424,225.393,225.393,40.0
2024-10-07 14:57:00,225.404,225.404,225.393,225.393,30.000000000000004
2024-10-07 14:57:01,225.404,225.404,225.404,225.404,10.0
2024-10-07 14:57:04,225.383,225.393,225.383,225.393,20.0
2024-10-07 14:57:05,225.393,225.393,225.383,225.393,30.000000000000004
2024-10-07 14:57:07,225.383,225.383,225.383,225.383,10.0
2024-10-07 14:57:08,225.394,225.394,225.394,225.394,10.0
2024-10-07 14:57:09,225.383,225.383,225.373,225.373,30.000000000000004
2024-10-07 14:57:10,225.363,225.363,225.344,225.354,40.0
2024-10-07 14:57:11,225.364,225.364,225.364,225.364,30.000000000000004
2024-10-07 14:57:13,225.364,225.373,225.364,225.373,20.0
2024-10-07 14:57:14,225.384,225.384,225.384,225.384,10.0
2024-10-07 14:57:15,225.374,225.384,225.374,225.384,20.0
2024-10-07 14:57:16,225.374,225.384,225.374,225.384,40.0
2024-10-07 14:57:17,225.383,225.383,225.383,225.383,10.0
2024-10-07 14:57:18,225.393,225.393,225.393,225.393,10.0
2024-10-07 14:57:19,225.393,225.394,225.393,225.394,20.0
2024-10-07 14:57:22,225.393,225.393,225.393,225.393,10.0
2024-10-07 14:57:23,225.414,225.443,225.414,225.443,40.0
2024-10-07 14:57:24,225.444,225.444,225.443,225.443,20.0
2024-10-07 14:57:25,225.444,225.444,225.434,225.434,20.0
2024-10-07 14:57:26,225.433,225.433,225.413,225.413,20.0
2024-10-07 14:57:28,225.414,225.424,225.414,225.423,30.000000000000004
2024-10-07 14:57:33,225.393,225.414,225.393,225.414,20.0
2024-10-07 14:57:34,225.394,225.394,225.383,225.383,20.0
2024-10-07 14:57:35,225.384,225.384,225.384,225.384,10.0
2024-10-07 14:57:36,225.374,225.374,225.374,225.374,20.0
2024-10-07 14:57:38,225.384,225.384,225.384,225.384,10.0
2024-10-07 14:57:40,225.384,225.384,225.384,225.384,10.0
2024-10-07 14:57:42,225.384,225.384,225.384,225.384,10.0
2024-10-07 14:57:46,225.374,225.404,225.374,225.403,30.000000000000004
2024-10-07 14:57:47,225.394,225.394,225.374,225.374,20.0
2024-10-07 14:57:48,225.384,225.384,225.384,225.384,10.0
2024-10-07 14:57:53,225.374,225.374,225.374,225.374,10.0
2024-10-07 14:57:54,225.374,225.374,225.364,225.364,30.000000000000004
2024-10-07 14:57:55,225.364,225.364,225.363,225.363,20.0
2024-10-07 14:57:56,225.373,225.373,225.373,225.373,10.0
2024-10-07 14:57:58,225.393,225.393,225.384,225.384,20.0
2024-10-07 14:58:00,225.403,225.403,225.394,225.394,20.0
2024-10-07 14:58:01,225.394,225.433,225.394,225.413,50.0
2024-10-07 14:58:02,225.413,225.413,225.413,225.413,10.0
2024-10-07 14:58:03,225.413,225.413,225.413,225.413,10.0
2024-10-07 14:58:04,225.414,225.414,225.414,225.414,10.0
2024-10-07 14:58:05,225.403,225.403,225.403,225.403,10.0
2024-10-07 14:58:06,225.394,225.413,225.394,225.413,30.000000000000004
2024-10-07 14:58:07,225.403,225.403,225.403,225.403,10.0
2024-10-07 14:58:08,225.394,225.403,225.394,225.403,20.0
2024-10-07 14:58:10,225.414,225.414,225.414,225.414,20.0
2024-10-07 14:58:11,225.414,225.414,225.414,225.414,20.0
2024-10-07 14:58:13,225.404,225.413,225.404,225.413,30.000000000000004
2024-10-07 14:58:14,225.404,225.404,225.393,225.404,30.000000000000004
2024-10-07 14:58:15,225.413,225.413,225.413,225.413,10.0
2024-10-07 14:58:16,225.414,225.414,225.414,225.414,10.0
2024-10-07 14:58:21,225.424,225.434,225.424,225.433,50.0
2024-10-07 14:58:23,225.433,225.433,225.433,225.433,10.0
2024-10-07 14:58:26,225.414,225.424,225.414,225.424,30.000000000000004
2024-10-07 14:58:27,225.413,225.413,225.413,225.413,10.0
2024-10-07 14:58:28,225.423,225.423,225.423,225.423,10.0
2024-10-07 14:58:29,225.433,225.433,225.433,225.433,10.0
2024-10-07 14:58:31,225.424,225.424,225.424,225.424,10.0
2024-10-07 14:58:32,225.433,225.433,225.433,225.433,10.0
2024-10-07 14:58:35,225.424,225.424,225.424,225.424,10.0
2024-10-07 14:58:37,225.434,225.434,225.434,225.434,10.0
2024-10-07 14:58:38,225.453,225.493,225.453,225.493,30.000000000000004
2024-10-07 14:58:39,225.494,225.494,225.474,225.474,30.000000000000004
2024-10-07 14:58:40,225.473,225.474,225.473,225.474,40.0
2024-10-07 14:58:41,225.474,225.474,225.473,225.473,30.000000000000004
2024-10-07 14:58:43,225.473,225.484,225.473,225.484,20.0
2024-10-07 14:58:44,225.493,225.493,225.483,225.483,20.0
2024-10-07 14:58:45,225.474,225.484,225.474,225.483,30.000000000000004
2024-10-07 14:58:47,225.473,225.473,225.473,225.473,10.0
2024-10-07 14:58:48,225.474,225.474,225.454,225.454,40.0
2024-10-07 14:58:51,225.443,225.444,225.433,225.444,30.000000000000004
2024-10-07 14:58:52,225.434,225.444,225.434,225.444,20.0
2024-10-07 14:58:54,225.424,225.424,225.424,225.424,10.0
2024-10-07 14:58:56,225.414,225.414,225.414,225.414,10.0
2024-10-07 14:58:57,225.424,225.424,225.424,225.424,10.0
2024-10-07 14:59:01,225.424,225.424,225.423,225.423,20.0
2024-10-07 14:59:04,225.423,225.423,225.423,225.423,10.0
2024-10-07 14:59:08,225.413,225.424,225.413,225.424,20.0
2024-10-07 14:59:10,225.423,225.423,225.423,225.423,10.0
2024-10-07 14:59:11,225.444,225.444,225.444,225.444,10.0
2024-10-07 14:59:13,225.434,225.434,225.434,225.434,10.0
2024-10-07 14:59:14,225.443,225.443,225.443,225.443,10.0
2024-10-07 14:59:16,225.453,225.453,225.453,225.453,10.0
2024-10-07 14:59:17,225.453,225.463,225.443,225.453,40.0
2024-10-07 14:59:18,225.444,225.454,225.444,225.454,40.0
2024-10-07 14:59:19,225.444,225.454,225.444,225.444,30.000000000000004
2024-10-07 14:59:21,225.434,225.434,225.424,225.424,20.0
2024-10-07 14:59:22,225.403,225.404,225.394,225.404,30.000000000000004
2024-10-07 14:59:25,225.413,225.413,225.413,225.413,10.0
2024-10-07 14:59:27,225.413,225.413,225.404,225.413,30.000000000000004
2024-10-07 14:59:29,225.403,225.413,225.403,225.413,20.0
2024-10-07 14:59:30,225.403,225.403,225.403,225.403,10.0
2024-10-07 14:59:31,225.393,225.404,225.393,225.404,20.0
2024-10-07 14:59:33,225.403,225.403,225.403,225.403,20.0
2024-10-07 14:59:34,225.404,225.404,225.404,225.404,20.0
2024-10-07 14:59:37,225.423,225.423,225.423,225.423,10.0
2024-10-07 14:59:38,225.414,225.423,225.414,225.423,20.0
2024-10-07 14:59:39,225.414,225.414,225.414,225.414,10.0
2024-10-07 14:59:41,225.414,225.414,225.414,225.414,10.0
2024-10-07 14:59:42,225.413,225.413,225.413,225.413,20.0
2024-10-07 14:59:47,225.404,225.404,225.404,225.404,10.0
2024-10-07 14:59:48,225.384,225.384,225.384,225.384,10.0
2024-10-07 14:59:49,225.374,225.383,225.374,225.383,20.0
2024-10-07 14:59:50,225.394,225.394,225.384,225.394,30.000000000000004
2024-10-07 14:59:52,225.394,225.394,225.393,225.393,20.0
2024-10-07 14:59:53,225.394,225.394,225.393,225.394,30.000000000000004
2024-10-07 14:59:54,225.384,225.384,225.384,225.384,10.0
2024-10-07 14:59:55,225.364,225.364,225.363,225.363,20.0
2024-10-07 14:59:56,225.344,225.344,225.344,225.344,10.0
2024-10-07 14:59:57,225.364,225.364,225.333,225.333,30.000000000000004
2024-10-07 14:59:58,225.333,225.334,225.333,225.334,30.000000000000004
2024-10-07 14:59:59,225.323,225.323,225.323,225.323,10.0
2024-10-07 15:00:00,225.324,225.324,225.273,225.273,30.000000000000004
2024-10-07 15:00:01,225.274,225.274,225.274,225.274,30.000000000000004
2024-10-07 15:00:02,225.263,225.263,225.263,225.263,10.0
2024-10-07 15:00:03,225.263,225.263,225.254,225.254,30.000000000000004
2024-10-07 15:00:04,225.264,225.264,225.233,225.254,30.000000000000004
2024-10-07 15:00:05,225.244,225.244,225.203,225.203,50.0
2024-10-07 15:00:06,225.193,225.234,225.193,225.234,30.000000000000004
2024-10-07 15:00:07,225.223,225.223,225.203,225.203,20.0
2024-10-07 15:00:08,225.224,225.224,225.154,225.154,60.0
2024-10-07 15:00:09,225.163,225.174,225.163,225.174,20.0
2024-10-07 15:00:10,225.174,225.204,225.174,225.204,40.0
2024-10-07 15:00:11,225.214,225.224,225.204,225.204,40.0
2024-10-07 15:00:12,225.224,225.224,225.224,225.224,10.0
2024-10-07 15:00:15,225.203,225.203,225.194,225.194,40.0
2024-10-07 15:00:16,225.194,225.204,225.194,225.204,30.000000000000004
2024-10-07 15:00:17,225.204,225.223,225.204,225.223,20.0
2024-10-07 15:00:18,225.223,225.223,225.223,225.223,20.0
2024-10-07 15:00:19,225.203,225.203,225.203,225.203,10.0
2024-10-07 15:00:20,225.224,225.224,225.214,225.223,40.0
2024-10-07 15:00:21,225.204,225.204,225.204,225.204,10.0
2024-10-07 15:00:22,225.194,225.194,225.184,225.184,20.0
2024-10-07 15:00:23,225.184,225.184,225.163,225.174,30.000000000000004
2024-10-07 15:00:24,225.183,225.194,225.183,225.194,40.0
2024-10-07 15:00:26,225.183,225.184,225.164,225.164,50.0
2024-10-07 15:00:27,225.153,225.163,225.134,225.154,60.0
2024-10-07 15:00:28,225.164,225.193,225.153,225.173,60.0
2024-10-07 15:00:29,225.164,225.164,225.113,225.113,40.0
2024-10-07 15:00:30,225.093,225.134,225.093,225.134,60.0
2024-10-07 15:00:31,225.133,225.133,225.133,225.133,10.0
2024-10-07 15:00:32,225.123,225.143,225.123,225.143,20.0
2024-10-07 15:00:34,225.134,225.143,225.134,225.143,20.0
2024-10-07 15:00:35,225.133,225.143,225.133,225.133,30.000000000000004
2024-10-07 15:00:36,225.143,225.143,225.143,225.143,10.0
2024-10-07 15:00:37,225.143,225.163,225.143,225.163,20.0
2024-10-07 15:00:39,225.174,225.174,225.174,225.174,10.0
2024-10-07 15:00:40,225.174,225.194,225.174,225.194,50.0
2024-10-07 15:00:41,225.193,225.193,225.193,225.193,10.0
2024-10-07 15:00:42,225.184,225.184,225.164,225.174,30.000000000000004
2024-10-07 15:00:43,225.184,225.193,225.183,225.183,30.000000000000004
2024-10-07 15:00:44,225.193,225.193,225.193,225.193,10.0
2024-10-07 15:00:45,225.194,225.194,225.193,225.193,20.0
2024-10-07 15:00:48,225.193,225.193,225.193,225.193,10.0
2024-10-07 15:00:51,225.193,225.193,225.193,225.193,10.0
2024-10-07 15:00:52,225.194,225.194,225.194,225.194,10.0
2024-10-07 15:00:53,225.224,225.233,225.223,225.233,30.000000000000004
2024-10-07 15:00:54,225.234,225.234,225.213,225.224,40.0
2024-10-07 15:00:55,225.213,225.224,225.213,225.224,20.0
2024-10-07 15:00:56,225.223,225.223,225.223,225.223,10.0
2024-10-07 15:00:57,225.203,225.203,225.193,225.203,50.0
2024-10-07 15:00:58,225.204,225.204,225.204,225.204,10.0
2024-10-07 15:00:59,225.184,225.184,225.173,225.173,20.0
2024-10-07 15:01:00,225.174,225.183,225.174,225.174,30.000000000000004
2024-10-07 15:01:01,225.153,225.153,225.153,225.153,10.0
2024-10-07 15:01:02,225.133,225.134,225.133,225.134,20.0
2024-10-07 15:01:03,225.153,225.154,225.144,225.144,30.000000000000004
2024-10-07 15:01:04,225.154,225.164,225.154,225.164,30.000000000000004
2024-10-07 15:01:05,225.144,225.144,225.144,225.144,10.0
2024-10-07 15:01:06,225.144,225.144,225.133,225.133,20.0
2024-10-07 15:01:07,225.143,225.143,225.143,225.143,10.0
2024-10-07 15:01:08,225.153,225.153,225.153,225.153,10.0
2024-10-07 15:01:10,225.124,225.134,225.124,225.134,20.0
2024-10-07 15:01:11,225.113,225.113,225.113,225.113,10.0
2024-10-07 15:01:12,225.104,225.114,225.104,225.114,20.0
2024-10-07 15:01:13,225.114,225.114,225.063,225.063,30.000000000000004
2024-10-07 15:01:14,225.064,225.064,225.064,225.064,10.0
2024-10-07 15:01:15,225.074,225.074,225.033,225.043,60.0
2024-10-07 15:01:17,225.024,225.033,225.024,225.033,20.0
2024-10-07 15:01:18,225.033,225.033,225.033,225.033,10.0
2024-10-07 15:01:21,224.984,224.984,224.984,224.984,10.0
2024-10-07 15:01:22,224.994,224.994,224.994,224.994,10.0
2024-10-07 15:01:24,224.983,224.983,224.983,224.983,10.0
2024-10-07 15:01:28,224.973,224.973,224.973,224.973,20.0
2024-10-07 15:01:31,224.984,224.984,224.963,224.974,40.0
2024-10-07 15:01:33,224.973,224.973,224.973,224.973,10.0
2024-10-07 15:01:36,224.964,224.964,224.964,224.964,20.0
2024-10-07 15:01:38,224.943,224.953,224.943,224.953,40.0
2024-10-07 15:01:39,224.963,224.974,224.963,224.974,50.0
2024-10-07 15:01:42,224.974,224.974,224.974,224.974,10.0
2024-10-07 15:01:43,224.974,224.974,224.973,224.973,20.0
2024-10-07 15:01:44,224.974,224.974,224.974,224.974,10.0
2024-10-07 15:01:45,224.973,224.974,224.964,224.964,30.000000000000004
2024-10-07 15:01:46,224.944,224.944,224.933,224.943,30.000000000000004
2024-10-07 15:01:47,224.954,224.954,224.953,224.953,20.0
2024-10-07 15:01:48,224.953,224.953,224.953,224.953,10.0
2024-10-07 15:01:51,224.964,224.964,224.964,224.964,10.0
2024-10-07 15:01:52,224.974,224.974,224.963,224.963,20.0
2024-10-07 15:01:53,224.974,224.974,224.974,224.974,10.0
2024-10-07 15:01:55,224.973,224.994,224.973,224.994,30.000000000000004
2024-10-07 15:01:56,224.994,225.003,224.994,225.003,20.0
2024-10-07 15:01:57,225.023,225.034,225.023,225.034,20.0
2024-10-07 15:01:59,225.033,225.033,225.033,225.033,10.0
2024-10-07 15:02:00,225.023,225.023,225.023,225.023,10.0
2024-10-07 15:02:02,225.003,225.003,224.993,224.993,20.0
2024-10-07 15:02:03,224.984,224.984,224.964,224.964,20.0
2024-10-07 15:02:04,224.953,224.954,224.953,224.954,20.0
2024-10-07 15:02:05,224.954,224.954,224.954,224.954,10.0
2024-10-07 15:02:07,224.953,224.954,224.953,224.954,20.0
2024-10-07 15:02:10,224.964,224.964,224.954,224.954,20.0
2024-10-07 15:02:11,224.934,224.934,224.934,224.934,10.0
2024-10-07 15:02:12,224.944,224.964,224.944,224.964,30.000000000000004
2024-10-07 15:02:13,224.963,224.963,224.954,224.954,20.0
2024-10-07 15:02:14,224.944,224.944,224.913,224.923,80.0
2024-10-07 15:02:15,224.934,224.934,224.934,224.934,10.0
2024-10-07 15:02:17,224.924,224.924,224.923,224.923,20.0
2024-10-07 15:02:18,224.923,224.923,224.923,224.923,10.0
2024-10-07 15:02:19,224.924,224.924,224.883,224.883,20.0
2024-10-07 15:02:20,224.884,224.884,224.884,224.884,10.0
2024-10-07 15:02:21,224.884,224.884,224.884,224.884,10.0
2024-10-07 15:02:22,224.874,224.884,224.814,224.814,70.00000000000001
2024-10-07 15:02:23,224.784,224.824,224.784,224.824,60.0
2024-10-07 15:02:24,224.833,224.834,224.833,224.834,30.000000000000004
2024-10-07 15:02:25,224.843,224.853,224.843,224.853,30.000000000000004
2024-10-07 15:02:27,224.824,224.824,224.814,224.814,20.0
2024-10-07 15:02:28,224.813,224.854,224.813,224.854,30.000000000000004
2024-10-07 15:02:30,224.843,224.843,224.843,224.843,10.0
2024-10-07 15:02:32,224.833,224.833,224.814,224.814,30.000000000000004
2024-10-07 15:02:33,224.813,224.814,224.773,224.814,40.0
2024-10-07 15:02:34,224.803,224.803,224.793,224.793,20.0
2024-10-07 15:02:35,224.813,224.813,224.804,224.804,20.0
2024-10-07 15:02:36,224.794,224.794,224.753,224.753,40.0
2024-10-07 15:02:37,224.763,224.784,224.763,224.783,50.0
2024-10-07 15:02:38,224.803,224.814,224.793,224.804,50.0
2024-10-07 15:02:39,224.813,224.813,224.813,224.813,10.0
2024-10-07 15:02:40,224.824,224.824,224.823,224.823,20.0
2024-10-07 15:02:41,224.824,224.824,224.823,224.823,20.0
2024-10-07 15:02:42,224.823,224.824,224.823,224.824,30.000000000000004
2024-10-07 15:02:43,224.833,224.844,224.833,224.844,30.000000000000004
2024-10-07 15:02:45,224.853,224.853,224.853,224.853,10.0
2024-10-07 15:02:46,224.854,224.874,224.854,224.874,20.0
2024-10-07 15:02:50,224.873,224.873,224.873,224.873,10.0
2024-10-07 15:02:51,224.874,224.874,224.874,224.874,10.0
2024-10-07 15:02:52,224.874,224.874,224.874,224.874,20.0
2024-10-07 15:02:53,224.893,224.893,224.883,224.883,40.0
2024-10-07 15:02:54,224.883,224.893,224.883,224.893,20.0
2024-10-07 15:02:55,224.853,224.863,224.853,224.863,20.0
2024-10-07 15:02:56,224.873,224.873,224.873,224.873,10.0
2024-10-07 15:03:01,224.853,224.874,224.844,224.874,70.00000000000001
2024-10-07 15:03:02,224.844,224.844,224.844,224.844,10.0
2024-10-07 15:03:03,224.874,224.884,224.874,224.884,20.0
2024-10-07 15:03:04,224.873,224.883,224.873,224.883,20.0
2024-10-07 15:03:05,224.883,224.883,224.883,224.883,10.0
2024-10-07 15:03:07,224.884,224.884,224.884,224.884,10.0
2024-10-07 15:03:11,224.854,224.854,224.844,224.844,30.000000000000004
2024-10-07 15:03:12,224.834,224.854,224.834,224.854,40.0
2024-10-07 15:03:13,224.834,224.834,224.833,224.833,20.0
2024-10-07 15:03:14,224.833,224.843,224.833,224.843,20.0
2024-10-07 15:03:16,224.874,224.874,224.854,224.854,20.0
2024-10-07 15:03:17,224.863,224.863,224.834,224.834,30.000000000000004
2024-10-07 15:03:18,224.823,224.823,224.813,224.814,50.0
2024-10-07 15:03:21,224.804,224.804,224.794,224.794,20.0
2024-10-07 15:03:25,224.784,224.784,224.784,224.784,10.0
2024-10-07 15:03:26,224.804,224.804,224.804,224.804,10.0
2024-10-07 15:03:27,224.804,224.804,224.783,224.783,20.0
2024-10-07 15:03:30,224.773,224.773,224.773,224.773,10.0
2024-10-07 15:03:31,224.763,224.763,224.763,224.763,20.0
2024-10-07 15:03:32,224.754,224.774,224.754,224.774,70.00000000000001
2024-10-07 15:03:33,224.793,224.794,224.793,224.794,30.000000000000004
2024-10-07 15:03:34,224.794,224.844,224.794,224.844,40.0
2024-10-07 15:03:35,224.854,224.854,224.854,224.854,10.0
2024-10-07 15:03:36,224.834,224.834,224.834,224.834,10.0
2024-10-07 15:03:40,224.834,224.834,224.803,224.803,50.0
2024-10-07 15:03:41,224.823,224.823,224.823,224.823,10.0
2024-10-07 15:03:43,224.824,224.824,224.813,224.813,20.0
2024-10-07 15:03:44,224.833,224.853,224.833,224.853,30.000000000000004
2024-10-07 15:03:45,224.843,224.843,224.824,224.824,40.0
2024-10-07 15:03:46,224.834,224.834,224.824,224.824,30.000000000000004
2024-10-07 15:03:47,224.834,224.834,224.813,224.823,40.0
2024-10-07 15:03:48,224.844,224.844,224.823,224.833,50.0
2024-10-07 15:03:49,224.823,224.833,224.823,224.833,20.0
2024-10-07 15:03:50,224.824,224.824,224.823,224.823,20.0
2024-10-07 15:03:51,224.824,224.824,224.824,224.824,10.0
2024-10-07 15:03:54,224.813,224.813,224.753,224.754,80.0
2024-10-07 15:03:55,224.763,224.763,224.753,224.753,20.0
2024-10-07 15:03:56,224.743,224.743,224.703,224.714,40.0
2024-10-07 15:03:57,224.704,224.704,224.704,224.704,10.0
2024-10-07 15:03:59,224.694,224.694,224.693,224.693,20.0
2024-10-07 15:04:00,224.693,224.693,224.673,224.673,30.000000000000004
2024-10-07 15:04:01,224.674,224.674,224.663,224.663,20.0
2024-10-07 15:04:03,224.663,224.663,224.663,224.663,10.0
2024-10-07 15:04:04,224.664,224.673,224.663,224.673,40.0
2024-10-07 15:04:05,224.693,224.693,224.693,224.693,10.0
2024-10-07 15:04:06,224.683,224.694,224.683,224.694,20.0
2024-10-07 15:04:07,224.673,224.673,224.673,224.673,10.0
2024-10-07 15:04:08,224.664,224.664,224.664,224.664,10.0
2024-10-07 15:04:09,224.644,224.644,224.624,224.624,30.000000000000004
2024-10-07 15:04:10,224.634,224.634,224.633,224.633,30.000000000000004
2024-10-07 15:04:11,224.624,224.634,224.624,224.634,20.0
2024-10-07 15:04:12,224.623,224.623,224.623,224.623,10.0
2024-10-07 15:04:14,224.634,224.644,224.633,224.644,40.0
2024-10-07 15:04:15,224.634,224.643,224.634,224.643,20.0
2024-10-07 15:04:16,224.624,224.643,224.624,224.643,20.0
2024-10-07 15:04:17,224.624,224.624,224.624,224.624,10.0
2024-10-07 15:04:19,224.664,224.664,224.653,224.653,30.000000000000004
2024-10-07 15:04:20,224.663,224.663,224.643,224.643,20.0
2024-10-07 15:04:22,224.664,224.664,224.653,224.653,30.000000000000004
2024-10-07 15:04:23,224.663,224.663,224.653,224.653,20.0
2024-10-07 15:04:26,224.664,224.664,224.644,224.644,40.0
2024-10-07 15:04:27,224.664,224.664,224.654,224.654,20.0
2024-10-07 15:04:29,224.664,224.683,224.644,224.683,40.0
2024-10-07 15:04:30,224.684,224.693,224.683,224.693,30.000000000000004
2024-10-07 15:04:31,224.684,224.694,224.684,224.694,40.0
2024-10-07 15:04:32,224.683,224.694,224.683,224.694,20.0
2024-10-07 15:04:33,224.684,224.694,224.684,224.694,20.0
2024-10-07 15:04:37,224.714,224.714,224.714,224.714,10.0
2024-10-07 15:04:38,224.704,224.714,224.704,224.714,20.0
2024-10-07 15:04:39,224.703,224.713,224.703,224.713,20.0
2024-10-07 15:04:40,224.713,224.724,224.704,224.704,60.0
2024-10-07 15:04:41,224.713,224.723,224.703,224.723,40.0
2024-10-07 15:04:42,224.703,224.724,224.703,224.724,50.0
2024-10-07 15:04:43,224.723,224.734,224.723,224.734,20.0
2024-10-07 15:04:45,224.724,224.734,224.724,224.734,50.0
2024-10-07 15:04:47,224.734,224.734,224.713,224.714,30.000000000000004
2024-10-07 15:04:48,224.724,224.724,224.724,224.724,10.0
2024-10-07 15:04:50,224.704,224.724,224.704,224.724,20.0
2024-10-07 15:04:51,224.724,224.724,224.723,224.723,20.0
2024-10-07 15:04:52,224.724,224.724,224.723,224.723,40.0
2024-10-07 15:04:54,224.723,224.724,224.723,224.724,20.0
2024-10-07 15:04:55,224.734,224.743,224.734,224.743,20.0
2024-10-07 15:04:56,224.754,224.754,224.754,224.754,10.0
2024-10-07 15:04:57,224.744,224.744,224.744,224.744,10.0
2024-10-07 15:04:58,224.743,224.743,224.743,224.743,10.0
2024-10-07 15:04:59,224.764,224.764,224.764,224.764,10.0
2024-10-07 15:05:00,224.784,224.784,224.784,224.784,10.0
2024-10-07 15:05:01,224.783,224.783,224.783,224.783,10.0
2024-10-07 15:05:02,224.814,224.814,224.814,224.814,10.0
2024-10-07 15:05:06,224.834,224.834,224.833,224.833,20.0
2024-10-07 15:05:07,224.833,224.834,224.833,224.834,20.0
2024-10-07 15:05:08,224.834,224.834,224.834,224.834,10.0
2024-10-07 15:05:10,224.844,224.853,224.844,224.853,20.0
2024-10-07 15:05:11,224.853,224.853,224.853,224.853,10.0
2024-10-07 15:05:13,224.834,224.853,224.834,224.843,50.0
2024-10-07 15:05:15,224.843,224.843,224.843,224.843,10.0
2024-10-07 15:05:16,224.833,224.833,224.814,224.814,30.000000000000004
2024-10-07 15:05:17,224.774,224.774,224.763,224.763,30.000000000000004
2024-10-07 15:05:18,224.763,224.763,224.734,224.734,30.000000000000004
2024-10-07 15:05:20,224.733,224.733,224.733,224.733,10.0
2024-10-07 15:05:21,224.703,224.703,224.703,224.703,10.0
2024-10-07 15:05:22,224.673,224.694,224.673,224.694,20.0
2024-10-07 15:05:23,224.684,224.684,224.684,224.684,10.0
2024-10-07 15:05:24,224.684,224.684,224.684,224.684,10.0
2024-10-07 15:05:25,224.674,224.693,224.674,224.683,30.000000000000004
2024-10-07 15:05:26,224.703,224.714,224.684,224.714,40.0
2024-10-07 15:05:27,224.713,224.713,224.673,224.673,20.0
2024-10-07 15:05:29,224.703,224.703,224.673,224.673,20.0
2024-10-07 15:05:30,224.673,224.673,224.673,224.673,10.0
2024-10-07 15:05:31,224.714,224.714,224.714,224.714,10.0
2024-10-07 15:05:32,224.714,224.714,224.693,224.693,20.0
2024-10-07 15:05:33,224.723,224.734,224.723,224.734,30.000000000000004
2024-10-07 15:05:34,224.723,224.723,224.723,224.723,10.0
2024-10-07 15:05:35,224.713,224.713,224.703,224.703,30.000000000000004
2024-10-07 15:05:36,224.713,224.713,224.713,224.713,10.0
2024-10-07 15:05:37,224.723,224.764,224.723,224.764,20.0
2024-10-07 15:05:39,224.763,224.763,224.763,224.763,10.0
2024-10-07 15:05:41,224.763,224.763,224.763,224.763,10.0
2024-10-07 15:05:43,224.763,224.763,224.763,224.763,20.0
2024-10-07 15:05:44,224.753,224.753,224.734,224.734,20.0
2024-10-07 15:05:45,224.723,224.724,224.723,224.724,20.0
2024-10-07 15:05:46,224.713,224.713,224.713,224.713,10.0
2024-10-07 15:05:47,224.714,224.714,224.714,224.714,10.0
2024-10-07 15:05:49,224.713,224.723,224.713,224.714,30.000000000000004
2024-10-07 15:05:51,224.704,224.713,224.683,224.684,50.0
2024-10-07 15:05:55,224.664,224.703,224.664,224.703,40.0
2024-10-07 15:05:56,224.693,224.693,224.693,224.693,10.0
2024-10-07 15:05:57,224.693,224.703,224.693,224.703,30.000000000000004
2024-10-07 15:05:59,224.704,224.704,224.704,224.704,20.0
2024-10-07 15:06:02,224.694,224.694,224.694,224.694,10.0
2024-10-07 15:06:03,224.693,224.693,224.693,224.693,10.0
2024-10-07 15:06:04,224.703,224.703,224.684,224.684,30.000000000000004
2024-10-07 15:06:05,224.654,224.683,224.654,224.683,40.0
2024-10-07 15:06:11,224.684,224.684,224.684,224.684,20.0
2024-10-07 15:06:12,224.663,224.663,224.663,224.663,10.0
2024-10-07 15:06:13,224.654,224.654,224.644,224.644,20.0
2024-10-07 15:06:17,224.633,224.633,224.633,224.633,10.0
2024-10-07 15:06:19,224.624,224.673,224.624,224.673,30.000000000000004
2024-10-07 15:06:20,224.683,224.683,224.683,224.683,10.0
2024-10-07 15:06:21,224.694,224.694,224.694,224.694,10.0
2024-10-07 15:06:22,224.674,224.674,224.663,224.664,40.0
2024-10-07 15:06:23,224.683,224.683,224.683,224.683,10.0
2024-10-07 15:06:28,224.683,224.684,224.683,224.684,20.0
2024-10-07 15:06:29,224.674,224.674,224.674,224.674,10.0
2024-10-07 15:06:30,224.663,224.663,224.663,224.663,10.0
2024-10-07 15:06:31,224.654,224.654,224.654,224.654,10.0
2024-10-07 15:06:32,224.664,224.664,224.664,224.664,10.0
2024-10-07 15:06:35,224.664,224.664,224.664,224.664,10.0
2024-10-07 15:06:38,224.634,224.634,224.634,224.634,10.0
2024-10-07 15:06:39,224.623,224.623,224.623,224.623,10.0
2024-10-07 15:06:41,224.624,224.624,224.624,224.624,10.0
2024-10-07 15:06:42,224.574,224.574,224.574,224.574,10.0
2024-10-07 15:06:43,224.563,224.563,224.544,224.554,50.0
2024-10-07 15:06:44,224.553,224.554,224.543,224.543,50.0
2024-10-07 15:06:45,224.544,224.544,224.544,224.544,10.0
2024-10-07 15:06:46,224.553,224.574,224.553,224.574,40.0
2024-10-07 15:06:48,224.574,224.574,224.574,224.574,20.0
2024-10-07 15:06:51,224.573,224.594,224.573,224.594,50.0
2024-10-07 15:06:52,224.584,224.584,224.583,224.583,20.0
2024-10-07 15:06:53,224.623,224.623,224.623,224.623,10.0
2024-10-07 15:06:54,224.624,224.624,224.624,224.624,10.0
2024-10-07 15:06:55,224.613,224.614,224.613,224.614,30.000000000000004
2024-10-07 15:06:56,224.613,224.613,224.613,224.613,10.0
2024-10-07 15:06:57,224.623,224.623,224.603,224.603,20.0
2024-10-07 15:06:59,224.604,224.604,224.593,224.593,20.0
2024-10-07 15:07:00,224.593,224.594,224.593,224.593,30.000000000000004
2024-10-07 15:07:01,224.593,224.593,224.593,224.593,20.0
2024-10-07 15:07:02,224.583,224.604,224.583,224.604,30.000000000000004
2024-10-07 15:07:03,224.624,224.624,224.613,224.613,30.000000000000004
2024-10-07 15:07:04,224.593,224.593,224.583,224.583,20.0
2024-10-07 15:07:05,224.594,224.594,224.594,224.594,10.0
2024-10-07 15:07:06,224.593,224.593,224.593,224.593,10.0
2024-10-07 15:07:08,224.594,224.594,224.564,224.564,40.0
2024-10-07 15:07:09,224.564,224.584,224.554,224.584,60.0
2024-10-07 15:07:10,224.584,224.584,224.583,224.583,20.0
2024-10-07 15:07:12,224.574,224.574,224.574,224.574,10.0
2024-10-07 15:07:13,224.564,224.564,224.543,224.543,30.000000000000004
2024-10-07 15:07:14,224.554,224.554,224.554,224.554,10.0
2024-10-07 15:07:15,224.494,224.494,224.494,224.494,10.0
2024-10-07 15:07:16,224.503,224.554,224.503,224.554,40.0
2024-10-07 15:07:17,224.553,224.553,224.553,224.553,10.0
2024-10-07 15:07:18,224.554,224.554,224.553,224.553,20.0
2024-10-07 15:07:19,224.544,224.554,224.544,224.554,30.000000000000004
2024-10-07 15:07:20,224.554,224.554,224.553,224.553,30.000000000000004
2024-10-07 15:07:21,224.564,224.564,224.563,224.564,30.000000000000004
2024-10-07 15:07:26,224.583,224.594,224.583,224.594,40.0
2024-10-07 15:07:27,224.603,224.603,224.603,224.603,10.0
2024-10-07 15:07:28,224.604,224.623,224.604,224.623,50.0
2024-10-07 15:07:29,224.633,224.633,224.633,224.633,10.0
2024-10-07 15:07:30,224.634,224.634,224.603,224.614,70.00000000000001
2024-10-07 15:07:31,224.603,224.613,224.603,224.613,40.0
2024-10-07 15:07:32,224.604,224.604,224.604,224.604,10.0
2024-10-07 15:07:33,224.613,224.613,224.613,224.613,10.0
2024-10-07 15:07:34,224.614,224.614,224.614,224.614,10.0
2024-10-07 15:07:36,224.603,224.613,224.603,224.613,20.0
2024-10-07 15:07:39,224.614,224.614,224.614,224.614,10.0
2024-10-07 15:07:40,224.624,224.624,224.624,224.624,10.0
2024-10-07 15:07:41,224.624,224.634,224.624,224.633,40.0
2024-10-07 15:07:42,224.664,224.664,224.654,224.654,20.0
2024-10-07 15:07:43,224.654,224.654,224.644,224.644,20.0
2024-10-07 15:07:44,224.643,224.643,224.643,224.643,10.0
2024-10-07 15:07:45,224.653,224.664,224.653,224.664,20.0
2024-10-07 15:07:46,224.673,224.673,224.673,224.673,10.0
2024-10-07 15:07:47,224.684,224.684,224.684,224.684,10.0
2024-10-07 15:07:48,224.673,224.684,224.673,224.683,40.0
2024-10-07 15:07:49,224.673,224.684,224.664,224.684,60.0
2024-10-07 15:07:50,224.684,224.684,224.684,224.684,10.0
2024-10-07 15:07:51,224.684,224.684,224.684,224.684,10.0
2024-10-07 15:07:52,224.683,224.683,224.683,224.683,20.0
2024-10-07 15:07:54,224.674,224.683,224.674,224.683,20.0
2024-10-07 15:07:55,224.673,224.674,224.673,224.674,30.000000000000004
2024-10-07 15:07:56,224.683,224.683,224.674,224.674,30.000000000000004
2024-10-07 15:07:57,224.683,224.683,224.673,224.673,20.0
2024-10-07 15:07:59,224.644,224.653,224.644,224.653,20.0
2024-10-07 15:08:00,224.643,224.643,224.643,224.643,10.0
2024-10-07 15:08:01,224.644,224.644,224.644,224.644,20.0
2024-10-07 15:08:02,224.643,224.664,224.643,224.664,30.000000000000004
2024-10-07 15:08:03,224.664,224.674,224.664,224.674,30.000000000000004
2024-10-07 15:08:04,224.684,224.684,224.684,224.684,10.0
2024-10-07 15:08:05,224.683,224.683,224.683,224.683,10.0
2024-10-07 15:08:08,224.684,224.684,224.684,224.684,10.0
2024-10-07 15:08:10,224.683,224.683,224.683,224.683,10.0
2024-10-07 15:08:11,224.684,224.684,224.684,224.684,10.0
2024-10-07 15:08:13,224.673,224.673,224.673,224.673,10.0
2024-10-07 15:08:15,224.683,224.683,224.683,224.683,10.0
2024-10-07 15:08:18,224.684,224.684,224.684,224.684,10.0
2024-10-07 15:08:19,224.683,224.684,224.683,224.684,20.0
2024-10-07 15:08:20,224.663,224.663,224.663,224.663,10.0
2024-10-07 15:08:21,224.634,224.634,224.594,224.594,40.0
2024-10-07 15:08:22,224.583,224.583,224.583,224.583,10.0
2024-10-07 15:08:23,224.583,224.583,224.583,224.583,10.0
2024-10-07 15:08:24,224.573,224.573,224.573,224.573,10.0
2024-10-07 15:08:25,224.583,224.584,224.583,224.584,20.0
2024-10-07 15:08:26,224.584,224.584,224.584,224.584,10.0
2024-10-07 15:08:27,224.563,224.563,224.563,224.563,10.0
2024-10-07 15:08:28,224.583,224.624,224.583,224.623,50.0
2024-10-07 15:08:29,224.623,224.634,224.623,224.633,40.0
2024-10-07 15:08:31,224.633,224.633,224.633,224.633,10.0
2024-10-07 15:08:32,224.653,224.653,224.653,224.653,10.0
2024-10-07 15:08:33,224.663,224.663,224.654,224.654,20.0
2024-10-07 15:08:34,224.664,224.664,224.664,224.664,10.0
2024-10-07 15:08:36,224.664,224.664,224.664,224.664,10.0
2024-10-07 15:08:38,224.663,224.684,224.663,224.673,30.000000000000004
2024-10-07 15:08:39,224.684,224.684,224.683,224.684,30.000000000000004
2024-10-07 15:08:40,224.684,224.684,224.684,224.684,10.0
2024-10-07 15:08:41,224.683,224.683,224.683,224.683,10.0
2024-10-07 15:08:42,224.684,224.693,224.684,224.693,20.0
2024-10-07 15:08:43,224.723,224.723,224.713,224.713,40.0
2024-10-07 15:08:44,224.703,224.703,224.694,224.703,30.000000000000004
2024-10-07 15:08:45,224.693,224.693,224.683,224.683,20.0
2024-10-07 15:08:48,224.693,224.704,224.693,224.694,70.00000000000001
2024-10-07 15:08:49,224.703,224.703,224.703,224.703,10.0
2024-10-07 15:08:51,224.713,224.713,224.713,224.713,20.0
2024-10-07 15:08:52,224.724,224.724,224.724,224.724,10.0
2024-10-07 15:08:53,224.734,224.734,224.734,224.734,10.0
2024-10-07 15:08:54,224.733,224.733,224.733,224.733,10.0
2024-10-07 15:08:55,224.723,224.734,224.723,224.733,40.0
2024-10-07 15:08:56,224.723,224.734,224.723,224.734,20.0
2024-10-07 15:08:57,224.724,224.733,224.723,224.723,30.000000000000004
2024-10-07 15:08:58,224.733,224.733,224.733,224.733,10.0
2024-10-07 15:09:03,224.714,224.723,224.714,224.723,20.0
2024-10-07 15:09:04,224.714,224.714,224.714,224.714,10.0
2024-10-07 15:09:05,224.743,224.743,224.743,224.743,10.0
2024-10-07 15:09:06,224.753,224.753,224.743,224.743,20.0
2024-10-07 15:09:07,224.754,224.754,224.733,224.744,40.0
2024-10-07 15:09:08,224.754,224.754,224.754,224.754,10.0
2024-10-07 15:09:13,224.744,224.753,224.743,224.753,50.0
2024-10-07 15:09:14,224.744,224.744,224.723,224.723,20.0
2024-10-07 15:09:15,224.713,224.724,224.713,224.724,20.0
2024-10-07 15:09:17,224.653,224.664,224.653,224.664,50.0
2024-10-07 15:09:18,224.654,224.664,224.654,224.664,20.0
2024-10-07 15:09:19,224.654,224.654,224.624,224.633,40.0
2024-10-07 15:09:20,224.643,224.644,224.634,224.644,30.000000000000004
2024-10-07 15:09:21,224.633,224.633,224.633,224.633,10.0
2024-10-07 15:09:22,224.614,224.633,224.614,224.633,20.0
2024-10-07 15:09:23,224.624,224.624,224.604,224.614,40.0
2024-10-07 15:09:24,224.613,224.613,224.613,224.613,10.0
2024-10-07 15:09:28,224.594,224.594,224.594,224.594,10.0
2024-10-07 15:09:29,224.584,224.584,224.584,224.584,10.0
2024-10-07 15:09:31,224.574,224.583,224.574,224.583,20.0
2024-10-07 15:09:33,224.584,224.584,224.584,224.584,10.0
2024-10-07 15:09:34,224.583,224.583,224.583,224.583,20.0
2024-10-07 15:09:35,224.583,224.583,224.583,224.583,10.0
2024-10-07 15:09:37,224.583,224.584,224.573,224.584,30.000000000000004
2024-10-07 15:09:42,224.573,224.574,224.573,224.574,20.0
2024-10-07 15:09:43,224.583,224.583,224.583,224.583,10.0
2024-10-07 15:09:44,224.613,224.613,224.613,224.613,10.0
2024-10-07 15:09:47,224.614,224.624,224.614,224.624,40.0
2024-10-07 15:09:49,224.634,224.643,224.634,224.643,40.0
2024-10-07 15:09:50,224.654,224.654,224.654,224.654,10.0
2024-10-07 15:09:51,224.654,224.654,224.654,224.654,10.0
2024-10-07 15:09:55,224.684,224.694,224.683,224.684,50.0
2024-10-07 15:09:56,224.694,224.694,224.693,224.693,20.0
2024-10-07 15:09:58,224.684,224.703,224.684,224.703,40.0
2024-10-07 15:09:59,224.683,224.683,224.683,224.683,10.0
2024-10-07 15:10:00,224.693,224.703,224.693,224.703,20.0
2024-10-07 15:10:01,224.684,224.684,224.684,224.684,10.0
2024-10-07 15:10:02,224.674,224.684,224.663,224.674,60.0
2024-10-07 15:10:03,224.664,224.664,224.664,224.664,10.0
2024-10-07 15:10:05,224.654,224.654,224.624,224.633,40.0
2024-10-07 15:10:07,224.644,224.644,224.644,224.644,10.0
2024-10-07 15:10:08,224.643,224.643,224.643,224.643,10.0
2024-10-07 15:10:09,224.644,224.644,224.623,224.623,30.000000000000004
2024-10-07 15:10:10,224.633,224.633,224.633,224.633,10.0
2024-10-07 15:10:11,224.644,224.644,224.644,224.644,10.0
2024-10-07 15:10:14,224.634,224.634,224.623,224.623,20.0
2024-10-07 15:10:17,224.624,224.624,224.624,224.624,10.0
2024-10-07 15:10:22,224.644,224.644,224.634,224.634,20.0
2024-10-07 15:10:23,224.664,224.683,224.664,224.683,30.000000000000004
2024-10-07 15:10:24,224.684,224.684,224.684,224.684,10.0
2024-10-07 15:10:28,224.703,224.723,224.703,224.723,20.0
2024-10-07 15:10:32,224.733,224.733,224.733,224.733,10.0
2024-10-07 15:10:35,224.733,224.733,224.724,224.724,20.0
2024-10-07 15:10:37,224.713,224.713,224.713,224.713,10.0
2024-10-07 15:10:39,224.713,224.713,224.713,224.713,10.0
2024-10-07 15:10:41,224.733,224.734,224.733,224.734,20.0
2024-10-07 15:10:45,224.723,224.723,224.723,224.723,10.0
2024-10-07 15:10:46,224.703,224.703,224.694,224.694,20.0
2024-10-07 15:10:47,224.693,224.693,224.693,224.693,10.0
2024-10-07 15:10:48,224.683,224.693,224.664,224.664,40.0
2024-10-07 15:10:49,224.673,224.673,224.673,224.673,20.0
2024-10-07 15:10:50,224.683,224.683,224.683,224.683,10.0
2024-10-07 15:10:51,224.694,224.694,224.694,224.694,20.0
2024-10-07 15:10:53,224.694,224.694,224.694,224.694,10.0
2024-10-07 15:10:55,224.663,224.663,224.663,224.663,10.0
2024-10-07 15:10:56,224.674,224.684,224.673,224.683,50.0
2024-10-07 15:10:57,224.673,224.673,224.673,224.673,10.0
2024-10-07 15:10:58,224.683,224.683,224.673,224.673,20.0
2024-10-07 15:10:59,224.663,224.664,224.654,224.663,40.0
2024-10-07 15:11:00,224.654,224.654,224.654,224.654,10.0
2024-10-07 15:11:01,224.684,224.684,224.683,224.683,40.0
2024-10-07 15:11:02,224.714,224.714,224.714,224.714,10.0
2024-10-07 15:11:03,224.723,224.733,224.723,224.733,30.000000000000004
2024-10-07 15:11:04,224.734,224.763,224.734,224.754,40.0
2024-10-07 15:11:05,224.764,224.764,224.753,224.763,40.0
2024-10-07 15:11:06,224.763,224.763,224.743,224.754,40.0
2024-10-07 15:11:07,224.763,224.763,224.754,224.763,30.000000000000004
2024-10-07 15:11:08,224.764,224.764,224.764,224.764,10.0
2024-10-07 15:11:09,224.783,224.783,224.783,224.783,30.000000000000004
2024-10-07 15:11:10,224.783,224.784,224.764,224.764,40.0
2024-10-07 15:11:11,224.754,224.754,224.744,224.744,20.0
2024-10-07 15:11:12,224.764,224.774,224.763,224.774,50.0
2024-10-07 15:11:13,224.773,224.774,224.764,224.774,40.0
2024-10-07 15:11:14,224.764,224.764,224.754,224.763,30.000000000000004
2024-10-07 15:11:15,224.753,224.753,224.704,224.714,30.000000000000004
2024-10-07 15:11:16,224.694,224.704,224.673,224.673,40.0
2024-10-07 15:11:17,224.673,224.673,224.673,224.673,10.0
2024-10-07 15:11:18,224.713,224.724,224.713,224.723,30.000000000000004
2024-10-07 15:11:19,224.713,224.714,224.704,224.714,30.000000000000004
2024-10-07 15:11:21,224.734,224.734,224.734,224.734,10.0
2024-10-07 15:11:22,224.733,224.733,224.733,224.733,20.0
2024-10-07 15:11:24,224.743,224.743,224.743,224.743,10.0
2024-10-07 15:11:27,224.743,224.743,224.743,224.743,10.0
2024-10-07 15:11:29,224.734,224.734,224.734,224.734,10.0
2024-10-07 15:11:30,224.743,224.773,224.743,224.773,20.0
2024-10-07 15:11:31,224.793,224.793,224.774,224.774,20.0
2024-10-07 15:11:32,224.784,224.784,224.773,224.773,20.0
2024-10-07 15:11:34,224.764,224.764,224.764,224.764,10.0
2024-10-07 15:11:38,224.753,224.784,224.753,224.784,30.000000000000004
2024-10-07 15:11:40,224.794,224.804,224.794,224.804,30.000000000000004
2024-10-07 15:11:41,224.814,224.814,224.814,224.814,10.0
2024-10-07 15:11:42,224.834,224.834,224.834,224.834,20.0
2024-10-07 15:11:43,224.854,224.854,224.823,224.833,30.000000000000004
2024-10-07 15:11:44,224.834,224.834,224.834,224.834,10.0
2024-10-07 15:11:45,224.844,224.844,224.844,224.844,10.0
2024-10-07 15:11:47,224.863,224.864,224.863,224.864,20.0
2024-10-07 15:11:48,224.884,224.884,224.884,224.884,10.0
2024-10-07 15:11:49,224.893,224.893,224.874,224.874,20.0
2024-10-07 15:11:52,224.873,224.884,224.873,224.874,50.0
2024-10-07 15:11:53,224.874,224.874,224.874,224.874,10.0
2024-10-07 15:11:54,224.864,224.864,224.864,224.864,10.0
2024-10-07 15:11:55,224.854,224.854,224.854,224.854,10.0
2024-10-07 15:12:00,224.843,224.843,224.843,224.843,10.0
2024-10-07 15:12:01,224.844,224.844,224.844,224.844,10.0
2024-10-07 15:12:02,224.834,224.844,224.834,224.844,30.000000000000004
2024-10-07 15:12:03,224.834,224.834,224.834,224.834,10.0
2024-10-07 15:12:05,224.833,224.833,224.833,224.833,10.0
2024-10-07 15:12:08,224.824,224.824,224.824,224.824,10.0
2024-10-07 15:12:10,224.843,224.874,224.843,224.874,40.0
2024-10-07 15:12:11,224.873,224.873,224.873,224.873,30.000000000000004
2024-10-07 15:12:12,224.884,224.904,224.884,224.904,20.0
2024-10-07 15:12:13,224.903,224.903,224.903,224.903,10.0
2024-10-07 15:12:17,224.903,224.903,224.903,224.903,10.0
2024-10-07 15:12:18,224.903,224.914,224.903,224.914,20.0
2024-10-07 15:12:21,224.914,224.914,224.914,224.914,10.0
2024-10-07 15:12:24,224.934,224.934,224.934,224.934,10.0
2024-10-07 15:12:25,224.934,224.934,224.934,224.934,10.0
2024-10-07 15:12:27,224.934,224.934,224.934,224.934,30.000000000000004
2024-10-07 15:12:30,224.904,224.913,224.893,224.893,40.0
2024-10-07 15:12:31,224.884,224.884,224.883,224.883,20.0
2024-10-07 15:12:32,224.883,224.883,224.883,224.883,30.000000000000004
2024-10-07 15:12:33,224.903,224.903,224.884,224.884,40.0
2024-10-07 15:12:35,224.884,224.884,224.884,224.884,20.0
2024-10-07 15:12:36,224.883,224.883,224.883,224.883,20.0
2024-10-07 15:12:37,224.894,224.894,224.893,224.894,30.000000000000004
2024-10-07 15:12:38,224.873,224.873,224.873,224.873,10.0
2024-10-07 15:12:39,224.893,224.893,224.893,224.893,20.0
2024-10-07 15:12:40,224.883,224.883,224.874,224.883,30.000000000000004
2024-10-07 15:12:41,224.874,224.883,224.874,224.883,20.0
2024-10-07 15:12:42,224.884,224.893,224.884,224.893,20.0
2024-10-07 15:12:43,224.894,224.894,224.883,224.894,40.0
2024-10-07 15:12:46,224.904,224.913,224.904,224.913,30.000000000000004
2024-10-07 15:12:48,224.894,224.894,224.894,224.894,10.0
2024-10-07 15:12:52,224.904,224.904,224.893,224.893,30.000000000000004
2024-10-07 15:12:53,224.874,224.884,224.873,224.884,40.0
2024-10-07 15:12:54,224.874,224.874,224.874,224.874,10.0
2024-10-07 15:12:57,224.884,224.884,224.883,224.883,20.0
2024-10-07 15:12:58,224.903,224.903,224.903,224.903,10.0
2024-10-07 15:12:59,224.904,224.904,224.904,224.904,10.0
2024-10-07 15:13:00,224.894,224.903,224.894,224.894,30.000000000000004
2024-10-07 15:13:01,224.903,224.903,224.893,224.903,30.000000000000004
2024-10-07 15:13:02,224.893,224.903,224.893,224.903,20.0
2024-10-07 15:13:03,224.914,224.914,224.914,224.914,10.0
2024-10-07 15:13:06,224.934,224.934,224.934,224.934,10.0
2024-10-07 15:13:07,224.943,224.944,224.943,224.944,40.0
2024-10-07 15:13:08,224.934,224.934,224.923,224.933,30.000000000000004
2024-10-07 15:13:09,224.924,224.934,224.924,224.933,40.0
2024-10-07 15:13:10,224.934,224.934,224.934,224.934,10.0
2024-10-07 15:13:14,224.924,224.933,224.923,224.933,30.000000000000004
2024-10-07 15:13:17,224.964,224.964,224.964,224.964,10.0
2024-10-07 15:13:19,224.974,224.974,224.953,224.953,20.0
2024-10-07 15:13:20,224.943,224.954,224.943,224.954,20.0
2024-10-07 15:13:23,224.943,224.954,224.943,224.954,30.000000000000004
2024-10-07 15:13:24,224.943,224.953,224.943,224.953,20.0
2024-10-07 15:13:25,224.944,224.944,224.944,224.944,10.0
2024-10-07 15:13:28,224.944,224.944,224.944,224.944,10.0
2024-10-07 15:13:29,224.964,224.964,224.964,224.964,10.0
2024-10-07 15:13:30,224.994,224.994,224.993,224.993,20.0
2024-10-07 15:13:31,224.994,224.994,224.983,224.993,30.000000000000004
2024-10-07 15:13:35,225.004,225.004,225.003,225.003,20.0
2024-10-07 15:13:37,225.003,225.003,224.993,224.993,20.0
2024-10-07 15:13:38,224.984,224.984,224.984,224.984,10.0
2024-10-07 15:13:41,224.973,224.973,224.973,224.973,10.0
2024-10-07 15:13:42,224.964,224.964,224.953,224.953,40.0
2024-10-07 15:13:43,224.964,224.964,224.954,224.954,20.0
2024-10-07 15:13:45,224.963,224.963,224.963,224.963,10.0
2024-10-07 15:13:46,224.953,224.953,224.953,224.953,10.0
2024-10-07 15:13:47,224.954,224.963,224.954,224.963,20.0
2024-10-07 15:13:51,224.963,224.963,224.963,224.963,20.0
2024-10-07 15:13:52,224.964,224.964,224.964,224.964,10.0
2024-10-07 15:13:53,224.954,224.954,224.954,224.954,10.0
2024-10-07 15:13:56,224.953,224.953,224.953,224.953,10.0
2024-10-07 15:13:59,224.964,224.964,224.964,224.964,10.0
2024-10-07 15:14:00,224.943,224.943,224.943,224.943,10.0
2024-10-07 15:14:05,224.934,224.934,224.934,224.934,10.0
2024-10-07 15:14:08,224.944,224.944,224.944,224.944,20.0
2024-10-07 15:14:19,224.953,224.953,224.953,224.953,10.0
2024-10-07 15:14:21,224.954,224.954,224.953,224.954,30.000000000000004
2024-10-07 15:14:22,225.003,225.004,224.993,225.004,40.0
2024-10-07 15:14:23,224.994,224.994,224.994,224.994,10.0
2024-10-07 15:14:25,225.004,225.004,224.993,225.003,30.000000000000004
2024-10-07 15:14:27,225.003,225.004,225.003,225.004,20.0
2024-10-07 15:14:28,225.003,225.003,225.003,225.003,10.0
2024-10-07 15:14:29,225.004,225.004,224.993,225.003,30.000000000000004
2024-10-07 15:14:30,225.004,225.004,225.003,225.003,20.0
2024-10-07 15:14:31,225.014,225.014,224.984,224.984,40.0
2024-10-07 15:14:32,224.993,224.993,224.993,224.993,10.0
2024-10-07 15:14:33,224.983,225.003,224.983,225.003,30.000000000000004
2024-10-07 15:14:35,225.003,225.014,225.003,225.014,20.0
2024-10-07 15:14:37,225.014,225.014,225.014,225.014,10.0
2024-10-07 15:14:39,225.004,225.004,224.983,224.993,40.0
2024-10-07 15:14:40,224.993,224.993,224.993,224.993,10.0
2024-10-07 15:14:41,224.983,224.983,224.983,224.983,10.0
2024-10-07 15:14:42,224.974,224.974,224.963,224.963,30.000000000000004
2024-10-07 15:14:44,224.953,224.953,224.953,224.953,10.0
2024-10-07 15:14:45,224.954,224.954,224.954,224.954,10.0
2024-10-07 15:14:46,224.953,224.963,224.953,224.963,20.0
2024-10-07 15:14:47,224.963,224.964,224.963,224.964,20.0
2024-10-07 15:14:50,224.963,224.963,224.963,224.963,10.0
2024-10-07 15:14:51,224.924,224.924,224.924,224.924,10.0
2024-10-07 15:14:53,224.964,224.964,224.943,224.943,20.0
2024-10-07 15:14:54,224.933,224.933,224.933,224.933,10.0
2024-10-07 15:15:02,224.973,224.973,224.964,224.964,20.0
2024-10-07 15:15:03,224.954,224.954,224.954,224.954,10.0
2024-10-07 15:15:06,224.953,224.953,224.953,224.953,10.0
2024-10-07 15:15:08,224.984,224.984,224.964,224.964,20.0
2024-10-07 15:15:09,224.954,224.954,224.953,224.953,20.0
2024-10-07 15:15:11,224.963,224.963,224.963,224.963,10.0
2024-10-07 15:15:12,224.953,224.953,224.953,224.953,10.0
2024-10-07 15:15:14,224.984,224.984,224.973,224.973,30.000000000000004
2024-10-07 15:15:15,224.964,224.974,224.964,224.974,20.0
2024-10-07 15:15:16,224.963,224.974,224.963,224.974,20.0
2024-10-07 15:15:17,224.893,224.904,224.893,224.904,30.000000000000004
2024-10-07 15:15:18,224.883,224.893,224.883,224.893,20.0
2024-10-07 15:15:19,224.893,224.903,224.893,224.903,20.0
2024-10-07 15:15:20,224.894,224.903,224.894,224.894,30.000000000000004
2024-10-07 15:15:21,224.904,224.904,224.884,224.904,30.000000000000004
2024-10-07 15:15:23,224.893,224.893,224.893,224.893,10.0
2024-10-07 15:15:25,224.904,224.904,224.854,224.854,20.0
2024-10-07 15:15:26,224.843,224.843,224.843,224.843,20.0
2024-10-07 15:15:27,224.853,224.864,224.853,224.863,60.0
2024-10-07 15:15:28,224.864,224.864,224.864,224.864,10.0
2024-10-07 15:15:31,224.843,224.843,224.843,224.843,10.0
2024-10-07 15:15:32,224.873,224.883,224.873,224.883,20.0
2024-10-07 15:15:33,224.884,224.884,224.884,224.884,10.0
2024-10-07 15:15:34,224.883,224.883,224.883,224.883,10.0
2024-10-07 15:15:35,224.884,224.884,224.883,224.884,40.0
2024-10-07 15:15:36,224.884,224.884,224.884,224.884,10.0
2024-10-07 15:15:37,224.854,224.884,224.854,224.884,20.0
2024-10-07 15:15:39,224.863,224.883,224.863,224.883,30.000000000000004
2024-10-07 15:15:40,224.873,224.884,224.853,224.853,40.0
2024-10-07 15:15:41,224.883,224.883,224.883,224.883,20.0
2024-10-07 15:15:43,224.874,224.884,224.874,224.884,20.0
2024-10-07 15:15:45,224.884,224.884,224.864,224.864,20.0
2024-10-07 15:15:46,224.873,224.883,224.873,224.883,40.0
2024-10-07 15:15:48,224.893,224.903,224.893,224.903,30.000000000000004
2024-10-07 15:15:49,224.894,224.904,224.894,224.904,20.0
2024-10-07 15:15:50,224.893,224.903,224.893,224.903,20.0
2024-10-07 15:15:52,224.903,224.913,224.903,224.913,20.0
2024-10-07 15:15:53,224.924,224.924,224.924,224.924,10.0
2024-10-07 15:15:55,224.923,224.923,224.923,224.923,10.0
2024-10-07 15:15:56,224.913,224.924,224.913,224.924,20.0
2024-10-07 15:15:57,224.934,224.934,224.934,224.934,20.0
2024-10-07 15:15:58,224.944,224.944,224.934,224.943,30.000000000000004
2024-10-07 15:15:59,224.934,224.943,224.934,224.943,20.0
2024-10-07 15:16:02,224.934,224.934,224.894,224.894,90.0
2024-10-07 15:16:03,224.903,224.903,224.893,224.903,50.0
2024-10-07 15:16:04,224.893,224.904,224.893,224.894,30.000000000000004
2024-10-07 15:16:05,224.884,224.884,224.884,224.884,10.0
2024-10-07 15:16:06,224.873,224.873,224.873,224.873,10.0
2024-10-07 15:16:07,224.863,224.874,224.863,224.874,20.0
2024-10-07 15:16:10,224.883,224.884,224.873,224.884,30.000000000000004
2024-10-07 15:16:11,224.873,224.883,224.873,224.883,40.0
2024-10-07 15:16:12,224.893,224.903,224.893,224.903,30.000000000000004
2024-10-07 15:16:13,224.903,224.903,224.903,224.903,20.0
2024-10-07 15:16:14,224.904,224.904,224.904,224.904,10.0
2024-10-07 15:16:15,224.924,224.924,224.923,224.923,20.0
2024-10-07 15:16:16,224.933,224.933,224.933,224.933,10.0
2024-10-07 15:16:18,224.923,224.923,224.923,224.923,10.0
2024-10-07 15:16:19,224.934,224.934,224.914,224.934,30.000000000000004
2024-10-07 15:16:20,224.904,224.924,224.903,224.924,40.0
2024-10-07 15:16:21,224.923,224.923,224.923,224.923,10.0
2024-10-07 15:16:22,224.923,224.923,224.923,224.923,10.0
2024-10-07 15:16:25,224.904,224.904,224.903,224.903,20.0
2024-10-07 15:16:26,224.893,224.893,224.893,224.893,20.0
2024-10-07 15:16:27,224.893,224.903,224.893,224.903,20.0
2024-10-07 15:16:28,224.914,224.914,224.904,224.904,20.0
2024-10-07 15:16:29,224.913,224.913,224.894,224.894,20.0
2024-10-07 15:16:30,224.914,224.914,224.904,224.904,20.0
2024-10-07 15:16:32,224.914,224.914,224.913,224.913,20.0
2024-10-07 15:16:33,224.904,224.904,224.894,224.894,20.0
2024-10-07 15:16:36,224.903,224.903,224.903,224.903,20.0
2024-10-07 15:16:38,224.894,224.904,224.894,224.904,20.0
2024-10-07 15:16:42,224.903,224.903,224.903,224.903,10.0
2024-10-07 15:16:43,224.904,224.904,224.904,224.904,10.0
2024-10-07 15:16:45,224.934,224.934,224.913,224.934,50.0
2024-10-07 15:16:46,224.924,224.933,224.924,224.933,20.0
2024-10-07 15:16:47,224.923,224.923,224.923,224.923,10.0
2024-10-07 15:16:48,224.934,224.934,224.934,224.934,10.0
2024-10-07 15:16:52,224.923,224.923,224.923,224.923,10.0
2024-10-07 15:16:53,224.934,224.934,224.933,224.933,20.0
2024-10-07 15:16:54,224.943,224.943,224.943,224.943,10.0
2024-10-07 15:16:55,224.933,224.934,224.933,224.934,20.0
2024-10-07 15:16:56,224.923,224.934,224.923,224.934,30.000000000000004
2024-10-07 15:16:57,224.913,224.913,224.913,224.913,20.0
2024-10-07 15:16:58,224.924,224.924,224.924,224.924,10.0
2024-10-07 15:17:00,224.903,224.903,224.894,224.894,20.0
2024-10-07 15:17:02,224.904,224.904,224.904,224.904,10.0
2024-10-07 15:17:04,224.903,224.904,224.903,224.904,20.0
2024-10-07 15:17:05,224.914,224.923,224.914,224.923,20.0
2024-10-07 15:17:06,224.923,224.923,224.923,224.923,10.0
2024-10-07 15:17:08,224.914,224.924,224.914,224.924,20.0
2024-10-07 15:17:11,224.923,224.923,224.923,224.923,10.0
2024-10-07 15:17:12,224.934,224.934,224.913,224.913,30.000000000000004
2024-10-07 15:17:17,224.883,224.883,224.883,224.883,20.0
2024-10-07 15:17:18,224.894,224.903,224.894,224.903,30.000000000000004
2024-10-07 15:17:19,224.914,224.914,224.913,224.914,30.000000000000004
2024-10-07 15:17:21,224.914,224.914,224.913,224.913,20.0
2024-10-07 15:17:26,224.893,224.893,224.893,224.893,10.0
2024-10-07 15:17:28,224.904,224.904,224.894,224.894,20.0
2024-10-07 15:17:30,224.914,224.914,224.913,224.913,20.0
2024-10-07 15:17:32,224.923,224.923,224.923,224.923,10.0
2024-10-07 15:17:33,224.923,224.934,224.923,224.934,50.0
2024-10-07 15:17:41,224.923,224.933,224.923,224.933,20.0
2024-10-07 15:17:42,224.934,224.944,224.934,224.944,40.0
2024-10-07 15:17:43,224.953,224.953,224.953,224.953,10.0
2024-10-07 15:17:44,224.953,224.953,224.953,224.953,10.0
2024-10-07 15:17:45,224.954,224.954,224.954,224.954,10.0
2024-10-07 15:17:49,224.934,224.934,224.923,224.923,40.0
2024-10-07 15:17:53,224.894,224.894,224.894,224.894,10.0
2024-10-07 15:17:54,224.883,224.883,224.883,224.883,10.0
2024-10-07 15:17:55,224.894,224.894,224.894,224.894,10.0
2024-10-07 15:17:56,224.894,224.894,224.894,224.894,10.0
2024-10-07 15:17:57,224.903,224.904,224.903,224.904,20.0
2024-10-07 15:17:58,224.904,224.913,224.904,224.913,20.0
2024-10-07 15:18:00,224.914,224.933,224.914,224.933,20.0
2024-10-07 15:18:02,224.944,224.954,224.944,224.954,20.0
2024-10-07 15:18:03,224.954,224.954,224.954,224.954,10.0
2024-10-07 15:18:05,224.983,224.983,224.983,224.983,10.0
2024-10-07 15:18:06,224.964,224.964,224.963,224.963,20.0
2024-10-07 15:18:07,224.963,224.963,224.963,224.963,10.0
2024-10-07 15:18:08,224.963,224.974,224.963,224.974,20.0
2024-10-07 15:18:09,224.984,224.984,224.983,224.983,20.0
2024-10-07 15:18:14,224.993,224.994,224.993,224.994,20.0
2024-10-07 15:18:15,224.994,224.994,224.983,224.983,20.0
2024-10-07 15:18:16,224.994,224.994,224.983,224.983,30.000000000000004
2024-10-07 15:18:17,224.994,225.003,224.984,224.984,30.000000000000004
2024-10-07 15:18:19,224.994,225.003,224.994,225.003,30.000000000000004
2024-10-07 15:18:20,224.994,225.003,224.994,225.003,20.0
2024-10-07 15:18:21,224.993,224.993,224.993,224.993,10.0
2024-10-07 15:18:22,225.004,225.004,224.993,224.993,20.0
2024-10-07 15:18:23,224.993,224.993,224.993,224.993,10.0
2024-10-07 15:18:24,224.993,225.004,224.993,225.004,20.0
2024-10-07 15:18:26,225.004,225.004,225.004,225.004,10.0
2024-10-07 15:18:27,225.004,225.004,225.004,225.004,10.0
2024-10-07 15:18:28,225.003,225.003,225.003,225.003,10.0
2024-10-07 15:18:29,225.004,225.004,225.004,225.004,10.0
2024-10-07 15:18:32,225.004,225.004,225.004,225.004,10.0
2024-10-07 15:18:37,225.013,225.033,225.013,225.033,20.0
2024-10-07 15:18:38,225.044,225.064,225.044,225.064,40.0
2024-10-07 15:18:39,225.043,225.043,225.043,225.043,10.0
2024-10-07 15:18:42,225.033,225.033,225.033,225.033,10.0
2024-10-07 15:18:43,225.043,225.043,225.043,225.043,10.0
2024-10-07 15:18:44,225.053,225.053,225.044,225.053,30.000000000000004
2024-10-07 15:18:45,225.043,225.054,225.043,225.054,40.0
2024-10-07 15:18:46,225.043,225.063,225.043,225.063,50.0
2024-10-07 15:18:47,225.053,225.064,225.053,225.064,40.0
2024-10-07 15:18:50,225.074,225.074,225.073,225.073,20.0
2024-10-07 15:18:51,225.084,225.084,225.084,225.084,10.0
2024-10-07 15:18:52,225.073,225.093,225.073,225.093,80.0
2024-10-07 15:18:53,225.123,225.123,225.103,225.103,20.0
2024-10-07 15:18:54,225.103,225.124,225.103,225.104,30.000000000000004
2024-10-07 15:18:55,225.094,225.094,225.093,225.093,30.000000000000004
2024-10-07 15:18:56,225.093,225.093,225.093,225.093,10.0
2024-10-07 15:18:57,225.084,225.114,225.084,225.114,40.0
2024-10-07 15:18:58,225.114,225.133,225.114,225.133,30.000000000000004
2024-10-07 15:19:00,225.123,225.123,225.123,225.123,10.0
2024-10-07 15:19:01,225.134,225.134,225.124,225.124,20.0
2024-10-07 15:19:02,225.114,225.124,225.114,225.124,20.0
2024-10-07 15:19:03,225.113,225.113,225.113,225.113,10.0
2024-10-07 15:19:05,225.134,225.134,225.134,225.134,30.000000000000004
2024-10-07 15:19:06,225.144,225.144,225.133,225.133,20.0
2024-10-07 15:19:07,225.134,225.143,225.134,225.134,40.0
2024-10-07 15:19:09,225.113,225.113,225.113,225.113,10.0
2024-10-07 15:19:10,225.114,225.123,225.114,225.123,30.000000000000004
2024-10-07 15:19:11,225.133,225.133,225.133,225.133,10.0
2024-10-07 15:19:12,225.123,225.123,225.123,225.123,10.0
2024-10-07 15:19:13,225.124,225.124,225.124,225.124,10.0
2024-10-07 15:19:14,225.123,225.124,225.123,225.124,20.0
2024-10-07 15:19:15,225.123,225.134,225.123,225.134,20.0
2024-10-07 15:19:16,225.123,225.134,225.123,225.124,30.000000000000004
2024-10-07 15:19:17,225.134,225.134,225.134,225.134,10.0
2024-10-07 15:19:20,225.113,225.113,225.113,225.113,10.0
2024-10-07 15:19:21,225.123,225.123,225.123,225.123,10.0
2024-10-07 15:19:23,225.114,225.114,225.114,225.114,10.0
2024-10-07 15:19:24,225.114,225.114,225.114,225.114,10.0
2024-10-07 15:19:25,225.124,225.124,225.104,225.104,30.000000000000004
2024-10-07 15:19:26,225.114,225.114,225.114,225.114,10.0
2024-10-07 15:19:28,225.093,225.093,225.093,225.093,10.0
2024-10-07 15:19:29,225.064,225.064,225.043,225.053,60.0
2024-10-07 15:19:30,225.033,225.054,225.033,225.054,40.0
2024-10-07 15:19:31,225.064,225.064,225.064,225.064,10.0
2024-10-07 15:19:32,225.063,225.063,225.063,225.063,10.0
2024-10-07 15:19:33,225.054,225.054,225.053,225.053,20.0
2024-10-07 15:19:34,225.064,225.064,225.063,225.064,40.0
2024-10-07 15:19:36,225.063,225.063,225.063,225.063,10.0
2024-10-07 15:19:37,225.064,225.064,225.064,225.064,10.0
2024-10-07 15:19:38,225.063,225.063,225.043,225.043,20.0
2024-10-07 15:19:40,225.033,225.033,225.033,225.033,10.0
2024-10-07 15:19:41,225.043,225.043,225.043,225.043,20.0
2024-10-07 15:19:43,225.053,225.063,225.053,225.063,20.0
2024-10-07 15:19:44,225.063,225.084,225.063,225.084,30.000000000000004
2024-10-07 15:19:45,225.094,225.094,225.094,225.094,20.0
2024-10-07 15:19:46,225.093,225.093,225.093,225.093,10.0
2024-10-07 15:19:47,225.104,225.104,225.104,225.104,10.0
2024-10-07 15:19:48,225.103,225.103,225.103,225.103,10.0
2024-10-07 15:19:50,225.113,225.113,225.103,225.103,20.0
2024-10-07 15:19:51,225.104,225.104,225.104,225.104,10.0
2024-10-07 15:19:54,225.113,225.113,225.113,225.113,10.0
2024-10-07 15:19:55,225.114,225.114,225.114,225.114,10.0
2024-10-07 15:19:56,225.123,225.123,225.113,225.113,20.0
2024-10-07 15:19:57,225.094,225.103,225.094,225.103,20.0
2024-10-07 15:19:58,225.093,225.093,225.093,225.093,10.0
2024-10-07 15:19:59,225.083,225.083,225.073,225.074,30.000000000000004
2024-10-07 15:20:00,225.073,225.073,225.073,225.073,10.0
2024-10-07 15:20:01,225.084,225.084,225.084,225.084,10.0
2024-10-07 15:20:03,225.084,225.084,225.084,225.084,10.0
2024-10-07 15:20:04,225.063,225.083,225.063,225.083,20.0
2024-10-07 15:20:05,225.104,225.104,225.104,225.104,10.0
2024-10-07 15:20:12,225.114,225.114,225.114,225.114,10.0
2024-10-07 15:20:14,225.114,225.114,225.103,225.103,20.0
2024-10-07 15:20:15,225.093,225.093,225.093,225.093,10.0
2024-10-07 15:20:16,225.103,225.103,225.103,225.103,10.0
2024-10-07 15:20:21,225.073,225.073,225.073,225.073,10.0
2024-10-07 15:20:22,225.073,225.073,225.073,225.073,10.0
2024-10-07 15:20:23,225.043,225.043,225.043,225.043,10.0
2024-10-07 15:20:24,225.043,225.053,225.043,225.053,20.0
2024-10-07 15:20:28,225.073,225.073,225.073,225.073,20.0
2024-10-07 15:20:30,225.073,225.073,225.073,225.073,10.0
2024-10-07 15:20:31,225.073,225.074,225.053,225.074,30.000000000000004
2024-10-07 15:20:32,225.074,225.074,225.074,225.074,10.0
2024-10-07 15:20:34,225.054,225.054,225.054,225.054,10.0
2024-10-07 15:20:35,225.053,225.053,225.053,225.053,10.0
2024-10-07 15:20:37,225.064,225.064,225.064,225.064,10.0
2024-10-07 15:20:38,225.064,225.064,225.064,225.064,10.0
2024-10-07 15:20:40,225.074,225.074,225.074,225.074,10.0
2024-10-07 15:20:41,225.054,225.073,225.054,225.073,20.0
2024-10-07 15:20:44,225.094,225.094,225.093,225.093,20.0
2024-10-07 15:20:45,225.093,225.093,225.093,225.093,10.0
2024-10-07 15:20:50,225.104,225.104,225.104,225.104,10.0
2024-10-07 15:20:52,225.093,225.103,225.093,225.103,20.0
2024-10-07 15:20:55,225.103,225.103,225.103,225.103,10.0
2024-10-07 15:20:57,225.093,225.093,225.093,225.093,10.0
2024-10-07 15:20:58,225.063,225.063,225.063,225.063,10.0
2024-10-07 15:21:02,225.043,225.043,225.043,225.043,10.0
2024-10-07 15:21:03,225.033,225.033,225.024,225.024,20.0
2024-10-07 15:21:04,225.013,225.013,224.994,225.004,50.0
2024-10-07 15:21:05,225.014,225.024,225.014,225.024,20.0
2024-10-07 15:21:06,225.024,225.034,225.023,225.023,50.0
2024-10-07 15:21:07,225.004,225.004,225.003,225.003,30.000000000000004
2024-10-07 15:21:09,225.024,225.034,225.024,225.034,20.0
2024-10-07 15:21:13,225.044,225.054,225.044,225.054,20.0
2024-10-07 15:21:14,225.054,225.063,225.054,225.063,20.0
2024-10-07 15:21:15,225.053,225.053,225.053,225.053,10.0
2024-10-07 15:21:17,225.043,225.043,225.034,225.034,20.0
2024-10-07 15:21:18,225.043,225.043,225.023,225.033,70.00000000000001
2024-10-07 15:21:19,225.033,225.033,225.033,225.033,10.0
2024-10-07 15:21:20,225.034,225.034,225.034,225.034,10.0
2024-10-07 15:21:21,225.043,225.043,225.043,225.043,20.0
2024-10-07 15:21:27,225.033,225.033,225.024,225.033,30.000000000000004
2024-10-07 15:21:28,225.043,225.044,225.043,225.044,20.0
2024-10-07 15:21:29,225.054,225.054,225.054,225.054,10.0
2024-10-07 15:21:30,225.053,225.053,225.024,225.033,40.0
2024-10-07 15:21:36,225.024,225.024,225.024,225.024,10.0
2024-10-07 15:21:39,225.044,225.044,225.044,225.044,20.0
2024-10-07 15:21:40,225.043,225.043,225.043,225.043,10.0
2024-10-07 15:21:41,225.033,225.033,225.033,225.033,10.0
2024-10-07 15:21:43,225.023,225.023,225.014,225.014,30.000000000000004
2024-10-07 15:21:44,225.023,225.023,225.023,225.023,10.0
2024-10-07 15:21:47,225.013,225.013,225.013,225.013,10.0
2024-10-07 15:21:48,225.014,225.014,225.013,225.013,20.0
2024-10-07 15:21:50,225.013,225.013,225.013,225.013,10.0
2024-10-07 15:21:51,224.993,224.993,224.993,224.993,20.0
2024-10-07 15:21:52,225.014,225.014,225.014,225.014,10.0
2024-10-07 15:21:53,225.003,225.013,224.994,224.994,30.000000000000004
2024-10-07 15:21:54,224.993,224.993,224.964,224.964,40.0
2024-10-07 15:21:55,224.953,224.963,224.953,224.963,20.0
2024-10-07 15:21:56,224.994,224.994,224.994,224.994,10.0
2024-10-07 15:21:58,224.993,224.993,224.993,224.993,10.0
2024-10-07 15:22:00,224.993,224.993,224.993,224.993,20.0
2024-10-07 15:22:01,225.004,225.004,225.004,225.004,10.0
2024-10-07 15:22:02,225.004,225.024,225.004,225.014,40.0
2024-10-07 15:22:03,225.024,225.024,225.024,225.024,10.0
2024-10-07 15:22:05,225.024,225.024,225.024,225.024,10.0
2024-10-07 15:22:06,225.033,225.044,225.033,225.044,20.0
2024-10-07 15:22:08,225.043,225.043,225.043,225.043,10.0
2024-10-07 15:22:11,225.053,225.053,225.053,225.053,10.0
2024-10-07 15:22:15,225.064,225.064,225.064,225.064,10.0
2024-10-07 15:22:16,225.064,225.073,225.064,225.073,20.0
2024-10-07 15:22:18,225.074,225.074,225.074,225.074,10.0
2024-10-07 15:22:23,225.094,225.094,225.073,225.073,20.0
2024-10-07 15:22:24,225.083,225.083,225.083,225.083,10.0
2024-10-07 15:22:27,225.074,225.083,225.074,225.083,30.000000000000004
2024-10-07 15:22:28,225.093,225.093,225.084,225.084,50.0
2024-10-07 15:22:29,225.093,225.093,225.093,225.093,10.0
2024-10-07 15:22:31,225.083,225.083,225.083,225.083,10.0
2024-10-07 15:22:32,225.074,225.093,225.074,225.093,20.0
2024-10-07 15:22:37,225.083,225.094,225.083,225.094,20.0
2024-10-07 15:22:38,225.084,225.094,225.083,225.083,30.000000000000004
2024-10-07 15:22:41,225.083,225.093,225.083,225.093,20.0
2024-10-07 15:22:42,225.083,225.083,225.083,225.083,10.0
2024-10-07 15:22:49,225.104,225.104,225.104,225.104,10.0
2024-10-07 15:22:50,225.113,225.113,225.113,225.113,10.0
2024-10-07 15:22:51,225.114,225.114,225.103,225.103,20.0
2024-10-07 15:22:52,225.113,225.113,225.113,225.113,10.0
2024-10-07 15:22:53,225.104,225.113,225.104,225.113,20.0
2024-10-07 15:22:57,225.104,225.104,225.104,225.104,20.0
2024-10-07 15:22:59,225.104,225.104,225.104,225.104,10.0
2024-10-07 15:23:00,225.123,225.123,225.123,225.123,10.0
2024-10-07 15:23:01,225.113,225.113,225.113,225.113,10.0
2024-10-07 15:23:02,225.124,225.124,225.113,225.114,30.000000000000004
2024-10-07 15:23:03,225.103,225.113,225.103,225.113,20.0
2024-10-07 15:23:04,225.124,225.134,225.124,225.134,20.0
2024-10-07 15:23:05,225.144,225.144,225.144,225.144,10.0
2024-10-07 15:23:08,225.143,225.143,225.134,225.134,20.0
2024-10-07 15:23:09,225.123,225.123,225.123,225.123,10.0
2024-10-07 15:23:10,225.094,225.094,225.094,225.094,10.0
2024-10-07 15:23:11,225.084,225.104,225.084,225.104,30.000000000000004
2024-10-07 15:23:14,225.083,225.083,225.064,225.064,40.0
2024-10-07 15:23:15,225.063,225.074,225.063,225.063,30.000000000000004
2024-10-07 15:23:16,225.074,225.084,225.073,225.084,40.0
2024-10-07 15:23:17,225.073,225.073,225.073,225.073,10.0
2024-10-07 15:23:18,225.083,225.084,225.083,225.084,30.000000000000004
2024-10-07 15:23:19,225.073,225.083,225.073,225.083,30.000000000000004
2024-10-07 15:23:20,225.084,225.084,225.083,225.083,20.0
2024-10-07 15:23:21,225.073,225.073,225.073,225.073,10.0
2024-10-07 15:23:25,225.074,225.074,225.074,225.074,10.0
2024-10-07 15:23:29,225.083,225.083,225.083,225.083,10.0
2024-10-07 15:23:30,225.113,225.124,225.113,225.123,50.0
2024-10-07 15:23:35,225.113,225.114,225.113,225.114,20.0
2024-10-07 15:23:38,225.124,225.124,225.124,225.124,10.0
2024-10-07 15:23:40,225.124,225.134,225.124,225.133,40.0
2024-10-07 15:23:41,225.113,225.123,225.113,225.114,30.000000000000004
2024-10-07 15:23:42,225.114,225.124,225.114,225.124,30.000000000000004
2024-10-07 15:23:43,225.134,225.134,225.133,225.133,20.0
2024-10-07 15:23:44,225.133,225.133,225.133,225.133,20.0
2024-10-07 15:23:48,225.123,225.124,225.123,225.124,20.0
2024-10-07 15:23:49,225.134,225.134,225.134,225.134,10.0
2024-10-07 15:23:50,225.153,225.153,225.153,225.153,10.0
2024-10-07 15:23:51,225.144,225.154,225.144,225.154,20.0
2024-10-07 15:23:52,225.154,225.154,225.154,225.154,10.0
2024-10-07 15:23:53,225.154,225.154,225.154,225.154,20.0
2024-10-07 15:23:54,225.153,225.153,225.153,225.153,10.0
2024-10-07 15:23:55,225.133,225.134,225.133,225.134,20.0
2024-10-07 15:23:56,225.134,225.134,225.133,225.134,60.0
2024-10-07 15:23:57,225.124,225.124,225.113,225.113,20.0
2024-10-07 15:24:00,225.083,225.084,225.083,225.084,20.0
2024-10-07 15:24:01,225.063,225.063,225.033,225.033,70.00000000000001
2024-10-07 15:24:02,225.054,225.054,225.044,225.053,30.000000000000004
2024-10-07 15:24:03,225.054,225.054,225.023,225.024,40.0
2024-10-07 15:24:04,225.014,225.043,225.014,225.043,70.00000000000001
2024-10-07 15:24:05,225.054,225.054,225.054,225.054,10.0
2024-10-07 15:24:07,225.054,225.063,225.054,225.063,20.0
2024-10-07 15:24:09,225.064,225.064,225.064,225.064,10.0
2024-10-07 15:24:12,225.064,225.064,225.064,225.064,10.0
2024-10-07 15:24:13,225.043,225.053,225.043,225.053,20.0
2024-10-07 15:24:14,225.044,225.044,225.034,225.044,30.000000000000004
2024-10-07 15:24:16,225.054,225.054,225.054,225.054,10.0
2024-10-07 15:24:17,225.064,225.064,225.063,225.063,30.000000000000004
2024-10-07 15:24:18,225.053,225.064,225.053,225.064,20.0
2024-10-07 15:24:19,225.063,225.063,225.063,225.063,10.0
2024-10-07 15:24:20,225.064,225.064,225.063,225.064,30.000000000000004
2024-10-07 15:24:21,225.074,225.074,225.064,225.064,20.0
2024-10-07 15:24:23,225.044,225.053,225.033,225.033,40.0
2024-10-07 15:24:24,225.044,225.044,225.023,225.023,30.000000000000004
2024-10-07 15:24:25,225.023,225.034,225.023,225.034,50.0
2024-10-07 15:24:26,225.043,225.043,225.043,225.043,10.0
2024-10-07 15:24:27,225.053,225.053,225.053,225.053,10.0
2024-10-07 15:24:29,225.063,225.063,225.063,225.063,10.0
2024-10-07 15:24:30,225.074,225.074,225.074,225.074,10.0
2024-10-07 15:24:32,225.054,225.054,225.054,225.054,10.0
2024-10-07 15:24:34,225.043,225.043,225.043,225.043,10.0
2024-10-07 15:24:35,225.053,225.053,225.053,225.053,10.0
2024-10-07 15:24:36,225.053,225.054,225.043,225.043,30.000000000000004
2024-10-07 15:24:37,225.024,225.024,225.014,225.024,40.0
2024-10-07 15:24:38,225.024,225.034,225.024,225.034,20.0
2024-10-07 15:24:40,225.044,225.044,225.044,225.044,20.0
2024-10-07 15:24:42,225.034,225.053,225.034,225.053,40.0
2024-10-07 15:24:44,225.054,225.054,225.054,225.054,10.0
2024-10-07 15:24:45,225.034,225.034,225.034,225.034,10.0
2024-10-07 15:24:47,225.033,225.033,225.033,225.033,10.0
2024-10-07 15:24:49,225.034,225.043,225.034,225.043,20.0
2024-10-07 15:24:50,225.034,225.034,225.034,225.034,20.0
2024-10-07 15:24:52,225.044,225.044,225.044,225.044,10.0
2024-10-07 15:24:55,225.053,225.053,225.053,225.053,10.0
2024-10-07 15:25:01,225.033,225.053,225.033,225.044,30.000000000000004
2024-10-07 15:25:02,225.054,225.054,225.054,225.054,10.0
2024-10-07 15:25:03,225.044,225.054,225.044,225.053,30.000000000000004
2024-10-07 15:25:04,225.043,225.053,225.043,225.053,20.0
2024-10-07 15:25:05,225.044,225.054,225.044,225.054,20.0
2024-10-07 15:25:09,225.044,225.044,225.044,225.044,10.0
2024-10-07 15:25:10,225.053,225.053,225.053,225.053,10.0
2024-10-07 15:25:11,225.044,225.044,225.044,225.044,10.0
2024-10-07 15:25:12,225.033,225.033,225.033,225.033,10.0
2024-10-07 15:25:13,225.023,225.024,225.023,225.024,20.0
2024-10-07 15:25:14,225.024,225.034,225.024,225.034,20.0
2024-10-07 15:25:16,225.034,225.034,225.033,225.033,20.0
2024-10-07 15:25:17,225.034,225.034,225.013,225.013,30.000000000000004
2024-10-07 15:25:18,225.023,225.023,225.023,225.023,10.0
2024-10-07 15:25:19,225.013,225.024,225.013,225.024,30.000000000000004
2024-10-07 15:25:21,225.034,225.034,225.034,225.034,10.0
2024-10-07 15:25:25,225.024,225.024,225.024,225.024,10.0
2024-10-07 15:25:26,225.033,225.033,225.033,225.033,10.0
2024-10-07 15:25:30,225.014,225.014,224.984,225.004,40.0
2024-10-07 15:25:31,224.993,225.003,224.993,224.994,30.000000000000004
2024-10-07 15:25:32,224.993,224.994,224.984,224.994,30.000000000000004
2024-10-07 15:25:33,224.994,224.994,224.994,224.994,10.0
2024-10-07 15:25:35,224.984,224.984,224.964,224.964,40.0
2024-10-07 15:25:36,224.973,224.973,224.973,224.973,10.0
2024-10-07 15:25:38,224.964,224.964,224.964,224.964,10.0
2024-10-07 15:25:39,224.964,224.964,224.964,224.964,10.0
2024-10-07 15:25:40,224.963,224.993,224.963,224.993,30.000000000000004
2024-10-07 15:25:41,224.994,224.994,224.994,224.994,10.0
2024-10-07 15:25:43,225.003,225.014,225.003,225.014,20.0
2024-10-07 15:25:44,225.014,225.014,225.014,225.014,10.0
2024-10-07 15:25:45,225.003,225.013,225.003,225.013,20.0
2024-10-07 15:25:47,225.003,225.003,225.003,225.003,10.0
2024-10-07 15:25:48,224.993,224.993,224.993,224.993,10.0
2024-10-07 15:25:52,224.983,224.993,224.983,224.993,20.0
2024-10-07 15:25:54,224.983,224.983,224.983,224.983,10.0
2024-10-07 15:25:55,224.974,224.984,224.964,224.984,70.00000000000001
2024-10-07 15:25:56,224.984,224.984,224.973,224.984,30.000000000000004
2024-10-07 15:25:57,224.953,224.974,224.953,224.974,20.0
2024-10-07 15:25:58,224.983,224.983,224.983,224.983,10.0
2024-10-07 15:26:00,224.983,224.983,224.983,224.983,10.0
2024-10-07 15:26:02,224.993,224.993,224.993,224.993,10.0
2024-10-07 15:26:03,225.003,225.014,225.003,225.014,40.0
2024-10-07 15:26:05,225.004,225.014,225.004,225.014,30.000000000000004
2024-10-07 15:26:06,225.014,225.014,225.013,225.013,20.0
2024-10-07 15:26:07,225.024,225.024,225.023,225.023,20.0
2024-10-07 15:26:12,225.003,225.003,225.003,225.003,10.0
2024-10-07 15:26:13,225.003,225.003,225.003,225.003,10.0
2024-10-07 15:26:16,225.004,225.004,225.004,225.004,10.0
2024-10-07 15:26:17,224.983,224.983,224.983,224.983,10.0
2024-10-07 15:26:18,224.964,224.964,224.964,224.964,10.0
2024-10-07 15:26:19,224.974,224.974,224.974,224.974,10.0
2024-10-07 15:26:22,224.983,224.983,224.983,224.983,10.0
2024-10-07 15:26:23,224.993,224.993,224.973,224.973,20.0
2024-10-07 15:26:24,224.973,224.973,224.973,224.973,10.0
2024-10-07 15:26:26,224.984,224.994,224.984,224.994,20.0
2024-10-07 15:26:27,224.994,224.994,224.994,224.994,10.0
2024-10-07 15:26:28,224.994,225.004,224.993,225.004,30.000000000000004
2024-10-07 15:26:29,225.013,225.013,225.013,225.013,10.0
2024-10-07 15:26:30,225.023,225.023,225.023,225.023,10.0
2024-10-07 15:26:32,225.013,225.013,225.013,225.013,10.0
2024-10-07 15:26:34,225.024,225.024,225.004,225.004,40.0
2024-10-07 15:26:39,225.003,225.003,224.984,224.984,20.0
2024-10-07 15:26:41,224.973,224.984,224.973,224.984,20.0
2024-10-07 15:26:43,224.994,224.994,224.993,224.993,30.000000000000004
2024-10-07 15:26:44,224.973,224.973,224.964,224.964,20.0
2024-10-07 15:26:45,224.954,224.954,224.953,224.953,30.000000000000004
2024-10-07 15:26:46,224.954,224.974,224.954,224.974,20.0
2024-10-07 15:26:47,224.984,224.984,224.984,224.984,10.0
2024-10-07 15:26:48,224.954,224.964,224.954,224.964,40.0
2024-10-07 15:26:49,224.963,224.974,224.963,224.974,20.0
2024-10-07 15:26:51,224.943,224.943,224.943,224.943,10.0
2024-10-07 15:26:52,224.953,224.953,224.944,224.944,20.0
2024-10-07 15:26:53,224.944,224.944,224.944,224.944,10.0
2024-10-07 15:26:54,224.943,224.943,224.943,224.943,10.0
2024-10-07 15:26:55,224.943,224.963,224.943,224.963,30.000000000000004
2024-10-07 15:26:56,224.953,224.963,224.953,224.963,20.0
2024-10-07 15:26:57,224.953,224.963,224.953,224.963,20.0
2024-10-07 15:26:58,224.954,224.954,224.953,224.953,20.0
2024-10-07 15:27:00,224.944,224.944,224.924,224.924,30.000000000000004
2024-10-07 15:27:01,224.903,224.904,224.894,224.894,30.000000000000004
2024-10-07 15:27:02,224.904,224.904,224.893,224.893,30.000000000000004
2024-10-07 15:27:05,224.903,224.904,224.903,224.904,20.0
2024-10-07 15:27:07,224.904,224.923,224.904,224.914,30.000000000000004
2024-10-07 15:27:08,224.913,224.913,224.913,224.913,10.0
2024-10-07 15:27:14,224.903,224.923,224.903,224.913,30.000000000000004
2024-10-07 15:27:15,224.914,224.914,224.914,224.914,10.0
2024-10-07 15:27:17,224.914,224.914,224.914,224.914,10.0
2024-10-07 15:27:20,224.913,224.913,224.913,224.913,10.0
2024-10-07 15:27:21,224.914,224.914,224.913,224.913,40.0
2024-10-07 15:27:22,224.933,224.933,224.933,224.933,10.0
2024-10-07 15:27:24,224.953,224.963,224.953,224.963,20.0
2024-10-07 15:27:25,224.973,224.983,224.973,224.983,30.000000000000004
2024-10-07 15:27:26,224.983,224.984,224.974,224.984,40.0
2024-10-07 15:27:27,224.994,224.994,224.994,224.994,10.0
2024-10-07 15:27:28,224.994,224.994,224.993,224.993,20.0
2024-10-07 15:27:32,224.994,224.994,224.993,224.994,30.000000000000004
2024-10-07 15:27:35,225.003,225.004,225.003,225.004,30.000000000000004
2024-10-07 15:27:36,225.013,225.013,225.004,225.004,30.000000000000004
2024-10-07 15:27:37,225.004,225.004,225.004,225.004,20.0
2024-10-07 15:27:38,225.034,225.034,225.034,225.034,10.0
2024-10-07 15:27:40,225.064,225.064,225.064,225.064,30.000000000000004
2024-10-07 15:27:41,225.064,225.074,225.064,225.074,20.0
2024-10-07 15:27:42,225.083,225.084,225.083,225.084,20.0
2024-10-07 15:27:43,225.073,225.073,225.073,225.073,10.0
2024-10-07 15:27:45,225.063,225.073,225.063,225.073,20.0
2024-10-07 15:27:47,225.073,225.073,225.073,225.073,10.0
2024-10-07 15:27:48,225.053,225.053,225.053,225.053,10.0
2024-10-07 15:27:50,225.073,225.073,225.073,225.073,10.0
2024-10-07 15:27:51,225.054,225.054,225.054,225.054,10.0
2024-10-07 15:27:53,225.043,225.054,225.043,225.054,20.0
2024-10-07 15:27:54,225.043,225.053,225.043,225.053,30.000000000000004
2024-10-07 15:27:55,225.053,225.064,225.053,225.064,20.0
2024-10-07 15:27:58,225.064,225.064,225.064,225.064,10.0
2024-10-07 15:27:59,225.043,225.043,225.043,225.043,10.0
2024-10-07 15:28:00,225.044,225.044,225.044,225.044,10.0
2024-10-07 15:28:01,225.074,225.074,225.074,225.074,10.0
2024-10-07 15:28:02,225.084,225.084,225.084,225.084,10.0
2024-10-07 15:28:03,225.084,225.084,225.084,225.084,10.0
2024-10-07 15:28:04,225.104,225.113,225.104,225.113,20.0
2024-10-07 15:28:05,225.103,225.103,225.103,225.103,10.0
2024-10-07 15:28:06,225.103,225.103,225.103,225.103,20.0
2024-10-07 15:28:07,225.084,225.084,225.074,225.074,50.0
2024-10-07 15:28:08,225.084,225.103,225.084,225.103,30.000000000000004
2024-10-07 15:28:09,225.093,225.093,225.084,225.084,40.0
2024-10-07 15:28:11,225.083,225.084,225.083,225.084,20.0
2024-10-07 15:28:12,225.094,225.094,225.094,225.094,20.0
2024-10-07 15:28:13,225.093,225.104,225.083,225.104,60.0
2024-10-07 15:28:14,225.094,225.094,225.093,225.093,20.0
2024-10-07 15:28:15,225.083,225.083,225.083,225.083,10.0
2024-10-07 15:28:16,225.084,225.084,225.084,225.084,10.0
2024-10-07 15:28:18,225.083,225.083,225.073,225.073,20.0
2024-10-07 15:28:19,225.084,225.084,225.084,225.084,10.0
2024-10-07 15:28:21,225.094,225.094,225.094,225.094,10.0
2024-10-07 15:28:22,225.103,225.103,225.103,225.103,10.0
2024-10-07 15:28:23,225.093,225.093,225.093,225.093,10.0
2024-10-07 15:28:29,225.104,225.104,225.093,225.094,30.000000000000004
2024-10-07 15:28:30,225.094,225.103,225.093,225.093,40.0
2024-10-07 15:28:31,225.093,225.114,225.063,225.064,90.0
2024-10-07 15:28:32,225.054,225.054,225.054,225.054,10.0
2024-10-07 15:28:33,225.054,225.054,225.043,225.043,30.000000000000004
2024-10-07 15:28:34,225.053,225.064,225.053,225.064,30.000000000000004
2024-10-07 15:28:35,225.064,225.073,225.064,225.073,20.0
2024-10-07 15:28:36,225.073,225.073,225.073,225.073,10.0
2024-10-07 15:28:38,225.063,225.063,225.063,225.063,10.0
2024-10-07 15:28:39,225.074,225.074,225.074,225.074,10.0
2024-10-07 15:28:42,225.083,225.083,225.083,225.083,20.0
2024-10-07 15:28:43,225.084,225.084,225.084,225.084,10.0
2024-10-07 15:28:44,225.094,225.094,225.094,225.094,20.0
2024-10-07 15:28:45,225.094,225.094,225.083,225.083,20.0
2024-10-07 15:28:46,225.084,225.093,225.084,225.093,30.000000000000004
2024-10-07 15:28:48,225.104,225.104,225.104,225.104,10.0
2024-10-07 15:28:49,225.084,225.094,225.084,225.094,20.0
2024-10-07 15:28:50,225.083,225.083,225.083,225.083,10.0
2024-10-07 15:28:52,225.094,225.094,225.083,225.083,20.0
2024-10-07 15:28:53,225.073,225.074,225.073,225.074,20.0
2024-10-07 15:28:54,225.064,225.064,225.064,225.064,10.0
2024-10-07 15:28:55,225.064,225.064,225.053,225.063,50.0
2024-10-07 15:28:56,225.063,225.074,225.063,225.074,30.000000000000004
2024-10-07 15:28:57,225.083,225.094,225.073,225.094,30.000000000000004
2024-10-07 15:28:58,225.083,225.083,225.083,225.083,10.0
2024-10-07 15:28:59,225.083,225.083,225.064,225.073,40.0
2024-10-07 15:29:00,225.083,225.083,225.083,225.083,20.0
2024-10-07 15:29:01,225.073,225.084,225.073,225.083,30.000000000000004
2024-10-07 15:29:02,225.073,225.073,225.073,225.073,10.0
2024-10-07 15:29:03,225.073,225.083,225.064,225.064,40.0
2024-10-07 15:29:04,225.053,225.053,225.053,225.053,10.0
2024-10-07 15:29:05,225.044,225.044,225.044,225.044,10.0
2024-10-07 15:29:06,225.043,225.043,225.034,225.034,40.0
2024-10-07 15:29:07,225.044,225.044,225.044,225.044,10.0
2024-10-07 15:29:08,225.043,225.043,225.003,225.013,50.0
2024-10-07 15:29:09,225.023,225.023,225.023,225.023,10.0
2024-10-07 15:29:10,225.014,225.014,225.014,225.014,10.0
2024-10-07 15:29:11,225.024,225.024,225.014,225.014,20.0
2024-10-07 15:29:12,225.024,225.024,225.013,225.013,50.0
2024-10-07 15:29:13,225.013,225.024,225.013,225.024,20.0
2024-10-07 15:29:14,225.014,225.014,225.014,225.014,10.0
2024-10-07 15:29:15,225.014,225.024,225.004,225.024,40.0
2024-10-07 15:29:17,225.033,225.044,225.033,225.044,20.0
2024-10-07 15:29:18,225.023,225.023,225.023,225.023,10.0
2024-10-07 15:29:19,225.033,225.044,225.033,225.044,20.0
2024-10-07 15:29:20,225.034,225.034,225.033,225.033,20.0
2024-10-07 15:29:21,225.034,225.044,225.023,225.044,30.000000000000004
2024-10-07 15:29:22,225.043,225.043,225.043,225.043,10.0
2024-10-07 15:29:23,225.043,225.043,225.043,225.043,10.0
2024-10-07 15:29:27,225.053,225.074,225.053,225.074,20.0
2024-10-07 15:29:28,225.064,225.073,225.064,225.073,20.0
2024-10-07 15:29:29,225.084,225.094,225.084,225.094,20.0
2024-10-07 15:29:31,225.094,225.094,225.083,225.083,30.000000000000004
2024-10-07 15:29:32,225.093,225.093,225.093,225.093,10.0
2024-10-07 15:29:36,225.104,225.104,225.104,225.104,10.0
2024-10-07 15:29:37,225.103,225.103,225.103,225.103,10.0
2024-10-07 15:29:38,225.113,225.113,225.113,225.113,10.0
2024-10-07 15:29:39,225.103,225.104,225.103,225.104,20.0
2024-10-07 15:29:40,225.104,225.104,225.104,225.104,10.0
2024-10-07 15:29:41,225.103,225.103,225.103,225.103,10.0
2024-10-07 15:29:44,225.074,225.074,225.074,225.074,20.0
2024-10-07 15:29:47,225.074,225.074,225.063,225.073,30.000000000000004
2024-10-07 15:29:48,225.074,225.084,225.074,225.074,30.000000000000004
2024-10-07 15:29:50,225.074,225.074,225.074,225.074,10.0
2024-10-07 15:29:52,225.084,225.084,225.073,225.074,40.0
2024-10-07 15:29:55,225.073,225.073,225.073,225.073,20.0
2024-10-07 15:29:56,225.094,225.094,225.073,225.073,50.0
2024-10-07 15:29:57,225.093,225.094,225.093,225.093,40.0
2024-10-07 15:30:00,225.104,225.104,225.104,225.104,10.0
2024-10-07 15:30:02,225.093,225.093,225.093,225.093,10.0
2024-10-07 15:30:03,225.103,225.103,225.103,225.103,20.0
2024-10-07 15:30:04,225.103,225.104,225.103,225.104,20.0
2024-10-07 15:30:05,225.113,225.134,225.113,225.134,30.000000000000004
2024-10-07 15:30:06,225.123,225.124,225.123,225.124,20.0
2024-10-07 15:30:08,225.114,225.124,225.114,225.124,20.0
2024-10-07 15:30:09,225.133,225.133,225.133,225.133,20.0
2024-10-07 15:30:10,225.124,225.124,225.124,225.124,10.0
2024-10-07 15:30:11,225.114,225.124,225.093,225.093,40.0
2024-10-07 15:30:12,225.103,225.124,225.094,225.124,50.0
2024-10-07 15:30:13,225.134,225.134,225.134,225.134,10.0
2024-10-07 15:30:14,225.114,225.134,225.114,225.134,20.0
2024-10-07 15:30:15,225.134,225.144,225.134,225.144,20.0
2024-10-07 15:30:16,225.134,225.134,225.134,225.134,10.0
2024-10-07 15:30:17,225.134,225.134,225.123,225.123,30.000000000000004
2024-10-07 15:30:19,225.113,225.113,225.113,225.113,10.0
2024-10-07 15:30:22,225.104,225.104,225.104,225.104,10.0
2024-10-07 15:30:25,225.113,225.113,225.113,225.113,10.0
2024-10-07 15:30:26,225.103,225.103,225.103,225.103,10.0
2024-10-07 15:30:28,225.084,225.084,225.083,225.083,20.0
2024-10-07 15:30:29,225.093,225.094,225.083,225.083,40.0
2024-10-07 15:30:30,225.093,225.094,225.084,225.094,30.000000000000004
2024-10-07 15:30:31,225.083,225.094,225.083,225.094,20.0
2024-10-07 15:30:32,225.083,225.083,225.083,225.083,10.0
2024-10-07 15:30:35,225.063,225.083,225.063,225.073,40.0
2024-10-07 15:30:36,225.083,225.083,225.074,225.074,20.0
2024-10-07 15:30:37,225.064,225.064,225.063,225.063,20.0
2024-10-07 15:30:38,225.074,225.074,225.034,225.034,80.0
2024-10-07 15:30:39,225.044,225.044,225.034,225.044,50.0
2024-10-07 15:30:42,225.053,225.063,225.053,225.063,20.0
2024-10-07 15:30:43,225.063,225.063,225.063,225.063,10.0
2024-10-07 15:30:47,225.053,225.053,225.053,225.053,10.0
2024-10-07 15:30:48,225.074,225.074,225.074,225.074,10.0
2024-10-07 15:30:49,225.084,225.094,225.084,225.094,20.0
2024-10-07 15:30:50,225.073,225.083,225.073,225.083,20.0
2024-10-07 15:30:51,225.084,225.084,225.083,225.083,20.0
2024-10-07 15:30:53,225.094,225.103,225.094,225.103,30.000000000000004
2024-10-07 15:30:56,225.084,225.084,225.084,225.084,10.0
2024-10-07 15:30:58,225.083,225.083,225.083,225.083,10.0
2024-10-07 15:30:59,225.083,225.083,225.083,225.083,10.0
2024-10-07 15:31:00,225.073,225.073,225.073,225.073,10.0
2024-10-07 15:31:05,225.093,225.093,225.093,225.093,10.0
2024-10-07 15:31:06,225.104,225.104,225.103,225.103,20.0
2024-10-07 15:31:07,225.123,225.123,225.123,225.123,10.0
2024-10-07 15:31:08,225.123,225.123,225.123,225.123,10.0
2024-10-07 15:31:09,225.074,225.104,225.074,225.104,60.0
2024-10-07 15:31:12,225.094,225.094,225.094,225.094,10.0
2024-10-07 15:31:13,225.103,225.104,225.094,225.104,30.000000000000004
2024-10-07 15:31:15,225.093,225.093,225.093,225.093,10.0
2024-10-07 15:31:20,225.114,225.114,225.113,225.114,30.000000000000004
2024-10-07 15:31:22,225.113,225.113,225.113,225.113,10.0
2024-10-07 15:31:24,225.104,225.104,225.073,225.084,50.0
2024-10-07 15:31:25,225.073,225.073,225.073,225.073,10.0
2024-10-07 15:31:26,225.063,225.063,225.063,225.063,10.0
2024-10-07 15:31:27,225.053,225.053,225.053,225.053,10.0
2024-10-07 15:31:32,225.043,225.043,225.043,225.043,10.0
2024-10-07 15:31:33,225.054,225.063,225.054,225.063,20.0
2024-10-07 15:31:34,225.053,225.064,225.053,225.064,30.000000000000004
2024-10-07 15:31:35,225.074,225.074,225.074,225.074,10.0
2024-10-07 15:31:36,225.074,225.074,225.074,225.074,10.0
2024-10-07 15:31:41,225.093,225.093,225.093,225.093,10.0
2024-10-07 15:31:42,225.084,225.094,225.084,225.094,20.0
2024-10-07 15:31:43,225.084,225.084,225.053,225.053,40.0
2024-10-07 15:31:44,225.054,225.054,225.054,225.054,10.0
2024-10-07 15:31:45,225.054,225.054,225.053,225.053,20.0
2024-10-07 15:31:47,225.054,225.054,225.054,225.054,10.0
2024-10-07 15:31:48,225.053,225.053,225.053,225.053,10.0
2024-10-07 15:31:49,225.044,225.044,225.044,225.044,10.0
2024-10-07 15:31:50,225.023,225.054,225.023,225.054,40.0
2024-10-07 15:31:51,225.063,225.063,225.063,225.063,10.0
2024-10-07 15:31:52,225.054,225.054,225.054,225.054,10.0
2024-10-07 15:31:53,225.044,225.053,225.044,225.053,20.0
2024-10-07 15:31:56,225.053,225.053,225.053,225.053,20.0
2024-10-07 15:31:57,225.053,225.054,225.053,225.054,20.0
2024-10-07 15:31:58,225.053,225.053,225.043,225.044,30.000000000000004
2024-10-07 15:32:00,225.054,225.054,225.053,225.053,20.0
2024-10-07 15:32:05,225.053,225.053,225.053,225.053,10.0
2024-10-07 15:32:06,225.063,225.063,225.063,225.063,20.0
2024-10-07 15:32:09,225.083,225.083,225.083,225.083,10.0
2024-10-07 15:32:10,225.083,225.084,225.083,225.084,20.0
2024-10-07 15:32:11,225.093,225.093,225.093,225.093,10.0
2024-10-07 15:32:12,225.103,225.113,225.103,225.113,30.000000000000004
2024-10-07 15:32:15,225.103,225.103,225.103,225.103,10.0
2024-10-07 15:32:16,225.093,225.093,225.093,225.093,10.0
2024-10-07 15:32:18,225.093,225.093,225.093,225.093,10.0
2024-10-07 15:32:19,225.094,225.094,225.094,225.094,10.0
2024-10-07 15:32:21,225.093,225.093,225.084,225.084,20.0
2024-10-07 15:32:22,225.094,225.094,225.094,225.094,10.0
2024-10-07 15:32:23,225.093,225.093,225.084,225.084,20.0
2024-10-07 15:32:25,225.073,225.073,225.073,225.073,10.0
2024-10-07 15:32:27,225.083,225.084,225.083,225.084,20.0
2024-10-07 15:32:29,225.094,225.104,225.094,225.104,20.0
2024-10-07 15:32:30,225.103,225.103,225.103,225.103,10.0
2024-10-07 15:32:32,225.093,225.093,225.083,225.083,20.0
2024-10-07 15:32:34,225.104,225.104,225.094,225.094,40.0
2024-10-07 15:32:36,225.104,225.104,225.093,225.093,40.0
2024-10-07 15:32:37,225.103,225.103,225.103,225.103,10.0
2024-10-07 15:32:38,225.103,225.114,225.103,225.114,40.0
2024-10-07 15:32:39,225.114,225.114,225.114,225.114,10.0
2024-10-07 15:32:40,225.113,225.114,225.113,225.113,30.000000000000004
2024-10-07 15:32:42,225.104,225.104,225.104,225.104,10.0
2024-10-07 15:32:45,225.113,225.113,225.093,225.093,40.0
2024-10-07 15:32:46,225.103,225.103,225.093,225.093,20.0
2024-10-07 15:32:47,225.093,225.093,225.093,225.093,10.0
2024-10-07 15:32:49,225.094,225.094,225.094,225.094,10.0
2024-10-07 15:32:51,225.093,225.114,225.093,225.104,30.000000000000004
2024-10-07 15:32:52,225.103,225.114,225.103,225.114,20.0
2024-10-07 15:32:53,225.124,225.124,225.114,225.114,20.0
2024-10-07 15:32:56,225.114,225.114,225.103,225.103,20.0
2024-10-07 15:32:57,225.114,225.114,225.114,225.114,10.0
2024-10-07 15:32:58,225.113,225.143,225.113,225.134,30.000000000000004
2024-10-07 15:32:59,225.133,225.153,225.133,225.153,30.000000000000004
2024-10-07 15:33:03,225.143,225.144,225.123,225.124,40.0
2024-10-07 15:33:04,225.144,225.144,225.144,225.144,10.0
2024-10-07 15:33:05,225.123,225.123,225.123,225.123,10.0
2024-10-07 15:33:06,225.123,225.123,225.123,225.123,10.0
2024-10-07 15:33:07,225.104,225.113,225.094,225.094,40.0
2024-10-07 15:33:08,225.103,225.103,225.103,225.103,10.0
2024-10-07 15:33:09,225.084,225.084,225.084,225.084,10.0
2024-10-07 15:33:10,225.094,225.094,225.094,225.094,10.0
2024-10-07 15:33:11,225.093,225.113,225.093,225.113,20.0
2024-10-07 15:33:12,225.114,225.114,225.114,225.114,20.0
2024-10-07 15:33:14,225.123,225.123,225.123,225.123,10.0
2024-10-07 15:33:17,225.133,225.134,225.133,225.134,20.0
2024-10-07 15:33:18,225.133,225.153,225.133,225.153,50.0
2024-10-07 15:33:19,225.154,225.154,225.153,225.153,20.0
2024-10-07 15:33:20,225.163,225.183,225.163,225.183,20.0
2024-10-07 15:33:21,225.184,225.193,225.184,225.193,20.0
2024-10-07 15:33:22,225.193,225.193,225.193,225.193,40.0
2024-10-07 15:33:23,225.194,225.194,225.194,225.194,10.0
2024-10-07 15:33:24,225.184,225.194,225.184,225.193,30.000000000000004
2024-10-07 15:33:25,225.193,225.193,225.193,225.193,10.0
2024-10-07 15:33:26,225.184,225.184,225.184,225.184,10.0
2024-10-07 15:33:27,225.183,225.194,225.183,225.184,30.000000000000004
2024-10-07 15:33:29,225.174,225.174,225.174,225.174,10.0
2024-10-07 15:33:30,225.183,225.183,225.183,225.183,10.0
2024-10-07 15:33:32,225.173,225.173,225.173,225.173,10.0
2024-10-07 15:33:33,225.194,225.194,225.183,225.183,30.000000000000004
2024-10-07 15:33:36,225.194,225.194,225.194,225.194,20.0
2024-10-07 15:33:38,225.183,225.183,225.183,225.183,10.0
2024-10-07 15:33:39,225.194,225.194,225.184,225.184,20.0
2024-10-07 15:33:40,225.193,225.193,225.193,225.193,10.0
2024-10-07 15:33:42,225.194,225.194,225.194,225.194,10.0
2024-10-07 15:33:43,225.194,225.213,225.194,225.213,40.0
2024-10-07 15:33:44,225.214,225.214,225.204,225.204,30.000000000000004
2024-10-07 15:33:46,225.204,225.204,225.203,225.204,50.0
2024-10-07 15:33:47,225.194,225.194,225.194,225.194,10.0
2024-10-07 15:33:52,225.204,225.204,225.204,225.204,10.0
2024-10-07 15:33:54,225.213,225.213,225.204,225.204,20.0
2024-10-07 15:33:55,225.214,225.214,225.214,225.214,10.0
2024-10-07 15:33:56,225.204,225.204,225.204,225.204,10.0
2024-10-07 15:33:57,225.203,225.203,225.203,225.203,10.0
2024-10-07 15:33:58,225.213,225.213,225.213,225.213,10.0
2024-10-07 15:33:59,225.223,225.223,225.223,225.223,10.0
2024-10-07 15:34:00,225.223,225.234,225.223,225.224,50.0
2024-10-07 15:34:01,225.213,225.213,225.204,225.213,30.000000000000004
2024-10-07 15:34:02,225.223,225.223,225.223,225.223,10.0
2024-10-07 15:34:04,225.213,225.224,225.213,225.224,20.0
2024-10-07 15:34:05,225.233,225.233,225.233,225.233,30.000000000000004
2024-10-07 15:34:06,225.234,225.234,225.234,225.234,10.0
2024-10-07 15:34:08,225.263,225.263,225.253,225.253,20.0
2024-10-07 15:34:09,225.254,225.263,225.254,225.263,20.0
2024-10-07 15:34:10,225.273,225.274,225.273,225.274,20.0
2024-10-07 15:34:11,225.284,225.284,225.284,225.284,10.0
2024-10-07 15:34:12,225.294,225.294,225.294,225.294,10.0
2024-10-07 15:34:14,225.294,225.294,225.283,225.294,40.0
2024-10-07 15:34:15,225.273,225.273,225.273,225.273,10.0
2024-10-07 15:34:18,225.263,225.263,225.254,225.254,20.0
2024-10-07 15:34:19,225.264,225.264,225.264,225.264,10.0
2024-10-07 15:34:20,225.254,225.254,225.254,225.254,10.0
2024-10-07 15:34:21,225.263,225.264,225.263,225.264,20.0
2024-10-07 15:34:24,225.273,225.273,225.273,225.273,10.0
2024-10-07 15:34:28,225.264,225.264,225.264,225.264,10.0
2024-10-07 15:34:29,225.274,225.274,225.274,225.274,10.0
2024-10-07 15:34:30,225.263,225.263,225.263,225.263,10.0
2024-10-07 15:34:31,225.273,225.273,225.273,225.273,10.0
2024-10-07 15:34:32,225.263,225.263,225.263,225.263,10.0
2024-10-07 15:34:33,225.253,225.253,225.253,225.253,10.0
2024-10-07 15:34:34,225.253,225.253,225.253,225.253,10.0
2024-10-07 15:34:38,225.253,225.263,225.253,225.263,20.0
2024-10-07 15:34:39,225.273,225.273,225.273,225.273,10.0
2024-10-07 15:34:42,225.264,225.264,225.264,225.264,10.0
2024-10-07 15:34:43,225.264,225.273,225.264,225.273,20.0
2024-10-07 15:34:45,225.284,225.284,225.284,225.284,10.0
2024-10-07 15:34:46,225.283,225.283,225.273,225.273,30.000000000000004
2024-10-07 15:34:47,225.283,225.283,225.283,225.283,10.0
2024-10-07 15:34:48,225.264,225.264,225.264,225.264,10.0
2024-10-07 15:34:53,225.254,225.254,225.254,225.254,10.0
2024-10-07 15:34:54,225.244,225.244,225.244,225.244,10.0
2024-10-07 15:34:55,225.253,225.253,225.244,225.244,20.0
2024-10-07 15:34:56,225.253,225.254,225.253,225.254,20.0
2024-10-07 15:34:57,225.263,225.263,225.263,225.263,10.0
2024-10-07 15:34:59,225.263,225.263,225.263,225.263,10.0
2024-10-07 15:35:00,225.273,225.273,225.273,225.273,10.0
2024-10-07 15:35:03,225.274,225.274,225.274,225.274,20.0
2024-10-07 15:35:07,225.264,225.264,225.264,225.264,10.0
2024-10-07 15:35:08,225.253,225.253,225.253,225.253,10.0
2024-10-07 15:35:09,225.264,225.264,225.264,225.264,10.0
2024-10-07 15:35:10,225.253,225.253,225.253,225.253,10.0
2024-10-07 15:35:11,225.263,225.263,225.234,225.234,20.0
2024-10-07 15:35:12,225.233,225.233,225.233,225.233,10.0
2024-10-07 15:35:13,225.223,225.234,225.223,225.234,20.0
2024-10-07 15:35:14,225.234,225.243,225.234,225.243,20.0
2024-10-07 15:35:15,225.244,225.244,225.243,225.243,30.000000000000004
2024-10-07 15:35:17,225.233,225.244,225.224,225.224,40.0
2024-10-07 15:35:18,225.234,225.234,225.234,225.234,10.0
2024-10-07 15:35:20,225.224,225.224,225.224,225.224,10.0
2024-10-07 15:35:22,225.233,225.233,225.233,225.233,10.0
2024-10-07 15:35:25,225.224,225.224,225.224,225.224,10.0
2024-10-07 15:35:26,225.234,225.234,225.203,225.203,20.0
2024-10-07 15:35:29,225.184,225.204,225.184,225.204,20.0
2024-10-07 15:35:30,225.203,225.203,225.164,225.173,40.0
2024-10-07 15:35:31,225.163,225.163,225.163,225.163,10.0
2024-10-07 15:35:32,225.144,225.163,225.144,225.163,20.0
2024-10-07 15:35:33,225.164,225.164,225.164,225.164,10.0
2024-10-07 15:35:34,225.143,225.164,225.143,225.164,20.0
2024-10-07 15:35:35,225.163,225.163,225.153,225.153,20.0
2024-10-07 15:35:38,225.163,225.163,225.163,225.163,10.0
2024-10-07 15:35:39,225.173,225.173,225.173,225.173,20.0
2024-10-07 15:35:40,225.174,225.174,225.164,225.164,20.0
2024-10-07 15:35:41,225.164,225.164,225.134,225.134,40.0
2024-10-07 15:35:42,225.134,225.134,225.134,225.134,10.0
2024-10-07 15:35:43,225.143,225.154,225.123,225.123,40.0
2024-10-07 15:35:44,225.124,225.134,225.124,225.134,20.0
2024-10-07 15:35:45,225.144,225.144,225.133,225.134,50.0
2024-10-07 15:35:47,225.113,225.113,225.113,225.113,10.0
2024-10-07 15:35:50,225.104,225.104,225.104,225.104,10.0
2024-10-07 15:35:51,225.084,225.084,225.074,225.074,20.0
2024-10-07 15:35:52,225.063,225.063,225.063,225.063,10.0
2024-10-07 15:35:53,225.044,225.074,225.044,225.073,30.000000000000004
2024-10-07 15:35:54,225.084,225.094,225.084,225.094,20.0
2024-10-07 15:35:56,225.103,225.103,225.103,225.103,10.0
2024-10-07 15:35:58,225.114,225.123,225.114,225.123,30.000000000000004
2024-10-07 15:36:00,225.153,225.153,225.153,225.153,10.0
2024-10-07 15:36:02,225.124,225.134,225.124,225.134,20.0
2024-10-07 15:36:05,225.124,225.124,225.124,225.124,30.000000000000004
2024-10-07 15:36:07,225.113,225.113,225.113,225.113,10.0
2024-10-07 15:36:08,225.134,225.134,225.113,225.113,20.0
2024-10-07 15:36:09,225.104,225.113,225.104,225.113,30.000000000000004
2024-10-07 15:36:10,225.114,225.114,225.093,225.093,20.0
2024-10-07 15:36:11,225.083,225.093,225.083,225.093,20.0
2024-10-07 15:36:12,225.093,225.094,225.093,225.093,30.000000000000004
2024-10-07 15:36:14,225.093,225.093,225.093,225.093,10.0
2024-10-07 15:36:16,225.114,225.114,225.114,225.114,10.0
2024-10-07 15:36:17,225.124,225.133,225.123,225.123,30.000000000000004
2024-10-07 15:36:18,225.103,225.113,225.103,225.113,20.0
2024-10-07 15:36:19,225.124,225.133,225.124,225.133,20.0
2024-10-07 15:36:20,225.144,225.144,225.144,225.144,10.0
2024-10-07 15:36:21,225.143,225.163,225.143,225.163,30.000000000000004
2024-10-07 15:36:23,225.164,225.164,225.164,225.164,10.0
2024-10-07 15:36:25,225.143,225.143,225.143,225.143,10.0
2024-10-07 15:36:28,225.113,225.113,225.113,225.113,10.0
2024-10-07 15:36:29,225.123,225.123,225.123,225.123,10.0
2024-10-07 15:36:31,225.103,225.103,225.093,225.093,30.000000000000004
2024-10-07 15:36:32,225.074,225.074,225.074,225.074,10.0
2024-10-07 15:36:35,225.084,225.084,225.084,225.084,10.0
2024-10-07 15:36:36,225.083,225.083,225.083,225.083,10.0
2024-10-07 15:36:37,225.074,225.083,225.074,225.083,20.0
2024-10-07 15:36:38,225.044,225.063,225.044,225.063,30.000000000000004
2024-10-07 15:36:39,225.063,225.063,225.054,225.054,20.0
2024-10-07 15:36:40,225.063,225.063,225.063,225.063,10.0
2024-10-07 15:36:43,225.033,225.033,225.033,225.033,10.0
2024-10-07 15:36:44,225.043,225.043,225.043,225.043,10.0
2024-10-07 15:36:47,225.024,225.024,225.024,225.024,10.0
2024-10-07 15:36:48,225.014,225.014,225.004,225.004,20.0
2024-10-07 15:36:49,225.014,225.014,225.003,225.003,20.0
2024-10-07 15:36:51,224.993,224.993,224.993,224.993,10.0
2024-10-07 15:36:52,225.013,225.013,225.013,225.013,20.0
2024-10-07 15:36:54,224.993,224.993,224.984,224.984,20.0
2024-10-07 15:36:55,224.974,224.974,224.974,224.974,10.0
2024-10-07 15:37:00,224.953,224.953,224.953,224.953,10.0
2024-10-07 15:37:01,224.973,224.984,224.973,224.984,30.000000000000004
2024-10-07 15:37:02,224.994,224.994,224.994,224.994,10.0
2024-10-07 15:37:03,224.993,224.993,224.993,224.993,10.0
2024-10-07 15:37:05,224.984,224.984,224.984,224.984,10.0
2024-10-07 15:37:06,224.993,224.993,224.993,224.993,10.0
2024-10-07 15:37:07,224.994,224.994,224.974,224.974,20.0
2024-10-07 15:37:08,224.974,224.974,224.973,224.974,40.0
2024-10-07 15:37:09,224.964,224.964,224.964,224.964,10.0
2024-10-07 15:37:10,224.943,224.964,224.943,224.964,30.000000000000004
2024-10-07 15:37:11,224.964,224.964,224.964,224.964,10.0
2024-10-07 15:37:12,224.974,224.974,224.974,224.974,10.0
2024-10-07 15:37:13,224.953,224.953,224.953,224.953,10.0
2024-10-07 15:37:15,224.973,224.973,224.973,224.973,10.0
2024-10-07 15:37:18,224.973,224.973,224.973,224.973,10.0
2024-10-07 15:37:19,224.973,224.973,224.973,224.973,10.0
2024-10-07 15:37:20,224.954,224.954,224.954,224.954,10.0
2024-10-07 15:37:22,224.953,224.953,224.953,224.953,10.0
2024-10-07 15:37:23,224.963,224.973,224.963,224.973,20.0
2024-10-07 15:37:24,224.974,224.974,224.974,224.974,10.0
2024-10-07 15:37:31,224.973,224.994,224.973,224.994,30.000000000000004
2024-10-07 15:37:32,225.004,225.004,225.003,225.004,30.000000000000004
2024-10-07 15:37:33,225.003,225.003,225.003,225.003,10.0
2024-10-07 15:37:36,225.014,225.014,225.013,225.013,20.0
2024-10-07 15:37:38,225.013,225.023,225.013,225.023,20.0
2024-10-07 15:37:40,225.003,225.003,225.003,225.003,10.0
2024-10-07 15:37:41,224.993,224.994,224.984,224.994,30.000000000000004
2024-10-07 15:37:42,224.993,224.993,224.993,224.993,10.0
2024-10-07 15:37:43,224.984,224.984,224.974,224.974,20.0
2024-10-07 15:37:44,224.963,224.963,224.963,224.963,10.0
2024-10-07 15:37:45,224.963,224.964,224.963,224.964,30.000000000000004
2024-10-07 15:37:48,224.964,224.964,224.963,224.963,30.000000000000004
2024-10-07 15:37:49,224.983,224.984,224.983,224.984,50.0
2024-10-07 15:37:51,224.984,224.984,224.973,224.973,20.0
2024-10-07 15:37:52,224.983,224.983,224.983,224.983,10.0
2024-10-07 15:37:53,224.964,224.964,224.964,224.964,10.0
2024-10-07 15:37:55,224.964,224.964,224.963,224.963,20.0
2024-10-07 15:37:56,224.953,224.963,224.953,224.954,30.000000000000004
2024-10-07 15:37:58,224.944,224.944,224.944,224.944,10.0
2024-10-07 15:38:01,224.953,224.964,224.953,224.964,30.000000000000004
2024-10-07 15:38:02,224.974,224.974,224.974,224.974,10.0
2024-10-07 15:38:04,224.974,224.974,224.974,224.974,10.0
2024-10-07 15:38:08,224.993,224.994,224.983,224.994,30.000000000000004
2024-10-07 15:38:10,224.993,224.993,224.983,224.983,20.0
2024-10-07 15:38:13,224.994,224.994,224.994,224.994,10.0
2024-10-07 15:38:14,224.974,224.974,224.973,224.973,20.0
2024-10-07 15:38:16,224.963,224.963,224.934,224.934,20.0
2024-10-07 15:38:17,224.923,224.923,224.914,224.914,20.0
2024-10-07 15:38:18,224.914,224.914,224.903,224.903,20.0
2024-10-07 15:38:19,224.903,224.903,224.883,224.894,30.000000000000004
2024-10-07 15:38:20,224.904,224.904,224.904,224.904,20.0
2024-10-07 15:38:22,224.904,224.904,224.904,224.904,20.0
2024-10-07 15:38:23,224.884,224.884,224.884,224.884,10.0
2024-10-07 15:38:24,224.904,224.904,224.904,224.904,20.0
2024-10-07 15:38:25,224.903,224.904,224.903,224.904,20.0
2024-10-07 15:38:26,224.904,224.904,224.904,224.904,10.0
2024-10-07 15:38:29,224.893,224.893,224.893,224.893,10.0
2024-10-07 15:38:30,224.894,224.894,224.884,224.884,30.000000000000004
2024-10-07 15:38:31,224.894,224.894,224.894,224.894,10.0
2024-10-07 15:38:33,224.893,224.894,224.893,224.893,30.000000000000004
2024-10-07 15:38:34,224.883,224.883,224.883,224.883,10.0
2024-10-07 15:38:37,224.894,224.894,224.894,224.894,10.0
2024-10-07 15:38:38,224.893,224.893,224.893,224.893,10.0
2024-10-07 15:38:39,224.893,224.893,224.893,224.893,10.0
2024-10-07 15:38:41,224.883,224.894,224.883,224.884,30.000000000000004
2024-10-07 15:38:42,224.893,224.893,224.893,224.893,10.0
2024-10-07 15:38:43,224.893,224.893,224.893,224.893,10.0
2024-10-07 15:38:45,224.863,224.863,224.844,224.844,20.0
2024-10-07 15:38:46,224.853,224.853,224.843,224.853,30.000000000000004
2024-10-07 15:38:47,224.844,224.844,224.844,224.844,10.0
2024-10-07 15:38:48,224.833,224.843,224.833,224.843,20.0
2024-10-07 15:38:49,224.834,224.843,224.794,224.794,30.000000000000004
2024-10-07 15:38:50,224.803,224.823,224.784,224.823,70.00000000000001
2024-10-07 15:38:52,224.834,224.834,224.833,224.833,30.000000000000004
2024-10-07 15:38:53,224.813,224.824,224.813,224.814,30.000000000000004
2024-10-07 15:38:54,224.824,224.824,224.804,224.804,20.0
2024-10-07 15:38:55,224.804,224.804,224.804,224.804,10.0
2024-10-07 15:38:56,224.793,224.804,224.784,224.784,50.0
2024-10-07 15:38:57,224.764,224.794,224.764,224.794,40.0
2024-10-07 15:39:00,224.803,224.803,224.803,224.803,30.000000000000004
2024-10-07 15:39:01,224.804,224.804,224.804,224.804,10.0
2024-10-07 15:39:02,224.793,224.804,224.793,224.804,20.0
2024-10-07 15:39:03,224.803,224.803,224.803,224.803,10.0
2024-10-07 15:39:04,224.803,224.803,224.803,224.803,10.0
2024-10-07 15:39:05,224.803,224.803,224.803,224.803,10.0
2024-10-07 15:39:06,224.804,224.804,224.804,224.804,10.0
2024-10-07 15:39:07,224.833,224.834,224.833,224.834,30.000000000000004
2024-10-07 15:39:08,224.844,224.844,224.844,224.844,10.0
2024-10-07 15:39:09,224.844,224.844,224.844,224.844,10.0
2024-10-07 15:39:10,224.854,224.854,224.854,224.854,20.0
2024-10-07 15:39:11,224.864,224.864,224.864,224.864,20.0
2024-10-07 15:39:12,224.854,224.854,224.854,224.854,10.0
2024-10-07 15:39:13,224.853,224.853,224.853,224.853,10.0
2024-10-07 15:39:14,224.854,224.854,224.854,224.854,10.0
2024-10-07 15:39:15,224.853,224.854,224.853,224.854,20.0
2024-10-07 15:39:17,224.854,224.854,224.854,224.854,20.0
2024-10-07 15:39:18,224.873,224.873,224.873,224.873,10.0
2024-10-07 15:39:19,224.873,224.873,224.873,224.873,10.0
2024-10-07 15:39:20,224.864,224.873,224.854,224.864,40.0
2024-10-07 15:39:21,224.854,224.854,224.854,224.854,10.0
2024-10-07 15:39:23,224.853,224.853,224.853,224.853,10.0
2024-10-07 15:39:28,224.843,224.843,224.843,224.843,10.0
2024-10-07 15:39:29,224.843,224.844,224.843,224.844,20.0
2024-10-07 15:39:32,224.844,224.844,224.844,224.844,10.0
2024-10-07 15:39:33,224.834,224.834,224.833,224.833,30.000000000000004
2024-10-07 15:39:34,224.833,224.834,224.833,224.834,20.0
2024-10-07 15:39:35,224.833,224.833,224.833,224.833,10.0
2024-10-07 15:39:36,224.833,224.834,224.833,224.833,30.000000000000004
2024-10-07 15:39:37,224.834,224.834,224.833,224.833,20.0
2024-10-07 15:39:39,224.834,224.834,224.834,224.834,30.000000000000004
2024-10-07 15:39:40,224.834,224.834,224.834,224.834,20.0
2024-10-07 15:39:45,224.874,224.874,224.874,224.874,10.0
2024-10-07 15:39:48,224.863,224.873,224.863,224.873,20.0
2024-10-07 15:39:50,224.854,224.854,224.854,224.854,10.0
2024-10-07 15:39:52,224.843,224.843,224.843,224.843,10.0
2024-10-07 15:39:56,224.853,224.854,224.853,224.854,20.0
2024-10-07 15:40:04,224.873,224.874,224.873,224.874,20.0
2024-10-07 15:40:05,224.884,224.884,224.884,224.884,10.0
2024-10-07 15:40:06,224.884,224.884,224.883,224.883,20.0
2024-10-07 15:40:07,224.884,224.884,224.884,224.884,20.0
2024-10-07 15:40:08,224.883,224.883,224.883,224.883,10.0
2024-10-07 15:40:15,224.904,224.904,224.873,224.873,30.000000000000004
2024-10-07 15:40:16,224.864,224.864,224.864,224.864,10.0
2024-10-07 15:40:17,224.883,224.883,224.883,224.883,10.0
2024-10-07 15:40:21,224.863,224.863,224.863,224.863,10.0
2024-10-07 15:40:24,224.873,224.873,224.873,224.873,10.0
2024-10-07 15:40:25,224.883,224.893,224.883,224.893,30.000000000000004
2024-10-07 15:40:28,224.893,224.893,224.893,224.893,10.0
2024-10-07 15:40:29,224.894,224.904,224.894,224.904,20.0
2024-10-07 15:40:30,224.904,224.904,224.904,224.904,10.0
2024-10-07 15:40:31,224.904,224.904,224.904,224.904,10.0
2024-10-07 15:40:35,224.913,224.924,224.913,224.924,20.0
2024-10-07 15:40:36,224.924,224.933,224.924,224.933,20.0
2024-10-07 15:40:40,224.934,224.934,224.934,224.934,20.0
2024-10-07 15:40:41,224.934,224.934,224.934,224.934,10.0
2024-10-07 15:40:44,224.943,224.943,224.943,224.943,20.0
2024-10-07 15:40:45,224.954,224.964,224.954,224.963,40.0
2024-10-07 15:40:47,224.964,224.964,224.963,224.963,20.0
2024-10-07 15:40:48,224.974,224.974,224.974,224.974,10.0
2024-10-07 15:40:49,224.974,224.974,224.973,224.973,20.0
2024-10-07 15:40:51,224.973,224.973,224.973,224.973,10.0
2024-10-07 15:40:53,224.983,224.983,224.983,224.983,10.0
2024-10-07 15:40:56,224.993,224.994,224.993,224.994,30.000000000000004
2024-10-07 15:40:58,225.004,225.004,225.004,225.004,10.0
2024-10-07 15:41:04,225.004,225.004,225.004,225.004,20.0
2024-10-07 15:41:05,224.993,225.004,224.993,225.004,30.000000000000004
2024-10-07 15:41:08,225.004,225.004,225.004,225.004,10.0
2024-10-07 15:41:09,225.023,225.023,225.023,225.023,10.0
2024-10-07 15:41:10,225.034,225.043,225.034,225.043,30.000000000000004
2024-10-07 15:41:11,225.043,225.053,225.043,225.053,20.0
2024-10-07 15:41:12,225.043,225.043,225.043,225.043,10.0
2024-10-07 15:41:13,225.053,225.054,225.053,225.054,20.0
2024-10-07 15:41:14,225.054,225.054,225.054,225.054,10.0
2024-10-07 15:41:17,225.043,225.043,225.043,225.043,10.0
2024-10-07 15:41:18,225.054,225.054,225.054,225.054,10.0
2024-10-07 15:41:19,225.053,225.053,225.053,225.053,20.0
2024-10-07 15:41:22,225.033,225.033,225.033,225.033,10.0
2024-10-07 15:41:24,225.024,225.034,225.024,225.034,20.0
2024-10-07 15:41:25,225.024,225.033,225.003,225.003,30.000000000000004
2024-10-07 15:41:28,225.013,225.023,225.013,225.023,20.0
2024-10-07 15:41:29,225.024,225.024,225.024,225.024,10.0
2024-10-07 15:41:30,225.004,225.004,225.004,225.004,10.0
2024-10-07 15:41:31,225.004,225.004,225.004,225.004,10.0
2024-10-07 15:41:33,224.993,224.993,224.993,224.993,10.0
2024-10-07 15:41:35,224.984,224.984,224.984,224.984,10.0
2024-10-07 15:41:36,224.984,224.984,224.984,224.984,10.0
2024-10-07 15:41:37,224.974,224.984,224.974,224.984,20.0
2024-10-07 15:41:41,224.983,224.983,224.963,224.963,20.0
2024-10-07 15:41:42,224.964,224.964,224.954,224.954,20.0
2024-10-07 15:41:45,224.963,224.963,224.963,224.963,10.0
2024-10-07 15:41:46,224.963,224.963,224.963,224.963,10.0
2024-10-07 15:41:50,224.954,224.964,224.953,224.964,40.0
2024-10-07 15:41:51,224.973,224.973,224.963,224.963,20.0
2024-10-07 15:41:54,224.963,224.963,224.963,224.963,20.0
2024-10-07 15:41:55,224.963,224.963,224.963,224.963,10.0
2024-10-07 15:41:59,224.964,224.964,224.964,224.964,30.000000000000004
2024-10-07 15:42:00,224.963,224.964,224.954,224.954,30.000000000000004
2024-10-07 15:42:02,224.944,224.954,224.944,224.954,20.0
2024-10-07 15:42:07,224.964,224.964,224.963,224.964,30.000000000000004
2024-10-07 15:42:09,224.993,224.993,224.983,224.983,20.0
2024-10-07 15:42:10,224.994,224.994,224.994,224.994,10.0
2024-10-07 15:42:11,224.993,224.993,224.993,224.993,10.0
2024-10-07 15:42:12,224.983,224.983,224.974,224.974,20.0
2024-10-07 15:42:14,224.984,224.984,224.984,224.984,10.0
2024-10-07 15:42:16,224.993,224.993,224.993,224.993,10.0
2024-10-07 15:42:17,224.994,224.994,224.993,224.993,40.0
2024-10-07 15:42:18,225.004,225.004,225.004,225.004,30.000000000000004
2024-10-07 15:42:20,225.003,225.004,225.003,225.004,20.0
2024-10-07 15:42:21,225.004,225.004,225.004,225.004,20.0
2024-10-07 15:42:25,225.003,225.003,225.003,225.003,10.0
2024-10-07 15:42:28,225.004,225.004,225.004,225.004,10.0
2024-10-07 15:42:32,224.993,224.993,224.983,224.983,20.0
2024-10-07 15:42:36,224.993,225.004,224.993,225.003,30.000000000000004
2024-10-07 15:42:37,225.003,225.004,225.003,225.004,20.0
2024-10-07 15:42:40,225.004,225.004,225.003,225.003,20.0
2024-10-07 15:42:41,225.004,225.004,225.004,225.004,10.0
2024-10-07 15:42:43,225.003,225.003,225.003,225.003,10.0
2024-10-07 15:42:44,225.003,225.003,225.003,225.003,10.0
2024-10-07 15:42:45,225.024,225.024,225.013,225.013,60.0
2024-10-07 15:42:46,225.014,225.014,225.014,225.014,10.0
2024-10-07 15:42:47,225.013,225.013,225.003,225.004,40.0
2024-10-07 15:42:48,225.013,225.013,225.013,225.013,10.0
2024-10-07 15:42:49,225.024,225.024,225.024,225.024,10.0
2024-10-07 15:42:53,225.023,225.023,225.023,225.023,20.0
2024-10-07 15:42:54,225.014,225.014,225.014,225.014,10.0
2024-10-07 15:42:55,225.004,225.013,225.004,225.013,20.0
2024-10-07 15:42:57,225.003,225.003,225.003,225.003,10.0
2024-10-07 15:42:58,225.003,225.003,225.003,225.003,10.0
2024-10-07 15:42:59,224.994,224.994,224.994,224.994,10.0
2024-10-07 15:43:01,224.984,224.984,224.984,224.984,10.0
2024-10-07 15:43:02,224.994,224.994,224.974,224.974,30.000000000000004
2024-10-07 15:43:03,224.974,224.983,224.974,224.983,20.0
2024-10-07 15:43:04,224.954,224.954,224.934,224.954,30.000000000000004
2024-10-07 15:43:05,224.973,224.974,224.973,224.973,30.000000000000004
2024-10-07 15:43:06,224.964,224.964,224.953,224.964,40.0
2024-10-07 15:43:07,224.973,224.973,224.973,224.973,10.0
2024-10-07 15:43:09,224.984,224.984,224.953,224.953,30.000000000000004
2024-10-07 15:43:10,224.953,224.953,224.953,224.953,10.0
2024-10-07 15:43:11,224.943,224.954,224.943,224.954,30.000000000000004
2024-10-07 15:43:13,224.954,224.954,224.954,224.954,10.0
2024-10-07 15:43:14,224.944,224.953,224.944,224.953,20.0
2024-10-07 15:43:15,224.953,224.963,224.953,224.963,30.000000000000004
2024-10-07 15:43:18,224.974,224.974,224.964,224.974,30.000000000000004
2024-10-07 15:43:21,224.953,224.964,224.953,224.964,30.000000000000004
2024-10-07 15:43:22,224.964,224.964,224.963,224.963,30.000000000000004
2024-10-07 15:43:24,224.963,224.963,224.963,224.963,10.0
2024-10-07 15:43:29,224.963,224.963,224.963,224.963,20.0
2024-10-07 15:43:31,224.954,224.964,224.954,224.964,30.000000000000004
2024-10-07 15:43:32,224.973,224.974,224.973,224.974,30.000000000000004
2024-10-07 15:43:34,224.944,224.944,224.944,224.944,10.0
2024-10-07 15:43:36,224.954,224.954,224.954,224.954,10.0
2024-10-07 15:43:37,224.944,224.944,224.944,224.944,10.0
2024-10-07 15:43:38,224.934,224.934,224.914,224.934,30.000000000000004
2024-10-07 15:43:41,224.944,224.944,224.944,224.944,10.0
2024-10-07 15:43:42,224.933,224.933,224.933,224.933,10.0
2024-10-07 15:43:43,224.944,224.944,224.923,224.923,30.000000000000004
2024-10-07 15:43:45,224.934,224.934,224.934,224.934,10.0
2024-10-07 15:43:46,224.934,224.934,224.934,224.934,20.0
2024-10-07 15:43:47,224.923,224.923,224.894,224.894,20.0
2024-10-07 15:43:49,224.894,224.894,224.894,224.894,10.0
2024-10-07 15:43:50,224.873,224.874,224.863,224.874,30.000000000000004
2024-10-07 15:43:51,224.843,224.854,224.843,224.854,40.0
2024-10-07 15:43:52,224.863,224.863,224.853,224.853,20.0
2024-10-07 15:43:53,224.824,224.844,224.824,224.834,50.0
2024-10-07 15:43:54,224.844,224.844,224.833,224.833,40.0
2024-10-07 15:43:56,224.813,224.833,224.813,224.833,40.0
2024-10-07 15:43:58,224.833,224.854,224.833,224.854,30.000000000000004
2024-10-07 15:44:01,224.833,224.833,224.833,224.833,10.0
2024-10-07 15:44:02,224.854,224.863,224.843,224.863,40.0
2024-10-07 15:44:04,224.863,224.863,224.863,224.863,10.0
2024-10-07 15:44:06,224.863,224.863,224.834,224.843,40.0
2024-10-07 15:44:07,224.844,224.864,224.844,224.864,30.000000000000004
2024-10-07 15:44:08,224.864,224.864,224.853,224.853,20.0
2024-10-07 15:44:09,224.864,224.864,224.864,224.864,10.0
2024-10-07 15:44:10,224.874,224.874,224.874,224.874,10.0
2024-10-07 15:44:11,224.864,224.874,224.864,224.874,20.0
2024-10-07 15:44:13,224.874,224.894,224.874,224.894,20.0
2024-10-07 15:44:15,224.893,224.893,224.893,224.893,10.0
2024-10-07 15:44:16,224.893,224.894,224.893,224.894,20.0
2024-10-07 15:44:17,224.883,224.893,224.883,224.893,20.0
2024-10-07 15:44:18,224.873,224.873,224.873,224.873,10.0
2024-10-07 15:44:20,224.873,224.873,224.873,224.873,10.0
2024-10-07 15:44:21,224.874,224.874,224.874,224.874,10.0
2024-10-07 15:44:22,224.893,224.893,224.893,224.893,20.0
2024-10-07 15:44:24,224.893,224.893,224.893,224.893,10.0
2024-10-07 15:44:25,224.883,224.893,224.883,224.883,30.000000000000004
2024-10-07 15:44:26,224.894,224.894,224.894,224.894,10.0
2024-10-07 15:44:33,224.893,224.893,224.893,224.893,10.0
2024-10-07 15:44:34,224.883,224.893,224.883,224.893,20.0
2024-10-07 15:44:37,224.903,224.903,224.903,224.903,10.0
2024-10-07 15:44:38,224.924,224.924,224.904,224.904,40.0
2024-10-07 15:44:39,224.924,224.924,224.914,224.923,30.000000000000004
2024-10-07 15:44:40,224.903,224.903,224.903,224.903,10.0
2024-10-07 15:44:41,224.923,224.923,224.913,224.913,20.0
2024-10-07 15:44:43,224.903,224.903,224.894,224.894,40.0
2024-10-07 15:44:46,224.894,224.894,224.873,224.873,30.000000000000004
2024-10-07 15:44:48,224.874,224.874,224.874,224.874,10.0
2024-10-07 15:44:49,224.874,224.874,224.874,224.874,10.0
2024-10-07 15:44:50,224.904,224.904,224.883,224.883,20.0
2024-10-07 15:44:51,224.883,224.883,224.874,224.874,20.0
2024-10-07 15:44:54,224.864,224.873,224.854,224.854,30.000000000000004
2024-10-07 15:44:55,224.844,224.844,224.834,224.834,40.0
2024-10-07 15:44:56,224.844,224.844,224.833,224.833,20.0
2024-10-07 15:44:57,224.824,224.824,224.824,224.824,10.0
2024-10-07 15:44:58,224.824,224.853,224.824,224.853,40.0
2024-10-07 15:45:00,224.863,224.863,224.863,224.863,20.0
2024-10-07 15:45:01,224.853,224.863,224.853,224.863,50.0
2024-10-07 15:45:03,224.874,224.874,224.854,224.864,30.000000000000004
2024-10-07 15:45:04,224.873,224.873,224.844,224.864,30.000000000000004
2024-10-07 15:45:06,224.874,224.874,224.874,224.874,10.0
2024-10-07 15:45:09,224.873,224.873,224.844,224.873,40.0
2024-10-07 15:45:10,224.874,224.874,224.874,224.874,10.0
2024-10-07 15:45:11,224.874,224.874,224.853,224.853,30.000000000000004
2024-10-07 15:45:13,224.874,224.874,224.873,224.873,20.0
2024-10-07 15:45:16,224.863,224.874,224.863,224.874,20.0
2024-10-07 15:45:17,224.874,224.874,224.873,224.873,20.0
2024-10-07 15:45:18,224.874,224.883,224.874,224.883,20.0
2024-10-07 15:45:19,224.883,224.883,224.883,224.883,10.0
2024-10-07 15:45:20,224.864,224.873,224.864,224.873,20.0
2024-10-07 15:45:21,224.864,224.883,224.864,224.883,20.0
2024-10-07 15:45:22,224.883,224.883,224.883,224.883,10.0
2024-10-07 15:45:23,224.884,224.884,224.844,224.853,40.0
2024-10-07 15:45:24,224.854,224.854,224.854,224.854,10.0
2024-10-07 15:45:32,224.844,224.854,224.844,224.853,40.0
2024-10-07 15:45:33,224.843,224.854,224.843,224.854,20.0
2024-10-07 15:45:34,224.864,224.864,224.864,224.864,10.0
2024-10-07 15:45:35,224.874,224.874,224.873,224.874,30.000000000000004
2024-10-07 15:45:36,224.884,224.884,224.884,224.884,10.0
2024-10-07 15:45:37,224.863,224.873,224.863,224.873,20.0
2024-10-07 15:45:42,224.873,224.873,224.873,224.873,20.0
2024-10-07 15:45:44,224.884,224.884,224.884,224.884,10.0
2024-10-07 15:45:45,224.863,224.884,224.863,224.884,20.0
2024-10-07 15:45:47,224.884,224.884,224.884,224.884,10.0
2024-10-07 15:45:48,224.884,224.894,224.884,224.894,20.0
2024-10-07 15:45:49,224.904,224.904,224.904,224.904,10.0
2024-10-07 15:45:51,224.893,224.894,224.884,224.894,40.0
2024-10-07 15:45:52,224.884,224.884,224.884,224.884,10.0
2024-10-07 15:45:53,224.894,224.894,224.894,224.894,10.0
2024-10-07 15:45:54,224.873,224.873,224.873,224.873,10.0
2024-10-07 15:45:57,224.863,224.863,224.863,224.863,10.0
2024-10-07 15:45:58,224.863,224.873,224.863,224.863,30.000000000000004
2024-10-07 15:45:59,224.864,224.864,224.864,224.864,10.0
2024-10-07 15:46:01,224.863,224.864,224.854,224.854,50.0
2024-10-07 15:46:03,224.844,224.844,224.844,224.844,10.0
2024-10-07 15:46:04,224.833,224.853,224.833,224.853,20.0
2024-10-07 15:46:06,224.864,224.864,224.864,224.864,10.0
2024-10-07 15:46:07,224.864,224.864,224.864,224.864,10.0
2024-10-07 15:46:09,224.853,224.853,224.853,224.853,10.0
2024-10-07 15:46:12,224.874,224.884,224.874,224.884,20.0
2024-10-07 15:46:16,224.893,224.893,224.893,224.893,20.0
2024-10-07 15:46:17,224.884,224.884,224.874,224.883,30.000000000000004
2024-10-07 15:46:18,224.894,224.894,224.894,224.894,10.0
2024-10-07 15:46:19,224.883,224.894,224.883,224.894,20.0
2024-10-07 15:46:20,224.884,224.884,224.883,224.883,20.0
2024-10-07 15:46:21,224.873,224.873,224.873,224.873,10.0
2024-10-07 15:46:23,224.873,224.873,224.873,224.873,10.0
2024-10-07 15:46:24,224.884,224.884,224.884,224.884,10.0
2024-10-07 15:46:25,224.884,224.884,224.884,224.884,10.0
2024-10-07 15:46:26,224.873,224.883,224.873,224.883,20.0
2024-10-07 15:46:28,224.884,224.894,224.884,224.894,30.000000000000004
2024-10-07 15:46:30,224.884,224.884,224.873,224.873,40.0
2024-10-07 15:46:31,224.863,224.863,224.863,224.863,10.0
2024-10-07 15:46:32,224.873,224.873,224.873,224.873,10.0
2024-10-07 15:46:33,224.883,224.883,224.883,224.883,10.0
2024-10-07 15:46:35,224.863,224.883,224.863,224.883,20.0
2024-10-07 15:46:36,224.874,224.883,224.874,224.883,20.0
2024-10-07 15:46:37,224.883,224.883,224.883,224.883,10.0
2024-10-07 15:46:38,224.883,224.883,224.873,224.883,40.0
2024-10-07 15:46:40,224.864,224.864,224.864,224.864,10.0
2024-10-07 15:46:41,224.853,224.853,224.853,224.853,10.0
2024-10-07 15:46:44,224.814,224.834,224.814,224.834,30.000000000000004
2024-10-07 15:46:45,224.834,224.834,224.834,224.834,10.0
2024-10-07 15:46:46,224.814,224.814,224.814,224.814,10.0
2024-10-07 15:46:47,224.814,224.814,224.814,224.814,10.0
2024-10-07 15:46:48,224.843,224.843,224.843,224.843,10.0
2024-10-07 15:46:49,224.833,224.833,224.833,224.833,10.0
2024-10-07 15:46:50,224.843,224.843,224.843,224.843,10.0
2024-10-07 15:46:51,224.844,224.844,224.844,224.844,10.0
2024-10-07 15:46:52,224.843,224.854,224.843,224.854,30.000000000000004
2024-10-07 15:46:56,224.864,224.864,224.853,224.863,30.000000000000004
2024-10-07 15:46:59,224.853,224.853,224.853,224.853,10.0
2024-10-07 15:47:06,224.844,224.844,224.844,224.844,10.0
2024-10-07 15:47:07,224.833,224.844,224.833,224.844,60.0
2024-10-07 15:47:08,224.833,224.844,224.833,224.833,50.0
2024-10-07 15:47:09,224.843,224.853,224.843,224.844,30.000000000000004
2024-10-07 15:47:10,224.854,224.854,224.854,224.854,10.0
2024-10-07 15:47:11,224.853,224.853,224.853,224.853,10.0
2024-10-07 15:47:12,224.853,224.853,224.853,224.853,10.0
2024-10-07 15:47:13,224.853,224.853,224.853,224.853,10.0
2024-10-07 15:47:14,224.854,224.854,224.854,224.854,10.0
2024-10-07 15:47:15,224.853,224.853,224.853,224.853,10.0
2024-10-07 15:47:16,224.854,224.854,224.854,224.854,10.0
2024-10-07 15:47:17,224.853,224.874,224.853,224.874,50.0
2024-10-07 15:47:19,224.883,224.883,224.874,224.874,20.0
2024-10-07 15:47:20,224.883,224.883,224.883,224.883,10.0
2024-10-07 15:47:21,224.874,224.883,224.874,224.883,20.0
2024-10-07 15:47:24,224.883,224.883,224.883,224.883,10.0
2024-10-07 15:47:25,224.884,224.884,224.874,224.884,30.000000000000004
2024-10-07 15:47:26,224.873,224.873,224.873,224.873,10.0
2024-10-07 15:47:27,224.883,224.883,224.883,224.883,10.0
2024-10-07 15:47:30,224.874,224.883,224.874,224.883,20.0
2024-10-07 15:47:31,224.883,224.894,224.883,224.894,40.0
2024-10-07 15:47:32,224.893,224.893,224.893,224.893,10.0
2024-10-07 15:47:37,224.903,224.903,224.903,224.903,10.0
2024-10-07 15:47:38,224.913,224.913,224.904,224.904,20.0
2024-10-07 15:47:39,224.913,224.914,224.913,224.914,20.0
2024-10-07 15:47:40,224.923,224.924,224.913,224.913,40.0
2024-10-07 15:47:43,224.924,224.924,224.924,224.924,10.0
2024-10-07 15:47:44,224.923,224.923,224.923,224.923,10.0
2024-10-07 15:47:45,224.924,224.934,224.923,224.934,50.0
2024-10-07 15:47:46,224.924,224.924,224.924,224.924,10.0
2024-10-07 15:47:49,224.933,224.933,224.933,224.933,30.000000000000004
2024-10-07 15:47:50,224.934,224.934,224.924,224.924,20.0
2024-10-07 15:47:53,224.933,224.933,224.923,224.924,40.0
2024-10-07 15:47:54,224.934,224.934,224.923,224.923,20.0
2024-10-07 15:47:55,224.923,224.923,224.923,224.923,10.0
2024-10-07 15:47:56,224.913,224.913,224.913,224.913,10.0
2024-10-07 15:47:58,224.914,224.914,224.914,224.914,20.0
2024-10-07 15:48:00,224.914,224.914,224.913,224.913,20.0
2024-10-07 15:48:01,224.903,224.903,224.903,224.903,20.0
2024-10-07 15:48:02,224.903,224.903,224.864,224.864,30.000000000000004
2024-10-07 15:48:03,224.844,224.844,224.844,224.844,10.0
2024-10-07 15:48:05,224.844,224.873,224.844,224.864,40.0
2024-10-07 15:48:06,224.873,224.874,224.873,224.874,30.000000000000004
2024-10-07 15:48:07,224.873,224.873,224.873,224.873,10.0
2024-10-07 15:48:08,224.873,224.873,224.873,224.873,20.0
2024-10-07 15:48:09,224.873,224.873,224.873,224.873,10.0
2024-10-07 15:48:10,224.874,224.874,224.874,224.874,10.0
2024-10-07 15:48:11,224.874,224.874,224.874,224.874,10.0
2024-10-07 15:48:14,224.894,224.894,224.894,224.894,10.0
2024-10-07 15:48:15,224.894,224.894,224.873,224.884,30.000000000000004
2024-10-07 15:48:17,224.883,224.883,224.883,224.883,10.0
2024-10-07 15:48:18,224.894,224.894,224.894,224.894,20.0
2024-10-07 15:48:19,224.894,224.894,224.883,224.883,20.0
2024-10-07 15:48:20,224.904,224.904,224.903,224.903,50.0
2024-10-07 15:48:21,224.923,224.923,224.923,224.923,10.0
2024-10-07 15:48:22,224.914,224.914,224.904,224.904,20.0
2024-10-07 15:48:24,224.903,224.903,224.903,224.903,20.0
2024-10-07 15:48:26,224.883,224.883,224.873,224.883,30.000000000000004
2024-10-07 15:48:29,224.873,224.873,224.873,224.873,20.0
2024-10-07 15:48:31,224.853,224.854,224.853,224.854,20.0
2024-10-07 15:48:34,224.824,224.824,224.824,224.824,10.0
2024-10-07 15:48:35,224.803,224.803,224.803,224.803,10.0
2024-10-07 15:48:36,224.784,224.784,224.774,224.774,30.000000000000004
2024-10-07 15:48:37,224.784,224.784,224.774,224.774,30.000000000000004
2024-10-07 15:48:38,224.784,224.784,224.783,224.784,30.000000000000004
2024-10-07 15:48:39,224.803,224.803,224.793,224.793,20.0
2024-10-07 15:48:41,224.794,224.794,224.783,224.783,20.0
2024-10-07 15:48:43,224.783,224.783,224.783,224.783,10.0
2024-10-07 15:48:45,224.794,224.794,224.794,224.794,10.0
2024-10-07 15:48:46,224.784,224.784,224.773,224.784,30.000000000000004
2024-10-07 15:48:47,224.784,224.784,224.784,224.784,10.0
2024-10-07 15:48:48,224.794,224.794,224.793,224.793,20.0
2024-10-07 15:48:49,224.784,224.784,224.784,224.784,10.0
2024-10-07 15:48:50,224.783,224.783,224.783,224.783,20.0
2024-10-07 15:48:51,224.784,224.784,224.784,224.784,20.0
2024-10-07 15:48:53,224.784,224.784,224.783,224.783,30.000000000000004
2024-10-07 15:48:55,224.763,224.763,224.763,224.763,20.0
2024-10-07 15:48:56,224.774,224.784,224.773,224.784,30.000000000000004
2024-10-07 15:48:57,224.783,224.783,224.783,224.783,10.0
2024-10-07 15:48:58,224.794,224.794,224.794,224.794,10.0
2024-10-07 15:49:01,224.773,224.783,224.773,224.783,30.000000000000004
2024-10-07 15:49:02,224.764,224.774,224.764,224.774,20.0
2024-10-07 15:49:03,224.773,224.773,224.773,224.773,10.0
2024-10-07 15:49:04,224.783,224.783,224.783,224.783,10.0
2024-10-07 15:49:05,224.783,224.783,224.783,224.783,20.0
2024-10-07 15:49:06,224.784,224.794,224.783,224.783,30.000000000000004
2024-10-07 15:49:08,224.793,224.803,224.793,224.803,20.0
2024-10-07 15:49:09,224.804,224.804,224.804,224.804,20.0
2024-10-07 15:49:12,224.804,224.804,224.804,224.804,10.0
2024-10-07 15:49:20,224.804,224.804,224.804,224.804,10.0
2024-10-07 15:49:21,224.803,224.803,224.803,224.803,10.0
2024-10-07 15:49:22,224.833,224.833,224.833,224.833,10.0
2024-10-07 15:49:23,224.834,224.834,224.834,224.834,10.0
2024-10-07 15:49:24,224.833,224.833,224.793,224.793,50.0
2024-10-07 15:49:26,224.803,224.803,224.803,224.803,20.0
2024-10-07 15:49:27,224.804,224.804,224.803,224.804,30.000000000000004
2024-10-07 15:49:33,224.833,224.833,224.823,224.823,20.0
2024-10-07 15:49:34,224.823,224.823,224.823,224.823,10.0
2024-10-07 15:49:35,224.833,224.833,224.833,224.833,10.0
2024-10-07 15:49:36,224.823,224.823,224.823,224.823,10.0
2024-10-07 15:49:37,224.824,224.824,224.824,224.824,10.0
2024-10-07 15:49:39,224.823,224.823,224.823,224.823,10.0
2024-10-07 15:49:40,224.823,224.823,224.823,224.823,10.0
2024-10-07 15:49:43,224.824,224.824,224.824,224.824,10.0
2024-10-07 15:49:49,224.833,224.833,224.823,224.823,40.0
2024-10-07 15:49:59,224.814,224.814,224.813,224.813,20.0
2024-10-07 15:50:00,224.813,224.814,224.813,224.814,30.000000000000004
2024-10-07 15:50:02,224.814,224.814,224.814,224.814,10.0
2024-10-07 15:50:03,224.823,224.823,224.823,224.823,10.0
2024-10-07 15:50:05,224.813,224.813,224.803,224.803,80.0
2024-10-07 15:50:06,224.783,224.794,224.783,224.794,20.0
2024-10-07 15:50:07,224.793,224.793,224.793,224.793,10.0
2024-10-07 15:50:08,224.803,224.804,224.803,224.804,40.0
2024-10-07 15:50:10,224.803,224.804,224.803,224.804,20.0
2024-10-07 15:50:13,224.814,224.814,224.813,224.813,20.0
2024-10-07 15:50:14,224.814,224.814,224.814,224.814,10.0
2024-10-07 15:50:16,224.813,224.813,224.813,224.813,20.0
2024-10-07 15:50:19,224.814,224.814,224.813,224.813,20.0
2024-10-07 15:50:21,224.833,224.833,224.833,224.833,10.0
2024-10-07 15:50:22,224.804,224.804,224.793,224.793,20.0
2024-10-07 15:50:23,224.773,224.773,224.754,224.754,30.000000000000004
2024-10-07 15:50:24,224.743,224.743,224.743,224.743,10.0
2024-10-07 15:50:25,224.753,224.753,224.753,224.753,10.0
2024-10-07 15:50:26,224.744,224.744,224.744,224.744,10.0
2024-10-07 15:50:29,224.734,224.734,224.734,224.734,10.0
2024-10-07 15:50:30,224.744,224.744,224.744,224.744,10.0
2024-10-07 15:50:31,224.743,224.743,224.743,224.743,10.0
2024-10-07 15:50:32,224.734,224.734,224.734,224.734,10.0
2024-10-07 15:50:33,224.744,224.744,224.743,224.743,30.000000000000004
2024-10-07 15:50:34,224.733,224.733,224.733,224.733,10.0
2024-10-07 15:50:38,224.734,224.734,224.724,224.724,20.0
2024-10-07 15:50:41,224.733,224.744,224.733,224.744,20.0
2024-10-07 15:50:46,224.753,224.774,224.753,224.774,40.0
2024-10-07 15:50:47,224.774,224.774,224.774,224.774,10.0
2024-10-07 15:50:48,224.774,224.774,224.774,224.774,10.0
2024-10-07 15:50:49,224.773,224.773,224.773,224.773,10.0
2024-10-07 15:50:50,224.763,224.764,224.763,224.764,20.0
2024-10-07 15:50:51,224.743,224.743,224.743,224.743,10.0
2024-10-07 15:50:54,224.744,224.774,224.744,224.764,30.000000000000004
2024-10-07 15:50:59,224.783,224.783,224.783,224.783,20.0
2024-10-07 15:51:00,224.794,224.794,224.794,224.794,10.0
2024-10-07 15:51:01,224.784,224.784,224.783,224.783,20.0
2024-10-07 15:51:03,224.773,224.784,224.773,224.784,20.0
2024-10-07 15:51:07,224.774,224.774,224.774,224.774,10.0
2024-10-07 15:51:11,224.744,224.754,224.744,224.753,30.000000000000004
2024-10-07 15:51:12,224.754,224.754,224.754,224.754,10.0
2024-10-07 15:51:14,224.753,224.753,224.743,224.743,20.0
2024-10-07 15:51:15,224.753,224.753,224.743,224.743,20.0
2024-10-07 15:51:16,224.754,224.754,224.754,224.754,20.0
2024-10-07 15:51:20,224.753,224.753,224.753,224.753,10.0
2024-10-07 15:51:24,224.764,224.764,224.764,224.764,10.0
2024-10-07 15:51:25,224.763,224.763,224.763,224.763,20.0
2024-10-07 15:51:26,224.783,224.783,224.783,224.783,10.0
2024-10-07 15:51:28,224.784,224.794,224.784,224.794,30.000000000000004
2024-10-07 15:51:33,224.803,224.804,224.793,224.794,50.0
2024-10-07 15:51:34,224.794,224.794,224.794,224.794,10.0
2024-10-07 15:51:38,224.804,224.814,224.804,224.804,30.000000000000004
2024-10-07 15:51:40,224.803,224.803,224.803,224.803,20.0
2024-10-07 15:51:43,224.803,224.803,224.803,224.803,30.000000000000004
2024-10-07 15:51:45,224.793,224.793,224.793,224.793,10.0
2024-10-07 15:51:47,224.814,224.823,224.814,224.823,20.0
2024-10-07 15:51:49,224.834,224.834,224.834,224.834,10.0
2024-10-07 15:51:51,224.853,224.853,224.853,224.853,10.0
2024-10-07 15:51:55,224.853,224.854,224.853,224.854,20.0
2024-10-07 15:52:00,224.843,224.843,224.843,224.843,10.0
2024-10-07 15:52:01,224.824,224.824,224.813,224.813,50.0
2024-10-07 15:52:03,224.794,224.794,224.783,224.783,30.000000000000004
2024-10-07 15:52:07,224.753,224.753,224.753,224.753,10.0
2024-10-07 15:52:09,224.784,224.784,224.784,224.784,10.0
2024-10-07 15:52:14,224.784,224.813,224.784,224.813,30.000000000000004
2024-10-07 15:52:16,224.813,224.813,224.783,224.783,30.000000000000004
2024-10-07 15:52:17,224.804,224.804,224.804,224.804,10.0
2024-10-07 15:52:19,224.804,224.813,224.804,224.813,20.0
2024-10-07 15:52:20,224.813,224.813,224.813,224.813,10.0
2024-10-07 15:52:22,224.833,224.833,224.833,224.833,10.0
2024-10-07 15:52:23,224.824,224.824,224.824,224.824,10.0
2024-10-07 15:52:25,224.833,224.833,224.833,224.833,10.0
2024-10-07 15:52:28,224.813,224.813,224.813,224.813,10.0
2024-10-07 15:52:29,224.803,224.803,224.803,224.803,10.0
2024-10-07 15:52:33,224.814,224.823,224.814,224.823,20.0
2024-10-07 15:52:34,224.813,224.824,224.813,224.824,40.0
2024-10-07 15:52:35,224.834,224.834,224.834,224.834,10.0
2024-10-07 15:52:36,224.843,224.843,224.843,224.843,10.0
2024-10-07 15:52:37,224.834,224.834,224.834,224.834,10.0
2024-10-07 15:52:38,224.843,224.843,224.843,224.843,10.0
2024-10-07 15:52:41,224.833,224.843,224.833,224.843,20.0
2024-10-07 15:52:43,224.833,224.833,224.824,224.824,20.0
2024-10-07 15:52:46,224.824,224.824,224.824,224.824,10.0
2024-10-07 15:52:47,224.803,224.803,224.803,224.803,10.0
2024-10-07 15:52:48,224.814,224.814,224.814,224.814,10.0
2024-10-07 15:52:49,224.823,224.823,224.823,224.823,10.0
2024-10-07 15:52:56,224.834,224.834,224.833,224.833,20.0
2024-10-07 15:52:59,224.804,224.804,224.804,224.804,10.0
2024-10-07 15:53:00,224.814,224.814,224.814,224.814,10.0
2024-10-07 15:53:03,224.803,224.803,224.803,224.803,10.0
2024-10-07 15:53:05,224.784,224.794,224.784,224.793,40.0
2024-10-07 15:53:06,224.804,224.804,224.793,224.793,30.000000000000004
2024-10-07 15:53:07,224.783,224.784,224.783,224.784,20.0
2024-10-07 15:53:08,224.793,224.793,224.793,224.793,10.0
2024-10-07 15:53:10,224.804,224.804,224.804,224.804,10.0
2024-10-07 15:53:11,224.793,224.803,224.793,224.803,20.0
2024-10-07 15:53:12,224.804,224.804,224.804,224.804,20.0
2024-10-07 15:53:14,224.814,224.814,224.783,224.783,30.000000000000004
2024-10-07 15:53:15,224.793,224.793,224.753,224.764,50.0
2024-10-07 15:53:17,224.753,224.764,224.753,224.764,20.0
2024-10-07 15:53:18,224.754,224.763,224.754,224.763,20.0
2024-10-07 15:53:19,224.764,224.764,224.763,224.763,20.0
2024-10-07 15:53:20,224.764,224.764,224.764,224.764,10.0
2024-10-07 15:53:24,224.764,224.793,224.764,224.793,40.0
2024-10-07 15:53:25,224.783,224.783,224.783,224.783,10.0
2024-10-07 15:53:27,224.783,224.783,224.783,224.783,10.0
2024-10-07 15:53:30,224.774,224.783,224.764,224.764,40.0
2024-10-07 15:53:31,224.774,224.774,224.774,224.774,10.0
2024-10-07 15:53:35,224.773,224.773,224.773,224.773,10.0
2024-10-07 15:53:36,224.774,224.774,224.773,224.773,20.0
2024-10-07 15:53:37,224.784,224.784,224.784,224.784,10.0
2024-10-07 15:53:38,224.764,224.783,224.764,224.783,20.0
2024-10-07 15:53:41,224.804,224.804,224.804,224.804,10.0
2024-10-07 15:53:44,224.803,224.824,224.803,224.824,20.0
2024-10-07 15:53:45,224.814,224.823,224.814,224.823,20.0
2024-10-07 15:53:46,224.834,224.834,224.823,224.823,40.0
2024-10-07 15:53:47,224.833,224.834,224.833,224.834,30.000000000000004
2024-10-07 15:53:48,224.824,224.834,224.824,224.834,40.0
2024-10-07 15:53:50,224.824,224.833,224.824,224.833,30.000000000000004
2024-10-07 15:53:53,224.833,224.833,224.824,224.833,30.000000000000004
2024-10-07 15:53:54,224.804,224.804,224.804,224.804,20.0
2024-10-07 15:53:55,224.803,224.803,224.803,224.803,10.0
2024-10-07 15:53:56,224.814,224.814,224.804,224.814,30.000000000000004
2024-10-07 15:53:57,224.803,224.814,224.803,224.813,40.0
2024-10-07 15:54:00,224.784,224.784,224.783,224.783,20.0
2024-10-07 15:54:02,224.794,224.794,224.794,224.794,10.0
2024-10-07 15:54:03,224.793,224.803,224.793,224.803,30.000000000000004
2024-10-07 15:54:04,224.813,224.813,224.803,224.803,20.0
2024-10-07 15:54:05,224.813,224.813,224.813,224.813,10.0
2024-10-07 15:54:06,224.813,224.813,224.783,224.783,30.000000000000004
2024-10-07 15:54:07,224.783,224.794,224.783,224.794,40.0
2024-10-07 15:54:08,224.793,224.804,224.793,224.804,20.0
2024-10-07 15:54:09,224.804,224.813,224.804,224.813,20.0
2024-10-07 15:54:10,224.804,224.804,224.803,224.803,20.0
2024-10-07 15:54:12,224.814,224.814,224.814,224.814,10.0
2024-10-07 15:54:13,224.823,224.834,224.823,224.834,20.0
2024-10-07 15:54:14,224.833,224.853,224.833,224.853,30.000000000000004
2024-10-07 15:54:15,224.854,224.854,224.854,224.854,10.0
2024-10-07 15:54:16,224.864,224.864,224.864,224.864,10.0
2024-10-07 15:54:19,224.894,224.894,224.894,224.894,10.0
2024-10-07 15:54:20,224.893,224.903,224.893,224.893,30.000000000000004
2024-10-07 15:54:22,224.893,224.893,224.893,224.893,10.0
2024-10-07 15:54:23,224.903,224.913,224.903,224.913,20.0
2024-10-07 15:54:24,224.914,224.924,224.914,224.924,20.0
2024-10-07 15:54:27,224.913,224.924,224.913,224.924,20.0
2024-10-07 15:54:29,224.923,224.923,224.923,224.923,10.0
2024-10-07 15:54:31,224.934,224.934,224.924,224.924,20.0
2024-10-07 15:54:32,224.914,224.923,224.914,224.923,20.0
2024-10-07 15:54:34,224.913,224.924,224.913,224.924,20.0
2024-10-07 15:54:35,224.923,224.933,224.923,224.933,30.000000000000004
2024-10-07 15:54:36,224.933,224.933,224.923,224.923,20.0
2024-10-07 15:54:46,224.913,224.913,224.913,224.913,10.0
2024-10-07 15:54:47,224.923,224.923,224.923,224.923,10.0
2024-10-07 15:54:48,224.923,224.924,224.923,224.924,20.0
2024-10-07 15:54:49,224.953,224.953,224.953,224.953,10.0
2024-10-07 15:54:50,224.953,224.953,224.953,224.953,10.0
2024-10-07 15:54:51,224.953,224.953,224.953,224.953,10.0
2024-10-07 15:54:55,224.924,224.924,224.924,224.924,10.0
2024-10-07 15:54:58,224.934,224.934,224.934,224.934,10.0
2024-10-07 15:55:00,224.943,224.954,224.943,224.954,40.0
2024-10-07 15:55:02,224.923,224.923,224.883,224.884,40.0
2024-10-07 15:55:03,224.894,224.894,224.894,224.894,10.0
2024-10-07 15:55:04,224.884,224.884,224.854,224.864,70.00000000000001
2024-10-07 15:55:05,224.853,224.853,224.853,224.853,10.0
2024-10-07 15:55:06,224.844,224.863,224.844,224.863,30.000000000000004
2024-10-07 15:55:07,224.873,224.874,224.873,224.874,30.000000000000004
2024-10-07 15:55:08,224.873,224.873,224.873,224.873,10.0
2024-10-07 15:55:09,224.854,224.854,224.843,224.853,40.0
2024-10-07 15:55:10,224.833,224.853,224.824,224.853,40.0
2024-10-07 15:55:11,224.863,224.863,224.863,224.863,20.0
2024-10-07 15:55:12,224.854,224.863,224.854,224.863,20.0
2024-10-07 15:55:14,224.843,224.854,224.843,224.854,20.0
2024-10-07 15:55:15,224.864,224.864,224.864,224.864,10.0
2024-10-07 15:55:16,224.864,224.864,224.864,224.864,10.0
2024-10-07 15:55:17,224.873,224.873,224.873,224.873,10.0
2024-10-07 15:55:19,224.864,224.874,224.863,224.874,40.0
2024-10-07 15:55:22,224.873,224.873,224.864,224.873,40.0
2024-10-07 15:55:24,224.854,224.864,224.854,224.864,20.0
2024-10-07 15:55:26,224.873,224.873,224.844,224.863,30.000000000000004
2024-10-07 15:55:29,224.824,224.844,224.824,224.844,20.0
2024-10-07 15:55:30,224.853,224.853,224.853,224.853,20.0
2024-10-07 15:55:34,224.843,224.843,224.834,224.834,20.0
2024-10-07 15:55:35,224.824,224.833,224.824,224.833,20.0
2024-10-07 15:55:39,224.823,224.844,224.823,224.844,20.0
2024-10-07 15:55:40,224.833,224.834,224.823,224.834,30.000000000000004
2024-10-07 15:55:47,224.824,224.824,224.824,224.824,10.0
2024-10-07 15:55:49,224.814,224.814,224.814,224.814,10.0
2024-10-07 15:55:50,224.813,224.813,224.813,224.813,10.0
2024-10-07 15:55:51,224.814,224.814,224.814,224.814,20.0
2024-10-07 15:55:54,224.813,224.824,224.813,224.824,20.0
2024-10-07 15:55:55,224.844,224.844,224.844,224.844,10.0
2024-10-07 15:55:57,224.844,224.844,224.844,224.844,10.0
2024-10-07 15:55:58,224.834,224.834,224.834,224.834,10.0
2024-10-07 15:56:01,224.824,224.834,224.804,224.824,40.0
2024-10-07 15:56:02,224.833,224.833,224.833,224.833,10.0
2024-10-07 15:56:03,224.833,224.833,224.804,224.813,30.000000000000004
2024-10-07 15:56:06,224.804,224.804,224.804,224.804,10.0
2024-10-07 15:56:08,224.803,224.803,224.793,224.793,30.000000000000004
2024-10-07 15:56:09,224.803,224.814,224.803,224.814,20.0
2024-10-07 15:56:12,224.823,224.823,224.823,224.823,20.0
2024-10-07 15:56:13,224.834,224.834,224.834,224.834,10.0
2024-10-07 15:56:14,224.843,224.854,224.843,224.853,60.0
2024-10-07 15:56:15,224.863,224.863,224.863,224.863,10.0
2024-10-07 15:56:16,224.863,224.863,224.863,224.863,10.0
2024-10-07 15:56:17,224.854,224.854,224.854,224.854,10.0
2024-10-07 15:56:20,224.854,224.863,224.854,224.863,20.0
2024-10-07 15:56:25,224.863,224.863,224.863,224.863,10.0
2024-10-07 15:56:26,224.883,224.883,224.883,224.883,10.0
2024-10-07 15:56:27,224.873,224.873,224.873,224.873,10.0
2024-10-07 15:56:30,224.884,224.884,224.883,224.883,20.0
2024-10-07 15:56:31,224.894,224.894,224.893,224.893,30.000000000000004
2024-10-07 15:56:32,224.904,224.904,224.904,224.904,10.0
2024-10-07 15:56:34,224.904,224.904,224.904,224.904,10.0
2024-10-07 15:56:35,224.904,224.904,224.904,224.904,10.0
2024-10-07 15:56:37,224.903,224.903,224.903,224.903,10.0
2024-10-07 15:56:42,224.894,224.894,224.894,224.894,10.0
2024-10-07 15:56:44,224.874,224.874,224.874,224.874,10.0
2024-10-07 15:56:45,224.884,224.884,224.884,224.884,10.0
2024-10-07 15:56:46,224.873,224.883,224.873,224.873,50.0
2024-10-07 15:56:47,224.884,224.884,224.884,224.884,10.0
2024-10-07 15:56:48,224.893,224.893,224.893,224.893,10.0
2024-10-07 15:56:50,224.884,224.884,224.884,224.884,10.0
2024-10-07 15:56:51,224.863,224.863,224.863,224.863,10.0
2024-10-07 15:56:52,224.874,224.874,224.874,224.874,10.0
2024-10-07 15:56:53,224.874,224.884,224.874,224.884,30.000000000000004
2024-10-07 15:56:55,224.894,224.894,224.894,224.894,10.0
2024-10-07 15:56:59,224.893,224.893,224.893,224.893,10.0
2024-10-07 15:57:01,224.883,224.894,224.883,224.883,30.000000000000004
2024-10-07 15:57:04,224.874,224.883,224.874,224.874,30.000000000000004
2024-10-07 15:57:05,224.864,224.874,224.863,224.864,50.0
2024-10-07 15:57:06,224.873,224.873,224.863,224.863,20.0
2024-10-07 15:57:09,224.874,224.874,224.874,224.874,10.0
2024-10-07 15:57:10,224.884,224.884,224.884,224.884,20.0
2024-10-07 15:57:13,224.883,224.894,224.883,224.894,30.000000000000004
2024-10-07 15:57:14,224.903,224.903,224.903,224.903,10.0
2024-10-07 15:57:15,224.924,224.924,224.923,224.923,30.000000000000004
2024-10-07 15:57:19,224.934,224.953,224.934,224.953,20.0
2024-10-07 15:57:20,224.963,224.963,224.963,224.963,10.0
2024-10-07 15:57:21,224.953,224.963,224.953,224.963,20.0
2024-10-07 15:57:22,224.944,224.953,224.944,224.953,20.0
2024-10-07 15:57:23,224.943,224.954,224.943,224.944,30.000000000000004
2024-10-07 15:57:24,224.933,224.933,224.933,224.933,10.0
2024-10-07 15:57:25,224.943,224.943,224.943,224.943,10.0
2024-10-07 15:57:27,224.934,224.944,224.934,224.944,20.0
2024-10-07 15:57:28,224.933,224.933,224.923,224.923,20.0
2024-10-07 15:57:29,224.933,224.944,224.933,224.944,30.000000000000004
2024-10-07 15:57:30,224.944,224.944,224.944,224.944,10.0
2024-10-07 15:57:34,224.933,224.933,224.933,224.933,10.0
2024-10-07 15:57:35,224.944,224.944,224.944,224.944,10.0
2024-10-07 15:57:39,224.943,224.943,224.943,224.943,10.0
2024-10-07 15:57:40,224.943,224.943,224.943,224.943,10.0
2024-10-07 15:57:41,224.944,224.944,224.944,224.944,10.0
2024-10-07 15:57:42,224.943,224.943,224.943,224.943,10.0
2024-10-07 15:57:45,224.943,224.943,224.933,224.933,20.0
2024-10-07 15:57:46,224.934,224.934,224.934,224.934,10.0
2024-10-07 15:57:49,224.933,224.944,224.933,224.944,20.0
2024-10-07 15:57:53,224.934,224.944,224.934,224.944,20.0
2024-10-07 15:57:54,224.943,224.943,224.943,224.943,10.0
2024-10-07 15:57:56,224.933,224.943,224.933,224.943,30.000000000000004
2024-10-07 15:57:59,224.944,224.954,224.944,224.954,20.0
2024-10-07 15:58:01,224.954,224.954,224.954,224.954,10.0
2024-10-07 15:58:02,224.953,224.953,224.953,224.953,10.0
2024-10-07 15:58:03,224.973,224.983,224.973,224.973,30.000000000000004
2024-10-07 15:58:04,224.984,224.984,224.984,224.984,10.0
2024-10-07 15:58:05,224.983,224.983,224.983,224.983,10.0
2024-10-07 15:58:07,224.944,224.944,224.944,224.944,10.0
2024-10-07 15:58:08,224.954,224.954,224.954,224.954,20.0
2024-10-07 15:58:09,224.953,224.953,224.953,224.953,10.0
2024-10-07 15:58:11,224.953,224.954,224.953,224.954,20.0
2024-10-07 15:58:12,224.944,224.944,224.933,224.933,20.0
2024-10-07 15:58:13,224.944,224.944,224.934,224.934,20.0
2024-10-07 15:58:14,224.933,224.944,224.933,224.934,30.000000000000004
2024-10-07 15:58:15,224.934,224.934,224.934,224.934,10.0
2024-10-07 15:58:17,224.923,224.923,224.923,224.923,10.0
2024-10-07 15:58:19,224.924,224.924,224.913,224.913,30.000000000000004
2024-10-07 15:58:20,224.933,224.933,224.933,224.933,10.0
2024-10-07 15:58:26,224.924,224.933,224.924,224.933,30.000000000000004
2024-10-07 15:58:27,224.923,224.934,224.923,224.934,20.0
2024-10-07 15:58:30,224.914,224.914,224.914,224.914,10.0
2024-10-07 15:58:31,224.923,224.923,224.923,224.923,10.0
2024-10-07 15:58:32,224.933,224.933,224.933,224.933,10.0
2024-10-07 15:58:33,224.934,224.934,224.934,224.934,10.0
2024-10-07 15:58:34,224.933,224.933,224.933,224.933,10.0
2024-10-07 15:58:35,224.924,224.924,224.903,224.903,30.000000000000004
2024-10-07 15:58:36,224.893,224.893,224.893,224.893,10.0
2024-10-07 15:58:37,224.913,224.913,224.913,224.913,10.0
2024-10-07 15:58:38,224.924,224.924,224.913,224.913,20.0
2024-10-07 15:58:39,224.923,224.923,224.923,224.923,10.0
2024-10-07 15:58:41,224.913,224.913,224.904,224.904,20.0
2024-10-07 15:58:44,224.913,224.913,224.903,224.903,20.0
2024-10-07 15:58:45,224.913,224.924,224.913,224.924,20.0
2024-10-07 15:58:46,224.924,224.924,224.924,224.924,20.0
2024-10-07 15:58:48,224.923,224.924,224.923,224.924,20.0
2024-10-07 15:58:49,224.924,224.924,224.924,224.924,10.0
2024-10-07 15:58:50,224.923,224.923,224.923,224.923,10.0
2024-10-07 15:58:52,224.913,224.924,224.913,224.913,40.0
2024-10-07 15:58:53,224.914,224.914,224.914,224.914,10.0
2024-10-07 15:59:00,224.923,224.923,224.923,224.923,20.0
2024-10-07 15:59:01,224.924,224.924,224.924,224.924,20.0
2024-10-07 15:59:02,224.923,224.923,224.923,224.923,10.0
2024-10-07 15:59:04,224.924,224.924,224.924,224.924,10.0
2024-10-07 15:59:05,224.924,224.924,224.923,224.924,30.000000000000004
2024-10-07 15:59:07,224.923,224.924,224.923,224.924,20.0
2024-10-07 15:59:08,224.914,224.914,224.914,224.914,10.0
2024-10-07 15:59:09,224.924,224.924,224.924,224.924,10.0
2024-10-07 15:59:12,224.923,224.923,224.923,224.923,10.0
2024-10-07 15:59:13,224.924,224.924,224.924,224.924,10.0
2024-10-07 15:59:14,224.934,224.934,224.934,224.934,30.000000000000004
2024-10-07 15:59:18,224.923,224.924,224.923,224.923,30.000000000000004
2024-10-07 15:59:19,224.923,224.923,224.923,224.923,10.0
2024-10-07 15:59:20,224.933,224.933,224.933,224.933,10.0
2024-10-07 15:59:21,224.923,224.923,224.913,224.913,30.000000000000004
2024-10-07 15:59:24,224.903,224.904,224.883,224.904,40.0
2024-10-07 15:59:32,224.904,224.904,224.903,224.904,40.0
2024-10-07 15:59:33,224.893,224.903,224.893,224.903,20.0
2024-10-07 15:59:34,224.893,224.893,224.884,224.884,20.0
2024-10-07 15:59:35,224.893,224.904,224.893,224.904,30.000000000000004
2024-10-07 15:59:36,224.903,224.903,224.903,224.903,10.0
2024-10-07 15:59:39,224.914,224.924,224.913,224.924,30.000000000000004
2024-10-07 15:59:40,224.914,224.914,224.914,224.914,10.0
2024-10-07 15:59:41,224.904,224.914,224.904,224.914,20.0
2024-10-07 15:59:43,224.913,224.913,224.913,224.913,10.0
2024-10-07 15:59:51,224.913,224.913,224.913,224.913,10.0
2024-10-07 15:59:52,224.904,224.914,224.904,224.914,20.0
2024-10-07 15:59:53,224.913,224.913,224.913,224.913,10.0
2024-10-07 15:59:56,224.914,224.914,224.914,224.914,10.0
2024-10-07 15:59:57,224.903,224.903,224.903,224.903,10.0
2024-10-07 15:59:58,224.913,224.913,224.913,224.913,10.0
2024-10-07 16:00:00,224.904,224.913,224.904,224.913,20.0
2024-10-07 16:00:01,224.904,224.904,224.904,224.904,10.0
2024-10-07 16:00:02,224.893,224.893,224.863,224.863,40.0
2024-10-07 16:00:03,224.874,224.874,224.874,224.874,10.0
2024-10-07 16:00:04,224.883,224.883,224.883,224.883,10.0
2024-10-07 16:00:05,224.893,224.893,224.893,224.893,10.0
2024-10-07 16:00:10,224.883,224.884,224.883,224.884,20.0
2024-10-07 16:00:11,224.874,224.874,224.874,224.874,10.0
2024-10-07 16:00:12,224.874,224.874,224.874,224.874,10.0
2024-10-07 16:00:13,224.873,224.884,224.873,224.884,20.0
2024-10-07 16:00:14,224.883,224.883,224.883,224.883,20.0
2024-10-07 16:00:15,224.873,224.883,224.864,224.864,40.0
2024-10-07 16:00:16,224.884,224.884,224.873,224.873,30.000000000000004
2024-10-07 16:00:17,224.873,224.873,224.863,224.863,20.0
2024-10-07 16:00:18,224.874,224.874,224.874,224.874,10.0
2024-10-07 16:00:19,224.884,224.904,224.884,224.893,30.000000000000004
2024-10-07 16:00:20,224.894,224.904,224.894,224.904,20.0
2024-10-07 16:00:21,224.894,224.904,224.894,224.904,20.0
2024-10-07 16:00:25,224.894,224.894,224.874,224.874,40.0
2024-10-07 16:00:26,224.884,224.893,224.884,224.893,20.0
2024-10-07 16:00:28,224.904,224.904,224.884,224.884,60.0
2024-10-07 16:00:29,224.894,224.894,224.883,224.893,30.000000000000004
2024-10-07 16:00:30,224.894,224.894,224.873,224.873,30.000000000000004
2024-10-07 16:00:31,224.893,224.893,224.883,224.883,40.0
2024-10-07 16:00:32,224.894,224.894,224.873,224.893,70.00000000000001
2024-10-07 16:00:33,224.883,224.893,224.883,224.893,20.0
2024-10-07 16:00:34,224.893,224.893,224.893,224.893,10.0
2024-10-07 16:00:37,224.873,224.894,224.873,224.894,50.0
2024-10-07 16:00:38,224.893,224.893,224.883,224.883,30.000000000000004
2024-10-07 16:00:39,224.893,224.893,224.893,224.893,10.0
2024-10-07 16:00:41,224.894,224.903,224.894,224.903,20.0
2024-10-07 16:00:42,224.904,224.904,224.894,224.894,20.0
2024-10-07 16:00:44,224.883,224.894,224.883,224.894,20.0
2024-10-07 16:00:45,224.883,224.894,224.883,224.893,40.0
2024-10-07 16:00:46,224.884,224.893,224.883,224.883,30.000000000000004
2024-10-07 16:00:49,224.894,224.894,224.894,224.894,10.0
2024-10-07 16:00:50,224.903,224.903,224.893,224.893,20.0
2024-10-07 16:00:52,224.894,224.894,224.894,224.894,10.0
2024-10-07 16:00:53,224.904,224.943,224.904,224.943,40.0
2024-10-07 16:00:55,224.934,224.943,224.934,224.943,20.0
2024-10-07 16:01:02,224.933,224.933,224.923,224.923,20.0
2024-10-07 16:01:03,224.924,224.934,224.924,224.934,20.0
2024-10-07 16:01:04,224.934,224.934,224.924,224.924,20.0
2024-10-07 16:01:05,224.934,224.934,224.934,224.934,10.0
2024-10-07 16:01:07,224.923,224.923,224.923,224.923,10.0
2024-10-07 16:01:10,224.914,224.914,224.914,224.914,10.0
2024-10-07 16:01:13,224.904,224.904,224.904,224.904,10.0
2024-10-07 16:01:16,224.893,224.893,224.893,224.893,10.0
2024-10-07 16:01:17,224.894,224.894,224.894,224.894,10.0
2024-10-07 16:01:19,224.874,224.874,224.874,224.874,10.0
2024-10-07 16:01:20,224.884,224.884,224.873,224.873,20.0
2024-10-07 16:01:21,224.884,224.884,224.854,224.854,30.000000000000004
2024-10-07 16:01:22,224.854,224.854,224.854,224.854,10.0
2024-10-07 16:01:23,224.853,224.864,224.833,224.843,50.0
2024-10-07 16:01:24,224.833,224.843,224.833,224.833,30.000000000000004
2024-10-07 16:01:25,224.834,224.834,224.834,224.834,20.0
2024-10-07 16:01:26,224.844,224.844,224.833,224.843,30.000000000000004
2024-10-07 16:01:27,224.834,224.844,224.834,224.844,30.000000000000004
2024-10-07 16:01:28,224.853,224.853,224.853,224.853,30.000000000000004
2024-10-07 16:01:29,224.854,224.854,224.844,224.844,20.0
2024-10-07 16:01:30,224.854,224.854,224.843,224.843,50.0
2024-10-07 16:01:31,224.833,224.843,224.833,224.843,20.0
2024-10-07 16:01:32,224.843,224.843,224.833,224.833,20.0
2024-10-07 16:01:33,224.844,224.864,224.843,224.864,60.0
2024-10-07 16:01:34,224.864,224.864,224.864,224.864,20.0
2024-10-07 16:01:35,224.874,224.883,224.874,224.883,20.0
2024-10-07 16:01:36,224.873,224.874,224.873,224.874,30.000000000000004
2024-10-07 16:01:39,224.864,224.883,224.864,224.883,30.000000000000004
2024-10-07 16:01:40,224.884,224.884,224.884,224.884,10.0
2024-10-07 16:01:41,224.883,224.883,224.883,224.883,10.0
2024-10-07 16:01:42,224.884,224.884,224.863,224.863,40.0
2024-10-07 16:01:43,224.883,224.883,224.873,224.873,40.0
2024-10-07 16:01:45,224.873,224.873,224.873,224.873,10.0
2024-10-07 16:01:46,224.863,224.874,224.863,224.874,40.0
2024-10-07 16:01:47,224.883,224.883,224.874,224.874,20.0
2024-10-07 16:01:49,224.883,224.883,224.874,224.874,20.0
2024-10-07 16:01:51,224.883,224.884,224.873,224.873,40.0
2024-10-07 16:01:52,224.874,224.874,224.874,224.874,10.0
2024-10-07 16:01:53,224.883,224.884,224.883,224.884,20.0
2024-10-07 16:01:55,224.883,224.884,224.874,224.874,50.0
2024-10-07 16:01:56,224.874,224.874,224.874,224.874,10.0
2024-10-07 16:01:57,224.884,224.884,224.884,224.884,10.0
2024-10-07 16:01:58,224.874,224.883,224.874,224.883,20.0
2024-10-07 16:02:00,224.893,224.893,224.893,224.893,10.0
2024-10-07 16:02:01,224.893,224.893,224.893,224.893,10.0
2024-10-07 16:02:02,224.893,224.894,224.893,224.894,30.000000000000004
2024-10-07 16:02:03,224.913,224.913,224.913,224.913,10.0
2024-10-07 16:02:04,224.914,224.914,224.914,224.914,10.0
2024-10-07 16:02:06,224.914,224.914,224.913,224.913,30.000000000000004
2024-10-07 16:02:07,224.924,224.924,224.923,224.923,30.000000000000004
2024-10-07 16:02:08,224.923,224.923,224.913,224.913,20.0
2024-10-07 16:02:09,224.904,224.914,224.904,224.914,40.0
2024-10-07 16:02:10,224.894,224.894,224.894,224.894,20.0
2024-10-07 16:02:14,224.883,224.893,224.874,224.874,30.000000000000004
2024-10-07 16:02:16,224.874,224.874,224.874,224.874,10.0
2024-10-07 16:02:17,224.883,224.893,224.863,224.893,80.0
2024-10-07 16:02:18,224.893,224.893,224.893,224.893,10.0
2024-10-07 16:02:19,224.883,224.883,224.883,224.883,10.0
2024-10-07 16:02:20,224.894,224.894,224.894,224.894,10.0
2024-10-07 16:02:21,224.884,224.884,224.874,224.874,30.000000000000004
2024-10-07 16:02:22,224.873,224.873,224.863,224.863,20.0
2024-10-07 16:02:23,224.863,224.873,224.844,224.844,50.0
2024-10-07 16:02:24,224.834,224.843,224.793,224.793,60.0
2024-10-07 16:02:25,224.794,224.794,224.773,224.773,60.0
2024-10-07 16:02:26,224.784,224.793,224.784,224.793,20.0
2024-10-07 16:02:27,224.794,224.794,224.794,224.794,10.0
2024-10-07 16:02:28,224.814,224.814,224.814,224.814,20.0
2024-10-07 16:02:30,224.814,224.824,224.814,224.824,20.0
2024-10-07 16:02:31,224.833,224.833,224.833,224.833,10.0
2024-10-07 16:02:35,224.833,224.833,224.833,224.833,10.0
2024-10-07 16:02:36,224.823,224.833,224.823,224.833,20.0
2024-10-07 16:02:44,224.813,224.823,224.813,224.823,40.0
2024-10-07 16:02:45,224.814,224.814,224.814,224.814,10.0
2024-10-07 16:02:46,224.823,224.823,224.823,224.823,10.0
2024-10-07 16:02:47,224.813,224.813,224.804,224.804,20.0
2024-10-07 16:02:48,224.793,224.803,224.793,224.803,20.0
2024-10-07 16:02:49,224.784,224.784,224.784,224.784,20.0
2024-10-07 16:02:50,224.793,224.793,224.784,224.784,20.0
2024-10-07 16:02:51,224.793,224.793,224.783,224.783,60.0
2024-10-07 16:02:52,224.803,224.803,224.783,224.783,50.0
2024-10-07 16:02:53,224.794,224.794,224.774,224.784,50.0
2024-10-07 16:02:54,224.783,224.783,224.783,224.783,10.0
2024-10-07 16:02:55,224.793,224.793,224.793,224.793,10.0
2024-10-07 16:02:56,224.803,224.803,224.803,224.803,20.0
2024-10-07 16:02:58,224.813,224.813,224.813,224.813,20.0
2024-10-07 16:02:59,224.823,224.823,224.823,224.823,20.0
2024-10-07 16:03:03,224.814,224.814,224.814,224.814,10.0
2024-10-07 16:03:04,224.814,224.814,224.803,224.803,20.0
2024-10-07 16:03:05,224.814,224.814,224.804,224.813,70.00000000000001
2024-10-07 16:03:08,224.813,224.813,224.813,224.813,10.0
2024-10-07 16:03:09,224.804,224.804,224.804,224.804,10.0
2024-10-07 16:03:11,224.794,224.794,224.794,224.794,10.0
2024-10-07 16:03:12,224.783,224.783,224.783,224.783,10.0
2024-10-07 16:03:14,224.773,224.784,224.773,224.784,40.0
2024-10-07 16:03:15,224.794,224.794,224.794,224.794,10.0
2024-10-07 16:03:16,224.803,224.813,224.803,224.813,30.000000000000004
2024-10-07 16:03:17,224.804,224.804,224.804,224.804,10.0
2024-10-07 16:03:20,224.794,224.794,224.783,224.794,30.000000000000004
2024-10-07 16:03:22,224.804,224.804,224.793,224.804,30.000000000000004
2024-10-07 16:03:23,224.784,224.784,224.784,224.784,10.0
2024-10-07 16:03:26,224.774,224.774,224.774,224.774,20.0
2024-10-07 16:03:27,224.763,224.774,224.763,224.774,20.0
2024-10-07 16:03:30,224.783,224.783,224.783,224.783,30.000000000000004
2024-10-07 16:03:31,224.774,224.783,224.774,224.783,20.0
2024-10-07 16:03:34,224.774,224.774,224.764,224.764,20.0
2024-10-07 16:03:35,224.763,224.763,224.763,224.763,10.0
2024-10-07 16:03:37,224.764,224.774,224.764,224.774,20.0
2024-10-07 16:03:39,224.774,224.774,224.774,224.774,10.0
2024-10-07 16:03:40,224.784,224.784,224.784,224.784,10.0
2024-10-07 16:03:41,224.773,224.773,224.773,224.773,10.0
2024-10-07 16:03:46,224.764,224.774,224.764,224.774,20.0
2024-10-07 16:03:57,224.753,224.764,224.753,224.764,40.0
2024-10-07 16:03:58,224.744,224.764,224.744,224.744,30.000000000000004
2024-10-07 16:04:00,224.743,224.743,224.743,224.743,10.0
2024-10-07 16:04:01,224.753,224.753,224.744,224.744,20.0
2024-10-07 16:04:03,224.753,224.764,224.753,224.764,50.0
2024-10-07 16:04:04,224.763,224.764,224.733,224.743,50.0
2024-10-07 16:04:05,224.734,224.734,224.734,224.734,10.0
2024-10-07 16:04:09,224.713,224.733,224.713,224.733,50.0
2024-10-07 16:04:11,224.744,224.754,224.744,224.754,20.0
2024-10-07 16:04:13,224.744,224.744,224.744,224.744,10.0
2024-10-07 16:04:16,224.754,224.754,224.754,224.754,10.0
2024-10-07 16:04:17,224.754,224.754,224.754,224.754,10.0
2024-10-07 16:04:18,224.764,224.773,224.764,224.773,20.0
2024-10-07 16:04:19,224.774,224.774,224.763,224.763,20.0
2024-10-07 16:04:20,224.773,224.773,224.773,224.773,10.0
2024-10-07 16:04:21,224.743,224.754,224.743,224.754,20.0
2024-10-07 16:04:23,224.744,224.754,224.744,224.754,20.0
2024-10-07 16:04:27,224.754,224.754,224.754,224.754,10.0
2024-10-07 16:04:29,224.754,224.754,224.754,224.754,10.0
2024-10-07 16:04:30,224.753,224.753,224.753,224.753,10.0
2024-10-07 16:04:35,224.753,224.753,224.753,224.753,10.0
2024-10-07 16:04:38,224.753,224.753,224.753,224.753,10.0
2024-10-07 16:04:39,224.763,224.764,224.763,224.764,20.0
2024-10-07 16:04:40,224.754,224.754,224.754,224.754,10.0
2024-10-07 16:04:41,224.763,224.763,224.763,224.763,10.0
2024-10-07 16:04:45,224.764,224.764,224.764,224.764,10.0
2024-10-07 16:04:48,224.753,224.753,224.753,224.753,10.0
2024-10-07 16:04:50,224.753,224.753,224.753,224.753,10.0
2024-10-07 16:04:51,224.753,224.753,224.753,224.753,10.0
2024-10-07 16:04:52,224.764,224.764,224.754,224.754,20.0
2024-10-07 16:04:53,224.753,224.753,224.753,224.753,10.0
2024-10-07 16:04:56,224.753,224.753,224.734,224.734,30.000000000000004
2024-10-07 16:04:59,224.743,224.743,224.743,224.743,10.0
2024-10-07 16:05:01,224.754,224.754,224.753,224.753,20.0
2024-10-07 16:05:02,224.764,224.764,224.764,224.764,10.0
2024-10-07 16:05:03,224.763,224.763,224.763,224.763,10.0
2024-10-07 16:05:04,224.763,224.763,224.763,224.763,10.0
2024-10-07 16:05:06,224.744,224.744,224.743,224.743,20.0
2024-10-07 16:05:07,224.734,224.734,224.734,224.734,10.0
2024-10-07 16:05:08,224.723,224.723,224.723,224.723,10.0
2024-10-07 16:05:09,224.713,224.713,224.693,224.693,20.0
2024-10-07 16:05:10,224.703,224.704,224.703,224.704,20.0
2024-10-07 16:05:13,224.693,224.693,224.693,224.693,10.0
2024-10-07 16:05:14,224.703,224.703,224.703,224.703,10.0
2024-10-07 16:05:17,224.704,224.704,224.704,224.704,10.0
2024-10-07 16:05:18,224.713,224.713,224.713,224.713,10.0
2024-10-07 16:05:19,224.703,224.714,224.683,224.683,30.000000000000004
2024-10-07 16:05:20,224.674,224.683,224.673,224.683,50.0
2024-10-07 16:05:21,224.694,224.694,224.683,224.683,30.000000000000004
2024-10-07 16:05:22,224.683,224.683,224.683,224.683,10.0
2024-10-07 16:05:23,224.683,224.694,224.683,224.694,20.0
2024-10-07 16:05:24,224.694,224.694,224.694,224.694,10.0
2024-10-07 16:05:26,224.694,224.694,224.694,224.694,10.0
2024-10-07 16:05:27,224.694,224.694,224.694,224.694,10.0
2024-10-07 16:05:28,224.693,224.704,224.693,224.704,20.0
2024-10-07 16:05:29,224.704,224.704,224.703,224.703,20.0
2024-10-07 16:05:30,224.714,224.714,224.713,224.713,30.000000000000004
2024-10-07 16:05:32,224.694,224.694,224.694,224.694,20.0
2024-10-07 16:05:33,224.693,224.693,224.693,224.693,10.0
2024-10-07 16:05:34,224.684,224.684,224.683,224.683,20.0
2024-10-07 16:05:36,224.683,224.683,224.683,224.683,10.0
2024-10-07 16:05:37,224.683,224.683,224.683,224.683,10.0
2024-10-07 16:05:38,224.683,224.683,224.673,224.673,20.0
2024-10-07 16:05:40,224.663,224.663,224.663,224.663,10.0
2024-10-07 16:05:42,224.653,224.663,224.653,224.663,20.0
2024-10-07 16:05:43,224.663,224.663,224.663,224.663,20.0
2024-10-07 16:05:47,224.673,224.673,224.673,224.673,10.0
2024-10-07 16:05:48,224.673,224.673,224.673,224.673,10.0
2024-10-07 16:05:49,224.684,224.684,224.684,224.684,20.0
2024-10-07 16:05:51,224.673,224.673,224.663,224.663,20.0
2024-10-07 16:05:53,224.653,224.653,224.653,224.653,10.0
2024-10-07 16:05:54,224.634,224.634,224.634,224.634,10.0
2024-10-07 16:05:56,224.624,224.624,224.624,224.624,10.0
2024-10-07 16:06:00,224.643,224.643,224.634,224.634,30.000000000000004
2024-10-07 16:06:01,224.624,224.624,224.624,224.624,10.0
2024-10-07 16:06:02,224.633,224.633,224.603,224.603,20.0
2024-10-07 16:06:03,224.594,224.594,224.594,224.594,10.0
2024-10-07 16:06:04,224.604,224.604,224.603,224.603,70.00000000000001
2024-10-07 16:06:05,224.603,224.603,224.603,224.603,10.0
2024-10-07 16:06:06,224.593,224.593,224.593,224.593,10.0
2024-10-07 16:06:09,224.603,224.613,224.603,224.613,30.000000000000004
2024-10-07 16:06:10,224.613,224.623,224.613,224.613,30.000000000000004
2024-10-07 16:06:11,224.613,224.613,224.613,224.613,10.0
2024-10-07 16:06:12,224.614,224.614,224.614,224.614,20.0
2024-10-07 16:06:14,224.604,224.604,224.594,224.594,40.0
2024-10-07 16:06:15,224.604,224.613,224.603,224.613,30.000000000000004
2024-10-07 16:06:18,224.613,224.614,224.613,224.614,20.0
2024-10-07 16:06:21,224.613,224.613,224.613,224.613,10.0
2024-10-07 16:06:25,224.603,224.603,224.603,224.603,10.0
2024-10-07 16:06:26,224.593,224.593,224.593,224.593,10.0
2024-10-07 16:06:27,224.604,224.604,224.603,224.603,20.0
2024-10-07 16:06:28,224.603,224.604,224.603,224.604,20.0
2024-10-07 16:06:29,224.604,224.604,224.604,224.604,10.0
2024-10-07 16:06:31,224.614,224.614,224.603,224.603,20.0
2024-10-07 16:06:32,224.603,224.603,224.603,224.603,30.000000000000004
2024-10-07 16:06:33,224.613,224.613,224.593,224.593,30.000000000000004
2024-10-07 16:06:34,224.583,224.583,224.583,224.583,10.0
2024-10-07 16:06:35,224.574,224.574,224.574,224.574,10.0
2024-10-07 16:06:38,224.563,224.563,224.543,224.543,50.0
2024-10-07 16:06:39,224.554,224.554,224.554,224.554,20.0
2024-10-07 16:06:41,224.554,224.554,224.554,224.554,10.0
2024-10-07 16:06:42,224.563,224.563,224.563,224.563,10.0
2024-10-07 16:06:44,224.544,224.544,224.534,224.543,30.000000000000004
2024-10-07 16:06:49,224.544,224.544,224.543,224.543,40.0
2024-10-07 16:06:50,224.564,224.564,224.564,224.564,10.0
2024-10-07 16:06:52,224.554,224.563,224.554,224.563,20.0
2024-10-07 16:06:53,224.564,224.564,224.564,224.564,20.0
2024-10-07 16:06:55,224.543,224.543,224.543,224.543,10.0
2024-10-07 16:06:57,224.523,224.523,224.523,224.523,10.0
2024-10-07 16:06:58,224.523,224.523,224.514,224.514,20.0
2024-10-07 16:06:59,224.523,224.523,224.523,224.523,10.0
2024-10-07 16:07:00,224.513,224.513,224.513,224.513,10.0
2024-10-07 16:07:01,224.514,224.514,224.514,224.514,10.0
2024-10-07 16:07:04,224.533,224.544,224.533,224.544,20.0
2024-10-07 16:07:05,224.573,224.574,224.573,224.574,20.0
2024-10-07 16:07:06,224.573,224.573,224.573,224.573,10.0
2024-10-07 16:07:07,224.563,224.563,224.563,224.563,10.0
2024-10-07 16:07:08,224.573,224.573,224.573,224.573,10.0
2024-10-07 16:07:10,224.564,224.564,224.564,224.564,10.0
2024-10-07 16:07:11,224.563,224.563,224.563,224.563,10.0
2024-10-07 16:07:12,224.553,224.553,224.553,224.553,10.0
2024-10-07 16:07:15,224.553,224.553,224.553,224.553,10.0
2024-10-07 16:07:17,224.574,224.574,224.574,224.574,10.0
2024-10-07 16:07:18,224.574,224.574,224.574,224.574,10.0
2024-10-07 16:07:22,224.573,224.574,224.563,224.573,40.0
2024-10-07 16:07:24,224.573,224.573,224.573,224.573,20.0
2024-10-07 16:07:25,224.573,224.573,224.573,224.573,10.0
2024-10-07 16:07:40,224.564,224.564,224.553,224.553,20.0
2024-10-07 16:07:45,224.544,224.544,224.544,224.544,10.0
2024-10-07 16:07:48,224.554,224.554,224.554,224.554,10.0
2024-10-07 16:07:50,224.563,224.574,224.563,224.574,20.0
2024-10-07 16:08:17,224.574,224.594,224.574,224.594,20.0
2024-10-07 16:08:18,224.593,224.594,224.593,224.594,20.0
2024-10-07 16:08:20,224.593,224.603,224.593,224.603,20.0
2024-10-07 16:08:21,224.604,224.604,224.604,224.604,10.0
2024-10-07 16:08:22,224.604,224.604,224.583,224.583,20.0
2024-10-07 16:08:23,224.583,224.593,224.583,224.593,20.0
2024-10-07 16:08:24,224.593,224.594,224.593,224.594,40.0
2024-10-07 16:08:28,224.583,224.583,224.583,224.583,10.0
2024-10-07 16:08:30,224.564,224.583,224.564,224.583,20.0
2024-10-07 16:08:31,224.584,224.584,224.553,224.584,30.000000000000004
2024-10-07 16:08:32,224.584,224.584,224.573,224.584,40.0
2024-10-07 16:08:34,224.563,224.563,224.563,224.563,10.0
2024-10-07 16:08:35,224.573,224.594,224.573,224.593,40.0
2024-10-07 16:08:36,224.584,224.584,224.584,224.584,10.0
2024-10-07 16:08:37,224.594,224.594,224.594,224.594,20.0
2024-10-07 16:08:38,224.593,224.594,224.583,224.583,40.0
2024-10-07 16:08:40,224.573,224.583,224.573,224.583,20.0
2024-10-07 16:08:41,224.583,224.583,224.573,224.583,30.000000000000004
2024-10-07 16:08:43,224.583,224.583,224.583,224.583,10.0
2024-10-07 16:08:44,224.553,224.553,224.553,224.553,10.0
2024-10-07 16:08:47,224.543,224.543,224.533,224.543,30.000000000000004
2024-10-07 16:08:48,224.534,224.543,224.534,224.543,20.0
2024-10-07 16:08:49,224.534,224.534,224.534,224.534,10.0
2024-10-07 16:08:54,224.533,224.533,224.533,224.533,10.0
2024-10-07 16:08:56,224.523,224.523,224.523,224.523,10.0
2024-10-07 16:08:58,224.533,224.533,224.533,224.533,10.0
2024-10-07 16:08:59,224.533,224.534,224.533,224.534,30.000000000000004
2024-10-07 16:09:00,224.514,224.534,224.493,224.493,50.0
2024-10-07 16:09:01,224.484,224.484,224.473,224.484,40.0
2024-10-07 16:09:02,224.474,224.494,224.474,224.483,60.0
2024-10-07 16:09:04,224.493,224.494,224.483,224.483,30.000000000000004
2024-10-07 16:09:05,224.493,224.493,224.493,224.493,10.0
2024-10-07 16:09:06,224.483,224.483,224.483,224.483,10.0
2024-10-07 16:09:07,224.463,224.474,224.453,224.473,40.0
2024-10-07 16:09:08,224.463,224.474,224.463,224.474,20.0
2024-10-07 16:09:09,224.483,224.483,224.483,224.483,10.0
2024-10-07 16:09:11,224.464,224.474,224.444,224.444,30.000000000000004
2024-10-07 16:09:12,224.433,224.453,224.433,224.453,30.000000000000004
2024-10-07 16:09:13,224.453,224.464,224.453,224.464,20.0
2024-10-07 16:09:14,224.463,224.474,224.463,224.474,20.0
2024-10-07 16:09:15,224.464,224.474,224.463,224.474,40.0
2024-10-07 16:09:16,224.454,224.473,224.454,224.473,20.0
2024-10-07 16:09:17,224.453,224.464,224.444,224.444,30.000000000000004
2024-10-07 16:09:18,224.443,224.444,224.443,224.444,20.0
2024-10-07 16:09:20,224.444,224.444,224.403,224.403,30.000000000000004
2024-10-07 16:09:21,224.413,224.414,224.404,224.414,40.0
2024-10-07 16:09:22,224.404,224.413,224.403,224.403,30.000000000000004
2024-10-07 16:09:23,224.414,224.414,224.394,224.404,30.000000000000004
2024-10-07 16:09:24,224.403,224.414,224.403,224.414,20.0
2024-10-07 16:09:27,224.404,224.413,224.404,224.413,20.0
2024-10-07 16:09:28,224.403,224.414,224.403,224.413,30.000000000000004
2024-10-07 16:09:29,224.424,224.424,224.414,224.414,20.0
2024-10-07 16:09:31,224.403,224.403,224.393,224.393,20.0
2024-10-07 16:09:32,224.394,224.394,224.394,224.394,10.0
2024-10-07 16:09:33,224.403,224.413,224.394,224.403,40.0
2024-10-07 16:09:34,224.394,224.403,224.394,224.403,20.0
2024-10-07 16:09:35,224.394,224.404,224.394,224.404,20.0
2024-10-07 16:09:36,224.403,224.403,224.403,224.403,10.0
2024-10-07 16:09:37,224.384,224.384,224.383,224.383,20.0
2024-10-07 16:09:38,224.374,224.374,224.374,224.374,10.0
2024-10-07 16:09:40,224.364,224.364,224.364,224.364,20.0
2024-10-07 16:09:41,224.364,224.364,224.364,224.364,10.0
2024-10-07 16:09:42,224.363,224.363,224.354,224.354,20.0
2024-10-07 16:09:43,224.364,224.364,224.304,224.323,60.0
2024-10-07 16:09:44,224.334,224.354,224.334,224.354,40.0
2024-10-07 16:09:45,224.353,224.364,224.353,224.363,50.0
2024-10-07 16:09:46,224.353,224.353,224.334,224.334,30.000000000000004
2024-10-07 16:09:47,224.324,224.334,224.324,224.324,30.000000000000004
2024-10-07 16:09:48,224.334,224.334,224.323,224.323,20.0
2024-10-07 16:09:49,224.333,224.333,224.333,224.333,10.0
2024-10-07 16:09:51,224.323,224.323,224.323,224.323,10.0
2024-10-07 16:09:52,224.323,224.344,224.323,224.343,50.0
2024-10-07 16:09:53,224.344,224.344,224.344,224.344,10.0
2024-10-07 16:09:54,224.344,224.344,224.333,224.333,20.0
2024-10-07 16:09:55,224.334,224.334,224.334,224.334,10.0
2024-10-07 16:09:56,224.324,224.324,224.324,224.324,10.0
2024-10-07 16:09:57,224.303,224.313,224.303,224.313,20.0
2024-10-07 16:09:58,224.313,224.313,224.313,224.313,10.0
2024-10-07 16:10:01,224.304,224.304,224.274,224.274,40.0
2024-10-07 16:10:02,224.244,224.273,224.234,224.273,70.00000000000001
2024-10-07 16:10:03,224.264,224.264,224.254,224.254,20.0
2024-10-07 16:10:04,224.264,224.264,224.213,224.243,70.00000000000001
2024-10-07 16:10:05,224.253,224.253,224.243,224.243,30.000000000000004
2024-10-07 16:10:06,224.223,224.233,224.193,224.193,60.0
2024-10-07 16:10:07,224.193,224.203,224.164,224.173,80.0
2024-10-07 16:10:08,224.173,224.193,224.173,224.184,50.0
2024-10-07 16:10:09,224.164,224.174,224.154,224.154,90.0
2024-10-07 16:10:10,224.133,224.143,224.104,224.114,80.0
2024-10-07 16:10:11,224.124,224.143,224.124,224.143,20.0
2024-10-07 16:10:12,224.144,224.144,224.124,224.134,50.0
2024-10-07 16:10:13,224.144,224.144,224.124,224.144,50.0
2024-10-07 16:10:14,224.174,224.183,224.164,224.174,40.0
2024-10-07 16:10:15,224.184,224.194,224.183,224.183,50.0
2024-10-07 16:10:16,224.184,224.184,224.183,224.183,20.0
2024-10-07 16:10:17,224.164,224.204,224.164,224.194,50.0
2024-10-07 16:10:18,224.203,224.204,224.193,224.204,70.00000000000001
2024-10-07 16:10:19,224.193,224.224,224.193,224.213,60.0
2024-10-07 16:10:20,224.204,224.204,224.203,224.203,40.0
2024-10-07 16:10:21,224.203,224.203,224.203,224.203,10.0
2024-10-07 16:10:23,224.213,224.214,224.213,224.214,20.0
2024-10-07 16:10:25,224.204,224.204,224.173,224.173,40.0
2024-10-07 16:10:26,224.183,224.204,224.183,224.204,20.0
2024-10-07 16:10:27,224.203,224.203,224.203,224.203,10.0
2024-10-07 16:10:28,224.234,224.244,224.233,224.244,30.000000000000004
2024-10-07 16:10:29,224.253,224.253,224.253,224.253,20.0
2024-10-07 16:10:30,224.264,224.274,224.264,224.273,40.0
2024-10-07 16:10:31,224.283,224.283,224.274,224.274,30.000000000000004
2024-10-07 16:10:32,224.253,224.263,224.244,224.244,30.000000000000004
2024-10-07 16:10:33,224.244,224.264,224.244,224.264,40.0
2024-10-07 16:10:34,224.274,224.284,224.273,224.284,50.0
2024-10-07 16:10:35,224.294,224.294,224.293,224.293,20.0
2024-10-07 16:10:36,224.304,224.304,224.274,224.274,50.0
2024-10-07 16:10:37,224.284,224.303,224.284,224.303,30.000000000000004
2024-10-07 16:10:40,224.304,224.334,224.294,224.334,50.0
2024-10-07 16:10:41,224.353,224.353,224.353,224.353,10.0
2024-10-07 16:10:42,224.374,224.374,224.374,224.374,10.0
2024-10-07 16:10:44,224.384,224.384,224.384,224.384,10.0
2024-10-07 16:10:45,224.383,224.383,224.383,224.383,10.0
2024-10-07 16:10:47,224.383,224.384,224.383,224.384,20.0
2024-10-07 16:10:48,224.393,224.404,224.393,224.403,60.0
2024-10-07 16:10:49,224.374,224.374,224.374,224.374,10.0
2024-10-07 16:10:50,224.393,224.393,224.393,224.393,10.0
2024-10-07 16:10:53,224.363,224.374,224.363,224.374,20.0
2024-10-07 16:10:54,224.384,224.384,224.384,224.384,10.0
2024-10-07 16:10:55,224.393,224.404,224.393,224.404,20.0
2024-10-07 16:10:58,224.394,224.423,224.393,224.423,30.000000000000004
2024-10-07 16:11:00,224.433,224.433,224.433,224.433,10.0
2024-10-07 16:11:02,224.453,224.453,224.453,224.453,10.0
2024-10-07 16:11:03,224.453,224.453,224.433,224.434,40.0
2024-10-07 16:11:04,224.434,224.434,224.434,224.434,10.0
2024-10-07 16:11:05,224.414,224.414,224.413,224.413,30.000000000000004
2024-10-07 16:11:06,224.414,224.414,224.383,224.394,40.0
2024-10-07 16:11:07,224.394,224.394,224.393,224.393,20.0
2024-10-07 16:11:08,224.404,224.404,224.393,224.393,30.000000000000004
2024-10-07 16:11:09,224.384,224.384,224.384,224.384,10.0
2024-10-07 16:11:11,224.414,224.414,224.414,224.414,20.0
2024-10-07 16:11:12,224.404,224.414,224.404,224.414,30.000000000000004
2024-10-07 16:11:13,224.393,224.393,224.393,224.393,10.0
2024-10-07 16:11:14,224.384,224.394,224.384,224.393,30.000000000000004
2024-10-07 16:11:15,224.404,224.404,224.404,224.404,10.0
2024-10-07 16:11:17,224.384,224.384,224.363,224.364,30.000000000000004
2024-10-07 16:11:18,224.344,224.344,224.343,224.343,30.000000000000004
2024-10-07 16:11:19,224.363,224.373,224.363,224.373,20.0
2024-10-07 16:11:20,224.373,224.373,224.373,224.373,20.0
2024-10-07 16:11:21,224.363,224.363,224.363,224.363,10.0
2024-10-07 16:11:22,224.353,224.363,224.353,224.363,20.0
2024-10-07 16:11:23,224.364,224.373,224.363,224.373,30.000000000000004
2024-10-07 16:11:24,224.373,224.373,224.373,224.373,10.0
2024-10-07 16:11:25,224.374,224.374,224.373,224.373,20.0
2024-10-07 16:11:26,224.373,224.373,224.373,224.373,10.0
2024-10-07 16:11:28,224.373,224.373,224.373,224.373,10.0
2024-10-07 16:11:30,224.333,224.364,224.333,224.364,20.0
2024-10-07 16:11:31,224.344,224.354,224.344,224.354,20.0
2024-10-07 16:11:32,224.363,224.363,224.363,224.363,10.0
2024-10-07 16:11:33,224.343,224.373,224.343,224.373,30.000000000000004
2024-10-07 16:11:35,224.373,224.373,224.373,224.373,10.0
2024-10-07 16:11:36,224.364,224.373,224.364,224.364,30.000000000000004
2024-10-07 16:11:37,224.373,224.373,224.364,224.364,20.0
2024-10-07 16:11:38,224.383,224.383,224.383,224.383,10.0
2024-10-07 16:11:39,224.383,224.383,224.383,224.383,10.0
2024-10-07 16:11:40,224.384,224.384,224.384,224.384,10.0
2024-10-07 16:11:43,224.383,224.394,224.383,224.394,20.0
2024-10-07 16:11:44,224.403,224.403,224.403,224.403,10.0
2024-10-07 16:11:45,224.403,224.403,224.403,224.403,10.0
2024-10-07 16:11:46,224.393,224.403,224.393,224.403,20.0
2024-10-07 16:11:48,224.413,224.413,224.413,224.413,10.0
2024-10-07 16:11:49,224.413,224.413,224.413,224.413,10.0
2024-10-07 16:11:51,224.413,224.413,224.413,224.413,10.0
2024-10-07 16:11:55,224.424,224.424,224.424,224.424,10.0
2024-10-07 16:11:57,224.424,224.424,224.424,224.424,10.0
2024-10-07 16:12:00,224.424,224.424,224.424,224.424,10.0
2024-10-07 16:12:01,224.403,224.403,224.403,224.403,20.0
2024-10-07 16:12:02,224.414,224.414,224.414,224.414,10.0
2024-10-07 16:12:06,224.414,224.414,224.414,224.414,10.0
2024-10-07 16:12:08,224.394,224.404,224.394,224.404,20.0
2024-10-07 16:12:09,224.383,224.383,224.383,224.383,10.0
2024-10-07 16:12:12,224.423,224.423,224.423,224.423,20.0
2024-10-07 16:12:16,224.424,224.424,224.424,224.424,10.0
2024-10-07 16:12:17,224.443,224.453,224.443,224.453,20.0
2024-10-07 16:12:19,224.444,224.454,224.444,224.454,20.0
2024-10-07 16:12:29,224.443,224.443,224.443,224.443,10.0
2024-10-07 16:12:30,224.454,224.454,224.454,224.454,10.0
2024-10-07 16:12:32,224.453,224.453,224.453,224.453,10.0
2024-10-07 16:12:33,224.444,224.454,224.443,224.454,30.000000000000004
2024-10-07 16:12:35,224.424,224.424,224.424,224.424,10.0
2024-10-07 16:12:36,224.424,224.424,224.404,224.404,40.0
2024-10-07 16:12:37,224.403,224.404,224.383,224.394,50.0
2024-10-07 16:12:38,224.383,224.394,224.373,224.373,30.000000000000004
2024-10-07 16:12:39,224.373,224.373,224.354,224.363,30.000000000000004
2024-10-07 16:12:40,224.364,224.364,224.354,224.363,30.000000000000004
2024-10-07 16:12:41,224.334,224.364,224.334,224.353,30.000000000000004
2024-10-07 16:12:42,224.353,224.353,224.353,224.353,10.0
2024-10-07 16:12:43,224.344,224.344,224.323,224.324,30.000000000000004
2024-10-07 16:12:44,224.323,224.334,224.323,224.334,20.0
2024-10-07 16:12:45,224.333,224.334,224.333,224.334,30.000000000000004
2024-10-07 16:12:46,224.333,224.334,224.314,224.334,50.0
2024-10-07 16:12:47,224.324,224.333,224.313,224.333,40.0
2024-10-07 16:12:49,224.333,224.333,224.333,224.333,20.0
2024-10-07 16:12:50,224.333,224.343,224.333,224.343,30.000000000000004
2024-10-07 16:12:51,224.344,224.364,224.344,224.364,20.0
2024-10-07 16:12:52,224.374,224.384,224.373,224.384,40.0
2024-10-07 16:12:53,224.393,224.393,224.393,224.393,10.0
2024-10-07 16:12:54,224.404,224.404,224.404,224.404,10.0
2024-10-07 16:12:55,224.403,224.414,224.403,224.414,20.0
2024-10-07 16:12:56,224.414,224.414,224.414,224.414,10.0
2024-10-07 16:12:59,224.434,224.434,224.434,224.434,10.0
2024-10-07 16:13:05,224.434,224.434,224.433,224.433,30.000000000000004
2024-10-07 16:13:06,224.433,224.433,224.433,224.433,10.0
2024-10-07 16:13:09,224.454,224.454,224.454,224.454,20.0
2024-10-07 16:13:11,224.454,224.454,224.454,224.454,10.0
2024-10-07 16:13:13,224.454,224.454,224.454,224.454,10.0
2024-10-07 16:13:18,224.443,224.453,224.443,224.453,20.0
2024-10-07 16:13:19,224.453,224.453,224.453,224.453,10.0
2024-10-07 16:13:25,224.473,224.473,224.473,224.473,10.0
2024-10-07 16:13:27,224.483,224.494,224.483,224.493,30.000000000000004
2024-10-07 16:13:28,224.494,224.494,224.483,224.493,30.000000000000004
2024-10-07 16:13:29,224.483,224.483,224.483,224.483,10.0
2024-10-07 16:13:30,224.474,224.474,224.474,224.474,10.0
2024-10-07 16:13:31,224.484,224.523,224.483,224.494,70.00000000000001
2024-10-07 16:13:32,224.504,224.504,224.504,224.504,20.0
2024-10-07 16:13:33,224.514,224.514,224.514,224.514,10.0
2024-10-07 16:13:34,224.474,224.493,224.474,224.493,30.000000000000004
2024-10-07 16:13:36,224.473,224.473,224.473,224.473,10.0
2024-10-07 16:13:37,224.463,224.463,224.463,224.463,10.0
2024-10-07 16:13:38,224.454,224.454,224.454,224.454,10.0
2024-10-07 16:13:39,224.454,224.454,224.454,224.454,20.0
2024-10-07 16:13:41,224.453,224.453,224.453,224.453,10.0
2024-10-07 16:13:42,224.444,224.454,224.444,224.454,20.0
2024-10-07 16:13:43,224.454,224.454,224.454,224.454,10.0
2024-10-07 16:13:46,224.463,224.473,224.463,224.473,20.0
2024-10-07 16:13:47,224.473,224.473,224.473,224.473,20.0
2024-10-07 16:13:48,224.463,224.463,224.463,224.463,10.0
2024-10-07 16:13:50,224.473,224.473,224.473,224.473,10.0
2024-10-07 16:13:52,224.464,224.464,224.464,224.464,20.0
2024-10-07 16:13:53,224.454,224.454,224.454,224.454,10.0
2024-10-07 16:13:54,224.454,224.473,224.453,224.473,40.0
2024-10-07 16:13:55,224.473,224.473,224.473,224.473,10.0
2024-10-07 16:14:00,224.473,224.473,224.473,224.473,10.0
2024-10-07 16:14:01,224.464,224.464,224.464,224.464,10.0
2024-10-07 16:14:02,224.484,224.484,224.473,224.473,20.0
2024-10-07 16:14:03,224.483,224.483,224.483,224.483,10.0
2024-10-07 16:14:04,224.484,224.484,224.474,224.474,30.000000000000004
2024-10-07 16:14:05,224.503,224.514,224.503,224.514,20.0
2024-10-07 16:14:06,224.534,224.534,224.534,224.534,10.0
2024-10-07 16:14:09,224.544,224.544,224.544,224.544,10.0
2024-10-07 16:14:10,224.543,224.574,224.543,224.573,60.0
2024-10-07 16:14:13,224.564,224.564,224.564,224.564,10.0
2024-10-07 16:14:15,224.573,224.573,224.573,224.573,10.0
2024-10-07 16:14:18,224.584,224.584,224.584,224.584,10.0
2024-10-07 16:14:19,224.584,224.604,224.584,224.603,40.0
2024-10-07 16:14:20,224.604,224.613,224.604,224.604,30.000000000000004
2024-10-07 16:14:22,224.604,224.604,224.593,224.593,20.0
2024-10-07 16:14:24,224.594,224.604,224.594,224.604,30.000000000000004
2024-10-07 16:14:25,224.594,224.603,224.594,224.603,20.0
2024-10-07 16:14:27,224.594,224.594,224.583,224.583,30.000000000000004
2024-10-07 16:14:28,224.583,224.583,224.583,224.583,20.0
2024-10-07 16:14:31,224.583,224.594,224.583,224.594,20.0
2024-10-07 16:14:32,224.603,224.603,224.603,224.603,10.0
2024-10-07 16:14:33,224.564,224.573,224.564,224.564,40.0
2024-10-07 16:14:34,224.573,224.573,224.573,224.573,10.0
2024-10-07 16:14:37,224.563,224.563,224.563,224.563,10.0
2024-10-07 16:14:38,224.574,224.574,224.574,224.574,20.0
2024-10-07 16:14:39,224.563,224.563,224.563,224.563,10.0
2024-10-07 16:14:40,224.574,224.574,224.574,224.574,10.0
2024-10-07 16:14:42,224.583,224.583,224.583,224.583,20.0
2024-10-07 16:14:43,224.583,224.583,224.583,224.583,10.0
2024-10-07 16:14:44,224.593,224.593,224.593,224.593,10.0
2024-10-07 16:14:47,224.604,224.604,224.604,224.604,10.0
2024-10-07 16:14:48,224.594,224.594,224.594,224.594,10.0
2024-10-07 16:14:52,224.584,224.594,224.584,224.594,20.0
2024-10-07 16:14:54,224.593,224.593,224.593,224.593,10.0
2024-10-07 16:14:55,224.594,224.594,224.594,224.594,10.0
2024-10-07 16:14:56,224.593,224.593,224.593,224.593,10.0
2024-10-07 16:14:58,224.594,224.594,224.594,224.594,10.0
2024-10-07 16:15:01,224.594,224.594,224.593,224.593,20.0
2024-10-07 16:15:02,224.604,224.604,224.604,224.604,10.0
2024-10-07 16:15:05,224.604,224.644,224.603,224.644,40.0
2024-10-07 16:15:07,224.654,224.654,224.654,224.654,10.0
2024-10-07 16:15:08,224.654,224.664,224.654,224.664,20.0
2024-10-07 16:15:09,224.664,224.664,224.663,224.663,20.0
2024-10-07 16:15:14,224.674,224.674,224.674,224.674,10.0
2024-10-07 16:15:15,224.674,224.683,224.674,224.683,30.000000000000004
2024-10-07 16:15:16,224.673,224.673,224.653,224.664,30.000000000000004
2024-10-07 16:15:17,224.664,224.664,224.664,224.664,10.0
2024-10-07 16:15:18,224.694,224.703,224.694,224.703,20.0
2024-10-07 16:15:19,224.703,224.703,224.703,224.703,10.0
2024-10-07 16:15:22,224.693,224.693,224.693,224.693,20.0
2024-10-07 16:15:23,224.694,224.704,224.694,224.704,30.000000000000004
2024-10-07 16:15:24,224.693,224.693,224.693,224.693,10.0
2024-10-07 16:15:26,224.683,224.684,224.683,224.684,20.0
2024-10-07 16:15:28,224.673,224.673,224.673,224.673,20.0
2024-10-07 16:15:29,224.674,224.684,224.674,224.684,20.0
2024-10-07 16:15:30,224.684,224.684,224.654,224.663,50.0
2024-10-07 16:15:35,224.683,224.683,224.683,224.683,10.0
2024-10-07 16:15:37,224.683,224.704,224.683,224.704,20.0
2024-10-07 16:15:39,224.693,224.693,224.693,224.693,10.0
2024-10-07 16:15:40,224.693,224.693,224.693,224.693,10.0
2024-10-07 16:15:41,224.694,224.694,224.693,224.693,20.0
2024-10-07 16:15:42,224.704,224.704,224.703,224.703,20.0
2024-10-07 16:15:43,224.694,224.694,224.694,224.694,10.0
2024-10-07 16:15:44,224.694,224.694,224.694,224.694,10.0
2024-10-07 16:15:46,224.703,224.703,224.703,224.703,10.0
2024-10-07 16:15:47,224.704,224.704,224.704,224.704,10.0
2024-10-07 16:15:49,224.693,224.704,224.693,224.704,20.0
2024-10-07 16:15:52,224.684,224.684,224.684,224.684,20.0
2024-10-07 16:15:53,224.674,224.674,224.674,224.674,10.0
2024-10-07 16:15:58,224.683,224.683,224.683,224.683,10.0
2024-10-07 16:15:59,224.683,224.694,224.683,224.683,40.0
2024-10-07 16:16:01,224.684,224.694,224.684,224.694,30.000000000000004
2024-10-07 16:16:02,224.693,224.693,224.674,224.674,30.000000000000004
2024-10-07 16:16:03,224.683,224.683,224.683,224.683,10.0
2024-10-07 16:16:07,224.683,224.683,224.683,224.683,30.000000000000004
2024-10-07 16:16:08,224.683,224.683,224.683,224.683,10.0
2024-10-07 16:16:09,224.693,224.693,224.693,224.693,10.0
2024-10-07 16:16:10,224.693,224.693,224.693,224.693,10.0
2024-10-07 16:16:12,224.704,224.704,224.704,224.704,10.0
2024-10-07 16:16:13,224.713,224.713,224.713,224.713,20.0
2024-10-07 16:16:14,224.723,224.723,224.723,224.723,20.0
2024-10-07 16:16:16,224.723,224.723,224.723,224.723,10.0
2024-10-07 16:16:18,224.733,224.743,224.733,224.743,30.000000000000004
2024-10-07 16:16:19,224.734,224.734,224.734,224.734,10.0
2024-10-07 16:16:22,224.744,224.744,224.744,224.744,10.0
2024-10-07 16:16:23,224.733,224.744,224.733,224.744,20.0
2024-10-07 16:16:30,224.734,224.744,224.734,224.744,30.000000000000004
2024-10-07 16:16:33,224.744,224.744,224.744,224.744,10.0
2024-10-07 16:16:37,224.753,224.763,224.753,224.763,30.000000000000004
2024-10-07 16:16:38,224.764,224.764,224.764,224.764,10.0
2024-10-07 16:16:40,224.774,224.774,224.733,224.733,40.0
2024-10-07 16:16:41,224.704,224.704,224.704,224.704,10.0
2024-10-07 16:16:43,224.683,224.703,224.683,224.703,30.000000000000004
2024-10-07 16:16:45,224.714,224.714,224.714,224.714,10.0
2024-10-07 16:16:46,224.714,224.714,224.714,224.714,10.0
2024-10-07 16:16:50,224.713,224.713,224.713,224.713,10.0
2024-10-07 16:16:51,224.724,224.734,224.723,224.724,70.00000000000001
2024-10-07 16:16:54,224.723,224.733,224.723,224.733,20.0
2024-10-07 16:16:56,224.713,224.724,224.713,224.724,20.0
2024-10-07 16:16:58,224.734,224.734,224.734,224.734,10.0
2024-10-07 16:17:02,224.714,224.714,224.714,224.714,10.0
2024-10-07 16:17:07,224.704,224.704,224.704,224.704,10.0
2024-10-07 16:17:09,224.784,224.784,224.743,224.743,40.0
2024-10-07 16:17:11,224.743,224.743,224.743,224.743,10.0
2024-10-07 16:17:13,224.743,224.743,224.743,224.743,10.0
2024-10-07 16:17:14,224.733,224.733,224.733,224.733,10.0
2024-10-07 16:17:15,224.734,224.734,224.734,224.734,10.0
2024-10-07 16:17:16,224.734,224.734,224.733,224.733,20.0
2024-10-07 16:17:17,224.744,224.753,224.744,224.753,20.0
2024-10-07 16:17:19,224.743,224.743,224.743,224.743,10.0
2024-10-07 16:17:21,224.733,224.733,224.733,224.733,10.0
2024-10-07 16:17:22,224.723,224.724,224.723,224.724,30.000000000000004
2024-10-07 16:17:23,224.723,224.724,224.723,224.724,20.0
2024-10-07 16:17:24,224.724,224.724,224.723,224.723,40.0
2024-10-07 16:17:35,224.723,224.723,224.723,224.723,10.0
2024-10-07 16:17:36,224.743,224.744,224.743,224.744,30.000000000000004
2024-10-07 16:17:37,224.743,224.753,224.743,224.753,60.0
2024-10-07 16:17:38,224.754,224.754,224.743,224.743,50.0
2024-10-07 16:17:43,224.754,224.754,224.754,224.754,10.0
2024-10-07 16:17:44,224.764,224.764,224.764,224.764,10.0
2024-10-07 16:17:45,224.783,224.793,224.783,224.793,30.000000000000004
2024-10-07 16:17:53,224.804,224.804,224.803,224.803,20.0
2024-10-07 16:17:56,224.793,224.804,224.793,224.804,20.0
2024-10-07 16:17:57,224.793,224.793,224.793,224.793,10.0
2024-10-07 16:17:58,224.804,224.804,224.803,224.804,40.0
2024-10-07 16:17:59,224.804,224.804,224.804,224.804,20.0
2024-10-07 16:18:01,224.803,224.804,224.803,224.804,20.0
2024-10-07 16:18:04,224.803,224.803,224.803,224.803,10.0
2024-10-07 16:18:05,224.803,224.803,224.803,224.803,10.0
2024-10-07 16:18:11,224.794,224.794,224.794,224.794,10.0
2024-10-07 16:18:12,224.773,224.773,224.773,224.773,10.0
2024-10-07 16:18:16,224.783,224.783,224.783,224.783,30.000000000000004
2024-10-07 16:18:18,224.773,224.773,224.773,224.773,10.0
2024-10-07 16:18:20,224.784,224.784,224.784,224.784,20.0
2024-10-07 16:18:21,224.793,224.803,224.793,224.803,30.000000000000004
2024-10-07 16:18:23,224.813,224.813,224.813,224.813,10.0
2024-10-07 16:18:25,224.834,224.834,224.823,224.823,20.0
2024-10-07 16:18:27,224.824,224.824,224.824,224.824,10.0
2024-10-07 16:18:29,224.793,224.793,224.793,224.793,10.0
2024-10-07 16:18:30,224.804,224.804,224.804,224.804,10.0
2024-10-07 16:18:31,224.804,224.804,224.804,224.804,10.0
2024-10-07 16:18:32,224.814,224.814,224.814,224.814,30.000000000000004
2024-10-07 16:18:36,224.813,224.814,224.813,224.814,20.0
2024-10-07 16:18:37,224.813,224.813,224.813,224.813,10.0
2024-10-07 16:18:38,224.813,224.814,224.813,224.814,20.0
2024-10-07 16:18:40,224.803,224.803,224.803,224.803,10.0
2024-10-07 16:18:43,224.794,224.794,224.794,224.794,10.0
2024-10-07 16:18:44,224.803,224.803,224.803,224.803,10.0
2024-10-07 16:18:45,224.793,224.793,224.793,224.793,10.0
2024-10-07 16:18:46,224.774,224.774,224.774,224.774,10.0
2024-10-07 16:18:49,224.784,224.784,224.784,224.784,10.0
2024-10-07 16:18:50,224.783,224.783,224.783,224.783,10.0
2024-10-07 16:18:51,224.783,224.783,224.783,224.783,10.0
2024-10-07 16:18:52,224.774,224.774,224.774,224.774,10.0
2024-10-07 16:18:55,224.763,224.764,224.763,224.764,20.0
2024-10-07 16:18:56,224.753,224.753,224.753,224.753,10.0
2024-10-07 16:19:00,224.764,224.783,224.763,224.763,40.0
2024-10-07 16:19:01,224.763,224.784,224.763,224.774,60.0
2024-10-07 16:19:02,224.784,224.784,224.773,224.774,50.0
2024-10-07 16:19:03,224.764,224.764,224.764,224.764,10.0
2024-10-07 16:19:04,224.763,224.773,224.763,224.773,30.000000000000004
2024-10-07 16:19:09,224.774,224.784,224.774,224.784,20.0
2024-10-07 16:19:10,224.783,224.784,224.783,224.783,30.000000000000004
2024-10-07 16:19:11,224.784,224.784,224.784,224.784,10.0
2024-10-07 16:19:12,224.774,224.774,224.763,224.763,20.0
2024-10-07 16:19:14,224.764,224.784,224.764,224.773,30.000000000000004
2024-10-07 16:19:16,224.764,224.764,224.764,224.764,10.0
2024-10-07 16:19:17,224.763,224.763,224.763,224.763,10.0
2024-10-07 16:19:19,224.744,224.744,224.744,224.744,10.0
2024-10-07 16:19:22,224.754,224.754,224.754,224.754,10.0
2024-10-07 16:19:23,224.753,224.753,224.753,224.753,10.0
2024-10-07 16:19:24,224.753,224.753,224.753,224.753,10.0
2024-10-07 16:19:25,224.743,224.743,224.743,224.743,10.0
2024-10-07 16:19:26,224.753,224.753,224.753,224.753,10.0
2024-10-07 16:19:27,224.744,224.744,224.744,224.744,10.0
2024-10-07 16:19:38,224.734,224.734,224.734,224.734,10.0
2024-10-07 16:19:44,224.753,224.753,224.753,224.753,10.0
2024-10-07 16:19:45,224.754,224.754,224.754,224.754,10.0
2024-10-07 16:19:50,224.773,224.773,224.773,224.773,20.0
2024-10-07 16:19:52,224.773,224.773,224.773,224.773,10.0
2024-10-07 16:19:53,224.754,224.754,224.743,224.743,30.000000000000004
2024-10-07 16:19:54,224.743,224.753,224.743,224.753,20.0
2024-10-07 16:19:56,224.753,224.763,224.753,224.763,30.000000000000004
2024-10-07 16:19:58,224.764,224.764,224.764,224.764,10.0
2024-10-07 16:20:00,224.763,224.764,224.763,224.764,20.0
2024-10-07 16:20:01,224.764,224.764,224.764,224.764,20.0
2024-10-07 16:20:02,224.763,224.763,224.753,224.753,30.000000000000004
2024-10-07 16:20:06,224.764,224.764,224.763,224.763,30.000000000000004
2024-10-07 16:20:07,224.764,224.764,224.764,224.764,20.0
2024-10-07 16:20:09,224.753,224.764,224.753,224.764,20.0
2024-10-07 16:20:11,224.733,224.733,224.733,224.733,20.0
2024-10-07 16:20:12,224.743,224.743,224.723,224.723,20.0
2024-10-07 16:20:14,224.734,224.734,224.733,224.734,40.0
2024-10-07 16:20:18,224.744,224.744,224.744,224.744,10.0
2024-10-07 16:20:19,224.743,224.743,224.743,224.743,10.0
2024-10-07 16:20:20,224.744,224.744,224.744,224.744,10.0
2024-10-07 16:20:22,224.723,224.723,224.723,224.723,10.0
2024-10-07 16:20:26,224.723,224.723,224.723,224.723,10.0
2024-10-07 16:20:30,224.694,224.694,224.693,224.693,30.000000000000004
2024-10-07 16:20:31,224.704,224.704,224.703,224.703,20.0
2024-10-07 16:20:32,224.704,224.704,224.704,224.704,10.0
2024-10-07 16:20:33,224.693,224.693,224.693,224.693,10.0
2024-10-07 16:20:35,224.673,224.673,224.663,224.663,30.000000000000004
2024-10-07 16:20:36,224.663,224.663,224.663,224.663,20.0
2024-10-07 16:20:39,224.653,224.664,224.653,224.664,20.0
2024-10-07 16:20:40,224.674,224.674,224.674,224.674,10.0
2024-10-07 16:20:41,224.673,224.694,224.673,224.694,30.000000000000004
2024-10-07 16:20:43,224.694,224.694,224.693,224.693,20.0
2024-10-07 16:20:44,224.693,224.693,224.693,224.693,10.0
2024-10-07 16:20:46,224.694,224.694,224.694,224.694,10.0
2024-10-07 16:20:49,224.693,224.693,224.693,224.693,10.0
2024-10-07 16:20:50,224.713,224.713,224.713,224.713,10.0
2024-10-07 16:20:51,224.703,224.714,224.703,224.714,30.000000000000004
2024-10-07 16:20:53,224.724,224.724,224.724,224.724,20.0
2024-10-07 16:20:54,224.733,224.733,224.733,224.733,10.0
2024-10-07 16:20:55,224.744,224.744,224.744,224.744,10.0
2024-10-07 16:20:56,224.744,224.744,224.744,224.744,20.0
2024-10-07 16:20:57,224.743,224.743,224.743,224.743,10.0
2024-10-07 16:20:59,224.744,224.744,224.744,224.744,10.0
2024-10-07 16:21:00,224.744,224.744,224.744,224.744,10.0
2024-10-07 16:21:01,224.743,224.743,224.743,224.743,10.0
2024-10-07 16:21:02,224.734,224.744,224.734,224.744,20.0
2024-10-07 16:21:08,224.743,224.743,224.743,224.743,10.0
2024-10-07 16:21:11,224.773,224.774,224.754,224.774,30.000000000000004
2024-10-07 16:21:13,224.773,224.784,224.773,224.784,40.0
2024-10-07 16:21:14,224.784,224.784,224.784,224.784,20.0
2024-10-07 16:21:17,224.803,224.803,224.803,224.803,10.0
2024-10-07 16:21:19,224.804,224.804,224.783,224.783,20.0
2024-10-07 16:21:20,224.784,224.794,224.784,224.794,20.0
2024-10-07 16:21:22,224.794,224.794,224.794,224.794,10.0
2024-10-07 16:21:29,224.773,224.773,224.773,224.773,10.0
2024-10-07 16:21:34,224.784,224.784,224.774,224.784,30.000000000000004
2024-10-07 16:21:36,224.784,224.784,224.784,224.784,10.0
2024-10-07 16:21:38,224.784,224.784,224.784,224.784,10.0
2024-10-07 16:21:40,224.783,224.783,224.783,224.783,10.0
2024-10-07 16:21:42,224.783,224.783,224.783,224.783,10.0
2024-10-07 16:21:45,224.774,224.774,224.774,224.774,10.0
2024-10-07 16:21:47,224.773,224.773,224.773,224.773,10.0
2024-10-07 16:21:50,224.773,224.784,224.773,224.784,30.000000000000004
2024-10-07 16:21:51,224.764,224.764,224.763,224.763,20.0
2024-10-07 16:21:52,224.774,224.774,224.773,224.773,30.000000000000004
2024-10-07 16:21:56,224.784,224.784,224.784,224.784,10.0
2024-10-07 16:21:57,224.784,224.784,224.773,224.783,30.000000000000004
2024-10-07 16:21:58,224.784,224.784,224.783,224.783,20.0
2024-10-07 16:21:59,224.783,224.783,224.783,224.783,10.0
2024-10-07 16:22:00,224.784,224.804,224.784,224.804,20.0
2024-10-07 16:22:02,224.813,224.813,224.813,224.813,10.0
2024-10-07 16:22:09,224.814,224.814,224.814,224.814,10.0
2024-10-07 16:22:10,224.803,224.803,224.803,224.803,20.0
2024-10-07 16:22:13,224.794,224.794,224.794,224.794,10.0
2024-10-07 16:22:14,224.804,224.804,224.804,224.804,10.0
2024-10-07 16:22:19,224.783,224.783,224.763,224.763,20.0
2024-10-07 16:22:20,224.774,224.774,224.774,224.774,10.0
2024-10-07 16:22:21,224.783,224.784,224.783,224.784,20.0
2024-10-07 16:22:22,224.784,224.784,224.784,224.784,10.0
2024-10-07 16:22:30,224.803,224.804,224.803,224.804,20.0
2024-10-07 16:22:32,224.794,224.794,224.794,224.794,10.0
2024-10-07 16:22:33,224.793,224.794,224.784,224.794,50.0
2024-10-07 16:22:35,224.803,224.803,224.803,224.803,10.0
2024-10-07 16:22:36,224.793,224.793,224.793,224.793,10.0
2024-10-07 16:22:40,224.793,224.794,224.784,224.794,40.0
2024-10-07 16:22:42,224.794,224.794,224.794,224.794,10.0
2024-10-07 16:22:44,224.783,224.783,224.783,224.783,10.0
2024-10-07 16:22:45,224.793,224.793,224.793,224.793,10.0
2024-10-07 16:22:47,224.794,224.794,224.794,224.794,10.0
2024-10-07 16:22:49,224.793,224.793,224.793,224.793,10.0
2024-10-07 16:22:50,224.783,224.794,224.783,224.794,40.0
2024-10-07 16:22:51,224.784,224.784,224.784,224.784,10.0
2024-10-07 16:22:55,224.794,224.794,224.794,224.794,10.0
2024-10-07 16:22:58,224.794,224.794,224.794,224.794,20.0
2024-10-07 16:22:59,224.794,224.804,224.794,224.804,20.0
2024-10-07 16:23:01,224.804,224.804,224.804,224.804,10.0
2024-10-07 16:23:02,224.834,224.843,224.834,224.843,30.000000000000004
2024-10-07 16:23:03,224.844,224.844,224.843,224.843,20.0
2024-10-07 16:23:04,224.844,224.844,224.844,224.844,10.0
2024-10-07 16:23:12,224.834,224.834,224.834,224.834,10.0
2024-10-07 16:23:14,224.814,224.814,224.814,224.814,20.0
2024-10-07 16:23:16,224.794,224.794,224.794,224.794,20.0
2024-10-07 16:23:18,224.784,224.793,224.784,224.793,20.0
2024-10-07 16:23:38,224.814,224.814,224.814,224.814,10.0
2024-10-07 16:23:39,224.814,224.814,224.814,224.814,10.0
2024-10-07 16:23:40,224.814,224.814,224.814,224.814,10.0
2024-10-07 16:23:42,224.813,224.813,224.813,224.813,10.0
2024-10-07 16:23:44,224.814,224.814,224.814,224.814,10.0
2024-10-07 16:23:45,224.804,224.804,224.794,224.794,30.000000000000004
2024-10-07 16:23:46,224.764,224.764,224.764,224.764,10.0
2024-10-07 16:23:47,224.763,224.763,224.763,224.763,10.0
2024-10-07 16:23:48,224.754,224.764,224.754,224.764,20.0
2024-10-07 16:23:49,224.774,224.774,224.774,224.774,10.0
2024-10-07 16:23:51,224.773,224.773,224.773,224.773,10.0
2024-10-07 16:23:52,224.774,224.774,224.774,224.774,10.0
2024-10-07 16:23:54,224.773,224.773,224.773,224.773,40.0
2024-10-07 16:23:55,224.773,224.773,224.773,224.773,10.0
2024-10-07 16:23:57,224.764,224.764,224.764,224.764,10.0
2024-10-07 16:23:58,224.774,224.774,224.774,224.774,10.0
2024-10-07 16:24:01,224.764,224.764,224.723,224.723,20.0
2024-10-07 16:24:02,224.724,224.724,224.723,224.723,20.0
2024-10-07 16:24:05,224.723,224.764,224.723,224.764,40.0
2024-10-07 16:24:06,224.764,224.764,224.764,224.764,10.0
2024-10-07 16:24:08,224.764,224.764,224.764,224.764,10.0
2024-10-07 16:24:10,224.763,224.763,224.763,224.763,10.0
2024-10-07 16:24:11,224.734,224.734,224.734,224.734,10.0
2024-10-07 16:24:13,224.733,224.733,224.733,224.733,10.0
2024-10-07 16:24:14,224.733,224.734,224.733,224.734,40.0
2024-10-07 16:24:15,224.723,224.734,224.723,224.734,20.0
2024-10-07 16:24:16,224.733,224.733,224.733,224.733,10.0
2024-10-07 16:24:17,224.734,224.734,224.734,224.734,10.0
2024-10-07 16:24:19,224.733,224.734,224.733,224.734,20.0
2024-10-07 16:24:20,224.714,224.714,224.714,224.714,20.0
2024-10-07 16:24:21,224.713,224.724,224.713,224.724,50.0
2024-10-07 16:24:23,224.723,224.723,224.723,224.723,10.0
2024-10-07 16:24:30,224.733,224.733,224.733,224.733,10.0
2024-10-07 16:24:34,224.744,224.744,224.734,224.734,20.0
2024-10-07 16:24:35,224.743,224.743,224.743,224.743,10.0
2024-10-07 16:24:36,224.744,224.744,224.713,224.713,30.000000000000004
2024-10-07 16:24:37,224.703,224.714,224.703,224.713,30.000000000000004
2024-10-07 16:24:43,224.723,224.723,224.723,224.723,10.0
2024-10-07 16:24:44,224.713,224.713,224.713,224.713,10.0
2024-10-07 16:24:46,224.714,224.714,224.714,224.714,10.0
2024-10-07 16:24:47,224.723,224.723,224.723,224.723,10.0
2024-10-07 16:24:54,224.723,224.743,224.723,224.743,20.0
2024-10-07 16:24:55,224.753,224.753,224.753,224.753,10.0
2024-10-07 16:24:56,224.754,224.754,224.754,224.754,10.0
2024-10-07 16:24:57,224.753,224.753,224.753,224.753,10.0
2024-10-07 16:24:58,224.753,224.754,224.753,224.754,20.0
2024-10-07 16:24:59,224.774,224.774,224.763,224.773,30.000000000000004
2024-10-07 16:25:00,224.784,224.784,224.773,224.773,20.0
2024-10-07 16:25:01,224.763,224.763,224.763,224.763,10.0
2024-10-07 16:25:03,224.774,224.774,224.774,224.774,10.0
2024-10-07 16:25:07,224.774,224.774,224.774,224.774,10.0
2024-10-07 16:25:08,224.774,224.774,224.774,224.774,10.0
2024-10-07 16:25:10,224.773,224.773,224.773,224.773,10.0
2024-10-07 16:25:13,224.773,224.773,224.764,224.764,30.000000000000004
2024-10-07 16:25:16,224.764,224.764,224.753,224.753,30.000000000000004
2024-10-07 16:25:17,224.764,224.764,224.764,224.764,10.0
2024-10-07 16:25:21,224.753,224.753,224.753,224.753,10.0
2024-10-07 16:25:22,224.743,224.743,224.743,224.743,10.0
2024-10-07 16:25:23,224.733,224.733,224.733,224.733,10.0
2024-10-07 16:25:24,224.743,224.743,224.743,224.743,10.0
2024-10-07 16:25:25,224.734,224.734,224.724,224.724,20.0
2024-10-07 16:25:26,224.723,224.723,224.723,224.723,10.0
2024-10-07 16:25:28,224.713,224.724,224.713,224.724,20.0
2024-10-07 16:25:29,224.714,224.714,224.714,224.714,10.0
2024-10-07 16:25:30,224.723,224.723,224.723,224.723,10.0
2024-10-07 16:25:31,224.703,224.713,224.703,224.713,20.0
2024-10-07 16:25:34,224.713,224.713,224.713,224.713,10.0
2024-10-07 16:25:35,224.723,224.723,224.723,224.723,10.0
2024-10-07 16:25:36,224.714,224.714,224.704,224.713,30.000000000000004
2024-10-07 16:25:37,224.704,224.714,224.704,224.714,30.000000000000004
2024-10-07 16:25:42,224.714,224.714,224.714,224.714,10.0
2024-10-07 16:25:45,224.683,224.683,224.683,224.683,10.0
2024-10-07 16:25:46,224.684,224.684,224.684,224.684,30.000000000000004
2024-10-07 16:25:48,224.683,224.683,224.683,224.683,10.0
2024-10-07 16:25:49,224.683,224.683,224.664,224.664,20.0
2024-10-07 16:25:50,224.684,224.684,224.673,224.683,30.000000000000004
2024-10-07 16:25:53,224.684,224.684,224.673,224.673,20.0
2024-10-07 16:25:54,224.673,224.674,224.673,224.673,40.0
2024-10-07 16:25:55,224.663,224.663,224.663,224.663,10.0
2024-10-07 16:25:56,224.643,224.643,224.643,224.643,10.0
2024-10-07 16:25:57,224.644,224.653,224.644,224.653,20.0
2024-10-07 16:25:59,224.654,224.654,224.623,224.644,30.000000000000004
2024-10-07 16:26:00,224.644,224.644,224.644,224.644,10.0
2024-10-07 16:26:01,224.654,224.663,224.654,224.663,30.000000000000004
2024-10-07 16:26:02,224.674,224.674,224.673,224.673,20.0
2024-10-07 16:26:05,224.674,224.674,224.674,224.674,10.0
2024-10-07 16:26:06,224.674,224.674,224.674,224.674,10.0
2024-10-07 16:26:13,224.674,224.674,224.674,224.674,10.0
2024-10-07 16:26:14,224.694,224.694,224.694,224.694,10.0
2024-10-07 16:26:15,224.693,224.693,224.683,224.683,20.0
2024-10-07 16:26:16,224.694,224.694,224.694,224.694,10.0
2024-10-07 16:26:22,224.694,224.694,224.694,224.694,10.0
2024-10-07 16:26:24,224.683,224.683,224.673,224.673,30.000000000000004
2024-10-07 16:26:25,224.653,224.653,224.653,224.653,10.0
2024-10-07 16:26:26,224.643,224.643,224.643,224.643,10.0
2024-10-07 16:26:28,224.653,224.653,224.643,224.643,20.0
2024-10-07 16:26:29,224.654,224.654,224.643,224.643,20.0
2024-10-07 16:26:30,224.633,224.633,224.633,224.633,10.0
2024-10-07 16:26:34,224.644,224.644,224.644,224.644,10.0
2024-10-07 16:26:35,224.623,224.623,224.623,224.623,10.0
2024-10-07 16:26:40,224.604,224.613,224.604,224.613,30.000000000000004
2024-10-07 16:26:41,224.614,224.614,224.604,224.604,40.0
2024-10-07 16:26:48,224.613,224.613,224.613,224.613,10.0
2024-10-07 16:26:49,224.614,224.614,224.613,224.613,30.000000000000004
2024-10-07 16:26:50,224.623,224.623,224.623,224.623,10.0
2024-10-07 16:26:52,224.623,224.623,224.623,224.623,10.0
2024-10-07 16:26:54,224.624,224.624,224.624,224.624,10.0
2024-10-07 16:26:57,224.623,224.623,224.623,224.623,50.0
2024-10-07 16:26:58,224.614,224.614,224.593,224.594,40.0
2024-10-07 16:27:00,224.603,224.603,224.603,224.603,20.0
2024-10-07 16:27:02,224.594,224.604,224.594,224.604,20.0
2024-10-07 16:27:03,224.593,224.603,224.593,224.603,20.0
2024-10-07 16:27:05,224.593,224.604,224.593,224.604,20.0
2024-10-07 16:27:08,224.593,224.593,224.593,224.593,10.0
2024-10-07 16:27:09,224.584,224.584,224.584,224.584,10.0
2024-10-07 16:27:10,224.573,224.574,224.573,224.574,20.0
2024-10-07 16:27:11,224.564,224.564,224.563,224.563,20.0
2024-10-07 16:27:12,224.564,224.573,224.564,224.573,20.0
2024-10-07 16:27:17,224.583,224.593,224.583,224.593,20.0
2024-10-07 16:27:18,224.584,224.584,224.584,224.584,10.0
2024-10-07 16:27:20,224.594,224.594,224.584,224.584,20.0
2024-10-07 16:27:22,224.593,224.594,224.593,224.594,20.0
2024-10-07 16:27:25,224.604,224.604,224.604,224.604,10.0
2024-10-07 16:27:31,224.613,224.614,224.613,224.614,20.0
2024-10-07 16:27:32,224.604,224.604,224.604,224.604,20.0
2024-10-07 16:27:33,224.594,224.594,224.594,224.594,10.0
2024-10-07 16:27:34,224.584,224.594,224.584,224.594,20.0
2024-10-07 16:27:35,224.594,224.603,224.594,224.603,30.000000000000004
2024-10-07 16:27:36,224.603,224.603,224.603,224.603,10.0
2024-10-07 16:27:39,224.594,224.604,224.594,224.604,20.0
2024-10-07 16:27:41,224.583,224.583,224.583,224.583,10.0
2024-10-07 16:27:42,224.574,224.574,224.563,224.563,20.0
2024-10-07 16:27:44,224.564,224.564,224.554,224.554,20.0
2024-10-07 16:27:45,224.543,224.554,224.543,224.554,20.0
2024-10-07 16:27:46,224.543,224.543,224.543,224.543,10.0
2024-10-07 16:27:47,224.534,224.534,224.534,224.534,20.0
2024-10-07 16:27:50,224.514,224.514,224.514,224.514,10.0
2024-10-07 16:27:51,224.514,224.514,224.514,224.514,10.0
2024-10-07 16:27:52,224.513,224.514,224.513,224.514,20.0
2024-10-07 16:27:53,224.534,224.534,224.534,224.534,10.0
2024-10-07 16:27:54,224.524,224.524,224.524,224.524,10.0
2024-10-07 16:27:56,224.533,224.533,224.533,224.533,10.0
2024-10-07 16:28:04,224.524,224.524,224.524,224.524,10.0
2024-10-07 16:28:05,224.504,224.504,224.504,224.504,10.0
2024-10-07 16:28:06,224.494,224.494,224.494,224.494,10.0
2024-10-07 16:28:07,224.494,224.494,224.494,224.494,10.0
2024-10-07 16:28:08,224.483,224.494,224.474,224.484,40.0
2024-10-07 16:28:09,224.493,224.493,224.453,224.453,20.0
2024-10-07 16:28:11,224.444,224.453,224.444,224.453,20.0
2024-10-07 16:28:18,224.444,224.444,224.444,224.444,10.0
2024-10-07 16:28:20,224.444,224.444,224.444,224.444,10.0
2024-10-07 16:28:21,224.444,224.444,224.443,224.443,20.0
2024-10-07 16:28:23,224.444,224.444,224.444,224.444,10.0
2024-10-07 16:28:25,224.443,224.444,224.414,224.414,50.0
2024-10-07 16:28:29,224.423,224.424,224.423,224.424,20.0
2024-10-07 16:28:31,224.414,224.414,224.404,224.404,20.0
2024-10-07 16:28:33,224.413,224.413,224.413,224.413,10.0
2024-10-07 16:28:35,224.414,224.414,224.414,224.414,10.0
2024-10-07 16:28:40,224.413,224.413,224.413,224.413,20.0
2024-10-07 16:28:41,224.404,224.404,224.404,224.404,10.0
2024-10-07 16:28:42,224.403,224.404,224.403,224.404,20.0
2024-10-07 16:28:44,224.404,224.404,224.404,224.404,10.0
2024-10-07 16:28:45,224.374,224.393,224.374,224.393,20.0
2024-10-07 16:28:46,224.383,224.383,224.383,224.383,10.0
2024-10-07 16:28:47,224.394,224.394,224.394,224.394,10.0
2024-10-07 16:28:48,224.383,224.383,224.383,224.383,10.0
2024-10-07 16:28:49,224.393,224.393,224.393,224.393,10.0
2024-10-07 16:28:51,224.364,224.394,224.364,224.394,30.000000000000004
2024-10-07 16:28:52,224.373,224.373,224.373,224.373,10.0
2024-10-07 16:28:53,224.394,224.394,224.394,224.394,10.0
2024-10-07 16:28:54,224.384,224.393,224.384,224.393,20.0
2024-10-07 16:28:55,224.393,224.393,224.374,224.384,40.0
2024-10-07 16:28:57,224.363,224.364,224.344,224.344,40.0
2024-10-07 16:29:00,224.373,224.373,224.363,224.363,20.0
2024-10-07 16:29:01,224.373,224.373,224.363,224.364,30.000000000000004
2024-10-07 16:29:02,224.364,224.364,224.364,224.364,10.0
2024-10-07 16:29:06,224.343,224.343,224.343,224.343,10.0
2024-10-07 16:29:07,224.363,224.393,224.363,224.393,30.000000000000004
2024-10-07 16:29:09,224.394,224.394,224.393,224.394,30.000000000000004
2024-10-07 16:29:10,224.393,224.394,224.393,224.394,20.0
2024-10-07 16:29:11,224.403,224.403,224.383,224.383,40.0
2024-10-07 16:29:12,224.393,224.393,224.393,224.393,10.0
2024-10-07 16:29:13,224.393,224.393,224.383,224.383,20.0
2024-10-07 16:29:18,224.363,224.363,224.363,224.363,10.0
2024-10-07 16:29:19,224.343,224.343,224.343,224.343,10.0
2024-10-07 16:29:20,224.343,224.343,224.343,224.343,10.0
2024-10-07 16:29:21,224.343,224.343,224.343,224.343,10.0
2024-10-07 16:29:23,224.353,224.364,224.353,224.364,20.0
2024-10-07 16:29:25,224.363,224.363,224.363,224.363,10.0
2024-10-07 16:29:26,224.364,224.364,224.364,224.364,10.0
2024-10-07 16:29:27,224.343,224.343,224.343,224.343,10.0
2024-10-07 16:29:29,224.343,224.343,224.343,224.343,10.0
2024-10-07 16:29:32,224.344,224.344,224.344,224.344,10.0
2024-10-07 16:29:33,224.343,224.343,224.343,224.343,10.0
2024-10-07 16:29:38,224.334,224.334,224.313,224.313,30.000000000000004
2024-10-07 16:29:39,224.313,224.313,224.313,224.313,10.0
2024-10-07 16:29:40,224.314,224.314,224.314,224.314,10.0
2024-10-07 16:29:43,224.324,224.324,224.313,224.313,50.0
2024-10-07 16:29:44,224.323,224.323,224.323,224.323,10.0
2024-10-07 16:29:45,224.324,224.324,224.323,224.323,20.0
2024-10-07 16:29:47,224.324,224.324,224.324,224.324,10.0
2024-10-07 16:29:48,224.323,224.323,224.323,224.323,10.0
2024-10-07 16:29:49,224.334,224.334,224.334,224.334,10.0
2024-10-07 16:29:50,224.334,224.334,224.334,224.334,10.0
2024-10-07 16:29:52,224.314,224.314,224.284,224.284,50.0
2024-10-07 16:29:54,224.294,224.294,224.283,224.293,30.000000000000004
2024-10-07 16:29:57,224.274,224.274,224.263,224.263,40.0
2024-10-07 16:29:58,224.253,224.253,224.253,224.253,10.0
2024-10-07 16:29:59,224.263,224.264,224.263,224.264,20.0
2024-10-07 16:30:00,224.263,224.264,224.263,224.264,20.0
2024-10-07 16:30:01,224.264,224.264,224.253,224.253,60.0
2024-10-07 16:30:02,224.263,224.274,224.263,224.273,30.000000000000004
2024-10-07 16:30:03,224.264,224.273,224.264,224.273,20.0
2024-10-07 16:30:04,224.263,224.264,224.263,224.264,20.0
2024-10-07 16:30:05,224.284,224.294,224.284,224.294,20.0
2024-10-07 16:30:06,224.293,224.293,224.293,224.293,10.0
2024-10-07 16:30:08,224.294,224.294,224.294,224.294,10.0
2024-10-07 16:30:09,224.303,224.314,224.303,224.314,20.0
2024-10-07 16:30:12,224.313,224.313,224.294,224.294,30.000000000000004
2024-10-07 16:30:13,224.293,224.293,224.293,224.293,10.0
2024-10-07 16:30:14,224.304,224.324,224.304,224.324,40.0
2024-10-07 16:30:16,224.334,224.334,224.323,224.323,20.0
2024-10-07 16:30:17,224.324,224.324,224.324,224.324,10.0
2024-10-07 16:30:19,224.334,224.334,224.323,224.323,40.0
2024-10-07 16:30:20,224.334,224.334,224.313,224.314,30.000000000000004
2024-10-07 16:30:21,224.303,224.303,224.303,224.303,10.0
2024-10-07 16:30:23,224.303,224.303,224.293,224.293,30.000000000000004
2024-10-07 16:30:24,224.283,224.283,224.283,224.283,10.0
2024-10-07 16:30:26,224.274,224.274,224.274,224.274,10.0
2024-10-07 16:30:27,224.274,224.283,224.273,224.273,30.000000000000004
2024-10-07 16:30:28,224.283,224.294,224.283,224.294,30.000000000000004
2024-10-07 16:30:31,224.283,224.304,224.283,224.304,40.0
2024-10-07 16:30:32,224.313,224.313,224.313,224.313,10.0
2024-10-07 16:30:33,224.324,224.324,224.324,224.324,10.0
2024-10-07 16:30:36,224.314,224.314,224.314,224.314,10.0
2024-10-07 16:30:38,224.304,224.304,224.304,224.304,10.0
2024-10-07 16:30:39,224.273,224.273,224.254,224.254,40.0
2024-10-07 16:30:40,224.264,224.264,224.264,224.264,10.0
2024-10-07 16:30:41,224.264,224.273,224.264,224.273,20.0
2024-10-07 16:30:42,224.283,224.283,224.283,224.283,10.0
2024-10-07 16:30:43,224.283,224.283,224.263,224.263,20.0
2024-10-07 16:30:44,224.283,224.284,224.273,224.284,30.000000000000004
2024-10-07 16:30:45,224.274,224.274,224.274,224.274,10.0
2024-10-07 16:30:47,224.273,224.273,224.273,224.273,10.0
2024-10-07 16:30:48,224.274,224.274,224.274,224.274,10.0
2024-10-07 16:30:50,224.264,224.264,224.244,224.244,20.0
2024-10-07 16:30:51,224.233,224.243,224.233,224.243,20.0
2024-10-07 16:30:52,224.243,224.243,224.243,224.243,10.0
2024-10-07 16:30:54,224.243,224.244,224.243,224.244,20.0
2024-10-07 16:30:58,224.263,224.263,224.263,224.263,10.0
2024-10-07 16:31:00,224.283,224.303,224.283,224.293,30.000000000000004
2024-10-07 16:31:01,224.294,224.304,224.294,224.304,20.0
2024-10-07 16:31:02,224.324,224.324,224.314,224.314,30.000000000000004
2024-10-07 16:31:03,224.314,224.314,224.303,224.314,30.000000000000004
2024-10-07 16:31:04,224.304,224.304,224.293,224.293,20.0
2024-10-07 16:31:05,224.293,224.293,224.293,224.293,10.0
2024-10-07 16:31:06,224.284,224.284,224.284,224.284,10.0
2024-10-07 16:31:07,224.273,224.273,224.273,224.273,20.0
2024-10-07 16:31:08,224.273,224.274,224.273,224.274,20.0
2024-10-07 16:31:09,224.274,224.274,224.274,224.274,10.0
2024-10-07 16:31:10,224.274,224.293,224.274,224.293,30.000000000000004
2024-10-07 16:31:11,224.294,224.294,224.284,224.284,20.0
2024-10-07 16:31:12,224.293,224.293,224.274,224.284,30.000000000000004
2024-10-07 16:31:13,224.293,224.293,224.293,224.293,10.0
2024-10-07 16:31:15,224.283,224.293,224.283,224.293,20.0
2024-10-07 16:31:17,224.274,224.274,224.264,224.264,20.0
2024-10-07 16:31:18,224.244,224.253,224.244,224.253,20.0
2024-10-07 16:31:20,224.243,224.243,224.243,224.243,10.0
2024-10-07 16:31:21,224.234,224.234,224.233,224.233,20.0
2024-10-07 16:31:25,224.224,224.224,224.224,224.224,10.0
2024-10-07 16:31:26,224.234,224.234,224.234,224.234,10.0
2024-10-07 16:31:30,224.233,224.233,224.233,224.233,10.0
2024-10-07 16:31:31,224.214,224.214,224.213,224.213,30.000000000000004
2024-10-07 16:31:32,224.194,224.194,224.194,224.194,10.0
2024-10-07 16:31:34,224.183,224.184,224.183,224.184,20.0
2024-10-07 16:31:35,224.184,224.184,224.183,224.183,20.0
2024-10-07 16:31:36,224.183,224.183,224.183,224.183,30.000000000000004
2024-10-07 16:31:37,224.174,224.174,224.174,224.174,20.0
2024-10-07 16:31:41,224.173,224.174,224.143,224.174,30.000000000000004
2024-10-07 16:31:42,224.174,224.174,224.173,224.173,40.0
2024-10-07 16:31:43,224.153,224.153,224.153,224.153,10.0
2024-10-07 16:31:44,224.174,224.174,224.174,224.174,20.0
2024-10-07 16:31:45,224.153,224.153,224.153,224.153,10.0
2024-10-07 16:31:46,224.184,224.194,224.183,224.194,30.000000000000004
2024-10-07 16:31:47,224.184,224.184,224.184,224.184,10.0
2024-10-07 16:31:50,224.173,224.173,224.173,224.173,10.0
2024-10-07 16:31:51,224.173,224.173,224.173,224.173,10.0
2024-10-07 16:31:53,224.163,224.174,224.163,224.174,30.000000000000004
2024-10-07 16:31:54,224.184,224.184,224.184,224.184,20.0
2024-10-07 16:31:55,224.183,224.204,224.183,224.193,40.0
2024-10-07 16:31:56,224.204,224.204,224.204,224.204,10.0
2024-10-07 16:31:57,224.193,224.194,224.174,224.174,60.0
2024-10-07 16:31:58,224.173,224.173,224.173,224.173,10.0
2024-10-07 16:31:59,224.174,224.174,224.154,224.173,30.000000000000004
2024-10-07 16:32:00,224.153,224.153,224.153,224.153,10.0
2024-10-07 16:32:01,224.134,224.154,224.134,224.143,30.000000000000004
2024-10-07 16:32:02,224.154,224.154,224.113,224.113,80.0
2024-10-07 16:32:04,224.104,224.114,224.103,224.114,50.0
2024-10-07 16:32:05,224.124,224.134,224.124,224.134,20.0
2024-10-07 16:32:06,224.123,224.124,224.123,224.124,30.000000000000004
2024-10-07 16:32:07,224.134,224.143,224.134,224.143,40.0
2024-10-07 16:32:08,224.154,224.154,224.153,224.153,20.0
2024-10-07 16:32:09,224.153,224.153,224.153,224.153,10.0
2024-10-07 16:32:10,224.163,224.174,224.163,224.174,50.0
2024-10-07 16:32:11,224.174,224.174,224.174,224.174,10.0
2024-10-07 16:32:12,224.134,224.134,224.123,224.134,40.0
2024-10-07 16:32:13,224.134,224.163,224.134,224.154,30.000000000000004
2024-10-07 16:32:14,224.154,224.154,224.153,224.153,30.000000000000004
2024-10-07 16:32:15,224.144,224.144,224.133,224.134,40.0
2024-10-07 16:32:16,224.143,224.163,224.143,224.163,40.0
2024-10-07 16:32:20,224.163,224.174,224.163,224.174,20.0
2024-10-07 16:32:21,224.183,224.183,224.183,224.183,10.0
2024-10-07 16:32:23,224.184,224.184,224.183,224.183,20.0
2024-10-07 16:32:24,224.184,224.184,224.184,224.184,10.0
2024-10-07 16:32:26,224.174,224.174,224.174,224.174,10.0
2024-10-07 16:32:27,224.184,224.184,224.144,224.144,30.000000000000004
2024-10-07 16:32:29,224.143,224.143,224.143,224.143,10.0
2024-10-07 16:32:30,224.123,224.123,224.123,224.123,10.0
2024-10-07 16:32:31,224.144,224.144,224.133,224.144,40.0
2024-10-07 16:32:32,224.144,224.144,224.143,224.144,50.0
2024-10-07 16:32:33,224.144,224.144,224.143,224.143,20.0
2024-10-07 16:32:34,224.143,224.143,224.143,224.143,10.0
2024-10-07 16:32:35,224.134,224.134,224.134,224.134,10.0
2024-10-07 16:32:36,224.133,224.133,224.133,224.133,10.0
2024-10-07 16:32:37,224.144,224.144,224.133,224.133,20.0
2024-10-07 16:32:39,224.134,224.134,224.134,224.134,10.0
2024-10-07 16:32:40,224.133,224.133,224.124,224.124,20.0
2024-10-07 16:32:41,224.134,224.134,224.124,224.124,30.000000000000004
2024-10-07 16:32:42,224.113,224.124,224.113,224.124,20.0
2024-10-07 16:32:44,224.123,224.133,224.123,224.133,30.000000000000004
2024-10-07 16:32:45,224.134,224.134,224.134,224.134,10.0
2024-10-07 16:32:46,224.134,224.134,224.133,224.133,20.0
2024-10-07 16:32:47,224.134,224.134,224.123,224.123,30.000000000000004
2024-10-07 16:32:49,224.134,224.134,224.134,224.134,10.0
2024-10-07 16:32:50,224.114,224.114,224.114,224.114,10.0
2024-10-07 16:32:55,224.123,224.123,224.123,224.123,10.0
2024-10-07 16:33:00,224.103,224.104,224.103,224.104,20.0
2024-10-07 16:33:01,224.103,224.103,224.103,224.103,30.000000000000004
2024-10-07 16:33:02,224.104,224.104,224.103,224.103,20.0
2024-10-07 16:33:03,224.093,224.113,224.093,224.113,50.0
2024-10-07 16:33:04,224.124,224.133,224.123,224.123,50.0
2024-10-07 16:33:05,224.123,224.133,224.123,224.124,30.000000000000004
2024-10-07 16:33:06,224.134,224.134,224.133,224.133,20.0
2024-10-07 16:33:07,224.134,224.134,224.134,224.134,10.0
2024-10-07 16:33:10,224.134,224.154,224.134,224.154,40.0
2024-10-07 16:33:11,224.163,224.164,224.163,224.164,20.0
2024-10-07 16:33:12,224.174,224.174,224.174,224.174,10.0
2024-10-07 16:33:13,224.173,224.173,224.173,224.173,10.0
2024-10-07 16:33:15,224.183,224.183,224.183,224.183,10.0
2024-10-07 16:33:16,224.193,224.194,224.193,224.194,30.000000000000004
2024-10-07 16:33:17,224.203,224.203,224.203,224.203,20.0
2024-10-07 16:33:18,224.204,224.204,224.204,224.204,20.0
2024-10-07 16:33:19,224.203,224.214,224.203,224.214,50.0
2024-10-07 16:33:20,224.214,224.224,224.213,224.224,50.0
2024-10-07 16:33:21,224.233,224.234,224.233,224.234,20.0
2024-10-07 16:33:22,224.243,224.243,224.243,224.243,10.0
2024-10-07 16:33:24,224.264,224.264,224.264,224.264,10.0
2024-10-07 16:33:25,224.264,224.274,224.264,224.274,20.0
2024-10-07 16:33:26,224.274,224.274,224.264,224.264,20.0
2024-10-07 16:33:27,224.253,224.254,224.253,224.254,20.0
2024-10-07 16:33:32,224.223,224.223,224.223,224.223,20.0
2024-10-07 16:33:33,224.223,224.234,224.223,224.233,40.0
2024-10-07 16:33:34,224.244,224.244,224.244,224.244,10.0
2024-10-07 16:33:36,224.234,224.234,224.234,224.234,10.0
2024-10-07 16:33:38,224.244,224.244,224.244,224.244,10.0
2024-10-07 16:33:39,224.254,224.254,224.253,224.253,30.000000000000004
2024-10-07 16:33:44,224.264,224.264,224.264,224.264,10.0
2024-10-07 16:33:46,224.264,224.264,224.264,224.264,10.0
2024-10-07 16:33:49,224.264,224.284,224.263,224.273,40.0
2024-10-07 16:33:50,224.273,224.274,224.254,224.254,40.0
2024-10-07 16:33:51,224.254,224.254,224.253,224.254,30.000000000000004
2024-10-07 16:33:53,224.253,224.253,224.253,224.253,10.0
2024-10-07 16:33:54,224.223,224.223,224.213,224.213,20.0
2024-10-07 16:33:55,224.213,224.224,224.213,224.224,20.0
2024-10-07 16:33:57,224.233,224.233,224.233,224.233,10.0
2024-10-07 16:33:58,224.234,224.234,224.234,224.234,10.0
2024-10-07 16:34:00,224.233,224.244,224.233,224.234,50.0
2024-10-07 16:34:03,224.233,224.233,224.233,224.233,10.0
2024-10-07 16:34:04,224.233,224.233,224.233,224.233,10.0
2024-10-07 16:34:05,224.234,224.234,224.233,224.233,20.0
2024-10-07 16:34:06,224.224,224.233,224.224,224.233,20.0
2024-10-07 16:34:08,224.214,224.214,224.214,224.214,10.0
2024-10-07 16:34:09,224.223,224.244,224.223,224.244,30.000000000000004
2024-10-07 16:34:10,224.234,224.234,224.234,224.234,20.0
2024-10-07 16:34:12,224.243,224.243,224.243,224.243,10.0
2024-10-07 16:34:13,224.223,224.233,224.223,224.233,20.0
2024-10-07 16:34:14,224.243,224.243,224.243,224.243,10.0
2024-10-07 16:34:16,224.244,224.244,224.233,224.234,40.0
2024-10-07 16:34:17,224.234,224.234,224.224,224.224,20.0
2024-10-07 16:34:20,224.224,224.224,224.213,224.213,20.0
2024-10-07 16:34:22,224.214,224.214,224.214,224.214,20.0
2024-10-07 16:34:23,224.213,224.213,224.213,224.213,10.0
2024-10-07 16:34:26,224.204,224.204,224.204,224.204,10.0
2024-10-07 16:34:28,224.204,224.204,224.193,224.193,20.0
2024-10-07 16:34:29,224.203,224.203,224.194,224.194,20.0
2024-10-07 16:34:30,224.203,224.203,224.193,224.193,40.0
2024-10-07 16:34:31,224.184,224.184,224.174,224.183,30.000000000000004
2024-10-07 16:34:32,224.183,224.194,224.183,224.194,30.000000000000004
2024-10-07 16:34:36,224.184,224.193,224.184,224.193,20.0
2024-10-07 16:34:38,224.194,224.194,224.194,224.194,10.0
2024-10-07 16:34:39,224.194,224.194,224.194,224.194,10.0
2024-10-07 16:34:40,224.174,224.174,224.174,224.174,10.0
2024-10-07 16:34:41,224.163,224.163,224.163,224.163,10.0
2024-10-07 16:34:42,224.174,224.174,224.174,224.174,10.0
2024-10-07 16:34:43,224.163,224.174,224.163,224.174,20.0
2024-10-07 16:34:44,224.174,224.174,224.174,224.174,30.000000000000004
2024-10-07 16:34:45,224.163,224.163,224.163,224.163,10.0
2024-10-07 16:34:46,224.173,224.173,224.173,224.173,10.0
2024-10-07 16:34:47,224.174,224.184,224.174,224.184,30.000000000000004
2024-10-07 16:34:48,224.183,224.193,224.174,224.193,50.0
2024-10-07 16:34:49,224.194,224.194,224.194,224.194,10.0
2024-10-07 16:34:50,224.193,224.193,224.193,224.193,20.0
2024-10-07 16:34:51,224.203,224.203,224.203,224.203,10.0
2024-10-07 16:34:52,224.214,224.214,224.214,224.214,10.0
2024-10-07 16:34:54,224.204,224.204,224.204,224.204,10.0
2024-10-07 16:34:55,224.193,224.193,224.193,224.193,10.0
2024-10-07 16:34:56,224.193,224.193,224.193,224.193,10.0
2024-10-07 16:34:57,224.203,224.203,224.203,224.203,10.0
2024-10-07 16:34:58,224.184,224.203,224.184,224.203,20.0
2024-10-07 16:34:59,224.214,224.214,224.204,224.214,30.000000000000004
2024-10-07 16:35:01,224.204,224.213,224.204,224.213,20.0
2024-10-07 16:35:02,224.214,224.214,224.214,224.214,10.0
2024-10-07 16:35:05,224.223,224.223,224.223,224.223,10.0
2024-10-07 16:35:06,224.223,224.223,224.223,224.223,20.0
2024-10-07 16:35:07,224.224,224.224,224.223,224.223,20.0
2024-10-07 16:35:09,224.224,224.224,224.223,224.223,20.0
2024-10-07 16:35:10,224.224,224.224,224.224,224.224,10.0
2024-10-07 16:35:13,224.234,224.253,224.234,224.253,40.0
2024-10-07 16:35:14,224.254,224.254,224.254,224.254,20.0
2024-10-07 16:35:15,224.263,224.263,224.263,224.263,10.0
2024-10-07 16:35:18,224.264,224.273,224.264,224.273,20.0
2024-10-07 16:35:19,224.284,224.284,224.283,224.283,30.000000000000004
2024-10-07 16:35:20,224.284,224.284,224.283,224.284,40.0
2024-10-07 16:35:22,224.283,224.283,224.283,224.283,20.0
2024-10-07 16:35:23,224.284,224.284,224.274,224.284,30.000000000000004
2024-10-07 16:35:30,224.274,224.283,224.263,224.263,30.000000000000004
2024-10-07 16:35:31,224.253,224.253,224.244,224.244,20.0
2024-10-07 16:35:32,224.234,224.234,224.234,224.234,10.0
2024-10-07 16:35:33,224.234,224.234,224.234,224.234,10.0
2024-10-07 16:35:34,224.233,224.233,224.233,224.233,10.0
2024-10-07 16:35:41,224.234,224.234,224.203,224.204,40.0
2024-10-07 16:35:42,224.213,224.213,224.213,224.213,10.0
2024-10-07 16:35:43,224.224,224.224,224.214,224.214,20.0
2024-10-07 16:35:44,224.204,224.214,224.204,224.214,20.0
2024-10-07 16:35:45,224.213,224.213,224.213,224.213,10.0
2024-10-07 16:35:47,224.214,224.223,224.214,224.223,30.000000000000004
2024-10-07 16:35:48,224.234,224.234,224.234,224.234,10.0
2024-10-07 16:35:50,224.243,224.253,224.243,224.253,20.0
2024-10-07 16:36:01,224.273,224.273,224.273,224.273,10.0
2024-10-07 16:36:02,224.253,224.274,224.253,224.274,20.0
2024-10-07 16:36:03,224.264,224.273,224.263,224.263,30.000000000000004
2024-10-07 16:36:04,224.274,224.274,224.274,224.274,10.0
2024-10-07 16:36:05,224.263,224.274,224.263,224.273,60.0
2024-10-07 16:36:09,224.273,224.283,224.273,224.283,20.0
2024-10-07 16:36:12,224.284,224.303,224.283,224.303,30.000000000000004
2024-10-07 16:36:13,224.304,224.304,224.304,224.304,10.0
2024-10-07 16:36:14,224.324,224.324,224.304,224.304,30.000000000000004
2024-10-07 16:36:16,224.313,224.313,224.313,224.313,10.0
2024-10-07 16:36:17,224.314,224.314,224.314,224.314,10.0
2024-10-07 16:36:18,224.324,224.324,224.324,224.324,10.0
2024-10-07 16:36:22,224.333,224.364,224.333,224.364,30.000000000000004
2024-10-07 16:36:24,224.373,224.373,224.373,224.373,10.0
2024-10-07 16:36:29,224.363,224.374,224.363,224.374,20.0
2024-10-07 16:36:30,224.374,224.374,224.374,224.374,10.0
2024-10-07 16:36:34,224.393,224.393,224.393,224.393,20.0
2024-10-07 16:36:35,224.403,224.403,224.403,224.403,20.0
2024-10-07 16:36:37,224.403,224.403,224.403,224.403,10.0
2024-10-07 16:36:39,224.394,224.404,224.394,224.404,20.0
2024-10-07 16:36:40,224.404,224.404,224.404,224.404,10.0
2024-10-07 16:36:41,224.383,224.383,224.383,224.383,10.0
2024-10-07 16:36:42,224.373,224.383,224.373,224.383,20.0
2024-10-07 16:36:45,224.384,224.384,224.384,224.384,10.0
2024-10-07 16:36:47,224.394,224.403,224.394,224.403,30.000000000000004
2024-10-07 16:36:48,224.393,224.403,224.393,224.403,20.0
2024-10-07 16:36:57,224.413,224.413,224.413,224.413,20.0
2024-10-07 16:36:58,224.414,224.414,224.414,224.414,10.0
2024-10-07 16:36:59,224.423,224.433,224.423,224.433,20.0
2024-10-07 16:37:00,224.433,224.444,224.424,224.424,30.000000000000004
2024-10-07 16:37:01,224.403,224.413,224.403,224.413,20.0
2024-10-07 16:37:02,224.414,224.414,224.414,224.414,10.0
2024-10-07 16:37:03,224.413,224.414,224.404,224.414,30.000000000000004
2024-10-07 16:37:04,224.413,224.413,224.413,224.413,20.0
2024-10-07 16:37:05,224.394,224.394,224.394,224.394,10.0
2024-10-07 16:37:06,224.394,224.394,224.394,224.394,10.0
2024-10-07 16:37:13,224.374,224.374,224.364,224.373,30.000000000000004
2024-10-07 16:37:18,224.353,224.354,224.334,224.354,40.0
2024-10-07 16:37:19,224.364,224.364,224.364,224.364,10.0
2024-10-07 16:37:20,224.363,224.373,224.363,224.373,20.0
2024-10-07 16:37:21,224.353,224.353,224.343,224.343,30.000000000000004
2024-10-07 16:37:28,224.333,224.344,224.333,224.344,20.0
2024-10-07 16:37:30,224.323,224.323,224.323,224.323,10.0
2024-10-07 16:37:31,224.324,224.324,224.324,224.324,10.0
2024-10-07 16:37:32,224.334,224.354,224.334,224.354,20.0
2024-10-07 16:37:33,224.343,224.353,224.343,224.353,20.0
2024-10-07 16:37:34,224.373,224.373,224.373,224.373,20.0
2024-10-07 16:37:35,224.373,224.373,224.373,224.373,10.0
2024-10-07 16:37:39,224.384,224.384,224.384,224.384,30.000000000000004
2024-10-07 16:37:40,224.404,224.404,224.404,224.404,10.0
2024-10-07 16:37:41,224.393,224.393,224.384,224.384,20.0
2024-10-07 16:37:42,224.394,224.394,224.394,224.394,10.0
2024-10-07 16:37:46,224.394,224.394,224.394,224.394,10.0
2024-10-07 16:37:47,224.394,224.394,224.394,224.394,10.0
2024-10-07 16:37:48,224.374,224.374,224.374,224.374,10.0
2024-10-07 16:37:51,224.374,224.374,224.373,224.373,20.0
2024-10-07 16:37:56,224.384,224.384,224.384,224.384,10.0
2024-10-07 16:37:57,224.403,224.403,224.403,224.403,20.0
2024-10-07 16:37:59,224.403,224.403,224.403,224.403,10.0
2024-10-07 16:38:01,224.403,224.404,224.403,224.404,20.0
2024-10-07 16:38:07,224.404,224.404,224.404,224.404,10.0
2024-10-07 16:38:10,224.394,224.394,224.383,224.383,30.000000000000004
2024-10-07 16:38:11,224.363,224.363,224.363,224.363,10.0
2024-10-07 16:38:12,224.374,224.393,224.374,224.393,40.0
2024-10-07 16:38:15,224.394,224.394,224.384,224.393,40.0
2024-10-07 16:38:16,224.393,224.393,224.393,224.393,10.0
2024-10-07 16:38:17,224.384,224.384,224.384,224.384,10.0
2024-10-07 16:38:18,224.374,224.384,224.374,224.384,20.0
2024-10-07 16:38:21,224.393,224.393,224.393,224.393,10.0
2024-10-07 16:38:23,224.403,224.403,224.403,224.403,10.0
2024-10-07 16:38:24,224.403,224.403,224.403,224.403,10.0
2024-10-07 16:38:25,224.393,224.393,224.374,224.374,20.0
2024-10-07 16:38:26,224.364,224.364,224.364,224.364,10.0
2024-10-07 16:38:29,224.374,224.374,224.374,224.374,10.0
2024-10-07 16:38:31,224.363,224.364,224.363,224.364,20.0
2024-10-07 16:38:41,224.374,224.394,224.374,224.394,20.0
2024-10-07 16:38:42,224.394,224.404,224.394,224.404,20.0
2024-10-07 16:38:46,224.403,224.403,224.403,224.403,10.0
2024-10-07 16:38:47,224.403,224.403,224.403,224.403,10.0
2024-10-07 16:38:48,224.404,224.404,224.404,224.404,10.0
2024-10-07 16:38:50,224.374,224.374,224.374,224.374,10.0
2024-10-07 16:38:51,224.363,224.363,224.354,224.354,20.0
2024-10-07 16:38:52,224.354,224.363,224.354,224.363,20.0
2024-10-07 16:38:54,224.363,224.364,224.363,224.363,50.0
2024-10-07 16:38:55,224.364,224.364,224.353,224.353,20.0
2024-10-07 16:38:56,224.353,224.363,224.353,224.363,20.0
2024-10-07 16:38:59,224.373,224.373,224.373,224.373,20.0
2024-10-07 16:39:00,224.374,224.384,224.373,224.384,50.0
2024-10-07 16:39:01,224.394,224.403,224.394,224.403,40.0
2024-10-07 16:39:02,224.403,224.403,224.403,224.403,10.0
2024-10-07 16:39:04,224.394,224.394,224.394,224.394,10.0
2024-10-07 16:39:05,224.384,224.384,224.364,224.364,30.000000000000004
2024-10-07 16:39:09,224.363,224.363,224.363,224.363,10.0
2024-10-07 16:39:13,224.343,224.343,224.343,224.343,10.0
2024-10-07 16:39:15,224.363,224.363,224.363,224.363,10.0
2024-10-07 16:39:17,224.364,224.364,224.364,224.364,10.0
2024-10-07 16:39:22,224.344,224.344,224.344,224.344,10.0
2024-10-07 16:39:25,224.323,224.323,224.323,224.323,10.0
2024-10-07 16:39:26,224.314,224.314,224.314,224.314,10.0
2024-10-07 16:39:28,224.313,224.313,224.313,224.313,20.0
2024-10-07 16:39:29,224.314,224.314,224.314,224.314,10.0
2024-10-07 16:39:30,224.294,224.294,224.293,224.293,20.0
2024-10-07 16:39:31,224.283,224.283,224.283,224.283,10.0
2024-10-07 16:39:32,224.273,224.273,224.273,224.273,10.0
2024-10-07 16:39:33,224.283,224.283,224.273,224.273,20.0
2024-10-07 16:39:35,224.274,224.274,224.274,224.274,10.0
2024-10-07 16:39:36,224.284,224.284,224.284,224.284,10.0
2024-10-07 16:39:37,224.283,224.283,224.283,224.283,10.0
2024-10-07 16:39:38,224.284,224.284,224.284,224.284,10.0
2024-10-07 16:39:39,224.273,224.283,224.273,224.283,40.0
2024-10-07 16:39:41,224.284,224.284,224.283,224.283,20.0
2024-10-07 16:39:43,224.284,224.284,224.284,224.284,10.0
2024-10-07 16:39:59,224.284,224.284,224.284,224.284,10.0
2024-10-07 16:40:00,224.264,224.284,224.264,224.284,70.00000000000001
2024-10-07 16:40:01,224.284,224.284,224.273,224.284,30.000000000000004
2024-10-07 16:40:02,224.274,224.274,224.273,224.274,50.0
2024-10-07 16:40:03,224.253,224.253,224.253,224.253,10.0
2024-10-07 16:40:04,224.264,224.273,224.264,224.264,40.0
2024-10-07 16:40:05,224.274,224.283,224.273,224.283,30.000000000000004
2024-10-07 16:40:06,224.273,224.273,224.273,224.273,10.0
2024-10-07 16:40:08,224.273,224.273,224.273,224.273,10.0
2024-10-07 16:40:09,224.273,224.283,224.273,224.283,20.0
2024-10-07 16:40:11,224.283,224.284,224.283,224.284,20.0
2024-10-07 16:40:12,224.283,224.283,224.283,224.283,10.0
2024-10-07 16:40:14,224.284,224.284,224.284,224.284,10.0
2024-10-07 16:40:15,224.283,224.283,224.283,224.283,10.0
2024-10-07 16:40:16,224.284,224.284,224.284,224.284,10.0
2024-10-07 16:40:19,224.283,224.283,224.283,224.283,10.0
2024-10-07 16:40:20,224.283,224.283,224.283,224.283,10.0
2024-10-07 16:40:21,224.283,224.283,224.283,224.283,10.0
2024-10-07 16:40:23,224.264,224.264,224.243,224.243,20.0
2024-10-07 16:40:24,224.243,224.243,224.243,224.243,10.0
2024-10-07 16:40:25,224.244,224.244,224.244,224.244,10.0
2024-10-07 16:40:26,224.243,224.243,224.243,224.243,10.0
2024-10-07 16:40:27,224.234,224.234,224.234,224.234,10.0
2024-10-07 16:40:30,224.243,224.243,224.243,224.243,10.0
2024-10-07 16:40:31,224.244,224.254,224.244,224.254,20.0
2024-10-07 16:40:32,224.254,224.254,224.254,224.254,10.0
2024-10-07 16:40:33,224.263,224.263,224.263,224.263,10.0
2024-10-07 16:40:37,224.264,224.264,224.264,224.264,10.0
2024-10-07 16:40:40,224.264,224.264,224.264,224.264,10.0
2024-10-07 16:40:41,224.284,224.284,224.284,224.284,20.0
2024-10-07 16:40:42,224.273,224.284,224.273,224.283,30.000000000000004
2024-10-07 16:40:45,224.273,224.284,224.273,224.283,70.00000000000001
2024-10-07 16:40:46,224.283,224.284,224.283,224.284,20.0
2024-10-07 16:40:47,224.284,224.284,224.283,224.283,20.0
2024-10-07 16:40:48,224.284,224.284,224.283,224.283,30.000000000000004
2024-10-07 16:40:51,224.284,224.284,224.284,224.284,10.0
2024-10-07 16:40:52,224.304,224.304,224.304,224.304,10.0
2024-10-07 16:40:54,224.304,224.304,224.304,224.304,10.0
2024-10-07 16:40:55,224.294,224.294,224.294,224.294,10.0
2024-10-07 16:40:57,224.304,224.324,224.304,224.324,40.0
2024-10-07 16:41:00,224.324,224.324,224.324,224.324,10.0
2024-10-07 16:41:01,224.303,224.303,224.303,224.303,10.0
2024-10-07 16:41:02,224.293,224.304,224.293,224.304,40.0
2024-10-07 16:41:04,224.293,224.293,224.293,224.293,10.0
2024-10-07 16:41:05,224.294,224.294,224.294,224.294,10.0
2024-10-07 16:41:06,224.293,224.293,224.293,224.293,10.0
2024-10-07 16:41:11,224.274,224.274,224.253,224.264,40.0
2024-10-07 16:41:12,224.274,224.274,224.274,224.274,10.0
2024-10-07 16:41:14,224.274,224.274,224.274,224.274,20.0
2024-10-07 16:41:15,224.274,224.274,224.274,224.274,10.0
2024-10-07 16:41:16,224.264,224.274,224.264,224.274,20.0
2024-10-07 16:41:17,224.273,224.283,224.273,224.283,20.0
2024-10-07 16:41:19,224.294,224.294,224.294,224.294,10.0
2024-10-07 16:41:20,224.293,224.293,224.293,224.293,10.0
2024-10-07 16:41:21,224.293,224.293,224.293,224.293,10.0
2024-10-07 16:41:24,224.283,224.294,224.283,224.294,20.0
2024-10-07 16:41:30,224.304,224.304,224.304,224.304,10.0
2024-10-07 16:41:31,224.293,224.304,224.293,224.294,30.000000000000004
2024-10-07 16:41:33,224.283,224.293,224.283,224.293,20.0
2024-10-07 16:41:34,224.294,224.304,224.294,224.304,30.000000000000004
2024-10-07 16:41:35,224.304,224.304,224.304,224.304,10.0
2024-10-07 16:41:36,224.304,224.304,224.303,224.303,30.000000000000004
2024-10-07 16:41:43,224.294,224.294,224.294,224.294,10.0
2024-10-07 16:41:44,224.293,224.313,224.293,224.313,20.0
2024-10-07 16:41:45,224.303,224.304,224.303,224.304,20.0
2024-10-07 16:41:47,224.303,224.303,224.303,224.303,10.0
2024-10-07 16:41:51,224.303,224.303,224.293,224.294,40.0
2024-10-07 16:41:54,224.303,224.303,224.303,224.303,10.0
2024-10-07 16:41:56,224.314,224.323,224.314,224.323,20.0
2024-10-07 16:41:57,224.323,224.323,224.323,224.323,20.0
2024-10-07 16:41:58,224.314,224.314,224.314,224.314,10.0
2024-10-07 16:41:59,224.323,224.323,224.323,224.323,10.0
2024-10-07 16:42:00,224.324,224.324,224.324,224.324,10.0
2024-10-07 16:42:01,224.314,224.314,224.314,224.314,10.0
2024-10-07 16:42:02,224.304,224.304,224.304,224.304,10.0
2024-10-07 16:42:03,224.293,224.293,224.293,224.293,10.0
2024-10-07 16:42:05,224.303,224.303,224.303,224.303,20.0
2024-10-07 16:42:09,224.303,224.304,224.303,224.304,30.000000000000004
2024-10-07 16:42:13,224.314,224.334,224.314,224.334,40.0
2024-10-07 16:42:14,224.333,224.353,224.333,224.353,50.0
2024-10-07 16:42:15,224.353,224.353,224.353,224.353,10.0
2024-10-07 16:42:16,224.363,224.364,224.363,224.364,20.0
2024-10-07 16:42:17,224.373,224.374,224.373,224.374,20.0
2024-10-07 16:42:24,224.384,224.393,224.384,224.393,30.000000000000004
2024-10-07 16:42:35,224.384,224.384,224.384,224.384,10.0
2024-10-07 16:42:36,224.394,224.394,224.394,224.394,10.0
2024-10-07 16:42:37,224.383,224.383,224.383,224.383,10.0
2024-10-07 16:42:43,224.353,224.364,224.353,224.364,20.0
2024-10-07 16:42:45,224.354,224.364,224.354,224.364,20.0
2024-10-07 16:42:49,224.364,224.364,224.364,224.364,10.0
2024-10-07 16:42:55,224.374,224.374,224.374,224.374,10.0
2024-10-07 16:42:56,224.384,224.384,224.384,224.384,10.0
2024-10-07 16:42:57,224.384,224.393,224.384,224.393,20.0
2024-10-07 16:42:58,224.384,224.393,224.383,224.383,30.000000000000004
2024-10-07 16:42:59,224.384,224.384,224.384,224.384,10.0
2024-10-07 16:43:00,224.374,224.374,224.374,224.374,10.0
2024-10-07 16:43:01,224.364,224.364,224.364,224.364,10.0
2024-10-07 16:43:02,224.334,224.334,224.324,224.324,30.000000000000004
2024-10-07 16:43:03,224.313,224.313,224.313,224.313,10.0
2024-10-07 16:43:04,224.324,224.324,224.324,224.324,30.000000000000004
2024-10-07 16:43:05,224.333,224.334,224.333,224.334,40.0
2024-10-07 16:43:09,224.323,224.323,224.314,224.314,20.0
2024-10-07 16:43:10,224.323,224.323,224.323,224.323,10.0
2024-10-07 16:43:11,224.324,224.324,224.314,224.314,20.0
2024-10-07 16:43:14,224.334,224.334,224.334,224.334,10.0
2024-10-07 16:43:15,224.324,224.334,224.324,224.334,30.000000000000004
2024-10-07 16:43:16,224.333,224.333,224.333,224.333,10.0
2024-10-07 16:43:17,224.354,224.363,224.354,224.363,20.0
2024-10-07 16:43:18,224.364,224.364,224.354,224.354,30.000000000000004
2024-10-07 16:43:19,224.353,224.353,224.353,224.353,10.0
2024-10-07 16:43:21,224.354,224.354,224.354,224.354,10.0
2024-10-07 16:43:22,224.344,224.353,224.344,224.353,20.0
2024-10-07 16:43:25,224.344,224.344,224.344,224.344,10.0
2024-10-07 16:43:26,224.333,224.334,224.333,224.334,20.0
2024-10-07 16:43:27,224.313,224.323,224.303,224.303,30.000000000000004
2024-10-07 16:43:29,224.283,224.293,224.283,224.293,20.0
2024-10-07 16:43:31,224.284,224.284,224.264,224.273,40.0
2024-10-07 16:43:32,224.284,224.284,224.284,224.284,10.0
2024-10-07 16:43:33,224.294,224.294,224.294,224.294,10.0
2024-10-07 16:43:35,224.304,224.304,224.294,224.294,20.0
2024-10-07 16:43:37,224.304,224.304,224.303,224.303,20.0
2024-10-07 16:43:38,224.303,224.303,224.293,224.293,40.0
2024-10-07 16:43:39,224.304,224.304,224.304,224.304,10.0
2024-10-07 16:43:40,224.293,224.303,224.293,224.303,20.0
2024-10-07 16:43:43,224.314,224.314,224.314,224.314,10.0
2024-10-07 16:43:44,224.314,224.314,224.314,224.314,10.0
2024-10-07 16:43:45,224.314,224.314,224.314,224.314,10.0
2024-10-07 16:43:46,224.314,224.314,224.314,224.314,10.0
2024-10-07 16:43:48,224.294,224.294,224.294,224.294,10.0
2024-10-07 16:43:50,224.294,224.294,224.293,224.293,20.0
2024-10-07 16:43:51,224.284,224.284,224.284,224.284,10.0
2024-10-07 16:43:52,224.293,224.293,224.293,224.293,10.0
2024-10-07 16:43:56,224.294,224.294,224.294,224.294,10.0
2024-10-07 16:43:57,224.293,224.293,224.293,224.293,10.0
2024-10-07 16:43:58,224.293,224.294,224.293,224.294,20.0
2024-10-07 16:44:00,224.293,224.293,224.273,224.273,20.0
2024-10-07 16:44:01,224.283,224.283,224.283,224.283,10.0
2024-10-07 16:44:05,224.253,224.254,224.244,224.244,40.0
2024-10-07 16:44:06,224.254,224.264,224.254,224.264,30.000000000000004
2024-10-07 16:44:07,224.253,224.264,224.253,224.264,20.0
2024-10-07 16:44:08,224.254,224.264,224.254,224.264,20.0
2024-10-07 16:44:11,224.263,224.263,224.253,224.253,30.000000000000004
2024-10-07 16:44:12,224.264,224.264,224.264,224.264,10.0
2024-10-07 16:44:16,224.264,224.264,224.264,224.264,10.0
2024-10-07 16:44:20,224.263,224.263,224.263,224.263,10.0
2024-10-07 16:44:24,224.274,224.283,224.273,224.283,40.0
2024-10-07 16:44:27,224.293,224.293,224.293,224.293,20.0
2024-10-07 16:44:28,224.264,224.264,224.264,224.264,10.0
2024-10-07 16:44:29,224.274,224.274,224.274,224.274,20.0
2024-10-07 16:44:30,224.264,224.274,224.264,224.264,30.000000000000004
2024-10-07 16:44:31,224.274,224.274,224.274,224.274,10.0
2024-10-07 16:44:32,224.264,224.264,224.254,224.254,20.0
2024-10-07 16:44:34,224.233,224.233,224.203,224.203,30.000000000000004
2024-10-07 16:44:35,224.223,224.233,224.223,224.233,30.000000000000004
2024-10-07 16:44:38,224.233,224.233,224.233,224.233,10.0
2024-10-07 16:44:40,224.244,224.244,224.244,224.244,10.0
2024-10-07 16:44:42,224.233,224.244,224.233,224.243,40.0
2024-10-07 16:44:43,224.233,224.233,224.223,224.223,20.0
2024-10-07 16:44:44,224.213,224.213,224.213,224.213,10.0
2024-10-07 16:44:45,224.224,224.224,224.224,224.224,10.0
2024-10-07 16:44:46,224.203,224.213,224.203,224.213,20.0
2024-10-07 16:44:48,224.213,224.214,224.213,224.214,40.0
2024-10-07 16:44:49,224.213,224.214,224.213,224.214,20.0
2024-10-07 16:44:50,224.214,224.214,224.194,224.194,40.0
2024-10-07 16:44:51,224.183,224.183,224.183,224.183,10.0
2024-10-07 16:44:52,224.184,224.184,224.184,224.184,10.0
2024-10-07 16:44:53,224.193,224.193,224.184,224.184,20.0
2024-10-07 16:44:54,224.184,224.184,224.164,224.164,30.000000000000004
2024-10-07 16:44:55,224.174,224.184,224.163,224.184,40.0
2024-10-07 16:44:56,224.173,224.183,224.173,224.183,20.0
2024-10-07 16:44:58,224.174,224.184,224.174,224.184,20.0
2024-10-07 16:45:00,224.163,224.163,224.163,224.163,10.0
2024-10-07 16:45:01,224.163,224.164,224.153,224.164,40.0
2024-10-07 16:45:03,224.173,224.173,224.173,224.173,10.0
2024-10-07 16:45:04,224.163,224.184,224.163,224.174,40.0
2024-10-07 16:45:05,224.184,224.193,224.184,224.193,20.0
2024-10-07 16:45:06,224.174,224.183,224.174,224.183,20.0
2024-10-07 16:45:07,224.194,224.194,224.184,224.194,30.000000000000004
2024-10-07 16:45:08,224.173,224.183,224.173,224.183,40.0
2024-10-07 16:45:09,224.174,224.184,224.174,224.174,30.000000000000004
2024-10-07 16:45:10,224.163,224.173,224.163,224.163,30.000000000000004
2024-10-07 16:45:11,224.164,224.173,224.164,224.164,30.000000000000004
2024-10-07 16:45:12,224.163,224.164,224.163,224.164,20.0
2024-10-07 16:45:13,224.164,224.174,224.164,224.174,30.000000000000004
2024-10-07 16:45:14,224.174,224.174,224.153,224.154,30.000000000000004
2024-10-07 16:45:16,224.174,224.174,224.174,224.174,10.0
2024-10-07 16:45:17,224.183,224.183,224.183,224.183,10.0
2024-10-07 16:45:18,224.183,224.183,224.183,224.183,20.0
2024-10-07 16:45:19,224.193,224.204,224.193,224.204,20.0
2024-10-07 16:45:20,224.204,224.204,224.204,224.204,10.0
2024-10-07 16:45:21,224.193,224.204,224.193,224.204,20.0
2024-10-07 16:45:22,224.193,224.193,224.184,224.193,30.000000000000004
2024-10-07 16:45:25,224.163,224.163,224.163,224.163,10.0
2024-10-07 16:45:27,224.193,224.193,224.183,224.183,20.0
2024-10-07 16:45:30,224.164,224.164,224.164,224.164,10.0
2024-10-07 16:45:32,224.154,224.154,224.154,224.154,10.0
2024-10-07 16:45:37,224.144,224.144,224.144,224.144,10.0
2024-10-07 16:45:38,224.134,224.134,224.124,224.124,20.0
2024-10-07 16:45:39,224.113,224.113,224.093,224.093,20.0
2024-10-07 16:45:40,224.104,224.104,224.094,224.094,20.0
2024-10-07 16:45:41,224.083,224.083,224.083,224.083,10.0
2024-10-07 16:45:42,224.094,224.104,224.094,224.104,20.0
2024-10-07 16:45:44,224.093,224.104,224.093,224.104,20.0
2024-10-07 16:45:45,224.114,224.114,224.114,224.114,20.0
2024-10-07 16:45:46,224.113,224.113,224.113,224.113,10.0
2024-10-07 16:45:47,224.114,224.114,224.114,224.114,10.0
2024-10-07 16:45:48,224.123,224.123,224.123,224.123,10.0
2024-10-07 16:45:49,224.113,224.144,224.113,224.144,50.0
2024-10-07 16:45:50,224.153,224.153,224.153,224.153,10.0
2024-10-07 16:45:51,224.153,224.154,224.144,224.144,40.0
2024-10-07 16:45:52,224.154,224.154,224.133,224.133,20.0
2024-10-07 16:45:53,224.143,224.143,224.143,224.143,10.0
2024-10-07 16:45:54,224.143,224.143,224.133,224.133,20.0
2024-10-07 16:45:55,224.134,224.134,224.123,224.123,20.0
2024-10-07 16:45:56,224.113,224.113,224.113,224.113,10.0
2024-10-07 16:45:57,224.093,224.093,224.093,224.093,10.0
2024-10-07 16:45:58,224.104,224.104,224.104,224.104,10.0
2024-10-07 16:46:02,224.094,224.103,224.083,224.094,50.0
2024-10-07 16:46:03,224.113,224.113,224.093,224.093,30.000000000000004
2024-10-07 16:46:06,224.104,224.104,224.103,224.104,30.000000000000004
2024-10-07 16:46:07,224.093,224.093,224.093,224.093,10.0
2024-10-07 16:46:08,224.104,224.104,224.104,224.104,10.0
2024-10-07 16:46:11,224.094,224.104,224.094,224.104,20.0
2024-10-07 16:46:13,224.083,224.083,224.074,224.074,30.000000000000004
2024-10-07 16:46:15,224.093,224.093,224.083,224.083,20.0
2024-10-07 16:46:16,224.104,224.113,224.104,224.113,20.0
2024-10-07 16:46:19,224.114,224.114,224.114,224.114,10.0
2024-10-07 16:46:20,224.103,224.103,224.093,224.093,30.000000000000004
2024-10-07 16:46:23,224.084,224.084,224.084,224.084,10.0
2024-10-07 16:46:24,224.084,224.084,224.084,224.084,10.0
2024-10-07 16:46:25,224.084,224.094,224.084,224.094,20.0
2024-10-07 16:46:26,224.084,224.093,224.084,224.093,20.0
2024-10-07 16:46:28,224.083,224.083,224.083,224.083,10.0
2024-10-07 16:46:29,224.073,224.073,224.073,224.073,10.0
2024-10-07 16:46:30,224.064,224.064,224.034,224.034,30.000000000000004
2024-10-07 16:46:31,224.033,224.033,224.023,224.023,40.0
2024-10-07 16:46:32,224.034,224.034,224.034,224.034,10.0
2024-10-07 16:46:33,224.053,224.064,224.053,224.064,50.0
2024-10-07 16:46:34,224.054,224.054,224.053,224.053,20.0
2024-10-07 16:46:36,224.044,224.064,224.044,224.064,50.0
2024-10-07 16:46:37,224.073,224.073,224.073,224.073,10.0
2024-10-07 16:46:38,224.073,224.073,224.073,224.073,10.0
2024-10-07 16:46:39,224.084,224.094,224.084,224.094,40.0
2024-10-07 16:46:40,224.093,224.093,224.084,224.093,30.000000000000004
2024-10-07 16:46:42,224.104,224.104,224.093,224.093,30.000000000000004
2024-10-07 16:46:43,224.104,224.104,224.104,224.104,10.0
2024-10-07 16:46:48,224.094,224.094,224.094,224.094,20.0
2024-10-07 16:46:50,224.083,224.083,224.083,224.083,10.0
2024-10-07 16:46:51,224.074,224.084,224.074,224.084,30.000000000000004
2024-10-07 16:46:52,224.064,224.083,224.064,224.083,20.0
2024-10-07 16:46:53,224.083,224.083,224.063,224.063,30.000000000000004
2024-10-07 16:46:54,224.053,224.054,224.044,224.054,40.0
2024-10-07 16:46:55,224.063,224.063,224.054,224.054,30.000000000000004
2024-10-07 16:46:56,224.074,224.074,224.074,224.074,10.0
2024-10-07 16:46:57,224.064,224.064,224.064,224.064,10.0
2024-10-07 16:46:58,224.054,224.054,224.043,224.043,20.0
2024-10-07 16:46:59,224.054,224.054,224.054,224.054,10.0
2024-10-07 16:47:01,224.063,224.074,224.063,224.074,20.0
2024-10-07 16:47:02,224.074,224.074,224.074,224.074,10.0
2024-10-07 16:47:03,224.063,224.063,224.063,224.063,10.0
2024-10-07 16:47:05,224.074,224.083,224.074,224.074,30.000000000000004
2024-10-07 16:47:06,224.084,224.084,224.084,224.084,10.0
2024-10-07 16:47:08,224.074,224.074,224.074,224.074,10.0
2024-10-07 16:47:09,224.083,224.083,224.083,224.083,10.0
2024-10-07 16:47:10,224.074,224.074,224.074,224.074,10.0
2024-10-07 16:47:11,224.074,224.083,224.074,224.083,20.0
2024-10-07 16:47:12,224.083,224.083,224.083,224.083,10.0
2024-10-07 16:47:13,224.094,224.124,224.094,224.124,20.0
2024-10-07 16:47:14,224.114,224.123,224.114,224.123,20.0
2024-10-07 16:47:15,224.133,224.134,224.133,224.134,30.000000000000004
2024-10-07 16:47:16,224.134,224.134,224.124,224.124,30.000000000000004
2024-10-07 16:47:17,224.123,224.124,224.123,224.124,20.0
2024-10-07 16:47:20,224.114,224.114,224.114,224.114,10.0
2024-10-07 16:47:22,224.104,224.104,224.104,224.104,10.0
2024-10-07 16:47:23,224.093,224.093,224.093,224.093,10.0
2024-10-07 16:47:24,224.084,224.084,224.073,224.073,20.0
2024-10-07 16:47:26,224.073,224.094,224.073,224.094,20.0
2024-10-07 16:47:27,224.093,224.093,224.093,224.093,10.0
2024-10-07 16:47:29,224.104,224.104,224.104,224.104,10.0
2024-10-07 16:47:31,224.113,224.113,224.113,224.113,10.0
2024-10-07 16:47:32,224.124,224.124,224.124,224.124,10.0
2024-10-07 16:47:33,224.133,224.133,224.133,224.133,10.0
2024-10-07 16:47:35,224.124,224.124,224.124,224.124,20.0
2024-10-07 16:47:37,224.133,224.133,224.133,224.133,10.0
2024-10-07 16:47:38,224.134,224.134,224.134,224.134,10.0
2024-10-07 16:47:45,224.133,224.133,224.133,224.133,10.0
2024-10-07 16:47:46,224.154,224.154,224.154,224.154,10.0
2024-10-07 16:47:48,224.154,224.154,224.134,224.143,30.000000000000004
2024-10-07 16:47:51,224.133,224.133,224.133,224.133,10.0
2024-10-07 16:47:52,224.134,224.134,224.133,224.133,20.0
2024-10-07 16:47:53,224.134,224.134,224.114,224.123,50.0
2024-10-07 16:47:55,224.134,224.134,224.133,224.133,40.0
2024-10-07 16:47:59,224.124,224.124,224.124,224.124,10.0
2024-10-07 16:48:00,224.144,224.144,224.143,224.143,20.0
2024-10-07 16:48:01,224.134,224.144,224.134,224.134,30.000000000000004
2024-10-07 16:48:03,224.114,224.124,224.114,224.124,20.0
2024-10-07 16:48:05,224.133,224.134,224.123,224.134,30.000000000000004
2024-10-07 16:48:06,224.123,224.123,224.114,224.114,20.0
2024-10-07 16:48:07,224.124,224.124,224.114,224.114,20.0
2024-10-07 16:48:08,224.094,224.114,224.093,224.114,30.000000000000004
2024-10-07 16:48:10,224.124,224.124,224.113,224.123,30.000000000000004
2024-10-07 16:48:12,224.133,224.133,224.133,224.133,10.0
2024-10-07 16:48:13,224.124,224.133,224.124,224.133,20.0
2024-10-07 16:48:16,224.124,224.134,224.124,224.134,20.0
2024-10-07 16:48:19,224.124,224.134,224.124,224.134,20.0
2024-10-07 16:48:21,224.144,224.144,224.144,224.144,10.0
2024-10-07 16:48:22,224.153,224.153,224.153,224.153,10.0
2024-10-07 16:48:23,224.164,224.184,224.164,224.184,20.0
2024-10-07 16:48:24,224.184,224.184,224.184,224.184,10.0
2024-10-07 16:48:25,224.183,224.183,224.174,224.174,30.000000000000004
2024-10-07 16:48:28,224.174,224.174,224.164,224.174,30.000000000000004
2024-10-07 16:48:33,224.144,224.144,224.144,224.144,10.0
2024-10-07 16:48:34,224.134,224.134,224.134,224.134,10.0
2024-10-07 16:48:43,224.144,224.144,224.144,224.144,10.0
2024-10-07 16:48:45,224.143,224.143,224.133,224.133,40.0
2024-10-07 16:48:46,224.113,224.144,224.113,224.133,60.0
2024-10-07 16:48:47,224.123,224.134,224.123,224.134,20.0
2024-10-07 16:48:51,224.124,224.124,224.124,224.124,10.0
2024-10-07 16:48:52,224.133,224.133,224.133,224.133,10.0
2024-10-07 16:48:54,224.133,224.133,224.133,224.133,10.0
2024-10-07 16:48:56,224.134,224.134,224.133,224.133,20.0
2024-10-07 16:48:57,224.133,224.133,224.133,224.133,10.0
2024-10-07 16:48:58,224.134,224.134,224.134,224.134,10.0
2024-10-07 16:48:59,224.133,224.133,224.123,224.123,20.0
2024-10-07 16:49:02,224.134,224.134,224.134,224.134,10.0
2024-10-07 16:49:06,224.124,224.124,224.124,224.124,10.0
2024-10-07 16:49:21,224.113,224.113,224.113,224.113,10.0
2024-10-07 16:49:23,224.124,224.124,224.124,224.124,10.0
2024-10-07 16:49:29,224.113,224.113,224.113,224.113,10.0
2024-10-07 16:49:34,224.114,224.114,224.113,224.113,20.0
2024-10-07 16:49:35,224.123,224.123,224.123,224.123,10.0
2024-10-07 16:49:36,224.114,224.123,224.114,224.123,20.0
2024-10-07 16:49:37,224.123,224.123,224.123,224.123,10.0
2024-10-07 16:49:43,224.123,224.123,224.123,224.123,10.0
2024-10-07 16:49:45,224.124,224.124,224.124,224.124,10.0
2024-10-07 16:49:48,224.113,224.113,224.113,224.113,10.0
2024-10-07 16:49:51,224.103,224.113,224.103,224.113,20.0
2024-10-07 16:49:56,224.124,224.134,224.124,224.134,20.0
2024-10-07 16:50:00,224.124,224.133,224.124,224.133,20.0
2024-10-07 16:50:03,224.124,224.124,224.124,224.124,10.0
2024-10-07 16:50:06,224.104,224.114,224.104,224.114,20.0
2024-10-07 16:50:07,224.113,224.113,224.113,224.113,10.0
2024-10-07 16:50:11,224.093,224.104,224.093,224.104,20.0
2024-10-07 16:50:12,224.104,224.104,224.094,224.104,40.0
2024-10-07 16:50:13,224.103,224.103,224.103,224.103,10.0
2024-10-07 16:50:14,224.113,224.113,224.113,224.113,10.0
2024-10-07 16:50:16,224.114,224.114,224.114,224.114,10.0
2024-10-07 16:50:17,224.113,224.113,224.113,224.113,20.0
2024-10-07 16:50:18,224.104,224.123,224.104,224.123,20.0
2024-10-07 16:50:19,224.113,224.113,224.113,224.113,10.0
2024-10-07 16:50:20,224.114,224.114,224.103,224.103,20.0
2024-10-07 16:50:21,224.104,224.113,224.103,224.113,40.0
2024-10-07 16:50:23,224.104,224.113,224.104,224.113,20.0
2024-10-07 16:50:24,224.104,224.104,224.104,224.104,10.0
2024-10-07 16:50:25,224.104,224.104,224.104,224.104,10.0
2024-10-07 16:50:26,224.093,224.093,224.084,224.084,20.0
2024-10-07 16:50:28,224.063,224.074,224.063,224.074,20.0
2024-10-07 16:50:31,224.054,224.063,224.034,224.034,40.0
2024-10-07 16:50:32,224.033,224.033,223.993,223.993,40.0
2024-10-07 16:50:33,223.974,223.974,223.934,223.944,80.0
2024-10-07 16:50:34,223.954,223.974,223.954,223.964,40.0
2024-10-07 16:50:36,223.963,223.963,223.963,223.963,10.0
2024-10-07 16:50:39,223.964,223.994,223.964,223.994,20.0
2024-10-07 16:50:40,223.984,223.994,223.983,223.994,40.0
2024-10-07 16:50:42,223.993,223.993,223.993,223.993,10.0
2024-10-07 16:50:44,223.984,223.984,223.984,223.984,10.0
2024-10-07 16:50:45,223.994,223.994,223.994,223.994,20.0
2024-10-07 16:50:47,223.994,224.013,223.994,224.013,20.0
2024-10-07 16:50:48,224.014,224.033,224.014,224.033,20.0
2024-10-07 16:50:49,224.013,224.013,224.013,224.013,10.0
2024-10-07 16:50:50,224.024,224.024,224.014,224.014,20.0
2024-10-07 16:50:51,224.023,224.023,224.023,224.023,10.0
2024-10-07 16:50:52,224.013,224.013,224.013,224.013,10.0
2024-10-07 16:50:54,224.004,224.004,224.004,224.004,10.0
2024-10-07 16:50:56,224.013,224.013,224.013,224.013,10.0
2024-10-07 16:50:59,224.004,224.004,224.004,224.004,10.0
2024-10-07 16:51:01,223.974,223.984,223.974,223.984,20.0
2024-10-07 16:51:02,223.993,224.004,223.993,224.004,20.0
2024-10-07 16:51:03,224.003,224.003,224.003,224.003,10.0
2024-10-07 16:51:04,223.993,223.993,223.993,223.993,10.0
2024-10-07 16:51:05,223.993,223.993,223.993,223.993,10.0
2024-10-07 16:51:06,224.004,224.004,224.004,224.004,10.0
2024-10-07 16:51:07,223.954,223.954,223.943,223.943,20.0
2024-10-07 16:51:08,223.934,223.934,223.913,223.913,30.000000000000004
2024-10-07 16:51:10,223.924,223.924,223.924,223.924,20.0
2024-10-07 16:51:12,223.934,223.934,223.934,223.934,10.0
2024-10-07 16:51:15,223.943,223.953,223.943,223.953,20.0
2024-10-07 16:51:16,223.963,223.973,223.963,223.973,20.0
2024-10-07 16:51:17,223.973,223.973,223.973,223.973,10.0
2024-10-07 16:51:18,223.973,223.973,223.973,223.973,10.0
2024-10-07 16:51:19,223.984,223.984,223.984,223.984,20.0
2024-10-07 16:51:21,223.993,223.994,223.993,223.994,20.0
2024-10-07 16:51:22,224.004,224.014,224.004,224.014,60.0
2024-10-07 16:51:23,224.013,224.013,224.013,224.013,20.0
2024-10-07 16:51:24,224.014,224.014,224.013,224.013,20.0
2024-10-07 16:51:25,224.003,224.014,224.003,224.014,20.0
2024-10-07 16:51:28,224.003,224.003,224.003,224.003,10.0
2024-10-07 16:51:30,223.953,223.953,223.953,223.953,10.0
2024-10-07 16:51:31,223.974,223.983,223.973,223.973,30.000000000000004
2024-10-07 16:51:34,223.974,223.974,223.974,223.974,10.0
2024-10-07 16:51:38,223.984,223.984,223.973,223.973,20.0
2024-10-07 16:51:39,223.973,223.973,223.973,223.973,20.0
2024-10-07 16:51:40,223.983,223.983,223.983,223.983,10.0
2024-10-07 16:51:42,223.983,223.984,223.983,223.984,30.000000000000004
2024-10-07 16:51:44,224.004,224.004,224.004,224.004,10.0
2024-10-07 16:51:45,224.004,224.014,224.004,224.014,30.000000000000004
2024-10-07 16:51:46,224.033,224.033,224.033,224.033,10.0
2024-10-07 16:51:48,224.044,224.044,224.044,224.044,10.0
2024-10-07 16:51:49,224.013,224.044,224.013,224.044,60.0
2024-10-07 16:51:50,224.034,224.043,224.023,224.023,30.000000000000004
2024-10-07 16:51:51,224.024,224.024,224.004,224.014,40.0
2024-10-07 16:51:52,223.993,224.014,223.993,224.014,30.000000000000004
2024-10-07 16:51:53,224.003,224.003,224.003,224.003,10.0
2024-10-07 16:51:54,223.993,223.993,223.984,223.984,20.0
2024-10-07 16:51:55,223.974,223.974,223.974,223.974,10.0
2024-10-07 16:52:00,223.984,223.984,223.984,223.984,10.0
2024-10-07 16:52:01,223.983,223.983,223.983,223.983,10.0
2024-10-07 16:52:04,223.964,223.964,223.964,223.964,10.0
2024-10-07 16:52:05,223.954,223.954,223.954,223.954,10.0
2024-10-07 16:52:06,223.943,223.943,223.943,223.943,10.0
2024-10-07 16:52:07,223.953,223.953,223.953,223.953,10.0
2024-10-07 16:52:12,223.963,224.004,223.963,223.994,50.0
2024-10-07 16:52:13,223.984,223.984,223.984,223.984,10.0
2024-10-07 16:52:14,223.994,223.994,223.994,223.994,10.0
2024-10-07 16:52:15,223.973,223.983,223.973,223.983,30.000000000000004
2024-10-07 16:52:16,223.984,223.984,223.964,223.973,40.0
2024-10-07 16:52:18,223.984,223.984,223.984,223.984,10.0
2024-10-07 16:52:20,223.963,223.963,223.963,223.963,10.0
2024-10-07 16:52:21,223.984,223.984,223.984,223.984,20.0
2024-10-07 16:52:24,223.974,223.974,223.974,223.974,10.0
2024-10-07 16:52:25,223.953,223.953,223.953,223.953,10.0
2024-10-07 16:52:30,223.943,223.943,223.943,223.943,10.0
2024-10-07 16:52:32,223.973,223.973,223.964,223.973,40.0
2024-10-07 16:52:34,223.973,223.973,223.973,223.973,20.0
2024-10-07 16:52:41,223.964,223.964,223.964,223.964,10.0
2024-10-07 16:52:44,223.963,223.963,223.963,223.963,20.0
2024-10-07 16:52:49,223.973,223.974,223.973,223.974,20.0
2024-10-07 16:52:50,223.963,223.963,223.954,223.954,20.0
2024-10-07 16:52:51,223.963,223.963,223.963,223.963,10.0
2024-10-07 16:52:52,223.974,223.974,223.974,223.974,10.0
2024-10-07 16:52:55,223.964,223.964,223.964,223.964,10.0
2024-10-07 16:52:56,223.974,223.974,223.974,223.974,20.0
2024-10-07 16:52:57,223.983,223.984,223.983,223.984,20.0
2024-10-07 16:52:58,223.994,223.994,223.994,223.994,10.0
2024-10-07 16:52:59,223.993,224.003,223.993,224.003,20.0
2024-10-07 16:53:00,224.014,224.014,224.014,224.014,10.0
2024-10-07 16:53:01,224.003,224.003,223.994,223.994,20.0
2024-10-07 16:53:05,223.983,223.983,223.973,223.973,20.0
2024-10-07 16:53:09,223.974,223.974,223.974,223.974,10.0
2024-10-07 16:53:11,223.974,223.974,223.964,223.964,20.0
2024-10-07 16:53:12,223.964,223.984,223.964,223.984,20.0
2024-10-07 16:53:17,224.003,224.014,224.003,224.014,20.0
2024-10-07 16:53:18,224.014,224.024,224.013,224.013,30.000000000000004
2024-10-07 16:53:19,224.014,224.024,224.014,224.023,40.0
2024-10-07 16:53:20,224.023,224.023,224.023,224.023,10.0
2024-10-07 16:53:21,224.023,224.023,224.023,224.023,10.0
2024-10-07 16:53:23,224.023,224.023,224.023,224.023,10.0
2024-10-07 16:53:24,224.034,224.034,224.034,224.034,10.0
2024-10-07 16:53:25,224.034,224.034,224.023,224.023,30.000000000000004
2024-10-07 16:53:26,224.034,224.034,224.034,224.034,10.0
2024-10-07 16:53:28,224.044,224.044,224.033,224.034,30.000000000000004
2024-10-07 16:53:29,224.023,224.023,224.023,224.023,10.0
2024-10-07 16:53:32,224.013,224.013,224.013,224.013,10.0
2024-10-07 16:53:33,224.014,224.014,224.003,224.003,40.0
2024-10-07 16:53:34,224.014,224.014,224.014,224.014,10.0
2024-10-07 16:53:35,224.003,224.003,224.003,224.003,10.0
2024-10-07 16:53:36,224.013,224.013,224.013,224.013,10.0
2024-10-07 16:53:37,224.003,224.003,224.003,224.003,10.0
2024-10-07 16:53:39,223.973,223.983,223.973,223.983,20.0
2024-10-07 16:53:42,223.983,224.003,223.983,224.003,30.000000000000004
2024-10-07 16:53:43,224.003,224.003,224.003,224.003,10.0
2024-10-07 16:53:44,224.004,224.004,224.003,224.003,20.0
2024-10-07 16:53:45,224.014,224.014,224.014,224.014,10.0
2024-10-07 16:53:52,224.004,224.004,223.984,223.993,30.000000000000004
2024-10-07 16:53:53,223.983,223.984,223.983,223.983,30.000000000000004
2024-10-07 16:53:54,223.984,223.984,223.984,223.984,10.0
2024-10-07 16:53:55,223.973,223.973,223.954,223.954,20.0
2024-10-07 16:53:56,223.953,223.954,223.953,223.954,20.0
2024-10-07 16:53:57,223.963,223.963,223.963,223.963,10.0
2024-10-07 16:53:59,223.953,223.953,223.953,223.953,10.0
2024-10-07 16:54:00,223.963,223.963,223.963,223.963,10.0
2024-10-07 16:54:01,223.944,223.953,223.943,223.943,30.000000000000004
2024-10-07 16:54:03,223.934,223.934,223.923,223.933,40.0
2024-10-07 16:54:04,223.943,223.943,223.933,223.933,30.000000000000004
2024-10-07 16:54:05,223.933,223.933,223.933,223.933,10.0
2024-10-07 16:54:10,223.943,223.943,223.943,223.943,10.0
2024-10-07 16:54:11,223.934,223.934,223.934,223.934,10.0
2024-10-07 16:54:12,223.923,223.923,223.923,223.923,10.0
2024-10-07 16:54:13,223.933,223.934,223.933,223.934,40.0
2024-10-07 16:54:16,223.944,223.944,223.944,223.944,10.0
2024-10-07 16:54:19,223.943,223.953,223.943,223.953,20.0
2024-10-07 16:54:21,223.954,223.954,223.953,223.953,20.0
2024-10-07 16:54:22,223.964,223.964,223.964,223.964,10.0
2024-10-07 16:54:23,223.964,223.964,223.964,223.964,10.0
2024-10-07 16:54:24,223.963,223.963,223.963,223.963,20.0
2024-10-07 16:54:26,223.953,223.953,223.953,223.953,10.0
2024-10-07 16:54:27,223.954,223.954,223.954,223.954,10.0
2024-10-07 16:54:29,223.954,223.954,223.954,223.954,10.0
2024-10-07 16:54:31,223.953,223.953,223.953,223.953,20.0
2024-10-07 16:54:32,223.953,223.953,223.953,223.953,10.0
2024-10-07 16:54:34,223.963,223.964,223.963,223.964,30.000000000000004
2024-10-07 16:54:37,223.953,223.953,223.953,223.953,10.0
2024-10-07 16:54:38,223.964,223.964,223.964,223.964,10.0
2024-10-07 16:54:39,223.963,223.973,223.963,223.973,20.0
2024-10-07 16:54:40,223.984,223.984,223.984,223.984,10.0
2024-10-07 16:54:41,223.974,223.983,223.974,223.983,20.0
2024-10-07 16:54:44,223.983,223.983,223.983,223.983,10.0
2024-10-07 16:54:46,223.984,223.984,223.984,223.984,10.0
2024-10-07 16:54:47,223.983,223.983,223.983,223.983,10.0
2024-10-07 16:54:52,223.973,223.973,223.973,223.973,10.0
2024-10-07 16:54:54,223.974,223.974,223.964,223.973,40.0
2024-10-07 16:54:55,223.974,223.974,223.974,223.974,30.000000000000004
2024-10-07 16:54:57,223.973,223.973,223.973,223.973,10.0
2024-10-07 16:54:58,223.983,223.983,223.983,223.983,10.0
2024-10-07 16:54:59,223.983,223.983,223.983,223.983,10.0
2024-10-07 16:55:00,223.984,223.984,223.984,223.984,10.0
2024-10-07 16:55:02,223.994,224.004,223.994,224.004,20.0
2024-10-07 16:55:04,224.013,224.013,224.013,224.013,10.0
2024-10-07 16:55:05,224.024,224.024,224.024,224.024,10.0
2024-10-07 16:55:06,224.034,224.034,224.034,224.034,10.0
2024-10-07 16:55:08,224.033,224.033,224.033,224.033,10.0
2024-10-07 16:55:09,224.024,224.024,224.013,224.024,40.0
2024-10-07 16:55:10,224.023,224.034,224.023,224.034,30.000000000000004
2024-10-07 16:55:11,224.044,224.044,224.043,224.043,20.0
2024-10-07 16:55:12,224.044,224.044,224.043,224.044,50.0
2024-10-07 16:55:18,224.043,224.053,224.043,224.053,50.0
2024-10-07 16:55:19,224.044,224.054,224.044,224.054,30.000000000000004
2024-10-07 16:55:21,224.053,224.064,224.044,224.044,30.000000000000004
2024-10-07 16:55:23,224.054,224.054,224.054,224.054,20.0
2024-10-07 16:55:24,224.053,224.053,224.044,224.044,20.0
2024-10-07 16:55:30,224.054,224.054,224.054,224.054,10.0
2024-10-07 16:55:32,224.044,224.054,224.044,224.054,20.0
2024-10-07 16:55:40,224.044,224.054,224.044,224.054,20.0
2024-10-07 16:55:45,224.044,224.044,224.044,224.044,10.0
2024-10-07 16:55:49,224.034,224.034,224.024,224.024,30.000000000000004
2024-10-07 16:55:50,224.033,224.033,224.024,224.024,20.0
2024-10-07 16:55:53,224.043,224.043,224.043,224.043,10.0
2024-10-07 16:55:59,224.024,224.024,224.013,224.013,20.0
2024-10-07 16:56:00,224.023,224.024,224.023,224.024,20.0
2024-10-07 16:56:05,224.023,224.023,224.023,224.023,10.0
2024-10-07 16:56:06,224.033,224.033,224.033,224.033,10.0
2024-10-07 16:56:08,224.024,224.024,224.024,224.024,10.0
2024-10-07 16:56:09,223.993,223.993,223.993,223.993,10.0
2024-10-07 16:56:10,224.003,224.003,223.994,223.994,20.0
2024-10-07 16:56:11,224.013,224.014,224.013,224.014,20.0
2024-10-07 16:56:13,224.014,224.014,224.014,224.014,10.0
2024-10-07 16:56:18,224.024,224.033,224.024,224.024,30.000000000000004
2024-10-07 16:56:19,224.034,224.034,224.034,224.034,10.0
2024-10-07 16:56:20,224.023,224.023,224.023,224.023,10.0
2024-10-07 16:56:25,224.023,224.023,224.023,224.023,10.0
2024-10-07 16:56:26,224.014,224.014,224.014,224.014,10.0
2024-10-07 16:56:27,224.003,224.014,224.003,224.014,20.0
2024-10-07 16:56:28,224.014,224.014,224.014,224.014,10.0
2024-10-07 16:56:29,224.013,224.013,224.013,224.013,10.0
2024-10-07 16:56:30,224.013,224.013,224.013,224.013,20.0
2024-10-07 16:56:31,224.003,224.003,224.003,224.003,20.0
2024-10-07 16:56:32,224.003,224.003,224.003,224.003,20.0
2024-10-07 16:56:34,224.014,224.023,224.014,224.023,20.0
2024-10-07 16:56:37,224.024,224.024,224.024,224.024,10.0
2024-10-07 16:56:38,224.023,224.023,224.023,224.023,10.0
2024-10-07 16:56:39,224.014,224.014,224.014,224.014,10.0
2024-10-07 16:56:40,224.003,224.004,224.003,224.004,20.0
2024-10-07 16:56:44,224.003,224.003,224.003,224.003,10.0
2024-10-07 16:56:56,223.983,223.983,223.973,223.983,30.000000000000004
2024-10-07 16:57:00,223.993,223.993,223.993,223.993,20.0
2024-10-07 16:57:02,223.994,223.994,223.994,223.994,10.0
2024-10-07 16:57:08,223.983,223.983,223.983,223.983,10.0
2024-10-07 16:57:09,223.983,223.983,223.983,223.983,10.0
2024-10-07 16:57:11,224.003,224.003,224.003,224.003,20.0
2024-10-07 16:57:15,223.993,223.993,223.993,223.993,10.0
2024-10-07 16:57:17,223.993,223.993,223.993,223.993,10.0
2024-10-07 16:57:23,223.993,223.993,223.993,223.993,10.0
2024-10-07 16:57:24,223.994,223.994,223.993,223.994,30.000000000000004
2024-10-07 16:57:28,223.984,223.984,223.974,223.983,30.000000000000004
2024-10-07 16:57:31,223.993,223.993,223.993,223.993,10.0
2024-10-07 16:57:32,223.993,223.993,223.993,223.993,10.0
2024-10-07 16:57:38,223.993,223.993,223.993,223.993,10.0
2024-10-07 16:57:50,224.004,224.013,224.004,224.013,20.0
2024-10-07 16:57:51,223.993,223.993,223.993,223.993,10.0
2024-10-07 16:57:52,223.983,223.984,223.983,223.984,20.0
2024-10-07 16:57:55,223.983,223.984,223.983,223.984,30.000000000000004
2024-10-07 16:57:57,223.973,223.973,223.973,223.973,10.0
2024-10-07 16:58:01,223.984,223.984,223.984,223.984,10.0
2024-10-07 16:58:03,223.993,223.994,223.993,223.994,20.0
2024-10-07 16:58:05,224.004,224.004,224.004,224.004,10.0
2024-10-07 16:58:07,224.014,224.014,224.014,224.014,10.0
2024-10-07 16:58:08,224.014,224.014,224.014,224.014,10.0
2024-10-07 16:58:10,224.013,224.014,224.013,224.014,20.0
2024-10-07 16:58:11,224.013,224.013,224.013,224.013,10.0
2024-10-07 16:58:13,224.003,224.003,224.003,224.003,10.0
2024-10-07 16:58:14,224.003,224.003,224.003,224.003,10.0
2024-10-07 16:58:15,223.994,223.994,223.994,223.994,10.0
2024-10-07 16:58:17,223.983,223.983,223.983,223.983,10.0
2024-10-07 16:58:19,223.993,223.993,223.993,223.993,10.0
2024-10-07 16:58:20,223.993,223.993,223.984,223.984,20.0
2024-10-07 16:58:21,223.974,223.974,223.974,223.974,10.0
2024-10-07 16:58:23,223.984,223.984,223.984,223.984,10.0
2024-10-07 16:58:27,223.994,223.994,223.994,223.994,10.0
2024-10-07 16:58:29,223.983,223.983,223.983,223.983,10.0
2024-10-07 16:58:30,223.974,223.974,223.974,223.974,20.0
2024-10-07 16:58:33,223.973,223.973,223.963,223.963,30.000000000000004
2024-10-07 16:58:35,223.974,223.974,223.973,223.973,20.0
2024-10-07 16:58:36,223.974,223.974,223.973,223.974,40.0
2024-10-07 16:58:45,223.964,223.964,223.943,223.943,20.0
2024-10-07 16:58:46,223.943,223.953,223.943,223.953,30.000000000000004
2024-10-07 16:58:48,223.953,223.953,223.953,223.953,10.0
2024-10-07 16:58:49,223.963,223.963,223.963,223.963,10.0
2024-10-07 16:58:54,223.964,223.964,223.964,223.964,10.0
2024-10-07 16:58:55,223.974,223.974,223.974,223.974,10.0
2024-10-07 16:58:56,223.963,223.973,223.963,223.973,30.000000000000004
2024-10-07 16:58:58,223.973,223.973,223.973,223.973,10.0
2024-10-07 16:59:02,223.974,223.993,223.974,223.993,20.0
2024-10-07 16:59:03,224.004,224.004,224.004,224.004,10.0
2024-10-07 16:59:04,223.994,224.003,223.953,223.953,100.0
2024-10-07 16:59:07,223.974,223.974,223.964,223.964,30.000000000000004
2024-10-07 16:59:10,223.964,223.973,223.964,223.973,20.0
2024-10-07 16:59:11,223.983,223.983,223.983,223.983,10.0
2024-10-07 16:59:12,223.993,223.993,223.983,223.993,30.000000000000004
2024-10-07 16:59:13,223.994,223.994,223.994,223.994,10.0
2024-10-07 16:59:15,223.983,223.993,223.983,223.993,20.0
2024-10-07 16:59:16,223.984,223.993,223.984,223.993,20.0
2024-10-07 16:59:19,223.984,223.984,223.984,223.984,10.0
2024-10-07 16:59:20,223.994,223.994,223.983,223.994,30.000000000000004
2024-10-07 16:59:21,223.983,223.994,223.983,223.994,20.0
2024-10-07 16:59:23,223.983,223.994,223.983,223.994,20.0
2024-10-07 16:59:24,223.983,223.994,223.983,223.994,20.0
2024-10-07 16:59:27,223.993,223.993,223.993,223.993,10.0
2024-10-07 16:59:28,223.994,223.994,223.994,223.994,10.0
2024-10-07 16:59:29,223.993,223.993,223.993,223.993,10.0
2024-10-07 16:59:30,224.013,224.013,224.013,224.013,10.0
2024-10-07 16:59:33,224.014,224.014,223.974,223.974,20.0
2024-10-07 16:59:43,223.974,223.974,223.974,223.974,10.0
2024-10-07 16:59:45,223.964,223.964,223.964,223.964,10.0
2024-10-07 16:59:48,223.974,223.974,223.974,223.974,10.0
2024-10-07 16:59:49,223.973,223.973,223.973,223.973,10.0
2024-10-07 16:59:50,223.974,223.974,223.973,223.973,20.0
2024-10-07 16:59:53,223.963,223.973,223.963,223.973,20.0
2024-10-07 16:59:57,223.984,223.984,223.984,223.984,10.0
2024-10-07 17:00:01,223.993,223.993,223.993,223.993,10.0
2024-10-07 17:00:03,223.994,223.994,223.993,223.993,20.0
2024-10-07 17:00:04,224.004,224.004,224.004,224.004,10.0
2024-10-07 17:00:06,223.994,223.994,223.983,223.983,20.0
2024-10-07 17:00:07,223.994,224.003,223.993,223.993,30.000000000000004
2024-10-07 17:00:08,223.964,223.964,223.964,223.964,10.0
2024-10-07 17:00:15,224.024,224.024,224.004,224.004,20.0
2024-10-07 17:00:16,223.984,223.993,223.984,223.993,20.0
2024-10-07 17:00:17,224.013,224.013,224.003,224.003,20.0
2024-10-07 17:00:18,224.004,224.004,224.004,224.004,10.0
2024-10-07 17:00:19,224.004,224.004,224.004,224.004,20.0
2024-10-07 17:00:20,224.023,224.023,224.023,224.023,10.0
2024-10-07 17:00:21,224.023,224.023,224.023,224.023,10.0
2024-10-07 17:00:23,224.023,224.023,224.023,224.023,10.0
2024-10-07 17:00:24,224.003,224.003,224.003,224.003,10.0
2024-10-07 17:00:26,224.013,224.013,224.004,224.013,30.000000000000004
2024-10-07 17:00:27,224.003,224.013,224.003,224.013,20.0
2024-10-07 17:00:34,224.004,224.013,224.004,224.013,20.0
2024-10-07 17:00:35,224.014,224.014,224.004,224.004,20.0
2024-10-07 17:00:36,223.993,223.993,223.993,223.993,20.0
2024-10-07 17:00:37,224.004,224.004,223.993,224.004,50.0
2024-10-07 17:00:38,223.993,223.993,223.993,223.993,10.0
2024-10-07 17:00:41,223.994,223.994,223.993,223.993,20.0
2024-10-07 17:00:42,223.994,223.994,223.994,223.994,10.0
2024-10-07 17:00:43,223.993,223.994,223.993,223.994,30.000000000000004
2024-10-07 17:00:44,224.003,224.004,224.003,224.004,20.0
2024-10-07 17:00:45,224.003,224.003,224.003,224.003,10.0
2024-10-07 17:00:46,224.023,224.024,224.023,224.023,40.0
2024-10-07 17:00:47,224.023,224.023,224.023,224.023,10.0
2024-10-07 17:00:48,224.024,224.024,224.024,224.024,10.0
2024-10-07 17:00:49,224.024,224.024,224.024,224.024,20.0
2024-10-07 17:00:50,224.024,224.024,224.024,224.024,10.0
2024-10-07 17:00:51,224.024,224.024,224.024,224.024,10.0
2024-10-07 17:00:58,224.024,224.024,224.024,224.024,10.0
2024-10-07 17:01:00,224.023,224.023,224.023,224.023,10.0
2024-10-07 17:01:05,224.044,224.044,224.043,224.044,50.0
2024-10-07 17:01:06,224.043,224.054,224.043,224.054,30.000000000000004
2024-10-07 17:01:16,224.033,224.033,224.023,224.023,20.0
2024-10-07 17:01:21,224.034,224.034,224.034,224.034,10.0
2024-10-07 17:01:22,224.013,224.013,224.013,224.013,10.0
2024-10-07 17:01:23,224.034,224.034,224.034,224.034,10.0
2024-10-07 17:01:25,224.014,224.034,224.014,224.034,20.0
2024-10-07 17:01:26,224.013,224.013,224.013,224.013,10.0
2024-10-07 17:01:27,224.033,224.043,224.033,224.043,20.0
2024-10-07 17:01:29,224.033,224.033,224.033,224.033,10.0
2024-10-07 17:01:32,224.024,224.024,224.024,224.024,10.0
2024-10-07 17:01:35,224.043,224.043,224.043,224.043,10.0
2024-10-07 17:01:41,224.043,224.054,224.043,224.053,30.000000000000004
2024-10-07 17:01:42,224.044,224.054,224.044,224.054,30.000000000000004
2024-10-07 17:02:06,224.044,224.044,224.044,224.044,10.0
2024-10-07 17:02:10,224.054,224.054,224.054,224.054,10.0
2024-10-07 17:02:11,224.043,224.054,224.043,224.054,20.0
2024-10-07 17:02:13,224.033,224.033,224.033,224.033,10.0
2024-10-07 17:02:21,224.054,224.054,224.054,224.054,10.0
2024-10-07 17:02:22,224.044,224.053,224.044,224.053,20.0
2024-10-07 17:02:23,224.043,224.043,224.043,224.043,10.0
2024-10-07 17:02:27,224.053,224.054,224.053,224.054,20.0
2024-10-07 17:02:28,224.054,224.054,224.054,224.054,10.0
2024-10-07 17:02:31,224.083,224.094,224.083,224.084,30.000000000000004
2024-10-07 17:02:33,224.093,224.093,224.093,224.093,10.0
2024-10-07 17:02:41,224.094,224.104,224.094,224.104,50.0
2024-10-07 17:02:42,224.104,224.104,224.104,224.104,10.0
2024-10-07 17:02:47,224.123,224.124,224.113,224.124,30.000000000000004
2024-10-07 17:02:49,224.114,224.124,224.114,224.124,20.0
2024-10-07 17:02:50,224.123,224.124,224.123,224.124,20.0
2024-10-07 17:02:51,224.123,224.123,224.123,224.123,10.0
2024-10-07 17:02:52,224.134,224.134,224.134,224.134,10.0
2024-10-07 17:02:55,224.143,224.143,224.143,224.143,10.0
2024-10-07 17:02:57,224.134,224.134,224.134,224.134,10.0
2024-10-07 17:02:58,224.143,224.143,224.143,224.143,10.0
2024-10-07 17:03:00,224.153,224.153,224.153,224.153,10.0
2024-10-07 17:03:01,224.164,224.164,224.164,224.164,10.0
2024-10-07 17:03:06,224.143,224.153,224.143,224.144,30.000000000000004
2024-10-07 17:03:07,224.123,224.123,224.123,224.123,10.0
2024-10-07 17:03:08,224.124,224.124,224.124,224.124,10.0
2024-10-07 17:03:09,224.123,224.123,224.123,224.123,10.0
2024-10-07 17:03:10,224.133,224.133,224.133,224.133,10.0
2024-10-07 17:03:11,224.133,224.134,224.123,224.123,30.000000000000004
2024-10-07 17:03:12,224.123,224.134,224.123,224.134,20.0
2024-10-07 17:03:14,224.144,224.144,224.144,224.144,10.0
2024-10-07 17:03:15,224.134,224.144,224.134,224.144,20.0
2024-10-07 17:03:17,224.143,224.143,224.143,224.143,20.0
2024-10-07 17:03:18,224.144,224.144,224.133,224.133,20.0
2024-10-07 17:03:19,224.144,224.144,224.144,224.144,20.0
2024-10-07 17:03:25,224.153,224.153,224.153,224.153,20.0
2024-10-07 17:03:26,224.164,224.164,224.154,224.154,20.0
2024-10-07 17:03:39,224.143,224.153,224.143,224.153,20.0
2024-10-07 17:03:40,224.163,224.163,224.163,224.163,10.0
2024-10-07 17:03:55,224.163,224.163,224.163,224.163,10.0
2024-10-07 17:03:56,224.163,224.163,224.163,224.163,20.0
2024-10-07 17:03:57,224.163,224.173,224.163,224.173,20.0
2024-10-07 17:03:58,224.174,224.174,224.174,224.174,10.0
2024-10-07 17:03:59,224.173,224.174,224.164,224.174,30.000000000000004
2024-10-07 17:04:00,224.163,224.163,224.163,224.163,10.0
2024-10-07 17:04:04,224.153,224.153,224.133,224.133,30.000000000000004
2024-10-07 17:04:05,224.134,224.134,224.134,224.134,10.0
2024-10-07 17:04:10,224.104,224.133,224.104,224.124,40.0
2024-10-07 17:04:11,224.123,224.134,224.123,224.134,30.000000000000004
2024-10-07 17:04:12,224.113,224.113,224.113,224.113,10.0
2024-10-07 17:04:13,224.144,224.144,224.144,224.144,30.000000000000004
2024-10-07 17:04:14,224.133,224.133,224.133,224.133,20.0
2024-10-07 17:04:15,224.123,224.123,224.123,224.123,10.0
2024-10-07 17:04:17,224.114,224.114,224.094,224.094,20.0
2024-10-07 17:04:18,224.103,224.103,224.103,224.103,10.0
2024-10-07 17:04:22,224.114,224.114,224.114,224.114,20.0
2024-10-07 17:04:23,224.123,224.124,224.114,224.114,50.0
2024-10-07 17:04:24,224.123,224.124,224.094,224.094,60.0
2024-10-07 17:04:25,224.104,224.104,224.104,224.104,10.0
2024-10-07 17:04:27,224.113,224.113,224.113,224.113,10.0
2024-10-07 17:04:28,224.113,224.124,224.113,224.124,20.0
2024-10-07 17:04:29,224.123,224.123,224.123,224.123,20.0
2024-10-07 17:04:31,224.123,224.124,224.123,224.124,30.000000000000004
2024-10-07 17:04:33,224.124,224.124,224.124,224.124,10.0
2024-10-07 17:04:35,224.124,224.124,224.114,224.114,30.000000000000004
2024-10-07 17:04:39,224.114,224.114,224.114,224.114,10.0
2024-10-07 17:04:40,224.124,224.124,224.123,224.123,20.0
2024-10-07 17:04:43,224.124,224.124,224.124,224.124,20.0
2024-10-07 17:04:44,224.134,224.134,224.133,224.133,20.0
2024-10-07 17:04:47,224.123,224.124,224.123,224.124,20.0
2024-10-07 17:04:50,224.134,224.134,224.134,224.134,10.0
2024-10-07 17:04:51,224.143,224.143,224.143,224.143,10.0
2024-10-07 17:04:53,224.143,224.164,224.143,224.164,30.000000000000004
2024-10-07 17:04:54,224.173,224.173,224.173,224.173,10.0
2024-10-07 17:04:56,224.173,224.174,224.173,224.174,20.0
2024-10-07 17:04:58,224.193,224.193,224.193,224.193,10.0
2024-10-07 17:05:01,224.204,224.204,224.204,224.204,10.0
2024-10-07 17:05:02,224.214,224.234,224.213,224.234,50.0
2024-10-07 17:05:04,224.234,224.234,224.233,224.233,20.0
2024-10-07 17:05:07,224.233,224.233,224.233,224.233,10.0
2024-10-07 17:05:13,224.233,224.233,224.233,224.233,10.0
2024-10-07 17:05:14,224.244,224.254,224.244,224.254,30.000000000000004
2024-10-07 17:05:15,224.274,224.294,224.274,224.294,20.0
2024-10-07 17:05:18,224.294,224.294,224.294,224.294,10.0
2024-10-07 17:05:20,224.313,224.313,224.313,224.313,10.0
2024-10-07 17:05:21,224.313,224.324,224.313,224.324,20.0
2024-10-07 17:05:22,224.323,224.333,224.323,224.333,40.0
2024-10-07 17:05:23,224.343,224.343,224.343,224.343,10.0
2024-10-07 17:05:24,224.344,224.344,224.344,224.344,10.0
2024-10-07 17:05:25,224.344,224.354,224.344,224.354,30.000000000000004
2024-10-07 17:05:26,224.364,224.373,224.364,224.373,20.0
2024-10-07 17:05:28,224.373,224.373,224.373,224.373,20.0
2024-10-07 17:05:29,224.364,224.364,224.364,224.364,10.0
2024-10-07 17:05:30,224.353,224.353,224.353,224.353,10.0
2024-10-07 17:05:31,224.344,224.344,224.344,224.344,10.0
2024-10-07 17:05:34,224.344,224.344,224.344,224.344,10.0
2024-10-07 17:05:35,224.364,224.364,224.363,224.363,20.0
2024-10-07 17:05:38,224.363,224.363,224.353,224.353,20.0
2024-10-07 17:05:39,224.364,224.364,224.364,224.364,10.0
2024-10-07 17:05:45,224.334,224.334,224.334,224.334,10.0
2024-10-07 17:05:46,224.343,224.343,224.343,224.343,10.0
2024-10-07 17:05:47,224.334,224.334,224.334,224.334,10.0
2024-10-07 17:05:48,224.323,224.323,224.323,224.323,10.0
2024-10-07 17:05:50,224.314,224.314,224.314,224.314,10.0
2024-10-07 17:05:51,224.314,224.314,224.314,224.314,20.0
2024-10-07 17:05:53,224.323,224.323,224.294,224.294,20.0
2024-10-07 17:05:56,224.293,224.323,224.293,224.323,20.0
2024-10-07 17:05:57,224.323,224.323,224.323,224.323,10.0
2024-10-07 17:06:00,224.324,224.324,224.303,224.304,50.0
2024-10-07 17:06:01,224.293,224.304,224.293,224.304,20.0
2024-10-07 17:06:02,224.303,224.304,224.303,224.304,20.0
2024-10-07 17:06:04,224.304,224.304,224.304,224.304,20.0
2024-10-07 17:06:06,224.304,224.304,224.304,224.304,10.0
2024-10-07 17:06:07,224.304,224.304,224.304,224.304,10.0
2024-10-07 17:06:08,224.304,224.304,224.304,224.304,10.0
2024-10-07 17:06:11,224.303,224.304,224.293,224.304,30.000000000000004
2024-10-07 17:06:12,224.294,224.304,224.294,224.304,20.0
2024-10-07 17:06:13,224.314,224.314,224.314,224.314,10.0
2024-10-07 17:06:14,224.313,224.313,224.313,224.313,10.0
2024-10-07 17:06:15,224.324,224.324,224.323,224.323,20.0
2024-10-07 17:06:17,224.323,224.323,224.314,224.314,30.000000000000004
2024-10-07 17:06:18,224.314,224.314,224.314,224.314,20.0
2024-10-07 17:06:19,224.314,224.314,224.303,224.303,30.000000000000004
2024-10-07 17:06:20,224.304,224.304,224.304,224.304,10.0
2024-10-07 17:06:21,224.293,224.293,224.293,224.293,10.0
2024-10-07 17:06:22,224.284,224.284,224.284,224.284,10.0
2024-10-07 17:06:26,224.263,224.263,224.263,224.263,10.0
2024-10-07 17:06:27,224.254,224.254,224.253,224.253,30.000000000000004
2024-10-07 17:06:28,224.233,224.233,224.213,224.223,30.000000000000004
2024-10-07 17:06:30,224.233,224.234,224.214,224.214,30.000000000000004
2024-10-07 17:06:31,224.193,224.224,224.193,224.223,50.0
2024-10-07 17:06:32,224.203,224.213,224.203,224.213,20.0
2024-10-07 17:06:34,224.204,224.204,224.194,224.194,20.0
2024-10-07 17:06:36,224.203,224.214,224.203,224.214,20.0
2024-10-07 17:06:38,224.204,224.204,224.204,224.204,10.0
2024-10-07 17:06:42,224.203,224.203,224.193,224.193,20.0
2024-10-07 17:06:43,224.183,224.194,224.183,224.184,30.000000000000004
2024-10-07 17:06:44,224.194,224.194,224.194,224.194,10.0
2024-10-07 17:06:45,224.183,224.183,224.183,224.183,10.0
2024-10-07 17:06:46,224.194,224.194,224.194,224.194,20.0
2024-10-07 17:06:47,224.193,224.193,224.193,224.193,10.0
2024-10-07 17:06:49,224.204,224.204,224.204,224.204,10.0
2024-10-07 17:06:50,224.204,224.204,224.204,224.204,10.0
2024-10-07 17:06:51,224.213,224.214,224.213,224.214,20.0
2024-10-07 17:06:52,224.234,224.234,224.224,224.234,30.000000000000004
2024-10-07 17:06:57,224.244,224.244,224.233,224.233,20.0
2024-10-07 17:06:58,224.244,224.244,224.244,224.244,10.0
2024-10-07 17:06:59,224.253,224.253,224.253,224.253,10.0
2024-10-07 17:07:00,224.243,224.244,224.243,224.244,30.000000000000004
2024-10-07 17:07:01,224.243,224.254,224.243,224.254,20.0
2024-10-07 17:07:03,224.253,224.253,224.253,224.253,10.0
2024-10-07 17:07:04,224.253,224.253,224.253,224.253,10.0
2024-10-07 17:07:05,224.233,224.234,224.233,224.234,20.0
2024-10-07 17:07:06,224.234,224.244,224.234,224.244,20.0
2024-10-07 17:07:10,224.223,224.234,224.223,224.234,20.0
2024-10-07 17:07:11,224.243,224.243,224.243,224.243,10.0
2024-10-07 17:07:12,224.244,224.244,224.243,224.243,20.0
2024-10-07 17:07:13,224.244,224.244,224.244,224.244,20.0
2024-10-07 17:07:14,224.234,224.244,224.234,224.244,20.0
2024-10-07 17:07:16,224.233,224.233,224.233,224.233,10.0
2024-10-07 17:07:17,224.233,224.233,224.233,224.233,10.0
2024-10-07 17:07:18,224.233,224.244,224.233,224.244,20.0
2024-10-07 17:07:22,224.233,224.233,224.233,224.233,10.0
2024-10-07 17:07:23,224.204,224.204,224.194,224.194,50.0
2024-10-07 17:07:25,224.174,224.174,224.164,224.174,30.000000000000004
2024-10-07 17:07:27,224.173,224.173,224.173,224.173,20.0
2024-10-07 17:07:32,224.194,224.194,224.183,224.193,30.000000000000004
2024-10-07 17:07:33,224.183,224.183,224.183,224.183,10.0
2024-10-07 17:07:35,224.184,224.194,224.184,224.194,20.0
2024-10-07 17:07:38,224.204,224.213,224.204,224.213,40.0
2024-10-07 17:07:41,224.223,224.223,224.223,224.223,10.0
2024-10-07 17:07:42,224.223,224.224,224.223,224.224,20.0
2024-10-07 17:07:45,224.223,224.223,224.214,224.214,20.0
2024-10-07 17:07:46,224.223,224.223,224.223,224.223,10.0
2024-10-07 17:07:50,224.224,224.224,224.224,224.224,10.0
2024-10-07 17:07:51,224.223,224.223,224.223,224.223,10.0
2024-10-07 17:07:54,224.224,224.224,224.214,224.214,20.0
2024-10-07 17:07:57,224.223,224.223,224.223,224.223,10.0
2024-10-07 17:07:58,224.243,224.243,224.243,224.243,20.0
2024-10-07 17:07:59,224.243,224.243,224.243,224.243,10.0
2024-10-07 17:08:03,224.233,224.233,224.233,224.233,10.0
2024-10-07 17:08:04,224.243,224.243,224.243,224.243,10.0
2024-10-07 17:08:05,224.233,224.233,224.233,224.233,20.0
2024-10-07 17:08:07,224.214,224.214,224.214,224.214,10.0
2024-10-07 17:08:10,224.223,224.234,224.223,224.234,30.000000000000004
2024-10-07 17:08:14,224.234,224.234,224.234,224.234,10.0
2024-10-07 17:08:16,224.233,224.234,224.233,224.234,20.0
2024-10-07 17:08:19,224.223,224.233,224.223,224.233,20.0
2024-10-07 17:08:33,224.264,224.273,224.264,224.273,40.0
2024-10-07 17:08:34,224.263,224.263,224.263,224.263,10.0
2024-10-07 17:08:35,224.274,224.274,224.274,224.274,10.0
2024-10-07 17:08:36,224.283,224.283,224.264,224.264,40.0
2024-10-07 17:08:38,224.313,224.323,224.313,224.323,20.0
2024-10-07 17:08:44,224.313,224.313,224.313,224.313,10.0
2024-10-07 17:08:45,224.303,224.314,224.303,224.314,30.000000000000004
2024-10-07 17:08:46,224.313,224.313,224.313,224.313,10.0
2024-10-07 17:08:47,224.314,224.314,224.314,224.314,10.0
2024-10-07 17:08:50,224.324,224.333,224.324,224.333,20.0
2024-10-07 17:08:52,224.324,224.324,224.324,224.324,10.0
2024-10-07 17:08:53,224.333,224.333,224.333,224.333,10.0
2024-10-07 17:08:54,224.343,224.343,224.343,224.343,10.0
2024-10-07 17:08:55,224.354,224.354,224.343,224.343,20.0
2024-10-07 17:08:59,224.354,224.354,224.354,224.354,10.0
2024-10-07 17:09:02,224.344,224.354,224.344,224.354,20.0
2024-10-07 17:09:03,224.343,224.353,224.343,224.353,20.0
2024-10-07 17:09:05,224.374,224.374,224.374,224.374,10.0
2024-10-07 17:09:08,224.384,224.393,224.384,224.393,20.0
2024-10-07 17:09:09,224.394,224.394,224.394,224.394,20.0
2024-10-07 17:09:10,224.373,224.384,224.373,224.373,30.000000000000004
2024-10-07 17:09:11,224.363,224.373,224.363,224.373,20.0
2024-10-07 17:09:15,224.364,224.364,224.364,224.364,10.0
2024-10-07 17:09:17,224.364,224.364,224.364,224.364,10.0
2024-10-07 17:09:19,224.373,224.373,224.373,224.373,10.0
2024-10-07 17:09:20,224.383,224.383,224.383,224.383,10.0
2024-10-07 17:09:21,224.394,224.403,224.393,224.403,30.000000000000004
2024-10-07 17:09:22,224.393,224.393,224.393,224.393,10.0
2024-10-07 17:09:24,224.383,224.384,224.383,224.384,20.0
2024-10-07 17:09:25,224.394,224.404,224.393,224.404,40.0
2024-10-07 17:09:26,224.394,224.404,224.394,224.404,20.0
2024-10-07 17:09:28,224.393,224.393,224.393,224.393,10.0
2024-10-07 17:09:29,224.404,224.404,224.404,224.404,10.0
2024-10-07 17:09:30,224.393,224.403,224.393,224.403,20.0
2024-10-07 17:09:31,224.403,224.403,224.403,224.403,10.0
2024-10-07 17:09:33,224.414,224.414,224.414,224.414,10.0
2024-10-07 17:09:34,224.434,224.434,224.433,224.434,30.000000000000004
2024-10-07 17:09:35,224.443,224.443,224.443,224.443,10.0
2024-10-07 17:09:38,224.464,224.464,224.464,224.464,10.0
2024-10-07 17:09:39,224.463,224.463,224.463,224.463,10.0
2024-10-07 17:09:44,224.454,224.454,224.454,224.454,10.0
2024-10-07 17:09:45,224.444,224.444,224.444,224.444,10.0
2024-10-07 17:09:47,224.453,224.464,224.453,224.464,20.0
2024-10-07 17:09:48,224.464,224.474,224.464,224.474,20.0
2024-10-07 17:09:49,224.474,224.474,224.463,224.463,40.0
2024-10-07 17:09:50,224.473,224.473,224.473,224.473,20.0
2024-10-07 17:09:52,224.464,224.474,224.464,224.474,20.0
2024-10-07 17:09:54,224.474,224.474,224.474,224.474,10.0
2024-10-07 17:09:59,224.503,224.503,224.503,224.503,10.0
2024-10-07 17:10:00,224.493,224.493,224.493,224.493,10.0
2024-10-07 17:10:03,224.473,224.473,224.473,224.473,10.0
2024-10-07 17:10:06,224.484,224.484,224.484,224.484,10.0
2024-10-07 17:10:07,224.473,224.473,224.473,224.473,10.0
2024-10-07 17:10:11,224.483,224.483,224.483,224.483,10.0
2024-10-07 17:10:12,224.493,224.494,224.484,224.484,30.000000000000004
2024-10-07 17:10:14,224.494,224.494,224.494,224.494,10.0
2024-10-07 17:10:15,224.494,224.494,224.494,224.494,10.0
2024-10-07 17:10:23,224.503,224.503,224.503,224.503,20.0
2024-10-07 17:10:27,224.474,224.483,224.474,224.483,20.0
2024-10-07 17:10:28,224.494,224.494,224.494,224.494,10.0
2024-10-07 17:10:34,224.513,224.513,224.513,224.513,10.0
2024-10-07 17:10:39,224.503,224.503,224.503,224.503,10.0
2024-10-07 17:10:40,224.514,224.514,224.514,224.514,10.0
2024-10-07 17:10:45,224.524,224.524,224.524,224.524,10.0
2024-10-07 17:10:46,224.524,224.544,224.524,224.544,20.0
2024-10-07 17:10:48,224.534,224.544,224.534,224.544,20.0
2024-10-07 17:10:49,224.544,224.544,224.533,224.544,30.000000000000004
2024-10-07 17:10:51,224.524,224.524,224.514,224.514,20.0
2024-10-07 17:10:52,224.514,224.514,224.514,224.514,10.0
2024-10-07 17:10:57,224.503,224.503,224.503,224.503,10.0
2024-10-07 17:10:58,224.513,224.513,224.513,224.513,10.0
2024-10-07 17:11:00,224.524,224.524,224.524,224.524,10.0
2024-10-07 17:11:01,224.514,224.523,224.514,224.523,20.0
2024-10-07 17:11:02,224.514,224.523,224.514,224.523,20.0
2024-10-07 17:11:05,224.533,224.534,224.524,224.534,40.0
2024-10-07 17:11:06,224.524,224.533,224.524,224.533,20.0
2024-10-07 17:11:09,224.533,224.533,224.533,224.533,20.0
2024-10-07 17:11:14,224.523,224.523,224.523,224.523,10.0
2024-10-07 17:11:15,224.534,224.554,224.534,224.554,20.0
2024-10-07 17:11:16,224.564,224.564,224.563,224.563,20.0
2024-10-07 17:11:17,224.564,224.564,224.564,224.564,10.0
2024-10-07 17:11:19,224.554,224.554,224.554,224.554,10.0
2024-10-07 17:11:20,224.583,224.583,224.563,224.563,30.000000000000004
2024-10-07 17:11:21,224.573,224.573,224.573,224.573,10.0
2024-10-07 17:11:24,224.554,224.554,224.554,224.554,10.0
2024-10-07 17:11:25,224.564,224.573,224.564,224.573,20.0
2024-10-07 17:11:26,224.583,224.583,224.583,224.583,10.0
2024-10-07 17:11:27,224.584,224.584,224.584,224.584,10.0
2024-10-07 17:11:28,224.584,224.584,224.584,224.584,10.0
2024-10-07 17:11:33,224.564,224.564,224.564,224.564,10.0
2024-10-07 17:11:34,224.564,224.564,224.564,224.564,10.0
2024-10-07 17:11:38,224.553,224.553,224.553,224.553,10.0
2024-10-07 17:11:39,224.543,224.543,224.543,224.543,10.0
2024-10-07 17:11:40,224.553,224.553,224.553,224.553,20.0
2024-10-07 17:11:42,224.543,224.553,224.543,224.553,20.0
2024-10-07 17:11:45,224.534,224.534,224.523,224.523,30.000000000000004
2024-10-07 17:11:49,224.514,224.523,224.513,224.523,40.0
2024-10-07 17:11:52,224.513,224.513,224.513,224.513,10.0
2024-10-07 17:11:53,224.504,224.504,224.504,224.504,20.0
2024-10-07 17:11:54,224.513,224.513,224.513,224.513,10.0
2024-10-07 17:11:57,224.513,224.513,224.513,224.513,10.0
2024-10-07 17:11:59,224.524,224.524,224.523,224.523,20.0
2024-10-07 17:12:00,224.513,224.523,224.503,224.503,30.000000000000004
2024-10-07 17:12:02,224.514,224.524,224.514,224.524,50.0
2024-10-07 17:12:04,224.514,224.523,224.514,224.523,20.0
2024-10-07 17:12:07,224.524,224.524,224.524,224.524,10.0
2024-10-07 17:12:09,224.533,224.534,224.524,224.534,30.000000000000004
2024-10-07 17:12:12,224.524,224.524,224.514,224.514,20.0
2024-10-07 17:12:14,224.514,224.514,224.514,224.514,10.0
2024-10-07 17:12:16,224.504,224.504,224.474,224.474,30.000000000000004
2024-10-07 17:12:17,224.464,224.473,224.464,224.473,20.0
2024-10-07 17:12:19,224.474,224.474,224.474,224.474,10.0
2024-10-07 17:12:22,224.463,224.463,224.433,224.443,30.000000000000004
2024-10-07 17:12:23,224.454,224.454,224.454,224.454,10.0
2024-10-07 17:12:24,224.464,224.474,224.444,224.473,50.0
2024-10-07 17:12:25,224.464,224.473,224.464,224.473,20.0
2024-10-07 17:12:26,224.464,224.464,224.464,224.464,10.0
2024-10-07 17:12:28,224.454,224.454,224.454,224.454,20.0
2024-10-07 17:12:29,224.453,224.453,224.453,224.453,10.0
2024-10-07 17:12:31,224.464,224.464,224.464,224.464,10.0
2024-10-07 17:12:35,224.454,224.454,224.454,224.454,10.0
2024-10-07 17:12:39,224.444,224.444,224.444,224.444,10.0
2024-10-07 17:12:40,224.453,224.453,224.434,224.434,40.0
2024-10-07 17:12:41,224.444,224.444,224.444,224.444,10.0
2024-10-07 17:12:42,224.434,224.443,224.434,224.443,20.0
2024-10-07 17:12:44,224.453,224.454,224.443,224.454,30.000000000000004
2024-10-07 17:12:45,224.443,224.443,224.443,224.443,10.0
2024-10-07 17:12:46,224.453,224.453,224.453,224.453,10.0
2024-10-07 17:12:47,224.453,224.453,224.453,224.453,20.0
2024-10-07 17:12:48,224.454,224.454,224.453,224.453,20.0
2024-10-07 17:12:49,224.453,224.454,224.453,224.454,20.0
2024-10-07 17:12:50,224.444,224.444,224.444,224.444,10.0
2024-10-07 17:12:51,224.454,224.454,224.434,224.434,30.000000000000004
2024-10-07 17:12:52,224.444,224.444,224.444,224.444,10.0
2024-10-07 17:12:53,224.433,224.433,224.433,224.433,10.0
2024-10-07 17:12:55,224.434,224.434,224.433,224.433,20.0
2024-10-07 17:13:00,224.444,224.444,224.444,224.444,10.0
2024-10-07 17:13:03,224.423,224.423,224.423,224.423,10.0
2024-10-07 17:13:04,224.433,224.443,224.433,224.443,20.0
2024-10-07 17:13:05,224.413,224.413,224.403,224.403,30.000000000000004
2024-10-07 17:13:06,224.394,224.394,224.383,224.383,20.0
2024-10-07 17:13:07,224.383,224.384,224.374,224.384,30.000000000000004
2024-10-07 17:13:10,224.383,224.383,224.383,224.383,30.000000000000004
2024-10-07 17:13:12,224.403,224.403,224.403,224.403,10.0
2024-10-07 17:13:15,224.404,224.404,224.404,224.404,10.0
2024-10-07 17:13:16,224.393,224.393,224.393,224.393,20.0
2024-10-07 17:13:17,224.403,224.403,224.403,224.403,10.0
2024-10-07 17:13:19,224.383,224.383,224.383,224.383,10.0
2024-10-07 17:13:23,224.374,224.374,224.374,224.374,10.0
2024-10-07 17:13:24,224.373,224.373,224.354,224.354,30.000000000000004
2024-10-07 17:13:25,224.353,224.353,224.353,224.353,10.0
2024-10-07 17:13:27,224.353,224.364,224.353,224.354,40.0
2024-10-07 17:13:28,224.354,224.354,224.354,224.354,10.0
2024-10-07 17:13:29,224.354,224.354,224.354,224.354,10.0
2024-10-07 17:13:30,224.353,224.353,224.353,224.353,10.0
2024-10-07 17:13:33,224.353,224.354,224.353,224.354,20.0
2024-10-07 17:13:34,224.344,224.344,224.344,224.344,10.0
2024-10-07 17:13:36,224.333,224.333,224.333,224.333,10.0
2024-10-07 17:13:37,224.343,224.344,224.343,224.344,20.0
2024-10-07 17:13:38,224.343,224.343,224.343,224.343,10.0
2024-10-07 17:13:39,224.344,224.344,224.344,224.344,10.0
2024-10-07 17:13:40,224.344,224.354,224.343,224.354,40.0
2024-10-07 17:13:42,224.363,224.363,224.363,224.363,10.0
2024-10-07 17:13:44,224.343,224.363,224.343,224.363,20.0
2024-10-07 17:13:46,224.364,224.364,224.364,224.364,10.0
2024-10-07 17:13:48,224.374,224.374,224.374,224.374,10.0
2024-10-07 17:13:49,224.393,224.393,224.383,224.393,30.000000000000004
2024-10-07 17:13:50,224.383,224.383,224.383,224.383,10.0
2024-10-07 17:13:51,224.393,224.393,224.393,224.393,10.0
2024-10-07 17:13:53,224.383,224.394,224.383,224.384,30.000000000000004
2024-10-07 17:13:54,224.393,224.393,224.393,224.393,10.0
2024-10-07 17:13:56,224.394,224.394,224.394,224.394,10.0
2024-10-07 17:13:58,224.404,224.404,224.404,224.404,10.0
2024-10-07 17:13:59,224.394,224.394,224.394,224.394,10.0
2024-10-07 17:14:00,224.403,224.403,224.393,224.393,20.0
2024-10-07 17:14:05,224.373,224.373,224.373,224.373,20.0
2024-10-07 17:14:06,224.363,224.374,224.363,224.374,20.0
2024-10-07 17:14:07,224.354,224.354,224.354,224.354,10.0
2024-10-07 17:14:08,224.374,224.374,224.374,224.374,10.0
2024-10-07 17:14:10,224.374,224.374,224.374,224.374,10.0
2024-10-07 17:14:15,224.354,224.354,224.354,224.354,20.0
2024-10-07 17:14:16,224.353,224.364,224.353,224.364,20.0
2024-10-07 17:14:19,224.374,224.374,224.374,224.374,10.0
2024-10-07 17:14:20,224.343,224.343,224.343,224.343,10.0
2024-10-07 17:14:22,224.343,224.343,224.343,224.343,10.0
2024-10-07 17:14:23,224.343,224.343,224.343,224.343,20.0
2024-10-07 17:14:26,224.333,224.344,224.333,224.344,20.0
2024-10-07 17:14:29,224.344,224.344,224.323,224.333,30.000000000000004
2024-10-07 17:14:30,224.303,224.303,224.303,224.303,10.0
2024-10-07 17:14:31,224.324,224.334,224.303,224.334,50.0
2024-10-07 17:14:37,224.333,224.343,224.333,224.343,20.0
2024-10-07 17:14:44,224.314,224.314,224.314,224.314,10.0
2024-10-07 17:14:58,224.313,224.313,224.313,224.313,10.0
2024-10-07 17:14:59,224.303,224.303,224.303,224.303,10.0
2024-10-07 17:15:00,224.343,224.343,224.343,224.343,10.0
2024-10-07 17:15:04,224.384,224.384,224.384,224.384,10.0
2024-10-07 17:15:05,224.393,224.393,224.393,224.393,10.0
2024-10-07 17:15:06,224.394,224.404,224.394,224.404,30.000000000000004
2024-10-07 17:15:07,224.413,224.413,224.413,224.413,10.0
2024-10-07 17:15:08,224.413,224.423,224.413,224.423,30.000000000000004
2024-10-07 17:15:09,224.403,224.403,224.403,224.403,10.0
2024-10-07 17:15:10,224.413,224.413,224.413,224.413,10.0
2024-10-07 17:15:11,224.413,224.414,224.413,224.414,20.0
2024-10-07 17:15:12,224.413,224.413,224.403,224.403,20.0
2024-10-07 17:15:13,224.414,224.414,224.374,224.374,40.0
2024-10-07 17:15:14,224.373,224.373,224.373,224.373,20.0
2024-10-07 17:15:15,224.363,224.374,224.363,224.374,20.0
2024-10-07 17:15:16,224.374,224.374,224.363,224.363,30.000000000000004
2024-10-07 17:15:17,224.373,224.374,224.373,224.374,20.0
2024-10-07 17:15:22,224.383,224.383,224.383,224.383,10.0
2024-10-07 17:15:23,224.394,224.403,224.393,224.393,40.0
2024-10-07 17:15:26,224.394,224.394,224.393,224.394,50.0
2024-10-07 17:15:27,224.394,224.394,224.394,224.394,20.0
2024-10-07 17:15:28,224.394,224.394,224.394,224.394,30.000000000000004
2024-10-07 17:15:29,224.394,224.394,224.394,224.394,10.0
2024-10-07 17:15:30,224.393,224.393,224.393,224.393,20.0
2024-10-07 17:15:31,224.394,224.394,224.394,224.394,20.0
2024-10-07 17:15:32,224.373,224.373,224.354,224.354,20.0
2024-10-07 17:15:34,224.363,224.374,224.363,224.374,20.0
2024-10-07 17:15:35,224.384,224.384,224.384,224.384,10.0
2024-10-07 17:15:37,224.364,224.364,224.364,224.364,10.0
2024-10-07 17:15:39,224.384,224.384,224.384,224.384,10.0
2024-10-07 17:15:41,224.393,224.393,224.393,224.393,10.0
2024-10-07 17:15:43,224.393,224.393,224.383,224.383,20.0
2024-10-07 17:15:44,224.394,224.394,224.394,224.394,10.0
2024-10-07 17:15:47,224.364,224.364,224.353,224.364,30.000000000000004
2024-10-07 17:15:54,224.374,224.374,224.374,224.374,10.0
2024-10-07 17:15:57,224.384,224.384,224.384,224.384,10.0
2024-10-07 17:16:00,224.373,224.384,224.343,224.343,40.0
2024-10-07 17:16:06,224.353,224.353,224.353,224.353,20.0
2024-10-07 17:16:08,224.344,224.344,224.344,224.344,10.0
2024-10-07 17:16:12,224.333,224.333,224.333,224.333,10.0
2024-10-07 17:16:13,224.344,224.354,224.344,224.354,20.0
2024-10-07 17:16:15,224.334,224.354,224.334,224.354,20.0
2024-10-07 17:16:19,224.353,224.353,224.353,224.353,10.0
2024-10-07 17:16:20,224.334,224.334,224.334,224.334,10.0
2024-10-07 17:16:22,224.324,224.324,224.324,224.324,20.0
2024-10-07 17:16:23,224.314,224.324,224.314,224.324,20.0
2024-10-07 17:16:24,224.304,224.304,224.304,224.304,10.0
2024-10-07 17:16:25,224.313,224.313,224.313,224.313,10.0
2024-10-07 17:16:27,224.324,224.324,224.314,224.314,30.000000000000004
2024-10-07 17:16:30,224.324,224.324,224.324,224.324,10.0
2024-10-07 17:16:31,224.314,224.314,224.313,224.313,20.0
2024-10-07 17:16:32,224.314,224.314,224.314,224.314,10.0
2024-10-07 17:16:33,224.324,224.324,224.314,224.314,20.0
2024-10-07 17:16:36,224.324,224.324,224.324,224.324,10.0
2024-10-07 17:16:43,224.324,224.324,224.323,224.323,20.0
2024-10-07 17:16:50,224.333,224.333,224.323,224.323,20.0
2024-10-07 17:16:51,224.304,224.304,224.304,224.304,10.0
2024-10-07 17:16:58,224.304,224.304,224.304,224.304,10.0
2024-10-07 17:16:59,224.304,224.304,224.304,224.304,20.0
2024-10-07 17:17:00,224.304,224.304,224.304,224.304,20.0
2024-10-07 17:17:02,224.303,224.303,224.303,224.303,10.0
2024-10-07 17:17:04,224.303,224.303,224.303,224.303,10.0
2024-10-07 17:17:07,224.304,224.304,224.304,224.304,10.0
2024-10-07 17:17:09,224.294,224.294,224.283,224.283,20.0
2024-10-07 17:17:11,224.293,224.293,224.283,224.284,60.0
2024-10-07 17:17:12,224.303,224.303,224.303,224.303,10.0
2024-10-07 17:17:14,224.303,224.303,224.303,224.303,10.0
2024-10-07 17:17:18,224.303,224.303,224.303,224.303,10.0
2024-10-07 17:17:26,224.303,224.303,224.303,224.303,10.0
2024-10-07 17:17:27,224.303,224.303,224.303,224.303,10.0
2024-10-07 17:17:31,224.304,224.304,224.304,224.304,10.0
2024-10-07 17:17:33,224.303,224.303,224.303,224.303,10.0
2024-10-07 17:17:37,224.304,224.304,224.304,224.304,10.0
2024-10-07 17:17:44,224.304,224.304,224.304,224.304,10.0
2024-10-07 17:17:47,224.313,224.313,224.313,224.313,10.0
2024-10-07 17:17:48,224.314,224.314,224.314,224.314,10.0
2024-10-07 17:17:52,224.353,224.353,224.353,224.353,20.0
2024-10-07 17:17:53,224.354,224.354,224.354,224.354,10.0
2024-10-07 17:17:54,224.354,224.354,224.354,224.354,10.0
2024-10-07 17:17:56,224.373,224.393,224.373,224.393,30.000000000000004
2024-10-07 17:17:58,224.394,224.394,224.394,224.394,10.0
2024-10-07 17:18:01,224.403,224.403,224.393,224.393,20.0
2024-10-07 17:18:04,224.383,224.394,224.383,224.394,20.0
2024-10-07 17:18:05,224.384,224.384,224.384,224.384,10.0
2024-10-07 17:18:08,224.393,224.393,224.374,224.374,20.0
2024-10-07 17:18:09,224.374,224.374,224.343,224.343,30.000000000000004
2024-10-07 17:18:10,224.354,224.354,224.354,224.354,10.0
2024-10-07 17:18:11,224.343,224.353,224.343,224.353,20.0
2024-10-07 17:18:13,224.344,224.354,224.344,224.344,30.000000000000004
2024-10-07 17:18:14,224.333,224.333,224.323,224.323,30.000000000000004
2024-10-07 17:18:18,224.333,224.334,224.313,224.313,30.000000000000004
2024-10-07 17:18:20,224.303,224.303,224.303,224.303,10.0
2024-10-07 17:18:22,224.314,224.323,224.314,224.323,20.0
2024-10-07 17:18:25,224.323,224.323,224.323,224.323,10.0
2024-10-07 17:18:26,224.324,224.324,224.324,224.324,10.0
2024-10-07 17:18:28,224.314,224.314,224.314,224.314,10.0
2024-10-07 17:18:29,224.304,224.304,224.304,224.304,10.0
2024-10-07 17:18:39,224.294,224.294,224.283,224.283,30.000000000000004
2024-10-07 17:18:43,224.273,224.273,224.263,224.263,20.0
2024-10-07 17:18:44,224.253,224.253,224.243,224.253,40.0
2024-10-07 17:18:48,224.243,224.243,224.234,224.234,20.0
2024-10-07 17:18:49,224.243,224.243,224.243,224.243,10.0
2024-10-07 17:18:50,224.264,224.273,224.263,224.273,40.0
2024-10-07 17:18:52,224.274,224.274,224.274,224.274,10.0
2024-10-07 17:18:53,224.273,224.273,224.273,224.273,10.0
2024-10-07 17:18:54,224.263,224.273,224.263,224.273,20.0
2024-10-07 17:18:56,224.284,224.284,224.273,224.273,20.0
2024-10-07 17:18:57,224.274,224.274,224.274,224.274,10.0
2024-10-07 17:18:58,224.263,224.263,224.263,224.263,10.0
2024-10-07 17:18:59,224.274,224.274,224.274,224.274,20.0
2024-10-07 17:19:00,224.274,224.274,224.274,224.274,10.0
2024-10-07 17:19:03,224.274,224.274,224.274,224.274,10.0
2024-10-07 17:19:05,224.293,224.294,224.293,224.294,30.000000000000004
2024-10-07 17:19:06,224.293,224.293,224.273,224.273,20.0
2024-10-07 17:19:08,224.263,224.263,224.263,224.263,10.0
2024-10-07 17:19:10,224.254,224.254,224.254,224.254,10.0
2024-10-07 17:19:20,224.243,224.243,224.233,224.233,20.0
2024-10-07 17:19:21,224.243,224.243,224.243,224.243,10.0
2024-10-07 17:19:22,224.234,224.234,224.234,224.234,10.0
2024-10-07 17:19:24,224.234,224.234,224.234,224.234,10.0
2024-10-07 17:19:28,224.233,224.233,224.233,224.233,10.0
2024-10-07 17:19:31,224.234,224.234,224.234,224.234,10.0
2024-10-07 17:19:32,224.223,224.223,224.214,224.214,20.0
2024-10-07 17:19:37,224.204,224.204,224.204,224.204,10.0
2024-10-07 17:19:38,224.204,224.204,224.204,224.204,20.0
2024-10-07 17:19:39,224.193,224.194,224.193,224.194,30.000000000000004
2024-10-07 17:19:45,224.183,224.183,224.183,224.183,10.0
2024-10-07 17:19:46,224.174,224.194,224.174,224.194,20.0
2024-10-07 17:19:50,224.193,224.193,224.193,224.193,10.0
2024-10-07 17:19:51,224.174,224.193,224.174,224.193,20.0
2024-10-07 17:19:56,224.193,224.193,224.193,224.193,10.0
2024-10-07 17:19:58,224.193,224.193,224.193,224.193,10.0
2024-10-07 17:19:59,224.194,224.194,224.194,224.194,10.0
2024-10-07 17:20:04,224.173,224.194,224.173,224.194,40.0
2024-10-07 17:20:06,224.203,224.214,224.203,224.213,30.000000000000004
2024-10-07 17:20:07,224.204,224.214,224.204,224.214,20.0
2024-10-07 17:20:08,224.214,224.214,224.203,224.203,20.0
2024-10-07 17:20:13,224.194,224.194,224.194,224.194,10.0
2024-10-07 17:20:16,224.204,224.204,224.204,224.204,10.0
2024-10-07 17:20:19,224.194,224.204,224.194,224.204,30.000000000000004
2024-10-07 17:20:22,224.204,224.204,224.204,224.204,10.0
2024-10-07 17:20:23,224.214,224.214,224.213,224.214,40.0
2024-10-07 17:20:24,224.213,224.213,224.213,224.213,20.0
2024-10-07 17:20:25,224.213,224.213,224.213,224.213,10.0
2024-10-07 17:20:26,224.214,224.214,224.214,224.214,30.000000000000004
2024-10-07 17:20:29,224.214,224.214,224.214,224.214,10.0
2024-10-07 17:20:30,224.203,224.203,224.203,224.203,10.0
2024-10-07 17:20:31,224.213,224.213,224.213,224.213,10.0
2024-10-07 17:20:34,224.213,224.213,224.213,224.213,20.0
2024-10-07 17:20:38,224.204,224.214,224.204,224.214,20.0
2024-10-07 17:20:39,224.214,224.214,224.214,224.214,20.0
2024-10-07 17:20:40,224.213,224.213,224.213,224.213,10.0
2024-10-07 17:20:41,224.213,224.213,224.213,224.213,10.0
2024-10-07 17:20:44,224.214,224.214,224.214,224.214,10.0
2024-10-07 17:20:45,224.203,224.203,224.203,224.203,10.0
2024-10-07 17:20:47,224.193,224.193,224.193,224.193,10.0
2024-10-07 17:20:48,224.184,224.184,224.164,224.164,30.000000000000004
2024-10-07 17:20:50,224.184,224.184,224.184,224.184,20.0
2024-10-07 17:20:51,224.184,224.184,224.184,224.184,10.0
2024-10-07 17:20:52,224.174,224.174,224.153,224.174,50.0
2024-10-07 17:20:54,224.174,224.174,224.174,224.174,10.0
2024-10-07 17:20:55,224.173,224.173,224.173,224.173,10.0
2024-10-07 17:20:56,224.163,224.163,224.163,224.163,10.0
2024-10-07 17:20:57,224.163,224.163,224.163,224.163,20.0
2024-10-07 17:20:59,224.153,224.153,224.133,224.133,20.0
2024-10-07 17:21:02,224.163,224.163,224.163,224.163,10.0
2024-10-07 17:21:04,224.143,224.143,224.143,224.143,10.0
2024-10-07 17:21:05,224.134,224.134,224.134,224.134,10.0
2024-10-07 17:21:06,224.104,224.124,224.104,224.124,20.0
2024-10-07 17:21:07,224.133,224.133,224.133,224.133,10.0
2024-10-07 17:21:08,224.143,224.143,224.143,224.143,10.0
2024-10-07 17:21:13,224.153,224.153,224.153,224.153,10.0
2024-10-07 17:21:15,224.154,224.154,224.154,224.154,10.0
2024-10-07 17:21:20,224.134,224.134,224.123,224.123,20.0
2024-10-07 17:21:25,224.113,224.124,224.113,224.124,20.0
2024-10-07 17:21:32,224.123,224.123,224.123,224.123,10.0
2024-10-07 17:21:33,224.123,224.123,224.123,224.123,10.0
2024-10-07 17:21:36,224.123,224.123,224.123,224.123,10.0
2024-10-07 17:21:37,224.124,224.124,224.124,224.124,10.0
2024-10-07 17:21:38,224.104,224.104,224.104,224.104,10.0
2024-10-07 17:21:40,224.103,224.114,224.103,224.114,20.0
2024-10-07 17:21:41,224.114,224.114,224.114,224.114,20.0
2024-10-07 17:21:42,224.124,224.124,224.124,224.124,10.0
2024-10-07 17:21:43,224.124,224.124,224.124,224.124,30.000000000000004
2024-10-07 17:21:44,224.113,224.113,224.103,224.103,20.0
2024-10-07 17:21:46,224.113,224.113,224.113,224.113,10.0
2024-10-07 17:21:48,224.104,224.114,224.104,224.114,20.0
2024-10-07 17:21:52,224.104,224.104,224.104,224.104,10.0
2024-10-07 17:21:55,224.124,224.124,224.123,224.123,20.0
2024-10-07 17:21:57,224.124,224.124,224.124,224.124,10.0
2024-10-07 17:21:58,224.123,224.124,224.123,224.124,20.0
2024-10-07 17:22:00,224.123,224.123,224.123,224.123,10.0
2024-10-07 17:22:03,224.124,224.124,224.084,224.084,40.0
2024-10-07 17:22:04,224.104,224.113,224.104,224.113,20.0
2024-10-07 17:22:07,224.103,224.103,224.103,224.103,10.0
2024-10-07 17:22:09,224.094,224.103,224.094,224.103,20.0
2024-10-07 17:22:10,224.093,224.093,224.093,224.093,10.0
2024-10-07 17:22:12,224.084,224.093,224.084,224.093,20.0
2024-10-07 17:22:13,224.104,224.104,224.104,224.104,10.0
2024-10-07 17:22:17,224.104,224.113,224.104,224.113,50.0
2024-10-07 17:22:18,224.113,224.113,224.113,224.113,10.0
2024-10-07 17:22:19,224.104,224.104,224.104,224.104,10.0
2024-10-07 17:22:20,224.094,224.094,224.094,224.094,10.0
2024-10-07 17:22:24,224.104,224.104,224.104,224.104,10.0
2024-10-07 17:22:31,224.093,224.104,224.093,224.104,30.000000000000004
2024-10-07 17:22:32,224.103,224.103,224.103,224.103,10.0
2024-10-07 17:22:33,224.083,224.083,224.083,224.083,10.0
2024-10-07 17:22:34,224.073,224.083,224.073,224.083,20.0
2024-10-07 17:22:35,224.073,224.074,224.063,224.074,30.000000000000004
2024-10-07 17:22:37,224.084,224.084,224.073,224.073,30.000000000000004
2024-10-07 17:22:41,224.073,224.073,224.073,224.073,10.0
2024-10-07 17:22:43,224.074,224.074,224.064,224.064,20.0
2024-10-07 17:22:44,224.043,224.043,224.043,224.043,10.0
2024-10-07 17:22:45,224.034,224.044,224.034,224.044,20.0
2024-10-07 17:22:47,224.033,224.033,224.033,224.033,10.0
2024-10-07 17:22:48,224.034,224.044,224.034,224.044,20.0
2024-10-07 17:22:52,224.033,224.043,224.033,224.043,20.0
2024-10-07 17:22:53,224.043,224.054,224.043,224.054,40.0
2024-10-07 17:22:54,224.033,224.033,224.014,224.014,30.000000000000004
2024-10-07 17:22:55,224.014,224.014,224.003,224.003,20.0
2024-10-07 17:22:59,224.013,224.013,224.003,224.003,20.0
2024-10-07 17:23:00,224.014,224.014,224.014,224.014,10.0
2024-10-07 17:23:01,224.003,224.004,223.994,224.004,30.000000000000004
2024-10-07 17:23:04,223.993,223.993,223.993,223.993,10.0
2024-10-07 17:23:05,224.003,224.003,224.003,224.003,10.0
2024-10-07 17:23:06,223.993,223.993,223.993,223.993,10.0
2024-10-07 17:23:07,224.004,224.004,224.004,224.004,10.0
2024-10-07 17:23:08,224.004,224.004,224.003,224.003,20.0
2024-10-07 17:23:09,224.003,224.003,224.003,224.003,10.0
2024-10-07 17:23:10,224.004,224.004,224.004,224.004,10.0
2024-10-07 17:23:11,223.994,224.004,223.994,224.003,40.0
2024-10-07 17:23:13,224.004,224.004,224.004,224.004,10.0
2024-10-07 17:23:14,223.984,223.984,223.983,223.983,60.0
2024-10-07 17:23:15,223.983,223.983,223.983,223.983,40.0
2024-10-07 17:23:16,223.984,223.984,223.984,223.984,10.0
2024-10-07 17:23:18,223.973,223.973,223.953,223.953,20.0
2024-10-07 17:23:19,223.943,223.963,223.943,223.963,70.00000000000001
2024-10-07 17:23:21,223.963,223.963,223.963,223.963,20.0
2024-10-07 17:23:22,223.953,223.964,223.953,223.963,30.000000000000004
2024-10-07 17:23:26,223.943,223.943,223.943,223.943,10.0
2024-10-07 17:23:27,223.953,223.953,223.953,223.953,10.0
2024-10-07 17:23:29,223.944,223.944,223.903,223.904,40.0
2024-10-07 17:23:30,223.894,223.894,223.873,223.883,30.000000000000004
2024-10-07 17:23:31,223.894,223.894,223.893,223.893,20.0
2024-10-07 17:23:34,223.863,223.864,223.854,223.864,30.000000000000004
2024-10-07 17:23:35,223.863,223.873,223.863,223.873,20.0
2024-10-07 17:23:36,223.873,223.873,223.873,223.873,10.0
2024-10-07 17:23:41,223.874,223.874,223.854,223.854,20.0
2024-10-07 17:23:42,223.843,223.843,223.824,223.833,60.0
2024-10-07 17:23:43,223.824,223.824,223.824,223.824,10.0
2024-10-07 17:23:44,223.834,223.854,223.834,223.854,20.0
2024-10-07 17:23:49,223.844,223.844,223.844,223.844,10.0
2024-10-07 17:23:50,223.833,223.833,223.833,223.833,10.0
2024-10-07 17:23:52,223.844,223.844,223.844,223.844,10.0
2024-10-07 17:23:54,223.873,223.873,223.873,223.873,10.0
2024-10-07 17:24:02,223.864,223.864,223.864,223.864,10.0
2024-10-07 17:24:07,223.863,223.863,223.863,223.863,20.0
2024-10-07 17:24:09,223.863,223.884,223.863,223.884,30.000000000000004
2024-10-07 17:24:10,223.904,223.914,223.904,223.913,30.000000000000004
2024-10-07 17:24:12,223.923,223.923,223.923,223.923,10.0
2024-10-07 17:24:13,223.933,223.933,223.933,223.933,10.0
2024-10-07 17:24:16,223.934,223.964,223.934,223.964,40.0
2024-10-07 17:24:17,223.953,223.953,223.953,223.953,10.0
2024-10-07 17:24:27,223.954,223.954,223.954,223.954,20.0
2024-10-07 17:24:30,223.944,223.953,223.944,223.953,20.0
2024-10-07 17:24:32,223.933,223.933,223.933,223.933,10.0
2024-10-07 17:24:38,223.934,223.934,223.924,223.933,30.000000000000004
2024-10-07 17:24:40,223.954,223.954,223.954,223.954,10.0
2024-10-07 17:24:41,223.953,223.953,223.953,223.953,30.000000000000004
2024-10-07 17:24:43,223.963,223.993,223.963,223.993,30.000000000000004
2024-10-07 17:24:44,224.003,224.003,224.003,224.003,10.0
2024-10-07 17:24:47,223.984,223.994,223.984,223.994,20.0
2024-10-07 17:24:50,223.984,223.984,223.984,223.984,10.0
2024-10-07 17:24:58,223.984,223.984,223.984,223.984,10.0
2024-10-07 17:24:59,223.963,223.983,223.963,223.983,40.0
2024-10-07 17:25:00,223.973,223.974,223.973,223.974,20.0
2024-10-07 17:25:01,223.983,223.983,223.983,223.983,10.0
2024-10-07 17:25:02,223.983,223.983,223.983,223.983,10.0
2024-10-07 17:25:05,223.984,223.984,223.984,223.984,10.0
2024-10-07 17:25:06,223.984,223.984,223.984,223.984,20.0
2024-10-07 17:25:07,223.983,223.983,223.983,223.983,10.0
2024-10-07 17:25:11,223.983,223.983,223.983,223.983,10.0
2024-10-07 17:25:15,223.984,223.984,223.984,223.984,20.0
2024-10-07 17:25:17,223.983,223.983,223.983,223.983,10.0
2024-10-07 17:25:18,223.983,223.983,223.983,223.983,10.0
2024-10-07 17:25:20,223.994,223.994,223.994,223.994,10.0
2024-10-07 17:25:21,223.993,223.993,223.993,223.993,10.0
2024-10-07 17:25:27,223.984,223.994,223.984,223.994,20.0
2024-10-07 17:25:33,223.994,223.994,223.994,223.994,10.0
2024-10-07 17:25:34,224.023,224.023,224.023,224.023,10.0
2024-10-07 17:25:35,224.033,224.033,224.033,224.033,10.0
2024-10-07 17:25:37,224.003,224.014,223.994,223.994,30.000000000000004
2024-10-07 17:25:38,223.973,223.973,223.954,223.954,40.0
2024-10-07 17:25:39,223.954,223.964,223.954,223.964,20.0
2024-10-07 17:25:41,223.974,223.974,223.974,223.974,10.0
2024-10-07 17:25:42,223.983,223.984,223.983,223.984,20.0
2024-10-07 17:25:43,223.984,223.984,223.984,223.984,10.0
2024-10-07 17:25:50,223.994,223.994,223.994,223.994,20.0
2024-10-07 17:25:51,223.994,223.994,223.994,223.994,10.0
2024-10-07 17:25:52,224.004,224.004,224.004,224.004,10.0
2024-10-07 17:25:55,224.014,224.014,224.014,224.014,10.0
2024-10-07 17:25:56,224.013,224.013,223.983,223.983,20.0
2024-10-07 17:25:58,223.993,223.993,223.993,223.993,10.0
2024-10-07 17:25:59,223.984,223.993,223.984,223.993,20.0
2024-10-07 17:26:00,223.963,223.963,223.963,223.963,10.0
2024-10-07 17:26:01,223.973,223.974,223.973,223.974,20.0
2024-10-07 17:26:03,223.943,223.943,223.943,223.943,10.0
2024-10-07 17:26:05,223.943,223.943,223.943,223.943,10.0
2024-10-07 17:26:08,223.934,223.934,223.934,223.934,20.0
2024-10-07 17:26:11,223.934,223.934,223.904,223.904,20.0
2024-10-07 17:26:15,223.924,223.924,223.924,223.924,10.0
2024-10-07 17:26:16,223.924,223.924,223.924,223.924,10.0
2024-10-07 17:26:18,223.924,223.924,223.924,223.924,10.0
2024-10-07 17:26:19,223.924,223.924,223.924,223.924,10.0
2024-10-07 17:26:20,223.923,223.923,223.904,223.904,20.0
2024-10-07 17:26:21,223.894,223.894,223.893,223.893,20.0
2024-10-07 17:26:22,223.894,223.894,223.894,223.894,10.0
2024-10-07 17:26:25,223.903,223.923,223.903,223.923,20.0
2024-10-07 17:26:26,223.923,223.934,223.923,223.934,20.0
2024-10-07 17:26:30,223.934,223.934,223.933,223.934,30.000000000000004
2024-10-07 17:26:33,223.933,223.933,223.933,223.933,10.0
2024-10-07 17:26:34,223.933,223.944,223.933,223.944,20.0
2024-10-07 17:26:36,223.943,223.954,223.943,223.954,20.0
2024-10-07 17:26:37,223.954,223.954,223.954,223.954,30.000000000000004
2024-10-07 17:26:39,223.953,223.953,223.944,223.944,20.0
2024-10-07 17:26:40,223.924,223.944,223.924,223.944,20.0
2024-10-07 17:26:42,223.953,223.953,223.953,223.953,10.0
2024-10-07 17:26:45,223.943,223.953,223.943,223.953,20.0
2024-10-07 17:26:47,223.934,223.944,223.934,223.944,20.0
2024-10-07 17:26:48,223.953,223.953,223.953,223.953,10.0
2024-10-07 17:26:49,223.954,223.954,223.954,223.954,10.0
2024-10-07 17:27:02,223.933,223.944,223.933,223.933,30.000000000000004
2024-10-07 17:27:03,223.944,223.944,223.944,223.944,10.0
2024-10-07 17:27:04,223.933,223.933,223.933,223.933,10.0
2024-10-07 17:27:09,223.954,223.954,223.954,223.954,20.0
2024-10-07 17:27:10,223.954,223.954,223.954,223.954,10.0
2024-10-07 17:27:11,223.963,223.963,223.963,223.963,10.0
2024-10-07 17:27:12,223.963,223.963,223.963,223.963,10.0
2024-10-07 17:27:13,223.953,223.964,223.953,223.964,20.0
2024-10-07 17:27:14,223.953,223.963,223.953,223.963,20.0
2024-10-07 17:27:15,223.974,223.984,223.973,223.984,40.0
2024-10-07 17:27:16,223.994,223.994,223.994,223.994,10.0
2024-10-07 17:27:17,224.004,224.004,224.004,224.004,20.0
2024-10-07 17:27:18,224.004,224.004,224.003,224.004,30.000000000000004
2024-10-07 17:27:20,224.004,224.004,224.004,224.004,10.0
2024-10-07 17:27:21,223.984,223.984,223.983,223.983,20.0
2024-10-07 17:27:26,223.994,223.994,223.994,223.994,10.0
2024-10-07 17:27:29,223.993,223.993,223.993,223.993,10.0
2024-10-07 17:27:30,223.983,223.983,223.983,223.983,10.0
2024-10-07 17:27:35,223.953,223.953,223.953,223.953,20.0
2024-10-07 17:27:37,223.953,223.953,223.953,223.953,10.0
2024-10-07 17:27:40,223.943,223.943,223.943,223.943,10.0
2024-10-07 17:27:48,223.934,223.934,223.934,223.934,10.0
2024-10-07 17:27:55,223.924,223.924,223.924,223.924,10.0
2024-10-07 17:27:56,223.953,223.954,223.953,223.954,20.0
2024-10-07 17:27:57,223.954,223.954,223.953,223.953,30.000000000000004
2024-10-07 17:27:58,223.954,223.954,223.954,223.954,10.0
2024-10-07 17:28:00,223.973,223.973,223.973,223.973,10.0
2024-10-07 17:28:01,223.984,223.994,223.984,223.994,20.0
2024-10-07 17:28:04,223.983,223.983,223.983,223.983,10.0
2024-10-07 17:28:15,223.984,223.984,223.984,223.984,20.0
2024-10-07 17:28:18,223.984,223.984,223.984,223.984,10.0
2024-10-07 17:28:21,223.974,223.983,223.974,223.983,20.0
2024-10-07 17:28:22,223.974,223.974,223.973,223.973,20.0
2024-10-07 17:28:23,223.983,223.983,223.983,223.983,20.0
2024-10-07 17:28:25,223.983,223.983,223.983,223.983,10.0
2024-10-07 17:28:26,223.973,223.973,223.973,223.973,10.0
2024-10-07 17:28:27,223.983,223.983,223.973,223.974,40.0
2024-10-07 17:28:28,223.953,223.953,223.953,223.953,10.0
2024-10-07 17:28:32,223.944,223.944,223.944,223.944,10.0
2024-10-07 17:28:33,223.943,223.944,223.933,223.944,30.000000000000004
2024-10-07 17:28:35,223.933,223.933,223.933,223.933,10.0
2024-10-07 17:28:36,223.923,223.923,223.923,223.923,10.0
2024-10-07 17:28:40,223.913,223.913,223.913,223.913,10.0
2024-10-07 17:28:42,223.923,223.923,223.923,223.923,10.0
2024-10-07 17:28:44,223.923,223.923,223.923,223.923,10.0
2024-10-07 17:28:47,223.914,223.914,223.914,223.914,10.0
2024-10-07 17:28:48,223.914,223.924,223.914,223.924,30.000000000000004
2024-10-07 17:28:50,223.924,223.924,223.924,223.924,10.0
2024-10-07 17:28:51,223.924,223.924,223.924,223.924,10.0
2024-10-07 17:28:52,223.923,223.923,223.913,223.923,30.000000000000004
2024-10-07 17:28:55,223.923,223.924,223.923,223.924,20.0
2024-10-07 17:28:56,223.924,223.924,223.924,223.924,10.0
2024-10-07 17:28:57,223.934,223.944,223.934,223.944,20.0
2024-10-07 17:28:58,223.934,223.943,223.934,223.943,30.000000000000004
2024-10-07 17:28:59,223.953,223.953,223.943,223.943,20.0
2024-10-07 17:29:00,223.934,223.934,223.934,223.934,10.0
2024-10-07 17:29:01,223.933,223.933,223.933,223.933,10.0
2024-10-07 17:29:03,223.933,223.933,223.933,223.933,10.0
2024-10-07 17:29:05,223.953,223.953,223.913,223.913,50.0
2024-10-07 17:29:08,223.903,223.903,223.903,223.903,10.0
2024-10-07 17:29:09,223.904,223.904,223.904,223.904,10.0
2024-10-07 17:29:10,223.893,223.893,223.884,223.884,30.000000000000004
2024-10-07 17:29:11,223.873,223.873,223.864,223.873,30.000000000000004
2024-10-07 17:29:12,223.864,223.873,223.864,223.873,20.0
2024-10-07 17:29:13,223.873,223.873,223.873,223.873,10.0
2024-10-07 17:29:14,223.893,223.893,223.893,223.893,10.0
2024-10-07 17:29:15,223.884,223.884,223.883,223.883,20.0
2024-10-07 17:29:16,223.874,223.884,223.874,223.884,20.0
2024-10-07 17:29:18,223.884,223.893,223.884,223.893,20.0
2024-10-07 17:29:20,223.884,223.884,223.884,223.884,10.0
2024-10-07 17:29:23,223.873,223.873,223.873,223.873,10.0
2024-10-07 17:29:24,223.864,223.873,223.863,223.864,40.0
2024-10-07 17:29:25,223.874,223.874,223.874,223.874,10.0
2024-10-07 17:29:26,223.864,223.864,223.864,223.864,10.0
2024-10-07 17:29:27,223.863,223.863,223.853,223.853,20.0
2024-10-07 17:29:28,223.844,223.844,223.823,223.844,70.00000000000001
2024-10-07 17:29:29,223.844,223.844,223.843,223.843,60.0
2024-10-07 17:29:30,223.844,223.844,223.844,223.844,10.0
2024-10-07 17:29:32,223.834,223.844,223.834,223.844,20.0
2024-10-07 17:29:35,223.844,223.844,223.844,223.844,10.0
2024-10-07 17:29:37,223.833,223.843,223.833,223.843,40.0
2024-10-07 17:29:40,223.833,223.833,223.833,223.833,10.0
2024-10-07 17:29:42,223.824,223.834,223.824,223.834,20.0
2024-10-07 17:29:43,223.833,223.833,223.823,223.833,30.000000000000004
2024-10-07 17:29:44,223.823,223.834,223.823,223.834,20.0
2024-10-07 17:29:46,223.824,223.833,223.824,223.833,20.0
2024-10-07 17:29:47,223.833,223.833,223.833,223.833,10.0
2024-10-07 17:29:48,223.823,223.823,223.823,223.823,10.0
2024-10-07 17:29:49,223.823,223.824,223.823,223.824,20.0
2024-10-07 17:29:51,223.824,223.834,223.824,223.834,20.0
2024-10-07 17:29:52,223.834,223.844,223.833,223.833,40.0
2024-10-07 17:29:55,223.843,223.843,223.823,223.823,50.0
2024-10-07 17:29:56,223.833,223.833,223.833,223.833,20.0
2024-10-07 17:29:57,223.833,223.833,223.833,223.833,10.0
2024-10-07 17:29:59,223.823,223.833,223.814,223.833,50.0
2024-10-07 17:30:00,223.823,223.824,223.803,223.824,40.0
2024-10-07 17:30:01,223.824,223.833,223.803,223.803,60.0
2024-10-07 17:30:02,223.784,223.784,223.753,223.763,40.0
2024-10-07 17:30:03,223.774,223.774,223.754,223.773,70.00000000000001
2024-10-07 17:30:04,223.773,223.773,223.744,223.744,20.0
2024-10-07 17:30:05,223.733,223.774,223.733,223.764,50.0
2024-10-07 17:30:06,223.763,223.763,223.753,223.753,20.0
2024-10-07 17:30:07,223.784,223.793,223.773,223.793,40.0
2024-10-07 17:30:08,223.793,223.804,223.793,223.804,40.0
2024-10-07 17:30:09,223.804,223.804,223.804,223.804,10.0
2024-10-07 17:30:10,223.793,223.804,223.793,223.804,20.0
2024-10-07 17:30:13,223.804,223.804,223.804,223.804,10.0
2024-10-07 17:30:14,223.813,223.813,223.813,223.813,10.0
2024-10-07 17:30:15,223.824,223.824,223.824,223.824,10.0
2024-10-07 17:30:16,223.813,223.813,223.813,223.813,10.0
2024-10-07 17:30:17,223.824,223.824,223.824,223.824,10.0
2024-10-07 17:30:18,223.813,223.813,223.793,223.793,30.000000000000004
2024-10-07 17:30:19,223.784,223.794,223.784,223.784,50.0
2024-10-07 17:30:20,223.783,223.783,223.783,223.783,10.0
2024-10-07 17:30:21,223.783,223.783,223.773,223.773,30.000000000000004
2024-10-07 17:30:22,223.763,223.764,223.763,223.764,20.0
2024-10-07 17:30:23,223.774,223.774,223.774,223.774,10.0
2024-10-07 17:30:24,223.763,223.763,223.763,223.763,10.0
2024-10-07 17:30:27,223.783,223.783,223.783,223.783,10.0
2024-10-07 17:30:29,223.774,223.774,223.774,223.774,10.0
2024-10-07 17:30:30,223.763,223.763,223.763,223.763,10.0
2024-10-07 17:30:31,223.763,223.763,223.763,223.763,10.0
2024-10-07 17:30:35,223.774,223.784,223.764,223.764,40.0
2024-10-07 17:30:36,223.783,223.783,223.783,223.783,10.0
2024-10-07 17:30:39,223.784,223.784,223.784,223.784,10.0
2024-10-07 17:30:41,223.783,223.783,223.783,223.783,10.0
2024-10-07 17:30:42,223.784,223.784,223.783,223.783,20.0
2024-10-07 17:30:43,223.784,223.803,223.784,223.803,40.0
2024-10-07 17:30:44,223.804,223.804,223.804,223.804,10.0
2024-10-07 17:30:45,223.804,223.804,223.803,223.803,30.000000000000004
2024-10-07 17:30:46,223.804,223.804,223.804,223.804,20.0
2024-10-07 17:30:47,223.804,223.804,223.803,223.803,20.0
2024-10-07 17:30:48,223.793,223.804,223.793,223.804,20.0
2024-10-07 17:30:53,223.823,223.823,223.823,223.823,10.0
2024-10-07 17:30:55,223.823,223.823,223.823,223.823,10.0
2024-10-07 17:30:56,223.813,223.823,223.813,223.823,20.0
2024-10-07 17:30:58,223.823,223.823,223.823,223.823,10.0
2024-10-07 17:31:00,223.813,223.813,223.813,223.813,10.0
2024-10-07 17:31:01,223.814,223.814,223.814,223.814,10.0
2024-10-07 17:31:02,223.794,223.794,223.794,223.794,10.0
2024-10-07 17:31:05,223.793,223.793,223.793,223.793,20.0
2024-10-07 17:31:10,223.794,223.794,223.794,223.794,10.0
2024-10-07 17:31:13,223.794,223.794,223.793,223.793,20.0
2024-10-07 17:31:14,223.794,223.794,223.794,223.794,10.0
2024-10-07 17:31:15,223.794,223.824,223.794,223.824,30.000000000000004
2024-10-07 17:31:16,223.823,223.823,223.823,223.823,10.0
2024-10-07 17:31:17,223.804,223.814,223.804,223.814,20.0
2024-10-07 17:31:20,223.783,223.783,223.783,223.783,10.0
2024-10-07 17:31:25,223.824,223.824,223.824,223.824,10.0
2024-10-07 17:31:27,223.823,223.823,223.823,223.823,30.000000000000004
2024-10-07 17:31:28,223.824,223.824,223.824,223.824,10.0
2024-10-07 17:31:35,223.823,223.823,223.823,223.823,10.0
2024-10-07 17:31:36,223.813,223.813,223.813,223.813,10.0
2024-10-07 17:31:37,223.804,223.804,223.804,223.804,10.0
2024-10-07 17:31:39,223.813,223.813,223.813,223.813,20.0
2024-10-07 17:31:40,223.814,223.814,223.814,223.814,10.0
2024-10-07 17:31:41,223.813,223.824,223.813,223.824,20.0
2024-10-07 17:31:48,223.804,223.804,223.803,223.803,20.0
2024-10-07 17:31:50,223.813,223.824,223.813,223.824,40.0
2024-10-07 17:31:53,223.824,223.854,223.823,223.854,40.0
2024-10-07 17:32:00,223.843,223.843,223.843,223.843,10.0
2024-10-07 17:32:01,223.853,223.853,223.853,223.853,10.0
2024-10-07 17:32:02,223.854,223.864,223.854,223.864,40.0
2024-10-07 17:32:03,223.884,223.893,223.884,223.893,30.000000000000004
2024-10-07 17:32:05,223.894,223.894,223.863,223.863,20.0
2024-10-07 17:32:06,223.874,223.874,223.873,223.873,30.000000000000004
2024-10-07 17:32:07,223.873,223.873,223.873,223.873,20.0
2024-10-07 17:32:08,223.874,223.874,223.874,223.874,20.0
2024-10-07 17:32:12,223.874,223.874,223.873,223.873,20.0
2024-10-07 17:32:16,223.883,223.883,223.883,223.883,20.0
2024-10-07 17:32:17,223.894,223.894,223.894,223.894,10.0
2024-10-07 17:32:18,223.904,223.904,223.904,223.904,10.0
2024-10-07 17:32:21,223.883,223.883,223.883,223.883,10.0
2024-10-07 17:32:22,223.883,223.883,223.883,223.883,10.0
2024-10-07 17:32:23,223.884,223.884,223.884,223.884,10.0
2024-10-07 17:32:24,223.883,223.894,223.883,223.894,20.0
2024-10-07 17:32:25,223.893,223.893,223.893,223.893,20.0
2024-10-07 17:32:27,223.904,223.904,223.904,223.904,10.0
2024-10-07 17:32:28,223.903,223.914,223.903,223.914,20.0
2024-10-07 17:32:32,223.903,223.913,223.903,223.913,20.0
2024-10-07 17:32:36,223.914,223.914,223.914,223.914,10.0
2024-10-07 17:32:39,223.904,223.904,223.904,223.904,10.0
2024-10-07 17:32:46,223.934,223.934,223.934,223.934,10.0
2024-10-07 17:32:49,223.933,223.933,223.933,223.933,10.0
2024-10-07 17:32:50,223.954,223.954,223.954,223.954,10.0
2024-10-07 17:32:53,223.943,223.953,223.943,223.953,20.0
2024-10-07 17:32:57,223.954,223.954,223.954,223.954,10.0
2024-10-07 17:33:01,223.953,223.953,223.953,223.953,10.0
2024-10-07 17:33:02,223.944,223.944,223.944,223.944,10.0
2024-10-07 17:33:03,223.934,223.934,223.934,223.934,10.0
2024-10-07 17:33:04,223.924,223.924,223.913,223.923,40.0
2024-10-07 17:33:06,223.924,223.924,223.924,223.924,20.0
2024-10-07 17:33:12,223.943,223.943,223.943,223.943,10.0
2024-10-07 17:33:13,223.943,223.943,223.933,223.933,30.000000000000004
2024-10-07 17:33:14,223.944,223.944,223.943,223.943,20.0
2024-10-07 17:33:21,223.953,223.953,223.953,223.953,10.0
2024-10-07 17:33:23,223.944,223.944,223.944,223.944,10.0
2024-10-07 17:33:25,223.924,223.924,223.924,223.924,10.0
2024-10-07 17:33:26,223.923,223.923,223.914,223.914,20.0
2024-10-07 17:33:31,223.894,223.914,223.894,223.914,30.000000000000004
2024-10-07 17:33:32,223.914,223.914,223.903,223.904,50.0
2024-10-07 17:33:34,223.904,223.904,223.904,223.904,10.0
2024-10-07 17:33:35,223.914,223.914,223.914,223.914,10.0
2024-10-07 17:33:36,223.914,223.914,223.913,223.913,20.0
2024-10-07 17:33:38,223.903,223.903,223.903,223.903,10.0
2024-10-07 17:33:40,223.914,223.914,223.914,223.914,10.0
2024-10-07 17:33:41,223.904,223.904,223.904,223.904,10.0
2024-10-07 17:33:47,223.903,223.924,223.903,223.924,30.000000000000004
2024-10-07 17:33:48,223.924,223.924,223.914,223.914,20.0
2024-10-07 17:33:49,223.913,223.913,223.913,223.913,10.0
2024-10-07 17:33:50,223.913,223.913,223.913,223.913,20.0
2024-10-07 17:33:55,223.913,223.914,223.913,223.914,20.0
2024-10-07 17:33:58,223.934,223.944,223.934,223.944,30.000000000000004
2024-10-07 17:33:59,223.944,223.944,223.934,223.934,20.0
2024-10-07 17:34:00,223.933,223.933,223.933,223.933,20.0
2024-10-07 17:34:02,223.933,223.933,223.933,223.933,10.0
2024-10-07 17:34:03,223.924,223.924,223.923,223.923,20.0
2024-10-07 17:34:05,223.923,223.923,223.923,223.923,10.0
2024-10-07 17:34:06,223.933,223.934,223.933,223.934,40.0
2024-10-07 17:34:08,223.944,223.944,223.943,223.943,20.0
2024-10-07 17:34:09,223.954,223.954,223.954,223.954,10.0
2024-10-07 17:34:13,223.963,223.963,223.963,223.963,20.0
2024-10-07 17:34:14,223.974,223.983,223.974,223.983,20.0
2024-10-07 17:34:15,223.983,223.983,223.983,223.983,30.000000000000004
2024-10-07 17:34:17,223.994,223.994,223.983,223.993,60.0
2024-10-07 17:34:19,223.994,224.013,223.994,224.013,30.000000000000004
2024-10-07 17:34:21,224.023,224.023,224.023,224.023,20.0
2024-10-07 17:34:22,224.013,224.023,224.013,224.014,30.000000000000004
2024-10-07 17:34:23,224.023,224.023,224.023,224.023,10.0
2024-10-07 17:34:24,224.024,224.033,224.023,224.023,40.0
2024-10-07 17:34:25,224.024,224.034,224.024,224.034,20.0
2024-10-07 17:34:26,224.044,224.044,224.044,224.044,10.0
2024-10-07 17:34:29,224.053,224.053,224.053,224.053,20.0
2024-10-07 17:34:31,224.064,224.064,224.064,224.064,10.0
2024-10-07 17:34:34,224.054,224.054,224.054,224.054,10.0
2024-10-07 17:34:36,224.064,224.064,224.053,224.063,30.000000000000004
2024-10-07 17:34:43,224.054,224.054,224.024,224.024,20.0
2024-10-07 17:34:44,224.024,224.024,224.024,224.024,10.0
2024-10-07 17:34:47,224.004,224.004,224.004,224.004,10.0
2024-10-07 17:34:50,224.004,224.004,224.004,224.004,10.0
2024-10-07 17:34:54,224.013,224.013,224.013,224.013,10.0
2024-10-07 17:34:56,224.024,224.024,224.024,224.024,10.0
2024-10-07 17:34:57,224.024,224.024,224.013,224.013,20.0
2024-10-07 17:35:00,224.024,224.024,224.023,224.023,30.000000000000004
2024-10-07 17:35:01,224.023,224.023,224.023,224.023,20.0
2024-10-07 17:35:08,224.033,224.033,224.033,224.033,10.0
2024-10-07 17:35:09,224.044,224.044,224.044,224.044,10.0
2024-10-07 17:35:10,224.054,224.054,224.054,224.054,20.0
2024-10-07 17:35:13,224.044,224.044,224.044,224.044,10.0
2024-10-07 17:35:14,224.033,224.033,224.033,224.033,10.0
2024-10-07 17:35:15,224.043,224.043,224.043,224.043,30.000000000000004
2024-10-07 17:35:18,224.054,224.054,224.054,224.054,10.0
2024-10-07 17:35:19,224.053,224.053,224.053,224.053,10.0
2024-10-07 17:35:22,224.053,224.053,224.053,224.053,10.0
2024-10-07 17:35:24,224.054,224.054,224.053,224.053,30.000000000000004
2024-10-07 17:35:27,224.053,224.053,224.053,224.053,10.0
2024-10-07 17:35:28,224.053,224.054,224.053,224.054,30.000000000000004
2024-10-07 17:35:29,224.054,224.054,224.054,224.054,10.0
2024-10-07 17:35:30,224.054,224.054,224.054,224.054,10.0
2024-10-07 17:35:35,224.044,224.044,224.044,224.044,10.0
2024-10-07 17:35:41,224.053,224.053,224.053,224.053,10.0
2024-10-07 17:35:44,224.034,224.034,224.034,224.034,10.0
2024-10-07 17:35:46,224.053,224.053,224.043,224.053,30.000000000000004
2024-10-07 17:35:49,224.023,224.023,224.004,224.004,20.0
2024-10-07 17:35:51,224.003,224.013,224.003,224.013,40.0
2024-10-07 17:35:52,224.013,224.013,224.013,224.013,10.0
2024-10-07 17:35:58,224.023,224.023,224.023,224.023,10.0
2024-10-07 17:36:02,224.004,224.013,224.004,224.013,20.0
2024-10-07 17:36:03,224.003,224.003,224.003,224.003,20.0
2024-10-07 17:36:05,224.003,224.003,224.003,224.003,10.0
2024-10-07 17:36:07,223.994,224.004,223.994,223.994,40.0
2024-10-07 17:36:09,224.004,224.004,224.004,224.004,10.0
2024-10-07 17:36:10,224.024,224.024,224.024,224.024,10.0
2024-10-07 17:36:11,224.024,224.024,224.024,224.024,10.0
2024-10-07 17:36:12,224.013,224.023,224.013,224.023,20.0
2024-10-07 17:36:17,224.004,224.004,223.983,223.983,30.000000000000004
2024-10-07 17:36:19,223.983,223.983,223.983,223.983,10.0
2024-10-07 17:36:20,223.994,223.994,223.994,223.994,10.0
2024-10-07 17:36:21,224.004,224.004,224.004,224.004,10.0
2024-10-07 17:36:23,224.013,224.013,224.013,224.013,10.0
2024-10-07 17:36:24,224.004,224.013,224.004,224.013,20.0
2024-10-07 17:36:25,224.003,224.014,224.003,224.014,20.0
2024-10-07 17:36:28,224.003,224.014,224.003,224.014,20.0
2024-10-07 17:36:29,224.013,224.013,224.013,224.013,10.0
2024-10-07 17:36:31,224.014,224.014,224.014,224.014,20.0
2024-10-07 17:36:35,224.014,224.014,224.014,224.014,10.0
2024-10-07 17:36:40,224.023,224.023,224.023,224.023,10.0
2024-10-07 17:36:41,224.023,224.023,224.023,224.023,10.0
2024-10-07 17:36:42,224.043,224.043,224.043,224.043,10.0
2024-10-07 17:36:43,224.034,224.034,224.034,224.034,10.0
2024-10-07 17:36:44,224.034,224.034,224.034,224.034,10.0
2024-10-07 17:36:47,224.024,224.024,224.024,224.024,10.0
2024-10-07 17:36:51,224.033,224.034,224.033,224.033,30.000000000000004
2024-10-07 17:36:53,224.034,224.034,224.034,224.034,10.0
2024-10-07 17:36:55,224.054,224.063,224.054,224.063,30.000000000000004
2024-10-07 17:36:56,224.063,224.063,224.063,224.063,10.0
2024-10-07 17:36:58,224.073,224.073,224.073,224.073,10.0
2024-10-07 17:37:00,224.063,224.063,224.063,224.063,10.0
2024-10-07 17:37:02,224.073,224.073,224.073,224.073,10.0
2024-10-07 17:37:04,224.053,224.053,224.053,224.053,10.0
2024-10-07 17:37:06,224.044,224.044,224.034,224.034,20.0
2024-10-07 17:37:08,224.044,224.044,224.044,224.044,10.0
2024-10-07 17:37:10,224.024,224.034,224.024,224.034,20.0
2024-10-07 17:37:11,224.024,224.024,224.023,224.023,30.000000000000004
2024-10-07 17:37:12,224.024,224.024,224.024,224.024,10.0
2024-10-07 17:37:13,224.013,224.013,224.013,224.013,10.0
2024-10-07 17:37:19,224.003,224.004,224.003,224.004,20.0
2024-10-07 17:37:20,224.013,224.013,224.013,224.013,10.0
2024-10-07 17:37:25,224.013,224.013,224.013,224.013,10.0
2024-10-07 17:37:28,224.024,224.024,224.023,224.023,20.0
2024-10-07 17:37:29,224.023,224.023,224.023,224.023,10.0
2024-10-07 17:37:30,224.014,224.014,224.014,224.014,10.0
2024-10-07 17:37:34,224.014,224.014,224.014,224.014,20.0
2024-10-07 17:37:35,224.014,224.024,224.014,224.024,20.0
2024-10-07 17:37:44,224.033,224.033,224.033,224.033,20.0
2024-10-07 17:37:45,224.034,224.034,224.034,224.034,10.0
2024-10-07 17:37:46,224.023,224.023,224.023,224.023,10.0
2024-10-07 17:37:47,224.034,224.034,224.034,224.034,10.0
2024-10-07 17:37:49,224.024,224.034,224.024,224.034,20.0
2024-10-07 17:37:56,224.024,224.024,224.023,224.023,20.0
2024-10-07 17:37:57,224.044,224.044,224.044,224.044,10.0
2024-10-07 17:38:02,224.024,224.024,224.014,224.014,20.0
2024-10-07 17:38:03,223.993,223.993,223.993,223.993,10.0
2024-10-07 17:38:04,223.984,223.984,223.984,223.984,10.0
2024-10-07 17:38:05,223.973,223.973,223.973,223.973,10.0
2024-10-07 17:38:06,223.983,223.984,223.983,223.983,40.0
2024-10-07 17:38:16,223.964,223.964,223.964,223.964,10.0
2024-10-07 17:38:18,223.984,223.984,223.984,223.984,10.0
2024-10-07 17:38:20,223.994,223.994,223.994,223.994,10.0
2024-10-07 17:38:21,224.003,224.014,223.993,224.004,40.0
2024-10-07 17:38:22,224.003,224.004,224.003,224.004,20.0
2024-10-07 17:38:23,224.013,224.013,224.013,224.013,10.0
2024-10-07 17:38:24,224.004,224.004,224.004,224.004,10.0
2024-10-07 17:38:26,224.014,224.014,223.994,223.994,40.0
2024-10-07 17:38:27,224.003,224.003,224.003,224.003,30.000000000000004
2024-10-07 17:38:28,224.014,224.023,224.014,224.023,20.0
2024-10-07 17:38:29,224.033,224.033,224.033,224.033,10.0
2024-10-07 17:38:30,224.023,224.034,224.023,224.034,20.0
2024-10-07 17:38:31,224.023,224.033,224.023,224.033,20.0
2024-10-07 17:38:32,224.024,224.024,224.024,224.024,10.0
2024-10-07 17:38:36,224.004,224.004,224.004,224.004,10.0
2024-10-07 17:38:40,223.993,224.004,223.993,224.004,20.0
2024-10-07 17:38:41,223.993,224.003,223.993,224.003,40.0
2024-10-07 17:38:42,223.984,223.984,223.984,223.984,10.0
2024-10-07 17:38:45,223.983,223.983,223.983,223.983,20.0
2024-10-07 17:38:49,223.973,223.973,223.973,223.973,10.0
2024-10-07 17:38:51,223.963,223.963,223.963,223.963,10.0
2024-10-07 17:38:52,223.983,223.984,223.983,223.984,20.0
2024-10-07 17:38:53,223.984,223.984,223.984,223.984,10.0
2024-10-07 17:38:54,223.974,223.983,223.973,223.973,30.000000000000004
2024-10-07 17:38:55,223.953,223.953,223.953,223.953,10.0
2024-10-07 17:38:59,223.964,223.964,223.964,223.964,10.0
2024-10-07 17:39:01,223.974,223.974,223.963,223.974,30.000000000000004
2024-10-07 17:39:04,223.944,223.944,223.944,223.944,10.0
2024-10-07 17:39:05,223.954,223.954,223.954,223.954,10.0
2024-10-07 17:39:07,223.943,223.964,223.943,223.964,30.000000000000004
2024-10-07 17:39:08,223.973,223.974,223.973,223.974,30.000000000000004
2024-10-07 17:39:09,223.973,223.973,223.973,223.973,10.0
2024-10-07 17:39:15,223.974,223.974,223.974,223.974,20.0
2024-10-07 17:39:16,223.964,223.964,223.964,223.964,10.0
2024-10-07 17:39:28,223.953,223.964,223.953,223.964,20.0
2024-10-07 17:39:29,223.954,223.954,223.943,223.943,40.0
2024-10-07 17:39:35,223.924,223.924,223.924,223.924,10.0
2024-10-07 17:39:39,223.934,223.943,223.934,223.943,20.0
2024-10-07 17:39:40,223.944,223.944,223.944,223.944,10.0
2024-10-07 17:39:41,223.943,223.943,223.934,223.934,20.0
2024-10-07 17:39:42,223.924,223.934,223.924,223.934,20.0
2024-10-07 17:39:43,223.924,223.924,223.924,223.924,10.0
2024-10-07 17:39:45,223.934,223.934,223.934,223.934,10.0
2024-10-07 17:39:47,223.924,223.934,223.924,223.934,20.0
2024-10-07 17:39:49,223.924,223.933,223.924,223.933,30.000000000000004
2024-10-07 17:39:52,223.924,223.924,223.924,223.924,10.0
2024-10-07 17:39:53,223.913,223.913,223.904,223.904,30.000000000000004
2024-10-07 17:39:54,223.903,223.903,223.903,223.903,10.0
2024-10-07 17:40:03,223.923,223.923,223.923,223.923,10.0
2024-10-07 17:40:04,223.933,223.934,223.924,223.934,30.000000000000004
2024-10-07 17:40:05,223.914,223.923,223.914,223.923,20.0
2024-10-07 17:40:06,223.924,223.924,223.924,223.924,10.0
2024-10-07 17:40:08,223.914,223.923,223.914,223.923,20.0
2024-10-07 17:40:10,223.923,223.933,223.923,223.933,20.0
2024-10-07 17:40:12,223.923,223.934,223.923,223.934,20.0
2024-10-07 17:40:14,223.923,223.924,223.923,223.924,20.0
2024-10-07 17:40:15,223.934,223.934,223.934,223.934,10.0
2024-10-07 17:40:16,223.924,223.933,223.903,223.923,60.0
2024-10-07 17:40:18,223.904,223.923,223.904,223.923,20.0
2024-10-07 17:40:19,223.904,223.904,223.904,223.904,10.0
2024-10-07 17:40:20,223.913,223.913,223.913,223.913,10.0
2024-10-07 17:40:21,223.924,223.924,223.924,223.924,10.0
2024-10-07 17:40:23,223.903,223.903,223.884,223.884,20.0
2024-10-07 17:40:25,223.883,223.884,223.874,223.874,40.0
2024-10-07 17:40:35,223.874,223.874,223.874,223.874,10.0
2024-10-07 17:40:39,223.874,223.874,223.874,223.874,10.0
2024-10-07 17:40:43,223.863,223.863,223.863,223.863,10.0
2024-10-07 17:40:44,223.863,223.864,223.844,223.844,40.0
2024-10-07 17:40:46,223.844,223.844,223.844,223.844,20.0
2024-10-07 17:40:47,223.853,223.853,223.853,223.853,10.0
2024-10-07 17:40:48,223.844,223.844,223.844,223.844,10.0
2024-10-07 17:40:49,223.833,223.833,223.833,223.833,10.0
2024-10-07 17:40:51,223.854,223.854,223.854,223.854,10.0
2024-10-07 17:40:52,223.844,223.844,223.844,223.844,10.0
2024-10-07 17:40:54,223.834,223.834,223.834,223.834,10.0
2024-10-07 17:41:05,223.823,223.824,223.823,223.824,20.0
2024-10-07 17:41:06,223.823,223.823,223.823,223.823,10.0
2024-10-07 17:41:07,223.813,223.813,223.813,223.813,10.0
2024-10-07 17:41:08,223.814,223.824,223.814,223.823,30.000000000000004
2024-10-07 17:41:09,223.833,223.833,223.833,223.833,10.0
2024-10-07 17:41:12,223.834,223.834,223.834,223.834,10.0
2024-10-07 17:41:15,223.834,223.834,223.834,223.834,10.0
2024-10-07 17:41:17,223.833,223.833,223.824,223.824,20.0
2024-10-07 17:41:20,223.834,223.834,223.834,223.834,10.0
2024-10-07 17:41:21,223.824,223.824,223.824,223.824,10.0
2024-10-07 17:41:23,223.834,223.834,223.834,223.834,10.0
2024-10-07 17:41:25,223.833,223.833,223.833,223.833,10.0
2024-10-07 17:41:28,223.863,223.873,223.863,223.873,30.000000000000004
2024-10-07 17:41:30,223.883,223.884,223.883,223.884,20.0
2024-10-07 17:41:39,223.874,223.874,223.874,223.874,10.0
2024-10-07 17:41:40,223.893,223.893,223.893,223.893,10.0
2024-10-07 17:41:41,223.894,223.904,223.894,223.904,20.0
2024-10-07 17:41:42,223.894,223.894,223.894,223.894,10.0
2024-10-07 17:41:43,223.903,223.904,223.894,223.904,30.000000000000004
2024-10-07 17:41:46,223.893,223.893,223.893,223.893,10.0
2024-10-07 17:41:50,223.903,223.903,223.903,223.903,10.0
2024-10-07 17:42:01,223.883,223.884,223.883,223.884,20.0
2024-10-07 17:42:02,223.874,223.874,223.864,223.864,20.0
2024-10-07 17:42:03,223.854,223.863,223.854,223.854,30.000000000000004
2024-10-07 17:42:04,223.854,223.854,223.854,223.854,10.0
2024-10-07 17:42:06,223.843,223.853,223.833,223.833,30.000000000000004
2024-10-07 17:42:07,223.843,223.843,223.843,223.843,10.0
2024-10-07 17:42:08,223.834,223.854,223.834,223.854,20.0
2024-10-07 17:42:09,223.854,223.854,223.833,223.844,30.000000000000004
2024-10-07 17:42:12,223.854,223.854,223.854,223.854,10.0
2024-10-07 17:42:14,223.843,223.843,223.843,223.843,10.0
2024-10-07 17:42:15,223.854,223.854,223.854,223.854,10.0
2024-10-07 17:42:16,223.843,223.854,223.843,223.854,30.000000000000004
2024-10-07 17:42:17,223.843,223.843,223.834,223.834,20.0
2024-10-07 17:42:26,223.844,223.844,223.844,223.844,10.0
2024-10-07 17:42:30,223.843,223.843,223.843,223.843,10.0
2024-10-07 17:42:34,223.844,223.844,223.834,223.834,20.0
2024-10-07 17:42:44,223.813,223.813,223.813,223.813,10.0
2024-10-07 17:42:45,223.803,223.803,223.803,223.803,10.0
2024-10-07 17:42:46,223.793,223.804,223.793,223.794,30.000000000000004
2024-10-07 17:42:50,223.814,223.814,223.814,223.814,10.0
2024-10-07 17:42:51,223.804,223.823,223.804,223.823,30.000000000000004
2024-10-07 17:42:52,223.824,223.824,223.824,223.824,10.0
2024-10-07 17:42:56,223.814,223.824,223.814,223.824,20.0
2024-10-07 17:42:57,223.824,223.824,223.824,223.824,10.0
2024-10-07 17:43:02,223.854,223.854,223.854,223.854,10.0
2024-10-07 17:43:03,223.854,223.854,223.854,223.854,10.0
2024-10-07 17:43:05,223.853,223.853,223.853,223.853,10.0
2024-10-07 17:43:07,223.863,223.873,223.863,223.873,20.0
2024-10-07 17:43:12,223.874,223.874,223.874,223.874,10.0
2024-10-07 17:43:13,223.883,223.883,223.883,223.883,10.0
2024-10-07 17:43:14,223.873,223.883,223.873,223.873,30.000000000000004
2024-10-07 17:43:23,223.874,223.874,223.864,223.874,30.000000000000004
2024-10-07 17:43:24,223.853,223.853,223.853,223.853,20.0
2024-10-07 17:43:34,223.853,223.853,223.853,223.853,10.0
2024-10-07 17:43:35,223.854,223.854,223.854,223.854,10.0
2024-10-07 17:43:38,223.854,223.854,223.854,223.854,20.0
2024-10-07 17:43:39,223.844,223.854,223.844,223.854,30.000000000000004
2024-10-07 17:43:41,223.843,223.853,223.843,223.853,20.0
2024-10-07 17:43:42,223.834,223.834,223.834,223.834,10.0
2024-10-07 17:43:43,223.844,223.844,223.833,223.833,40.0
2024-10-07 17:43:45,223.783,223.784,223.783,223.784,20.0
2024-10-07 17:43:46,223.794,223.794,223.793,223.793,30.000000000000004
2024-10-07 17:43:48,223.783,223.783,223.773,223.773,40.0
2024-10-07 17:43:49,223.783,223.783,223.774,223.774,20.0
2024-10-07 17:43:50,223.783,223.784,223.783,223.784,20.0
2024-10-07 17:43:53,223.784,223.794,223.784,223.793,30.000000000000004
2024-10-07 17:43:57,223.794,223.794,223.794,223.794,10.0
2024-10-07 17:44:01,223.794,223.794,223.794,223.794,10.0
2024-10-07 17:44:03,223.813,223.813,223.813,223.813,10.0
2024-10-07 17:44:08,223.804,223.804,223.804,223.804,10.0
2024-10-07 17:44:10,223.814,223.814,223.814,223.814,10.0
2024-10-07 17:44:14,223.814,223.814,223.813,223.813,20.0
2024-10-07 17:44:17,223.814,223.814,223.813,223.813,20.0
2024-10-07 17:44:18,223.813,223.813,223.813,223.813,10.0
2024-10-07 17:44:32,223.803,223.803,223.784,223.784,50.0
2024-10-07 17:44:35,223.784,223.784,223.774,223.774,20.0
2024-10-07 17:44:36,223.784,223.784,223.783,223.783,30.000000000000004
2024-10-07 17:44:37,223.773,223.773,223.773,223.773,10.0
2024-10-07 17:44:38,223.753,223.753,223.753,223.753,30.000000000000004
2024-10-07 17:44:39,223.763,223.763,223.753,223.753,20.0
2024-10-07 17:44:41,223.744,223.754,223.744,223.744,40.0
2024-10-07 17:44:43,223.733,223.744,223.723,223.744,50.0
2024-10-07 17:44:44,223.734,223.734,223.724,223.734,50.0
2024-10-07 17:44:45,223.743,223.743,223.743,223.743,10.0
2024-10-07 17:44:47,223.764,223.764,223.764,223.764,10.0
2024-10-07 17:44:49,223.774,223.774,223.774,223.774,10.0
2024-10-07 17:44:50,223.773,223.783,223.773,223.783,20.0
2024-10-07 17:44:51,223.793,223.793,223.793,223.793,10.0
2024-10-07 17:44:55,223.783,223.783,223.783,223.783,10.0
2024-10-07 17:44:57,223.794,223.794,223.794,223.794,10.0
2024-10-07 17:44:58,223.783,223.794,223.783,223.794,30.000000000000004
2024-10-07 17:45:00,223.783,223.794,223.783,223.794,20.0
2024-10-07 17:45:03,223.803,223.804,223.803,223.804,20.0
2024-10-07 17:45:04,223.803,223.803,223.803,223.803,10.0
2024-10-07 17:45:06,223.803,223.803,223.803,223.803,10.0
2024-10-07 17:45:08,223.804,223.804,223.784,223.784,30.000000000000004
2024-10-07 17:45:09,223.773,223.784,223.773,223.774,30.000000000000004
2024-10-07 17:45:11,223.794,223.794,223.793,223.793,30.000000000000004
2024-10-07 17:45:12,223.803,223.803,223.803,223.803,10.0
2024-10-07 17:45:13,223.803,223.803,223.803,223.803,10.0
2024-10-07 17:45:14,223.803,223.803,223.803,223.803,10.0
2024-10-07 17:45:21,223.804,223.804,223.804,223.804,10.0
2024-10-07 17:45:22,223.814,223.814,223.814,223.814,10.0
2024-10-07 17:45:24,223.824,223.824,223.824,223.824,10.0
2024-10-07 17:45:25,223.844,223.844,223.843,223.843,20.0
2024-10-07 17:45:27,223.844,223.844,223.844,223.844,10.0
2024-10-07 17:45:29,223.824,223.833,223.824,223.833,30.000000000000004
2024-10-07 17:45:30,223.833,223.833,223.833,223.833,10.0
2024-10-07 17:45:32,223.843,223.843,223.843,223.843,30.000000000000004
2024-10-07 17:45:33,223.844,223.844,223.844,223.844,10.0
2024-10-07 17:45:34,223.844,223.844,223.844,223.844,10.0
2024-10-07 17:45:37,223.834,223.834,223.834,223.834,10.0
2024-10-07 17:45:48,223.843,223.843,223.843,223.843,10.0
2024-10-07 17:45:49,223.833,223.833,223.833,223.833,10.0
2024-10-07 17:45:50,223.824,223.824,223.814,223.814,20.0
2024-10-07 17:45:51,223.824,223.824,223.824,223.824,10.0
2024-10-07 17:45:52,223.823,223.824,223.823,223.824,20.0
2024-10-07 17:45:57,223.803,223.803,223.784,223.784,30.000000000000004
2024-10-07 17:45:59,223.764,223.764,223.733,223.733,40.0
2024-10-07 17:46:00,223.743,223.754,223.743,223.754,30.000000000000004
2024-10-07 17:46:01,223.754,223.763,223.754,223.763,20.0
2024-10-07 17:46:02,223.764,223.764,223.764,223.764,10.0
2024-10-07 17:46:03,223.764,223.764,223.764,223.764,10.0
2024-10-07 17:46:04,223.763,223.763,223.763,223.763,10.0
2024-10-07 17:46:06,223.784,223.784,223.784,223.784,10.0
2024-10-07 17:46:07,223.783,223.783,223.783,223.783,10.0
2024-10-07 17:46:10,223.774,223.774,223.774,223.774,10.0
2024-10-07 17:46:11,223.734,223.734,223.723,223.723,40.0
2024-10-07 17:46:12,223.734,223.734,223.693,223.694,70.00000000000001
2024-10-07 17:46:13,223.703,223.703,223.703,223.703,10.0
2024-10-07 17:46:14,223.694,223.694,223.694,223.694,10.0
2024-10-07 17:46:15,223.704,223.704,223.694,223.694,20.0
2024-10-07 17:46:20,223.684,223.684,223.684,223.684,10.0
2024-10-07 17:46:22,223.673,223.673,223.673,223.673,10.0
2024-10-07 17:46:27,223.694,223.704,223.694,223.704,20.0
2024-10-07 17:46:29,223.714,223.714,223.714,223.714,10.0
2024-10-07 17:46:30,223.694,223.704,223.693,223.704,60.0
2024-10-07 17:46:31,223.703,223.703,223.703,223.703,10.0
2024-10-07 17:46:33,223.714,223.714,223.714,223.714,10.0
2024-10-07 17:46:34,223.703,223.703,223.703,223.703,10.0
2024-10-07 17:46:41,223.694,223.694,223.694,223.694,20.0
2024-10-07 17:46:46,223.683,223.683,223.683,223.683,10.0
2024-10-07 17:46:47,223.693,223.693,223.693,223.693,10.0
2024-10-07 17:46:48,223.664,223.664,223.654,223.664,30.000000000000004
2024-10-07 17:46:49,223.663,223.663,223.663,223.663,10.0
2024-10-07 17:46:50,223.664,223.664,223.654,223.654,20.0
2024-10-07 17:46:51,223.674,223.674,223.673,223.674,30.000000000000004
2024-10-07 17:46:52,223.683,223.683,223.683,223.683,10.0
2024-10-07 17:46:54,223.694,223.694,223.684,223.684,20.0
2024-10-07 17:46:55,223.694,223.694,223.694,223.694,10.0
2024-10-07 17:46:57,223.673,223.673,223.673,223.673,10.0
2024-10-07 17:47:00,223.664,223.664,223.664,223.664,10.0
2024-10-07 17:47:02,223.653,223.653,223.653,223.653,10.0
2024-10-07 17:47:03,223.653,223.653,223.644,223.644,20.0
2024-10-07 17:47:08,223.644,223.664,223.644,223.653,30.000000000000004
2024-10-07 17:47:09,223.653,223.653,223.653,223.653,10.0
2024-10-07 17:47:10,223.654,223.654,223.654,223.654,10.0
2024-10-07 17:47:11,223.653,223.653,223.653,223.653,10.0
2024-10-07 17:47:14,223.653,223.653,223.653,223.653,10.0
2024-10-07 17:47:17,223.644,223.654,223.644,223.654,30.000000000000004
2024-10-07 17:47:19,223.653,223.654,223.653,223.654,20.0
2024-10-07 17:47:23,223.673,223.673,223.673,223.673,10.0
2024-10-07 17:47:28,223.683,223.683,223.683,223.683,10.0
2024-10-07 17:47:29,223.674,223.674,223.644,223.644,20.0
2024-10-07 17:47:32,223.643,223.643,223.643,223.643,10.0
2024-10-07 17:47:43,223.634,223.634,223.623,223.623,20.0
2024-10-07 17:47:44,223.614,223.614,223.614,223.614,10.0
2024-10-07 17:47:46,223.603,223.614,223.603,223.614,20.0
2024-10-07 17:47:48,223.624,223.624,223.624,223.624,20.0
2024-10-07 17:47:50,223.614,223.614,223.614,223.614,10.0
2024-10-07 17:47:51,223.624,223.634,223.624,223.634,20.0
2024-10-07 17:47:52,223.633,223.633,223.633,223.633,10.0
2024-10-07 17:47:54,223.643,223.643,223.634,223.634,20.0
2024-10-07 17:47:55,223.644,223.644,223.643,223.643,20.0
2024-10-07 17:48:01,223.644,223.644,223.644,223.644,10.0
2024-10-07 17:48:04,223.634,223.634,223.633,223.633,20.0
2024-10-07 17:48:05,223.643,223.643,223.643,223.643,10.0
2024-10-07 17:48:06,223.623,223.643,223.623,223.643,40.0
2024-10-07 17:48:09,223.624,223.633,223.624,223.633,20.0
2024-10-07 17:48:14,223.643,223.643,223.643,223.643,10.0
2024-10-07 17:48:15,223.644,223.673,223.644,223.673,30.000000000000004
2024-10-07 17:48:16,223.663,223.663,223.653,223.653,20.0
2024-10-07 17:48:17,223.644,223.644,223.644,223.644,10.0
2024-10-07 17:48:18,223.633,223.633,223.624,223.624,20.0
2024-10-07 17:48:19,223.644,223.654,223.643,223.643,30.000000000000004
2024-10-07 17:48:22,223.633,223.633,223.624,223.624,20.0
2024-10-07 17:48:23,223.634,223.634,223.634,223.634,10.0
2024-10-07 17:48:24,223.634,223.634,223.634,223.634,10.0
2024-10-07 17:48:25,223.634,223.634,223.613,223.633,30.000000000000004
2024-10-07 17:48:26,223.633,223.634,223.633,223.634,30.000000000000004
2024-10-07 17:48:32,223.633,223.634,223.623,223.623,30.000000000000004
2024-10-07 17:48:38,223.624,223.624,223.624,223.624,10.0
2024-10-07 17:48:39,223.613,223.623,223.613,223.623,20.0
2024-10-07 17:48:46,223.614,223.614,223.614,223.614,10.0
2024-10-07 17:48:47,223.614,223.614,223.613,223.613,20.0
2024-10-07 17:48:54,223.614,223.614,223.614,223.614,10.0
2024-10-07 17:48:55,223.594,223.594,223.583,223.583,20.0
2024-10-07 17:48:56,223.594,223.603,223.594,223.603,20.0
2024-10-07 17:48:57,223.583,223.594,223.583,223.594,20.0
2024-10-07 17:48:58,223.584,223.584,223.584,223.584,10.0
2024-10-07 17:48:59,223.603,223.603,223.603,223.603,20.0
2024-10-07 17:49:00,223.603,223.603,223.603,223.603,20.0
2024-10-07 17:49:03,223.604,223.604,223.593,223.593,20.0
2024-10-07 17:49:04,223.603,223.603,223.603,223.603,10.0
2024-10-07 17:49:05,223.614,223.634,223.614,223.624,30.000000000000004
2024-10-07 17:49:06,223.624,223.624,223.624,223.624,10.0
2024-10-07 17:49:07,223.624,223.624,223.624,223.624,10.0
2024-10-07 17:49:10,223.634,223.634,223.634,223.634,10.0
2024-10-07 17:49:11,223.613,223.613,223.613,223.613,10.0
2024-10-07 17:49:12,223.603,223.603,223.603,223.603,10.0
2024-10-07 17:49:13,223.613,223.613,223.603,223.603,20.0
2024-10-07 17:49:15,223.633,223.633,223.614,223.614,40.0
2024-10-07 17:49:19,223.614,223.614,223.614,223.614,10.0
2024-10-07 17:49:20,223.604,223.604,223.603,223.603,20.0
2024-10-07 17:49:21,223.613,223.613,223.593,223.593,20.0
2024-10-07 17:49:22,223.594,223.594,223.594,223.594,10.0
2024-10-07 17:49:23,223.584,223.584,223.584,223.584,10.0
2024-10-07 17:49:24,223.583,223.583,223.583,223.583,10.0
2024-10-07 17:49:31,223.593,223.614,223.593,223.614,30.000000000000004
2024-10-07 17:49:32,223.614,223.614,223.613,223.613,40.0
2024-10-07 17:49:33,223.613,223.613,223.594,223.594,30.000000000000004
2024-10-07 17:49:34,223.604,223.604,223.604,223.604,10.0
2024-10-07 17:49:35,223.593,223.604,223.593,223.604,20.0
2024-10-07 17:49:36,223.603,223.603,223.603,223.603,10.0
2024-10-07 17:49:37,223.603,223.604,223.603,223.604,20.0
2024-10-07 17:49:38,223.584,223.593,223.584,223.593,30.000000000000004
2024-10-07 17:49:40,223.593,223.593,223.553,223.553,40.0
2024-10-07 17:49:41,223.563,223.574,223.563,223.573,30.000000000000004
2024-10-07 17:49:42,223.574,223.574,223.574,223.574,20.0
2024-10-07 17:49:43,223.563,223.574,223.563,223.563,50.0
2024-10-07 17:49:44,223.574,223.583,223.574,223.583,30.000000000000004
2024-10-07 17:49:45,223.563,223.563,223.563,223.563,10.0
2024-10-07 17:49:46,223.564,223.574,223.564,223.574,20.0
2024-10-07 17:49:48,223.574,223.574,223.563,223.563,20.0
2024-10-07 17:49:49,223.574,223.574,223.573,223.574,30.000000000000004
2024-10-07 17:49:50,223.573,223.574,223.573,223.574,50.0
2024-10-07 17:49:51,223.574,223.574,223.563,223.563,20.0
2024-10-07 17:49:52,223.573,223.573,223.573,223.573,10.0
2024-10-07 17:49:53,223.573,223.573,223.573,223.573,10.0
2024-10-07 17:49:54,223.574,223.574,223.574,223.574,10.0
2024-10-07 17:49:55,223.574,223.594,223.574,223.594,50.0
2024-10-07 17:49:56,223.604,223.604,223.604,223.604,10.0
2024-10-07 17:49:57,223.594,223.594,223.594,223.594,10.0
2024-10-07 17:49:58,223.604,223.604,223.604,223.604,10.0
2024-10-07 17:50:03,223.593,223.604,223.593,223.604,20.0
2024-10-07 17:50:07,223.594,223.594,223.594,223.594,10.0
2024-10-07 17:50:08,223.583,223.583,223.573,223.573,20.0
2024-10-07 17:50:09,223.554,223.554,223.543,223.554,60.0
2024-10-07 17:50:10,223.563,223.564,223.563,223.564,20.0
2024-10-07 17:50:11,223.554,223.554,223.544,223.553,40.0
2024-10-07 17:50:12,223.553,223.564,223.553,223.564,20.0
2024-10-07 17:50:14,223.554,223.563,223.554,223.563,30.000000000000004
2024-10-07 17:50:16,223.584,223.584,223.573,223.584,30.000000000000004
2024-10-07 17:50:17,223.574,223.584,223.574,223.584,20.0
2024-10-07 17:50:18,223.574,223.574,223.573,223.573,20.0
2024-10-07 17:50:21,223.563,223.563,223.563,223.563,10.0
2024-10-07 17:50:23,223.534,223.554,223.534,223.554,30.000000000000004
2024-10-07 17:50:24,223.563,223.564,223.563,223.564,20.0
2024-10-07 17:50:26,223.543,223.544,223.543,223.544,20.0
2024-10-07 17:50:28,223.534,223.534,223.524,223.524,20.0
2024-10-07 17:50:29,223.494,223.504,223.493,223.503,50.0
2024-10-07 17:50:30,223.484,223.484,223.474,223.474,40.0
2024-10-07 17:50:31,223.474,223.483,223.473,223.483,70.00000000000001
2024-10-07 17:50:32,223.484,223.493,223.484,223.493,20.0
2024-10-07 17:50:34,223.483,223.483,223.464,223.464,20.0
2024-10-07 17:50:35,223.463,223.463,223.463,223.463,10.0
2024-10-07 17:50:37,223.454,223.473,223.454,223.473,20.0
2024-10-07 17:50:38,223.493,223.493,223.493,223.493,20.0
2024-10-07 17:50:39,223.473,223.474,223.473,223.473,30.000000000000004
2024-10-07 17:50:40,223.484,223.484,223.483,223.483,20.0
2024-10-07 17:50:42,223.483,223.483,223.443,223.443,50.0
2024-10-07 17:50:43,223.434,223.463,223.434,223.444,60.0
2024-10-07 17:50:45,223.463,223.474,223.463,223.474,20.0
2024-10-07 17:50:46,223.474,223.474,223.473,223.473,20.0
2024-10-07 17:50:47,223.474,223.474,223.474,223.474,10.0
2024-10-07 17:50:48,223.483,223.484,223.483,223.484,30.000000000000004
2024-10-07 17:50:49,223.483,223.484,223.483,223.484,20.0
2024-10-07 17:50:50,223.493,223.493,223.493,223.493,10.0
2024-10-07 17:50:51,223.494,223.494,223.494,223.494,20.0
2024-10-07 17:50:52,223.493,223.504,223.493,223.504,20.0
2024-10-07 17:50:53,223.503,223.503,223.503,223.503,10.0
2024-10-07 17:50:54,223.493,223.493,223.493,223.493,10.0
2024-10-07 17:50:58,223.504,223.504,223.504,223.504,10.0
2024-10-07 17:50:59,223.493,223.503,223.493,223.494,30.000000000000004
2024-10-07 17:51:00,223.484,223.484,223.484,223.484,10.0
2024-10-07 17:51:03,223.484,223.484,223.483,223.483,20.0
2024-10-07 17:51:05,223.483,223.483,223.483,223.483,10.0
2024-10-07 17:51:11,223.474,223.474,223.474,223.474,10.0
2024-10-07 17:51:12,223.464,223.473,223.464,223.473,30.000000000000004
2024-10-07 17:51:13,223.473,223.484,223.473,223.473,30.000000000000004
2024-10-07 17:51:15,223.473,223.473,223.473,223.473,10.0
2024-10-07 17:51:16,223.434,223.454,223.434,223.453,60.0
2024-10-07 17:51:17,223.443,223.443,223.443,223.443,20.0
2024-10-07 17:51:19,223.453,223.453,223.453,223.453,10.0
2024-10-07 17:51:20,223.444,223.444,223.423,223.423,30.000000000000004
2024-10-07 17:51:21,223.414,223.434,223.414,223.434,20.0
2024-10-07 17:51:22,223.443,223.453,223.443,223.453,20.0
2024-10-07 17:51:23,223.443,223.443,223.443,223.443,10.0
2024-10-07 17:51:26,223.464,223.464,223.464,223.464,10.0
2024-10-07 17:51:27,223.454,223.454,223.453,223.453,20.0
2024-10-07 17:51:28,223.454,223.454,223.454,223.454,10.0
2024-10-07 17:51:29,223.464,223.464,223.464,223.464,20.0
2024-10-07 17:51:30,223.473,223.473,223.473,223.473,10.0
2024-10-07 17:51:31,223.473,223.473,223.454,223.454,30.000000000000004
2024-10-07 17:51:33,223.454,223.454,223.454,223.454,20.0
2024-10-07 17:51:34,223.444,223.444,223.444,223.444,10.0
2024-10-07 17:51:41,223.454,223.474,223.454,223.474,30.000000000000004
2024-10-07 17:51:42,223.464,223.464,223.464,223.464,10.0
2024-10-07 17:51:43,223.473,223.473,223.453,223.473,40.0
2024-10-07 17:51:44,223.473,223.473,223.473,223.473,10.0
2024-10-07 17:51:45,223.463,223.463,223.463,223.463,20.0
2024-10-07 17:51:46,223.453,223.453,223.453,223.453,20.0
2024-10-07 17:51:47,223.473,223.473,223.464,223.464,20.0
2024-10-07 17:51:52,223.464,223.464,223.464,223.464,10.0
2024-10-07 17:51:54,223.473,223.484,223.473,223.474,30.000000000000004
2024-10-07 17:51:58,223.494,223.494,223.494,223.494,10.0
2024-10-07 17:52:00,223.493,223.493,223.493,223.493,10.0
2024-10-07 17:52:01,223.493,223.493,223.493,223.493,10.0
2024-10-07 17:52:02,223.473,223.473,223.473,223.473,10.0
2024-10-07 17:52:03,223.483,223.493,223.483,223.493,20.0
2024-10-07 17:52:05,223.493,223.504,223.493,223.504,30.000000000000004
2024-10-07 17:52:14,223.494,223.494,223.494,223.494,10.0
2024-10-07 17:52:16,223.504,223.504,223.494,223.504,50.0
2024-10-07 17:52:17,223.504,223.504,223.504,223.504,10.0
2024-10-07 17:52:19,223.514,223.514,223.514,223.514,10.0
2024-10-07 17:52:20,223.503,223.514,223.503,223.514,40.0
2024-10-07 17:52:21,223.504,223.504,223.504,223.504,20.0
2024-10-07 17:52:22,223.504,223.504,223.504,223.504,10.0
2024-10-07 17:52:24,223.503,223.503,223.483,223.483,30.000000000000004
2024-10-07 17:52:26,223.483,223.483,223.483,223.483,20.0
2024-10-07 17:52:29,223.493,223.494,223.493,223.493,30.000000000000004
2024-10-07 17:52:33,223.494,223.494,223.494,223.494,10.0
2024-10-07 17:52:35,223.494,223.503,223.494,223.503,20.0
2024-10-07 17:52:38,223.534,223.534,223.534,223.534,10.0
2024-10-07 17:52:39,223.533,223.533,223.533,223.533,10.0
2024-10-07 17:52:41,223.533,223.533,223.533,223.533,10.0
2024-10-07 17:52:47,223.543,223.543,223.543,223.543,10.0
2024-10-07 17:52:48,223.543,223.543,223.543,223.543,10.0
2024-10-07 17:52:57,223.564,223.564,223.564,223.564,10.0
2024-10-07 17:52:58,223.563,223.563,223.563,223.563,10.0
2024-10-07 17:53:00,223.554,223.564,223.554,223.564,20.0
2024-10-07 17:53:02,223.554,223.554,223.554,223.554,10.0
2024-10-07 17:53:03,223.564,223.573,223.564,223.573,20.0
2024-10-07 17:53:04,223.593,223.593,223.593,223.593,10.0
2024-10-07 17:53:06,223.603,223.623,223.603,223.623,40.0
2024-10-07 17:53:10,223.624,223.624,223.624,223.624,10.0
2024-10-07 17:53:11,223.624,223.624,223.624,223.624,10.0
2024-10-07 17:53:12,223.634,223.634,223.634,223.634,10.0
2024-10-07 17:53:14,223.623,223.623,223.623,223.623,10.0
2024-10-07 17:53:15,223.624,223.634,223.614,223.634,50.0
2024-10-07 17:53:16,223.633,223.633,223.633,223.633,10.0
2024-10-07 17:53:18,223.623,223.623,223.614,223.614,20.0
2024-10-07 17:53:20,223.604,223.604,223.604,223.604,10.0
2024-10-07 17:53:21,223.593,223.593,223.593,223.593,10.0
2024-10-07 17:53:22,223.583,223.583,223.583,223.583,10.0
2024-10-07 17:53:24,223.583,223.583,223.573,223.573,20.0
2024-10-07 17:53:27,223.564,223.574,223.564,223.574,20.0
2024-10-07 17:53:28,223.573,223.603,223.573,223.603,20.0
2024-10-07 17:53:29,223.604,223.604,223.604,223.604,10.0
2024-10-07 17:53:32,223.593,223.593,223.593,223.593,10.0
2024-10-07 17:53:33,223.594,223.594,223.594,223.594,10.0
2024-10-07 17:53:36,223.593,223.593,223.593,223.593,10.0
2024-10-07 17:53:37,223.603,223.604,223.603,223.604,30.000000000000004
2024-10-07 17:53:39,223.594,223.594,223.594,223.594,10.0
2024-10-07 17:53:42,223.583,223.604,223.583,223.604,20.0
2024-10-07 17:53:43,223.583,223.583,223.583,223.583,10.0
2024-10-07 17:53:44,223.604,223.604,223.604,223.604,10.0
2024-10-07 17:53:46,223.604,223.604,223.604,223.604,10.0
2024-10-07 17:53:50,223.624,223.634,223.624,223.634,20.0
2024-10-07 17:53:52,223.634,223.663,223.634,223.663,20.0
2024-10-07 17:53:53,223.663,223.663,223.663,223.663,10.0
2024-10-07 17:53:54,223.663,223.663,223.663,223.663,20.0
2024-10-07 17:53:55,223.644,223.644,223.644,223.644,10.0
2024-10-07 17:53:57,223.663,223.663,223.643,223.643,40.0
2024-10-07 17:54:00,223.644,223.644,223.644,223.644,10.0
2024-10-07 17:54:01,223.634,223.634,223.624,223.624,30.000000000000004
2024-10-07 17:54:02,223.613,223.613,223.613,223.613,20.0
2024-10-07 17:54:05,223.613,223.613,223.613,223.613,10.0
2024-10-07 17:54:08,223.614,223.614,223.614,223.614,10.0
2024-10-07 17:54:09,223.624,223.634,223.624,223.633,40.0
2024-10-07 17:54:10,223.643,223.643,223.643,223.643,10.0
2024-10-07 17:54:12,223.643,223.643,223.643,223.643,10.0
2024-10-07 17:54:13,223.663,223.674,223.663,223.674,40.0
2024-10-07 17:54:14,223.684,223.694,223.663,223.663,60.0
2024-10-07 17:54:15,223.674,223.674,223.674,223.674,10.0
2024-10-07 17:54:16,223.673,223.684,223.673,223.684,20.0
2024-10-07 17:54:18,223.684,223.684,223.684,223.684,10.0
2024-10-07 17:54:19,223.683,223.693,223.683,223.693,20.0
2024-10-07 17:54:20,223.683,223.693,223.683,223.693,40.0
2024-10-07 17:54:21,223.684,223.684,223.683,223.684,30.000000000000004
2024-10-07 17:54:22,223.684,223.704,223.684,223.704,30.000000000000004
2024-10-07 17:54:23,223.693,223.703,223.683,223.703,60.0
2024-10-07 17:54:25,223.703,223.704,223.703,223.704,40.0
2024-10-07 17:54:26,223.703,223.703,223.703,223.703,20.0
2024-10-07 17:54:27,223.703,223.703,223.703,223.703,50.0
2024-10-07 17:54:28,223.723,223.734,223.713,223.734,50.0
2024-10-07 17:54:29,223.733,223.733,223.733,223.733,20.0
2024-10-07 17:54:30,223.714,223.723,223.714,223.723,20.0
2024-10-07 17:54:31,223.723,223.723,223.723,223.723,10.0
2024-10-07 17:54:32,223.713,223.713,223.703,223.703,20.0
2024-10-07 17:54:33,223.714,223.714,223.714,223.714,10.0
2024-10-07 17:54:34,223.723,223.723,223.723,223.723,10.0
2024-10-07 17:54:35,223.753,223.753,223.753,223.753,10.0
2024-10-07 17:54:36,223.753,223.764,223.753,223.764,30.000000000000004
2024-10-07 17:54:37,223.763,223.763,223.763,223.763,30.000000000000004
2024-10-07 17:54:38,223.764,223.764,223.763,223.763,20.0
2024-10-07 17:54:40,223.763,223.784,223.763,223.773,40.0
2024-10-07 17:54:43,223.773,223.773,223.773,223.773,10.0
2024-10-07 17:54:44,223.763,223.763,223.763,223.763,10.0
2024-10-07 17:54:45,223.754,223.764,223.754,223.764,20.0
2024-10-07 17:54:48,223.734,223.744,223.734,223.744,20.0
2024-10-07 17:54:49,223.743,223.764,223.734,223.764,30.000000000000004
2024-10-07 17:54:54,223.763,223.763,223.763,223.763,10.0
2024-10-07 17:54:55,223.753,223.764,223.753,223.764,50.0
2024-10-07 17:54:56,223.753,223.763,223.753,223.763,20.0
2024-10-07 17:54:57,223.753,223.763,223.753,223.763,20.0
2024-10-07 17:54:58,223.774,223.774,223.774,223.774,10.0
2024-10-07 17:55:00,223.764,223.764,223.764,223.764,10.0
2024-10-07 17:55:01,223.763,223.763,223.763,223.763,10.0
2024-10-07 17:55:02,223.763,223.763,223.724,223.724,30.000000000000004
2024-10-07 17:55:05,223.724,223.724,223.723,223.723,20.0
2024-10-07 17:55:06,223.703,223.703,223.703,223.703,10.0
2024-10-07 17:55:07,223.703,223.703,223.703,223.703,10.0
2024-10-07 17:55:08,223.704,223.704,223.704,223.704,10.0
2024-10-07 17:55:09,223.704,223.704,223.704,223.704,10.0
2024-10-07 17:55:10,223.704,223.704,223.693,223.693,30.000000000000004
2024-10-07 17:55:11,223.684,223.694,223.684,223.693,30.000000000000004
2024-10-07 17:55:12,223.684,223.693,223.683,223.693,30.000000000000004
2024-10-07 17:55:13,223.684,223.684,223.664,223.673,30.000000000000004
2024-10-07 17:55:14,223.683,223.683,223.683,223.683,10.0
2024-10-07 17:55:15,223.694,223.694,223.694,223.694,10.0
2024-10-07 17:55:17,223.694,223.713,223.694,223.713,30.000000000000004
2024-10-07 17:55:18,223.713,223.713,223.713,223.713,10.0
2024-10-07 17:55:19,223.723,223.723,223.723,223.723,10.0
2024-10-07 17:55:21,223.714,223.714,223.714,223.714,10.0
2024-10-07 17:55:23,223.724,223.724,223.724,223.724,10.0
2024-10-07 17:55:27,223.724,223.724,223.724,223.724,10.0
2024-10-07 17:55:34,223.724,223.724,223.724,223.724,10.0
2024-10-07 17:55:37,223.723,223.723,223.703,223.714,30.000000000000004
2024-10-07 17:55:41,223.703,223.703,223.703,223.703,10.0
2024-10-07 17:55:45,223.723,223.723,223.723,223.723,10.0
2024-10-07 17:55:50,223.734,223.734,223.733,223.733,20.0
2024-10-07 17:55:51,223.734,223.734,223.734,223.734,10.0
2024-10-07 17:55:54,223.734,223.734,223.734,223.734,10.0
2024-10-07 17:55:55,223.733,223.733,223.733,223.733,10.0
2024-10-07 17:55:56,223.743,223.743,223.743,223.743,10.0
2024-10-07 17:55:57,223.743,223.753,223.743,223.744,30.000000000000004
2024-10-07 17:55:58,223.723,223.734,223.723,223.734,30.000000000000004
2024-10-07 17:55:59,223.743,223.743,223.743,223.743,10.0
2024-10-07 17:56:02,223.743,223.743,223.743,223.743,10.0
2024-10-07 17:56:03,223.763,223.763,223.763,223.763,10.0
2024-10-07 17:56:07,223.784,223.784,223.784,223.784,10.0
2024-10-07 17:56:09,223.764,223.764,223.764,223.764,20.0
2024-10-07 17:56:11,223.764,223.773,223.764,223.773,20.0
2024-10-07 17:56:15,223.784,223.784,223.784,223.784,10.0
2024-10-07 17:56:16,223.784,223.784,223.784,223.784,10.0
2024-10-07 17:56:23,223.773,223.783,223.773,223.783,20.0
2024-10-07 17:56:25,223.774,223.774,223.774,223.774,10.0
2024-10-07 17:56:28,223.753,223.754,223.753,223.754,20.0
2024-10-07 17:56:30,223.763,223.763,223.743,223.743,30.000000000000004
2024-10-07 17:56:32,223.733,223.733,223.733,223.733,10.0
2024-10-07 17:56:34,223.733,223.733,223.733,223.733,10.0
2024-10-07 17:56:35,223.713,223.713,223.713,223.713,10.0
2024-10-07 17:56:36,223.713,223.714,223.713,223.714,20.0
2024-10-07 17:56:37,223.703,223.704,223.703,223.704,20.0
2024-10-07 17:56:38,223.723,223.723,223.723,223.723,10.0
2024-10-07 17:56:39,223.723,223.723,223.723,223.723,10.0
2024-10-07 17:56:40,223.723,223.723,223.723,223.723,10.0
2024-10-07 17:56:41,223.723,223.723,223.723,223.723,10.0
2024-10-07 17:56:42,223.734,223.734,223.734,223.734,10.0
2024-10-07 17:56:43,223.723,223.723,223.723,223.723,10.0
2024-10-07 17:56:45,223.733,223.733,223.733,223.733,10.0
2024-10-07 17:56:46,223.713,223.713,223.713,223.713,10.0
2024-10-07 17:56:47,223.704,223.713,223.704,223.713,20.0
2024-10-07 17:56:48,223.714,223.714,223.714,223.714,10.0
2024-10-07 17:56:49,223.714,223.714,223.714,223.714,10.0
2024-10-07 17:56:53,223.704,223.704,223.704,223.704,20.0
2024-10-07 17:56:55,223.713,223.713,223.713,223.713,10.0
2024-10-07 17:56:56,223.723,223.723,223.723,223.723,10.0
2024-10-07 17:56:58,223.713,223.724,223.713,223.724,20.0
2024-10-07 17:56:59,223.713,223.713,223.713,223.713,10.0
2024-10-07 17:57:02,223.704,223.704,223.704,223.704,10.0
2024-10-07 17:57:22,223.714,223.714,223.714,223.714,10.0
2024-10-07 17:57:26,223.704,223.704,223.663,223.674,50.0
2024-10-07 17:57:27,223.664,223.664,223.664,223.664,10.0
2024-10-07 17:57:28,223.683,223.684,223.673,223.674,40.0
2024-10-07 17:57:29,223.683,223.683,223.683,223.683,10.0
2024-10-07 17:57:31,223.674,223.683,223.673,223.673,30.000000000000004
2024-10-07 17:57:33,223.684,223.684,223.684,223.684,10.0
2024-10-07 17:57:35,223.683,223.684,223.683,223.684,20.0
2024-10-07 17:57:38,223.694,223.694,223.694,223.694,10.0
2024-10-07 17:57:39,223.693,223.693,223.693,223.693,10.0
2024-10-07 17:57:40,223.693,223.704,223.693,223.704,20.0
2024-10-07 17:57:41,223.693,223.693,223.693,223.693,10.0
2024-10-07 17:57:48,223.704,223.714,223.704,223.714,30.000000000000004
2024-10-07 17:57:50,223.724,223.724,223.724,223.724,10.0
2024-10-07 17:57:51,223.724,223.724,223.724,223.724,10.0
2024-10-07 17:57:56,223.724,223.724,223.724,223.724,10.0
2024-10-07 17:57:59,223.743,223.743,223.734,223.734,30.000000000000004
2024-10-07 17:58:00,223.744,223.744,223.744,223.744,10.0
2024-10-07 17:58:03,223.723,223.723,223.723,223.723,10.0
2024-10-07 17:58:06,223.713,223.713,223.713,223.713,10.0
2024-10-07 17:58:08,223.703,223.703,223.703,223.703,10.0
2024-10-07 17:58:10,223.714,223.714,223.714,223.714,10.0
2024-10-07 17:58:15,223.703,223.714,223.703,223.714,20.0
2024-10-07 17:58:21,223.723,223.723,223.723,223.723,10.0
2024-10-07 17:58:22,223.723,223.723,223.723,223.723,10.0
2024-10-07 17:58:26,223.733,223.744,223.733,223.744,20.0
2024-10-07 17:58:27,223.734,223.743,223.734,223.743,20.0
2024-10-07 17:58:29,223.743,223.743,223.743,223.743,10.0
2024-10-07 17:58:32,223.754,223.754,223.754,223.754,20.0
2024-10-07 17:58:33,223.764,223.764,223.764,223.764,10.0
2024-10-07 17:58:34,223.764,223.764,223.764,223.764,10.0
2024-10-07 17:58:37,223.773,223.773,223.773,223.773,10.0
2024-10-07 17:58:39,223.763,223.773,223.763,223.773,20.0
2024-10-07 17:58:42,223.763,223.763,223.763,223.763,10.0
2024-10-07 17:58:45,223.743,223.743,223.743,223.743,20.0
2024-10-07 17:58:46,223.734,223.753,223.734,223.753,30.000000000000004
2024-10-07 17:58:47,223.744,223.753,223.743,223.743,30.000000000000004
2024-10-07 17:58:48,223.743,223.743,223.734,223.734,20.0
2024-10-07 17:58:49,223.724,223.733,223.723,223.733,30.000000000000004
2024-10-07 17:58:50,223.733,223.733,223.733,223.733,10.0
2024-10-07 17:58:52,223.734,223.734,223.734,223.734,10.0
2024-10-07 17:58:54,223.744,223.763,223.744,223.763,30.000000000000004
2024-10-07 17:58:55,223.773,223.774,223.763,223.773,40.0
2024-10-07 17:58:56,223.773,223.774,223.764,223.774,40.0
2024-10-07 17:58:57,223.763,223.774,223.763,223.774,50.0
2024-10-07 17:58:58,223.774,223.774,223.774,223.774,10.0
2024-10-07 17:58:59,223.763,223.774,223.763,223.774,20.0
2024-10-07 17:59:00,223.763,223.774,223.763,223.774,20.0
2024-10-07 17:59:01,223.784,223.794,223.784,223.794,20.0
2024-10-07 17:59:02,223.783,223.793,223.783,223.793,30.000000000000004
2024-10-07 17:59:04,223.784,223.794,223.784,223.794,50.0
2024-10-07 17:59:11,223.814,223.814,223.814,223.814,10.0
2024-10-07 17:59:12,223.824,223.844,223.824,223.844,30.000000000000004
2024-10-07 17:59:13,223.843,223.843,223.843,223.843,10.0
2024-10-07 17:59:21,223.844,223.854,223.844,223.854,20.0
2024-10-07 17:59:22,223.863,223.874,223.863,223.873,30.000000000000004
2024-10-07 17:59:23,223.884,223.884,223.884,223.884,10.0
2024-10-07 17:59:24,223.863,223.873,223.853,223.853,40.0
2024-10-07 17:59:32,223.863,223.863,223.863,223.863,10.0
2024-10-07 17:59:34,223.854,223.854,223.854,223.854,10.0
2024-10-07 17:59:35,223.854,223.854,223.854,223.854,10.0
2024-10-07 17:59:37,223.864,223.864,223.864,223.864,10.0
2024-10-07 17:59:38,223.874,223.874,223.874,223.874,10.0
2024-10-07 17:59:43,223.884,223.884,223.873,223.873,20.0
2024-10-07 17:59:44,223.863,223.863,223.834,223.834,20.0
2024-10-07 17:59:45,223.844,223.844,223.844,223.844,10.0
2024-10-07 17:59:46,223.854,223.854,223.853,223.853,20.0
2024-10-07 17:59:49,223.844,223.844,223.844,223.844,10.0
2024-10-07 17:59:52,223.854,223.854,223.854,223.854,10.0
2024-10-07 17:59:55,223.863,223.863,223.863,223.863,10.0
2024-10-07 17:59:57,223.864,223.874,223.864,223.874,20.0
2024-10-07 18:00:00,223.873,223.873,223.873,223.873,10.0
2024-10-07 18:00:01,223.884,223.884,223.883,223.883,20.0
2024-10-07 18:00:02,223.884,223.893,223.884,223.893,20.0
2024-10-07 18:00:03,223.884,223.884,223.864,223.864,40.0
2024-10-07 18:00:04,223.874,223.883,223.874,223.883,20.0
2024-10-07 18:00:06,223.884,223.884,223.884,223.884,10.0
2024-10-07 18:00:07,223.884,223.884,223.884,223.884,10.0
2024-10-07 18:00:08,223.884,223.893,223.884,223.893,20.0
2024-10-07 18:00:09,223.904,223.904,223.904,223.904,10.0
2024-10-07 18:00:10,223.894,223.894,223.894,223.894,10.0
2024-10-07 18:00:11,223.903,223.913,223.903,223.913,20.0
2024-10-07 18:00:12,223.904,223.904,223.904,223.904,10.0
2024-10-07 18:00:13,223.893,223.904,223.893,223.904,20.0
2024-10-07 18:00:15,223.904,223.914,223.904,223.914,20.0
2024-10-07 18:00:17,223.904,223.913,223.904,223.913,20.0
2024-10-07 18:00:18,223.913,223.924,223.913,223.923,40.0
2024-10-07 18:00:19,223.913,223.913,223.913,223.913,10.0
2024-10-07 18:00:20,223.924,223.924,223.924,223.924,10.0
2024-10-07 18:00:21,223.924,223.924,223.923,223.923,20.0
2024-10-07 18:00:22,223.923,223.933,223.923,223.933,20.0
2024-10-07 18:00:23,223.934,223.944,223.934,223.944,20.0
2024-10-07 18:00:24,223.923,223.934,223.923,223.934,20.0
2024-10-07 18:00:26,223.924,223.924,223.903,223.914,30.000000000000004
2024-10-07 18:00:27,223.903,223.903,223.903,223.903,10.0
2024-10-07 18:00:28,223.884,223.893,223.874,223.893,40.0
2024-10-07 18:00:29,223.883,223.884,223.873,223.883,50.0
2024-10-07 18:00:31,223.863,223.863,223.863,223.863,10.0
2024-10-07 18:00:33,223.853,223.864,223.853,223.864,20.0
2024-10-07 18:00:34,223.854,223.854,223.854,223.854,10.0
2024-10-07 18:00:35,223.844,223.854,223.833,223.833,40.0
2024-10-07 18:00:36,223.844,223.853,223.844,223.853,20.0
2024-10-07 18:00:37,223.864,223.864,223.863,223.863,20.0
2024-10-07 18:00:39,223.854,223.864,223.854,223.863,40.0
2024-10-07 18:00:41,223.854,223.854,223.854,223.854,10.0
2024-10-07 18:00:42,223.844,223.844,223.844,223.844,10.0
2024-10-07 18:00:43,223.854,223.854,223.843,223.854,30.000000000000004
2024-10-07 18:00:46,223.863,223.863,223.843,223.843,30.000000000000004
2024-10-07 18:00:47,223.853,223.853,223.853,223.853,10.0
2024-10-07 18:00:48,223.853,223.854,223.853,223.854,20.0
2024-10-07 18:00:50,223.863,223.864,223.863,223.864,20.0
2024-10-07 18:00:51,223.854,223.854,223.853,223.853,30.000000000000004
2024-10-07 18:00:54,223.863,223.863,223.863,223.863,10.0
2024-10-07 18:00:56,223.864,223.864,223.864,223.864,20.0
2024-10-07 18:00:57,223.844,223.844,223.824,223.833,30.000000000000004
2024-10-07 18:00:58,223.844,223.844,223.844,223.844,10.0
2024-10-07 18:01:00,223.834,223.834,223.834,223.834,20.0
2024-10-07 18:01:01,223.834,223.834,223.823,223.824,50.0
2024-10-07 18:01:05,223.844,223.854,223.844,223.854,20.0
2024-10-07 18:01:07,223.863,223.873,223.863,223.873,20.0
2024-10-07 18:01:08,223.863,223.874,223.863,223.874,50.0
2024-10-07 18:01:09,223.864,223.864,223.854,223.854,40.0
2024-10-07 18:01:10,223.864,223.864,223.864,223.864,10.0
2024-10-07 18:01:11,223.853,223.853,223.843,223.843,20.0
2024-10-07 18:01:12,223.843,223.843,223.843,223.843,10.0
2024-10-07 18:01:14,223.813,223.814,223.803,223.814,30.000000000000004
2024-10-07 18:01:15,223.803,223.814,223.803,223.813,30.000000000000004
2024-10-07 18:01:16,223.813,223.834,223.813,223.834,30.000000000000004
2024-10-07 18:01:17,223.833,223.834,223.833,223.834,20.0
2024-10-07 18:01:18,223.844,223.844,223.833,223.833,30.000000000000004
2024-10-07 18:01:19,223.823,223.824,223.823,223.824,40.0
2024-10-07 18:01:20,223.824,223.824,223.824,223.824,20.0
2024-10-07 18:01:21,223.823,223.824,223.823,223.823,40.0
2024-10-07 18:01:23,223.814,223.814,223.814,223.814,10.0
2024-10-07 18:01:24,223.813,223.813,223.813,223.813,10.0
2024-10-07 18:01:25,223.814,223.814,223.803,223.813,50.0
2024-10-07 18:01:26,223.814,223.814,223.814,223.814,10.0
2024-10-07 18:01:27,223.794,223.794,223.794,223.794,10.0
2024-10-07 18:01:29,223.803,223.803,223.803,223.803,10.0
2024-10-07 18:01:30,223.793,223.804,223.793,223.804,20.0
2024-10-07 18:01:31,223.794,223.804,223.794,223.804,20.0
2024-10-07 18:01:35,223.793,223.803,223.793,223.793,30.000000000000004
2024-10-07 18:01:36,223.753,223.773,223.753,223.773,30.000000000000004
2024-10-07 18:01:37,223.794,223.794,223.794,223.794,10.0
2024-10-07 18:01:38,223.793,223.793,223.793,223.793,10.0
2024-10-07 18:01:40,223.793,223.793,223.793,223.793,10.0
2024-10-07 18:01:42,223.793,223.793,223.773,223.773,20.0
2024-10-07 18:01:43,223.763,223.774,223.763,223.774,20.0
2024-10-07 18:01:44,223.773,223.773,223.773,223.773,10.0
2024-10-07 18:01:45,223.764,223.773,223.744,223.753,40.0
2024-10-07 18:01:46,223.743,223.753,223.743,223.753,20.0
2024-10-07 18:01:48,223.763,223.774,223.763,223.774,20.0
2024-10-07 18:01:49,223.773,223.784,223.773,223.784,20.0
2024-10-07 18:01:51,223.784,223.784,223.784,223.784,10.0
2024-10-07 18:01:54,223.783,223.783,223.783,223.783,10.0
2024-10-07 18:01:55,223.794,223.794,223.794,223.794,10.0
2024-10-07 18:01:56,223.803,223.803,223.803,223.803,10.0
2024-10-07 18:01:58,223.804,223.804,223.804,223.804,10.0
2024-10-07 18:01:59,223.813,223.814,223.813,223.814,20.0
2024-10-07 18:02:00,223.813,223.813,223.813,223.813,10.0
2024-10-07 18:02:01,223.814,223.814,223.814,223.814,10.0
2024-10-07 18:02:03,223.804,223.814,223.804,223.814,20.0
2024-10-07 18:02:05,223.803,223.824,223.803,223.824,20.0
2024-10-07 18:02:06,223.813,223.813,223.813,223.813,10.0
2024-10-07 18:02:07,223.824,223.824,223.823,223.823,20.0
2024-10-07 18:02:08,223.813,223.813,223.813,223.813,20.0
2024-10-07 18:02:11,223.824,223.834,223.824,223.834,20.0
2024-10-07 18:02:12,223.844,223.853,223.844,223.853,20.0
2024-10-07 18:02:13,223.854,223.854,223.834,223.834,20.0
2024-10-07 18:02:14,223.853,223.853,223.853,223.853,10.0
2024-10-07 18:02:16,223.833,223.833,223.833,223.833,10.0
2024-10-07 18:02:17,223.824,223.824,223.813,223.814,30.000000000000004
2024-10-07 18:02:18,223.823,223.823,223.823,223.823,10.0
2024-10-07 18:02:19,223.794,223.803,223.794,223.803,20.0
2024-10-07 18:02:20,223.804,223.813,223.804,223.813,30.000000000000004
2024-10-07 18:02:21,223.823,223.823,223.823,223.823,10.0
2024-10-07 18:02:25,223.833,223.844,223.833,223.844,40.0
2024-10-07 18:02:26,223.833,223.833,223.833,223.833,10.0
2024-10-07 18:02:27,223.843,223.854,223.843,223.854,20.0
2024-10-07 18:02:28,223.854,223.864,223.854,223.864,20.0
2024-10-07 18:02:29,223.863,223.863,223.853,223.863,30.000000000000004
2024-10-07 18:02:30,223.863,223.863,223.853,223.853,30.000000000000004
2024-10-07 18:02:32,223.843,223.843,223.843,223.843,10.0
2024-10-07 18:02:33,223.854,223.854,223.843,223.854,30.000000000000004
2024-10-07 18:02:34,223.844,223.844,223.833,223.834,30.000000000000004
2024-10-07 18:02:35,223.813,223.833,223.813,223.833,20.0
2024-10-07 18:02:36,223.833,223.834,223.833,223.834,20.0
2024-10-07 18:02:37,223.833,223.833,223.833,223.833,10.0
2024-10-07 18:02:38,223.833,223.833,223.833,223.833,10.0
2024-10-07 18:02:42,223.833,223.834,223.833,223.834,20.0
2024-10-07 18:02:51,223.803,223.824,223.803,223.824,20.0
2024-10-07 18:02:52,223.813,223.834,223.813,223.834,40.0
2024-10-07 18:02:53,223.834,223.834,223.813,223.834,30.000000000000004
2024-10-07 18:02:54,223.833,223.833,223.833,223.833,10.0
2024-10-07 18:02:55,223.823,223.823,223.823,223.823,10.0
2024-10-07 18:02:56,223.793,223.814,223.793,223.814,20.0
2024-10-07 18:02:57,223.794,223.814,223.794,223.814,20.0
2024-10-07 18:02:58,223.793,223.793,223.793,223.793,10.0
2024-10-07 18:02:59,223.783,223.804,223.783,223.804,30.000000000000004
2024-10-07 18:03:00,223.803,223.803,223.793,223.793,20.0
2024-10-07 18:03:01,223.794,223.794,223.794,223.794,10.0
2024-10-07 18:03:02,223.803,223.814,223.803,223.814,20.0
2024-10-07 18:03:03,223.813,223.813,223.813,223.813,10.0
2024-10-07 18:03:04,223.813,223.814,223.813,223.813,30.000000000000004
2024-10-07 18:03:05,223.824,223.824,223.824,223.824,10.0
2024-10-07 18:03:06,223.823,223.824,223.823,223.824,20.0
2024-10-07 18:03:08,223.834,223.844,223.834,223.844,30.000000000000004
2024-10-07 18:03:11,223.834,223.834,223.834,223.834,10.0
2024-10-07 18:03:12,223.824,223.834,223.824,223.834,30.000000000000004
2024-10-07 18:03:14,223.824,223.824,223.824,223.824,10.0
2024-10-07 18:03:20,223.813,223.813,223.813,223.813,10.0
2024-10-07 18:03:23,223.794,223.794,223.784,223.784,20.0
2024-10-07 18:03:24,223.793,223.804,223.793,223.804,30.000000000000004
2024-10-07 18:03:25,223.814,223.814,223.814,223.814,10.0
2024-10-07 18:03:26,223.814,223.814,223.814,223.814,20.0
2024-10-07 18:03:27,223.823,223.823,223.793,223.804,50.0
2024-10-07 18:03:28,223.793,223.793,223.784,223.793,30.000000000000004
2024-10-07 18:03:30,223.794,223.803,223.794,223.803,20.0
2024-10-07 18:03:32,223.813,223.813,223.813,223.813,10.0
2024-10-07 18:03:37,223.813,223.813,223.813,223.813,20.0
2024-10-07 18:03:39,223.823,223.823,223.823,223.823,10.0
2024-10-07 18:03:40,223.813,223.824,223.813,223.824,20.0
2024-10-07 18:03:44,223.814,223.814,223.814,223.814,10.0
2024-10-07 18:03:46,223.813,223.813,223.803,223.803,20.0
2024-10-07 18:03:49,223.804,223.804,223.804,223.804,10.0
2024-10-07 18:03:52,223.794,223.803,223.794,223.803,20.0
2024-10-07 18:03:55,223.803,223.803,223.803,223.803,10.0
2024-10-07 18:03:56,223.793,223.793,223.793,223.793,20.0
2024-10-07 18:03:57,223.783,223.783,223.783,223.783,10.0
2024-10-07 18:03:59,223.804,223.804,223.804,223.804,20.0
2024-10-07 18:04:00,223.784,223.784,223.784,223.784,10.0
2024-10-07 18:04:01,223.783,223.783,223.783,223.783,10.0
2024-10-07 18:04:03,223.783,223.783,223.774,223.774,20.0
2024-10-07 18:04:04,223.764,223.764,223.764,223.764,10.0
2024-10-07 18:04:05,223.764,223.764,223.764,223.764,20.0
2024-10-07 18:04:06,223.744,223.754,223.733,223.754,40.0
2024-10-07 18:04:07,223.753,223.764,223.753,223.764,20.0
2024-10-07 18:04:08,223.773,223.773,223.773,223.773,10.0
2024-10-07 18:04:09,223.784,223.784,223.773,223.773,20.0
2024-10-07 18:04:12,223.773,223.773,223.773,223.773,10.0
2024-10-07 18:04:15,223.784,223.784,223.784,223.784,10.0
2024-10-07 18:04:16,223.783,223.783,223.783,223.783,10.0
2024-10-07 18:04:17,223.793,223.813,223.793,223.813,30.000000000000004
2024-10-07 18:04:18,223.813,223.813,223.813,223.813,10.0
2024-10-07 18:04:19,223.803,223.803,223.803,223.803,20.0
2024-10-07 18:04:20,223.804,223.804,223.804,223.804,10.0
2024-10-07 18:04:29,223.804,223.804,223.793,223.793,20.0
2024-10-07 18:04:30,223.773,223.783,223.773,223.783,20.0
2024-10-07 18:04:43,223.794,223.794,223.794,223.794,10.0
2024-10-07 18:04:45,223.793,223.803,223.793,223.803,20.0
2024-10-07 18:04:47,223.813,223.813,223.813,223.813,10.0
2024-10-07 18:04:48,223.813,223.813,223.813,223.813,10.0
2024-10-07 18:04:49,223.814,223.814,223.804,223.814,40.0
2024-10-07 18:04:50,223.794,223.794,223.733,223.733,50.0
2024-10-07 18:04:51,223.724,223.724,223.683,223.724,60.0
2024-10-07 18:04:52,223.724,223.743,223.724,223.743,30.000000000000004
2024-10-07 18:04:53,223.744,223.744,223.714,223.714,30.000000000000004
2024-10-07 18:04:54,223.704,223.724,223.704,223.724,30.000000000000004
2024-10-07 18:04:55,223.704,223.713,223.703,223.713,30.000000000000004
2024-10-07 18:04:56,223.703,223.703,223.703,223.703,10.0
2024-10-07 18:04:57,223.713,223.714,223.683,223.714,60.0
2024-10-07 18:04:58,223.714,223.714,223.703,223.703,20.0
2024-10-07 18:04:59,223.714,223.714,223.714,223.714,10.0
2024-10-07 18:05:00,223.723,223.723,223.683,223.694,60.0
2024-10-07 18:05:01,223.703,223.703,223.703,223.703,10.0
2024-10-07 18:05:02,223.713,223.713,223.713,223.713,20.0
2024-10-07 18:05:03,223.704,223.704,223.704,223.704,10.0
2024-10-07 18:05:04,223.714,223.724,223.714,223.724,20.0
2024-10-07 18:05:05,223.723,223.733,223.723,223.733,30.000000000000004
2024-10-07 18:05:06,223.723,223.723,223.723,223.723,10.0
2024-10-07 18:05:07,223.713,223.724,223.704,223.704,50.0
2024-10-07 18:05:08,223.713,223.713,223.713,223.713,10.0
2024-10-07 18:05:10,223.724,223.724,223.724,223.724,10.0
2024-10-07 18:05:11,223.713,223.713,223.713,223.713,10.0
2024-10-07 18:05:12,223.723,223.723,223.714,223.714,20.0
2024-10-07 18:05:14,223.734,223.734,223.734,223.734,20.0
2024-10-07 18:05:15,223.723,223.723,223.723,223.723,10.0
2024-10-07 18:05:16,223.733,223.733,223.733,223.733,10.0
2024-10-07 18:05:18,223.734,223.734,223.723,223.723,40.0
2024-10-07 18:05:19,223.733,223.733,223.733,223.733,10.0
2024-10-07 18:05:20,223.733,223.733,223.733,223.733,10.0
2024-10-07 18:05:21,223.723,223.723,223.723,223.723,10.0
2024-10-07 18:05:25,223.743,223.743,223.743,223.743,20.0
2024-10-07 18:05:26,223.743,223.754,223.743,223.754,20.0
2024-10-07 18:05:28,223.743,223.753,223.743,223.753,30.000000000000004
2024-10-07 18:05:30,223.743,223.743,223.743,223.743,10.0
2024-10-07 18:05:31,223.743,223.744,223.743,223.744,20.0
2024-10-07 18:05:32,223.744,223.744,223.743,223.743,20.0
2024-10-07 18:05:33,223.764,223.764,223.764,223.764,10.0
2024-10-07 18:05:34,223.764,223.764,223.764,223.764,10.0
2024-10-07 18:05:35,223.754,223.754,223.754,223.754,10.0
2024-10-07 18:05:36,223.764,223.764,223.764,223.764,10.0
2024-10-07 18:05:38,223.753,223.753,223.753,223.753,10.0
2024-10-07 18:05:40,223.744,223.744,223.733,223.733,30.000000000000004
2024-10-07 18:05:41,223.734,223.734,223.734,223.734,10.0
2024-10-07 18:05:43,223.734,223.734,223.734,223.734,10.0
2024-10-07 18:05:44,223.743,223.743,223.743,223.743,20.0
2024-10-07 18:05:45,223.744,223.744,223.734,223.734,30.000000000000004
2024-10-07 18:05:48,223.733,223.733,223.733,223.733,20.0
2024-10-07 18:05:49,223.733,223.733,223.733,223.733,10.0
2024-10-07 18:05:50,223.723,223.723,223.723,223.723,10.0
2024-10-07 18:05:52,223.723,223.724,223.723,223.724,20.0
2024-10-07 18:05:53,223.724,223.724,223.724,223.724,10.0
2024-10-07 18:05:57,223.724,223.724,223.724,223.724,10.0
2024-10-07 18:05:59,223.703,223.723,223.703,223.723,30.000000000000004
2024-10-07 18:06:00,223.723,223.723,223.723,223.723,10.0
2024-10-07 18:06:01,223.723,223.723,223.723,223.723,10.0
2024-10-07 18:06:02,223.693,223.723,223.693,223.723,30.000000000000004
2024-10-07 18:06:04,223.693,223.693,223.693,223.693,30.000000000000004
2024-10-07 18:06:05,223.694,223.694,223.694,223.694,10.0
2024-10-07 18:06:06,223.683,223.694,223.683,223.693,40.0
2024-10-07 18:06:07,223.693,223.693,223.693,223.693,10.0
2024-10-07 18:06:08,223.694,223.694,223.694,223.694,10.0
2024-10-07 18:06:09,223.674,223.674,223.674,223.674,10.0
2024-10-07 18:06:11,223.694,223.694,223.694,223.694,10.0
2024-10-07 18:06:12,223.694,223.694,223.694,223.694,10.0
2024-10-07 18:06:13,223.674,223.693,223.674,223.693,30.000000000000004
2024-10-07 18:06:15,223.683,223.683,223.654,223.654,30.000000000000004
2024-10-07 18:06:16,223.664,223.664,223.654,223.654,20.0
2024-10-07 18:06:17,223.663,223.663,223.663,223.663,20.0
2024-10-07 18:06:18,223.663,223.663,223.663,223.663,10.0
2024-10-07 18:06:20,223.654,223.654,223.654,223.654,10.0
2024-10-07 18:06:22,223.663,223.663,223.663,223.663,10.0
2024-10-07 18:06:23,223.664,223.664,223.664,223.664,10.0
2024-10-07 18:06:26,223.664,223.664,223.664,223.664,20.0
2024-10-07 18:06:29,223.664,223.664,223.664,223.664,10.0
2024-10-07 18:06:31,223.674,223.674,223.653,223.664,50.0
2024-10-07 18:06:32,223.673,223.673,223.673,223.673,10.0
2024-10-07 18:06:33,223.673,223.683,223.673,223.683,20.0
2024-10-07 18:06:34,223.703,223.704,223.703,223.704,20.0
2024-10-07 18:06:35,223.693,223.693,223.683,223.683,20.0
2024-10-07 18:06:36,223.694,223.694,223.693,223.693,20.0
2024-10-07 18:06:37,223.704,223.704,223.704,223.704,10.0
2024-10-07 18:06:38,223.694,223.704,223.694,223.704,20.0
2024-10-07 18:06:40,223.663,223.673,223.663,223.673,20.0
2024-10-07 18:06:41,223.664,223.674,223.663,223.663,30.000000000000004
2024-10-07 18:06:42,223.673,223.673,223.673,223.673,10.0
2024-10-07 18:06:43,223.694,223.694,223.694,223.694,10.0
2024-10-07 18:06:47,223.683,223.683,223.683,223.683,10.0
2024-10-07 18:06:48,223.673,223.673,223.673,223.673,10.0
2024-10-07 18:06:50,223.674,223.674,223.654,223.654,40.0
2024-10-07 18:06:51,223.653,223.653,223.653,223.653,10.0
2024-10-07 18:06:53,223.643,223.643,223.643,223.643,10.0
2024-10-07 18:06:55,223.654,223.654,223.654,223.654,10.0
2024-10-07 18:06:56,223.674,223.674,223.654,223.654,20.0
2024-10-07 18:06:57,223.633,223.633,223.623,223.623,20.0
2024-10-07 18:06:58,223.634,223.634,223.634,223.634,20.0
2024-10-07 18:06:59,223.644,223.644,223.644,223.644,10.0
2024-10-07 18:07:00,223.643,223.643,223.634,223.634,20.0
2024-10-07 18:07:02,223.634,223.634,223.634,223.634,20.0
2024-10-07 18:07:03,223.623,223.623,223.623,223.623,10.0
2024-10-07 18:07:06,223.614,223.614,223.594,223.594,50.0
2024-10-07 18:07:07,223.594,223.613,223.594,223.613,30.000000000000004
2024-10-07 18:07:08,223.593,223.593,223.584,223.584,30.000000000000004
2024-10-07 18:07:09,223.594,223.594,223.564,223.583,50.0
2024-10-07 18:07:10,223.594,223.594,223.583,223.583,30.000000000000004
2024-10-07 18:07:11,223.593,223.593,223.593,223.593,10.0
2024-10-07 18:07:12,223.594,223.604,223.593,223.604,30.000000000000004
2024-10-07 18:07:13,223.594,223.594,223.594,223.594,20.0
2024-10-07 18:07:14,223.584,223.594,223.584,223.594,20.0
2024-10-07 18:07:16,223.584,223.593,223.584,223.593,20.0
2024-10-07 18:07:19,223.603,223.613,223.603,223.613,20.0
2024-10-07 18:07:20,223.613,223.624,223.613,223.624,20.0
2024-10-07 18:07:23,223.634,223.634,223.634,223.634,10.0
2024-10-07 18:07:27,223.633,223.633,223.633,223.633,10.0
2024-10-07 18:07:29,223.643,223.643,223.643,223.643,20.0
2024-10-07 18:07:32,223.644,223.644,223.644,223.644,10.0
2024-10-07 18:07:43,223.654,223.654,223.654,223.654,10.0
2024-10-07 18:07:44,223.663,223.663,223.663,223.663,20.0
2024-10-07 18:07:45,223.664,223.664,223.664,223.664,10.0
2024-10-07 18:07:46,223.663,223.663,223.663,223.663,10.0
2024-10-07 18:07:47,223.674,223.674,223.674,223.674,20.0
2024-10-07 18:07:48,223.674,223.674,223.664,223.664,20.0
2024-10-07 18:07:49,223.673,223.673,223.673,223.673,10.0
2024-10-07 18:07:52,223.653,223.653,223.653,223.653,10.0
2024-10-07 18:07:56,223.664,223.664,223.664,223.664,10.0
2024-10-07 18:07:57,223.663,223.663,223.663,223.663,20.0
2024-10-07 18:07:59,223.653,223.653,223.653,223.653,10.0
2024-10-07 18:08:00,223.623,223.633,223.614,223.623,40.0
2024-10-07 18:08:01,223.624,223.634,223.624,223.634,20.0
2024-10-07 18:08:04,223.633,223.633,223.633,223.633,10.0
2024-10-07 18:08:05,223.624,223.624,223.624,223.624,10.0
2024-10-07 18:08:08,223.624,223.624,223.623,223.623,20.0
2024-10-07 18:08:09,223.633,223.633,223.633,223.633,10.0
2024-10-07 18:08:10,223.644,223.644,223.644,223.644,10.0
2024-10-07 18:08:11,223.633,223.633,223.633,223.633,10.0
2024-10-07 18:08:12,223.643,223.643,223.614,223.634,30.000000000000004
2024-10-07 18:08:13,223.643,223.643,223.643,223.643,10.0
2024-10-07 18:08:14,223.644,223.644,223.644,223.644,10.0
2024-10-07 18:08:15,223.634,223.634,223.634,223.634,10.0
2024-10-07 18:08:16,223.633,223.633,223.633,223.633,10.0
2024-10-07 18:08:17,223.633,223.633,223.633,223.633,10.0
2024-10-07 18:08:18,223.623,223.623,223.623,223.623,10.0
2024-10-07 18:08:20,223.624,223.624,223.624,223.624,10.0
2024-10-07 18:08:21,223.614,223.614,223.614,223.614,10.0
2024-10-07 18:08:23,223.633,223.633,223.633,223.633,10.0
2024-10-07 18:08:24,223.644,223.644,223.644,223.644,10.0
2024-10-07 18:08:27,223.643,223.643,223.643,223.643,10.0
2024-10-07 18:08:28,223.633,223.633,223.633,223.633,10.0
2024-10-07 18:08:32,223.623,223.623,223.623,223.623,10.0
2024-10-07 18:08:33,223.634,223.634,223.623,223.623,50.0
2024-10-07 18:08:34,223.624,223.624,223.624,223.624,10.0
2024-10-07 18:08:42,223.624,223.624,223.624,223.624,10.0
2024-10-07 18:08:44,223.634,223.634,223.634,223.634,10.0
2024-10-07 18:08:45,223.643,223.653,223.643,223.653,20.0
2024-10-07 18:08:46,223.634,223.634,223.623,223.634,30.000000000000004
2024-10-07 18:08:47,223.653,223.653,223.644,223.644,20.0
2024-10-07 18:08:48,223.644,223.644,223.644,223.644,10.0
2024-10-07 18:08:51,223.633,223.633,223.633,223.633,10.0
2024-10-07 18:08:52,223.644,223.644,223.644,223.644,10.0
2024-10-07 18:08:53,223.624,223.644,223.624,223.644,20.0
2024-10-07 18:08:54,223.623,223.623,223.623,223.623,10.0
2024-10-07 18:08:55,223.634,223.643,223.634,223.643,20.0
2024-10-07 18:08:56,223.633,223.633,223.633,223.633,10.0
2024-10-07 18:09:00,223.624,223.624,223.624,223.624,10.0
2024-10-07 18:09:01,223.613,223.624,223.613,223.613,30.000000000000004
2024-10-07 18:09:04,223.624,223.633,223.624,223.633,20.0
2024-10-07 18:09:09,223.654,223.654,223.654,223.654,10.0
2024-10-07 18:09:10,223.654,223.654,223.654,223.654,10.0
2024-10-07 18:09:11,223.633,223.653,223.633,223.653,20.0
2024-10-07 18:09:12,223.644,223.644,223.644,223.644,10.0
2024-10-07 18:09:14,223.654,223.654,223.654,223.654,10.0
2024-10-07 18:09:19,223.633,223.633,223.633,223.633,10.0
2024-10-07 18:09:20,223.633,223.634,223.614,223.623,40.0
2024-10-07 18:09:21,223.634,223.634,223.624,223.624,20.0
2024-10-07 18:09:24,223.623,223.623,223.623,223.623,10.0
2024-10-07 18:09:25,223.633,223.634,223.633,223.634,30.000000000000004
2024-10-07 18:09:36,223.653,223.653,223.653,223.653,10.0
2024-10-07 18:09:37,223.643,223.643,223.643,223.643,30.000000000000004
2024-10-07 18:09:41,223.633,223.643,223.633,223.643,20.0
2024-10-07 18:09:43,223.633,223.634,223.633,223.634,20.0
2024-10-07 18:09:44,223.634,223.634,223.634,223.634,10.0
2024-10-07 18:09:46,223.634,223.634,223.634,223.634,10.0
2024-10-07 18:09:49,223.634,223.634,223.634,223.634,20.0
2024-10-07 18:09:52,223.624,223.633,223.624,223.633,30.000000000000004
2024-10-07 18:09:53,223.623,223.634,223.623,223.624,30.000000000000004
2024-10-07 18:09:54,223.624,223.624,223.624,223.624,10.0
2024-10-07 18:09:56,223.633,223.633,223.633,223.633,10.0
2024-10-07 18:09:57,223.634,223.634,223.634,223.634,10.0
2024-10-07 18:10:02,223.614,223.614,223.614,223.614,10.0
2024-10-07 18:10:04,223.603,223.603,223.593,223.593,50.0
2024-10-07 18:10:05,223.593,223.594,223.593,223.594,20.0
2024-10-07 18:10:06,223.594,223.594,223.594,223.594,10.0
2024-10-07 18:10:07,223.593,223.593,223.593,223.593,10.0
2024-10-07 18:10:08,223.563,223.563,223.563,223.563,10.0
2024-10-07 18:10:09,223.574,223.574,223.573,223.573,20.0
2024-10-07 18:10:10,223.594,223.594,223.583,223.583,40.0
2024-10-07 18:10:11,223.584,223.604,223.584,223.604,40.0
2024-10-07 18:10:13,223.614,223.614,223.603,223.603,30.000000000000004
2024-10-07 18:10:15,223.593,223.594,223.583,223.593,40.0
2024-10-07 18:10:16,223.593,223.593,223.593,223.593,10.0
2024-10-07 18:10:18,223.573,223.573,223.573,223.573,10.0
2024-10-07 18:10:21,223.583,223.593,223.583,223.593,30.000000000000004
2024-10-07 18:10:22,223.603,223.604,223.603,223.603,40.0
2024-10-07 18:10:23,223.594,223.594,223.594,223.594,10.0
2024-10-07 18:10:28,223.613,223.613,223.584,223.584,50.0
2024-10-07 18:10:29,223.594,223.594,223.594,223.594,10.0
2024-10-07 18:10:30,223.594,223.594,223.584,223.593,30.000000000000004
2024-10-07 18:10:31,223.594,223.594,223.594,223.594,10.0
2024-10-07 18:10:32,223.603,223.603,223.603,223.603,10.0
2024-10-07 18:10:33,223.613,223.614,223.603,223.614,40.0
2024-10-07 18:10:34,223.603,223.603,223.603,223.603,10.0
2024-10-07 18:10:37,223.593,223.603,223.593,223.603,20.0
2024-10-07 18:10:38,223.603,223.603,223.594,223.594,20.0
2024-10-07 18:10:40,223.603,223.603,223.603,223.603,10.0
2024-10-07 18:10:41,223.594,223.594,223.594,223.594,10.0
2024-10-07 18:10:43,223.583,223.583,223.583,223.583,10.0
2024-10-07 18:10:44,223.583,223.594,223.583,223.594,30.000000000000004
2024-10-07 18:10:48,223.603,223.603,223.603,223.603,10.0
2024-10-07 18:10:49,223.604,223.604,223.594,223.594,20.0
2024-10-07 18:10:50,223.584,223.593,223.584,223.593,20.0
2024-10-07 18:10:52,223.573,223.573,223.573,223.573,10.0
2024-10-07 18:10:56,223.604,223.604,223.593,223.593,30.000000000000004
2024-10-07 18:10:57,223.594,223.603,223.594,223.603,20.0
2024-10-07 18:10:58,223.594,223.604,223.593,223.604,40.0
2024-10-07 18:10:59,223.604,223.604,223.604,223.604,10.0
2024-10-07 18:11:01,223.593,223.594,223.583,223.594,40.0
2024-10-07 18:11:02,223.594,223.604,223.594,223.604,20.0
2024-10-07 18:11:03,223.593,223.603,223.584,223.584,30.000000000000004
2024-10-07 18:11:04,223.594,223.594,223.594,223.594,10.0
2024-10-07 18:11:05,223.593,223.593,223.593,223.593,10.0
2024-10-07 18:11:09,223.603,223.603,223.603,223.603,10.0
2024-10-07 18:11:15,223.594,223.594,223.594,223.594,10.0
2024-10-07 18:11:16,223.603,223.603,223.603,223.603,10.0
2024-10-07 18:11:18,223.584,223.584,223.584,223.584,10.0
2024-10-07 18:11:20,223.573,223.573,223.573,223.573,10.0
2024-10-07 18:11:21,223.584,223.584,223.584,223.584,10.0
2024-10-07 18:11:25,223.564,223.574,223.564,223.574,20.0
2024-10-07 18:11:26,223.563,223.563,223.563,223.563,10.0
2024-10-07 18:11:29,223.574,223.604,223.574,223.604,20.0
2024-10-07 18:11:31,223.613,223.623,223.613,223.623,30.000000000000004
2024-10-07 18:11:32,223.634,223.634,223.633,223.633,20.0
2024-10-07 18:11:34,223.643,223.663,223.643,223.663,20.0
2024-10-07 18:11:35,223.664,223.664,223.664,223.664,20.0
2024-10-07 18:11:36,223.664,223.664,223.664,223.664,10.0
2024-10-07 18:11:40,223.704,223.704,223.703,223.703,20.0
2024-10-07 18:11:42,223.704,223.704,223.704,223.704,10.0
2024-10-07 18:11:43,223.704,223.704,223.704,223.704,10.0
2024-10-07 18:11:45,223.724,223.733,223.723,223.733,30.000000000000004
2024-10-07 18:11:46,223.723,223.733,223.723,223.733,20.0
2024-10-07 18:11:47,223.704,223.704,223.694,223.703,30.000000000000004
2024-10-07 18:11:49,223.684,223.693,223.684,223.693,20.0
2024-10-07 18:11:50,223.703,223.703,223.703,223.703,10.0
2024-10-07 18:11:52,223.704,223.704,223.704,223.704,10.0
2024-10-07 18:11:55,223.693,223.693,223.693,223.693,10.0
2024-10-07 18:12:03,223.714,223.714,223.714,223.714,20.0
2024-10-07 18:12:04,223.723,223.723,223.713,223.713,20.0
2024-10-07 18:12:05,223.713,223.713,223.713,223.713,20.0
2024-10-07 18:12:06,223.714,223.714,223.683,223.683,30.000000000000004
2024-10-07 18:12:07,223.694,223.694,223.694,223.694,10.0
2024-10-07 18:12:08,223.684,223.694,223.684,223.694,20.0
2024-10-07 18:12:11,223.694,223.713,223.694,223.713,20.0
2024-10-07 18:12:14,223.723,223.723,223.723,223.723,10.0
2024-10-07 18:12:15,223.724,223.724,223.713,223.723,30.000000000000004
2024-10-07 18:12:16,223.713,223.714,223.713,223.714,20.0
2024-10-07 18:12:17,223.713,223.713,223.713,223.713,10.0
2024-10-07 18:12:18,223.723,223.723,223.723,223.723,10.0
2024-10-07 18:12:20,223.713,223.713,223.713,223.713,10.0
2024-10-07 18:12:21,223.703,223.704,223.703,223.704,20.0
2024-10-07 18:12:22,223.713,223.713,223.713,223.713,10.0
2024-10-07 18:12:23,223.693,223.693,223.693,223.693,10.0
2024-10-07 18:12:25,223.694,223.694,223.694,223.694,10.0
2024-10-07 18:12:26,223.714,223.714,223.714,223.714,10.0
2024-10-07 18:12:27,223.704,223.704,223.704,223.704,10.0
2024-10-07 18:12:29,223.693,223.724,223.693,223.724,40.0
2024-10-07 18:12:30,223.723,223.753,223.723,223.753,40.0
2024-10-07 18:12:31,223.763,223.763,223.763,223.763,10.0
2024-10-07 18:12:32,223.753,223.763,223.753,223.763,20.0
2024-10-07 18:12:36,223.754,223.764,223.754,223.764,20.0
2024-10-07 18:12:39,223.764,223.764,223.764,223.764,10.0
2024-10-07 18:12:40,223.773,223.774,223.773,223.774,20.0
2024-10-07 18:12:41,223.773,223.773,223.773,223.773,10.0
2024-10-07 18:12:42,223.754,223.754,223.744,223.744,20.0
2024-10-07 18:12:43,223.734,223.743,223.734,223.743,30.000000000000004
2024-10-07 18:12:44,223.743,223.743,223.743,223.743,10.0
2024-10-07 18:12:47,223.733,223.733,223.733,223.733,10.0
2024-10-07 18:12:48,223.763,223.763,223.744,223.754,40.0
2024-10-07 18:12:49,223.764,223.764,223.764,223.764,10.0
2024-10-07 18:12:50,223.764,223.764,223.763,223.763,20.0
2024-10-07 18:12:53,223.754,223.754,223.754,223.754,10.0
2024-10-07 18:12:54,223.744,223.754,223.744,223.754,20.0
2024-10-07 18:12:56,223.723,223.723,223.723,223.723,10.0
2024-10-07 18:13:00,223.734,223.734,223.734,223.734,10.0
2024-10-07 18:13:01,223.724,223.724,223.724,223.724,10.0
2024-10-07 18:13:02,223.733,223.733,223.724,223.724,20.0
2024-10-07 18:13:03,223.723,223.723,223.723,223.723,10.0
2024-10-07 18:13:08,223.713,223.713,223.713,223.713,10.0
2024-10-07 18:13:10,223.744,223.744,223.744,223.744,10.0
2024-10-07 18:13:11,223.733,223.733,223.733,223.733,10.0
2024-10-07 18:13:12,223.733,223.733,223.723,223.723,20.0
2024-10-07 18:13:13,223.733,223.733,223.733,223.733,10.0
2024-10-07 18:13:14,223.724,223.744,223.724,223.744,40.0
2024-10-07 18:13:15,223.733,223.744,223.733,223.744,20.0
2024-10-07 18:13:16,223.733,223.734,223.733,223.734,20.0
2024-10-07 18:13:18,223.733,223.733,223.733,223.733,10.0
2024-10-07 18:13:22,223.753,223.753,223.753,223.753,10.0
2024-10-07 18:13:28,223.753,223.753,223.753,223.753,10.0
2024-10-07 18:13:33,223.763,223.763,223.763,223.763,10.0
2024-10-07 18:13:34,223.753,223.753,223.753,223.753,10.0
2024-10-07 18:13:35,223.754,223.754,223.754,223.754,10.0
2024-10-07 18:13:36,223.753,223.753,223.753,223.753,10.0
2024-10-07 18:13:38,223.763,223.764,223.753,223.753,30.000000000000004
2024-10-07 18:13:42,223.744,223.744,223.744,223.744,10.0
2024-10-07 18:13:47,223.734,223.734,223.734,223.734,10.0
2024-10-07 18:13:50,223.753,223.753,223.753,223.753,10.0
2024-10-07 18:13:51,223.753,223.753,223.753,223.753,10.0
2024-10-07 18:13:53,223.743,223.743,223.743,223.743,10.0
2024-10-07 18:13:55,223.744,223.753,223.744,223.753,20.0
2024-10-07 18:13:57,223.764,223.764,223.733,223.734,60.0
2024-10-07 18:13:58,223.724,223.724,223.724,223.724,10.0
2024-10-07 18:13:59,223.733,223.753,223.733,223.734,50.0
2024-10-07 18:14:00,223.744,223.744,223.744,223.744,10.0
2024-10-07 18:14:01,223.724,223.724,223.724,223.724,10.0
2024-10-07 18:14:02,223.713,223.733,223.713,223.733,20.0
2024-10-07 18:14:04,223.713,223.713,223.713,223.713,10.0
2024-10-07 18:14:05,223.713,223.713,223.713,223.713,10.0
2024-10-07 18:14:09,223.703,223.704,223.693,223.704,40.0
2024-10-07 18:14:11,223.683,223.683,223.683,223.683,10.0
2024-10-07 18:14:14,223.703,223.703,223.694,223.694,20.0
2024-10-07 18:14:15,223.703,223.703,223.703,223.703,20.0
2024-10-07 18:14:17,223.703,223.704,223.703,223.704,20.0
2024-10-07 18:14:19,223.693,223.704,223.693,223.703,30.000000000000004
2024-10-07 18:14:20,223.694,223.703,223.694,223.703,20.0
2024-10-07 18:14:21,223.693,223.703,223.693,223.703,20.0
2024-10-07 18:14:22,223.713,223.714,223.713,223.714,20.0
2024-10-07 18:14:23,223.704,223.713,223.704,223.713,20.0
2024-10-07 18:14:24,223.704,223.714,223.704,223.714,20.0
2024-10-07 18:14:25,223.703,223.703,223.703,223.703,10.0
2024-10-07 18:14:26,223.703,223.703,223.693,223.693,20.0
2024-10-07 18:14:27,223.694,223.694,223.684,223.684,20.0
2024-10-07 18:14:28,223.693,223.693,223.693,223.693,10.0
2024-10-07 18:14:31,223.684,223.694,223.684,223.694,20.0
2024-10-07 18:14:32,223.684,223.684,223.684,223.684,10.0
2024-10-07 18:14:34,223.664,223.674,223.664,223.674,20.0
2024-10-07 18:14:35,223.683,223.693,223.683,223.693,20.0
2024-10-07 18:14:38,223.673,223.673,223.673,223.673,10.0
2024-10-07 18:14:40,223.694,223.694,223.694,223.694,10.0
2024-10-07 18:14:41,223.703,223.703,223.694,223.694,20.0
2024-10-07 18:14:42,223.714,223.714,223.714,223.714,30.000000000000004
2024-10-07 18:14:43,223.703,223.714,223.703,223.714,40.0
2024-10-07 18:14:44,223.713,223.713,223.713,223.713,10.0
2024-10-07 18:14:45,223.714,223.714,223.714,223.714,10.0
2024-10-07 18:14:48,223.704,223.704,223.704,223.704,20.0
2024-10-07 18:14:49,223.704,223.704,223.704,223.704,10.0
2024-10-07 18:14:51,223.704,223.704,223.693,223.693,20.0
2024-10-07 18:14:52,223.694,223.694,223.694,223.694,10.0
2024-10-07 18:15:03,223.674,223.674,223.674,223.674,10.0
2024-10-07 18:15:06,223.663,223.663,223.663,223.663,10.0
2024-10-07 18:15:08,223.653,223.653,223.653,223.653,10.0
2024-10-07 18:15:09,223.683,223.683,223.683,223.683,10.0
2024-10-07 18:15:11,223.674,223.684,223.673,223.683,40.0
2024-10-07 18:15:12,223.673,223.684,223.673,223.674,30.000000000000004
2024-10-07 18:15:13,223.684,223.684,223.684,223.684,10.0
2024-10-07 18:15:14,223.684,223.684,223.684,223.684,10.0
2024-10-07 18:15:15,223.684,223.694,223.683,223.693,40.0
2024-10-07 18:15:16,223.684,223.694,223.683,223.694,40.0
2024-10-07 18:15:17,223.683,223.694,223.683,223.683,30.000000000000004
2024-10-07 18:15:18,223.693,223.693,223.693,223.693,10.0
2024-10-07 18:15:19,223.703,223.703,223.703,223.703,10.0
2024-10-07 18:15:20,223.703,223.703,223.703,223.703,10.0
2024-10-07 18:15:22,223.694,223.703,223.694,223.703,20.0
2024-10-07 18:15:23,223.694,223.704,223.694,223.704,30.000000000000004
2024-10-07 18:15:24,223.693,223.704,223.693,223.704,30.000000000000004
2024-10-07 18:15:27,223.693,223.693,223.684,223.684,20.0
2024-10-07 18:15:28,223.684,223.693,223.684,223.693,20.0
2024-10-07 18:15:29,223.703,223.704,223.703,223.704,30.000000000000004
2024-10-07 18:15:30,223.714,223.714,223.714,223.714,10.0
2024-10-07 18:15:31,223.713,223.713,223.713,223.713,10.0
2024-10-07 18:15:32,223.714,223.714,223.693,223.693,40.0
2024-10-07 18:15:33,223.703,223.713,223.703,223.704,30.000000000000004
2024-10-07 18:15:34,223.703,223.703,223.703,223.703,10.0
2024-10-07 18:15:35,223.714,223.714,223.703,223.703,30.000000000000004
2024-10-07 18:15:36,223.714,223.714,223.714,223.714,10.0
2024-10-07 18:15:41,223.704,223.704,223.704,223.704,10.0
2024-10-07 18:15:46,223.704,223.704,223.703,223.703,20.0
2024-10-07 18:15:47,223.703,223.703,223.703,223.703,10.0
2024-10-07 18:15:49,223.704,223.704,223.704,223.704,10.0
2024-10-07 18:15:52,223.703,223.703,223.703,223.703,10.0
2024-10-07 18:16:01,223.713,223.713,223.713,223.713,10.0
2024-10-07 18:16:02,223.754,223.764,223.754,223.754,30.000000000000004
2024-10-07 18:16:03,223.744,223.753,223.743,223.753,40.0
2024-10-07 18:16:04,223.744,223.753,223.744,223.753,20.0
2024-10-07 18:16:05,223.743,223.754,223.743,223.754,20.0
2024-10-07 18:16:06,223.744,223.744,223.744,223.744,10.0
2024-10-07 18:16:08,223.743,223.743,223.743,223.743,10.0
2024-10-07 18:16:09,223.753,223.753,223.753,223.753,10.0
2024-10-07 18:16:10,223.764,223.764,223.764,223.764,10.0
2024-10-07 18:16:11,223.744,223.744,223.744,223.744,10.0
2024-10-07 18:16:12,223.744,223.744,223.744,223.744,10.0
2024-10-07 18:16:13,223.753,223.753,223.734,223.734,30.000000000000004
2024-10-07 18:16:14,223.743,223.743,223.743,223.743,10.0
2024-10-07 18:16:15,223.723,223.723,223.723,223.723,10.0
2024-10-07 18:16:16,223.714,223.714,223.714,223.714,10.0
2024-10-07 18:16:17,223.724,223.734,223.724,223.734,20.0
2024-10-07 18:16:18,223.733,223.733,223.733,223.733,10.0
2024-10-07 18:16:19,223.713,223.713,223.713,223.713,10.0
2024-10-07 18:16:20,223.723,223.723,223.703,223.703,50.0
2024-10-07 18:16:21,223.723,223.723,223.694,223.713,40.0
2024-10-07 18:16:22,223.714,223.723,223.714,223.723,30.000000000000004
2024-10-07 18:16:23,223.703,223.724,223.703,223.714,50.0
2024-10-07 18:16:24,223.724,223.724,223.724,223.724,10.0
2024-10-07 18:16:25,223.723,223.724,223.713,223.723,40.0
2024-10-07 18:16:26,223.704,223.714,223.704,223.714,20.0
2024-10-07 18:16:29,223.703,223.703,223.703,223.703,10.0
2024-10-07 18:16:32,223.714,223.714,223.714,223.714,10.0
2024-10-07 18:16:34,223.713,223.713,223.713,223.713,10.0
2024-10-07 18:16:36,223.713,223.713,223.713,223.713,10.0
2024-10-07 18:16:40,223.704,223.704,223.693,223.693,20.0
2024-10-07 18:16:43,223.673,223.683,223.673,223.683,20.0
2024-10-07 18:16:45,223.673,223.673,223.673,223.673,10.0
2024-10-07 18:16:47,223.683,223.683,223.683,223.683,10.0
2024-10-07 18:16:50,223.694,223.694,223.694,223.694,10.0
2024-10-07 18:16:51,223.693,223.693,223.693,223.693,20.0
2024-10-07 18:16:54,223.693,223.693,223.693,223.693,10.0
2024-10-07 18:16:55,223.684,223.684,223.684,223.684,10.0
2024-10-07 18:17:00,223.694,223.694,223.694,223.694,10.0
2024-10-07 18:17:01,223.694,223.694,223.694,223.694,10.0
2024-10-07 18:17:02,223.693,223.693,223.693,223.693,20.0
2024-10-07 18:17:05,223.703,223.703,223.703,223.703,10.0
2024-10-07 18:17:07,223.703,223.703,223.703,223.703,10.0
2024-10-07 18:17:09,223.704,223.704,223.704,223.704,10.0
2024-10-07 18:17:12,223.693,223.693,223.693,223.693,10.0
2024-10-07 18:17:14,223.684,223.684,223.684,223.684,10.0
2024-10-07 18:17:16,223.673,223.673,223.673,223.673,10.0
2024-10-07 18:17:23,223.683,223.693,223.683,223.693,20.0
2024-10-07 18:17:24,223.703,223.703,223.703,223.703,10.0
2024-10-07 18:17:25,223.723,223.723,223.723,223.723,10.0
2024-10-07 18:17:26,223.733,223.734,223.733,223.734,20.0
2024-10-07 18:17:28,223.744,223.744,223.744,223.744,10.0
2024-10-07 18:17:29,223.753,223.753,223.753,223.753,10.0
2024-10-07 18:17:30,223.754,223.754,223.743,223.743,20.0
2024-10-07 18:17:31,223.743,223.743,223.743,223.743,10.0
2024-10-07 18:17:34,223.744,223.744,223.744,223.744,10.0
2024-10-07 18:17:36,223.733,223.733,223.733,223.733,10.0
2024-10-07 18:17:42,223.714,223.714,223.703,223.703,30.000000000000004
2024-10-07 18:17:44,223.693,223.704,223.693,223.693,40.0
2024-10-07 18:17:45,223.704,223.704,223.704,223.704,20.0
2024-10-07 18:17:46,223.704,223.704,223.704,223.704,10.0
2024-10-07 18:17:47,223.694,223.694,223.694,223.694,20.0
2024-10-07 18:17:48,223.694,223.694,223.694,223.694,10.0
2024-10-07 18:17:49,223.683,223.683,223.683,223.683,10.0
2024-10-07 18:17:51,223.684,223.684,223.683,223.683,20.0
2024-10-07 18:17:55,223.703,223.703,223.703,223.703,10.0
2024-10-07 18:17:57,223.693,223.693,223.693,223.693,20.0
2024-10-07 18:17:59,223.704,223.704,223.704,223.704,10.0
2024-10-07 18:18:00,223.693,223.703,223.693,223.703,20.0
2024-10-07 18:18:01,223.683,223.694,223.683,223.694,20.0
2024-10-07 18:18:02,223.694,223.703,223.694,223.703,20.0
2024-10-07 18:18:03,223.694,223.694,223.694,223.694,10.0
2024-10-07 18:18:04,223.704,223.704,223.704,223.704,10.0
2024-10-07 18:18:06,223.713,223.723,223.713,223.723,20.0
2024-10-07 18:18:07,223.713,223.724,223.713,223.724,20.0
2024-10-07 18:18:08,223.714,223.723,223.714,223.723,20.0
2024-10-07 18:18:09,223.713,223.713,223.713,223.713,10.0
2024-10-07 18:18:10,223.723,223.734,223.723,223.734,20.0
2024-10-07 18:18:11,223.744,223.744,223.744,223.744,10.0
2024-10-07 18:18:13,223.733,223.753,223.733,223.753,20.0
2024-10-07 18:18:16,223.754,223.764,223.754,223.764,40.0
2024-10-07 18:18:19,223.753,223.753,223.753,223.753,10.0
2024-10-07 18:18:24,223.744,223.744,223.743,223.743,20.0
2024-10-07 18:18:31,223.773,223.773,223.773,223.773,10.0
2024-10-07 18:18:32,223.784,223.784,223.773,223.773,20.0
2024-10-07 18:18:35,223.783,223.783,223.783,223.783,10.0
2024-10-07 18:18:37,223.774,223.774,223.763,223.763,20.0
2024-10-07 18:18:38,223.774,223.774,223.774,223.774,10.0
2024-10-07 18:18:43,223.763,223.763,223.763,223.763,10.0
2024-10-07 18:18:44,223.773,223.773,223.773,223.773,10.0
2024-10-07 18:18:46,223.753,223.753,223.753,223.753,10.0
2024-10-07 18:18:51,223.773,223.773,223.773,223.773,10.0
2024-10-07 18:18:53,223.774,223.793,223.774,223.793,30.000000000000004
2024-10-07 18:18:55,223.803,223.803,223.803,223.803,10.0
2024-10-07 18:18:56,223.794,223.794,223.794,223.794,10.0
2024-10-07 18:18:57,223.783,223.783,223.783,223.783,10.0
2024-10-07 18:18:58,223.773,223.773,223.773,223.773,10.0
2024-10-07 18:19:01,223.793,223.793,223.793,223.793,10.0
2024-10-07 18:19:02,223.804,223.804,223.804,223.804,20.0
2024-10-07 18:19:03,223.813,223.824,223.813,223.824,20.0
2024-10-07 18:19:04,223.813,223.813,223.813,223.813,10.0
2024-10-07 18:19:06,223.823,223.823,223.823,223.823,10.0
2024-10-07 18:19:09,223.803,223.813,223.803,223.804,30.000000000000004
2024-10-07 18:19:16,223.824,223.824,223.824,223.824,20.0
2024-10-07 18:19:17,223.824,223.824,223.824,223.824,10.0
2024-10-07 18:19:20,223.813,223.813,223.813,223.813,10.0
2024-10-07 18:19:22,223.814,223.814,223.814,223.814,10.0
2024-10-07 18:19:28,223.813,223.813,223.813,223.813,10.0
2024-10-07 18:19:29,223.824,223.824,223.824,223.824,10.0
2024-10-07 18:19:30,223.824,223.824,223.824,223.824,10.0
2024-10-07 18:19:31,223.854,223.854,223.854,223.854,10.0
2024-10-07 18:19:33,223.843,223.843,223.843,223.843,10.0
2024-10-07 18:19:37,223.843,223.843,223.843,223.843,10.0
2024-10-07 18:19:40,223.834,223.834,223.834,223.834,10.0
2024-10-07 18:19:41,223.854,223.854,223.854,223.854,10.0
2024-10-07 18:19:42,223.843,223.843,223.843,223.843,10.0
2024-10-07 18:19:45,223.843,223.863,223.843,223.863,20.0
2024-10-07 18:19:46,223.873,223.874,223.873,223.874,20.0
2024-10-07 18:19:47,223.863,223.873,223.863,223.873,20.0
2024-10-07 18:19:49,223.853,223.874,223.853,223.874,20.0
2024-10-07 18:19:50,223.874,223.874,223.874,223.874,10.0
2024-10-07 18:19:51,223.863,223.863,223.854,223.854,20.0
2024-10-07 18:19:53,223.873,223.873,223.873,223.873,10.0
2024-10-07 18:19:57,223.884,223.884,223.883,223.883,20.0
2024-10-07 18:19:59,223.883,223.883,223.883,223.883,10.0
2024-10-07 18:20:00,223.883,223.904,223.883,223.904,30.000000000000004
2024-10-07 18:20:03,223.914,223.914,223.914,223.914,10.0
2024-10-07 18:20:04,223.923,223.923,223.914,223.914,20.0
2024-10-07 18:20:08,223.924,223.924,223.924,223.924,10.0
2024-10-07 18:20:10,223.914,223.914,223.904,223.904,30.000000000000004
2024-10-07 18:20:12,223.893,223.893,223.893,223.893,10.0
2024-10-07 18:20:14,223.894,223.894,223.894,223.894,10.0
2024-10-07 18:20:16,223.903,223.903,223.903,223.903,10.0
2024-10-07 18:20:19,223.893,223.893,223.893,223.893,10.0
2024-10-07 18:20:21,223.913,223.913,223.913,223.913,10.0
2024-10-07 18:20:23,223.904,223.904,223.904,223.904,10.0
2024-10-07 18:20:24,223.914,223.914,223.914,223.914,10.0
2024-10-07 18:20:25,223.913,223.913,223.913,223.913,10.0
2024-10-07 18:20:28,223.903,223.903,223.903,223.903,10.0
2024-10-07 18:20:31,223.894,223.894,223.894,223.894,10.0
2024-10-07 18:20:33,223.904,223.904,223.894,223.894,20.0
2024-10-07 18:20:34,223.874,223.874,223.874,223.874,10.0
2024-10-07 18:20:35,223.883,223.883,223.873,223.873,20.0
2024-10-07 18:20:52,223.884,223.884,223.884,223.884,10.0
2024-10-07 18:20:55,223.874,223.874,223.874,223.874,10.0
2024-10-07 18:20:57,223.874,223.874,223.874,223.874,10.0
2024-10-07 18:20:59,223.874,223.874,223.874,223.874,10.0
2024-10-07 18:21:03,223.874,223.874,223.874,223.874,10.0
2024-10-07 18:21:09,223.863,223.863,223.863,223.863,10.0
2024-10-07 18:21:10,223.884,223.884,223.884,223.884,10.0
2024-10-07 18:21:11,223.893,223.904,223.893,223.904,30.000000000000004
2024-10-07 18:21:13,223.904,223.904,223.903,223.903,20.0
2024-10-07 18:21:16,223.883,223.893,223.883,223.893,20.0
2024-10-07 18:21:17,223.893,223.893,223.893,223.893,10.0
2024-10-07 18:21:18,223.903,223.903,223.903,223.903,10.0
2024-10-07 18:21:19,223.894,223.894,223.894,223.894,10.0
2024-10-07 18:21:24,223.893,223.893,223.893,223.893,20.0
2024-10-07 18:21:25,223.893,223.893,223.893,223.893,10.0
2024-10-07 18:21:29,223.904,223.904,223.904,223.904,10.0
2024-10-07 18:21:30,223.903,223.904,223.903,223.904,20.0
2024-10-07 18:21:31,223.913,223.913,223.913,223.913,10.0
2024-10-07 18:21:34,223.924,223.924,223.924,223.924,10.0
2024-10-07 18:21:36,223.924,223.924,223.924,223.924,20.0
2024-10-07 18:21:37,223.914,223.914,223.903,223.903,20.0
2024-10-07 18:21:39,223.913,223.933,223.913,223.933,40.0
2024-10-07 18:21:40,223.934,223.934,223.924,223.924,20.0
2024-10-07 18:21:41,223.933,223.933,223.933,223.933,10.0
2024-10-07 18:21:42,223.933,223.933,223.933,223.933,10.0
2024-10-07 18:21:48,223.944,223.944,223.944,223.944,10.0
2024-10-07 18:21:49,223.933,223.943,223.933,223.943,20.0
2024-10-07 18:21:56,223.914,223.914,223.914,223.914,10.0
2024-10-07 18:21:58,223.913,223.913,223.913,223.913,10.0
2024-10-07 18:22:00,223.943,223.944,223.943,223.943,30.000000000000004
2024-10-07 18:22:01,223.943,223.943,223.943,223.943,10.0
2024-10-07 18:22:02,223.943,223.943,223.943,223.943,10.0
2024-10-07 18:22:08,223.953,223.953,223.953,223.953,20.0
2024-10-07 18:22:10,223.953,223.954,223.953,223.954,30.000000000000004
2024-10-07 18:22:11,223.974,223.984,223.974,223.984,20.0
2024-10-07 18:22:13,223.984,223.984,223.984,223.984,20.0
2024-10-07 18:22:17,223.983,223.984,223.983,223.984,20.0
2024-10-07 18:22:19,223.974,223.974,223.974,223.974,20.0
2024-10-07 18:22:20,223.974,223.974,223.974,223.974,10.0
2024-10-07 18:22:25,223.983,223.984,223.983,223.984,20.0
2024-10-07 18:22:26,223.973,223.973,223.973,223.973,10.0
2024-10-07 18:22:29,223.973,223.974,223.963,223.974,30.000000000000004
2024-10-07 18:22:33,223.963,223.963,223.963,223.963,10.0
2024-10-07 18:22:42,223.963,223.964,223.963,223.964,20.0
2024-10-07 18:22:45,223.964,223.964,223.963,223.963,20.0
2024-10-07 18:22:47,223.964,223.964,223.964,223.964,10.0
2024-10-07 18:22:50,223.983,223.983,223.983,223.983,10.0
2024-10-07 18:22:51,223.993,223.993,223.993,223.993,10.0
2024-10-07 18:22:56,224.004,224.004,224.004,224.004,10.0
2024-10-07 18:22:57,223.983,223.983,223.983,223.983,10.0
2024-10-07 18:22:58,223.983,223.983,223.983,223.983,10.0
2024-10-07 18:22:59,223.994,223.994,223.994,223.994,10.0
2024-10-07 18:23:00,223.994,223.994,223.993,223.993,20.0
2024-10-07 18:23:02,223.984,223.984,223.984,223.984,10.0
2024-10-07 18:23:03,223.993,223.993,223.984,223.984,20.0
2024-10-07 18:23:07,223.973,223.973,223.973,223.973,10.0
2024-10-07 18:23:08,223.974,223.974,223.974,223.974,10.0
2024-10-07 18:23:09,223.933,223.934,223.914,223.914,40.0
2024-10-07 18:23:10,223.913,223.913,223.913,223.913,10.0
2024-10-07 18:23:11,223.903,223.903,223.903,223.903,10.0
2024-10-07 18:23:12,223.864,223.864,223.863,223.863,30.000000000000004
2024-10-07 18:23:13,223.883,223.883,223.883,223.883,20.0
2024-10-07 18:23:14,223.884,223.884,223.873,223.883,30.000000000000004
2024-10-07 18:23:17,223.873,223.883,223.873,223.883,30.000000000000004
2024-10-07 18:23:18,223.874,223.883,223.853,223.853,30.000000000000004
2024-10-07 18:23:19,223.854,223.854,223.834,223.834,60.0
2024-10-07 18:23:20,223.843,223.843,223.704,223.724,110.0
2024-10-07 18:23:21,223.734,223.774,223.734,223.774,60.0
2024-10-07 18:23:22,223.763,223.773,223.763,223.773,20.0
2024-10-07 18:23:23,223.773,223.773,223.773,223.773,10.0
2024-10-07 18:23:24,223.733,223.733,223.703,223.724,70.00000000000001
2024-10-07 18:23:25,223.713,223.744,223.713,223.743,50.0
2024-10-07 18:23:26,223.744,223.744,223.744,223.744,10.0
2024-10-07 18:23:28,223.764,223.764,223.753,223.753,20.0
2024-10-07 18:23:29,223.763,223.763,223.763,223.763,10.0
2024-10-07 18:23:32,223.783,223.793,223.783,223.793,20.0
2024-10-07 18:23:33,223.793,223.793,223.793,223.793,10.0
2024-10-07 18:23:34,223.793,223.793,223.793,223.793,10.0
2024-10-07 18:23:36,223.814,223.814,223.813,223.813,20.0
2024-10-07 18:23:37,223.803,223.814,223.803,223.814,20.0
2024-10-07 18:23:40,223.793,223.813,223.793,223.813,50.0
2024-10-07 18:23:41,223.783,223.803,223.783,223.803,20.0
2024-10-07 18:23:44,223.803,223.803,223.803,223.803,10.0
2024-10-07 18:23:45,223.844,223.844,223.833,223.833,40.0
2024-10-07 18:23:46,223.823,223.844,223.823,223.844,30.000000000000004
2024-10-07 18:23:47,223.813,223.824,223.813,223.824,20.0
2024-10-07 18:23:51,223.843,223.843,223.824,223.824,40.0
2024-10-07 18:23:52,223.814,223.824,223.814,223.824,20.0
2024-10-07 18:23:53,223.824,223.824,223.813,223.824,40.0
2024-10-07 18:23:54,223.854,223.854,223.844,223.854,40.0
2024-10-07 18:23:55,223.844,223.854,223.844,223.854,20.0
2024-10-07 18:23:56,223.853,223.853,223.844,223.844,30.000000000000004
2024-10-07 18:23:57,223.824,223.824,223.814,223.814,20.0
2024-10-07 18:23:58,223.814,223.814,223.803,223.813,30.000000000000004
2024-10-07 18:23:59,223.794,223.813,223.794,223.813,30.000000000000004
2024-10-07 18:24:02,223.804,223.814,223.803,223.803,30.000000000000004
2024-10-07 18:24:03,223.823,223.823,223.823,223.823,10.0
2024-10-07 18:24:04,223.814,223.814,223.813,223.813,20.0
2024-10-07 18:24:05,223.813,223.813,223.813,223.813,10.0
2024-10-07 18:24:06,223.804,223.813,223.804,223.813,30.000000000000004
2024-10-07 18:24:07,223.813,223.814,223.813,223.814,20.0
2024-10-07 18:24:11,223.803,223.803,223.803,223.803,10.0
2024-10-07 18:24:12,223.803,223.824,223.803,223.824,30.000000000000004
2024-10-07 18:24:16,223.833,223.833,223.833,223.833,10.0
2024-10-07 18:24:21,223.834,223.834,223.834,223.834,10.0
2024-10-07 18:24:27,223.854,223.854,223.854,223.854,10.0
2024-10-07 18:24:28,223.854,223.863,223.854,223.863,20.0
2024-10-07 18:24:30,223.853,223.864,223.853,223.864,20.0
2024-10-07 18:24:31,223.853,223.853,223.853,223.853,10.0
2024-10-07 18:24:32,223.833,223.833,223.813,223.813,40.0
2024-10-07 18:24:33,223.804,223.804,223.793,223.793,20.0
2024-10-07 18:24:34,223.803,223.803,223.793,223.803,30.000000000000004
2024-10-07 18:24:38,223.803,223.803,223.803,223.803,10.0
2024-10-07 18:24:41,223.823,223.833,223.823,223.824,30.000000000000004
2024-10-07 18:24:42,223.843,223.844,223.843,223.844,20.0
2024-10-07 18:24:43,223.843,223.843,223.843,223.843,10.0
2024-10-07 18:24:44,223.834,223.834,223.834,223.834,10.0
2024-10-07 18:24:50,223.833,223.833,223.833,223.833,10.0
2024-10-07 18:24:51,223.843,223.843,223.843,223.843,10.0
2024-10-07 18:24:52,223.834,223.834,223.834,223.834,10.0
2024-10-07 18:24:55,223.804,223.804,223.804,223.804,10.0
2024-10-07 18:25:00,223.833,223.833,223.824,223.824,20.0
2024-10-07 18:25:01,223.824,223.824,223.824,223.824,10.0
2024-10-07 18:25:02,223.823,223.834,223.823,223.834,20.0
2024-10-07 18:25:04,223.824,223.824,223.824,223.824,10.0
2024-10-07 18:25:05,223.833,223.833,223.833,223.833,10.0
2024-10-07 18:25:08,223.834,223.854,223.834,223.854,20.0
2024-10-07 18:25:11,223.843,223.843,223.843,223.843,10.0
2024-10-07 18:25:14,223.844,223.844,223.844,223.844,20.0
2024-10-07 18:25:15,223.844,223.844,223.844,223.844,10.0
2024-10-07 18:25:19,223.833,223.833,223.823,223.823,20.0
2024-10-07 18:25:20,223.824,223.824,223.824,223.824,10.0
2024-10-07 18:25:22,223.814,223.814,223.814,223.814,10.0
2024-10-07 18:25:23,223.804,223.804,223.804,223.804,10.0
2024-10-07 18:25:30,223.814,223.814,223.814,223.814,10.0
2024-10-07 18:25:31,223.813,223.813,223.813,223.813,20.0
2024-10-07 18:25:32,223.804,223.804,223.804,223.804,10.0
2024-10-07 18:25:33,223.794,223.794,223.794,223.794,10.0
2024-10-07 18:25:34,223.763,223.784,223.753,223.753,30.000000000000004
2024-10-07 18:25:35,223.754,223.754,223.754,223.754,10.0
2024-10-07 18:25:36,223.774,223.774,223.774,223.774,10.0
2024-10-07 18:25:37,223.774,223.784,223.774,223.784,20.0
2024-10-07 18:25:38,223.794,223.794,223.794,223.794,10.0
2024-10-07 18:25:41,223.794,223.803,223.794,223.803,20.0
2024-10-07 18:25:44,223.804,223.814,223.804,223.813,30.000000000000004
2024-10-07 18:25:45,223.823,223.833,223.823,223.833,20.0
2024-10-07 18:25:46,223.834,223.834,223.823,223.834,30.000000000000004
2024-10-07 18:25:49,223.813,223.813,223.813,223.813,10.0
2024-10-07 18:25:53,223.804,223.804,223.804,223.804,10.0
2024-10-07 18:25:55,223.804,223.804,223.804,223.804,10.0
2024-10-07 18:25:57,223.803,223.804,223.803,223.804,20.0
2024-10-07 18:25:58,223.803,223.803,223.803,223.803,10.0
2024-10-07 18:25:59,223.793,223.793,223.793,223.793,10.0
2024-10-07 18:26:00,223.794,223.794,223.794,223.794,10.0
2024-10-07 18:26:02,223.804,223.813,223.803,223.813,30.000000000000004
2024-10-07 18:26:03,223.814,223.814,223.803,223.803,20.0
2024-10-07 18:26:04,223.803,223.803,223.803,223.803,20.0
2024-10-07 18:26:06,223.803,223.804,223.803,223.803,40.0
2024-10-07 18:26:07,223.804,223.804,223.804,223.804,10.0
2024-10-07 18:26:08,223.803,223.813,223.803,223.813,30.000000000000004
2024-10-07 18:26:09,223.823,223.824,223.823,223.824,20.0
2024-10-07 18:26:10,223.803,223.814,223.803,223.814,20.0
2024-10-07 18:26:13,223.804,223.804,223.804,223.804,10.0
2024-10-07 18:26:18,223.823,223.823,223.813,223.813,20.0
2024-10-07 18:26:21,223.814,223.814,223.814,223.814,10.0
2024-10-07 18:26:24,223.813,223.813,223.813,223.813,10.0
2024-10-07 18:26:25,223.813,223.813,223.813,223.813,10.0
2024-10-07 18:26:26,223.814,223.814,223.814,223.814,10.0
2024-10-07 18:26:28,223.833,223.833,223.833,223.833,10.0
2024-10-07 18:26:29,223.843,223.843,223.843,223.843,10.0
2024-10-07 18:26:30,223.844,223.853,223.844,223.853,20.0
2024-10-07 18:26:35,223.863,223.863,223.854,223.854,20.0
2024-10-07 18:26:36,223.854,223.854,223.854,223.854,10.0
2024-10-07 18:26:38,223.843,223.843,223.843,223.843,10.0
2024-10-07 18:26:41,223.833,223.833,223.833,223.833,10.0
2024-10-07 18:26:43,223.853,223.853,223.853,223.853,10.0
2024-10-07 18:26:45,223.864,223.864,223.863,223.863,20.0
2024-10-07 18:26:49,223.884,223.884,223.884,223.884,10.0
2024-10-07 18:26:50,223.884,223.884,223.884,223.884,10.0
2024-10-07 18:26:51,223.893,223.894,223.893,223.894,20.0
2024-10-07 18:26:52,223.894,223.894,223.894,223.894,10.0
2024-10-07 18:26:53,223.903,223.913,223.903,223.903,30.000000000000004
2024-10-07 18:26:54,223.913,223.913,223.913,223.913,10.0
2024-10-07 18:26:56,223.914,223.914,223.914,223.914,10.0
2024-10-07 18:26:58,223.904,223.904,223.904,223.904,10.0
2024-10-07 18:27:03,223.914,223.914,223.914,223.914,10.0
2024-10-07 18:27:07,223.913,223.913,223.913,223.913,10.0
2024-10-07 18:27:08,223.883,223.883,223.863,223.873,30.000000000000004
2024-10-07 18:27:09,223.884,223.884,223.863,223.863,20.0
2024-10-07 18:27:11,223.854,223.854,223.844,223.854,30.000000000000004
2024-10-07 18:27:13,223.843,223.843,223.843,223.843,10.0
2024-10-07 18:27:14,223.833,223.833,223.833,223.833,10.0
2024-10-07 18:27:15,223.844,223.844,223.824,223.824,20.0
2024-10-07 18:27:20,223.814,223.814,223.814,223.814,10.0
2024-10-07 18:27:27,223.843,223.843,223.843,223.843,10.0
2024-10-07 18:27:28,223.854,223.854,223.854,223.854,10.0
2024-10-07 18:27:29,223.843,223.843,223.834,223.834,20.0
2024-10-07 18:27:30,223.844,223.844,223.844,223.844,10.0
2024-10-07 18:27:31,223.853,223.853,223.853,223.853,10.0
2024-10-07 18:27:33,223.864,223.864,223.864,223.864,10.0
2024-10-07 18:27:39,223.853,223.854,223.833,223.854,30.000000000000004
2024-10-07 18:27:40,223.864,223.864,223.854,223.854,30.000000000000004
2024-10-07 18:27:42,223.853,223.853,223.853,223.853,10.0
2024-10-07 18:27:43,223.853,223.853,223.853,223.853,10.0
2024-10-07 18:27:47,223.853,223.853,223.853,223.853,20.0
2024-10-07 18:27:48,223.863,223.864,223.863,223.864,20.0
2024-10-07 18:27:49,223.864,223.864,223.843,223.843,40.0
2024-10-07 18:27:50,223.844,223.844,223.844,223.844,10.0
2024-10-07 18:27:51,223.843,223.843,223.843,223.843,10.0
2024-10-07 18:27:52,223.854,223.854,223.853,223.853,20.0
2024-10-07 18:27:56,223.863,223.874,223.863,223.874,40.0
2024-10-07 18:27:57,223.883,223.883,223.883,223.883,10.0
2024-10-07 18:28:03,223.883,223.883,223.883,223.883,10.0
2024-10-07 18:28:12,223.843,223.843,223.843,223.843,10.0
2024-10-07 18:28:13,223.853,223.853,223.843,223.843,20.0
2024-10-07 18:28:14,223.854,223.854,223.854,223.854,10.0
2024-10-07 18:28:15,223.834,223.834,223.824,223.824,50.0
2024-10-07 18:28:16,223.824,223.824,223.824,223.824,10.0
2024-10-07 18:28:21,223.844,223.844,223.844,223.844,20.0
2024-10-07 18:28:24,223.854,223.854,223.844,223.844,20.0
2024-10-07 18:28:26,223.854,223.854,223.854,223.854,10.0
2024-10-07 18:28:31,223.843,223.843,223.843,223.843,10.0
2024-10-07 18:28:33,223.824,223.824,223.824,223.824,10.0
2024-10-07 18:28:34,223.834,223.834,223.834,223.834,10.0
2024-10-07 18:28:35,223.823,223.834,223.823,223.834,20.0
2024-10-07 18:28:36,223.824,223.824,223.824,223.824,10.0
2024-10-07 18:28:37,223.834,223.834,223.834,223.834,10.0
2024-10-07 18:28:38,223.833,223.834,223.823,223.823,30.000000000000004
2024-10-07 18:28:40,223.823,223.823,223.823,223.823,20.0
2024-10-07 18:28:46,223.843,223.843,223.843,223.843,10.0
2024-10-07 18:28:54,223.863,223.863,223.863,223.863,10.0
2024-10-07 18:28:58,223.874,223.874,223.874,223.874,10.0
2024-10-07 18:28:59,223.874,223.874,223.874,223.874,10.0
2024-10-07 18:29:03,223.874,223.884,223.874,223.884,20.0
2024-10-07 18:29:04,223.894,223.894,223.894,223.894,10.0
2024-10-07 18:29:06,223.884,223.884,223.884,223.884,10.0
2024-10-07 18:29:09,223.874,223.874,223.874,223.874,10.0
2024-10-07 18:29:10,223.884,223.884,223.883,223.883,20.0
2024-10-07 18:29:13,223.883,223.883,223.883,223.883,10.0
2024-10-07 18:29:14,223.883,223.893,223.883,223.893,20.0
2024-10-07 18:29:23,223.903,223.903,223.903,223.903,10.0
2024-10-07 18:29:24,223.913,223.914,223.903,223.903,40.0
2024-10-07 18:29:25,223.914,223.914,223.914,223.914,10.0
2024-10-07 18:29:26,223.914,223.914,223.914,223.914,10.0
2024-10-07 18:29:27,223.924,223.924,223.924,223.924,10.0
2024-10-07 18:29:30,223.914,223.914,223.914,223.914,10.0
2024-10-07 18:29:33,223.893,223.893,223.883,223.883,30.000000000000004
2024-10-07 18:29:35,223.873,223.884,223.864,223.864,50.0
2024-10-07 18:29:36,223.854,223.863,223.854,223.863,20.0
2024-10-07 18:29:37,223.854,223.864,223.854,223.864,30.000000000000004
2024-10-07 18:29:38,223.843,223.843,223.823,223.823,30.000000000000004
2024-10-07 18:29:39,223.824,223.834,223.814,223.834,30.000000000000004
2024-10-07 18:29:40,223.824,223.824,223.753,223.783,60.0
2024-10-07 18:29:41,223.783,223.783,223.764,223.764,30.000000000000004
2024-10-07 18:29:43,223.754,223.763,223.743,223.743,40.0
2024-10-07 18:29:44,223.734,223.744,223.723,223.723,30.000000000000004
2024-10-07 18:29:45,223.693,223.694,223.693,223.694,30.000000000000004
2024-10-07 18:29:46,223.693,223.713,223.693,223.713,20.0
2024-10-07 18:29:48,223.714,223.714,223.714,223.714,10.0
2024-10-07 18:29:53,223.724,223.724,223.724,223.724,10.0
2024-10-07 18:29:54,223.734,223.744,223.733,223.733,30.000000000000004
2024-10-07 18:29:56,223.743,223.743,223.743,223.743,10.0
2024-10-07 18:29:57,223.754,223.764,223.754,223.764,20.0
2024-10-07 18:29:58,223.754,223.763,223.754,223.763,20.0
2024-10-07 18:29:59,223.754,223.754,223.754,223.754,10.0
2024-10-07 18:30:00,223.754,223.754,223.614,223.614,140.00000000000003
2024-10-07 18:30:01,223.623,223.634,223.574,223.583,90.0
2024-10-07 18:30:02,223.574,223.583,223.554,223.554,60.0
2024-10-07 18:30:03,223.573,223.584,223.573,223.584,20.0
2024-10-07 18:30:04,223.564,223.584,223.564,223.574,40.0
2024-10-07 18:30:05,223.524,223.524,223.504,223.504,20.0
2024-10-07 18:30:06,223.493,223.513,223.493,223.494,70.00000000000001
2024-10-07 18:30:07,223.484,223.484,223.444,223.444,50.0
2024-10-07 18:30:08,223.454,223.484,223.454,223.473,60.0
2024-10-07 18:30:09,223.454,223.473,223.433,223.433,60.0
2024-10-07 18:30:10,223.424,223.424,223.393,223.393,40.0
2024-10-07 18:30:11,223.404,223.463,223.404,223.463,60.0
2024-10-07 18:30:12,223.433,223.464,223.413,223.413,40.0
2024-10-07 18:30:13,223.413,223.413,223.413,223.413,10.0
2024-10-07 18:30:14,223.393,223.393,223.333,223.343,70.00000000000001
2024-10-07 18:30:15,223.323,223.323,223.254,223.313,80.0
2024-10-07 18:30:16,223.334,223.354,223.274,223.274,130.00000000000003
2024-10-07 18:30:17,223.243,223.264,223.223,223.254,100.0
2024-10-07 18:30:18,223.233,223.243,223.214,223.214,70.00000000000001
2024-10-07 18:30:19,223.254,223.274,223.253,223.274,50.0
2024-10-07 18:30:20,223.263,223.263,223.214,223.214,30.000000000000004
2024-10-07 18:30:21,223.174,223.174,223.143,223.143,60.0
2024-10-07 18:30:22,223.154,223.154,223.113,223.134,30.000000000000004
2024-10-07 18:30:23,223.134,223.144,223.093,223.103,60.0
2024-10-07 18:30:24,223.144,223.203,223.143,223.203,90.0
2024-10-07 18:30:25,223.204,223.204,223.184,223.184,30.000000000000004
2024-10-07 18:30:26,223.154,223.194,223.154,223.163,50.0
2024-10-07 18:30:27,223.164,223.184,223.163,223.163,90.0
2024-10-07 18:30:28,223.154,223.154,223.153,223.154,30.000000000000004
2024-10-07 18:30:29,223.184,223.233,223.184,223.223,70.00000000000001
2024-10-07 18:30:30,223.224,223.264,223.214,223.264,90.0
2024-10-07 18:30:31,223.244,223.244,223.224,223.233,60.0
2024-10-07 18:30:32,223.234,223.234,223.183,223.213,70.00000000000001
2024-10-07 18:30:33,223.213,223.294,223.213,223.293,80.0
2024-10-07 18:30:34,223.293,223.334,223.293,223.304,40.0
2024-10-07 18:30:35,223.284,223.364,223.284,223.313,90.0
2024-10-07 18:30:36,223.313,223.373,223.313,223.373,70.00000000000001
2024-10-07 18:30:37,223.364,223.403,223.364,223.403,60.0
2024-10-07 18:30:38,223.394,223.453,223.393,223.443,80.0
2024-10-07 18:30:39,223.473,223.554,223.473,223.514,90.0
2024-10-07 18:30:40,223.503,223.503,223.453,223.454,90.0
2024-10-07 18:30:41,223.444,223.444,223.413,223.444,70.00000000000001
2024-10-07 18:30:42,223.453,223.464,223.434,223.434,40.0
2024-10-07 18:30:43,223.444,223.444,223.413,223.434,50.0
2024-10-07 18:30:44,223.434,223.463,223.434,223.463,50.0
2024-10-07 18:30:45,223.464,223.484,223.464,223.484,30.000000000000004
2024-10-07 18:30:46,223.533,223.533,223.473,223.473,50.0
2024-10-07 18:30:47,223.473,223.564,223.463,223.553,110.0
2024-10-07 18:30:48,223.553,223.574,223.553,223.573,70.00000000000001
2024-10-07 18:30:49,223.544,223.544,223.514,223.544,50.0
2024-10-07 18:30:50,223.543,223.554,223.533,223.554,30.000000000000004
2024-10-07 18:30:51,223.564,223.564,223.553,223.553,30.000000000000004
2024-10-07 18:30:52,223.553,223.564,223.553,223.564,20.0
2024-10-07 18:30:53,223.584,223.584,223.574,223.574,50.0
2024-10-07 18:30:54,223.574,223.574,223.563,223.574,40.0
2024-10-07 18:30:55,223.594,223.613,223.594,223.613,40.0
2024-10-07 18:30:56,223.593,223.614,223.593,223.614,60.0
2024-10-07 18:30:57,223.603,223.603,223.583,223.583,30.000000000000004
2024-10-07 18:30:58,223.574,223.613,223.574,223.613,60.0
2024-10-07 18:30:59,223.593,223.593,223.593,223.593,10.0
2024-10-07 18:31:00,223.614,223.624,223.563,223.603,50.0
2024-10-07 18:31:01,223.594,223.603,223.594,223.603,20.0
2024-10-07 18:31:02,223.603,223.623,223.603,223.623,60.0
2024-10-07 18:31:03,223.614,223.664,223.603,223.664,50.0
2024-10-07 18:31:04,223.664,223.664,223.633,223.633,40.0
2024-10-07 18:31:05,223.624,223.624,223.624,223.624,10.0
2024-10-07 18:31:06,223.644,223.644,223.634,223.634,50.0
2024-10-07 18:31:07,223.633,223.633,223.543,223.554,100.0
2024-10-07 18:31:08,223.554,223.604,223.553,223.603,50.0
2024-10-07 18:31:09,223.613,223.613,223.613,223.613,10.0
2024-10-07 18:31:10,223.613,223.614,223.574,223.614,40.0
2024-10-07 18:31:11,223.603,223.603,223.583,223.584,40.0
2024-10-07 18:31:12,223.584,223.604,223.553,223.583,40.0
2024-10-07 18:31:13,223.563,223.563,223.563,223.563,10.0
2024-10-07 18:31:14,223.534,223.534,223.534,223.534,10.0
2024-10-07 18:31:15,223.533,223.533,223.524,223.533,30.000000000000004
2024-10-07 18:31:16,223.523,223.523,223.473,223.513,30.000000000000004
2024-10-07 18:31:18,223.493,223.513,223.493,223.503,50.0
2024-10-07 18:31:20,223.503,223.503,223.484,223.484,30.000000000000004
2024-10-07 18:31:21,223.484,223.514,223.484,223.514,60.0
2024-10-07 18:31:22,223.513,223.514,223.513,223.514,40.0
2024-10-07 18:31:23,223.514,223.514,223.513,223.513,30.000000000000004
2024-10-07 18:31:25,223.513,223.513,223.494,223.494,20.0
2024-10-07 18:31:26,223.464,223.464,223.464,223.464,10.0
2024-10-07 18:31:28,223.453,223.453,223.443,223.443,20.0
2024-10-07 18:31:30,223.443,223.443,223.443,223.443,10.0
2024-10-07 18:31:31,223.424,223.424,223.404,223.404,20.0
2024-10-07 18:31:33,223.404,223.404,223.404,223.404,10.0
2024-10-07 18:31:34,223.373,223.373,223.373,223.373,10.0
2024-10-07 18:31:35,223.364,223.374,223.353,223.373,40.0
2024-10-07 18:31:37,223.384,223.403,223.384,223.403,40.0
2024-10-07 18:31:38,223.404,223.404,223.404,223.404,10.0
2024-10-07 18:31:39,223.404,223.404,223.404,223.404,20.0
2024-10-07 18:31:40,223.434,223.434,223.434,223.434,30.000000000000004
2024-10-07 18:31:41,223.434,223.463,223.434,223.463,30.000000000000004
2024-10-07 18:31:45,223.434,223.434,223.434,223.434,10.0
2024-10-07 18:31:46,223.463,223.524,223.463,223.524,30.000000000000004
2024-10-07 18:31:47,223.523,223.523,223.493,223.513,70.00000000000001
2024-10-07 18:31:49,223.473,223.494,223.473,223.483,30.000000000000004
2024-10-07 18:31:50,223.493,223.493,223.453,223.473,30.000000000000004
2024-10-07 18:31:51,223.484,223.484,223.474,223.484,30.000000000000004
2024-10-07 18:31:52,223.433,223.443,223.433,223.433,30.000000000000004
2024-10-07 18:31:53,223.423,223.424,223.403,223.403,40.0
2024-10-07 18:31:54,223.413,223.413,223.413,223.413,10.0
2024-10-07 18:31:56,223.414,223.414,223.414,223.414,10.0
2024-10-07 18:31:57,223.413,223.413,223.413,223.413,10.0
2024-10-07 18:31:58,223.384,223.384,223.384,223.384,10.0
2024-10-07 18:31:59,223.383,223.383,223.364,223.383,40.0
2024-10-07 18:32:00,223.384,223.384,223.363,223.363,30.000000000000004
2024-10-07 18:32:01,223.333,223.333,223.323,223.323,20.0
2024-10-07 18:32:02,223.304,223.373,223.304,223.373,20.0
2024-10-07 18:32:03,223.334,223.334,223.334,223.334,10.0
2024-10-07 18:32:04,223.373,223.373,223.373,223.373,10.0
2024-10-07 18:32:05,223.324,223.344,223.323,223.334,80.0
2024-10-07 18:32:06,223.324,223.324,223.313,223.313,20.0
2024-10-07 18:32:07,223.324,223.334,223.324,223.334,20.0
2024-10-07 18:32:09,223.343,223.343,223.314,223.314,30.000000000000004
2024-10-07 18:32:11,223.313,223.313,223.313,223.313,20.0
2024-10-07 18:32:12,223.334,223.334,223.334,223.334,10.0
2024-10-07 18:32:14,223.344,223.344,223.314,223.343,30.000000000000004
2024-10-07 18:32:15,223.343,223.343,223.304,223.324,60.0
2024-10-07 18:32:16,223.324,223.324,223.324,223.324,10.0
2024-10-07 18:32:17,223.284,223.284,223.284,223.284,10.0
2024-10-07 18:32:18,223.314,223.314,223.273,223.314,50.0
2024-10-07 18:32:20,223.253,223.263,223.253,223.263,40.0
2024-10-07 18:32:21,223.253,223.263,223.253,223.263,20.0
2024-10-07 18:32:23,223.264,223.264,223.244,223.263,30.000000000000004
2024-10-07 18:32:24,223.244,223.263,223.244,223.263,20.0
2024-10-07 18:32:25,223.293,223.293,223.284,223.284,20.0
2024-10-07 18:32:26,223.284,223.284,223.284,223.284,10.0
2024-10-07 18:32:28,223.274,223.274,223.274,223.274,10.0
2024-10-07 18:32:30,223.233,223.274,223.233,223.274,20.0
2024-10-07 18:32:32,223.294,223.294,223.294,223.294,10.0
2024-10-07 18:32:33,223.293,223.293,223.284,223.293,40.0
2024-10-07 18:32:34,223.254,223.293,223.254,223.293,30.000000000000004
2024-10-07 18:32:35,223.294,223.294,223.264,223.264,20.0
2024-10-07 18:32:37,223.293,223.293,223.274,223.293,30.000000000000004
2024-10-07 18:32:38,223.303,223.303,223.303,223.303,10.0
2024-10-07 18:32:40,223.293,223.294,223.273,223.273,30.000000000000004
2024-10-07 18:32:41,223.274,223.274,223.274,223.274,10.0
2024-10-07 18:32:42,223.273,223.273,223.193,223.214,40.0
2024-10-07 18:32:43,223.213,223.214,223.213,223.214,20.0
2024-10-07 18:32:44,223.204,223.214,223.204,223.204,40.0
2024-10-07 18:32:46,223.194,223.204,223.194,223.204,20.0
2024-10-07 18:32:47,223.204,223.204,223.203,223.203,20.0
2024-10-07 18:32:48,223.203,223.203,223.203,223.203,10.0
2024-10-07 18:32:49,223.203,223.204,223.173,223.204,50.0
2024-10-07 18:32:50,223.173,223.173,223.173,223.173,20.0
2024-10-07 18:32:51,223.173,223.173,223.164,223.173,40.0
2024-10-07 18:32:52,223.173,223.173,223.164,223.164,20.0
2024-10-07 18:32:53,223.204,223.204,223.183,223.194,30.000000000000004
2024-10-07 18:32:55,223.194,223.194,223.183,223.184,50.0
2024-10-07 18:32:57,223.194,223.263,223.194,223.263,30.000000000000004
2024-10-07 18:32:58,223.264,223.264,223.233,223.254,40.0
2024-10-07 18:32:59,223.253,223.253,223.253,223.253,40.0
2024-10-07 18:33:00,223.253,223.253,223.223,223.223,40.0
2024-10-07 18:33:01,223.253,223.254,223.253,223.253,30.000000000000004
2024-10-07 18:33:02,223.253,223.264,223.253,223.264,30.000000000000004
2024-10-07 18:33:03,223.244,223.264,223.244,223.264,20.0
2024-10-07 18:33:04,223.233,223.234,223.204,223.204,70.00000000000001
2024-10-07 18:33:05,223.233,223.233,223.203,223.203,20.0
2024-10-07 18:33:06,223.204,223.204,223.203,223.203,20.0
2024-10-07 18:33:07,223.163,223.203,223.163,223.203,20.0
2024-10-07 18:33:08,223.164,223.164,223.144,223.164,90.0
2024-10-07 18:33:09,223.164,223.164,223.164,223.164,20.0
2024-10-07 18:33:11,223.164,223.164,223.164,223.164,10.0
2024-10-07 18:33:12,223.203,223.203,223.203,223.203,10.0
2024-10-07 18:33:14,223.203,223.204,223.184,223.184,50.0
2024-10-07 18:33:15,223.204,223.204,223.163,223.193,50.0
2024-10-07 18:33:16,223.183,223.183,223.183,223.183,10.0
2024-10-07 18:33:17,223.183,223.193,223.143,223.143,30.000000000000004
2024-10-07 18:33:18,223.123,223.134,223.123,223.133,40.0
2024-10-07 18:33:19,223.134,223.153,223.134,223.153,20.0
2024-10-07 18:33:20,223.164,223.164,223.164,223.164,10.0
2024-10-07 18:33:21,223.164,223.164,223.163,223.164,40.0
2024-10-07 18:33:22,223.134,223.164,223.133,223.133,30.000000000000004
2024-10-07 18:33:23,223.123,223.163,223.114,223.114,40.0
2024-10-07 18:33:26,223.103,223.103,223.103,223.103,10.0
2024-10-07 18:33:27,223.083,223.084,223.063,223.063,40.0
2024-10-07 18:33:28,223.064,223.064,223.043,223.043,30.000000000000004
2024-10-07 18:33:30,222.984,222.994,222.953,222.963,80.0
2024-10-07 18:33:31,222.994,222.994,222.963,222.963,30.000000000000004
2024-10-07 18:33:32,222.983,222.983,222.983,222.983,20.0
2024-10-07 18:33:33,222.974,222.984,222.973,222.974,50.0
2024-10-07 18:33:35,222.983,222.983,222.983,222.983,10.0
2024-10-07 18:33:36,223.004,223.004,223.004,223.004,10.0
2024-10-07 18:33:37,222.983,222.983,222.983,222.983,10.0
2024-10-07 18:33:38,222.994,223.004,222.983,223.003,50.0
2024-10-07 18:33:39,222.984,223.004,222.984,223.004,30.000000000000004
2024-10-07 18:33:40,223.024,223.033,223.004,223.004,60.0
2024-10-07 18:33:41,223.013,223.073,223.013,223.073,50.0
2024-10-07 18:33:42,223.074,223.074,223.033,223.033,40.0
2024-10-07 18:33:43,223.053,223.073,223.053,223.073,50.0
2024-10-07 18:33:44,223.073,223.093,223.073,223.093,30.000000000000004
2024-10-07 18:33:45,223.083,223.124,223.083,223.124,40.0
2024-10-07 18:33:46,223.123,223.123,223.123,223.123,10.0
2024-10-07 18:33:47,223.124,223.124,223.053,223.053,40.0
2024-10-07 18:33:48,223.053,223.064,223.053,223.064,40.0
2024-10-07 18:33:49,223.064,223.064,223.064,223.064,20.0
2024-10-07 18:33:50,223.044,223.044,223.034,223.044,30.000000000000004
2024-10-07 18:33:51,223.043,223.064,223.033,223.064,50.0
2024-10-07 18:33:53,223.043,223.053,223.043,223.053,30.000000000000004
2024-10-07 18:33:54,223.053,223.054,223.053,223.054,20.0
2024-10-07 18:33:55,223.054,223.054,223.054,223.054,10.0
2024-10-07 18:33:56,223.093,223.094,223.063,223.063,40.0
2024-10-07 18:33:59,223.053,223.054,223.044,223.053,40.0
2024-10-07 18:34:01,223.043,223.064,223.043,223.064,70.00000000000001
2024-10-07 18:34:02,223.064,223.144,223.064,223.103,90.0
2024-10-07 18:34:03,223.134,223.134,223.134,223.134,10.0
2024-10-07 18:34:04,223.114,223.134,223.114,223.133,60.0
2024-10-07 18:34:05,223.143,223.173,223.143,223.173,20.0
2024-10-07 18:34:06,223.214,223.214,223.164,223.193,40.0
2024-10-07 18:34:07,223.153,223.154,223.134,223.134,40.0
2024-10-07 18:34:08,223.134,223.134,223.133,223.134,40.0
2024-10-07 18:34:10,223.134,223.134,223.134,223.134,20.0
2024-10-07 18:34:11,223.134,223.134,223.133,223.133,40.0
2024-10-07 18:34:12,223.093,223.103,223.083,223.103,50.0
2024-10-07 18:34:13,223.113,223.113,223.113,223.113,10.0
2024-10-07 18:34:14,223.094,223.094,223.084,223.084,20.0
2024-10-07 18:34:15,223.093,223.124,223.093,223.123,90.0
2024-10-07 18:34:16,223.124,223.124,223.113,223.123,70.00000000000001
2024-10-07 18:34:17,223.124,223.124,223.123,223.123,30.000000000000004
2024-10-07 18:34:18,223.123,223.134,223.123,223.134,80.0
2024-10-07 18:34:19,223.134,223.134,223.093,223.104,40.0
2024-10-07 18:34:20,223.104,223.104,223.073,223.073,40.0
2024-10-07 18:34:22,223.064,223.064,223.064,223.064,10.0
2024-10-07 18:34:23,223.054,223.073,223.054,223.064,40.0
2024-10-07 18:34:24,223.074,223.074,223.063,223.073,30.000000000000004
2024-10-07 18:34:25,223.063,223.073,223.053,223.064,40.0
2024-10-07 18:34:26,223.054,223.054,223.054,223.054,10.0
2024-10-07 18:34:27,223.043,223.053,223.043,223.053,30.000000000000004
2024-10-07 18:34:28,223.044,223.054,223.043,223.053,50.0
2024-10-07 18:34:30,223.034,223.054,223.033,223.033,50.0
2024-10-07 18:34:31,223.054,223.054,223.053,223.054,30.000000000000004
2024-10-07 18:34:32,223.064,223.064,223.023,223.033,30.000000000000004
2024-10-07 18:34:33,223.004,223.014,223.004,223.013,30.000000000000004
2024-10-07 18:34:34,222.983,223.013,222.983,223.013,30.000000000000004
2024-10-07 18:34:35,223.004,223.013,223.004,223.013,20.0
2024-10-07 18:34:36,223.013,223.024,223.013,223.024,20.0
2024-10-07 18:34:37,223.053,223.053,223.053,223.053,10.0
2024-10-07 18:34:38,223.053,223.053,223.053,223.053,10.0
2024-10-07 18:34:40,223.094,223.114,223.084,223.084,80.0
2024-10-07 18:34:41,223.094,223.094,223.084,223.084,20.0
2024-10-07 18:34:42,223.073,223.074,223.063,223.074,30.000000000000004
2024-10-07 18:34:43,223.093,223.104,223.074,223.104,60.0
2024-10-07 18:34:44,223.104,223.114,223.104,223.114,20.0
2024-10-07 18:34:46,223.104,223.113,223.083,223.113,40.0
2024-10-07 18:34:47,223.084,223.084,223.084,223.084,10.0
2024-10-07 18:34:48,223.114,223.114,223.114,223.114,20.0
2024-10-07 18:34:49,223.083,223.114,223.083,223.113,50.0
2024-10-07 18:34:50,223.084,223.093,223.084,223.093,20.0
2024-10-07 18:34:51,223.083,223.083,223.083,223.083,10.0
2024-10-07 18:34:53,223.043,223.043,223.014,223.014,40.0
2024-10-07 18:34:54,223.023,223.034,223.023,223.034,20.0
2024-10-07 18:34:55,223.033,223.044,223.033,223.044,40.0
2024-10-07 18:34:56,223.033,223.043,223.023,223.034,60.0
2024-10-07 18:34:57,223.043,223.054,223.043,223.043,40.0
2024-10-07 18:34:58,223.043,223.043,223.043,223.043,10.0
2024-10-07 18:34:59,223.044,223.044,223.044,223.044,10.0
2024-10-07 18:35:00,223.034,223.034,222.973,222.993,50.0
2024-10-07 18:35:01,222.984,222.984,222.954,222.973,70.00000000000001
2024-10-07 18:35:02,222.983,223.003,222.983,223.003,60.0
2024-10-07 18:35:03,222.994,222.994,222.994,222.994,10.0
2024-10-07 18:35:04,222.974,222.984,222.974,222.984,20.0
2024-10-07 18:35:05,222.983,222.984,222.973,222.984,30.000000000000004
2024-10-07 18:35:06,222.994,222.994,222.994,222.994,30.000000000000004
2024-10-07 18:35:07,223.014,223.023,223.013,223.023,40.0
2024-10-07 18:35:08,223.043,223.054,223.043,223.054,30.000000000000004
2024-10-07 18:35:09,223.053,223.054,223.044,223.053,40.0
2024-10-07 18:35:11,223.054,223.054,223.054,223.054,30.000000000000004
2024-10-07 18:35:12,223.053,223.054,223.053,223.054,20.0
2024-10-07 18:35:13,223.044,223.054,223.033,223.054,50.0
2024-10-07 18:35:15,223.053,223.064,223.053,223.064,30.000000000000004
2024-10-07 18:35:16,223.063,223.063,223.063,223.063,10.0
2024-10-07 18:35:20,223.064,223.064,223.064,223.064,10.0
2024-10-07 18:35:22,223.043,223.043,223.033,223.034,30.000000000000004
2024-10-07 18:35:23,223.034,223.034,223.034,223.034,10.0
2024-10-07 18:35:24,223.024,223.033,223.024,223.033,20.0
2024-10-07 18:35:25,223.033,223.034,223.033,223.034,20.0
2024-10-07 18:35:28,223.033,223.033,223.033,223.033,10.0
2024-10-07 18:35:30,223.033,223.033,223.014,223.014,30.000000000000004
2024-10-07 18:35:31,223.013,223.013,223.004,223.004,20.0
2024-10-07 18:35:32,222.984,222.984,222.984,222.984,10.0
2024-10-07 18:35:33,222.994,222.994,222.993,222.993,20.0
2024-10-07 18:35:34,222.973,222.974,222.973,222.974,20.0
2024-10-07 18:35:35,222.944,222.954,222.934,222.954,40.0
2024-10-07 18:35:36,222.943,222.963,222.943,222.963,30.000000000000004
2024-10-07 18:35:37,222.953,222.964,222.953,222.963,30.000000000000004
2024-10-07 18:35:38,222.954,222.954,222.954,222.954,20.0
2024-10-07 18:35:39,222.953,222.953,222.953,222.953,20.0
2024-10-07 18:35:40,222.954,222.963,222.943,222.943,30.000000000000004
2024-10-07 18:35:41,222.933,222.933,222.933,222.933,10.0
2024-10-07 18:35:42,222.913,222.914,222.903,222.914,30.000000000000004
2024-10-07 18:35:43,222.913,222.914,222.913,222.914,30.000000000000004
2024-10-07 18:35:45,222.914,222.934,222.914,222.934,30.000000000000004
2024-10-07 18:35:46,222.933,222.933,222.933,222.933,10.0
2024-10-07 18:35:47,222.954,222.954,222.943,222.953,60.0
2024-10-07 18:35:48,222.933,222.943,222.933,222.943,20.0
2024-10-07 18:35:49,222.944,222.944,222.944,222.944,10.0
2024-10-07 18:35:50,222.944,222.944,222.923,222.934,30.000000000000004
2024-10-07 18:35:51,222.934,222.943,222.934,222.943,20.0
2024-10-07 18:35:52,222.903,222.903,222.903,222.903,10.0
2024-10-07 18:35:53,222.893,222.894,222.893,222.894,20.0
2024-10-07 18:35:54,222.863,222.884,222.863,222.884,30.000000000000004
2024-10-07 18:35:55,222.883,222.883,222.873,222.873,40.0
2024-10-07 18:35:57,222.874,222.883,222.874,222.883,20.0
2024-10-07 18:35:58,222.854,222.854,222.854,222.854,10.0
2024-10-07 18:35:59,222.854,222.854,222.833,222.853,30.000000000000004
2024-10-07 18:36:00,222.874,222.874,222.813,222.823,50.0
2024-10-07 18:36:01,222.813,222.824,222.813,222.824,40.0
2024-10-07 18:36:02,222.844,222.844,222.843,222.843,30.000000000000004
2024-10-07 18:36:04,222.844,222.844,222.844,222.844,20.0
2024-10-07 18:36:05,222.834,222.834,222.834,222.834,10.0
2024-10-07 18:36:06,222.833,222.833,222.823,222.824,30.000000000000004
2024-10-07 18:36:07,222.824,222.824,222.823,222.823,30.000000000000004
2024-10-07 18:36:08,222.804,222.843,222.804,222.833,40.0
2024-10-07 18:36:09,222.843,222.843,222.843,222.843,10.0
2024-10-07 18:36:11,222.834,222.834,222.834,222.834,10.0
2024-10-07 18:36:14,222.833,222.833,222.833,222.833,10.0
2024-10-07 18:36:15,222.834,222.873,222.834,222.873,20.0
2024-10-07 18:36:16,222.874,222.874,222.874,222.874,10.0
2024-10-07 18:36:17,222.884,222.884,222.884,222.884,10.0
2024-10-07 18:36:18,222.883,222.904,222.883,222.904,20.0
2024-10-07 18:36:19,222.924,222.964,222.924,222.954,40.0
2024-10-07 18:36:20,222.954,222.963,222.954,222.954,30.000000000000004
2024-10-07 18:36:21,222.954,222.993,222.954,222.993,40.0
2024-10-07 18:36:22,222.994,222.994,222.994,222.994,20.0
2024-10-07 18:36:23,222.994,222.994,222.993,222.993,20.0
2024-10-07 18:36:24,222.993,222.993,222.993,222.993,10.0
2024-10-07 18:36:25,222.993,223.014,222.993,223.014,20.0
2024-10-07 18:36:26,223.014,223.014,223.014,223.014,10.0
2024-10-07 18:36:27,223.034,223.043,223.023,223.043,50.0
2024-10-07 18:36:28,223.023,223.024,223.023,223.024,30.000000000000004
2024-10-07 18:36:30,223.003,223.003,223.003,223.003,10.0
2024-10-07 18:36:31,222.994,223.004,222.994,223.004,20.0
2024-10-07 18:36:32,223.003,223.003,223.003,223.003,20.0
2024-10-07 18:36:33,223.003,223.024,223.003,223.023,100.0
2024-10-07 18:36:34,223.023,223.023,223.023,223.023,40.0
2024-10-07 18:36:36,222.994,222.994,222.983,222.993,30.000000000000004
2024-10-07 18:36:37,222.993,222.993,222.993,222.993,10.0
2024-10-07 18:36:38,222.993,223.013,222.993,222.993,40.0
2024-10-07 18:36:40,223.013,223.013,222.954,222.963,60.0
2024-10-07 18:36:42,222.963,222.983,222.963,222.983,20.0
2024-10-07 18:36:43,222.974,222.983,222.974,222.974,30.000000000000004
2024-10-07 18:36:44,222.994,223.033,222.994,223.033,30.000000000000004
2024-10-07 18:36:45,223.014,223.034,223.014,223.034,20.0
2024-10-07 18:36:46,223.044,223.044,223.043,223.043,20.0
2024-10-07 18:36:47,223.043,223.043,223.034,223.034,20.0
2024-10-07 18:36:49,223.023,223.034,223.023,223.034,50.0
2024-10-07 18:36:51,223.044,223.044,223.043,223.043,20.0
2024-10-07 18:36:52,223.063,223.094,223.063,223.094,20.0
2024-10-07 18:36:53,223.093,223.134,223.093,223.134,20.0
2024-10-07 18:36:54,223.123,223.123,223.123,223.123,10.0
2024-10-07 18:36:55,223.113,223.113,223.103,223.103,20.0
2024-10-07 18:36:56,223.113,223.113,223.113,223.113,40.0
2024-10-07 18:36:58,223.094,223.103,223.094,223.103,30.000000000000004
2024-10-07 18:36:59,223.093,223.093,223.093,223.093,10.0
2024-10-07 18:37:00,223.103,223.104,223.103,223.104,30.000000000000004
2024-10-07 18:37:02,223.093,223.144,223.093,223.144,30.000000000000004
2024-10-07 18:37:03,223.133,223.133,223.114,223.114,40.0
2024-10-07 18:37:04,223.123,223.124,223.123,223.124,40.0
2024-10-07 18:37:05,223.133,223.133,223.133,223.133,10.0
2024-10-07 18:37:06,223.123,223.124,223.123,223.124,30.000000000000004
2024-10-07 18:37:10,223.114,223.124,223.114,223.124,20.0
2024-10-07 18:37:11,223.134,223.134,223.134,223.134,10.0
2024-10-07 18:37:12,223.133,223.143,223.133,223.143,30.000000000000004
2024-10-07 18:37:13,223.133,223.144,223.133,223.144,20.0
2024-10-07 18:37:15,223.154,223.154,223.143,223.154,80.0
2024-10-07 18:37:16,223.153,223.164,223.144,223.164,50.0
2024-10-07 18:37:17,223.163,223.183,223.163,223.183,40.0
2024-10-07 18:37:18,223.174,223.174,223.173,223.173,40.0
2024-10-07 18:37:19,223.154,223.154,223.154,223.154,20.0
2024-10-07 18:37:20,223.154,223.154,223.153,223.153,30.000000000000004
2024-10-07 18:37:21,223.143,223.143,223.124,223.124,20.0
2024-10-07 18:37:22,223.113,223.113,223.113,223.113,30.000000000000004
2024-10-07 18:37:23,223.114,223.124,223.104,223.124,60.0
2024-10-07 18:37:24,223.134,223.154,223.134,223.154,50.0
2024-10-07 18:37:28,223.143,223.154,223.143,223.153,30.000000000000004
2024-10-07 18:37:29,223.153,223.164,223.143,223.154,60.0
2024-10-07 18:37:30,223.154,223.163,223.143,223.143,70.00000000000001
2024-10-07 18:37:31,223.103,223.104,223.093,223.093,30.000000000000004
2024-10-07 18:37:32,223.123,223.124,223.123,223.123,40.0
2024-10-07 18:37:33,223.124,223.124,223.064,223.074,40.0
2024-10-07 18:37:35,223.083,223.083,223.073,223.073,30.000000000000004
2024-10-07 18:37:37,223.114,223.114,223.094,223.094,30.000000000000004
2024-10-07 18:37:38,223.114,223.114,223.114,223.114,20.0
2024-10-07 18:37:40,223.113,223.113,223.113,223.113,10.0
2024-10-07 18:37:41,223.114,223.114,223.094,223.094,20.0
2024-10-07 18:37:42,223.093,223.093,223.093,223.093,10.0
2024-10-07 18:37:43,223.083,223.084,223.074,223.084,30.000000000000004
2024-10-07 18:37:44,223.074,223.094,223.074,223.094,40.0
2024-10-07 18:37:45,223.103,223.103,223.103,223.103,20.0
2024-10-07 18:37:46,223.103,223.114,223.103,223.114,20.0
2024-10-07 18:37:47,223.123,223.133,223.123,223.133,20.0
2024-10-07 18:37:48,223.144,223.144,223.144,223.144,10.0
2024-10-07 18:37:49,223.144,223.144,223.113,223.124,30.000000000000004
2024-10-07 18:37:50,223.094,223.094,223.094,223.094,10.0
2024-10-07 18:37:51,223.113,223.114,223.113,223.114,50.0
2024-10-07 18:37:52,223.104,223.113,223.104,223.104,30.000000000000004
2024-10-07 18:37:53,223.124,223.124,223.124,223.124,30.000000000000004
2024-10-07 18:37:54,223.134,223.143,223.134,223.143,30.000000000000004
2024-10-07 18:37:55,223.143,223.143,223.133,223.133,60.0
2024-10-07 18:37:56,223.133,223.134,223.133,223.134,60.0
2024-10-07 18:37:57,223.124,223.124,223.113,223.113,20.0
2024-10-07 18:37:58,223.104,223.104,223.103,223.103,50.0
2024-10-07 18:37:59,223.104,223.104,223.103,223.103,20.0
2024-10-07 18:38:00,223.103,223.103,223.093,223.093,20.0
2024-10-07 18:38:01,223.073,223.073,223.073,223.073,10.0
2024-10-07 18:38:02,223.103,223.103,223.103,223.103,10.0
2024-10-07 18:38:03,223.093,223.113,223.093,223.113,20.0
2024-10-07 18:38:04,223.124,223.124,223.113,223.124,30.000000000000004
2024-10-07 18:38:05,223.104,223.114,223.103,223.103,30.000000000000004
2024-10-07 18:38:06,223.114,223.114,223.114,223.114,10.0
2024-10-07 18:38:07,223.113,223.123,223.113,223.123,30.000000000000004
2024-10-07 18:38:08,223.123,223.134,223.123,223.134,40.0
2024-10-07 18:38:09,223.133,223.144,223.124,223.144,40.0
2024-10-07 18:38:11,223.134,223.143,223.134,223.143,20.0
2024-10-07 18:38:12,223.163,223.224,223.163,223.224,60.0
2024-10-07 18:38:13,223.213,223.254,223.213,223.243,60.0
2024-10-07 18:38:14,223.264,223.264,223.254,223.263,30.000000000000004
2024-10-07 18:38:15,223.273,223.304,223.273,223.294,50.0
2024-10-07 18:38:16,223.283,223.314,223.273,223.314,50.0
2024-10-07 18:38:17,223.334,223.343,223.334,223.343,20.0
2024-10-07 18:38:18,223.343,223.354,223.343,223.354,20.0
2024-10-07 18:38:20,223.344,223.354,223.344,223.344,30.000000000000004
2024-10-07 18:38:21,223.353,223.353,223.324,223.324,30.000000000000004
2024-10-07 18:38:22,223.344,223.344,223.344,223.344,10.0
2024-10-07 18:38:23,223.344,223.344,223.344,223.344,10.0
2024-10-07 18:38:24,223.344,223.344,223.344,223.344,10.0
2024-10-07 18:38:25,223.333,223.333,223.333,223.333,10.0
2024-10-07 18:38:26,223.324,223.333,223.313,223.313,50.0
2024-10-07 18:38:28,223.303,223.303,223.303,223.303,10.0
2024-10-07 18:38:29,223.323,223.324,223.323,223.324,20.0
2024-10-07 18:38:30,223.323,223.323,223.323,223.323,20.0
2024-10-07 18:38:31,223.303,223.303,223.294,223.294,20.0
2024-10-07 18:38:32,223.274,223.304,223.274,223.303,40.0
2024-10-07 18:38:33,223.293,223.293,223.293,223.293,10.0
2024-10-07 18:38:34,223.273,223.293,223.273,223.293,20.0
2024-10-07 18:38:36,223.294,223.294,223.263,223.263,20.0
2024-10-07 18:38:38,223.274,223.274,223.243,223.253,50.0
2024-10-07 18:38:39,223.254,223.254,223.233,223.233,50.0
2024-10-07 18:38:41,223.244,223.254,223.244,223.254,20.0
2024-10-07 18:38:42,223.234,223.234,223.234,223.234,10.0
2024-10-07 18:38:43,223.254,223.254,223.254,223.254,10.0
2024-10-07 18:38:44,223.254,223.254,223.253,223.253,20.0
2024-10-07 18:38:47,223.254,223.254,223.233,223.233,20.0
2024-10-07 18:38:48,223.243,223.244,223.243,223.244,20.0
2024-10-07 18:38:50,223.243,223.244,223.204,223.214,40.0
2024-10-07 18:38:51,223.213,223.213,223.213,223.213,10.0
2024-10-07 18:38:53,223.213,223.213,223.194,223.203,30.000000000000004
2024-10-07 18:38:54,223.203,223.204,223.203,223.203,40.0
2024-10-07 18:38:55,223.213,223.213,223.213,223.213,20.0
2024-10-07 18:38:56,223.213,223.213,223.213,223.213,10.0
2024-10-07 18:38:58,223.174,223.174,223.174,223.174,10.0
2024-10-07 18:38:59,223.174,223.174,223.174,223.174,20.0
2024-10-07 18:39:00,223.143,223.173,223.143,223.153,40.0
2024-10-07 18:39:01,223.153,223.153,223.153,223.153,10.0
2024-10-07 18:39:02,223.154,223.154,223.154,223.154,10.0
2024-10-07 18:39:03,223.134,223.134,223.133,223.134,30.000000000000004
2024-10-07 18:39:04,223.133,223.133,223.133,223.133,10.0
2024-10-07 18:39:05,223.113,223.143,223.113,223.143,20.0
2024-10-07 18:39:06,223.133,223.133,223.133,223.133,10.0
2024-10-07 18:39:07,223.124,223.124,223.124,223.124,10.0
2024-10-07 18:39:08,223.124,223.143,223.124,223.143,30.000000000000004
2024-10-07 18:39:09,223.134,223.144,223.134,223.143,30.000000000000004
2024-10-07 18:39:10,223.144,223.144,223.144,223.144,10.0
2024-10-07 18:39:11,223.113,223.144,223.113,223.114,30.000000000000004
2024-10-07 18:39:12,223.123,223.123,223.123,223.123,10.0
2024-10-07 18:39:13,223.123,223.123,223.123,223.123,20.0
2024-10-07 18:39:14,223.123,223.134,223.114,223.114,60.0
2024-10-07 18:39:15,223.133,223.144,223.133,223.144,40.0
2024-10-07 18:39:16,223.143,223.143,223.143,223.143,10.0
2024-10-07 18:39:17,223.144,223.144,223.144,223.144,10.0
2024-10-07 18:39:18,223.144,223.144,223.144,223.144,20.0
2024-10-07 18:39:19,223.153,223.154,223.153,223.154,20.0
2024-10-07 18:39:20,223.154,223.154,223.154,223.154,10.0
2024-10-07 18:39:21,223.143,223.153,223.124,223.134,40.0
2024-10-07 18:39:22,223.144,223.144,223.144,223.144,10.0
2024-10-07 18:39:24,223.123,223.123,223.123,223.123,10.0
2024-10-07 18:39:26,223.133,223.133,223.133,223.133,20.0
2024-10-07 18:39:28,223.104,223.104,223.104,223.104,10.0
2024-10-07 18:39:29,223.103,223.103,223.103,223.103,10.0
2024-10-07 18:39:30,223.093,223.093,223.074,223.074,30.000000000000004
2024-10-07 18:39:31,223.073,223.073,223.073,223.073,10.0
2024-10-07 18:39:32,223.073,223.073,223.063,223.063,20.0
2024-10-07 18:39:34,223.053,223.054,223.053,223.054,20.0
2024-10-07 18:39:35,223.053,223.054,223.053,223.054,20.0
2024-10-07 18:39:39,223.044,223.044,223.044,223.044,10.0
2024-10-07 18:39:40,223.024,223.024,223.024,223.024,10.0
2024-10-07 18:39:41,223.014,223.024,223.003,223.004,40.0
2024-10-07 18:39:42,222.983,222.994,222.983,222.994,40.0
2024-10-07 18:39:43,223.004,223.004,222.993,223.003,30.000000000000004
2024-10-07 18:39:44,222.983,223.014,222.983,223.014,20.0
2024-10-07 18:39:45,223.014,223.014,223.003,223.004,40.0
2024-10-07 18:39:46,223.014,223.064,223.014,223.064,60.0
2024-10-07 18:39:47,223.063,223.073,223.063,223.073,30.000000000000004
2024-10-07 18:39:49,223.094,223.094,223.094,223.094,10.0
2024-10-07 18:39:53,223.064,223.064,223.064,223.064,20.0
2024-10-07 18:39:54,223.034,223.054,223.034,223.043,30.000000000000004
2024-10-07 18:39:55,223.054,223.054,223.054,223.054,10.0
2024-10-07 18:39:56,223.044,223.044,223.043,223.043,20.0
2024-10-07 18:39:57,223.024,223.024,223.023,223.023,20.0
2024-10-07 18:39:59,223.014,223.014,222.983,222.983,20.0
2024-10-07 18:40:00,222.974,222.974,222.974,222.974,10.0
2024-10-07 18:40:02,222.974,223.034,222.973,223.034,50.0
2024-10-07 18:40:03,223.033,223.033,223.033,223.033,20.0
2024-10-07 18:40:04,223.034,223.034,223.034,223.034,10.0
2024-10-07 18:40:05,223.024,223.034,223.004,223.004,30.000000000000004
2024-10-07 18:40:06,223.004,223.004,223.004,223.004,20.0
2024-10-07 18:40:07,223.033,223.033,223.033,223.033,10.0
2024-10-07 18:40:09,223.044,223.044,223.044,223.044,10.0
2024-10-07 18:40:10,223.093,223.093,223.083,223.083,20.0
2024-10-07 18:40:11,223.073,223.083,223.073,223.083,20.0
2024-10-07 18:40:12,223.053,223.054,223.034,223.053,40.0
2024-10-07 18:40:13,223.043,223.043,223.043,223.043,10.0
2024-10-07 18:40:14,223.054,223.083,223.054,223.083,30.000000000000004
2024-10-07 18:40:15,223.074,223.114,223.074,223.114,40.0
2024-10-07 18:40:19,223.113,223.114,223.113,223.114,20.0
2024-10-07 18:40:20,223.143,223.144,223.133,223.133,30.000000000000004
2024-10-07 18:40:21,223.123,223.133,223.123,223.133,30.000000000000004
2024-10-07 18:40:22,223.133,223.174,223.133,223.174,30.000000000000004
2024-10-07 18:40:23,223.174,223.174,223.144,223.144,40.0
2024-10-07 18:40:25,223.143,223.143,223.143,223.143,10.0
2024-10-07 18:40:26,223.134,223.134,223.134,223.134,30.000000000000004
2024-10-07 18:40:27,223.134,223.134,223.103,223.103,40.0
2024-10-07 18:40:28,223.144,223.154,223.144,223.154,50.0
2024-10-07 18:40:29,223.154,223.154,223.144,223.153,50.0
2024-10-07 18:40:30,223.144,223.174,223.144,223.174,20.0
2024-10-07 18:40:33,223.144,223.144,223.103,223.103,40.0
2024-10-07 18:40:34,223.114,223.114,223.114,223.114,10.0
2024-10-07 18:40:35,223.104,223.113,223.104,223.104,30.000000000000004
2024-10-07 18:40:36,223.114,223.114,223.114,223.114,10.0
2024-10-07 18:40:37,223.123,223.123,223.123,223.123,10.0
2024-10-07 18:40:38,223.133,223.133,223.113,223.113,40.0
2024-10-07 18:40:39,223.134,223.134,223.134,223.134,10.0
2024-10-07 18:40:40,223.144,223.144,223.114,223.123,40.0
2024-10-07 18:40:41,223.114,223.114,223.113,223.113,20.0
2024-10-07 18:40:43,223.093,223.093,223.093,223.093,20.0
2024-10-07 18:40:46,223.103,223.103,223.094,223.094,20.0
2024-10-07 18:40:47,223.093,223.093,223.093,223.093,20.0
2024-10-07 18:40:48,223.094,223.094,223.084,223.084,20.0
2024-10-07 18:40:49,223.083,223.104,223.083,223.104,20.0
2024-10-07 18:40:50,223.103,223.103,223.103,223.103,10.0
2024-10-07 18:40:52,223.103,223.103,223.103,223.103,10.0
2024-10-07 18:40:54,223.104,223.104,223.093,223.093,20.0
2024-10-07 18:40:55,223.094,223.094,223.094,223.094,10.0
2024-10-07 18:40:58,223.114,223.114,223.113,223.114,30.000000000000004
2024-10-07 18:41:00,223.143,223.153,223.143,223.153,20.0
2024-10-07 18:41:01,223.153,223.194,223.153,223.194,20.0
2024-10-07 18:41:02,223.193,223.193,223.184,223.184,30.000000000000004
2024-10-07 18:41:03,223.183,223.183,223.183,223.183,10.0
2024-10-07 18:41:04,223.193,223.194,223.193,223.194,30.000000000000004
2024-10-07 18:41:05,223.193,223.244,223.193,223.244,60.0
2024-10-07 18:41:06,223.274,223.303,223.274,223.303,20.0
2024-10-07 18:41:07,223.293,223.293,223.283,223.283,30.000000000000004
2024-10-07 18:41:08,223.303,223.303,223.284,223.284,30.000000000000004
2024-10-07 18:41:09,223.283,223.283,223.264,223.264,20.0
2024-10-07 18:41:10,223.284,223.284,223.284,223.284,10.0
2024-10-07 18:41:14,223.283,223.323,223.283,223.323,60.0
2024-10-07 18:41:15,223.324,223.324,223.324,223.324,10.0
2024-10-07 18:41:16,223.274,223.274,223.274,223.274,10.0
2024-10-07 18:41:17,223.283,223.283,223.283,223.283,20.0
2024-10-07 18:41:18,223.283,223.283,223.283,223.283,10.0
2024-10-07 18:41:19,223.274,223.274,223.274,223.274,10.0
2024-10-07 18:41:20,223.294,223.294,223.294,223.294,10.0
2024-10-07 18:41:22,223.303,223.303,223.303,223.303,10.0
2024-10-07 18:41:24,223.294,223.294,223.264,223.264,20.0
2024-10-07 18:41:26,223.263,223.294,223.263,223.294,40.0
2024-10-07 18:41:27,223.293,223.293,223.293,223.293,10.0
2024-10-07 18:41:28,223.283,223.283,223.283,223.283,10.0
2024-10-07 18:41:29,223.273,223.273,223.253,223.253,20.0
2024-10-07 18:41:30,223.254,223.254,223.254,223.254,10.0
2024-10-07 18:41:31,223.244,223.244,223.244,223.244,20.0
2024-10-07 18:41:32,223.244,223.263,223.244,223.263,30.000000000000004
2024-10-07 18:41:34,223.253,223.254,223.253,223.253,50.0
2024-10-07 18:41:35,223.253,223.264,223.253,223.253,40.0
2024-10-07 18:41:36,223.253,223.253,223.204,223.204,30.000000000000004
2024-10-07 18:41:37,223.203,223.203,223.194,223.194,20.0
2024-10-07 18:41:38,223.183,223.193,223.183,223.183,60.0
2024-10-07 18:41:39,223.194,223.203,223.194,223.203,20.0
2024-10-07 18:41:40,223.203,223.203,223.203,223.203,30.000000000000004
2024-10-07 18:41:41,223.203,223.203,223.203,223.203,10.0
2024-10-07 18:41:42,223.204,223.204,223.204,223.204,20.0
2024-10-07 18:41:43,223.203,223.203,223.194,223.194,20.0
2024-10-07 18:41:44,223.203,223.203,223.193,223.193,30.000000000000004
2024-10-07 18:41:45,223.183,223.183,223.183,223.183,10.0
2024-10-07 18:41:46,223.184,223.194,223.184,223.194,20.0
2024-10-07 18:41:49,223.194,223.194,223.193,223.193,40.0
2024-10-07 18:41:50,223.203,223.203,223.194,223.194,20.0
2024-10-07 18:41:51,223.183,223.193,223.183,223.193,20.0
2024-10-07 18:41:52,223.204,223.204,223.204,223.204,10.0
2024-10-07 18:41:55,223.203,223.203,223.203,223.203,10.0
2024-10-07 18:41:56,223.183,223.213,223.183,223.213,30.000000000000004
2024-10-07 18:41:58,223.214,223.214,223.214,223.214,10.0
2024-10-07 18:42:01,223.204,223.204,223.204,223.204,10.0
2024-10-07 18:42:02,223.213,223.213,223.204,223.213,30.000000000000004
2024-10-07 18:42:03,223.223,223.234,223.223,223.234,20.0
2024-10-07 18:42:04,223.234,223.234,223.224,223.234,30.000000000000004
2024-10-07 18:42:05,223.234,223.244,223.234,223.244,50.0
2024-10-07 18:42:06,223.254,223.254,223.253,223.253,20.0
2024-10-07 18:42:07,223.243,223.243,223.243,223.243,10.0
2024-10-07 18:42:10,223.224,223.244,223.224,223.244,40.0
2024-10-07 18:42:11,223.233,223.254,223.233,223.254,30.000000000000004
2024-10-07 18:42:13,223.233,223.234,223.233,223.234,40.0
2024-10-07 18:42:15,223.233,223.234,223.233,223.234,20.0
2024-10-07 18:42:16,223.224,223.224,223.224,223.224,10.0
2024-10-07 18:42:17,223.234,223.234,223.233,223.234,30.000000000000004
2024-10-07 18:42:18,223.234,223.234,223.234,223.234,10.0
2024-10-07 18:42:19,223.244,223.244,223.244,223.244,10.0
2024-10-07 18:42:22,223.233,223.233,223.233,223.233,10.0
2024-10-07 18:42:23,223.224,223.224,223.213,223.213,20.0
2024-10-07 18:42:24,223.223,223.223,223.223,223.223,10.0
2024-10-07 18:42:25,223.224,223.224,223.224,223.224,20.0
2024-10-07 18:42:26,223.234,223.234,223.233,223.234,40.0
2024-10-07 18:42:27,223.224,223.224,223.224,223.224,20.0
2024-10-07 18:42:28,223.223,223.223,223.214,223.214,20.0
2024-10-07 18:42:29,223.213,223.234,223.213,223.233,40.0
2024-10-07 18:42:30,223.233,223.234,223.204,223.204,40.0
2024-10-07 18:42:31,223.184,223.184,223.184,223.184,10.0
2024-10-07 18:42:32,223.184,223.184,223.163,223.184,40.0
2024-10-07 18:42:33,223.184,223.184,223.184,223.184,10.0
2024-10-07 18:42:34,223.193,223.193,223.193,223.193,10.0
2024-10-07 18:42:35,223.174,223.174,223.163,223.173,30.000000000000004
2024-10-07 18:42:36,223.163,223.184,223.163,223.184,30.000000000000004
2024-10-07 18:42:40,223.173,223.173,223.173,223.173,10.0
2024-10-07 18:42:41,223.164,223.164,223.143,223.143,20.0
2024-10-07 18:42:42,223.183,223.183,223.153,223.153,20.0
2024-10-07 18:42:43,223.153,223.153,223.153,223.153,10.0
2024-10-07 18:42:44,223.154,223.174,223.154,223.174,30.000000000000004
2024-10-07 18:42:45,223.174,223.174,223.174,223.174,10.0
2024-10-07 18:42:46,223.173,223.173,223.133,223.133,50.0
2024-10-07 18:42:47,223.153,223.164,223.153,223.164,40.0
2024-10-07 18:42:48,223.174,223.174,223.163,223.163,20.0
2024-10-07 18:42:49,223.174,223.184,223.174,223.184,30.000000000000004
2024-10-07 18:42:50,223.184,223.184,223.184,223.184,20.0
2024-10-07 18:42:51,223.184,223.184,223.184,223.184,10.0
2024-10-07 18:42:52,223.184,223.184,223.173,223.184,40.0
2024-10-07 18:42:53,223.184,223.184,223.183,223.184,30.000000000000004
2024-10-07 18:42:54,223.203,223.204,223.203,223.204,40.0
2024-10-07 18:42:55,223.204,223.204,223.204,223.204,20.0
2024-10-07 18:42:56,223.203,223.203,223.203,223.203,10.0
2024-10-07 18:42:57,223.213,223.214,223.213,223.214,30.000000000000004
2024-10-07 18:42:58,223.234,223.234,223.223,223.223,20.0
2024-10-07 18:43:00,223.223,223.223,223.203,223.213,60.0
2024-10-07 18:43:01,223.224,223.224,223.223,223.224,40.0
2024-10-07 18:43:02,223.193,223.193,223.184,223.184,20.0
2024-10-07 18:43:03,223.174,223.183,223.174,223.183,20.0
2024-10-07 18:43:04,223.193,223.193,223.193,223.193,10.0
2024-10-07 18:43:05,223.204,223.204,223.193,223.194,30.000000000000004
2024-10-07 18:43:06,223.193,223.193,223.193,223.193,10.0
2024-10-07 18:43:07,223.194,223.214,223.194,223.213,60.0
2024-10-07 18:43:08,223.214,223.224,223.214,223.224,20.0
2024-10-07 18:43:09,223.224,223.234,223.224,223.234,40.0
2024-10-07 18:43:10,223.233,223.244,223.233,223.234,40.0
2024-10-07 18:43:12,223.233,223.234,223.233,223.234,20.0
2024-10-07 18:43:13,223.253,223.253,223.243,223.243,50.0
2024-10-07 18:43:14,223.253,223.264,223.253,223.263,50.0
2024-10-07 18:43:15,223.274,223.284,223.274,223.284,40.0
2024-10-07 18:43:16,223.274,223.274,223.274,223.274,10.0
2024-10-07 18:43:19,223.254,223.254,223.233,223.233,40.0
2024-10-07 18:43:20,223.233,223.254,223.233,223.253,50.0
2024-10-07 18:43:22,223.263,223.284,223.263,223.284,50.0
2024-10-07 18:43:23,223.284,223.294,223.284,223.294,20.0
2024-10-07 18:43:24,223.294,223.294,223.284,223.284,30.000000000000004
2024-10-07 18:43:26,223.283,223.313,223.283,223.303,40.0
2024-10-07 18:43:27,223.303,223.344,223.303,223.344,30.000000000000004
2024-10-07 18:43:28,223.343,223.354,223.343,223.354,20.0
2024-10-07 18:43:29,223.343,223.343,223.343,223.343,10.0
2024-10-07 18:43:30,223.333,223.344,223.333,223.344,30.000000000000004
2024-10-07 18:43:31,223.324,223.324,223.304,223.304,20.0
2024-10-07 18:43:34,223.294,223.303,223.284,223.303,40.0
2024-10-07 18:43:36,223.314,223.314,223.314,223.314,20.0
2024-10-07 18:43:37,223.314,223.314,223.314,223.314,10.0
2024-10-07 18:43:38,223.324,223.334,223.324,223.334,20.0
2024-10-07 18:43:40,223.323,223.323,223.323,223.323,10.0
2024-10-07 18:43:41,223.304,223.304,223.283,223.283,30.000000000000004
2024-10-07 18:43:42,223.273,223.274,223.273,223.274,40.0
2024-10-07 18:43:43,223.274,223.274,223.273,223.273,20.0
2024-10-07 18:43:44,223.274,223.274,223.274,223.274,10.0
2024-10-07 18:43:46,223.244,223.244,223.243,223.243,20.0
2024-10-07 18:43:49,223.233,223.233,223.204,223.204,40.0
2024-10-07 18:43:50,223.203,223.243,223.193,223.224,50.0
2024-10-07 18:43:51,223.224,223.224,223.224,223.224,20.0
2024-10-07 18:43:52,223.224,223.224,223.203,223.203,30.000000000000004
2024-10-07 18:43:53,223.203,223.224,223.203,223.224,50.0
2024-10-07 18:43:54,223.224,223.224,223.224,223.224,10.0
2024-10-07 18:43:55,223.233,223.274,223.233,223.273,50.0
2024-10-07 18:43:56,223.273,223.284,223.273,223.284,20.0
2024-10-07 18:43:57,223.293,223.294,223.284,223.294,30.000000000000004
2024-10-07 18:43:58,223.284,223.293,223.284,223.293,20.0
2024-10-07 18:43:59,223.294,223.294,223.294,223.294,20.0
2024-10-07 18:44:00,223.303,223.334,223.303,223.334,20.0
2024-10-07 18:44:01,223.334,223.334,223.313,223.324,30.000000000000004
2024-10-07 18:44:02,223.314,223.314,223.303,223.303,30.000000000000004
2024-10-07 18:44:03,223.294,223.303,223.294,223.303,20.0
2024-10-07 18:44:06,223.293,223.293,223.284,223.284,20.0
2024-10-07 18:44:08,223.273,223.273,223.263,223.263,20.0
2024-10-07 18:44:09,223.253,223.274,223.253,223.274,40.0
2024-10-07 18:44:10,223.273,223.274,223.263,223.263,50.0
2024-10-07 18:44:11,223.274,223.274,223.273,223.273,30.000000000000004
2024-10-07 18:44:12,223.284,223.284,223.284,223.284,10.0
2024-10-07 18:44:16,223.274,223.274,223.274,223.274,10.0
2024-10-07 18:44:18,223.264,223.264,223.264,223.264,10.0
2024-10-07 18:44:19,223.273,223.284,223.273,223.284,30.000000000000004
2024-10-07 18:44:20,223.294,223.294,223.283,223.283,20.0
2024-10-07 18:44:21,223.284,223.284,223.283,223.283,20.0
2024-10-07 18:44:22,223.284,223.294,223.284,223.293,50.0
2024-10-07 18:44:23,223.294,223.294,223.294,223.294,10.0
2024-10-07 18:44:26,223.293,223.294,223.283,223.283,70.00000000000001
2024-10-07 18:44:27,223.273,223.273,223.254,223.254,30.000000000000004
2024-10-07 18:44:28,223.254,223.254,223.243,223.243,40.0
2024-10-07 18:44:29,223.224,223.224,223.203,223.204,30.000000000000004
2024-10-07 18:44:30,223.224,223.224,223.194,223.213,80.0
2024-10-07 18:44:31,223.213,223.214,223.213,223.213,60.0
2024-10-07 18:44:32,223.214,223.214,223.214,223.214,10.0
2024-10-07 18:44:33,223.204,223.204,223.193,223.193,20.0
2024-10-07 18:44:34,223.204,223.204,223.174,223.174,60.0
2024-10-07 18:44:35,223.184,223.184,223.184,223.184,20.0
2024-10-07 18:44:37,223.183,223.183,223.164,223.164,20.0
2024-10-07 18:44:38,223.163,223.163,223.153,223.153,70.00000000000001
2024-10-07 18:44:39,223.153,223.153,223.153,223.153,20.0
2024-10-07 18:44:40,223.153,223.164,223.153,223.164,30.000000000000004
2024-10-07 18:44:41,223.154,223.154,223.144,223.144,30.000000000000004
2024-10-07 18:44:42,223.134,223.144,223.114,223.144,50.0
2024-10-07 18:44:43,223.143,223.143,223.143,223.143,10.0
2024-10-07 18:44:44,223.144,223.144,223.143,223.143,40.0
2024-10-07 18:44:45,223.143,223.143,223.143,223.143,10.0
2024-10-07 18:44:46,223.143,223.143,223.143,223.143,10.0
2024-10-07 18:44:47,223.144,223.144,223.144,223.144,10.0
2024-10-07 18:44:49,223.114,223.114,223.114,223.114,10.0
2024-10-07 18:44:50,223.104,223.114,223.094,223.104,80.0
2024-10-07 18:44:51,223.104,223.113,223.104,223.113,20.0
2024-10-07 18:44:52,223.113,223.114,223.103,223.114,60.0
2024-10-07 18:44:53,223.124,223.124,223.124,223.124,10.0
2024-10-07 18:44:54,223.104,223.104,223.103,223.103,20.0
2024-10-07 18:44:55,223.093,223.093,223.074,223.093,50.0
2024-10-07 18:44:56,223.093,223.114,223.093,223.113,30.000000000000004
2024-10-07 18:44:57,223.113,223.113,223.083,223.083,50.0
2024-10-07 18:44:58,223.104,223.104,223.074,223.083,50.0
2024-10-07 18:45:00,223.084,223.113,223.084,223.104,50.0
2024-10-07 18:45:01,223.094,223.104,223.073,223.074,90.0
2024-10-07 18:45:02,223.093,223.094,223.074,223.083,60.0
2024-10-07 18:45:03,223.084,223.084,223.053,223.074,60.0
2024-10-07 18:45:04,223.084,223.114,223.084,223.114,40.0
2024-10-07 18:45:05,223.113,223.113,223.093,223.103,30.000000000000004
2024-10-07 18:45:06,223.083,223.093,223.083,223.093,20.0
2024-10-07 18:45:07,223.064,223.074,223.044,223.053,50.0
2024-10-07 18:45:08,223.033,223.074,223.033,223.074,50.0
2024-10-07 18:45:09,223.073,223.073,223.053,223.053,40.0
2024-10-07 18:45:10,223.044,223.064,223.044,223.064,50.0
2024-10-07 18:45:11,223.064,223.064,223.034,223.054,50.0
2024-10-07 18:45:12,223.053,223.074,223.053,223.074,30.000000000000004
2024-10-07 18:45:13,223.083,223.094,223.083,223.094,40.0
2024-10-07 18:45:15,223.104,223.104,223.103,223.103,20.0
2024-10-07 18:45:17,223.114,223.123,223.114,223.123,20.0
2024-10-07 18:45:18,223.123,223.123,223.084,223.084,20.0
2024-10-07 18:45:19,223.074,223.074,223.074,223.074,10.0
2024-10-07 18:45:20,223.063,223.073,223.063,223.073,20.0
2024-10-07 18:45:21,223.064,223.064,223.063,223.063,30.000000000000004
2024-10-07 18:45:22,223.053,223.064,223.053,223.064,20.0
2024-10-07 18:45:23,223.054,223.074,223.054,223.074,40.0
2024-10-07 18:45:24,223.064,223.064,223.063,223.063,20.0
2024-10-07 18:45:25,223.044,223.053,223.034,223.034,40.0
2024-10-07 18:45:26,223.024,223.034,223.024,223.033,30.000000000000004
2024-10-07 18:45:27,223.043,223.054,223.043,223.054,40.0
2024-10-07 18:45:28,223.054,223.054,223.053,223.053,20.0
2024-10-07 18:45:29,223.043,223.054,223.043,223.054,30.000000000000004
2024-10-07 18:45:30,223.063,223.064,223.063,223.064,20.0
2024-10-07 18:45:31,223.054,223.063,223.054,223.063,20.0
2024-10-07 18:45:32,223.074,223.084,223.074,223.084,30.000000000000004
2024-10-07 18:45:33,223.104,223.114,223.104,223.114,20.0
2024-10-07 18:45:34,223.113,223.113,223.113,223.113,20.0
2024-10-07 18:45:35,223.103,223.103,223.094,223.103,30.000000000000004
2024-10-07 18:45:36,223.113,223.114,223.113,223.114,30.000000000000004
2024-10-07 18:45:37,223.114,223.144,223.114,223.143,40.0
2024-10-07 18:45:38,223.144,223.144,223.143,223.143,20.0
2024-10-07 18:45:40,223.174,223.174,223.164,223.164,20.0
2024-10-07 18:45:41,223.164,223.164,223.163,223.163,20.0
2024-10-07 18:45:42,223.164,223.164,223.164,223.164,10.0
2024-10-07 18:45:43,223.164,223.164,223.164,223.164,10.0
2024-10-07 18:45:44,223.164,223.164,223.144,223.144,20.0
2024-10-07 18:45:45,223.134,223.134,223.134,223.134,10.0
2024-10-07 18:45:46,223.133,223.133,223.113,223.123,70.00000000000001
2024-10-07 18:45:47,223.123,223.123,223.123,223.123,10.0
2024-10-07 18:45:48,223.114,223.124,223.114,223.124,40.0
2024-10-07 18:45:49,223.114,223.114,223.114,223.114,10.0
2024-10-07 18:45:50,223.123,223.123,223.113,223.113,20.0
2024-10-07 18:45:52,223.094,223.094,223.094,223.094,10.0
2024-10-07 18:45:53,223.123,223.123,223.123,223.123,20.0
2024-10-07 18:45:54,223.123,223.123,223.123,223.123,10.0
2024-10-07 18:45:55,223.124,223.124,223.124,223.124,10.0
2024-10-07 18:45:56,223.143,223.163,223.143,223.163,20.0
2024-10-07 18:45:58,223.144,223.153,223.143,223.153,40.0
2024-10-07 18:45:59,223.164,223.164,223.163,223.163,50.0
2024-10-07 18:46:00,223.144,223.144,223.074,223.074,70.00000000000001
2024-10-07 18:46:01,223.064,223.064,223.054,223.064,60.0
2024-10-07 18:46:02,223.073,223.083,223.063,223.073,70.00000000000001
2024-10-07 18:46:03,223.074,223.074,223.073,223.073,20.0
2024-10-07 18:46:04,223.053,223.054,223.003,223.014,50.0
2024-10-07 18:46:05,222.974,222.974,222.953,222.964,100.0
2024-10-07 18:46:06,222.953,222.954,222.953,222.954,30.000000000000004
2024-10-07 18:46:07,222.924,222.934,222.914,222.914,30.000000000000004
2024-10-07 18:46:08,222.924,222.924,222.923,222.923,30.000000000000004
2024-10-07 18:46:09,222.933,222.934,222.924,222.934,30.000000000000004
2024-10-07 18:46:10,222.944,222.944,222.904,222.934,60.0
2024-10-07 18:46:11,222.903,222.924,222.903,222.924,50.0
2024-10-07 18:46:12,222.933,222.954,222.933,222.944,40.0
2024-10-07 18:46:13,222.944,222.963,222.944,222.963,30.000000000000004
2024-10-07 18:46:14,222.983,223.013,222.983,222.983,30.000000000000004
2024-10-07 18:46:15,222.983,223.013,222.983,222.993,70.00000000000001
2024-10-07 18:46:16,222.993,223.004,222.993,222.994,30.000000000000004
2024-10-07 18:46:17,222.993,223.004,222.993,223.004,30.000000000000004
2024-10-07 18:46:18,223.004,223.004,222.983,222.993,50.0
2024-10-07 18:46:19,222.994,223.004,222.983,222.983,110.0
2024-10-07 18:46:20,223.003,223.004,222.983,222.983,50.0
2024-10-07 18:46:21,222.984,222.994,222.984,222.994,20.0
2024-10-07 18:46:22,222.983,222.983,222.983,222.983,10.0
2024-10-07 18:46:23,222.984,223.033,222.984,223.033,50.0
2024-10-07 18:46:24,223.053,223.053,223.053,223.053,10.0
2024-10-07 18:46:25,223.054,223.054,223.043,223.043,20.0
2024-10-07 18:46:26,223.053,223.053,223.043,223.043,20.0
2024-10-07 18:46:27,223.034,223.034,223.003,223.003,50.0
2024-10-07 18:46:28,222.994,222.994,222.994,222.994,10.0
2024-10-07 18:46:29,222.984,222.984,222.973,222.973,40.0
2024-10-07 18:46:30,222.973,222.973,222.973,222.973,10.0
2024-10-07 18:46:31,222.973,222.984,222.973,222.974,50.0
2024-10-07 18:46:32,222.984,222.984,222.974,222.983,30.000000000000004
2024-10-07 18:46:33,222.974,222.994,222.973,222.993,60.0
2024-10-07 18:46:34,222.984,222.993,222.984,222.993,20.0
2024-10-07 18:46:36,222.993,222.993,222.943,222.953,40.0
2024-10-07 18:46:38,222.933,222.964,222.933,222.964,30.000000000000004
2024-10-07 18:46:39,222.943,222.943,222.934,222.934,20.0
2024-10-07 18:46:40,222.923,222.924,222.923,222.924,20.0
2024-10-07 18:46:41,222.933,222.954,222.933,222.954,40.0
2024-10-07 18:46:42,222.943,222.943,222.934,222.934,40.0
2024-10-07 18:46:43,222.944,222.954,222.943,222.954,60.0
2024-10-07 18:46:44,222.954,222.954,222.954,222.954,20.0
2024-10-07 18:46:45,222.934,222.934,222.923,222.934,40.0
2024-10-07 18:46:46,222.924,222.924,222.894,222.923,30.000000000000004
2024-10-07 18:46:47,222.894,222.894,222.894,222.894,20.0
2024-10-07 18:46:48,222.884,222.893,222.884,222.893,20.0
2024-10-07 18:46:49,222.893,222.903,222.893,222.894,30.000000000000004
2024-10-07 18:46:50,222.903,222.934,222.903,222.934,60.0
2024-10-07 18:46:51,222.943,222.954,222.933,222.933,60.0
2024-10-07 18:46:52,222.913,222.913,222.913,222.913,10.0
2024-10-07 18:46:53,222.933,222.934,222.933,222.934,20.0
2024-10-07 18:46:54,222.934,222.934,222.903,222.903,60.0
2024-10-07 18:46:55,222.894,222.904,222.894,222.904,50.0
2024-10-07 18:46:56,222.913,222.924,222.913,222.923,60.0
2024-10-07 18:46:57,222.923,222.924,222.923,222.923,30.000000000000004
2024-10-07 18:46:59,222.924,222.924,222.883,222.914,40.0
2024-10-07 18:47:00,222.904,222.904,222.874,222.893,40.0
2024-10-07 18:47:01,222.863,222.863,222.833,222.833,60.0
2024-10-07 18:47:02,222.824,222.844,222.824,222.843,50.0
2024-10-07 18:47:03,222.833,222.833,222.733,222.733,50.0
2024-10-07 18:47:04,222.733,222.743,222.713,222.724,70.00000000000001
2024-10-07 18:47:05,222.724,222.744,222.703,222.743,100.0
2024-10-07 18:47:06,222.754,222.754,222.753,222.753,40.0
2024-10-07 18:47:07,222.754,222.754,222.724,222.724,40.0
2024-10-07 18:47:08,222.724,222.724,222.703,222.713,50.0
2024-10-07 18:47:09,222.713,222.713,222.713,222.713,20.0
2024-10-07 18:47:10,222.683,222.733,222.683,222.733,60.0
2024-10-07 18:47:11,222.733,222.733,222.733,222.733,30.000000000000004
2024-10-07 18:47:12,222.744,222.823,222.743,222.823,80.0
2024-10-07 18:47:13,222.823,222.833,222.823,222.833,30.000000000000004
2024-10-07 18:47:14,222.843,222.843,222.803,222.813,30.000000000000004
2024-10-07 18:47:15,222.834,222.863,222.834,222.863,50.0
2024-10-07 18:47:16,222.863,222.883,222.853,222.874,50.0
2024-10-07 18:47:19,222.863,222.874,222.863,222.874,30.000000000000004
2024-10-07 18:47:20,222.874,222.874,222.854,222.854,40.0
2024-10-07 18:47:21,222.854,222.854,222.843,222.843,20.0
2024-10-07 18:47:22,222.833,222.864,222.804,222.804,60.0
2024-10-07 18:47:23,222.804,222.804,222.783,222.783,40.0
2024-10-07 18:47:24,222.763,222.763,222.763,222.763,10.0
2024-10-07 18:47:25,222.784,222.794,222.784,222.794,40.0
2024-10-07 18:47:26,222.774,222.784,222.774,222.783,40.0
2024-10-07 18:47:27,222.784,222.784,222.733,222.733,40.0
2024-10-07 18:47:28,222.744,222.744,222.744,222.744,10.0
2024-10-07 18:47:29,222.754,222.754,222.754,222.754,10.0
2024-10-07 18:47:30,222.744,222.744,222.744,222.744,10.0
2024-10-07 18:47:32,222.734,222.754,222.734,222.753,40.0
2024-10-07 18:47:33,222.744,222.744,222.734,222.734,20.0
2024-10-07 18:47:34,222.743,222.784,222.743,222.784,40.0
2024-10-07 18:47:36,222.794,222.794,222.784,222.784,30.000000000000004
2024-10-07 18:47:37,222.773,222.774,222.773,222.774,20.0
2024-10-07 18:47:40,222.753,222.763,222.753,222.763,30.000000000000004
2024-10-07 18:47:41,222.763,222.763,222.743,222.743,20.0
2024-10-07 18:47:43,222.734,222.734,222.724,222.724,20.0
2024-10-07 18:47:44,222.733,222.733,222.724,222.724,20.0
2024-10-07 18:47:45,222.713,222.713,222.703,222.713,30.000000000000004
2024-10-07 18:47:46,222.723,222.723,222.714,222.714,20.0
2024-10-07 18:47:47,222.693,222.694,222.693,222.693,30.000000000000004
2024-10-07 18:47:48,222.684,222.684,222.684,222.684,10.0
2024-10-07 18:47:49,222.714,222.714,222.714,222.714,10.0
2024-10-07 18:47:50,222.703,222.734,222.703,222.734,60.0
2024-10-07 18:47:51,222.734,222.734,222.734,222.734,30.000000000000004
2024-10-07 18:47:52,222.733,222.753,222.733,222.753,30.000000000000004
2024-10-07 18:47:54,222.753,222.764,222.744,222.744,40.0
2024-10-07 18:47:55,222.744,222.754,222.734,222.754,40.0
2024-10-07 18:47:56,222.754,222.754,222.754,222.754,10.0
2024-10-07 18:47:57,222.763,222.763,222.763,222.763,10.0
2024-10-07 18:47:58,222.744,222.744,222.734,222.734,20.0
2024-10-07 18:47:59,222.724,222.734,222.724,222.734,20.0
2024-10-07 18:48:00,222.733,222.733,222.703,222.703,40.0
2024-10-07 18:48:01,222.723,222.764,222.723,222.744,50.0
2024-10-07 18:48:02,222.734,222.734,222.673,222.673,80.0
2024-10-07 18:48:03,222.663,222.694,222.663,222.694,80.0
2024-10-07 18:48:04,222.703,222.714,222.703,222.714,20.0
2024-10-07 18:48:05,222.733,222.733,222.733,222.733,10.0
2024-10-07 18:48:06,222.744,222.744,222.724,222.724,40.0
2024-10-07 18:48:07,222.713,222.713,222.683,222.704,40.0
2024-10-07 18:48:08,222.693,222.693,222.674,222.693,30.000000000000004
2024-10-07 18:48:11,222.674,222.674,222.653,222.653,70.00000000000001
2024-10-07 18:48:12,222.663,222.683,222.663,222.683,40.0
2024-10-07 18:48:13,222.693,222.693,222.683,222.693,50.0
2024-10-07 18:48:14,222.683,222.683,222.683,222.683,10.0
2024-10-07 18:48:15,222.693,222.714,222.693,222.704,60.0
2024-10-07 18:48:16,222.693,222.693,222.683,222.683,20.0
2024-10-07 18:48:17,222.684,222.694,222.684,222.694,60.0
2024-10-07 18:48:18,222.704,222.704,222.703,222.703,30.000000000000004
2024-10-07 18:48:19,222.704,222.704,222.704,222.704,10.0
2024-10-07 18:48:20,222.673,222.673,222.673,222.673,10.0
2024-10-07 18:48:21,222.673,222.684,222.673,222.683,70.00000000000001
2024-10-07 18:48:22,222.684,222.704,222.684,222.704,20.0
2024-10-07 18:48:23,222.693,222.704,222.684,222.684,60.0
2024-10-07 18:48:24,222.684,222.684,222.683,222.683,20.0
2024-10-07 18:48:25,222.684,222.684,222.633,222.633,50.0
2024-10-07 18:48:26,222.644,222.644,222.644,222.644,10.0
2024-10-07 18:48:27,222.623,222.623,222.623,222.623,10.0
2024-10-07 18:48:28,222.623,222.623,222.614,222.623,30.000000000000004
2024-10-07 18:48:29,222.613,222.613,222.594,222.594,20.0
2024-10-07 18:48:30,222.594,222.594,222.584,222.584,40.0
2024-10-07 18:48:31,222.583,222.583,222.573,222.573,20.0
2024-10-07 18:48:32,222.583,222.583,222.583,222.583,10.0
2024-10-07 18:48:34,222.583,222.584,222.573,222.573,50.0
2024-10-07 18:48:35,222.573,222.573,222.563,222.563,30.000000000000004
2024-10-07 18:48:36,222.553,222.553,222.553,222.553,10.0
2024-10-07 18:48:37,222.574,222.574,222.574,222.574,10.0
2024-10-07 18:48:38,222.553,222.554,222.544,222.544,40.0
2024-10-07 18:48:39,222.533,222.533,222.494,222.494,30.000000000000004
2024-10-07 18:48:40,222.483,222.483,222.454,222.463,60.0
2024-10-07 18:48:41,222.444,222.464,222.444,222.463,30.000000000000004
2024-10-07 18:48:42,222.483,222.493,222.473,222.493,50.0
2024-10-07 18:48:43,222.494,222.514,222.494,222.514,40.0
2024-10-07 18:48:44,222.503,222.503,222.503,222.503,20.0
2024-10-07 18:48:47,222.493,222.493,222.473,222.473,20.0
2024-10-07 18:48:48,222.474,222.474,222.464,222.464,50.0
2024-10-07 18:48:49,222.463,222.463,222.433,222.433,30.000000000000004
2024-10-07 18:48:50,222.413,222.423,222.413,222.413,30.000000000000004
2024-10-07 18:48:51,222.414,222.424,222.413,222.413,40.0
2024-10-07 18:48:52,222.414,222.424,222.414,222.424,30.000000000000004
2024-10-07 18:48:54,222.434,222.434,222.434,222.434,10.0
2024-10-07 18:48:55,222.434,222.434,222.433,222.433,30.000000000000004
2024-10-07 18:48:57,222.453,222.454,222.443,222.454,40.0
2024-10-07 18:48:58,222.453,222.454,222.453,222.454,40.0
2024-10-07 18:48:59,222.473,222.473,222.473,222.473,10.0
2024-10-07 18:49:00,222.454,222.463,222.454,222.463,20.0
2024-10-07 18:49:01,222.453,222.463,222.434,222.454,50.0
2024-10-07 18:49:02,222.463,222.463,222.444,222.454,30.000000000000004
2024-10-07 18:49:03,222.463,222.463,222.423,222.423,40.0
2024-10-07 18:49:04,222.423,222.423,222.414,222.423,40.0
2024-10-07 18:49:05,222.413,222.413,222.413,222.413,20.0
2024-10-07 18:49:06,222.413,222.413,222.413,222.413,30.000000000000004
2024-10-07 18:49:07,222.423,222.423,222.423,222.423,10.0
2024-10-07 18:49:08,222.403,222.424,222.403,222.424,50.0
2024-10-07 18:49:09,222.423,222.424,222.423,222.423,30.000000000000004
2024-10-07 18:49:10,222.383,222.383,222.354,222.363,40.0
2024-10-07 18:49:11,222.374,222.403,222.364,222.403,60.0
2024-10-07 18:49:12,222.403,222.404,222.394,222.404,40.0
2024-10-07 18:49:13,222.413,222.414,222.404,222.404,40.0
2024-10-07 18:49:14,222.414,222.424,222.404,222.424,40.0
2024-10-07 18:49:15,222.453,222.453,222.443,222.453,30.000000000000004
2024-10-07 18:49:16,222.434,222.434,222.424,222.434,40.0
2024-10-07 18:49:17,222.433,222.444,222.433,222.444,30.000000000000004
2024-10-07 18:49:19,222.454,222.473,222.454,222.473,40.0
2024-10-07 18:49:20,222.473,222.474,222.463,222.463,40.0
2024-10-07 18:49:21,222.463,222.473,222.463,222.473,30.000000000000004
2024-10-07 18:49:22,222.444,222.474,222.444,222.474,20.0
2024-10-07 18:49:23,222.473,222.493,222.473,222.484,50.0
2024-10-07 18:49:24,222.464,222.464,222.464,222.464,10.0
2024-10-07 18:49:25,222.473,222.484,222.473,222.484,50.0
2024-10-07 18:49:26,222.483,222.483,222.483,222.483,20.0
2024-10-07 18:49:27,222.483,222.494,222.483,222.494,40.0
2024-10-07 18:49:28,222.493,222.493,222.493,222.493,10.0
2024-10-07 18:49:30,222.473,222.473,222.463,222.463,20.0
2024-10-07 18:49:31,222.454,222.454,222.434,222.443,40.0
2024-10-07 18:49:32,222.444,222.473,222.444,222.473,40.0
2024-10-07 18:49:33,222.484,222.494,222.474,222.474,40.0
2024-10-07 18:49:34,222.463,222.473,222.463,222.473,20.0
2024-10-07 18:49:36,222.463,222.473,222.454,222.454,40.0
2024-10-07 18:49:37,222.443,222.454,222.443,222.454,30.000000000000004
2024-10-07 18:49:38,222.473,222.473,222.463,222.463,20.0
2024-10-07 18:49:39,222.483,222.483,222.483,222.483,10.0
2024-10-07 18:49:40,222.484,222.484,222.453,222.463,40.0
2024-10-07 18:49:41,222.443,222.464,222.433,222.433,40.0
2024-10-07 18:49:42,222.454,222.464,222.453,222.453,60.0
2024-10-07 18:49:43,222.464,222.464,222.464,222.464,10.0
2024-10-07 18:49:45,222.444,222.444,222.443,222.443,20.0
2024-10-07 18:49:46,222.444,222.444,222.434,222.434,20.0
2024-10-07 18:49:47,222.424,222.424,222.414,222.414,30.000000000000004
2024-10-07 18:49:48,222.433,222.433,222.433,222.433,10.0
2024-10-07 18:49:49,222.444,222.444,222.424,222.424,20.0
2024-10-07 18:49:50,222.444,222.444,222.434,222.434,20.0
2024-10-07 18:49:52,222.423,222.444,222.423,222.434,40.0
2024-10-07 18:49:53,222.443,222.503,222.443,222.494,50.0
2024-10-07 18:49:54,222.503,222.523,222.503,222.523,20.0
2024-10-07 18:49:55,222.533,222.533,222.523,222.533,60.0
2024-10-07 18:49:56,222.543,222.554,222.543,222.554,20.0
2024-10-07 18:49:57,222.544,222.554,222.523,222.523,60.0
2024-10-07 18:49:58,222.533,222.533,222.533,222.533,10.0
2024-10-07 18:50:00,222.503,222.524,222.433,222.463,80.0
2024-10-07 18:50:01,222.463,222.464,222.453,222.464,40.0
2024-10-07 18:50:03,222.433,222.433,222.433,222.433,10.0
2024-10-07 18:50:04,222.433,222.434,222.433,222.434,20.0
2024-10-07 18:50:05,222.464,222.464,222.464,222.464,30.000000000000004
2024-10-07 18:50:06,222.464,222.464,222.443,222.443,20.0
2024-10-07 18:50:07,222.424,222.424,222.424,222.424,10.0
2024-10-07 18:50:08,222.414,222.414,222.414,222.414,30.000000000000004
2024-10-07 18:50:10,222.404,222.404,222.394,222.404,30.000000000000004
2024-10-07 18:50:11,222.414,222.414,222.413,222.413,20.0
2024-10-07 18:50:13,222.414,222.414,222.394,222.394,20.0
2024-10-07 18:50:14,222.394,222.394,222.394,222.394,40.0
2024-10-07 18:50:15,222.394,222.394,222.394,222.394,10.0
2024-10-07 18:50:16,222.394,222.424,222.394,222.424,30.000000000000004
2024-10-07 18:50:17,222.433,222.434,222.423,222.423,40.0
2024-10-07 18:50:18,222.423,222.423,222.423,222.423,10.0
2024-10-07 18:50:19,222.423,222.423,222.423,222.423,20.0
2024-10-07 18:50:20,222.404,222.404,222.404,222.404,10.0
2024-10-07 18:50:21,222.384,222.423,222.384,222.423,40.0
2024-10-07 18:50:22,222.423,222.494,222.423,222.494,50.0
2024-10-07 18:50:23,222.483,222.513,222.483,222.504,40.0
2024-10-07 18:50:24,222.503,222.504,222.493,222.504,40.0
2024-10-07 18:50:25,222.504,222.504,222.504,222.504,20.0
2024-10-07 18:50:26,222.534,222.534,222.493,222.493,60.0
2024-10-07 18:50:27,222.504,222.504,222.483,222.483,50.0
2024-10-07 18:50:28,222.494,222.504,222.474,222.504,80.0
2024-10-07 18:50:29,222.504,222.513,222.503,222.503,40.0
2024-10-07 18:50:30,222.473,222.494,222.473,222.494,20.0
2024-10-07 18:50:31,222.514,222.514,222.514,222.514,20.0
2024-10-07 18:50:32,222.524,222.524,222.504,222.523,70.00000000000001
2024-10-07 18:50:33,222.524,222.524,222.513,222.513,40.0
2024-10-07 18:50:34,222.544,222.564,222.544,222.553,70.00000000000001
2024-10-07 18:50:35,222.563,222.573,222.553,222.553,50.0
2024-10-07 18:50:36,222.554,222.563,222.554,222.563,20.0
2024-10-07 18:50:37,222.574,222.574,222.574,222.574,10.0
2024-10-07 18:50:38,222.573,222.594,222.573,222.583,30.000000000000004
2024-10-07 18:50:39,222.594,222.594,222.594,222.594,10.0
2024-10-07 18:50:40,222.573,222.573,222.563,222.563,20.0
2024-10-07 18:50:41,222.564,222.564,222.564,222.564,10.0
2024-10-07 18:50:43,222.544,222.544,222.543,222.543,20.0
2024-10-07 18:50:44,222.534,222.534,222.534,222.534,10.0
2024-10-07 18:50:46,222.534,222.534,222.524,222.524,30.000000000000004
2024-10-07 18:50:47,222.513,222.513,222.493,222.494,30.000000000000004
2024-10-07 18:50:49,222.474,222.474,222.473,222.473,20.0
2024-10-07 18:50:50,222.473,222.473,222.424,222.443,50.0
2024-10-07 18:50:51,222.443,222.454,222.443,222.454,30.000000000000004
2024-10-07 18:50:52,222.453,222.454,222.453,222.454,40.0
2024-10-07 18:50:53,222.444,222.454,222.444,222.454,20.0
2024-10-07 18:50:54,222.444,222.444,222.444,222.444,10.0
2024-10-07 18:50:55,222.443,222.454,222.443,222.453,40.0
2024-10-07 18:50:56,222.463,222.473,222.463,222.473,20.0
2024-10-07 18:50:57,222.474,222.484,222.474,222.484,20.0
2024-10-07 18:50:58,222.474,222.474,222.454,222.454,30.000000000000004
2024-10-07 18:50:59,222.454,222.494,222.454,222.494,40.0
2024-10-07 18:51:00,222.473,222.473,222.464,222.464,20.0
2024-10-07 18:51:01,222.433,222.433,222.403,222.403,20.0
2024-10-07 18:51:02,222.404,222.404,222.394,222.403,40.0
2024-10-07 18:51:03,222.383,222.424,222.383,222.424,50.0
2024-10-07 18:51:04,222.404,222.404,222.404,222.404,20.0
2024-10-07 18:51:05,222.414,222.414,222.393,222.393,50.0
2024-10-07 18:51:07,222.383,222.383,222.364,222.364,30.000000000000004
2024-10-07 18:51:08,222.354,222.354,222.323,222.323,20.0
2024-10-07 18:51:09,222.334,222.363,222.334,222.354,60.0
2024-10-07 18:51:10,222.353,222.353,222.333,222.334,30.000000000000004
2024-10-07 18:51:11,222.334,222.373,222.334,222.373,60.0
2024-10-07 18:51:12,222.384,222.393,222.354,222.354,80.0
2024-10-07 18:51:13,222.363,222.373,222.354,222.373,50.0
2024-10-07 18:51:14,222.363,222.363,222.354,222.354,30.000000000000004
2024-10-07 18:51:15,222.364,222.374,222.364,222.374,30.000000000000004
2024-10-07 18:51:16,222.364,222.374,222.364,222.374,20.0
2024-10-07 18:51:17,222.374,222.384,222.374,222.384,30.000000000000004
2024-10-07 18:51:18,222.384,222.384,222.374,222.374,40.0
2024-10-07 18:51:19,222.384,222.384,222.383,222.383,20.0
2024-10-07 18:51:20,222.373,222.384,222.373,222.384,30.000000000000004
2024-10-07 18:51:21,222.353,222.364,222.334,222.364,60.0
2024-10-07 18:51:22,222.353,222.353,222.353,222.353,10.0
2024-10-07 18:51:23,222.353,222.364,222.353,222.364,30.000000000000004
2024-10-07 18:51:24,222.354,222.363,222.353,222.363,30.000000000000004
2024-10-07 18:51:25,222.343,222.354,222.343,222.354,40.0
2024-10-07 18:51:26,222.344,222.344,222.334,222.343,40.0
2024-10-07 18:51:27,222.324,222.324,222.294,222.303,50.0
2024-10-07 18:51:28,222.293,222.313,222.293,222.313,50.0
2024-10-07 18:51:29,222.303,222.313,222.303,222.313,20.0
2024-10-07 18:51:30,222.283,222.293,222.274,222.274,40.0
2024-10-07 18:51:31,222.283,222.294,222.283,222.294,20.0
2024-10-07 18:51:32,222.294,222.323,222.294,222.304,70.00000000000001
2024-10-07 18:51:33,222.293,222.293,222.283,222.283,20.0
2024-10-07 18:51:34,222.304,222.304,222.304,222.304,10.0
2024-10-07 18:51:36,222.304,222.304,222.304,222.304,10.0
2024-10-07 18:51:38,222.273,222.273,222.273,222.273,10.0
2024-10-07 18:51:39,222.274,222.304,222.263,222.304,60.0
2024-10-07 18:51:40,222.303,222.303,222.303,222.303,10.0
2024-10-07 18:51:41,222.293,222.313,222.293,222.313,20.0
2024-10-07 18:51:42,222.314,222.314,222.303,222.313,50.0
2024-10-07 18:51:43,222.324,222.344,222.324,222.343,40.0
2024-10-07 18:51:46,222.344,222.354,222.344,222.354,20.0
2024-10-07 18:51:47,222.354,222.363,222.343,222.343,30.000000000000004
2024-10-07 18:51:48,222.354,222.364,222.313,222.313,40.0
2024-10-07 18:51:49,222.303,222.324,222.303,222.324,20.0
2024-10-07 18:51:50,222.324,222.344,222.324,222.344,40.0
2024-10-07 18:51:51,222.334,222.334,222.324,222.324,30.000000000000004
2024-10-07 18:51:53,222.333,222.333,222.333,222.333,10.0
2024-10-07 18:51:54,222.323,222.353,222.323,222.353,30.000000000000004
2024-10-07 18:51:55,222.343,222.343,222.343,222.343,10.0
2024-10-07 18:51:56,222.333,222.343,222.313,222.343,50.0
2024-10-07 18:51:57,222.303,222.303,222.303,222.303,10.0
2024-10-07 18:51:58,222.344,222.344,222.344,222.344,10.0
2024-10-07 18:51:59,222.304,222.304,222.304,222.304,10.0
2024-10-07 18:52:00,222.313,222.313,222.283,222.284,40.0
2024-10-07 18:52:01,222.273,222.303,222.273,222.303,40.0
2024-10-07 18:52:02,222.313,222.323,222.313,222.323,20.0
2024-10-07 18:52:03,222.354,222.354,222.344,222.344,20.0
2024-10-07 18:52:04,222.333,222.344,222.333,222.344,20.0
2024-10-07 18:52:05,222.353,222.423,222.353,222.423,50.0
2024-10-07 18:52:06,222.413,222.443,222.413,222.443,40.0
2024-10-07 18:52:07,222.423,222.473,222.423,222.473,40.0
2024-10-07 18:52:08,222.493,222.493,222.473,222.473,30.000000000000004
2024-10-07 18:52:09,222.463,222.463,222.463,222.463,10.0
2024-10-07 18:52:12,222.463,222.514,222.463,222.514,40.0
2024-10-07 18:52:13,222.514,222.523,222.513,222.514,40.0
2024-10-07 18:52:14,222.523,222.533,222.523,222.533,20.0
2024-10-07 18:52:15,222.523,222.524,222.493,222.524,60.0
2024-10-07 18:52:16,222.523,222.524,222.513,222.524,40.0
2024-10-07 18:52:17,222.543,222.543,222.533,222.533,30.000000000000004
2024-10-07 18:52:18,222.543,222.593,222.543,222.593,30.000000000000004
2024-10-07 18:52:19,222.574,222.574,222.543,222.543,40.0
2024-10-07 18:52:20,222.524,222.544,222.513,222.524,60.0
2024-10-07 18:52:21,222.514,222.514,222.494,222.503,60.0
2024-10-07 18:52:22,222.513,222.513,222.513,222.513,10.0
2024-10-07 18:52:23,222.514,222.514,222.513,222.514,50.0
2024-10-07 18:52:24,222.514,222.514,222.493,222.493,20.0
2024-10-07 18:52:25,222.474,222.494,222.474,222.494,20.0
2024-10-07 18:52:26,222.504,222.504,222.473,222.474,80.0
2024-10-07 18:52:27,222.473,222.473,222.463,222.463,20.0
2024-10-07 18:52:28,222.463,222.464,222.454,222.464,50.0
2024-10-07 18:52:29,222.464,222.464,222.453,222.463,40.0
2024-10-07 18:52:30,222.463,222.464,222.413,222.424,60.0
2024-10-07 18:52:31,222.414,222.414,222.404,222.414,30.000000000000004
2024-10-07 18:52:32,222.443,222.443,222.443,222.443,10.0
2024-10-07 18:52:33,222.453,222.463,222.453,222.463,30.000000000000004
2024-10-07 18:52:34,222.454,222.454,222.433,222.433,40.0
2024-10-07 18:52:35,222.424,222.444,222.424,222.444,30.000000000000004
2024-10-07 18:52:36,222.443,222.443,222.443,222.443,10.0
2024-10-07 18:52:37,222.443,222.454,222.443,222.454,20.0
2024-10-07 18:52:38,222.434,222.453,222.434,222.453,20.0
2024-10-07 18:52:40,222.464,222.464,222.453,222.463,40.0
2024-10-07 18:52:41,222.453,222.453,222.453,222.453,20.0
2024-10-07 18:52:42,222.444,222.453,222.444,222.453,20.0
2024-10-07 18:52:43,222.443,222.443,222.443,222.443,20.0
2024-10-07 18:52:44,222.464,222.464,222.464,222.464,10.0
2024-10-07 18:52:45,222.484,222.484,222.484,222.484,10.0
2024-10-07 18:52:46,222.454,222.463,222.433,222.444,80.0
2024-10-07 18:52:47,222.453,222.463,222.423,222.433,50.0
2024-10-07 18:52:48,222.433,222.433,222.403,222.403,40.0
2024-10-07 18:52:49,222.413,222.433,222.413,222.414,70.00000000000001
2024-10-07 18:52:50,222.423,222.434,222.404,222.434,40.0
2024-10-07 18:52:51,222.434,222.434,222.414,222.433,40.0
2024-10-07 18:52:52,222.413,222.413,222.403,222.413,30.000000000000004
2024-10-07 18:52:53,222.394,222.394,222.383,222.383,20.0
2024-10-07 18:52:54,222.384,222.384,222.374,222.374,20.0
2024-10-07 18:52:55,222.414,222.493,222.403,222.464,60.0
2024-10-07 18:52:56,222.453,222.473,222.453,222.473,30.000000000000004
2024-10-07 18:52:57,222.464,222.473,222.464,222.473,30.000000000000004
2024-10-07 18:52:58,222.474,222.474,222.474,222.474,10.0
2024-10-07 18:53:00,222.433,222.473,222.433,222.473,30.000000000000004
2024-10-07 18:53:01,222.484,222.493,222.484,222.493,30.000000000000004
2024-10-07 18:53:02,222.503,222.504,222.493,222.494,40.0
2024-10-07 18:53:03,222.474,222.474,222.474,222.474,10.0
2024-10-07 18:53:04,222.493,222.503,222.483,222.483,80.0
2024-10-07 18:53:05,222.493,222.493,222.493,222.493,10.0
2024-10-07 18:53:06,222.494,222.494,222.473,222.473,20.0
2024-10-07 18:53:07,222.493,222.493,222.493,222.493,10.0
2024-10-07 18:53:08,222.474,222.474,222.474,222.474,10.0
2024-10-07 18:53:09,222.444,222.444,222.433,222.433,30.000000000000004
2024-10-07 18:53:10,222.434,222.454,222.434,222.454,40.0
2024-10-07 18:53:11,222.464,222.494,222.453,222.453,30.000000000000004
2024-10-07 18:53:12,222.473,222.493,222.454,222.454,40.0
2024-10-07 18:53:13,222.464,222.464,222.464,222.464,10.0
2024-10-07 18:53:14,222.443,222.484,222.443,222.484,40.0
2024-10-07 18:53:15,222.493,222.493,222.483,222.483,40.0
2024-10-07 18:53:17,222.463,222.463,222.443,222.444,50.0
2024-10-07 18:53:18,222.434,222.464,222.434,222.464,40.0
2024-10-07 18:53:19,222.454,222.454,222.443,222.443,30.000000000000004
2024-10-07 18:53:20,222.423,222.453,222.423,222.443,30.000000000000004
2024-10-07 18:53:21,222.453,222.453,222.444,222.444,20.0
2024-10-07 18:53:22,222.403,222.403,222.403,222.403,10.0
2024-10-07 18:53:23,222.404,222.404,222.363,222.364,50.0
2024-10-07 18:53:24,222.373,222.373,222.363,222.373,30.000000000000004
2024-10-07 18:53:25,222.383,222.403,222.383,222.383,40.0
2024-10-07 18:53:27,222.383,222.383,222.383,222.383,20.0
2024-10-07 18:53:28,222.373,222.373,222.373,222.373,10.0
2024-10-07 18:53:29,222.363,222.363,222.354,222.354,20.0
2024-10-07 18:53:30,222.353,222.353,222.344,222.344,20.0
2024-10-07 18:53:31,222.333,222.334,222.333,222.334,20.0
2024-10-07 18:53:32,222.313,222.313,222.293,222.304,50.0
2024-10-07 18:53:33,222.303,222.304,222.303,222.303,50.0
2024-10-07 18:53:34,222.284,222.303,222.284,222.303,30.000000000000004
2024-10-07 18:53:35,222.283,222.284,222.273,222.284,30.000000000000004
2024-10-07 18:53:36,222.293,222.304,222.273,222.273,70.00000000000001
2024-10-07 18:53:37,222.264,222.264,222.264,222.264,10.0
2024-10-07 18:53:38,222.263,222.304,222.263,222.304,70.00000000000001
2024-10-07 18:53:39,222.294,222.303,222.294,222.303,30.000000000000004
2024-10-07 18:53:40,222.304,222.314,222.304,222.314,20.0
2024-10-07 18:53:41,222.303,222.314,222.284,222.313,60.0
2024-10-07 18:53:43,222.304,222.304,222.304,222.304,10.0
2024-10-07 18:53:44,222.304,222.304,222.304,222.304,10.0
2024-10-07 18:53:45,222.313,222.324,222.313,222.324,20.0
2024-10-07 18:53:46,222.314,222.314,222.314,222.314,10.0
2024-10-07 18:53:47,222.303,222.314,222.303,222.314,20.0
2024-10-07 18:53:48,222.334,222.343,222.334,222.343,30.000000000000004
2024-10-07 18:53:49,222.354,222.373,222.354,222.373,40.0
2024-10-07 18:53:50,222.343,222.374,222.343,222.354,30.000000000000004
2024-10-07 18:53:51,222.353,222.374,222.353,222.373,30.000000000000004
2024-10-07 18:53:52,222.394,222.394,222.384,222.384,20.0
2024-10-07 18:53:53,222.363,222.374,222.353,222.373,70.00000000000001
2024-10-07 18:53:54,222.384,222.384,222.343,222.373,70.00000000000001
2024-10-07 18:53:55,222.363,222.363,222.363,222.363,10.0
2024-10-07 18:53:56,222.324,222.324,222.324,222.324,20.0
2024-10-07 18:53:57,222.324,222.364,222.324,222.364,50.0
2024-10-07 18:53:58,222.364,222.364,222.363,222.363,20.0
2024-10-07 18:53:59,222.364,222.364,222.363,222.364,30.000000000000004
2024-10-07 18:54:00,222.323,222.323,222.293,222.293,50.0
2024-10-07 18:54:01,222.294,222.294,222.274,222.274,50.0
2024-10-07 18:54:02,222.264,222.304,222.264,222.304,60.0
2024-10-07 18:54:04,222.284,222.304,222.284,222.304,50.0
2024-10-07 18:54:05,222.293,222.293,222.293,222.293,10.0
2024-10-07 18:54:06,222.324,222.324,222.293,222.293,40.0
2024-10-07 18:54:07,222.284,222.303,222.284,222.294,30.000000000000004
2024-10-07 18:54:08,222.273,222.283,222.273,222.283,40.0
2024-10-07 18:54:09,222.314,222.314,222.304,222.304,20.0
2024-10-07 18:54:10,222.274,222.304,222.274,222.304,30.000000000000004
2024-10-07 18:54:11,222.313,222.313,222.253,222.273,60.0
2024-10-07 18:54:12,222.293,222.303,222.263,222.303,80.0
2024-10-07 18:54:13,222.274,222.304,222.264,222.294,70.00000000000001
2024-10-07 18:54:14,222.294,222.294,222.293,222.293,20.0
2024-10-07 18:54:15,222.304,222.304,222.304,222.304,10.0
2024-10-07 18:54:16,222.304,222.304,222.294,222.294,20.0
2024-10-07 18:54:17,222.294,222.304,222.294,222.304,30.000000000000004
2024-10-07 18:54:18,222.314,222.314,222.314,222.314,30.000000000000004
2024-10-07 18:54:19,222.333,222.344,222.333,222.344,20.0
2024-10-07 18:54:20,222.364,222.364,222.334,222.343,40.0
2024-10-07 18:54:21,222.343,222.343,222.324,222.343,40.0
2024-10-07 18:54:22,222.324,222.344,222.323,222.334,50.0
2024-10-07 18:54:23,222.343,222.344,222.334,222.334,40.0
2024-10-07 18:54:26,222.354,222.354,222.343,222.343,30.000000000000004
2024-10-07 18:54:27,222.343,222.343,222.333,222.333,30.000000000000004
2024-10-07 18:54:28,222.343,222.344,222.343,222.344,30.000000000000004
2024-10-07 18:54:29,222.334,222.334,222.304,222.323,60.0
2024-10-07 18:54:30,222.333,222.334,222.314,222.314,50.0
2024-10-07 18:54:31,222.293,222.294,222.293,222.294,40.0
2024-10-07 18:54:32,222.283,222.283,222.283,222.283,10.0
2024-10-07 18:54:33,222.263,222.263,222.253,222.253,20.0
2024-10-07 18:54:34,222.273,222.293,222.273,222.293,30.000000000000004
2024-10-07 18:54:35,222.294,222.294,222.294,222.294,10.0
2024-10-07 18:54:36,222.293,222.293,222.293,222.293,10.0
2024-10-07 18:54:37,222.284,222.284,222.264,222.264,20.0
2024-10-07 18:54:38,222.273,222.273,222.273,222.273,10.0
2024-10-07 18:54:39,222.283,222.294,222.283,222.293,40.0
2024-10-07 18:54:40,222.284,222.294,222.284,222.284,30.000000000000004
2024-10-07 18:54:41,222.264,222.314,222.264,222.314,40.0
2024-10-07 18:54:42,222.304,222.323,222.303,222.314,70.00000000000001
2024-10-07 18:54:43,222.324,222.324,222.313,222.324,50.0
2024-10-07 18:54:44,222.313,222.323,222.313,222.313,30.000000000000004
2024-10-07 18:54:45,222.333,222.344,222.333,222.343,60.0
2024-10-07 18:54:46,222.353,222.353,222.353,222.353,20.0
2024-10-07 18:54:47,222.354,222.374,222.353,222.374,30.000000000000004
2024-10-07 18:54:48,222.394,222.394,222.383,222.383,30.000000000000004
2024-10-07 18:54:49,222.394,222.404,222.364,222.364,70.00000000000001
2024-10-07 18:54:50,222.353,222.353,222.353,222.353,10.0
2024-10-07 18:54:51,222.344,222.344,222.344,222.344,10.0
2024-10-07 18:54:52,222.343,222.353,222.343,222.353,20.0
2024-10-07 18:54:54,222.344,222.344,222.344,222.344,10.0
2024-10-07 18:54:55,222.334,222.334,222.324,222.324,40.0
2024-10-07 18:54:57,222.324,222.333,222.314,222.314,30.000000000000004
2024-10-07 18:54:58,222.324,222.324,222.303,222.303,20.0
2024-10-07 18:55:00,222.333,222.334,222.313,222.334,30.000000000000004
2024-10-07 18:55:01,222.333,222.333,222.333,222.333,30.000000000000004
2024-10-07 18:55:02,222.334,222.334,222.334,222.334,10.0
2024-10-07 18:55:03,222.344,222.344,222.343,222.343,20.0
2024-10-07 18:55:04,222.333,222.343,222.333,222.343,30.000000000000004
2024-10-07 18:55:05,222.364,222.364,222.353,222.363,30.000000000000004
2024-10-07 18:55:06,222.334,222.334,222.323,222.323,20.0
2024-10-07 18:55:07,222.304,222.304,222.304,222.304,10.0
2024-10-07 18:55:08,222.343,222.343,222.343,222.343,20.0
2024-10-07 18:55:09,222.354,222.354,222.344,222.344,20.0
2024-10-07 18:55:10,222.353,222.353,222.344,222.353,50.0
2024-10-07 18:55:11,222.374,222.383,222.374,222.383,20.0
2024-10-07 18:55:12,222.354,222.384,222.353,222.384,40.0
2024-10-07 18:55:13,222.394,222.394,222.394,222.394,10.0
2024-10-07 18:55:14,222.384,222.384,222.364,222.384,40.0
2024-10-07 18:55:15,222.393,222.393,222.373,222.393,40.0
2024-10-07 18:55:16,222.414,222.423,222.404,222.423,70.00000000000001
2024-10-07 18:55:17,222.403,222.413,222.403,222.413,20.0
2024-10-07 18:55:18,222.423,222.454,222.423,222.424,50.0
2024-10-07 18:55:19,222.404,222.433,222.404,222.424,80.0
2024-10-07 18:55:20,222.423,222.433,222.423,222.433,30.000000000000004
2024-10-07 18:55:21,222.424,222.424,222.403,222.404,90.0
2024-10-07 18:55:22,222.423,222.424,222.413,222.413,30.000000000000004
2024-10-07 18:55:25,222.393,222.393,222.383,222.383,30.000000000000004
2024-10-07 18:55:26,222.393,222.393,222.393,222.393,10.0
2024-10-07 18:55:27,222.383,222.383,222.364,222.383,30.000000000000004
2024-10-07 18:55:29,222.373,222.384,222.373,222.384,50.0
2024-10-07 18:55:31,222.374,222.374,222.363,222.374,60.0
2024-10-07 18:55:32,222.384,222.393,222.383,222.383,30.000000000000004
2024-10-07 18:55:33,222.393,222.394,222.374,222.394,30.000000000000004
2024-10-07 18:55:34,222.384,222.393,222.384,222.393,20.0
2024-10-07 18:55:35,222.393,222.393,222.393,222.393,20.0
2024-10-07 18:55:37,222.374,222.393,222.374,222.393,30.000000000000004
2024-10-07 18:55:38,222.394,222.394,222.394,222.394,10.0
2024-10-07 18:55:39,222.394,222.394,222.394,222.394,20.0
2024-10-07 18:55:40,222.393,222.393,222.393,222.393,10.0
2024-10-07 18:55:41,222.393,222.393,222.393,222.393,10.0
2024-10-07 18:55:42,222.413,222.434,222.413,222.434,40.0
2024-10-07 18:55:43,222.443,222.454,222.443,222.444,70.00000000000001
2024-10-07 18:55:44,222.453,222.453,222.453,222.453,10.0
2024-10-07 18:55:45,222.444,222.444,222.414,222.424,50.0
2024-10-07 18:55:46,222.433,222.433,222.413,222.424,40.0
2024-10-07 18:55:47,222.413,222.413,222.393,222.393,20.0
2024-10-07 18:55:48,222.384,222.413,222.384,222.413,30.000000000000004
2024-10-07 18:55:49,222.413,222.413,222.413,222.413,10.0
2024-10-07 18:55:50,222.423,222.424,222.404,222.404,50.0
2024-10-07 18:55:51,222.394,222.403,222.383,222.393,70.00000000000001
2024-10-07 18:55:52,222.404,222.404,222.393,222.404,40.0
2024-10-07 18:55:55,222.403,222.413,222.403,222.413,20.0
2024-10-07 18:55:56,222.403,222.403,222.403,222.403,10.0
2024-10-07 18:55:57,222.413,222.414,222.413,222.414,20.0
2024-10-07 18:55:58,222.434,222.434,222.434,222.434,20.0
2024-10-07 18:55:59,222.433,222.433,222.423,222.423,30.000000000000004
2024-10-07 18:56:00,222.413,222.424,222.404,222.414,50.0
2024-10-07 18:56:01,222.424,222.424,222.424,222.424,10.0
2024-10-07 18:56:02,222.404,222.424,222.404,222.424,30.000000000000004
2024-10-07 18:56:03,222.403,222.414,222.403,222.414,20.0
2024-10-07 18:56:04,222.384,222.384,222.384,222.384,10.0
2024-10-07 18:56:05,222.373,222.373,222.373,222.373,20.0
2024-10-07 18:56:06,222.354,222.354,222.354,222.354,10.0
2024-10-07 18:56:07,222.344,222.363,222.344,222.353,40.0
2024-10-07 18:56:08,222.363,222.363,222.363,222.363,10.0
2024-10-07 18:56:09,222.383,222.383,222.383,222.383,10.0
2024-10-07 18:56:10,222.383,222.384,222.383,222.384,30.000000000000004
2024-10-07 18:56:11,222.363,222.363,222.363,222.363,10.0
2024-10-07 18:56:12,222.353,222.353,222.353,222.353,10.0
2024-10-07 18:56:14,222.364,222.364,222.364,222.364,10.0
2024-10-07 18:56:15,222.363,222.444,222.363,222.444,50.0
2024-10-07 18:56:16,222.423,222.433,222.423,222.424,30.000000000000004
2024-10-07 18:56:18,222.413,222.423,222.413,222.423,30.000000000000004
2024-10-07 18:56:20,222.423,222.424,222.423,222.424,20.0
2024-10-07 18:56:21,222.413,222.413,222.404,222.404,20.0
2024-10-07 18:56:22,222.413,222.413,222.404,222.404,30.000000000000004
2024-10-07 18:56:23,222.394,222.394,222.394,222.394,10.0
2024-10-07 18:56:24,222.393,222.404,222.393,222.404,20.0
2024-10-07 18:56:25,222.413,222.423,222.413,222.423,20.0
2024-10-07 18:56:26,222.423,222.423,222.423,222.423,10.0
2024-10-07 18:56:27,222.424,222.424,222.424,222.424,10.0
2024-10-07 18:56:28,222.413,222.413,222.413,222.413,10.0
2024-10-07 18:56:29,222.424,222.424,222.423,222.423,20.0
2024-10-07 18:56:31,222.424,222.443,222.424,222.443,20.0
2024-10-07 18:56:32,222.434,222.483,222.434,222.483,40.0
2024-10-07 18:56:34,222.484,222.484,222.484,222.484,10.0
2024-10-07 18:56:35,222.454,222.474,222.454,222.474,40.0
2024-10-07 18:56:36,222.484,222.503,222.484,222.493,60.0
2024-10-07 18:56:37,222.504,222.504,222.494,222.494,20.0
2024-10-07 18:56:38,222.483,222.523,222.483,222.514,40.0
2024-10-07 18:56:39,222.513,222.513,222.494,222.494,20.0
2024-10-07 18:56:40,222.483,222.483,222.483,222.483,30.000000000000004
2024-10-07 18:56:41,222.453,222.454,222.453,222.454,20.0
2024-10-07 18:56:42,222.464,222.464,222.454,222.463,30.000000000000004
2024-10-07 18:56:43,222.454,222.454,222.454,222.454,10.0
2024-10-07 18:56:44,222.443,222.443,222.443,222.443,10.0
2024-10-07 18:56:46,222.464,222.464,222.463,222.463,20.0
2024-10-07 18:56:49,222.453,222.453,222.453,222.453,10.0
2024-10-07 18:56:50,222.424,222.424,222.424,222.424,10.0
2024-10-07 18:56:51,222.423,222.433,222.423,222.433,20.0
2024-10-07 18:56:52,222.433,222.443,222.433,222.433,30.000000000000004
2024-10-07 18:56:53,222.454,222.454,222.454,222.454,10.0
2024-10-07 18:56:55,222.464,222.464,222.464,222.464,20.0
2024-10-07 18:56:56,222.454,222.454,222.454,222.454,10.0
2024-10-07 18:56:57,222.483,222.504,222.483,222.504,40.0
2024-10-07 18:56:59,222.524,222.544,222.524,222.544,40.0
2024-10-07 18:57:00,222.533,222.544,222.533,222.543,40.0
2024-10-07 18:57:01,222.543,222.543,222.533,222.534,30.000000000000004
2024-10-07 18:57:02,222.543,222.543,222.534,222.534,20.0
2024-10-07 18:57:03,222.514,222.514,222.514,222.514,10.0
2024-10-07 18:57:04,222.513,222.513,222.493,222.493,20.0
2024-10-07 18:57:05,222.484,222.504,222.484,222.504,30.000000000000004
2024-10-07 18:57:08,222.494,222.504,222.493,222.494,50.0
2024-10-07 18:57:09,222.503,222.503,222.463,222.463,50.0
2024-10-07 18:57:10,222.463,222.474,222.444,222.444,30.000000000000004
2024-10-07 18:57:11,222.463,222.474,222.463,222.474,20.0
2024-10-07 18:57:12,222.473,222.473,222.473,222.473,10.0
2024-10-07 18:57:13,222.463,222.463,222.463,222.463,10.0
2024-10-07 18:57:14,222.454,222.454,222.454,222.454,10.0
2024-10-07 18:57:15,222.444,222.454,222.433,222.454,40.0
2024-10-07 18:57:16,222.444,222.474,222.444,222.474,30.000000000000004
2024-10-07 18:57:17,222.483,222.483,222.473,222.473,20.0
2024-10-07 18:57:19,222.473,222.473,222.473,222.473,10.0
2024-10-07 18:57:20,222.483,222.483,222.464,222.483,30.000000000000004
2024-10-07 18:57:21,222.464,222.464,222.463,222.463,20.0
2024-10-07 18:57:22,222.463,222.463,222.463,222.463,10.0
2024-10-07 18:57:23,222.464,222.464,222.443,222.443,20.0
2024-10-07 18:57:25,222.463,222.463,222.463,222.463,10.0
2024-10-07 18:57:26,222.484,222.484,222.483,222.483,20.0
2024-10-07 18:57:27,222.464,222.473,222.464,222.473,30.000000000000004
2024-10-07 18:57:28,222.474,222.474,222.474,222.474,30.000000000000004
2024-10-07 18:57:30,222.453,222.453,222.453,222.453,10.0
2024-10-07 18:57:31,222.463,222.493,222.463,222.493,40.0
2024-10-07 18:57:32,222.493,222.493,222.484,222.484,20.0
2024-10-07 18:57:33,222.484,222.484,222.484,222.484,10.0
2024-10-07 18:57:35,222.483,222.483,222.483,222.483,20.0
2024-10-07 18:57:37,222.463,222.463,222.463,222.463,10.0
2024-10-07 18:57:38,222.474,222.474,222.464,222.474,40.0
2024-10-07 18:57:39,222.473,222.473,222.473,222.473,20.0
2024-10-07 18:57:40,222.483,222.483,222.483,222.483,30.000000000000004
2024-10-07 18:57:41,222.454,222.464,222.443,222.464,30.000000000000004
2024-10-07 18:57:42,222.473,222.483,222.473,222.474,40.0
2024-10-07 18:57:43,222.464,222.464,222.454,222.454,20.0
2024-10-07 18:57:44,222.444,222.444,222.444,222.444,10.0
2024-10-07 18:57:45,222.473,222.474,222.453,222.473,40.0
2024-10-07 18:57:46,222.473,222.474,222.464,222.474,40.0
2024-10-07 18:57:48,222.474,222.483,222.474,222.483,20.0
2024-10-07 18:57:50,222.474,222.484,222.463,222.463,50.0
2024-10-07 18:57:51,222.474,222.474,222.463,222.473,40.0
2024-10-07 18:57:52,222.484,222.484,222.484,222.484,10.0
2024-10-07 18:57:53,222.483,222.483,222.473,222.473,40.0
2024-10-07 18:57:55,222.483,222.483,222.474,222.474,20.0
2024-10-07 18:57:56,222.474,222.484,222.474,222.484,30.000000000000004
2024-10-07 18:57:57,222.473,222.483,222.473,222.483,20.0
2024-10-07 18:57:58,222.474,222.474,222.474,222.474,20.0
2024-10-07 18:57:59,222.473,222.473,222.473,222.473,10.0
2024-10-07 18:58:00,222.453,222.463,222.444,222.444,40.0
2024-10-07 18:58:02,222.474,222.474,222.453,222.473,70.00000000000001
2024-10-07 18:58:03,222.474,222.493,222.474,222.493,40.0
2024-10-07 18:58:04,222.503,222.504,222.503,222.504,30.000000000000004
2024-10-07 18:58:05,222.514,222.514,222.514,222.514,10.0
2024-10-07 18:58:06,222.524,222.554,222.524,222.554,30.000000000000004
2024-10-07 18:58:07,222.544,222.544,222.524,222.524,50.0
2024-10-07 18:58:08,222.534,222.534,222.534,222.534,20.0
2024-10-07 18:58:09,222.523,222.523,222.513,222.514,30.000000000000004
2024-10-07 18:58:10,222.493,222.493,222.493,222.493,10.0
2024-10-07 18:58:11,222.503,222.504,222.503,222.504,20.0
2024-10-07 18:58:12,222.513,222.513,222.494,222.513,40.0
2024-10-07 18:58:14,222.523,222.523,222.513,222.514,30.000000000000004
2024-10-07 18:58:15,222.504,222.504,222.504,222.504,10.0
2024-10-07 18:58:16,222.493,222.493,222.493,222.493,10.0
2024-10-07 18:58:17,222.483,222.483,222.483,222.483,10.0
2024-10-07 18:58:18,222.494,222.504,222.493,222.504,30.000000000000004
2024-10-07 18:58:20,222.503,222.503,222.464,222.464,40.0
2024-10-07 18:58:21,222.464,222.464,222.444,222.453,30.000000000000004
2024-10-07 18:58:24,222.433,222.433,222.423,222.423,20.0
2024-10-07 18:58:25,222.434,222.434,222.434,222.434,10.0
2024-10-07 18:58:26,222.424,222.424,222.424,222.424,10.0
2024-10-07 18:58:27,222.423,222.443,222.423,222.443,50.0
2024-10-07 18:58:28,222.443,222.443,222.424,222.424,20.0
2024-10-07 18:58:29,222.404,222.423,222.404,222.423,30.000000000000004
2024-10-07 18:58:30,222.414,222.424,222.414,222.414,90.0
2024-10-07 18:58:31,222.414,222.414,222.414,222.414,20.0
2024-10-07 18:58:32,222.414,222.414,222.414,222.414,20.0
2024-10-07 18:58:34,222.414,222.414,222.393,222.393,40.0
2024-10-07 18:58:35,222.384,222.394,222.384,222.394,20.0
2024-10-07 18:58:36,222.384,222.384,222.374,222.384,30.000000000000004
2024-10-07 18:58:37,222.393,222.404,222.393,222.404,50.0
2024-10-07 18:58:39,222.403,222.404,222.403,222.403,30.000000000000004
2024-10-07 18:58:41,222.403,222.403,222.393,222.393,20.0
2024-10-07 18:58:42,222.404,222.414,222.404,222.414,30.000000000000004
2024-10-07 18:58:43,222.433,222.463,222.433,222.463,80.0
2024-10-07 18:58:44,222.463,222.474,222.463,222.474,30.000000000000004
2024-10-07 18:58:46,222.483,222.493,222.483,222.483,40.0
2024-10-07 18:58:48,222.464,222.474,222.463,222.473,50.0
2024-10-07 18:58:49,222.463,222.474,222.463,222.474,40.0
2024-10-07 18:58:50,222.484,222.484,222.474,222.474,30.000000000000004
2024-10-07 18:58:51,222.463,222.463,222.463,222.463,10.0
2024-10-07 18:58:52,222.474,222.474,222.474,222.474,20.0
2024-10-07 18:58:53,222.473,222.484,222.473,222.483,40.0
2024-10-07 18:58:54,222.483,222.514,222.483,222.514,40.0
2024-10-07 18:58:55,222.514,222.524,222.514,222.524,20.0
2024-10-07 18:58:56,222.504,222.513,222.504,222.513,20.0
2024-10-07 18:58:57,222.514,222.514,222.513,222.514,40.0
2024-10-07 18:58:58,222.524,222.524,222.524,222.524,20.0
2024-10-07 18:58:59,222.514,222.523,222.504,222.523,40.0
2024-10-07 18:59:00,222.494,222.494,222.493,222.493,20.0
2024-10-07 18:59:03,222.474,222.494,222.474,222.484,50.0
2024-10-07 18:59:05,222.503,222.503,222.474,222.474,30.000000000000004
2024-10-07 18:59:06,222.453,222.453,222.414,222.433,60.0
2024-10-07 18:59:07,222.413,222.433,222.403,222.433,60.0
2024-10-07 18:59:08,222.434,222.444,222.433,222.434,70.00000000000001
2024-10-07 18:59:09,222.434,222.443,222.434,222.443,20.0
2024-10-07 18:59:10,222.443,222.443,222.424,222.424,30.000000000000004
2024-10-07 18:59:11,222.404,222.433,222.404,222.433,40.0
2024-10-07 18:59:12,222.424,222.424,222.394,222.413,60.0
2024-10-07 18:59:13,222.404,222.414,222.363,222.374,60.0
2024-10-07 18:59:14,222.374,222.384,222.374,222.384,20.0
2024-10-07 18:59:15,222.393,222.393,222.373,222.373,40.0
2024-10-07 18:59:16,222.383,222.383,222.383,222.383,10.0
2024-10-07 18:59:17,222.374,222.374,222.363,222.363,30.000000000000004
2024-10-07 18:59:18,222.384,222.384,222.364,222.364,50.0
2024-10-07 18:59:19,222.373,222.384,222.373,222.384,20.0
2024-10-07 18:59:20,222.383,222.384,222.374,222.384,40.0
2024-10-07 18:59:21,222.393,222.403,222.393,222.403,20.0
2024-10-07 18:59:24,222.423,222.423,222.423,222.423,10.0
2024-10-07 18:59:25,222.414,222.414,222.414,222.414,10.0
2024-10-07 18:59:26,222.394,222.394,222.353,222.363,90.0
2024-10-07 18:59:27,222.364,222.384,222.364,222.384,60.0
2024-10-07 18:59:28,222.384,222.384,222.373,222.374,30.000000000000004
2024-10-07 18:59:29,222.373,222.374,222.373,222.374,20.0
2024-10-07 18:59:30,222.374,222.374,222.354,222.354,20.0
2024-10-07 18:59:32,222.344,222.344,222.324,222.344,50.0
2024-10-07 18:59:33,222.353,222.354,222.353,222.354,20.0
2024-10-07 18:59:34,222.364,222.373,222.364,222.373,20.0
2024-10-07 18:59:35,222.363,222.364,222.354,222.364,30.000000000000004
2024-10-07 18:59:36,222.373,222.373,222.363,222.373,30.000000000000004
2024-10-07 18:59:37,222.344,222.353,222.343,222.343,40.0
2024-10-07 18:59:39,222.333,222.333,222.324,222.324,30.000000000000004
2024-10-07 18:59:40,222.334,222.334,222.334,222.334,10.0
2024-10-07 18:59:41,222.324,222.343,222.324,222.343,30.000000000000004
2024-10-07 18:59:42,222.344,222.344,222.344,222.344,10.0
2024-10-07 18:59:43,222.354,222.383,222.354,222.383,40.0
2024-10-07 18:59:44,222.374,222.393,222.364,222.373,60.0
2024-10-07 18:59:45,222.374,222.384,222.374,222.383,40.0
2024-10-07 18:59:46,222.393,222.414,222.393,222.414,70.00000000000001
2024-10-07 18:59:47,222.414,222.414,222.404,222.404,30.000000000000004
2024-10-07 18:59:49,222.383,222.394,222.374,222.374,50.0
2024-10-07 18:59:50,222.354,222.354,222.353,222.353,20.0
2024-10-07 18:59:51,222.353,222.353,222.353,222.353,10.0
2024-10-07 18:59:52,222.334,222.334,222.294,222.294,40.0
2024-10-07 18:59:53,222.264,222.304,222.264,222.304,110.0
2024-10-07 18:59:54,222.314,222.324,222.313,222.324,60.0
2024-10-07 18:59:55,222.334,222.334,222.323,222.334,30.000000000000004
2024-10-07 18:59:56,222.324,222.334,222.324,222.334,20.0
2024-10-07 18:59:58,222.314,222.324,222.313,222.324,40.0
2024-10-07 18:59:59,222.334,222.353,222.334,222.353,30.000000000000004
2024-10-07 19:00:00,222.353,222.354,222.314,222.354,80.0
2024-10-07 19:00:01,222.393,222.393,222.324,222.334,80.0
2024-10-07 19:00:02,222.313,222.334,222.313,222.334,50.0
2024-10-07 19:00:03,222.334,222.344,222.333,222.333,90.0
2024-10-07 19:00:04,222.334,222.354,222.334,222.354,50.0
2024-10-07 19:00:05,222.354,222.394,222.354,222.394,70.00000000000001
2024-10-07 19:00:06,222.394,222.403,222.384,222.393,70.00000000000001
2024-10-07 19:00:07,222.384,222.384,222.353,222.353,60.0
2024-10-07 19:00:08,222.353,222.353,222.343,222.343,20.0
2024-10-07 19:00:09,222.333,222.333,222.333,222.333,10.0
2024-10-07 19:00:10,222.294,222.313,222.294,222.313,30.000000000000004
2024-10-07 19:00:11,222.294,222.294,222.274,222.293,40.0
2024-10-07 19:00:12,222.293,222.293,222.234,222.234,60.0
2024-10-07 19:00:13,222.254,222.284,222.253,222.284,70.00000000000001
2024-10-07 19:00:14,222.274,222.284,222.254,222.263,80.0
2024-10-07 19:00:15,222.274,222.303,222.274,222.303,40.0
2024-10-07 19:00:16,222.304,222.304,222.293,222.293,30.000000000000004
2024-10-07 19:00:17,222.293,222.294,222.284,222.284,50.0
2024-10-07 19:00:18,222.274,222.274,222.274,222.274,10.0
2024-10-07 19:00:19,222.284,222.284,222.274,222.284,60.0
2024-10-07 19:00:20,222.264,222.284,222.264,222.284,30.000000000000004
2024-10-07 19:00:22,222.303,222.333,222.293,222.333,70.00000000000001
2024-10-07 19:00:23,222.334,222.354,222.334,222.354,40.0
2024-10-07 19:00:24,222.333,222.344,222.333,222.344,20.0
2024-10-07 19:00:25,222.353,222.353,222.353,222.353,10.0
2024-10-07 19:00:26,222.334,222.354,222.333,222.354,50.0
2024-10-07 19:00:27,222.353,222.363,222.353,222.354,30.000000000000004
2024-10-07 19:00:28,222.343,222.384,222.343,222.384,70.00000000000001
2024-10-07 19:00:29,222.394,222.394,222.383,222.394,40.0
2024-10-07 19:00:30,222.393,222.394,222.363,222.364,70.00000000000001
2024-10-07 19:00:31,222.364,222.383,222.364,222.383,30.000000000000004
2024-10-07 19:00:32,222.373,222.373,222.373,222.373,10.0
2024-10-07 19:00:33,222.384,222.384,222.384,222.384,10.0
2024-10-07 19:00:35,222.383,222.434,222.383,222.434,70.00000000000001
2024-10-07 19:00:36,222.424,222.424,222.414,222.414,20.0
2024-10-07 19:00:37,222.423,222.423,222.393,222.393,30.000000000000004
2024-10-07 19:00:38,222.423,222.423,222.423,222.423,20.0
2024-10-07 19:00:39,222.424,222.424,222.424,222.424,10.0
2024-10-07 19:00:40,222.394,222.394,222.383,222.383,40.0
2024-10-07 19:00:41,222.384,222.414,222.373,222.413,80.0
2024-10-07 19:00:42,222.424,222.433,222.424,222.433,20.0
2024-10-07 19:00:43,222.434,222.434,222.424,222.424,20.0
2024-10-07 19:00:44,222.424,222.424,222.384,222.384,40.0
2024-10-07 19:00:45,222.383,222.403,222.383,222.403,40.0
2024-10-07 19:00:46,222.403,222.414,222.403,222.413,40.0
2024-10-07 19:00:50,222.384,222.394,222.383,222.383,30.000000000000004
2024-10-07 19:00:51,222.393,222.393,222.374,222.374,20.0
2024-10-07 19:00:52,222.384,222.394,222.384,222.394,30.000000000000004
2024-10-07 19:00:53,222.374,222.383,222.374,222.383,20.0
2024-10-07 19:00:55,222.373,222.384,222.373,222.384,30.000000000000004
2024-10-07 19:00:56,222.404,222.404,222.393,222.393,50.0
2024-10-07 19:00:57,222.403,222.403,222.403,222.403,10.0
2024-10-07 19:01:00,222.403,222.403,222.383,222.383,20.0
2024-10-07 19:01:01,222.353,222.434,222.353,222.434,60.0
2024-10-07 19:01:02,222.453,222.474,222.433,222.433,50.0
2024-10-07 19:01:03,222.443,222.444,222.443,222.444,20.0
2024-10-07 19:01:04,222.453,222.464,222.453,222.454,30.000000000000004
2024-10-07 19:01:05,222.474,222.474,222.474,222.474,30.000000000000004
2024-10-07 19:01:06,222.463,222.494,222.463,222.483,50.0
2024-10-07 19:01:07,222.473,222.483,222.454,222.454,40.0
2024-10-07 19:01:08,222.454,222.454,222.454,222.454,10.0
2024-10-07 19:01:09,222.453,222.453,222.453,222.453,10.0
2024-10-07 19:01:10,222.454,222.454,222.434,222.444,50.0
2024-10-07 19:01:11,222.454,222.474,222.453,222.473,70.00000000000001
2024-10-07 19:01:12,222.473,222.473,222.473,222.473,10.0
2024-10-07 19:01:13,222.474,222.474,222.473,222.474,50.0
2024-10-07 19:01:14,222.463,222.463,222.443,222.443,20.0
2024-10-07 19:01:16,222.453,222.453,222.453,222.453,10.0
2024-10-07 19:01:17,222.454,222.454,222.453,222.454,40.0
2024-10-07 19:01:18,222.453,222.454,222.453,222.454,20.0
2024-10-07 19:01:20,222.433,222.433,222.423,222.423,20.0
2024-10-07 19:01:21,222.423,222.423,222.383,222.383,50.0
2024-10-07 19:01:24,222.384,222.394,222.384,222.394,30.000000000000004
2024-10-07 19:01:25,222.394,222.394,222.394,222.394,10.0
2024-10-07 19:01:26,222.394,222.404,222.393,222.393,40.0
2024-10-07 19:01:27,222.373,222.373,222.373,222.373,10.0
2024-10-07 19:01:28,222.384,222.384,222.384,222.384,10.0
2024-10-07 19:01:29,222.394,222.394,222.394,222.394,10.0
2024-10-07 19:01:30,222.383,222.383,222.383,222.383,10.0
2024-10-07 19:01:31,222.394,222.394,222.394,222.394,10.0
2024-10-07 19:01:32,222.393,222.394,222.393,222.393,40.0
2024-10-07 19:01:33,222.394,222.394,222.393,222.394,30.000000000000004
2024-10-07 19:01:34,222.394,222.394,222.394,222.394,10.0
2024-10-07 19:01:35,222.393,222.394,222.393,222.394,20.0
2024-10-07 19:01:36,222.393,222.394,222.393,222.394,30.000000000000004
2024-10-07 19:01:37,222.364,222.384,222.364,222.373,40.0
2024-10-07 19:01:40,222.354,222.354,222.354,222.354,10.0
2024-10-07 19:01:41,222.364,222.364,222.364,222.364,10.0
2024-10-07 19:01:43,222.364,222.364,222.364,222.364,20.0
2024-10-07 19:01:46,222.373,222.383,222.373,222.383,30.000000000000004
2024-10-07 19:01:47,222.374,222.374,222.373,222.373,40.0
2024-10-07 19:01:48,222.383,222.404,222.383,222.403,40.0
2024-10-07 19:01:49,222.384,222.394,222.374,222.374,60.0
2024-10-07 19:01:50,222.383,222.394,222.383,222.393,30.000000000000004
2024-10-07 19:01:51,222.393,222.394,222.393,222.394,20.0
2024-10-07 19:01:52,222.403,222.403,222.394,222.394,20.0
2024-10-07 19:01:53,222.393,222.393,222.393,222.393,10.0
2024-10-07 19:01:54,222.384,222.384,222.383,222.383,20.0
2024-10-07 19:01:55,222.384,222.404,222.384,222.404,20.0
2024-10-07 19:01:56,222.404,222.404,222.403,222.404,30.000000000000004
2024-10-07 19:01:57,222.424,222.444,222.424,222.444,30.000000000000004
2024-10-07 19:02:00,222.443,222.443,222.443,222.443,10.0
2024-10-07 19:02:01,222.423,222.453,222.423,222.453,50.0
2024-10-07 19:02:02,222.453,222.474,222.453,222.473,30.000000000000004
2024-10-07 19:02:03,222.493,222.493,222.484,222.484,20.0
2024-10-07 19:02:04,222.494,222.494,222.494,222.494,10.0
2024-10-07 19:02:05,222.483,222.483,222.483,222.483,10.0
2024-10-07 19:02:06,222.473,222.484,222.473,222.484,30.000000000000004
2024-10-07 19:02:07,222.473,222.473,222.473,222.473,10.0
2024-10-07 19:02:08,222.503,222.503,222.503,222.503,20.0
2024-10-07 19:02:09,222.504,222.504,222.504,222.504,10.0
2024-10-07 19:02:10,222.484,222.493,222.484,222.484,40.0
2024-10-07 19:02:11,222.493,222.503,222.493,222.503,40.0
2024-10-07 19:02:12,222.503,222.503,222.503,222.503,20.0
2024-10-07 19:02:14,222.503,222.503,222.453,222.453,50.0
2024-10-07 19:02:15,222.454,222.454,222.443,222.454,50.0
2024-10-07 19:02:16,222.433,222.434,222.423,222.434,30.000000000000004
2024-10-07 19:02:17,222.433,222.454,222.433,222.454,40.0
2024-10-07 19:02:20,222.453,222.453,222.403,222.403,50.0
2024-10-07 19:02:21,222.424,222.424,222.413,222.424,40.0
2024-10-07 19:02:24,222.404,222.404,222.404,222.404,10.0
2024-10-07 19:02:25,222.403,222.404,222.394,222.394,30.000000000000004
2024-10-07 19:02:26,222.413,222.464,222.413,222.463,40.0
2024-10-07 19:02:27,222.463,222.473,222.463,222.463,30.000000000000004
2024-10-07 19:02:28,222.454,222.454,222.454,222.454,10.0
2024-10-07 19:02:29,222.464,222.464,222.453,222.463,30.000000000000004
2024-10-07 19:02:30,222.473,222.474,222.454,222.454,60.0
2024-10-07 19:02:32,222.454,222.454,222.433,222.454,50.0
2024-10-07 19:02:34,222.463,222.463,222.463,222.463,10.0
2024-10-07 19:02:35,222.454,222.454,222.433,222.434,40.0
2024-10-07 19:02:36,222.444,222.444,222.433,222.443,30.000000000000004
2024-10-07 19:02:37,222.453,222.453,222.453,222.453,10.0
2024-10-07 19:02:39,222.454,222.454,222.454,222.454,20.0
2024-10-07 19:02:40,222.433,222.444,222.433,222.444,20.0
2024-10-07 19:02:42,222.423,222.424,222.423,222.424,20.0
2024-10-07 19:02:43,222.434,222.434,222.434,222.434,10.0
2024-10-07 19:02:44,222.433,222.443,222.433,222.443,20.0
2024-10-07 19:02:45,222.443,222.444,222.443,222.444,20.0
2024-10-07 19:02:46,222.434,222.444,222.434,222.443,40.0
2024-10-07 19:02:47,222.453,222.464,222.453,222.463,30.000000000000004
2024-10-07 19:02:49,222.453,222.453,222.453,222.453,10.0
2024-10-07 19:02:50,222.443,222.443,222.443,222.443,10.0
2024-10-07 19:02:51,222.434,222.434,222.434,222.434,10.0
2024-10-07 19:02:52,222.433,222.454,222.433,222.454,30.000000000000004
2024-10-07 19:02:55,222.433,222.433,222.433,222.433,10.0
2024-10-07 19:02:56,222.434,222.434,222.434,222.434,10.0
2024-10-07 19:02:58,222.433,222.444,222.424,222.444,40.0
2024-10-07 19:02:59,222.443,222.443,222.443,222.443,10.0
2024-10-07 19:03:00,222.413,222.413,222.404,222.404,30.000000000000004
2024-10-07 19:03:01,222.413,222.414,222.404,222.404,40.0
2024-10-07 19:03:02,222.414,222.414,222.383,222.394,80.0
2024-10-07 19:03:03,222.404,222.414,222.404,222.413,30.000000000000004
2024-10-07 19:03:04,222.403,222.403,222.393,222.393,20.0
2024-10-07 19:03:05,222.414,222.424,222.414,222.424,20.0
2024-10-07 19:03:06,222.423,222.423,222.423,222.423,10.0
2024-10-07 19:03:07,222.434,222.434,222.434,222.434,10.0
2024-10-07 19:03:09,222.444,222.444,222.444,222.444,10.0
2024-10-07 19:03:10,222.433,222.433,222.433,222.433,20.0
2024-10-07 19:03:11,222.444,222.444,222.444,222.444,10.0
2024-10-07 19:03:12,222.443,222.443,222.443,222.443,10.0
2024-10-07 19:03:13,222.444,222.444,222.444,222.444,10.0
2024-10-07 19:03:15,222.433,222.434,222.433,222.434,20.0
2024-10-07 19:03:16,222.434,222.474,222.434,222.473,50.0
2024-10-07 19:03:17,222.484,222.484,222.463,222.463,30.000000000000004
2024-10-07 19:03:19,222.484,222.484,222.484,222.484,20.0
2024-10-07 19:03:20,222.463,222.463,222.434,222.443,30.000000000000004
2024-10-07 19:03:21,222.454,222.463,222.454,222.463,20.0
2024-10-07 19:03:23,222.444,222.444,222.444,222.444,20.0
2024-10-07 19:03:25,222.463,222.463,222.463,222.463,10.0
2024-10-07 19:03:26,222.474,222.474,222.474,222.474,10.0
2024-10-07 19:03:28,222.484,222.514,222.484,222.514,30.000000000000004
2024-10-07 19:03:31,222.533,222.533,222.533,222.533,10.0
2024-10-07 19:03:32,222.544,222.544,222.523,222.534,40.0
2024-10-07 19:03:33,222.544,222.544,222.544,222.544,10.0
2024-10-07 19:03:34,222.554,222.554,222.533,222.543,50.0
2024-10-07 19:03:35,222.543,222.543,222.524,222.524,20.0
2024-10-07 19:03:36,222.524,222.544,222.524,222.534,40.0
2024-10-07 19:03:37,222.534,222.534,222.523,222.523,30.000000000000004
2024-10-07 19:03:38,222.513,222.513,222.504,222.504,20.0
2024-10-07 19:03:40,222.494,222.503,222.484,222.484,30.000000000000004
2024-10-07 19:03:41,222.494,222.503,222.473,222.473,50.0
2024-10-07 19:03:42,222.464,222.464,222.464,222.464,10.0
2024-10-07 19:03:44,222.453,222.454,222.444,222.453,50.0
2024-10-07 19:03:45,222.453,222.464,222.453,222.464,20.0
2024-10-07 19:03:46,222.463,222.464,222.463,222.464,20.0
2024-10-07 19:03:47,222.473,222.473,222.473,222.473,10.0
2024-10-07 19:03:49,222.474,222.474,222.474,222.474,10.0
2024-10-07 19:03:50,222.474,222.474,222.474,222.474,10.0
2024-10-07 19:03:51,222.453,222.453,222.453,222.453,10.0
2024-10-07 19:03:52,222.463,222.463,222.463,222.463,10.0
2024-10-07 19:03:53,222.464,222.464,222.463,222.463,30.000000000000004
2024-10-07 19:03:55,222.454,222.454,222.454,222.454,10.0
2024-10-07 19:03:58,222.444,222.444,222.444,222.444,10.0
2024-10-07 19:03:59,222.453,222.453,222.453,222.453,10.0
2024-10-07 19:04:00,222.453,222.453,222.453,222.453,10.0
2024-10-07 19:04:01,222.484,222.494,222.484,222.493,50.0
2024-10-07 19:04:02,222.494,222.494,222.484,222.484,60.0
2024-10-07 19:04:03,222.483,222.483,222.483,222.483,20.0
2024-10-07 19:04:06,222.493,222.514,222.493,222.514,40.0
2024-10-07 19:04:07,222.513,222.514,222.513,222.514,20.0
2024-10-07 19:04:08,222.513,222.513,222.513,222.513,10.0
2024-10-07 19:04:09,222.503,222.513,222.503,222.513,20.0
2024-10-07 19:04:10,222.514,222.514,222.513,222.513,20.0
2024-10-07 19:04:11,222.514,222.514,222.493,222.503,30.000000000000004
2024-10-07 19:04:12,222.503,222.503,222.503,222.503,10.0
2024-10-07 19:04:13,222.484,222.484,222.484,222.484,20.0
2024-10-07 19:04:14,222.483,222.483,222.483,222.483,10.0
2024-10-07 19:04:16,222.493,222.493,222.493,222.493,10.0
2024-10-07 19:04:18,222.483,222.504,222.483,222.504,40.0
2024-10-07 19:04:19,222.503,222.503,222.503,222.503,10.0
2024-10-07 19:04:21,222.483,222.483,222.474,222.474,30.000000000000004
2024-10-07 19:04:24,222.503,222.503,222.503,222.503,20.0
2024-10-07 19:04:25,222.493,222.493,222.484,222.493,40.0
2024-10-07 19:04:26,222.484,222.484,222.464,222.464,20.0
2024-10-07 19:04:27,222.463,222.464,222.463,222.464,20.0
2024-10-07 19:04:29,222.464,222.464,222.464,222.464,20.0
2024-10-07 19:04:30,222.464,222.464,222.463,222.463,30.000000000000004
2024-10-07 19:04:31,222.484,222.484,222.484,222.484,10.0
2024-10-07 19:04:33,222.493,222.493,222.493,222.493,10.0
2024-10-07 19:04:36,222.494,222.494,222.494,222.494,10.0
2024-10-07 19:04:37,222.483,222.483,222.483,222.483,10.0
2024-10-07 19:04:38,222.513,222.513,222.513,222.513,10.0
2024-10-07 19:04:39,222.483,222.483,222.483,222.483,10.0
2024-10-07 19:04:40,222.483,222.494,222.483,222.494,20.0
2024-10-07 19:04:41,222.483,222.494,222.483,222.494,20.0
2024-10-07 19:04:45,222.504,222.504,222.504,222.504,20.0
2024-10-07 19:04:46,222.503,222.503,222.503,222.503,10.0
2024-10-07 19:04:47,222.513,222.523,222.513,222.523,20.0
2024-10-07 19:04:49,222.523,222.533,222.523,222.533,30.000000000000004
2024-10-07 19:04:50,222.524,222.524,222.514,222.514,30.000000000000004
2024-10-07 19:04:51,222.514,222.514,222.483,222.483,30.000000000000004
2024-10-07 19:04:52,222.493,222.493,222.493,222.493,10.0
2024-10-07 19:04:53,222.484,222.504,222.483,222.494,40.0
2024-10-07 19:04:54,222.483,222.493,222.483,222.493,20.0
2024-10-07 19:04:55,222.483,222.494,222.483,222.484,30.000000000000004
2024-10-07 19:04:58,222.494,222.494,222.494,222.494,10.0
2024-10-07 19:04:59,222.483,222.494,222.483,222.494,40.0
2024-10-07 19:05:00,222.484,222.484,222.484,222.484,10.0
2024-10-07 19:05:01,222.494,222.494,222.433,222.433,40.0
2024-10-07 19:05:02,222.464,222.464,222.453,222.464,30.000000000000004
2024-10-07 19:05:03,222.453,222.464,222.453,222.464,30.000000000000004
2024-10-07 19:05:04,222.473,222.494,222.473,222.483,40.0
2024-10-07 19:05:05,222.493,222.493,222.483,222.484,40.0
2024-10-07 19:05:06,222.483,222.483,222.474,222.474,20.0
2024-10-07 19:05:08,222.473,222.473,222.453,222.454,30.000000000000004
2024-10-07 19:05:12,222.464,222.473,222.464,222.473,20.0
2024-10-07 19:05:14,222.463,222.463,222.463,222.463,10.0
2024-10-07 19:05:17,222.474,222.474,222.473,222.473,20.0
2024-10-07 19:05:18,222.504,222.513,222.504,222.513,20.0
2024-10-07 19:05:19,222.504,222.504,222.504,222.504,10.0
2024-10-07 19:05:20,222.513,222.513,222.513,222.513,10.0
2024-10-07 19:05:21,222.513,222.524,222.513,222.524,20.0
2024-10-07 19:05:22,222.523,222.534,222.523,222.534,20.0
2024-10-07 19:05:23,222.513,222.513,222.513,222.513,10.0
2024-10-07 19:05:24,222.493,222.504,222.493,222.504,20.0
2024-10-07 19:05:26,222.513,222.523,222.513,222.523,20.0
2024-10-07 19:05:27,222.534,222.534,222.534,222.534,10.0
2024-10-07 19:05:29,222.534,222.534,222.534,222.534,10.0
2024-10-07 19:05:30,222.533,222.553,222.533,222.553,20.0
2024-10-07 19:05:31,222.554,222.554,222.553,222.553,40.0
2024-10-07 19:05:32,222.574,222.574,222.574,222.574,20.0
2024-10-07 19:05:34,222.584,222.584,222.584,222.584,10.0
2024-10-07 19:05:35,222.584,222.584,222.583,222.583,20.0
2024-10-07 19:05:36,222.573,222.573,222.573,222.573,10.0
2024-10-07 19:05:37,222.583,222.583,222.583,222.583,10.0
2024-10-07 19:05:39,222.574,222.574,222.553,222.553,20.0
2024-10-07 19:05:40,222.554,222.554,222.553,222.553,50.0
2024-10-07 19:05:41,222.564,222.583,222.564,222.574,80.0
2024-10-07 19:05:43,222.564,222.573,222.564,222.573,20.0
2024-10-07 19:05:44,222.564,222.564,222.554,222.554,20.0
2024-10-07 19:05:45,222.573,222.573,222.564,222.564,30.000000000000004
2024-10-07 19:05:47,222.583,222.583,222.583,222.583,10.0
2024-10-07 19:05:48,222.594,222.603,222.593,222.603,50.0
2024-10-07 19:05:50,222.603,222.603,222.593,222.593,40.0
2024-10-07 19:05:51,222.594,222.594,222.593,222.593,20.0
2024-10-07 19:05:52,222.604,222.604,222.604,222.604,10.0
2024-10-07 19:05:53,222.593,222.593,222.593,222.593,10.0
2024-10-07 19:05:55,222.604,222.604,222.603,222.603,30.000000000000004
2024-10-07 19:05:56,222.624,222.663,222.624,222.663,50.0
2024-10-07 19:05:57,222.663,222.664,222.663,222.664,30.000000000000004
2024-10-07 19:06:00,222.663,222.694,222.663,222.694,30.000000000000004
2024-10-07 19:06:01,222.673,222.674,222.664,222.664,40.0
2024-10-07 19:06:02,222.653,222.674,222.653,222.664,50.0
2024-10-07 19:06:03,222.663,222.663,222.663,222.663,10.0
2024-10-07 19:06:04,222.693,222.694,222.693,222.694,30.000000000000004
2024-10-07 19:06:05,222.703,222.703,222.693,222.693,20.0
2024-10-07 19:06:06,222.693,222.704,222.693,222.704,20.0
2024-10-07 19:06:07,222.694,222.694,222.674,222.674,40.0
2024-10-07 19:06:08,222.674,222.674,222.663,222.674,30.000000000000004
2024-10-07 19:06:09,222.684,222.684,222.674,222.674,20.0
2024-10-07 19:06:10,222.663,222.663,222.663,222.663,10.0
2024-10-07 19:06:11,222.654,222.663,222.644,222.663,40.0
2024-10-07 19:06:12,222.643,222.663,222.643,222.663,20.0
2024-10-07 19:06:13,222.673,222.683,222.673,222.683,20.0
2024-10-07 19:06:15,222.674,222.674,222.664,222.664,20.0
2024-10-07 19:06:16,222.674,222.674,222.674,222.674,10.0
2024-10-07 19:06:17,222.664,222.664,222.664,222.664,10.0
2024-10-07 19:06:18,222.673,222.673,222.664,222.664,20.0
2024-10-07 19:06:19,222.663,222.663,222.663,222.663,10.0
2024-10-07 19:06:20,222.663,222.683,222.663,222.683,30.000000000000004
2024-10-07 19:06:21,222.704,222.704,222.694,222.694,20.0
2024-10-07 19:06:22,222.693,222.693,222.684,222.684,20.0
2024-10-07 19:06:23,222.684,222.684,222.684,222.684,10.0
2024-10-07 19:06:24,222.693,222.703,222.693,222.703,30.000000000000004
2024-10-07 19:06:25,222.704,222.714,222.704,222.714,30.000000000000004
2024-10-07 19:06:26,222.703,222.703,222.703,222.703,10.0
2024-10-07 19:06:28,222.683,222.694,222.683,222.694,40.0
2024-10-07 19:06:29,222.683,222.683,222.673,222.683,30.000000000000004
2024-10-07 19:06:30,222.684,222.684,222.684,222.684,10.0
2024-10-07 19:06:31,222.673,222.673,222.673,222.673,10.0
2024-10-07 19:06:32,222.664,222.664,222.664,222.664,10.0
2024-10-07 19:06:33,222.673,222.684,222.673,222.684,20.0
2024-10-07 19:06:34,222.674,222.674,222.674,222.674,10.0
2024-10-07 19:06:35,222.704,222.704,222.704,222.704,10.0
2024-10-07 19:06:36,222.704,222.733,222.704,222.733,20.0
2024-10-07 19:06:37,222.733,222.734,222.733,222.734,30.000000000000004
2024-10-07 19:06:38,222.724,222.733,222.723,222.723,30.000000000000004
2024-10-07 19:06:39,222.733,222.733,222.733,222.733,10.0
2024-10-07 19:06:40,222.724,222.724,222.713,222.713,20.0
2024-10-07 19:06:41,222.733,222.733,222.733,222.733,10.0
2024-10-07 19:06:42,222.744,222.754,222.744,222.754,20.0
2024-10-07 19:06:43,222.753,222.773,222.753,222.773,30.000000000000004
2024-10-07 19:06:44,222.753,222.753,222.744,222.744,20.0
2024-10-07 19:06:45,222.734,222.734,222.734,222.734,10.0
2024-10-07 19:06:46,222.723,222.723,222.723,222.723,10.0
2024-10-07 19:06:48,222.743,222.743,222.743,222.743,10.0
2024-10-07 19:06:49,222.744,222.744,222.724,222.724,30.000000000000004
2024-10-07 19:06:50,222.703,222.724,222.703,222.724,40.0
2024-10-07 19:06:51,222.713,222.713,222.694,222.694,20.0
2024-10-07 19:06:52,222.684,222.693,222.674,222.693,30.000000000000004
2024-10-07 19:06:53,222.684,222.684,222.684,222.684,10.0
2024-10-07 19:06:54,222.693,222.703,222.693,222.703,30.000000000000004
2024-10-07 19:06:56,222.704,222.704,222.673,222.673,30.000000000000004
2024-10-07 19:06:58,222.704,222.704,222.704,222.704,10.0
2024-10-07 19:07:00,222.714,222.714,222.703,222.703,20.0
2024-10-07 19:07:01,222.693,222.704,222.693,222.704,20.0
2024-10-07 19:07:02,222.713,222.724,222.713,222.714,50.0
2024-10-07 19:07:03,222.713,222.714,222.713,222.713,40.0
2024-10-07 19:07:04,222.724,222.724,222.713,222.713,20.0
2024-10-07 19:07:05,222.724,222.724,222.713,222.713,20.0
2024-10-07 19:07:06,222.723,222.723,222.714,222.714,20.0
2024-10-07 19:07:08,222.683,222.683,222.683,222.683,10.0
2024-10-07 19:07:09,222.664,222.664,222.664,222.664,10.0
2024-10-07 19:07:11,222.653,222.663,222.653,222.663,20.0
2024-10-07 19:07:12,222.664,222.664,222.643,222.643,20.0
2024-10-07 19:07:14,222.643,222.643,222.643,222.643,10.0
2024-10-07 19:07:16,222.633,222.644,222.633,222.644,20.0
2024-10-07 19:07:18,222.643,222.643,222.643,222.643,10.0
2024-10-07 19:07:20,222.633,222.633,222.633,222.633,10.0
2024-10-07 19:07:21,222.623,222.624,222.623,222.624,40.0
2024-10-07 19:07:22,222.643,222.643,222.643,222.643,20.0
2024-10-07 19:07:23,222.644,222.644,222.643,222.643,20.0
2024-10-07 19:07:24,222.644,222.644,222.644,222.644,20.0
2024-10-07 19:07:25,222.644,222.644,222.644,222.644,10.0
2024-10-07 19:07:26,222.643,222.643,222.643,222.643,10.0
2024-10-07 19:07:27,222.643,222.683,222.643,222.673,40.0
2024-10-07 19:07:28,222.653,222.663,222.653,222.663,20.0
2024-10-07 19:07:30,222.683,222.683,222.683,222.683,10.0
2024-10-07 19:07:31,222.674,222.674,222.674,222.674,10.0
2024-10-07 19:07:32,222.653,222.664,222.653,222.664,20.0
2024-10-07 19:07:35,222.673,222.673,222.673,222.673,10.0
2024-10-07 19:07:36,222.673,222.674,222.673,222.673,30.000000000000004
2024-10-07 19:07:37,222.664,222.674,222.664,222.664,30.000000000000004
2024-10-07 19:07:38,222.673,222.673,222.673,222.673,10.0
2024-10-07 19:07:39,222.663,222.663,222.663,222.663,10.0
2024-10-07 19:07:41,222.654,222.654,222.654,222.654,10.0
2024-10-07 19:07:42,222.664,222.664,222.654,222.654,20.0
2024-10-07 19:07:45,222.654,222.654,222.643,222.643,20.0
2024-10-07 19:07:46,222.644,222.644,222.634,222.634,20.0
2024-10-07 19:07:47,222.643,222.643,222.643,222.643,10.0
2024-10-07 19:07:51,222.633,222.633,222.623,222.623,20.0
2024-10-07 19:07:52,222.604,222.604,222.604,222.604,10.0
2024-10-07 19:07:55,222.614,222.614,222.614,222.614,10.0
2024-10-07 19:07:57,222.614,222.614,222.614,222.614,10.0
2024-10-07 19:07:58,222.613,222.614,222.613,222.614,20.0
2024-10-07 19:07:59,222.614,222.614,222.614,222.614,10.0
2024-10-07 19:08:00,222.613,222.634,222.613,222.634,40.0
2024-10-07 19:08:01,222.634,222.634,222.614,222.614,40.0
2024-10-07 19:08:03,222.614,222.624,222.614,222.624,20.0
2024-10-07 19:08:04,222.613,222.613,222.613,222.613,10.0
2024-10-07 19:08:05,222.633,222.643,222.633,222.633,30.000000000000004
2024-10-07 19:08:06,222.633,222.633,222.624,222.633,30.000000000000004
2024-10-07 19:08:07,222.633,222.633,222.633,222.633,20.0
2024-10-07 19:08:10,222.624,222.624,222.624,222.624,20.0
2024-10-07 19:08:11,222.623,222.623,222.623,222.623,10.0
2024-10-07 19:08:13,222.603,222.624,222.603,222.624,20.0
2024-10-07 19:08:14,222.623,222.623,222.603,222.604,60.0
2024-10-07 19:08:15,222.614,222.614,222.614,222.614,10.0
2024-10-07 19:08:17,222.623,222.644,222.623,222.644,40.0
2024-10-07 19:08:18,222.643,222.674,222.643,222.673,50.0
2024-10-07 19:08:19,222.663,222.663,222.653,222.653,20.0
2024-10-07 19:08:20,222.663,222.663,222.663,222.663,10.0
2024-10-07 19:08:21,222.653,222.674,222.653,222.664,40.0
2024-10-07 19:08:23,222.663,222.674,222.663,222.674,20.0
2024-10-07 19:08:24,222.704,222.704,222.704,222.704,10.0
2024-10-07 19:08:25,222.704,222.704,222.683,222.684,60.0
2024-10-07 19:08:26,222.673,222.673,222.664,222.664,20.0
2024-10-07 19:08:28,222.673,222.673,222.673,222.673,10.0
2024-10-07 19:08:29,222.663,222.663,222.663,222.663,10.0
2024-10-07 19:08:32,222.674,222.674,222.674,222.674,10.0
2024-10-07 19:08:34,222.663,222.663,222.663,222.663,10.0
2024-10-07 19:08:36,222.673,222.683,222.673,222.683,30.000000000000004
2024-10-07 19:08:37,222.684,222.694,222.684,222.684,40.0
2024-10-07 19:08:38,222.683,222.683,222.683,222.683,10.0
2024-10-07 19:08:39,222.684,222.684,222.684,222.684,10.0
2024-10-07 19:08:40,222.703,222.704,222.703,222.704,20.0
2024-10-07 19:08:41,222.704,222.704,222.683,222.683,30.000000000000004
2024-10-07 19:08:42,222.673,222.684,222.673,222.683,30.000000000000004
2024-10-07 19:08:43,222.663,222.663,222.663,222.663,20.0
2024-10-07 19:08:44,222.684,222.684,222.684,222.684,20.0
2024-10-07 19:08:45,222.674,222.674,222.673,222.673,20.0
2024-10-07 19:08:46,222.674,222.674,222.673,222.673,20.0
2024-10-07 19:08:47,222.664,222.664,222.664,222.664,10.0
2024-10-07 19:08:51,222.654,222.654,222.654,222.654,10.0
2024-10-07 19:08:57,222.633,222.633,222.623,222.624,40.0
2024-10-07 19:08:58,222.624,222.624,222.624,222.624,30.000000000000004
2024-10-07 19:09:00,222.634,222.634,222.633,222.633,20.0
2024-10-07 19:09:01,222.623,222.633,222.623,222.633,20.0
2024-10-07 19:09:02,222.653,222.673,222.653,222.673,40.0
2024-10-07 19:09:03,222.673,222.673,222.663,222.664,30.000000000000004
2024-10-07 19:09:04,222.673,222.674,222.673,222.674,40.0
2024-10-07 19:09:05,222.674,222.674,222.653,222.653,40.0
2024-10-07 19:09:06,222.643,222.654,222.643,222.654,30.000000000000004
2024-10-07 19:09:07,222.643,222.644,222.643,222.644,20.0
2024-10-07 19:09:09,222.644,222.644,222.644,222.644,10.0
2024-10-07 19:09:10,222.653,222.653,222.653,222.653,10.0
2024-10-07 19:09:11,222.644,222.644,222.644,222.644,10.0
2024-10-07 19:09:12,222.643,222.673,222.643,222.673,50.0
2024-10-07 19:09:13,222.663,222.674,222.663,222.673,50.0
2024-10-07 19:09:14,222.663,222.664,222.663,222.664,20.0
2024-10-07 19:09:15,222.674,222.674,222.664,222.674,50.0
2024-10-07 19:09:16,222.674,222.674,222.674,222.674,20.0
2024-10-07 19:09:18,222.663,222.693,222.663,222.693,60.0
2024-10-07 19:09:19,222.693,222.693,222.693,222.693,20.0
2024-10-07 19:09:21,222.683,222.683,222.683,222.683,10.0
2024-10-07 19:09:22,222.673,222.684,222.663,222.684,30.000000000000004
2024-10-07 19:09:23,222.673,222.673,222.673,222.673,20.0
2024-10-07 19:09:25,222.674,222.674,222.674,222.674,10.0
2024-10-07 19:09:28,222.683,222.684,222.683,222.684,20.0
2024-10-07 19:09:29,222.664,222.664,222.664,222.664,10.0
2024-10-07 19:09:30,222.654,222.683,222.654,222.683,40.0
2024-10-07 19:09:31,222.693,222.713,222.683,222.713,50.0
2024-10-07 19:09:32,222.713,222.714,222.713,222.714,30.000000000000004
2024-10-07 19:09:33,222.713,222.723,222.713,222.723,20.0
2024-10-07 19:09:34,222.723,222.723,222.704,222.704,30.000000000000004
2024-10-07 19:09:35,222.713,222.713,222.713,222.713,10.0
2024-10-07 19:09:36,222.723,222.754,222.723,222.743,50.0
2024-10-07 19:09:37,222.743,222.773,222.743,222.773,50.0
2024-10-07 19:09:38,222.763,222.774,222.743,222.754,60.0
2024-10-07 19:09:39,222.764,222.764,222.754,222.754,20.0
2024-10-07 19:09:40,222.743,222.753,222.743,222.753,20.0
2024-10-07 19:09:41,222.764,222.764,222.764,222.764,10.0
2024-10-07 19:09:43,222.763,222.763,222.763,222.763,10.0
2024-10-07 19:09:46,222.754,222.763,222.754,222.763,20.0
2024-10-07 19:09:47,222.774,222.784,222.774,222.783,30.000000000000004
2024-10-07 19:09:48,222.774,222.793,222.774,222.793,30.000000000000004
2024-10-07 19:09:52,222.774,222.774,222.774,222.774,20.0
2024-10-07 19:09:53,222.774,222.774,222.774,222.774,20.0
2024-10-07 19:09:54,222.774,222.774,222.774,222.774,10.0
2024-10-07 19:09:57,222.753,222.753,222.753,222.753,10.0
2024-10-07 19:09:58,222.753,222.764,222.753,222.753,40.0
2024-10-07 19:10:01,222.774,222.774,222.753,222.754,40.0
2024-10-07 19:10:02,222.764,222.764,222.764,222.764,10.0
2024-10-07 19:10:03,222.764,222.774,222.763,222.774,40.0
2024-10-07 19:10:04,222.764,222.764,222.764,222.764,10.0
2024-10-07 19:10:05,222.744,222.763,222.744,222.763,30.000000000000004
2024-10-07 19:10:06,222.773,222.794,222.773,222.794,40.0
2024-10-07 19:10:08,222.804,222.804,222.774,222.774,50.0
2024-10-07 19:10:09,222.784,222.784,222.784,222.784,10.0
2024-10-07 19:10:10,222.783,222.783,222.783,222.783,10.0
2024-10-07 19:10:11,222.773,222.773,222.773,222.773,20.0
2024-10-07 19:10:12,222.763,222.763,222.724,222.733,40.0
2024-10-07 19:10:13,222.753,222.753,222.723,222.723,60.0
2024-10-07 19:10:14,222.734,222.743,222.734,222.743,20.0
2024-10-07 19:10:15,222.743,222.744,222.733,222.744,40.0
2024-10-07 19:10:17,222.764,222.774,222.764,222.774,30.000000000000004
2024-10-07 19:10:18,222.773,222.774,222.763,222.763,30.000000000000004
2024-10-07 19:10:19,222.754,222.754,222.714,222.714,60.0
2024-10-07 19:10:20,222.703,222.703,222.703,222.703,10.0
2024-10-07 19:10:21,222.694,222.694,222.694,222.694,10.0
2024-10-07 19:10:22,222.704,222.704,222.704,222.704,10.0
2024-10-07 19:10:23,222.693,222.704,222.693,222.704,20.0
2024-10-07 19:10:24,222.693,222.693,222.693,222.693,10.0
2024-10-07 19:10:25,222.703,222.703,222.703,222.703,10.0
2024-10-07 19:10:26,222.694,222.703,222.694,222.694,30.000000000000004
2024-10-07 19:10:28,222.713,222.723,222.713,222.723,20.0
2024-10-07 19:10:30,222.704,222.704,222.694,222.694,30.000000000000004
2024-10-07 19:10:31,222.683,222.694,222.683,222.693,40.0
2024-10-07 19:10:32,222.683,222.683,222.683,222.683,10.0
2024-10-07 19:10:33,222.694,222.694,222.694,222.694,10.0
2024-10-07 19:10:34,222.703,222.703,222.684,222.703,40.0
2024-10-07 19:10:35,222.684,222.684,222.684,222.684,10.0
2024-10-07 19:10:37,222.703,222.703,222.694,222.694,20.0
2024-10-07 19:10:38,222.694,222.694,222.643,222.643,30.000000000000004
2024-10-07 19:10:39,222.654,222.663,222.654,222.663,20.0
2024-10-07 19:10:40,222.643,222.643,222.643,222.643,10.0
2024-10-07 19:10:41,222.654,222.664,222.654,222.664,30.000000000000004
2024-10-07 19:10:42,222.663,222.663,222.634,222.643,60.0
2024-10-07 19:10:43,222.643,222.644,222.634,222.644,40.0
2024-10-07 19:10:44,222.643,222.644,222.643,222.644,20.0
2024-10-07 19:10:45,222.663,222.663,222.653,222.653,20.0
2024-10-07 19:10:46,222.634,222.643,222.634,222.643,20.0
2024-10-07 19:10:47,222.643,222.643,222.634,222.634,30.000000000000004
2024-10-07 19:10:48,222.624,222.633,222.624,222.633,20.0
2024-10-07 19:10:49,222.644,222.644,222.644,222.644,10.0
2024-10-07 19:10:50,222.633,222.643,222.614,222.624,40.0
2024-10-07 19:10:57,222.613,222.634,222.613,222.614,40.0
2024-10-07 19:10:58,222.613,222.613,222.613,222.613,10.0
2024-10-07 19:10:59,222.603,222.603,222.603,222.603,10.0
2024-10-07 19:11:00,222.614,222.614,222.604,222.604,20.0
2024-10-07 19:11:01,222.614,222.623,222.614,222.623,40.0
2024-10-07 19:11:02,222.644,222.644,222.633,222.644,50.0
2024-10-07 19:11:03,222.643,222.643,222.643,222.643,10.0
2024-10-07 19:11:04,222.644,222.644,222.644,222.644,10.0
2024-10-07 19:11:05,222.643,222.664,222.643,222.664,20.0
2024-10-07 19:11:06,222.674,222.674,222.674,222.674,10.0
2024-10-07 19:11:07,222.684,222.684,222.684,222.684,20.0
2024-10-07 19:11:08,222.674,222.723,222.674,222.723,50.0
2024-10-07 19:11:09,222.713,222.713,222.713,222.713,10.0
2024-10-07 19:11:10,222.704,222.704,222.704,222.704,10.0
2024-10-07 19:11:11,222.704,222.704,222.684,222.684,50.0
2024-10-07 19:11:12,222.674,222.674,222.674,222.674,10.0
2024-10-07 19:11:14,222.684,222.694,222.684,222.694,20.0
2024-10-07 19:11:15,222.684,222.684,222.684,222.684,10.0
2024-10-07 19:11:16,222.674,222.674,222.674,222.674,10.0
2024-10-07 19:11:17,222.653,222.664,222.653,222.664,40.0
2024-10-07 19:11:18,222.654,222.654,222.654,222.654,10.0
2024-10-07 19:11:19,222.663,222.663,222.663,222.663,20.0
2024-10-07 19:11:20,222.673,222.673,222.663,222.663,20.0
2024-10-07 19:11:21,222.663,222.663,222.663,222.663,10.0
2024-10-07 19:11:22,222.654,222.664,222.654,222.664,20.0
2024-10-07 19:11:23,222.654,222.654,222.643,222.654,40.0
2024-10-07 19:11:25,222.653,222.654,222.643,222.654,30.000000000000004
2024-10-07 19:11:27,222.644,222.644,222.644,222.644,20.0
2024-10-07 19:11:28,222.643,222.643,222.643,222.643,10.0
2024-10-07 19:11:30,222.664,222.683,222.664,222.683,20.0
2024-10-07 19:11:31,222.674,222.674,222.674,222.674,10.0
2024-10-07 19:11:32,222.684,222.684,222.674,222.674,20.0
2024-10-07 19:11:33,222.674,222.674,222.674,222.674,10.0
2024-10-07 19:11:34,222.683,222.683,222.683,222.683,10.0
2024-10-07 19:11:35,222.693,222.693,222.693,222.693,10.0
2024-10-07 19:11:36,222.694,222.694,222.684,222.684,30.000000000000004
2024-10-07 19:11:37,222.673,222.673,222.673,222.673,10.0
2024-10-07 19:11:39,222.684,222.684,222.684,222.684,10.0
2024-10-07 19:11:40,222.673,222.673,222.653,222.653,30.000000000000004
2024-10-07 19:11:42,222.643,222.643,222.643,222.643,10.0
2024-10-07 19:11:43,222.664,222.664,222.664,222.664,10.0
2024-10-07 19:11:45,222.664,222.664,222.653,222.653,50.0
2024-10-07 19:11:47,222.664,222.664,222.654,222.654,20.0
2024-10-07 19:11:51,222.643,222.653,222.643,222.653,20.0
2024-10-07 19:11:53,222.673,222.673,222.673,222.673,10.0
2024-10-07 19:11:54,222.684,222.684,222.684,222.684,10.0
2024-10-07 19:11:55,222.683,222.684,222.674,222.674,30.000000000000004
2024-10-07 19:11:56,222.683,222.684,222.683,222.684,20.0
2024-10-07 19:11:57,222.684,222.684,222.684,222.684,10.0
2024-10-07 19:11:58,222.683,222.704,222.683,222.694,40.0
2024-10-07 19:11:59,222.693,222.704,222.693,222.704,20.0
2024-10-07 19:12:00,222.714,222.724,222.714,222.724,20.0
2024-10-07 19:12:01,222.714,222.714,222.693,222.693,20.0
2024-10-07 19:12:02,222.704,222.704,222.703,222.704,30.000000000000004
2024-10-07 19:12:04,222.714,222.714,222.703,222.703,20.0
2024-10-07 19:12:06,222.693,222.693,222.693,222.693,10.0
2024-10-07 19:12:07,222.704,222.704,222.704,222.704,10.0
2024-10-07 19:12:08,222.674,222.674,222.674,222.674,10.0
2024-10-07 19:12:09,222.663,222.674,222.663,222.674,20.0
2024-10-07 19:12:10,222.683,222.683,222.663,222.663,20.0
2024-10-07 19:12:11,222.673,222.673,222.673,222.673,10.0
2024-10-07 19:12:12,222.664,222.664,222.654,222.654,20.0
2024-10-07 19:12:14,222.634,222.643,222.634,222.643,30.000000000000004
2024-10-07 19:12:15,222.634,222.634,222.634,222.634,10.0
2024-10-07 19:12:16,222.644,222.644,222.644,222.644,30.000000000000004
2024-10-07 19:12:17,222.654,222.664,222.653,222.653,30.000000000000004
2024-10-07 19:12:18,222.653,222.654,222.644,222.654,30.000000000000004
2024-10-07 19:12:19,222.654,222.654,222.644,222.644,30.000000000000004
2024-10-07 19:12:20,222.654,222.664,222.654,222.664,20.0
2024-10-07 19:12:21,222.643,222.643,222.643,222.643,20.0
2024-10-07 19:12:25,222.664,222.664,222.664,222.664,10.0
2024-10-07 19:12:27,222.654,222.654,222.654,222.654,10.0
2024-10-07 19:12:28,222.664,222.664,222.664,222.664,10.0
2024-10-07 19:12:29,222.643,222.643,222.633,222.643,30.000000000000004
2024-10-07 19:12:31,222.633,222.634,222.623,222.623,50.0
2024-10-07 19:12:32,222.634,222.634,222.603,222.603,30.000000000000004
2024-10-07 19:12:33,222.603,222.603,222.603,222.603,10.0
2024-10-07 19:12:34,222.593,222.603,222.584,222.603,70.00000000000001
2024-10-07 19:12:35,222.603,222.604,222.603,222.604,20.0
2024-10-07 19:12:36,222.603,222.603,222.603,222.603,10.0
2024-10-07 19:12:37,222.604,222.604,222.604,222.604,20.0
2024-10-07 19:12:38,222.614,222.614,222.614,222.614,10.0
2024-10-07 19:12:44,222.613,222.624,222.613,222.624,20.0
2024-10-07 19:12:45,222.633,222.633,222.633,222.633,10.0
2024-10-07 19:12:47,222.643,222.643,222.643,222.643,20.0
2024-10-07 19:12:48,222.663,222.663,222.663,222.663,20.0
2024-10-07 19:12:49,222.663,222.673,222.663,222.673,40.0
2024-10-07 19:12:50,222.684,222.694,222.684,222.693,50.0
2024-10-07 19:12:51,222.683,222.683,222.683,222.683,10.0
2024-10-07 19:12:54,222.673,222.684,222.673,222.684,30.000000000000004
2024-10-07 19:12:56,222.674,222.694,222.674,222.684,70.00000000000001
2024-10-07 19:12:57,222.693,222.693,222.683,222.693,30.000000000000004
2024-10-07 19:12:58,222.694,222.694,222.694,222.694,10.0
2024-10-07 19:12:59,222.693,222.693,222.693,222.693,10.0
2024-10-07 19:13:00,222.693,222.693,222.693,222.693,10.0
2024-10-07 19:13:01,222.704,222.704,222.694,222.704,40.0
2024-10-07 19:13:02,222.703,222.703,222.703,222.703,10.0
2024-10-07 19:13:04,222.723,222.733,222.723,222.733,20.0
2024-10-07 19:13:05,222.733,222.733,222.733,222.733,10.0
2024-10-07 19:13:06,222.734,222.743,222.734,222.743,20.0
2024-10-07 19:13:07,222.744,222.744,222.744,222.744,10.0
2024-10-07 19:13:08,222.754,222.754,222.754,222.754,10.0
2024-10-07 19:13:09,222.774,222.774,222.733,222.733,30.000000000000004
2024-10-07 19:13:13,222.724,222.753,222.724,222.753,30.000000000000004
2024-10-07 19:13:14,222.743,222.754,222.743,222.754,20.0
2024-10-07 19:13:16,222.733,222.733,222.733,222.733,10.0
2024-10-07 19:13:17,222.733,222.734,222.733,222.734,20.0
2024-10-07 19:13:18,222.753,222.753,222.743,222.753,30.000000000000004
2024-10-07 19:13:20,222.744,222.754,222.744,222.754,20.0
2024-10-07 19:13:21,222.743,222.744,222.724,222.724,30.000000000000004
2024-10-07 19:13:22,222.714,222.723,222.714,222.723,30.000000000000004
2024-10-07 19:13:23,222.713,222.724,222.713,222.723,40.0
2024-10-07 19:13:24,222.724,222.724,222.714,222.724,30.000000000000004
2024-10-07 19:13:25,222.703,222.714,222.703,222.714,20.0
2024-10-07 19:13:26,222.703,222.703,222.703,222.703,10.0
2024-10-07 19:13:27,222.704,222.704,222.653,222.654,40.0
2024-10-07 19:13:30,222.674,222.683,222.673,222.683,40.0
2024-10-07 19:13:31,222.664,222.664,222.653,222.654,30.000000000000004
2024-10-07 19:13:32,222.644,222.644,222.634,222.634,20.0
2024-10-07 19:13:33,222.624,222.643,222.624,222.643,20.0
2024-10-07 19:13:34,222.643,222.653,222.643,222.653,30.000000000000004
2024-10-07 19:13:35,222.643,222.643,222.643,222.643,20.0
2024-10-07 19:13:36,222.634,222.654,222.624,222.654,70.00000000000001
2024-10-07 19:13:37,222.643,222.644,222.633,222.644,30.000000000000004
2024-10-07 19:13:39,222.634,222.634,222.613,222.623,30.000000000000004
2024-10-07 19:13:40,222.634,222.644,222.634,222.644,20.0
2024-10-07 19:13:41,222.653,222.653,222.634,222.634,40.0
2024-10-07 19:13:42,222.624,222.624,222.624,222.624,10.0
2024-10-07 19:13:43,222.634,222.634,222.623,222.633,30.000000000000004
2024-10-07 19:13:45,222.623,222.623,222.623,222.623,10.0
2024-10-07 19:13:46,222.633,222.633,222.633,222.633,10.0
2024-10-07 19:13:47,222.623,222.634,222.623,222.623,30.000000000000004
2024-10-07 19:13:48,222.634,222.634,222.623,222.623,40.0
2024-10-07 19:13:49,222.633,222.644,222.633,222.644,30.000000000000004
2024-10-07 19:13:50,222.664,222.664,222.664,222.664,10.0
2024-10-07 19:13:51,222.654,222.663,222.654,222.663,20.0
2024-10-07 19:13:54,222.653,222.653,222.653,222.653,10.0
2024-10-07 19:13:56,222.644,222.663,222.644,222.663,40.0
2024-10-07 19:13:58,222.653,222.653,222.643,222.643,20.0
2024-10-07 19:14:00,222.644,222.644,222.634,222.634,30.000000000000004
2024-10-07 19:14:01,222.633,222.633,222.633,222.633,10.0
2024-10-07 19:14:02,222.623,222.623,222.614,222.614,20.0
2024-10-07 19:14:03,222.634,222.634,222.624,222.624,20.0
2024-10-07 19:14:04,222.644,222.654,222.643,222.643,50.0
2024-10-07 19:14:07,222.663,222.663,222.663,222.663,10.0
2024-10-07 19:14:08,222.643,222.643,222.643,222.643,10.0
2024-10-07 19:14:09,222.653,222.653,222.653,222.653,10.0
2024-10-07 19:14:11,222.643,222.643,222.633,222.634,30.000000000000004
2024-10-07 19:14:12,222.664,222.664,222.664,222.664,20.0
2024-10-07 19:14:14,222.663,222.663,222.663,222.663,10.0
2024-10-07 19:14:16,222.643,222.643,222.643,222.643,10.0
2024-10-07 19:14:19,222.643,222.643,222.643,222.643,10.0
2024-10-07 19:14:21,222.644,222.644,222.644,222.644,10.0
2024-10-07 19:14:23,222.644,222.644,222.644,222.644,10.0
2024-10-07 19:14:28,222.634,222.654,222.634,222.654,30.000000000000004
2024-10-07 19:14:29,222.664,222.664,222.654,222.654,20.0
2024-10-07 19:14:30,222.653,222.653,222.653,222.653,20.0
2024-10-07 19:14:31,222.654,222.654,222.654,222.654,40.0
2024-10-07 19:14:35,222.643,222.654,222.643,222.654,20.0
2024-10-07 19:14:36,222.644,222.644,222.644,222.644,10.0
2024-10-07 19:14:38,222.654,222.654,222.643,222.643,30.000000000000004
2024-10-07 19:14:39,222.634,222.634,222.634,222.634,10.0
2024-10-07 19:14:40,222.623,222.623,222.613,222.613,20.0
2024-10-07 19:14:42,222.613,222.624,222.613,222.624,40.0
2024-10-07 19:14:44,222.613,222.613,222.613,222.613,10.0
2024-10-07 19:14:45,222.624,222.624,222.614,222.614,20.0
2024-10-07 19:14:46,222.623,222.623,222.623,222.623,20.0
2024-10-07 19:14:47,222.613,222.613,222.613,222.613,10.0
2024-10-07 19:14:48,222.613,222.614,222.613,222.614,20.0
2024-10-07 19:14:49,222.603,222.603,222.603,222.603,10.0
2024-10-07 19:14:50,222.614,222.614,222.614,222.614,10.0
2024-10-07 19:14:51,222.603,222.603,222.603,222.603,10.0
2024-10-07 19:14:52,222.613,222.613,222.603,222.603,20.0
2024-10-07 19:14:54,222.614,222.614,222.614,222.614,10.0
2024-10-07 19:14:56,222.603,222.603,222.603,222.603,10.0
2024-10-07 19:14:59,222.593,222.593,222.583,222.583,20.0
2024-10-07 19:15:00,222.603,222.603,222.593,222.593,20.0
2024-10-07 19:15:01,222.604,222.604,222.594,222.604,50.0
2024-10-07 19:15:02,222.594,222.604,222.594,222.604,20.0
2024-10-07 19:15:04,222.604,222.604,222.604,222.604,10.0
2024-10-07 19:15:05,222.593,222.594,222.593,222.594,30.000000000000004
2024-10-07 19:15:07,222.593,222.603,222.593,222.603,30.000000000000004
2024-10-07 19:15:08,222.604,222.643,222.604,222.643,60.0
2024-10-07 19:15:09,222.654,222.654,222.633,222.633,20.0
2024-10-07 19:15:10,222.644,222.654,222.644,222.653,60.0
2024-10-07 19:15:11,222.654,222.664,222.654,222.664,30.000000000000004
2024-10-07 19:15:12,222.654,222.654,222.644,222.653,30.000000000000004
2024-10-07 19:15:14,222.633,222.644,222.633,222.644,20.0
2024-10-07 19:15:15,222.644,222.653,222.643,222.643,40.0
2024-10-07 19:15:16,222.633,222.633,222.633,222.633,20.0
2024-10-07 19:15:18,222.633,222.633,222.633,222.633,10.0
2024-10-07 19:15:19,222.623,222.634,222.614,222.614,30.000000000000004
2024-10-07 19:15:21,222.604,222.604,222.604,222.604,10.0
2024-10-07 19:15:23,222.594,222.594,222.594,222.594,30.000000000000004
2024-10-07 19:15:24,222.594,222.594,222.594,222.594,10.0
2024-10-07 19:15:26,222.593,222.593,222.593,222.593,10.0
2024-10-07 19:15:30,222.583,222.593,222.583,222.584,30.000000000000004
2024-10-07 19:15:31,222.593,222.633,222.593,222.633,70.00000000000001
2024-10-07 19:15:32,222.634,222.634,222.634,222.634,10.0
2024-10-07 19:15:33,222.623,222.623,222.623,222.623,10.0
2024-10-07 19:15:35,222.633,222.633,222.633,222.633,20.0
2024-10-07 19:15:36,222.634,222.634,222.634,222.634,10.0
2024-10-07 19:15:38,222.634,222.634,222.634,222.634,10.0
2024-10-07 19:15:40,222.644,222.644,222.643,222.643,20.0
2024-10-07 19:15:41,222.654,222.664,222.654,222.664,50.0
2024-10-07 19:15:42,222.684,222.684,222.664,222.673,30.000000000000004
2024-10-07 19:15:43,222.673,222.673,222.673,222.673,10.0
2024-10-07 19:15:44,222.664,222.664,222.664,222.664,10.0
2024-10-07 19:15:45,222.673,222.673,222.673,222.673,10.0
2024-10-07 19:15:46,222.663,222.663,222.663,222.663,10.0
2024-10-07 19:15:50,222.664,222.674,222.663,222.674,30.000000000000004
2024-10-07 19:15:52,222.653,222.653,222.644,222.644,20.0
2024-10-07 19:15:54,222.634,222.634,222.623,222.624,30.000000000000004
2024-10-07 19:15:55,222.613,222.613,222.613,222.613,20.0
2024-10-07 19:15:57,222.604,222.604,222.604,222.604,10.0
2024-10-07 19:15:59,222.594,222.594,222.594,222.594,10.0
2024-10-07 19:16:00,222.614,222.614,222.614,222.614,10.0
2024-10-07 19:16:01,222.594,222.594,222.594,222.594,10.0
2024-10-07 19:16:02,222.593,222.593,222.573,222.573,30.000000000000004
2024-10-07 19:16:03,222.544,222.554,222.544,222.554,40.0
2024-10-07 19:16:04,222.563,222.563,222.563,222.563,20.0
2024-10-07 19:16:05,222.574,222.574,222.563,222.563,20.0
2024-10-07 19:16:07,222.554,222.554,222.554,222.554,10.0
2024-10-07 19:16:08,222.544,222.544,222.544,222.544,10.0
2024-10-07 19:16:11,222.534,222.534,222.523,222.533,30.000000000000004
2024-10-07 19:16:12,222.524,222.524,222.524,222.524,10.0
2024-10-07 19:16:14,222.523,222.523,222.523,222.523,10.0
2024-10-07 19:16:20,222.543,222.553,222.543,222.553,30.000000000000004
2024-10-07 19:16:21,222.543,222.543,222.543,222.543,10.0
2024-10-07 19:16:22,222.544,222.544,222.544,222.544,10.0
2024-10-07 19:16:24,222.534,222.534,222.534,222.534,10.0
2024-10-07 19:16:25,222.543,222.543,222.543,222.543,10.0
2024-10-07 19:16:27,222.543,222.543,222.543,222.543,10.0
2024-10-07 19:16:28,222.553,222.553,222.553,222.553,20.0
2024-10-07 19:16:29,222.564,222.574,222.564,222.574,30.000000000000004
2024-10-07 19:16:30,222.573,222.584,222.573,222.584,20.0
2024-10-07 19:16:31,222.574,222.574,222.574,222.574,20.0
2024-10-07 19:16:32,222.583,222.583,222.583,222.583,10.0
2024-10-07 19:16:33,222.574,222.574,222.574,222.574,10.0
2024-10-07 19:16:34,222.573,222.573,222.573,222.573,10.0
2024-10-07 19:16:35,222.574,222.594,222.573,222.594,40.0
2024-10-07 19:16:37,222.583,222.594,222.583,222.594,20.0
2024-10-07 19:16:38,222.583,222.584,222.574,222.584,30.000000000000004
2024-10-07 19:16:39,222.594,222.594,222.584,222.584,20.0
2024-10-07 19:16:41,222.573,222.584,222.573,222.584,20.0
2024-10-07 19:16:42,222.574,222.574,222.574,222.574,10.0
2024-10-07 19:16:43,222.564,222.573,222.564,222.573,30.000000000000004
2024-10-07 19:16:44,222.574,222.574,222.563,222.574,40.0
2024-10-07 19:16:45,222.573,222.573,222.573,222.573,20.0
2024-10-07 19:16:46,222.583,222.583,222.574,222.574,20.0
2024-10-07 19:16:47,222.583,222.583,222.583,222.583,10.0
2024-10-07 19:16:49,222.583,222.583,222.583,222.583,10.0
2024-10-07 19:16:50,222.583,222.584,222.583,222.583,30.000000000000004
2024-10-07 19:16:51,222.584,222.584,222.584,222.584,10.0
2024-10-07 19:16:54,222.583,222.604,222.583,222.594,60.0
2024-10-07 19:16:56,222.584,222.593,222.583,222.583,30.000000000000004
2024-10-07 19:16:57,222.593,222.603,222.593,222.603,20.0
2024-10-07 19:16:58,222.603,222.603,222.603,222.603,10.0
2024-10-07 19:16:59,222.583,222.584,222.573,222.584,30.000000000000004
2024-10-07 19:17:00,222.584,222.584,222.584,222.584,10.0
2024-10-07 19:17:01,222.584,222.604,222.584,222.604,30.000000000000004
2024-10-07 19:17:02,222.603,222.614,222.603,222.614,40.0
2024-10-07 19:17:05,222.623,222.624,222.623,222.624,20.0
2024-10-07 19:17:06,222.624,222.624,222.624,222.624,20.0
2024-10-07 19:17:07,222.623,222.623,222.603,222.604,30.000000000000004
2024-10-07 19:17:08,222.594,222.594,222.594,222.594,10.0
2024-10-07 19:17:09,222.583,222.583,222.574,222.574,40.0
2024-10-07 19:17:10,222.564,222.564,222.564,222.564,10.0
2024-10-07 19:17:11,222.544,222.544,222.534,222.534,30.000000000000004
2024-10-07 19:17:14,222.544,222.544,222.544,222.544,10.0
2024-10-07 19:17:16,222.533,222.533,222.524,222.524,20.0
2024-10-07 19:17:19,222.544,222.544,222.543,222.543,20.0
2024-10-07 19:17:21,222.573,222.574,222.564,222.564,40.0
2024-10-07 19:17:22,222.563,222.564,222.563,222.564,20.0
2024-10-07 19:17:23,222.573,222.573,222.573,222.573,10.0
2024-10-07 19:17:24,222.564,222.574,222.564,222.574,30.000000000000004
2024-10-07 19:17:25,222.574,222.574,222.574,222.574,20.0
2024-10-07 19:17:26,222.563,222.564,222.563,222.564,50.0
2024-10-07 19:17:27,222.553,222.553,222.543,222.544,30.000000000000004
2024-10-07 19:17:28,222.553,222.553,222.553,222.553,10.0
2024-10-07 19:17:29,222.553,222.553,222.553,222.553,10.0
2024-10-07 19:17:31,222.544,222.553,222.544,222.553,20.0
2024-10-07 19:17:32,222.543,222.543,222.533,222.533,20.0
2024-10-07 19:17:34,222.534,222.534,222.534,222.534,10.0
2024-10-07 19:17:36,222.533,222.533,222.533,222.533,10.0
2024-10-07 19:17:38,222.543,222.544,222.543,222.544,20.0
2024-10-07 19:17:39,222.534,222.534,222.534,222.534,10.0
2024-10-07 19:17:40,222.543,222.543,222.543,222.543,10.0
2024-10-07 19:17:41,222.543,222.543,222.543,222.543,10.0
2024-10-07 19:17:42,222.534,222.534,222.534,222.534,10.0
2024-10-07 19:17:44,222.533,222.533,222.524,222.524,20.0
2024-10-07 19:17:45,222.514,222.523,222.514,222.523,20.0
2024-10-07 19:17:46,222.514,222.514,222.483,222.483,30.000000000000004
2024-10-07 19:17:47,222.474,222.484,222.474,222.484,30.000000000000004
2024-10-07 19:17:48,222.504,222.504,222.504,222.504,10.0
2024-10-07 19:17:49,222.503,222.503,222.503,222.503,10.0
2024-10-07 19:17:51,222.503,222.504,222.503,222.504,20.0
2024-10-07 19:17:52,222.504,222.514,222.504,222.513,30.000000000000004
2024-10-07 19:17:53,222.514,222.514,222.503,222.504,40.0
2024-10-07 19:17:54,222.503,222.533,222.503,222.533,30.000000000000004
2024-10-07 19:17:55,222.534,222.534,222.534,222.534,10.0
2024-10-07 19:17:56,222.524,222.524,222.523,222.523,20.0
2024-10-07 19:17:57,222.523,222.544,222.523,222.544,20.0
2024-10-07 19:17:59,222.563,222.564,222.553,222.553,60.0
2024-10-07 19:18:00,222.554,222.554,222.553,222.553,30.000000000000004
2024-10-07 19:18:01,222.554,222.554,222.553,222.554,40.0
2024-10-07 19:18:02,222.563,222.573,222.563,222.573,20.0
2024-10-07 19:18:03,222.584,222.584,222.584,222.584,10.0
2024-10-07 19:18:04,222.564,222.564,222.554,222.554,20.0
2024-10-07 19:18:05,222.564,222.573,222.553,222.564,40.0
2024-10-07 19:18:06,222.574,222.574,222.574,222.574,10.0
2024-10-07 19:18:08,222.564,222.564,222.564,222.564,10.0
2024-10-07 19:18:09,222.563,222.563,222.554,222.554,40.0
2024-10-07 19:18:10,222.563,222.563,222.563,222.563,10.0
2024-10-07 19:18:11,222.554,222.554,222.554,222.554,10.0
2024-10-07 19:18:12,222.543,222.553,222.543,222.553,20.0
2024-10-07 19:18:13,222.563,222.563,222.553,222.563,30.000000000000004
2024-10-07 19:18:14,222.554,222.554,222.553,222.553,20.0
2024-10-07 19:18:16,222.543,222.553,222.534,222.543,50.0
2024-10-07 19:18:18,222.534,222.534,222.534,222.534,10.0
2024-10-07 19:18:20,222.534,222.534,222.534,222.534,10.0
2024-10-07 19:18:21,222.523,222.534,222.523,222.534,20.0
2024-10-07 19:18:23,222.524,222.534,222.523,222.534,40.0
2024-10-07 19:18:24,222.524,222.524,222.524,222.524,10.0
2024-10-07 19:18:25,222.523,222.523,222.513,222.513,20.0
2024-10-07 19:18:26,222.524,222.524,222.513,222.513,20.0
2024-10-07 19:18:27,222.524,222.524,222.514,222.514,20.0
2024-10-07 19:18:28,222.524,222.564,222.524,222.563,70.00000000000001
2024-10-07 19:18:29,222.543,222.544,222.543,222.544,20.0
2024-10-07 19:18:30,222.544,222.544,222.544,222.544,10.0
2024-10-07 19:18:31,222.524,222.533,222.524,222.533,20.0
2024-10-07 19:18:33,222.543,222.544,222.534,222.544,30.000000000000004
2024-10-07 19:18:34,222.544,222.544,222.544,222.544,10.0
2024-10-07 19:18:35,222.534,222.534,222.534,222.534,10.0
2024-10-07 19:18:36,222.543,222.543,222.543,222.543,10.0
2024-10-07 19:18:37,222.543,222.543,222.543,222.543,20.0
2024-10-07 19:18:38,222.543,222.543,222.543,222.543,30.000000000000004
2024-10-07 19:18:39,222.544,222.554,222.544,222.554,30.000000000000004
2024-10-07 19:18:40,222.544,222.554,222.544,222.554,20.0
2024-10-07 19:18:41,222.543,222.543,222.524,222.524,30.000000000000004
2024-10-07 19:18:44,222.544,222.554,222.544,222.554,20.0
2024-10-07 19:18:46,222.543,222.543,222.543,222.543,10.0
2024-10-07 19:18:52,222.533,222.533,222.533,222.533,10.0
2024-10-07 19:18:54,222.564,222.564,222.533,222.533,30.000000000000004
2024-10-07 19:18:55,222.524,222.533,222.524,222.533,20.0
2024-10-07 19:18:57,222.523,222.523,222.523,222.523,10.0
2024-10-07 19:18:58,222.533,222.533,222.533,222.533,10.0
2024-10-07 19:18:59,222.534,222.534,222.534,222.534,10.0
2024-10-07 19:19:00,222.524,222.534,222.524,222.534,20.0
2024-10-07 19:19:01,222.524,222.534,222.524,222.534,20.0
2024-10-07 19:19:02,222.524,222.534,222.524,222.534,20.0
2024-10-07 19:19:03,222.524,222.534,222.523,222.523,30.000000000000004
2024-10-07 19:19:04,222.514,222.514,222.514,222.514,10.0
2024-10-07 19:19:05,222.514,222.514,222.514,222.514,10.0
2024-10-07 19:19:07,222.533,222.533,222.533,222.533,10.0
2024-10-07 19:19:08,222.543,222.543,222.543,222.543,10.0
2024-10-07 19:19:09,222.534,222.543,222.534,222.543,20.0
2024-10-07 19:19:10,222.534,222.534,222.534,222.534,10.0
2024-10-07 19:19:16,222.524,222.534,222.524,222.534,20.0
2024-10-07 19:19:17,222.534,222.534,222.534,222.534,10.0
2024-10-07 19:19:18,222.533,222.533,222.533,222.533,10.0
2024-10-07 19:19:22,222.533,222.534,222.533,222.534,20.0
2024-10-07 19:19:26,222.533,222.533,222.533,222.533,10.0
2024-10-07 19:19:31,222.524,222.533,222.524,222.533,20.0
2024-10-07 19:19:32,222.524,222.533,222.524,222.533,20.0
2024-10-07 19:19:36,222.514,222.514,222.514,222.514,10.0
2024-10-07 19:19:39,222.534,222.534,222.534,222.534,10.0
2024-10-07 19:19:41,222.523,222.533,222.523,222.533,20.0
2024-10-07 19:19:44,222.513,222.513,222.513,222.513,10.0
2024-10-07 19:19:46,222.534,222.534,222.523,222.523,40.0
2024-10-07 19:19:47,222.533,222.534,222.523,222.534,30.000000000000004
2024-10-07 19:19:48,222.524,222.524,222.524,222.524,10.0
2024-10-07 19:19:50,222.514,222.514,222.514,222.514,10.0
2024-10-07 19:19:51,222.494,222.494,222.484,222.493,30.000000000000004
2024-10-07 19:19:53,222.484,222.484,222.484,222.484,10.0
2024-10-07 19:19:54,222.493,222.493,222.493,222.493,10.0
2024-10-07 19:19:55,222.483,222.483,222.483,222.483,10.0
2024-10-07 19:19:57,222.474,222.493,222.473,222.473,40.0
2024-10-07 19:20:00,222.454,222.474,222.454,222.474,50.0
2024-10-07 19:20:01,222.474,222.474,222.474,222.474,20.0
2024-10-07 19:20:02,222.484,222.514,222.483,222.514,50.0
2024-10-07 19:20:03,222.504,222.514,222.504,222.514,50.0
2024-10-07 19:20:04,222.513,222.514,222.513,222.514,30.000000000000004
2024-10-07 19:20:06,222.514,222.524,222.514,222.524,20.0
2024-10-07 19:20:08,222.514,222.514,222.514,222.514,10.0
2024-10-07 19:20:09,222.514,222.514,222.514,222.514,10.0
2024-10-07 19:20:10,222.493,222.493,222.493,222.493,10.0
2024-10-07 19:20:12,222.473,222.473,222.473,222.473,10.0
2024-10-07 19:20:13,222.493,222.494,222.493,222.494,20.0
2024-10-07 19:20:15,222.483,222.494,222.483,222.494,20.0
2024-10-07 19:20:16,222.494,222.494,222.493,222.493,20.0
2024-10-07 19:20:17,222.503,222.503,222.503,222.503,10.0
2024-10-07 19:20:18,222.513,222.513,222.513,222.513,20.0
2024-10-07 19:20:19,222.504,222.504,222.493,222.503,40.0
2024-10-07 19:20:21,222.504,222.524,222.504,222.524,30.000000000000004
2024-10-07 19:20:22,222.533,222.533,222.533,222.533,30.000000000000004
2024-10-07 19:20:23,222.533,222.534,222.524,222.534,40.0
2024-10-07 19:20:24,222.524,222.524,222.524,222.524,10.0
2024-10-07 19:20:25,222.523,222.523,222.523,222.523,20.0
2024-10-07 19:20:27,222.533,222.533,222.533,222.533,10.0
2024-10-07 19:20:28,222.554,222.554,222.554,222.554,10.0
2024-10-07 19:20:29,222.544,222.544,222.544,222.544,10.0
2024-10-07 19:20:30,222.554,222.554,222.553,222.553,30.000000000000004
2024-10-07 19:20:33,222.564,222.564,222.564,222.564,30.000000000000004
2024-10-07 19:20:36,222.543,222.543,222.543,222.543,10.0
2024-10-07 19:20:37,222.564,222.564,222.564,222.564,10.0
2024-10-07 19:20:38,222.554,222.564,222.554,222.564,20.0
2024-10-07 19:20:40,222.553,222.553,222.504,222.504,50.0
2024-10-07 19:20:42,222.503,222.503,222.503,222.503,30.000000000000004
2024-10-07 19:20:43,222.504,222.504,222.504,222.504,10.0
2024-10-07 19:20:46,222.503,222.503,222.503,222.503,10.0
2024-10-07 19:20:49,222.544,222.613,222.544,222.613,60.0
2024-10-07 19:20:50,222.603,222.644,222.603,222.644,40.0
2024-10-07 19:20:51,222.643,222.644,222.634,222.644,40.0
2024-10-07 19:20:53,222.634,222.634,222.634,222.634,10.0
2024-10-07 19:20:54,222.624,222.633,222.624,222.633,20.0
2024-10-07 19:20:55,222.613,222.613,222.604,222.604,20.0
2024-10-07 19:20:56,222.604,222.613,222.604,222.613,30.000000000000004
2024-10-07 19:21:00,222.604,222.614,222.574,222.574,80.0
2024-10-07 19:21:01,222.573,222.573,222.573,222.573,30.000000000000004
2024-10-07 19:21:02,222.573,222.574,222.573,222.574,20.0
2024-10-07 19:21:03,222.593,222.593,222.593,222.593,10.0
2024-10-07 19:21:04,222.603,222.604,222.603,222.603,30.000000000000004
2024-10-07 19:21:05,222.604,222.604,222.593,222.593,20.0
2024-10-07 19:21:06,222.594,222.594,222.594,222.594,10.0
2024-10-07 19:21:09,222.584,222.584,222.574,222.574,20.0
2024-10-07 19:21:10,222.583,222.583,222.583,222.583,10.0
2024-10-07 19:21:11,222.584,222.604,222.584,222.593,30.000000000000004
2024-10-07 19:21:12,222.594,222.594,222.593,222.593,20.0
2024-10-07 19:21:13,222.584,222.584,222.584,222.584,10.0
2024-10-07 19:21:15,222.573,222.584,222.573,222.584,30.000000000000004
2024-10-07 19:21:16,222.564,222.573,222.564,222.573,20.0
2024-10-07 19:21:17,222.574,222.574,222.573,222.573,20.0
2024-10-07 19:21:18,222.564,222.564,222.564,222.564,10.0
2024-10-07 19:21:19,222.564,222.564,222.564,222.564,10.0
2024-10-07 19:21:21,222.564,222.564,222.563,222.564,30.000000000000004
2024-10-07 19:21:22,222.573,222.573,222.553,222.553,30.000000000000004
2024-10-07 19:21:23,222.543,222.543,222.543,222.543,10.0
2024-10-07 19:21:25,222.534,222.534,222.523,222.523,20.0
2024-10-07 19:21:27,222.504,222.513,222.504,222.513,20.0
2024-10-07 19:21:28,222.503,222.514,222.503,222.514,20.0
2024-10-07 19:21:30,222.514,222.524,222.504,222.504,50.0
2024-10-07 19:21:33,222.514,222.514,222.514,222.514,10.0
2024-10-07 19:21:34,222.483,222.494,222.474,222.494,50.0
2024-10-07 19:21:35,222.493,222.493,222.493,222.493,10.0
2024-10-07 19:21:36,222.483,222.483,222.483,222.483,10.0
2024-10-07 19:21:39,222.474,222.474,222.463,222.463,30.000000000000004
2024-10-07 19:21:40,222.464,222.464,222.464,222.464,10.0
2024-10-07 19:21:41,222.464,222.464,222.464,222.464,10.0
2024-10-07 19:21:42,222.464,222.464,222.464,222.464,10.0
2024-10-07 19:21:43,222.464,222.464,222.464,222.464,10.0
2024-10-07 19:21:44,222.473,222.473,222.473,222.473,20.0
2024-10-07 19:21:45,222.473,222.473,222.473,222.473,20.0
2024-10-07 19:21:46,222.474,222.474,222.474,222.474,10.0
2024-10-07 19:21:47,222.464,222.464,222.463,222.463,20.0
2024-10-07 19:21:48,222.463,222.473,222.463,222.473,20.0
2024-10-07 19:21:49,222.463,222.474,222.463,222.464,50.0
2024-10-07 19:21:50,222.474,222.474,222.474,222.474,20.0
2024-10-07 19:21:53,222.473,222.474,222.473,222.474,20.0
2024-10-07 19:21:54,222.474,222.474,222.474,222.474,10.0
2024-10-07 19:21:55,222.473,222.473,222.473,222.473,10.0
2024-10-07 19:21:56,222.483,222.494,222.483,222.494,20.0
2024-10-07 19:21:57,222.483,222.483,222.483,222.483,10.0
2024-10-07 19:22:03,222.513,222.524,222.513,222.523,40.0
2024-10-07 19:22:04,222.523,222.523,222.523,222.523,10.0
2024-10-07 19:22:05,222.513,222.513,222.504,222.504,30.000000000000004
2024-10-07 19:22:07,222.503,222.503,222.503,222.503,10.0
2024-10-07 19:22:08,222.513,222.514,222.504,222.514,30.000000000000004
2024-10-07 19:22:09,222.504,222.514,222.504,222.514,20.0
2024-10-07 19:22:10,222.493,222.513,222.493,222.493,40.0
2024-10-07 19:22:12,222.504,222.504,222.504,222.504,10.0
2024-10-07 19:22:13,222.493,222.504,222.493,222.504,20.0
2024-10-07 19:22:14,222.513,222.524,222.513,222.524,30.000000000000004
2024-10-07 19:22:15,222.533,222.533,222.523,222.523,20.0
2024-10-07 19:22:16,222.523,222.523,222.523,222.523,10.0
2024-10-07 19:22:17,222.523,222.533,222.523,222.533,30.000000000000004
2024-10-07 19:22:18,222.543,222.544,222.543,222.544,20.0
2024-10-07 19:22:19,222.553,222.554,222.543,222.554,30.000000000000004
2024-10-07 19:22:20,222.534,222.553,222.534,222.553,30.000000000000004
2024-10-07 19:22:21,222.544,222.554,222.544,222.554,40.0
2024-10-07 19:22:22,222.533,222.554,222.533,222.554,60.0
2024-10-07 19:22:23,222.554,222.554,222.553,222.553,20.0
2024-10-07 19:22:24,222.554,222.554,222.553,222.553,50.0
2024-10-07 19:22:25,222.553,222.553,222.553,222.553,10.0
2024-10-07 19:22:26,222.554,222.554,222.553,222.553,20.0
2024-10-07 19:22:27,222.553,222.553,222.543,222.543,20.0
2024-10-07 19:22:28,222.543,222.543,222.543,222.543,10.0
2024-10-07 19:22:29,222.573,222.573,222.573,222.573,10.0
2024-10-07 19:22:30,222.564,222.564,222.563,222.563,40.0
2024-10-07 19:22:31,222.564,222.574,222.564,222.574,30.000000000000004
2024-10-07 19:22:32,222.563,222.563,222.563,222.563,10.0
2024-10-07 19:22:33,222.573,222.583,222.573,222.583,50.0
2024-10-07 19:22:34,222.574,222.574,222.574,222.574,10.0
2024-10-07 19:22:35,222.573,222.573,222.564,222.564,20.0
2024-10-07 19:22:37,222.574,222.574,222.574,222.574,10.0
2024-10-07 19:22:38,222.563,222.594,222.563,222.594,40.0
2024-10-07 19:22:39,222.593,222.614,222.574,222.584,60.0
2024-10-07 19:22:40,222.584,222.584,222.583,222.584,30.000000000000004
2024-10-07 19:22:41,222.584,222.614,222.584,222.614,40.0
2024-10-07 19:22:42,222.614,222.614,222.614,222.614,10.0
2024-10-07 19:22:43,222.613,222.613,222.593,222.593,20.0
2024-10-07 19:22:45,222.593,222.594,222.593,222.594,20.0
2024-10-07 19:22:46,222.593,222.613,222.593,222.604,30.000000000000004
2024-10-07 19:22:47,222.594,222.603,222.594,222.603,20.0
2024-10-07 19:22:48,222.594,222.604,222.594,222.604,20.0
2024-10-07 19:22:49,222.613,222.613,222.613,222.613,20.0
2024-10-07 19:22:50,222.603,222.603,222.603,222.603,10.0
2024-10-07 19:22:51,222.613,222.614,222.604,222.604,40.0
2024-10-07 19:22:52,222.614,222.614,222.603,222.603,30.000000000000004
2024-10-07 19:22:53,222.613,222.613,222.603,222.603,20.0
2024-10-07 19:22:55,222.614,222.623,222.613,222.623,30.000000000000004
2024-10-07 19:22:57,222.624,222.674,222.624,222.664,30.000000000000004
2024-10-07 19:22:58,222.684,222.684,222.664,222.673,40.0
2024-10-07 19:23:00,222.653,222.653,222.653,222.653,10.0
2024-10-07 19:23:01,222.664,222.664,222.654,222.664,40.0
2024-10-07 19:23:02,222.654,222.664,222.653,222.664,30.000000000000004
2024-10-07 19:23:03,222.674,222.683,222.674,222.683,40.0
2024-10-07 19:23:04,222.683,222.683,222.683,222.683,20.0
2024-10-07 19:23:06,222.673,222.683,222.673,222.683,20.0
2024-10-07 19:23:08,222.643,222.643,222.634,222.643,30.000000000000004
2024-10-07 19:23:10,222.633,222.633,222.633,222.633,10.0
2024-10-07 19:23:11,222.644,222.644,222.644,222.644,10.0
2024-10-07 19:23:13,222.653,222.664,222.653,222.664,40.0
2024-10-07 19:23:14,222.664,222.684,222.664,222.684,40.0
2024-10-07 19:23:15,222.683,222.683,222.674,222.674,20.0
2024-10-07 19:23:16,222.683,222.683,222.683,222.683,10.0
2024-10-07 19:23:19,222.674,222.684,222.674,222.684,30.000000000000004
2024-10-07 19:23:22,222.683,222.683,222.683,222.683,20.0
2024-10-07 19:23:23,222.684,222.684,222.684,222.684,10.0
2024-10-07 19:23:24,222.684,222.684,222.684,222.684,20.0
2024-10-07 19:23:25,222.693,222.693,222.693,222.693,10.0
2024-10-07 19:23:27,222.693,222.693,222.693,222.693,20.0
2024-10-07 19:23:28,222.694,222.694,222.694,222.694,20.0
2024-10-07 19:23:30,222.693,222.693,222.693,222.693,40.0
2024-10-07 19:23:33,222.684,222.684,222.684,222.684,10.0
2024-10-07 19:23:34,222.663,222.663,222.663,222.663,20.0
2024-10-07 19:23:35,222.674,222.674,222.674,222.674,10.0
2024-10-07 19:23:36,222.684,222.684,222.684,222.684,10.0
2024-10-07 19:23:38,222.683,222.683,222.673,222.673,30.000000000000004
2024-10-07 19:23:40,222.684,222.684,222.684,222.684,10.0
2024-10-07 19:23:41,222.664,222.664,222.664,222.664,10.0
2024-10-07 19:23:43,222.664,222.673,222.664,222.664,30.000000000000004
2024-10-07 19:23:44,222.664,222.664,222.664,222.664,20.0
2024-10-07 19:23:45,222.684,222.684,222.683,222.683,30.000000000000004
2024-10-07 19:23:46,222.673,222.673,222.673,222.673,10.0
2024-10-07 19:23:47,222.684,222.684,222.683,222.683,20.0
2024-10-07 19:23:48,222.674,222.683,222.673,222.673,30.000000000000004
2024-10-07 19:23:50,222.674,222.674,222.674,222.674,20.0
2024-10-07 19:23:51,222.693,222.693,222.674,222.674,20.0
2024-10-07 19:23:52,222.684,222.694,222.684,222.694,30.000000000000004
2024-10-07 19:23:56,222.694,222.694,222.694,222.694,10.0
2024-10-07 19:23:57,222.703,222.753,222.703,222.743,60.0
2024-10-07 19:23:58,222.734,222.734,222.734,222.734,10.0
2024-10-07 19:23:59,222.734,222.744,222.734,222.744,20.0
2024-10-07 19:24:00,222.744,222.744,222.744,222.744,10.0
2024-10-07 19:24:06,222.744,222.744,222.744,222.744,10.0
2024-10-07 19:24:07,222.723,222.723,222.714,222.714,20.0
2024-10-07 19:24:08,222.713,222.794,222.713,222.794,40.0
2024-10-07 19:24:10,222.794,222.794,222.794,222.794,20.0
2024-10-07 19:24:12,222.794,222.794,222.794,222.794,10.0
2024-10-07 19:24:13,222.793,222.793,222.793,222.793,10.0
2024-10-07 19:24:14,222.784,222.784,222.784,222.784,10.0
2024-10-07 19:24:20,222.753,222.753,222.753,222.753,10.0
2024-10-07 19:24:21,222.754,222.754,222.753,222.753,30.000000000000004
2024-10-07 19:24:22,222.754,222.754,222.754,222.754,20.0
2024-10-07 19:24:23,222.744,222.744,222.744,222.744,10.0
2024-10-07 19:24:25,222.743,222.744,222.743,222.744,40.0
2024-10-07 19:24:26,222.743,222.743,222.723,222.723,20.0
2024-10-07 19:24:27,222.703,222.703,222.703,222.703,10.0
2024-10-07 19:24:28,222.694,222.704,222.684,222.693,50.0
2024-10-07 19:24:29,222.704,222.704,222.683,222.683,50.0
2024-10-07 19:24:30,222.684,222.684,222.684,222.684,10.0
2024-10-07 19:24:31,222.684,222.684,222.684,222.684,10.0
2024-10-07 19:24:33,222.684,222.694,222.683,222.684,50.0
2024-10-07 19:24:34,222.684,222.694,222.683,222.694,50.0
2024-10-07 19:24:35,222.693,222.693,222.683,222.683,20.0
2024-10-07 19:24:36,222.693,222.693,222.693,222.693,20.0
2024-10-07 19:24:37,222.674,222.674,222.674,222.674,10.0
2024-10-07 19:24:38,222.673,222.673,222.673,222.673,10.0
2024-10-07 19:24:39,222.674,222.683,222.673,222.683,60.0
2024-10-07 19:24:40,222.683,222.684,222.683,222.684,20.0
2024-10-07 19:24:41,222.684,222.684,222.664,222.673,30.000000000000004
2024-10-07 19:24:42,222.674,222.674,222.674,222.674,30.000000000000004
2024-10-07 19:24:43,222.663,222.674,222.663,222.664,30.000000000000004
2024-10-07 19:24:44,222.663,222.664,222.663,222.664,30.000000000000004
2024-10-07 19:24:45,222.664,222.664,222.664,222.664,20.0
2024-10-07 19:24:46,222.664,222.674,222.663,222.674,30.000000000000004
2024-10-07 19:24:47,222.674,222.674,222.664,222.674,50.0
2024-10-07 19:24:48,222.673,222.674,222.673,222.673,30.000000000000004
2024-10-07 19:24:49,222.684,222.684,222.663,222.663,20.0
2024-10-07 19:24:50,222.654,222.674,222.654,222.674,30.000000000000004
2024-10-07 19:24:51,222.673,222.683,222.673,222.683,40.0
2024-10-07 19:24:53,222.673,222.674,222.673,222.674,20.0
2024-10-07 19:24:54,222.663,222.664,222.663,222.664,20.0
2024-10-07 19:24:55,222.653,222.654,222.644,222.654,30.000000000000004
2024-10-07 19:24:56,222.644,222.644,222.643,222.644,30.000000000000004
2024-10-07 19:24:57,222.643,222.644,222.643,222.644,20.0
2024-10-07 19:24:58,222.643,222.643,222.643,222.643,20.0
2024-10-07 19:24:59,222.644,222.654,222.644,222.654,30.000000000000004
2024-10-07 19:25:00,222.654,222.654,222.653,222.653,60.0
2024-10-07 19:25:01,222.654,222.654,222.654,222.654,10.0
2024-10-07 19:25:04,222.653,222.653,222.653,222.653,10.0
2024-10-07 19:25:05,222.643,222.644,222.643,222.644,50.0
2024-10-07 19:25:06,222.643,222.664,222.643,222.664,30.000000000000004
2024-10-07 19:25:07,222.654,222.664,222.654,222.664,20.0
2024-10-07 19:25:08,222.663,222.664,222.663,222.663,30.000000000000004
2024-10-07 19:25:09,222.654,222.654,222.654,222.654,30.000000000000004
2024-10-07 19:25:10,222.654,222.654,222.654,222.654,10.0
2024-10-07 19:25:12,222.634,222.634,222.634,222.634,10.0
2024-10-07 19:25:13,222.633,222.633,222.633,222.633,10.0
2024-10-07 19:25:14,222.623,222.623,222.623,222.623,10.0
2024-10-07 19:25:15,222.634,222.634,222.634,222.634,10.0
2024-10-07 19:25:16,222.633,222.633,222.633,222.633,10.0
2024-10-07 19:25:20,222.614,222.614,222.614,222.614,10.0
2024-10-07 19:25:21,222.614,222.614,222.603,222.603,20.0
2024-10-07 19:25:22,222.603,222.614,222.603,222.614,40.0
2024-10-07 19:25:23,222.603,222.613,222.603,222.613,30.000000000000004
2024-10-07 19:25:24,222.623,222.623,222.614,222.614,20.0
2024-10-07 19:25:25,222.603,222.603,222.574,222.584,30.000000000000004
2024-10-07 19:25:26,222.594,222.594,222.594,222.594,30.000000000000004
2024-10-07 19:25:27,222.593,222.593,222.593,222.593,10.0
2024-10-07 19:25:28,222.594,222.594,222.593,222.593,40.0
2024-10-07 19:25:29,222.594,222.594,222.594,222.594,10.0
2024-10-07 19:25:30,222.594,222.594,222.593,222.593,30.000000000000004
2024-10-07 19:25:31,222.593,222.593,222.593,222.593,10.0
2024-10-07 19:25:32,222.614,222.614,222.613,222.614,40.0
2024-10-07 19:25:34,222.613,222.614,222.613,222.614,20.0
2024-10-07 19:25:38,222.614,222.614,222.614,222.614,10.0
2024-10-07 19:25:39,222.613,222.613,222.613,222.613,10.0
2024-10-07 19:25:40,222.643,222.653,222.643,222.653,20.0
2024-10-07 19:25:41,222.643,222.643,222.643,222.643,30.000000000000004
2024-10-07 19:25:42,222.644,222.644,222.643,222.643,30.000000000000004
2024-10-07 19:25:46,222.644,222.644,222.644,222.644,10.0
2024-10-07 19:25:47,222.644,222.644,222.644,222.644,10.0
2024-10-07 19:25:53,222.643,222.643,222.643,222.643,10.0
2024-10-07 19:25:54,222.653,222.653,222.653,222.653,10.0
2024-10-07 19:25:55,222.674,222.674,222.644,222.644,40.0
2024-10-07 19:25:56,222.633,222.644,222.633,222.644,20.0
2024-10-07 19:25:57,222.634,222.644,222.633,222.633,40.0
2024-10-07 19:25:58,222.643,222.643,222.633,222.643,30.000000000000004
2024-10-07 19:25:59,222.633,222.633,222.633,222.633,10.0
2024-10-07 19:26:00,222.623,222.623,222.623,222.623,10.0
2024-10-07 19:26:01,222.623,222.623,222.614,222.614,40.0
2024-10-07 19:26:02,222.624,222.624,222.614,222.614,30.000000000000004
2024-10-07 19:26:03,222.614,222.614,222.604,222.613,50.0
2024-10-07 19:26:04,222.613,222.613,222.613,222.613,20.0
2024-10-07 19:26:05,222.614,222.614,222.613,222.614,30.000000000000004
2024-10-07 19:26:06,222.634,222.634,222.634,222.634,20.0
2024-10-07 19:26:07,222.634,222.653,222.634,222.653,40.0
2024-10-07 19:26:08,222.663,222.663,222.663,222.663,30.000000000000004
2024-10-07 19:26:10,222.673,222.673,222.673,222.673,10.0
2024-10-07 19:26:13,222.684,222.693,222.684,222.693,20.0
2024-10-07 19:26:14,222.683,222.683,222.673,222.683,30.000000000000004
2024-10-07 19:26:16,222.683,222.683,222.683,222.683,10.0
2024-10-07 19:26:17,222.684,222.684,222.684,222.684,10.0
2024-10-07 19:26:18,222.694,222.694,222.694,222.694,10.0
2024-10-07 19:26:19,222.674,222.674,222.674,222.674,10.0
2024-10-07 19:26:21,222.663,222.663,222.663,222.663,10.0
2024-10-07 19:26:22,222.654,222.654,222.654,222.654,10.0
2024-10-07 19:26:28,222.684,222.684,222.684,222.684,10.0
2024-10-07 19:26:29,222.694,222.694,222.694,222.694,10.0
2024-10-07 19:26:30,222.694,222.694,222.694,222.694,10.0
2024-10-07 19:26:31,222.703,222.703,222.703,222.703,20.0
2024-10-07 19:26:32,222.704,222.704,222.704,222.704,10.0
2024-10-07 19:26:33,222.703,222.724,222.694,222.723,60.0
2024-10-07 19:26:35,222.714,222.714,222.714,222.714,10.0
2024-10-07 19:26:38,222.704,222.704,222.704,222.704,10.0
2024-10-07 19:26:39,222.703,222.703,222.703,222.703,10.0
2024-10-07 19:26:42,222.714,222.714,222.714,222.714,10.0
2024-10-07 19:26:44,222.724,222.724,222.724,222.724,10.0
2024-10-07 19:26:45,222.713,222.724,222.704,222.704,40.0
2024-10-07 19:26:46,222.693,222.693,222.673,222.673,20.0
2024-10-07 19:26:47,222.693,222.693,222.683,222.683,20.0
2024-10-07 19:26:48,222.674,222.674,222.664,222.673,30.000000000000004
2024-10-07 19:26:49,222.684,222.684,222.684,222.684,10.0
2024-10-07 19:26:50,222.674,222.674,222.674,222.674,10.0
2024-10-07 19:26:51,222.664,222.664,222.664,222.664,10.0
2024-10-07 19:26:52,222.673,222.673,222.673,222.673,10.0
2024-10-07 19:26:53,222.684,222.684,222.684,222.684,20.0
2024-10-07 19:26:55,222.673,222.673,222.673,222.673,10.0
2024-10-07 19:26:58,222.693,222.693,222.693,222.693,20.0
2024-10-07 19:27:01,222.674,222.674,222.664,222.674,40.0
2024-10-07 19:27:03,222.683,222.683,222.664,222.664,20.0
2024-10-07 19:27:05,222.664,222.664,222.664,222.664,10.0
2024-10-07 19:27:06,222.663,222.663,222.663,222.663,10.0
2024-10-07 19:27:07,222.664,222.664,222.664,222.664,20.0
2024-10-07 19:27:08,222.653,222.653,222.653,222.653,10.0
2024-10-07 19:27:09,222.634,222.634,222.634,222.634,10.0
2024-10-07 19:27:12,222.654,222.654,222.653,222.653,30.000000000000004
2024-10-07 19:27:13,222.643,222.643,222.643,222.643,10.0
2024-10-07 19:27:15,222.644,222.644,222.644,222.644,10.0
2024-10-07 19:27:16,222.634,222.634,222.623,222.623,20.0
2024-10-07 19:27:17,222.623,222.623,222.593,222.593,30.000000000000004
2024-10-07 19:27:18,222.604,222.614,222.604,222.604,30.000000000000004
2024-10-07 19:27:19,222.613,222.624,222.613,222.613,40.0
2024-10-07 19:27:20,222.603,222.603,222.603,222.603,10.0
2024-10-07 19:27:21,222.624,222.624,222.624,222.624,20.0
2024-10-07 19:27:22,222.623,222.623,222.623,222.623,10.0
2024-10-07 19:27:23,222.623,222.623,222.623,222.623,20.0
2024-10-07 19:27:24,222.644,222.644,222.644,222.644,10.0
2024-10-07 19:27:25,222.643,222.643,222.643,222.643,10.0
2024-10-07 19:27:26,222.633,222.643,222.633,222.643,20.0
2024-10-07 19:27:27,222.643,222.654,222.643,222.654,30.000000000000004
2024-10-07 19:27:28,222.653,222.653,222.653,222.653,10.0
2024-10-07 19:27:29,222.653,222.654,222.653,222.654,20.0
2024-10-07 19:27:30,222.644,222.654,222.644,222.654,30.000000000000004
2024-10-07 19:27:32,222.643,222.654,222.643,222.653,50.0
2024-10-07 19:27:34,222.663,222.663,222.663,222.663,10.0
2024-10-07 19:27:35,222.664,222.664,222.663,222.663,20.0
2024-10-07 19:27:37,222.654,222.654,222.654,222.654,10.0
2024-10-07 19:27:42,222.644,222.653,222.644,222.653,20.0
2024-10-07 19:27:46,222.683,222.683,222.683,222.683,10.0
2024-10-07 19:27:47,222.683,222.684,222.683,222.684,20.0
2024-10-07 19:27:48,222.694,222.703,222.693,222.693,50.0
2024-10-07 19:27:49,222.694,222.694,222.694,222.694,10.0
2024-10-07 19:27:50,222.684,222.684,222.684,222.684,10.0
2024-10-07 19:27:52,222.674,222.684,222.674,222.684,20.0
2024-10-07 19:27:54,222.674,222.674,222.674,222.674,10.0
2024-10-07 19:27:56,222.683,222.683,222.683,222.683,10.0
2024-10-07 19:27:57,222.694,222.694,222.693,222.694,30.000000000000004
2024-10-07 19:27:58,222.704,222.704,222.694,222.694,20.0
2024-10-07 19:27:59,222.684,222.694,222.684,222.694,20.0
2024-10-07 19:28:00,222.703,222.714,222.703,222.703,40.0
2024-10-07 19:28:01,222.713,222.713,222.694,222.694,20.0
2024-10-07 19:28:03,222.714,222.714,222.704,222.714,30.000000000000004
2024-10-07 19:28:04,222.703,222.703,222.703,222.703,10.0
2024-10-07 19:28:06,222.694,222.704,222.694,222.704,20.0
2024-10-07 19:28:07,222.694,222.703,222.694,222.703,20.0
2024-10-07 19:28:10,222.714,222.723,222.713,222.723,40.0
2024-10-07 19:28:11,222.724,222.724,222.724,222.724,10.0
2024-10-07 19:28:15,222.743,222.743,222.743,222.743,10.0
2024-10-07 19:28:17,222.764,222.764,222.764,222.764,10.0
2024-10-07 19:28:18,222.744,222.744,222.744,222.744,10.0
2024-10-07 19:28:20,222.733,222.734,222.714,222.714,40.0
2024-10-07 19:28:21,222.723,222.723,222.713,222.713,20.0
2024-10-07 19:28:22,222.684,222.694,222.683,222.683,50.0
2024-10-07 19:28:23,222.684,222.694,222.684,222.694,80.0
2024-10-07 19:28:24,222.704,222.704,222.703,222.703,20.0
2024-10-07 19:28:26,222.703,222.713,222.703,222.703,40.0
2024-10-07 19:28:27,222.693,222.704,222.693,222.694,30.000000000000004
2024-10-07 19:28:29,222.684,222.684,222.684,222.684,10.0
2024-10-07 19:28:33,222.674,222.674,222.674,222.674,10.0
2024-10-07 19:28:35,222.674,222.674,222.674,222.674,10.0
2024-10-07 19:28:37,222.654,222.654,222.653,222.653,20.0
2024-10-07 19:28:39,222.663,222.664,222.663,222.664,20.0
2024-10-07 19:28:40,222.654,222.654,222.653,222.653,60.0
2024-10-07 19:28:42,222.644,222.644,222.644,222.644,10.0
2024-10-07 19:28:43,222.644,222.654,222.634,222.634,40.0
2024-10-07 19:28:44,222.644,222.644,222.633,222.644,50.0
2024-10-07 19:28:45,222.653,222.654,222.644,222.644,40.0
2024-10-07 19:28:47,222.644,222.644,222.644,222.644,10.0
2024-10-07 19:28:48,222.644,222.644,222.644,222.644,10.0
2024-10-07 19:28:49,222.643,222.643,222.643,222.643,10.0
2024-10-07 19:28:50,222.643,222.643,222.643,222.643,20.0
2024-10-07 19:28:51,222.634,222.643,222.634,222.643,20.0
2024-10-07 19:28:52,222.644,222.644,222.633,222.643,30.000000000000004
2024-10-07 19:28:53,222.643,222.643,222.643,222.643,10.0
2024-10-07 19:28:54,222.643,222.643,222.643,222.643,10.0
2024-10-07 19:28:55,222.634,222.634,222.623,222.623,20.0
2024-10-07 19:28:56,222.624,222.624,222.624,222.624,20.0
2024-10-07 19:28:58,222.624,222.624,222.624,222.624,10.0
2024-10-07 19:29:01,222.624,222.624,222.603,222.603,30.000000000000004
2024-10-07 19:29:02,222.594,222.603,222.573,222.584,60.0
2024-10-07 19:29:03,222.574,222.584,222.574,222.583,60.0
2024-10-07 19:29:05,222.584,222.584,222.583,222.583,20.0
2024-10-07 19:29:06,222.593,222.594,222.593,222.594,20.0
2024-10-07 19:29:07,222.614,222.614,222.614,222.614,30.000000000000004
2024-10-07 19:29:08,222.614,222.614,222.593,222.593,20.0
2024-10-07 19:29:11,222.593,222.593,222.593,222.593,10.0
2024-10-07 19:29:12,222.594,222.594,222.594,222.594,20.0
2024-10-07 19:29:14,222.583,222.583,222.583,222.583,10.0
2024-10-07 19:29:16,222.593,222.603,222.593,222.603,20.0
2024-10-07 19:29:17,222.623,222.623,222.623,222.623,10.0
2024-10-07 19:29:19,222.614,222.614,222.614,222.614,10.0
2024-10-07 19:29:20,222.623,222.623,222.623,222.623,10.0
2024-10-07 19:29:22,222.613,222.613,222.613,222.613,20.0
2024-10-07 19:29:23,222.604,222.604,222.604,222.604,10.0
2024-10-07 19:29:26,222.594,222.594,222.594,222.594,10.0
2024-10-07 19:29:27,222.573,222.583,222.573,222.583,30.000000000000004
2024-10-07 19:29:29,222.603,222.603,222.593,222.593,30.000000000000004
2024-10-07 19:29:30,222.593,222.593,222.593,222.593,10.0
2024-10-07 19:29:31,222.594,222.594,222.583,222.583,40.0
2024-10-07 19:29:32,222.593,222.594,222.593,222.594,30.000000000000004
2024-10-07 19:29:33,222.593,222.593,222.593,222.593,30.000000000000004
2024-10-07 19:29:34,222.583,222.583,222.583,222.583,10.0
2024-10-07 19:29:35,222.584,222.584,222.573,222.573,30.000000000000004
2024-10-07 19:29:36,222.584,222.593,222.584,222.593,40.0
2024-10-07 19:29:38,222.594,222.594,222.594,222.594,30.000000000000004
2024-10-07 19:29:39,222.583,222.584,222.574,222.583,40.0
2024-10-07 19:29:43,222.584,222.584,222.574,222.584,30.000000000000004
2024-10-07 19:29:45,222.583,222.583,222.563,222.563,20.0
2024-10-07 19:29:46,222.553,222.563,222.553,222.563,20.0
2024-10-07 19:29:47,222.553,222.563,222.553,222.563,20.0
2024-10-07 19:29:48,222.583,222.584,222.583,222.584,20.0
2024-10-07 19:29:49,222.593,222.593,222.593,222.593,30.000000000000004
2024-10-07 19:29:50,222.594,222.594,222.583,222.593,40.0
2024-10-07 19:29:54,222.573,222.573,222.573,222.573,10.0
2024-10-07 19:29:57,222.573,222.573,222.573,222.573,10.0
2024-10-07 19:29:58,222.573,222.574,222.573,222.574,20.0
2024-10-07 19:29:59,222.573,222.573,222.573,222.573,10.0
2024-10-07 19:30:00,222.603,222.614,222.603,222.614,40.0
2024-10-07 19:30:01,222.613,222.624,222.613,222.624,40.0
2024-10-07 19:30:02,222.613,222.624,222.603,222.614,60.0
2024-10-07 19:30:03,222.623,222.644,222.623,222.633,50.0
2024-10-07 19:30:04,222.614,222.614,222.614,222.614,20.0
2024-10-07 19:30:05,222.603,222.614,222.603,222.614,40.0
2024-10-07 19:30:06,222.604,222.614,222.604,222.614,40.0
2024-10-07 19:30:07,222.613,222.614,222.604,222.604,30.000000000000004
2024-10-07 19:30:08,222.603,222.603,222.563,222.563,40.0
2024-10-07 19:30:09,222.553,222.553,222.544,222.553,30.000000000000004
2024-10-07 19:30:10,222.563,222.563,222.563,222.563,10.0
2024-10-07 19:30:11,222.563,222.563,222.554,222.554,20.0
2024-10-07 19:30:12,222.553,222.553,222.534,222.534,50.0
2024-10-07 19:30:13,222.523,222.534,222.523,222.534,60.0
2024-10-07 19:30:14,222.533,222.544,222.533,222.544,30.000000000000004
2024-10-07 19:30:16,222.533,222.533,222.533,222.533,10.0
2024-10-07 19:30:17,222.524,222.524,222.504,222.514,30.000000000000004
2024-10-07 19:30:18,222.504,222.513,222.493,222.493,50.0
2024-10-07 19:30:19,222.503,222.504,222.473,222.473,60.0
2024-10-07 19:30:20,222.494,222.504,222.494,222.503,40.0
2024-10-07 19:30:21,222.504,222.504,222.484,222.493,30.000000000000004
2024-10-07 19:30:22,222.494,222.494,222.493,222.493,20.0
2024-10-07 19:30:25,222.493,222.493,222.493,222.493,20.0
2024-10-07 19:30:26,222.494,222.494,222.454,222.454,60.0
2024-10-07 19:30:27,222.473,222.473,222.454,222.454,30.000000000000004
2024-10-07 19:30:28,222.463,222.474,222.463,222.474,20.0
2024-10-07 19:30:30,222.463,222.463,222.463,222.463,10.0
2024-10-07 19:30:31,222.454,222.454,222.443,222.443,20.0
2024-10-07 19:30:32,222.434,222.434,222.414,222.414,50.0
2024-10-07 19:30:33,222.434,222.444,222.434,222.443,30.000000000000004
2024-10-07 19:30:34,222.454,222.454,222.454,222.454,10.0
2024-10-07 19:30:35,222.454,222.454,222.434,222.443,50.0
2024-10-07 19:30:36,222.454,222.454,222.454,222.454,10.0
2024-10-07 19:30:37,222.463,222.464,222.463,222.463,30.000000000000004
2024-10-07 19:30:38,222.454,222.454,222.423,222.423,60.0
2024-10-07 19:30:39,222.433,222.433,222.433,222.433,10.0
2024-10-07 19:30:40,222.424,222.424,222.424,222.424,20.0
2024-10-07 19:30:41,222.423,222.423,222.403,222.413,40.0
2024-10-07 19:30:42,222.414,222.423,222.414,222.423,20.0
2024-10-07 19:30:43,222.423,222.423,222.423,222.423,10.0
2024-10-07 19:30:44,222.424,222.443,222.423,222.443,40.0
2024-10-07 19:30:45,222.453,222.453,222.453,222.453,10.0
2024-10-07 19:30:46,222.453,222.474,222.453,222.474,20.0
2024-10-07 19:30:47,222.463,222.473,222.463,222.473,30.000000000000004
2024-10-07 19:30:48,222.473,222.474,222.473,222.474,30.000000000000004
2024-10-07 19:30:49,222.474,222.474,222.463,222.463,30.000000000000004
2024-10-07 19:30:51,222.454,222.454,222.434,222.434,30.000000000000004
2024-10-07 19:30:52,222.424,222.424,222.413,222.413,20.0
2024-10-07 19:30:53,222.454,222.454,222.434,222.434,30.000000000000004
2024-10-07 19:30:54,222.464,222.464,222.463,222.463,20.0
2024-10-07 19:30:55,222.423,222.424,222.423,222.424,20.0
2024-10-07 19:30:56,222.463,222.463,222.463,222.463,10.0
2024-10-07 19:30:57,222.463,222.464,222.453,222.464,60.0
2024-10-07 19:30:58,222.464,222.464,222.454,222.454,30.000000000000004
2024-10-07 19:30:59,222.464,222.464,222.453,222.454,30.000000000000004
2024-10-07 19:31:00,222.474,222.514,222.474,222.514,30.000000000000004
2024-10-07 19:31:01,222.534,222.534,222.534,222.534,10.0
2024-10-07 19:31:02,222.534,222.534,222.513,222.513,40.0
2024-10-07 19:31:03,222.503,222.503,222.483,222.493,60.0
2024-10-07 19:31:04,222.503,222.503,222.474,222.493,50.0
2024-10-07 19:31:05,222.503,222.504,222.483,222.483,50.0
2024-10-07 19:31:06,222.474,222.484,222.453,222.453,60.0
2024-10-07 19:31:07,222.474,222.484,222.473,222.484,50.0
2024-10-07 19:31:08,222.474,222.483,222.464,222.473,50.0
2024-10-07 19:31:09,222.483,222.483,222.483,222.483,10.0
2024-10-07 19:31:10,222.453,222.453,222.434,222.434,30.000000000000004
2024-10-07 19:31:12,222.443,222.453,222.443,222.453,30.000000000000004
2024-10-07 19:31:13,222.453,222.483,222.453,222.453,30.000000000000004
2024-10-07 19:31:15,222.444,222.453,222.444,222.453,20.0
2024-10-07 19:31:16,222.444,222.444,222.413,222.424,40.0
2024-10-07 19:31:18,222.423,222.433,222.423,222.433,40.0
2024-10-07 19:31:19,222.434,222.434,222.424,222.433,30.000000000000004
2024-10-07 19:31:22,222.434,222.434,222.423,222.424,50.0
2024-10-07 19:31:24,222.403,222.423,222.403,222.423,20.0
2024-10-07 19:31:25,222.423,222.423,222.423,222.423,10.0
2024-10-07 19:31:26,222.433,222.433,222.433,222.433,10.0
2024-10-07 19:31:27,222.433,222.433,222.433,222.433,10.0
2024-10-07 19:31:29,222.453,222.453,222.444,222.444,20.0
2024-10-07 19:31:30,222.434,222.434,222.434,222.434,10.0
2024-10-07 19:31:32,222.434,222.434,222.434,222.434,10.0
2024-10-07 19:31:33,222.433,222.474,222.433,222.474,70.00000000000001
2024-10-07 19:31:34,222.474,222.474,222.453,222.453,20.0
2024-10-07 19:31:35,222.443,222.454,222.443,222.454,50.0
2024-10-07 19:31:36,222.453,222.453,222.444,222.444,20.0
2024-10-07 19:31:37,222.453,222.453,222.433,222.443,40.0
2024-10-07 19:31:38,222.453,222.453,222.453,222.453,20.0
2024-10-07 19:31:39,222.434,222.443,222.434,222.443,20.0
2024-10-07 19:31:41,222.433,222.434,222.433,222.433,30.000000000000004
2024-10-07 19:31:43,222.433,222.434,222.433,222.434,20.0
2024-10-07 19:31:45,222.444,222.444,222.444,222.444,10.0
2024-10-07 19:31:46,222.443,222.464,222.443,222.464,40.0
2024-10-07 19:31:47,222.464,222.464,222.464,222.464,10.0
2024-10-07 19:31:48,222.463,222.464,222.463,222.464,40.0
2024-10-07 19:31:49,222.474,222.474,222.473,222.473,30.000000000000004
2024-10-07 19:31:50,222.463,222.473,222.463,222.473,20.0
2024-10-07 19:31:51,222.473,222.473,222.473,222.473,10.0
2024-10-07 19:31:53,222.453,222.453,222.443,222.443,30.000000000000004
2024-10-07 19:31:54,222.454,222.454,222.454,222.454,10.0
2024-10-07 19:31:55,222.463,222.464,222.453,222.453,30.000000000000004
2024-10-07 19:31:56,222.464,222.464,222.454,222.454,20.0
2024-10-07 19:31:57,222.464,222.464,222.464,222.464,20.0
2024-10-07 19:31:58,222.454,222.454,222.434,222.444,30.000000000000004
2024-10-07 19:31:59,222.434,222.444,222.434,222.444,20.0
2024-10-07 19:32:00,222.434,222.444,222.434,222.444,50.0
2024-10-07 19:32:01,222.444,222.444,222.443,222.444,30.000000000000004
2024-10-07 19:32:03,222.423,222.423,222.414,222.414,20.0
2024-10-07 19:32:04,222.423,222.433,222.423,222.433,20.0
2024-10-07 19:32:05,222.433,222.443,222.433,222.443,20.0
2024-10-07 19:32:07,222.454,222.454,222.444,222.454,40.0
2024-10-07 19:32:08,222.453,222.453,222.453,222.453,10.0
2024-10-07 19:32:09,222.443,222.443,222.434,222.434,20.0
2024-10-07 19:32:10,222.443,222.443,222.443,222.443,10.0
2024-10-07 19:32:12,222.454,222.454,222.453,222.453,30.000000000000004
2024-10-07 19:32:13,222.454,222.454,222.454,222.454,20.0
2024-10-07 19:32:14,222.453,222.453,222.453,222.453,30.000000000000004
2024-10-07 19:32:15,222.453,222.453,222.453,222.453,10.0
2024-10-07 19:32:18,222.454,222.454,222.444,222.454,30.000000000000004
2024-10-07 19:32:21,222.453,222.453,222.453,222.453,20.0
2024-10-07 19:32:22,222.444,222.453,222.444,222.453,20.0
2024-10-07 19:32:23,222.444,222.444,222.444,222.444,10.0
2024-10-07 19:32:24,222.433,222.433,222.433,222.433,10.0
2024-10-07 19:32:25,222.413,222.424,222.413,222.424,20.0
2024-10-07 19:32:27,222.433,222.433,222.433,222.433,10.0
2024-10-07 19:32:28,222.423,222.423,222.423,222.423,10.0
2024-10-07 19:32:29,222.424,222.424,222.423,222.423,20.0
2024-10-07 19:32:33,222.414,222.414,222.414,222.414,10.0
2024-10-07 19:32:34,222.404,222.414,222.403,222.413,40.0
2024-10-07 19:32:35,222.424,222.424,222.424,222.424,20.0
2024-10-07 19:32:36,222.424,222.424,222.424,222.424,10.0
2024-10-07 19:32:42,222.444,222.464,222.443,222.464,40.0
2024-10-07 19:32:43,222.473,222.484,222.473,222.483,40.0
2024-10-07 19:32:44,222.453,222.453,222.453,222.453,10.0
2024-10-07 19:32:45,222.453,222.464,222.453,222.464,20.0
2024-10-07 19:32:46,222.463,222.464,222.463,222.464,20.0
2024-10-07 19:32:47,222.463,222.463,222.443,222.443,30.000000000000004
2024-10-07 19:32:48,222.453,222.454,222.453,222.454,30.000000000000004
2024-10-07 19:32:51,222.443,222.453,222.443,222.453,20.0
2024-10-07 19:32:54,222.443,222.453,222.443,222.453,40.0
2024-10-07 19:32:55,222.454,222.454,222.454,222.454,10.0
2024-10-07 19:32:56,222.454,222.454,222.453,222.453,20.0
2024-10-07 19:32:58,222.453,222.454,222.453,222.454,20.0
2024-10-07 19:32:59,222.463,222.463,222.463,222.463,10.0
2024-10-07 19:33:00,222.493,222.493,222.493,222.493,10.0
2024-10-07 19:33:02,222.484,222.484,222.473,222.483,30.000000000000004
2024-10-07 19:33:09,222.453,222.473,222.453,222.473,30.000000000000004
2024-10-07 19:33:10,222.474,222.474,222.473,222.473,40.0
2024-10-07 19:33:11,222.473,222.483,222.473,222.483,30.000000000000004
2024-10-07 19:33:12,222.483,222.483,222.483,222.483,10.0
2024-10-07 19:33:13,222.474,222.474,222.473,222.473,20.0
2024-10-07 19:33:14,222.473,222.473,222.463,222.463,30.000000000000004
2024-10-07 19:33:15,222.453,222.453,222.443,222.443,20.0
2024-10-07 19:33:16,222.434,222.434,222.434,222.434,10.0
2024-10-07 19:33:17,222.463,222.463,222.463,222.463,10.0
2024-10-07 19:33:18,222.434,222.434,222.414,222.424,50.0
2024-10-07 19:33:19,222.413,222.413,222.394,222.403,30.000000000000004
2024-10-07 19:33:21,222.404,222.434,222.404,222.434,40.0
2024-10-07 19:33:22,222.433,222.433,222.424,222.433,30.000000000000004
2024-10-07 19:33:23,222.433,222.433,222.433,222.433,20.0
2024-10-07 19:33:24,222.424,222.424,222.424,222.424,10.0
2024-10-07 19:33:25,222.424,222.424,222.403,222.403,20.0
2024-10-07 19:33:26,222.383,222.383,222.383,222.383,10.0
2024-10-07 19:33:27,222.393,222.394,222.354,222.394,70.00000000000001
2024-10-07 19:33:29,222.384,222.384,222.373,222.373,30.000000000000004
2024-10-07 19:33:30,222.383,222.383,222.383,222.383,10.0
2024-10-07 19:33:32,222.384,222.384,222.384,222.384,10.0
2024-10-07 19:33:33,222.384,222.384,222.363,222.363,40.0
2024-10-07 19:33:34,222.363,222.364,222.363,222.364,20.0
2024-10-07 19:33:35,222.353,222.363,222.353,222.363,20.0
2024-10-07 19:33:36,222.343,222.353,222.343,222.353,20.0
2024-10-07 19:33:37,222.353,222.353,222.333,222.333,20.0
2024-10-07 19:33:38,222.344,222.344,222.344,222.344,20.0
2024-10-07 19:33:39,222.333,222.344,222.333,222.344,20.0
2024-10-07 19:33:40,222.333,222.344,222.333,222.333,30.000000000000004
2024-10-07 19:33:41,222.343,222.343,222.343,222.343,10.0
2024-10-07 19:33:42,222.323,222.334,222.323,222.334,20.0
2024-10-07 19:33:43,222.313,222.324,222.313,222.324,30.000000000000004
2024-10-07 19:33:44,222.313,222.313,222.304,222.313,60.0
2024-10-07 19:33:45,222.323,222.333,222.323,222.333,40.0
2024-10-07 19:33:46,222.353,222.353,222.353,222.353,10.0
2024-10-07 19:33:47,222.354,222.354,222.354,222.354,30.000000000000004
2024-10-07 19:33:48,222.333,222.344,222.333,222.343,60.0
2024-10-07 19:33:49,222.344,222.344,222.344,222.344,10.0
2024-10-07 19:33:50,222.364,222.364,222.353,222.353,20.0
2024-10-07 19:33:51,222.363,222.363,222.363,222.363,20.0
2024-10-07 19:33:52,222.354,222.354,222.354,222.354,10.0
2024-10-07 19:33:53,222.364,222.364,222.364,222.364,10.0
2024-10-07 19:33:54,222.353,222.364,222.353,222.364,40.0
2024-10-07 19:33:55,222.354,222.354,222.354,222.354,10.0
2024-10-07 19:33:56,222.354,222.363,222.353,222.363,40.0
2024-10-07 19:33:57,222.383,222.384,222.383,222.384,30.000000000000004
2024-10-07 19:33:58,222.383,222.383,222.383,222.383,10.0
2024-10-07 19:34:00,222.384,222.394,222.383,222.384,50.0
2024-10-07 19:34:01,222.383,222.393,222.374,222.374,40.0
2024-10-07 19:34:02,222.384,222.384,222.363,222.364,30.000000000000004
2024-10-07 19:34:03,222.383,222.384,222.374,222.384,40.0
2024-10-07 19:34:04,222.383,222.383,222.383,222.383,20.0
2024-10-07 19:34:05,222.374,222.414,222.374,222.404,40.0
2024-10-07 19:34:06,222.404,222.404,222.404,222.404,20.0
2024-10-07 19:34:07,222.403,222.404,222.403,222.403,30.000000000000004
2024-10-07 19:34:08,222.403,222.404,222.373,222.373,50.0
2024-10-07 19:34:09,222.383,222.383,222.373,222.373,20.0
2024-10-07 19:34:10,222.383,222.383,222.383,222.383,10.0
2024-10-07 19:34:11,222.374,222.384,222.373,222.383,80.0
2024-10-07 19:34:12,222.373,222.373,222.373,222.373,10.0
2024-10-07 19:34:13,222.384,222.384,222.384,222.384,10.0
2024-10-07 19:34:14,222.373,222.384,222.373,222.383,30.000000000000004
2024-10-07 19:34:15,222.383,222.383,222.383,222.383,10.0
2024-10-07 19:34:16,222.394,222.394,222.384,222.384,30.000000000000004
2024-10-07 19:34:17,222.374,222.394,222.374,222.384,60.0
2024-10-07 19:34:18,222.394,222.404,222.394,222.403,60.0
2024-10-07 19:34:19,222.394,222.394,222.393,222.394,40.0
2024-10-07 19:34:20,222.393,222.394,222.393,222.393,30.000000000000004
2024-10-07 19:34:21,222.394,222.394,222.393,222.393,20.0
2024-10-07 19:34:22,222.393,222.394,222.373,222.374,50.0
2024-10-07 19:34:25,222.354,222.373,222.354,222.373,30.000000000000004
2024-10-07 19:34:26,222.374,222.374,222.364,222.364,40.0
2024-10-07 19:34:27,222.373,222.373,222.373,222.373,10.0
2024-10-07 19:34:28,222.374,222.374,222.373,222.373,40.0
2024-10-07 19:34:29,222.374,222.374,222.374,222.374,30.000000000000004
2024-10-07 19:34:30,222.384,222.384,222.384,222.384,10.0
2024-10-07 19:34:31,222.393,222.404,222.393,222.404,30.000000000000004
2024-10-07 19:34:33,222.414,222.414,222.394,222.394,50.0
2024-10-07 19:34:34,222.404,222.404,222.404,222.404,10.0
2024-10-07 19:34:35,222.383,222.383,222.373,222.383,50.0
2024-10-07 19:34:36,222.374,222.374,222.373,222.373,20.0
2024-10-07 19:34:37,222.364,222.373,222.364,222.373,20.0
2024-10-07 19:34:38,222.383,222.383,222.383,222.383,10.0
2024-10-07 19:34:39,222.384,222.384,222.373,222.373,20.0
2024-10-07 19:34:40,222.383,222.384,222.383,222.384,40.0
2024-10-07 19:34:41,222.383,222.383,222.383,222.383,10.0
2024-10-07 19:34:42,222.373,222.384,222.373,222.384,20.0
2024-10-07 19:34:43,222.383,222.394,222.383,222.394,30.000000000000004
2024-10-07 19:34:44,222.403,222.414,222.403,222.404,30.000000000000004
2024-10-07 19:34:45,222.413,222.413,222.413,222.413,10.0
2024-10-07 19:34:46,222.424,222.424,222.424,222.424,10.0
2024-10-07 19:34:48,222.413,222.424,222.413,222.424,20.0
2024-10-07 19:34:52,222.433,222.433,222.433,222.433,20.0
2024-10-07 19:34:53,222.453,222.453,222.453,222.453,10.0
2024-10-07 19:34:54,222.433,222.433,222.423,222.423,20.0
2024-10-07 19:34:59,222.433,222.433,222.433,222.433,10.0
2024-10-07 19:35:00,222.424,222.424,222.424,222.424,10.0
2024-10-07 19:35:01,222.453,222.463,222.443,222.463,70.00000000000001
2024-10-07 19:35:02,222.473,222.474,222.444,222.463,60.0
2024-10-07 19:35:03,222.453,222.453,222.453,222.453,20.0
2024-10-07 19:35:04,222.453,222.453,222.453,222.453,10.0
2024-10-07 19:35:05,222.453,222.453,222.453,222.453,20.0
2024-10-07 19:35:07,222.443,222.443,222.424,222.424,30.000000000000004
2024-10-07 19:35:08,222.414,222.414,222.403,222.403,20.0
2024-10-07 19:35:10,222.394,222.394,222.394,222.394,10.0
2024-10-07 19:35:13,222.413,222.413,222.403,222.403,20.0
2024-10-07 19:35:14,222.403,222.414,222.403,222.414,40.0
2024-10-07 19:35:16,222.403,222.403,222.403,222.403,20.0
2024-10-07 19:35:17,222.403,222.413,222.384,222.384,40.0
2024-10-07 19:35:18,222.384,222.384,222.383,222.384,30.000000000000004
2024-10-07 19:35:19,222.384,222.384,222.384,222.384,10.0
2024-10-07 19:35:20,222.384,222.384,222.384,222.384,10.0
2024-10-07 19:35:21,222.394,222.394,222.384,222.384,30.000000000000004
2024-10-07 19:35:22,222.383,222.383,222.333,222.333,50.0
2024-10-07 19:35:23,222.344,222.344,222.333,222.333,20.0
2024-10-07 19:35:24,222.343,222.343,222.343,222.343,10.0
2024-10-07 19:35:25,222.324,222.333,222.324,222.333,20.0
2024-10-07 19:35:26,222.334,222.334,222.334,222.334,10.0
2024-10-07 19:35:28,222.324,222.324,222.324,222.324,10.0
2024-10-07 19:35:29,222.333,222.333,222.303,222.304,40.0
2024-10-07 19:35:30,222.303,222.304,222.303,222.304,30.000000000000004
2024-10-07 19:35:31,222.313,222.314,222.313,222.314,40.0
2024-10-07 19:35:32,222.313,222.314,222.303,222.313,50.0
2024-10-07 19:35:33,222.314,222.314,222.313,222.313,30.000000000000004
2024-10-07 19:35:34,222.293,222.303,222.293,222.303,30.000000000000004
2024-10-07 19:35:35,222.304,222.304,222.293,222.303,30.000000000000004
2024-10-07 19:35:36,222.284,222.284,222.284,222.284,10.0
2024-10-07 19:35:37,222.273,222.283,222.273,222.283,20.0
2024-10-07 19:35:38,222.284,222.284,222.284,222.284,10.0
2024-10-07 19:35:39,222.284,222.284,222.273,222.273,20.0
2024-10-07 19:35:40,222.284,222.284,222.284,222.284,20.0
2024-10-07 19:35:42,222.273,222.273,222.273,222.273,10.0
2024-10-07 19:35:43,222.284,222.284,222.284,222.284,10.0
2024-10-07 19:35:44,222.274,222.284,222.274,222.284,20.0
2024-10-07 19:35:46,222.273,222.273,222.254,222.263,50.0
2024-10-07 19:35:47,222.254,222.254,222.243,222.243,50.0
2024-10-07 19:35:48,222.243,222.244,222.233,222.233,30.000000000000004
2024-10-07 19:35:49,222.243,222.243,222.233,222.233,20.0
2024-10-07 19:35:50,222.234,222.234,222.234,222.234,10.0
2024-10-07 19:35:51,222.213,222.213,222.213,222.213,10.0
2024-10-07 19:35:52,222.203,222.203,222.193,222.193,40.0
2024-10-07 19:35:53,222.183,222.203,222.183,222.203,60.0
2024-10-07 19:35:54,222.203,222.203,222.203,222.203,30.000000000000004
2024-10-07 19:35:55,222.203,222.204,222.203,222.204,20.0
2024-10-07 19:35:58,222.233,222.233,222.233,222.233,20.0
2024-10-07 19:35:59,222.253,222.274,222.253,222.263,40.0
2024-10-07 19:36:00,222.254,222.263,222.254,222.263,20.0
2024-10-07 19:36:01,222.263,222.264,222.263,222.264,20.0
2024-10-07 19:36:02,222.264,222.283,222.264,222.264,40.0
2024-10-07 19:36:06,222.264,222.264,222.264,222.264,10.0
2024-10-07 19:36:07,222.293,222.293,222.284,222.284,30.000000000000004
2024-10-07 19:36:08,222.303,222.303,222.293,222.294,40.0
2024-10-07 19:36:09,222.304,222.304,222.304,222.304,10.0
2024-10-07 19:36:11,222.293,222.294,222.293,222.294,40.0
2024-10-07 19:36:12,222.304,222.313,222.304,222.313,20.0
2024-10-07 19:36:13,222.304,222.314,222.304,222.314,20.0
2024-10-07 19:36:14,222.304,222.313,222.304,222.313,20.0
2024-10-07 19:36:15,222.304,222.314,222.303,222.303,30.000000000000004
2024-10-07 19:36:16,222.314,222.314,222.314,222.314,20.0
2024-10-07 19:36:17,222.333,222.333,222.333,222.333,20.0
2024-10-07 19:36:18,222.334,222.334,222.334,222.334,40.0
2024-10-07 19:36:19,222.324,222.334,222.324,222.334,20.0
2024-10-07 19:36:20,222.344,222.344,222.344,222.344,10.0
2024-10-07 19:36:24,222.343,222.343,222.343,222.343,10.0
2024-10-07 19:36:25,222.323,222.333,222.323,222.333,30.000000000000004
2024-10-07 19:36:26,222.343,222.343,222.343,222.343,20.0
2024-10-07 19:36:27,222.363,222.374,222.363,222.374,20.0
2024-10-07 19:36:28,222.373,222.383,222.373,222.383,30.000000000000004
2024-10-07 19:36:29,222.394,222.394,222.394,222.394,10.0
2024-10-07 19:36:30,222.384,222.384,222.384,222.384,10.0
2024-10-07 19:36:32,222.373,222.373,222.363,222.363,20.0
2024-10-07 19:36:34,222.373,222.384,222.373,222.384,30.000000000000004
2024-10-07 19:36:35,222.404,222.404,222.404,222.404,20.0
2024-10-07 19:36:37,222.383,222.384,222.383,222.384,30.000000000000004
2024-10-07 19:36:38,222.383,222.404,222.383,222.404,40.0
2024-10-07 19:36:40,222.364,222.393,222.363,222.393,30.000000000000004
2024-10-07 19:36:41,222.394,222.394,222.394,222.394,10.0
2024-10-07 19:36:43,222.393,222.403,222.393,222.403,30.000000000000004
2024-10-07 19:36:44,222.413,222.434,222.413,222.423,40.0
2024-10-07 19:36:45,222.423,222.423,222.413,222.413,20.0
2024-10-07 19:36:47,222.413,222.433,222.413,222.433,40.0
2024-10-07 19:36:51,222.434,222.434,222.414,222.414,20.0
2024-10-07 19:36:52,222.433,222.433,222.433,222.433,10.0
2024-10-07 19:36:53,222.434,222.434,222.433,222.434,40.0
2024-10-07 19:36:54,222.434,222.434,222.434,222.434,10.0
2024-10-07 19:36:55,222.424,222.424,222.413,222.413,30.000000000000004
2024-10-07 19:36:57,222.404,222.413,222.404,222.413,20.0
2024-10-07 19:37:00,222.403,222.403,222.403,222.403,10.0
2024-10-07 19:37:03,222.413,222.413,222.413,222.413,10.0
2024-10-07 19:37:04,222.393,222.393,222.374,222.374,40.0
2024-10-07 19:37:05,222.383,222.383,222.383,222.383,30.000000000000004
2024-10-07 19:37:06,222.383,222.383,222.383,222.383,10.0
2024-10-07 19:37:08,222.384,222.384,222.364,222.364,50.0
2024-10-07 19:37:09,222.353,222.374,222.353,222.374,30.000000000000004
2024-10-07 19:37:10,222.394,222.414,222.394,222.414,50.0
2024-10-07 19:37:11,222.414,222.414,222.413,222.413,50.0
2024-10-07 19:37:12,222.423,222.424,222.423,222.424,40.0
2024-10-07 19:37:13,222.414,222.414,222.414,222.414,10.0
2024-10-07 19:37:14,222.424,222.424,222.424,222.424,10.0
2024-10-07 19:37:15,222.424,222.424,222.424,222.424,10.0
2024-10-07 19:37:16,222.443,222.444,222.434,222.434,70.00000000000001
2024-10-07 19:37:17,222.434,222.434,222.433,222.433,40.0
2024-10-07 19:37:18,222.424,222.424,222.424,222.424,20.0
2024-10-07 19:37:21,222.444,222.454,222.444,222.454,20.0
2024-10-07 19:37:22,222.454,222.494,222.454,222.494,40.0
2024-10-07 19:37:26,222.494,222.494,222.494,222.494,10.0
2024-10-07 19:37:27,222.474,222.474,222.464,222.464,40.0
2024-10-07 19:37:28,222.463,222.464,222.463,222.463,30.000000000000004
2024-10-07 19:37:29,222.464,222.474,222.464,222.474,30.000000000000004
2024-10-07 19:37:30,222.474,222.474,222.473,222.473,20.0
2024-10-07 19:37:31,222.463,222.463,222.463,222.463,10.0
2024-10-07 19:37:32,222.443,222.463,222.443,222.454,60.0
2024-10-07 19:37:33,222.454,222.454,222.453,222.453,50.0
2024-10-07 19:37:34,222.463,222.464,222.453,222.453,30.000000000000004
2024-10-07 19:37:35,222.463,222.463,222.453,222.453,40.0
2024-10-07 19:37:36,222.444,222.454,222.444,222.454,20.0
2024-10-07 19:37:40,222.444,222.454,222.443,222.454,40.0
2024-10-07 19:37:41,222.453,222.453,222.453,222.453,20.0
2024-10-07 19:37:43,222.443,222.454,222.443,222.443,60.0
2024-10-07 19:37:44,222.454,222.454,222.453,222.453,20.0
2024-10-07 19:37:45,222.444,222.444,222.444,222.444,10.0
2024-10-07 19:37:46,222.453,222.453,222.444,222.444,20.0
2024-10-07 19:37:47,222.453,222.453,222.453,222.453,20.0
2024-10-07 19:37:48,222.454,222.454,222.454,222.454,10.0
2024-10-07 19:37:49,222.454,222.454,222.443,222.454,30.000000000000004
2024-10-07 19:37:50,222.453,222.454,222.453,222.454,20.0
2024-10-07 19:37:51,222.454,222.454,222.453,222.453,30.000000000000004
2024-10-07 19:37:54,222.454,222.454,222.454,222.454,10.0
2024-10-07 19:37:57,222.453,222.453,222.453,222.453,10.0
2024-10-07 19:38:00,222.443,222.453,222.443,222.443,30.000000000000004
2024-10-07 19:38:04,222.414,222.423,222.414,222.414,30.000000000000004
2024-10-07 19:38:07,222.393,222.393,222.383,222.383,20.0
2024-10-07 19:38:08,222.373,222.374,222.363,222.374,40.0
2024-10-07 19:38:09,222.373,222.373,222.373,222.373,10.0
2024-10-07 19:38:10,222.374,222.374,222.374,222.374,10.0
2024-10-07 19:38:11,222.374,222.374,222.353,222.353,20.0
2024-10-07 19:38:12,222.343,222.343,222.343,222.343,10.0
2024-10-07 19:38:13,222.344,222.344,222.343,222.343,30.000000000000004
2024-10-07 19:38:14,222.343,222.344,222.343,222.344,20.0
2024-10-07 19:38:15,222.363,222.363,222.353,222.353,20.0
2024-10-07 19:38:18,222.364,222.364,222.364,222.364,20.0
2024-10-07 19:38:19,222.364,222.364,222.364,222.364,10.0
2024-10-07 19:38:21,222.364,222.364,222.343,222.344,30.000000000000004
2024-10-07 19:38:22,222.353,222.353,222.344,222.344,20.0
2024-10-07 19:38:23,222.343,222.343,222.333,222.343,30.000000000000004
2024-10-07 19:38:25,222.334,222.334,222.334,222.334,10.0
2024-10-07 19:38:26,222.344,222.344,222.344,222.344,10.0
2024-10-07 19:38:32,222.343,222.344,222.343,222.344,20.0
2024-10-07 19:38:33,222.343,222.343,222.343,222.343,30.000000000000004
2024-10-07 19:38:40,222.324,222.343,222.324,222.343,20.0
2024-10-07 19:38:41,222.333,222.333,222.333,222.333,10.0
2024-10-07 19:38:45,222.343,222.343,222.343,222.343,10.0
2024-10-07 19:38:46,222.344,222.344,222.333,222.333,20.0
2024-10-07 19:38:47,222.333,222.333,222.333,222.333,10.0
2024-10-07 19:38:51,222.333,222.364,222.333,222.364,30.000000000000004
2024-10-07 19:38:52,222.364,222.364,222.363,222.363,20.0
2024-10-07 19:38:53,222.363,222.363,222.363,222.363,10.0
2024-10-07 19:38:54,222.363,222.363,222.363,222.363,10.0
2024-10-07 19:38:57,222.363,222.363,222.363,222.363,10.0
2024-10-07 19:38:58,222.364,222.364,222.364,222.364,20.0
2024-10-07 19:39:02,222.373,222.404,222.373,222.404,30.000000000000004
2024-10-07 19:39:03,222.404,222.404,222.404,222.404,10.0
2024-10-07 19:39:10,222.404,222.404,222.404,222.404,10.0
2024-10-07 19:39:11,222.394,222.394,222.394,222.394,10.0
2024-10-07 19:39:16,222.404,222.404,222.404,222.404,10.0
2024-10-07 19:39:17,222.403,222.423,222.403,222.423,20.0
2024-10-07 19:39:18,222.454,222.454,222.443,222.443,20.0
2024-10-07 19:39:19,222.453,222.453,222.453,222.453,10.0
2024-10-07 19:39:20,222.443,222.443,222.443,222.443,10.0
2024-10-07 19:39:23,222.434,222.434,222.434,222.434,10.0
2024-10-07 19:39:24,222.444,222.444,222.444,222.444,10.0
2024-10-07 19:39:27,222.433,222.433,222.433,222.433,10.0
2024-10-07 19:39:29,222.434,222.434,222.434,222.434,10.0
2024-10-07 19:39:30,222.443,222.443,222.443,222.443,10.0
2024-10-07 19:39:32,222.444,222.444,222.444,222.444,10.0
2024-10-07 19:39:33,222.424,222.424,222.424,222.424,10.0
2024-10-07 19:39:35,222.444,222.444,222.443,222.443,20.0
2024-10-07 19:39:37,222.473,222.483,222.473,222.473,30.000000000000004
2024-10-07 19:39:38,222.484,222.484,222.474,222.483,30.000000000000004
2024-10-07 19:39:39,222.493,222.493,222.493,222.493,10.0
2024-10-07 19:39:40,222.484,222.484,222.483,222.483,20.0
2024-10-07 19:39:41,222.503,222.503,222.494,222.503,30.000000000000004
2024-10-07 19:39:42,222.494,222.494,222.494,222.494,20.0
2024-10-07 19:39:44,222.484,222.484,222.463,222.463,20.0
2024-10-07 19:39:45,222.463,222.463,222.463,222.463,10.0
2024-10-07 19:39:46,222.464,222.464,222.464,222.464,10.0
2024-10-07 19:39:47,222.473,222.473,222.473,222.473,10.0
2024-10-07 19:39:48,222.473,222.473,222.464,222.464,20.0
2024-10-07 19:39:49,222.463,222.464,222.463,222.464,30.000000000000004
2024-10-07 19:39:50,222.463,222.473,222.463,222.473,30.000000000000004
2024-10-07 19:39:51,222.464,222.464,222.454,222.454,20.0
2024-10-07 19:39:53,222.443,222.443,222.443,222.443,10.0
2024-10-07 19:39:54,222.454,222.474,222.454,222.463,30.000000000000004
2024-10-07 19:39:55,222.463,222.463,222.463,222.463,10.0
2024-10-07 19:39:56,222.464,222.464,222.453,222.453,20.0
2024-10-07 19:39:57,222.463,222.463,222.463,222.463,10.0
2024-10-07 19:39:58,222.464,222.464,222.463,222.463,20.0
2024-10-07 19:39:59,222.474,222.474,222.473,222.473,20.0
2024-10-07 19:40:00,222.473,222.473,222.473,222.473,10.0
2024-10-07 19:40:01,222.484,222.484,222.484,222.484,10.0
2024-10-07 19:40:03,222.474,222.474,222.453,222.454,50.0
2024-10-07 19:40:04,222.454,222.454,222.444,222.444,40.0
2024-10-07 19:40:05,222.464,222.464,222.464,222.464,10.0
2024-10-07 19:40:06,222.453,222.453,222.433,222.443,50.0
2024-10-07 19:40:07,222.434,222.434,222.434,222.434,10.0
2024-10-07 19:40:08,222.434,222.434,222.434,222.434,10.0
2024-10-07 19:40:09,222.424,222.424,222.414,222.414,20.0
2024-10-07 19:40:10,222.424,222.443,222.423,222.423,50.0
2024-10-07 19:40:13,222.423,222.423,222.423,222.423,10.0
2024-10-07 19:40:14,222.443,222.443,222.443,222.443,10.0
2024-10-07 19:40:15,222.443,222.443,222.443,222.443,10.0
2024-10-07 19:40:16,222.433,222.433,222.433,222.433,10.0
2024-10-07 19:40:17,222.424,222.434,222.424,222.434,40.0
2024-10-07 19:40:18,222.434,222.434,222.434,222.434,10.0
2024-10-07 19:40:19,222.433,222.433,222.433,222.433,10.0
2024-10-07 19:40:20,222.424,222.434,222.424,222.434,20.0
2024-10-07 19:40:21,222.434,222.434,222.433,222.433,20.0
2024-10-07 19:40:22,222.434,222.434,222.434,222.434,10.0
2024-10-07 19:40:23,222.423,222.434,222.423,222.434,20.0
2024-10-07 19:40:25,222.434,222.434,222.423,222.424,30.000000000000004
2024-10-07 19:40:27,222.433,222.434,222.433,222.434,20.0
2024-10-07 19:40:29,222.423,222.423,222.423,222.423,10.0
2024-10-07 19:40:38,222.413,222.413,222.403,222.403,30.000000000000004
2024-10-07 19:40:40,222.413,222.413,222.403,222.403,20.0
2024-10-07 19:40:41,222.423,222.423,222.423,222.423,10.0
2024-10-07 19:40:42,222.403,222.404,222.403,222.404,30.000000000000004
2024-10-07 19:40:43,222.404,222.404,222.403,222.403,60.0
2024-10-07 19:40:44,222.403,222.403,222.403,222.403,20.0
2024-10-07 19:40:45,222.394,222.394,222.393,222.393,30.000000000000004
2024-10-07 19:40:46,222.394,222.394,222.393,222.393,30.000000000000004
2024-10-07 19:40:49,222.383,222.403,222.383,222.403,30.000000000000004
2024-10-07 19:40:52,222.413,222.413,222.413,222.413,10.0
2024-10-07 19:40:53,222.423,222.424,222.413,222.413,30.000000000000004
2024-10-07 19:40:54,222.424,222.424,222.413,222.424,30.000000000000004
2024-10-07 19:40:57,222.403,222.403,222.403,222.403,10.0
2024-10-07 19:40:58,222.413,222.413,222.413,222.413,10.0
2024-10-07 19:41:00,222.403,222.403,222.403,222.403,10.0
2024-10-07 19:41:01,222.393,222.394,222.383,222.394,30.000000000000004
2024-10-07 19:41:02,222.403,222.403,222.403,222.403,10.0
2024-10-07 19:41:04,222.393,222.393,222.393,222.393,10.0
2024-10-07 19:41:05,222.393,222.393,222.393,222.393,10.0
2024-10-07 19:41:06,222.394,222.394,222.393,222.393,30.000000000000004
2024-10-07 19:41:07,222.373,222.373,222.373,222.373,10.0
2024-10-07 19:41:08,222.373,222.384,222.373,222.384,30.000000000000004
2024-10-07 19:41:09,222.384,222.384,222.384,222.384,10.0
2024-10-07 19:41:10,222.373,222.373,222.373,222.373,10.0
2024-10-07 19:41:11,222.374,222.384,222.374,222.383,40.0
2024-10-07 19:41:12,222.374,222.384,222.374,222.384,80.0
2024-10-07 19:41:13,222.384,222.384,222.384,222.384,20.0
2024-10-07 19:41:14,222.374,222.374,222.374,222.374,10.0
2024-10-07 19:41:15,222.373,222.373,222.344,222.344,40.0
2024-10-07 19:41:17,222.354,222.354,222.354,222.354,10.0
2024-10-07 19:41:18,222.353,222.353,222.333,222.333,30.000000000000004
2024-10-07 19:41:19,222.343,222.343,222.334,222.334,20.0
2024-10-07 19:41:20,222.333,222.353,222.333,222.353,20.0
2024-10-07 19:41:21,222.333,222.333,222.333,222.333,10.0
2024-10-07 19:41:23,222.343,222.344,222.343,222.344,20.0
2024-10-07 19:41:24,222.323,222.323,222.323,222.323,10.0
2024-10-07 19:41:25,222.344,222.344,222.343,222.343,20.0
2024-10-07 19:41:26,222.343,222.354,222.343,222.354,50.0
2024-10-07 19:41:27,222.343,222.343,222.343,222.343,10.0
2024-10-07 19:41:28,222.344,222.344,222.333,222.333,30.000000000000004
2024-10-07 19:41:30,222.333,222.333,222.323,222.323,20.0
2024-10-07 19:41:31,222.343,222.343,222.343,222.343,10.0
2024-10-07 19:41:32,222.334,222.334,222.334,222.334,10.0
2024-10-07 19:41:35,222.314,222.324,222.314,222.314,30.000000000000004
2024-10-07 19:41:36,222.304,222.314,222.293,222.313,80.0
2024-10-07 19:41:37,222.314,222.314,222.314,222.314,10.0
2024-10-07 19:41:38,222.343,222.344,222.333,222.333,30.000000000000004
2024-10-07 19:41:39,222.324,222.334,222.324,222.334,30.000000000000004
2024-10-07 19:41:40,222.323,222.323,222.323,222.323,10.0
2024-10-07 19:41:41,222.323,222.323,222.323,222.323,10.0
2024-10-07 19:41:43,222.314,222.314,222.314,222.314,10.0
2024-10-07 19:41:44,222.323,222.323,222.323,222.323,10.0
2024-10-07 19:41:46,222.314,222.314,222.303,222.303,20.0
2024-10-07 19:41:47,222.314,222.323,222.304,222.304,30.000000000000004
2024-10-07 19:41:48,222.303,222.303,222.303,222.303,10.0
2024-10-07 19:41:50,222.284,222.284,222.284,222.284,10.0
2024-10-07 19:41:51,222.274,222.274,222.274,222.274,10.0
2024-10-07 19:41:52,222.273,222.273,222.273,222.273,10.0
2024-10-07 19:41:53,222.274,222.303,222.274,222.303,30.000000000000004
2024-10-07 19:41:54,222.294,222.294,222.274,222.294,50.0
2024-10-07 19:41:55,222.284,222.304,222.284,222.304,40.0
2024-10-07 19:41:56,222.314,222.314,222.303,222.303,20.0
2024-10-07 19:41:57,222.294,222.294,222.283,222.283,20.0
2024-10-07 19:41:58,222.304,222.304,222.293,222.293,30.000000000000004
2024-10-07 19:41:59,222.283,222.283,222.283,222.283,10.0
2024-10-07 19:42:00,222.284,222.284,222.284,222.284,10.0
2024-10-07 19:42:01,222.283,222.283,222.273,222.273,40.0
2024-10-07 19:42:02,222.284,222.284,222.263,222.284,30.000000000000004
2024-10-07 19:42:03,222.284,222.284,222.284,222.284,30.000000000000004
2024-10-07 19:42:04,222.284,222.284,222.284,222.284,10.0
2024-10-07 19:42:05,222.304,222.304,222.304,222.304,10.0
2024-10-07 19:42:06,222.293,222.293,222.293,222.293,10.0
2024-10-07 19:42:07,222.284,222.284,222.284,222.284,10.0
2024-10-07 19:42:08,222.303,222.303,222.303,222.303,10.0
2024-10-07 19:42:10,222.294,222.294,222.253,222.253,50.0
2024-10-07 19:42:11,222.243,222.244,222.243,222.244,20.0
2024-10-07 19:42:12,222.254,222.263,222.254,222.263,40.0
2024-10-07 19:42:13,222.263,222.264,222.263,222.264,20.0
2024-10-07 19:42:14,222.263,222.274,222.263,222.274,30.000000000000004
2024-10-07 19:42:15,222.263,222.263,222.263,222.263,10.0
2024-10-07 19:42:16,222.264,222.264,222.254,222.254,30.000000000000004
2024-10-07 19:42:17,222.284,222.284,222.263,222.273,50.0
2024-10-07 19:42:18,222.274,222.284,222.264,222.274,40.0
2024-10-07 19:42:19,222.263,222.263,222.263,222.263,10.0
2024-10-07 19:42:20,222.274,222.274,222.274,222.274,20.0
2024-10-07 19:42:21,222.283,222.283,222.283,222.283,10.0
2024-10-07 19:42:22,222.274,222.274,222.274,222.274,10.0
2024-10-07 19:42:23,222.284,222.284,222.284,222.284,30.000000000000004
2024-10-07 19:42:24,222.293,222.294,222.293,222.293,40.0
2024-10-07 19:42:25,222.294,222.304,222.294,222.304,20.0
2024-10-07 19:42:26,222.293,222.293,222.283,222.283,40.0
2024-10-07 19:42:27,222.274,222.284,222.274,222.284,20.0
2024-10-07 19:42:28,222.273,222.284,222.273,222.274,30.000000000000004
2024-10-07 19:42:29,222.283,222.283,222.273,222.274,40.0
2024-10-07 19:42:30,222.283,222.284,222.283,222.283,40.0
2024-10-07 19:42:31,222.283,222.283,222.273,222.274,30.000000000000004
2024-10-07 19:42:32,222.263,222.263,222.233,222.233,70.00000000000001
2024-10-07 19:42:33,222.234,222.234,222.224,222.233,40.0
2024-10-07 19:42:36,222.233,222.253,222.233,222.243,40.0
2024-10-07 19:42:37,222.244,222.244,222.243,222.243,30.000000000000004
2024-10-07 19:42:38,222.244,222.254,222.244,222.253,40.0
2024-10-07 19:42:39,222.253,222.254,222.253,222.253,30.000000000000004
2024-10-07 19:42:40,222.253,222.253,222.243,222.243,20.0
2024-10-07 19:42:43,222.223,222.224,222.223,222.224,20.0
2024-10-07 19:42:44,222.223,222.224,222.223,222.224,20.0
2024-10-07 19:42:45,222.213,222.224,222.213,222.224,20.0
2024-10-07 19:42:46,222.234,222.234,222.233,222.233,20.0
2024-10-07 19:42:47,222.234,222.234,222.234,222.234,10.0
2024-10-07 19:42:48,222.243,222.243,222.243,222.243,10.0
2024-10-07 19:42:50,222.233,222.233,222.233,222.233,10.0
2024-10-07 19:42:51,222.224,222.224,222.224,222.224,10.0
2024-10-07 19:42:52,222.244,222.254,222.244,222.253,60.0
2024-10-07 19:42:53,222.243,222.243,222.243,222.243,10.0
2024-10-07 19:42:54,222.233,222.254,222.233,222.254,50.0
2024-10-07 19:42:55,222.243,222.243,222.243,222.243,10.0
2024-10-07 19:42:56,222.253,222.263,222.253,222.263,30.000000000000004
2024-10-07 19:42:58,222.273,222.293,222.273,222.293,30.000000000000004
2024-10-07 19:42:59,222.284,222.284,222.284,222.284,10.0
2024-10-07 19:43:00,222.274,222.274,222.254,222.264,80.0
2024-10-07 19:43:01,222.273,222.273,222.273,222.273,10.0
2024-10-07 19:43:02,222.263,222.263,222.263,222.263,10.0
2024-10-07 19:43:04,222.264,222.313,222.264,222.313,30.000000000000004
2024-10-07 19:43:05,222.313,222.323,222.313,222.323,40.0
2024-10-07 19:43:06,222.304,222.304,222.304,222.304,10.0
2024-10-07 19:43:07,222.293,222.293,222.293,222.293,10.0
2024-10-07 19:43:08,222.303,222.303,222.303,222.303,30.000000000000004
2024-10-07 19:43:09,222.313,222.324,222.313,222.324,60.0
2024-10-07 19:43:10,222.324,222.334,222.324,222.334,20.0
2024-10-07 19:43:11,222.333,222.333,222.333,222.333,10.0
2024-10-07 19:43:12,222.323,222.323,222.323,222.323,10.0
2024-10-07 19:43:13,222.334,222.334,222.333,222.334,50.0
2024-10-07 19:43:14,222.334,222.344,222.334,222.344,20.0
2024-10-07 19:43:15,222.343,222.343,222.324,222.324,20.0
2024-10-07 19:43:16,222.343,222.343,222.343,222.343,10.0
2024-10-07 19:43:18,222.343,222.343,222.334,222.334,30.000000000000004
2024-10-07 19:43:19,222.343,222.343,222.343,222.343,10.0
2024-10-07 19:43:20,222.333,222.333,222.333,222.333,10.0
2024-10-07 19:43:21,222.323,222.323,222.323,222.323,10.0
2024-10-07 19:43:22,222.323,222.323,222.313,222.313,20.0
2024-10-07 19:43:23,222.323,222.333,222.323,222.333,20.0
2024-10-07 19:43:24,222.323,222.323,222.323,222.323,10.0
2024-10-07 19:43:25,222.323,222.333,222.323,222.333,40.0
2024-10-07 19:43:26,222.333,222.333,222.333,222.333,10.0
2024-10-07 19:43:27,222.323,222.324,222.323,222.324,20.0
2024-10-07 19:43:28,222.344,222.344,222.333,222.344,40.0
2024-10-07 19:43:29,222.334,222.334,222.334,222.334,10.0
2024-10-07 19:43:30,222.343,222.343,222.343,222.343,10.0
2024-10-07 19:43:31,222.334,222.334,222.334,222.334,10.0
2024-10-07 19:43:33,222.323,222.334,222.314,222.333,60.0
2024-10-07 19:43:34,222.334,222.344,222.334,222.344,30.000000000000004
2024-10-07 19:43:35,222.324,222.324,222.324,222.324,10.0
2024-10-07 19:43:41,222.313,222.313,222.313,222.313,10.0
2024-10-07 19:43:42,222.303,222.324,222.303,222.324,20.0
2024-10-07 19:43:44,222.303,222.314,222.294,222.314,60.0
2024-10-07 19:43:45,222.314,222.314,222.314,222.314,10.0
2024-10-07 19:43:46,222.304,222.314,222.303,222.303,50.0
2024-10-07 19:43:47,222.314,222.314,222.313,222.314,30.000000000000004
2024-10-07 19:43:49,222.313,222.314,222.303,222.314,40.0
2024-10-07 19:43:50,222.313,222.333,222.313,222.333,50.0
2024-10-07 19:43:51,222.323,222.323,222.323,222.323,10.0
2024-10-07 19:43:52,222.344,222.344,222.343,222.344,30.000000000000004
2024-10-07 19:43:53,222.333,222.333,222.333,222.333,10.0
2024-10-07 19:43:54,222.343,222.343,222.334,222.334,20.0
2024-10-07 19:43:55,222.344,222.344,222.344,222.344,10.0
2024-10-07 19:43:56,222.333,222.333,222.333,222.333,10.0
2024-10-07 19:43:57,222.334,222.344,222.334,222.343,30.000000000000004
2024-10-07 19:43:59,222.333,222.333,222.333,222.333,10.0
2024-10-07 19:44:02,222.323,222.333,222.323,222.323,30.000000000000004
2024-10-07 19:44:03,222.323,222.323,222.323,222.323,10.0
2024-10-07 19:44:04,222.313,222.313,222.313,222.313,10.0
2024-10-07 19:44:08,222.313,222.313,222.313,222.313,10.0
2024-10-07 19:44:10,222.314,222.314,222.314,222.314,10.0
2024-10-07 19:44:11,222.303,222.303,222.303,222.303,20.0
2024-10-07 19:44:12,222.293,222.304,222.293,222.304,20.0
2024-10-07 19:44:13,222.284,222.284,222.274,222.274,20.0
2024-10-07 19:44:14,222.254,222.263,222.253,222.253,50.0
2024-10-07 19:44:15,222.234,222.234,222.234,222.234,20.0
2024-10-07 19:44:16,222.233,222.233,222.233,222.233,10.0
2024-10-07 19:44:17,222.233,222.234,222.233,222.234,40.0
2024-10-07 19:44:18,222.234,222.234,222.224,222.224,30.000000000000004
2024-10-07 19:44:19,222.214,222.214,222.214,222.214,10.0
2024-10-07 19:44:23,222.203,222.203,222.203,222.203,10.0
2024-10-07 19:44:24,222.223,222.223,222.223,222.223,10.0
2024-10-07 19:44:25,222.213,222.213,222.213,222.213,20.0
2024-10-07 19:44:26,222.203,222.214,222.203,222.214,30.000000000000004
2024-10-07 19:44:28,222.224,222.224,222.224,222.224,20.0
2024-10-07 19:44:30,222.223,222.223,222.213,222.213,20.0
2024-10-07 19:44:31,222.204,222.223,222.204,222.223,20.0
2024-10-07 19:44:32,222.224,222.224,222.224,222.224,10.0
2024-10-07 19:44:33,222.224,222.224,222.214,222.214,20.0
2024-10-07 19:44:37,222.224,222.224,222.214,222.214,20.0
2024-10-07 19:44:41,222.224,222.224,222.223,222.223,20.0
2024-10-07 19:44:43,222.244,222.244,222.233,222.233,20.0
2024-10-07 19:44:44,222.244,222.244,222.244,222.244,10.0
2024-10-07 19:44:46,222.243,222.244,222.233,222.244,30.000000000000004
2024-10-07 19:44:47,222.233,222.254,222.233,222.254,20.0
2024-10-07 19:44:48,222.243,222.243,222.243,222.243,10.0
2024-10-07 19:44:50,222.253,222.253,222.253,222.253,10.0
2024-10-07 19:44:51,222.243,222.243,222.243,222.243,10.0
2024-10-07 19:44:52,222.243,222.243,222.243,222.243,20.0
2024-10-07 19:44:53,222.243,222.254,222.243,222.254,30.000000000000004
2024-10-07 19:44:54,222.254,222.254,222.253,222.254,30.000000000000004
2024-10-07 19:44:55,222.243,222.243,222.243,222.243,10.0
2024-10-07 19:44:56,222.244,222.244,222.234,222.234,30.000000000000004
2024-10-07 19:44:57,222.223,222.223,222.223,222.223,10.0
2024-10-07 19:44:58,222.233,222.244,222.233,222.243,30.000000000000004
2024-10-07 19:45:00,222.233,222.234,222.233,222.234,20.0
2024-10-07 19:45:01,222.244,222.244,222.244,222.244,20.0
2024-10-07 19:45:02,222.264,222.264,222.264,222.264,40.0
2024-10-07 19:45:03,222.243,222.253,222.243,222.253,20.0
2024-10-07 19:45:04,222.244,222.244,222.233,222.233,20.0
2024-10-07 19:45:06,222.263,222.274,222.263,222.274,60.0
2024-10-07 19:45:07,222.273,222.284,222.273,222.284,20.0
2024-10-07 19:45:09,222.283,222.283,222.283,222.283,10.0
2024-10-07 19:45:10,222.273,222.284,222.273,222.274,30.000000000000004
2024-10-07 19:45:11,222.253,222.253,222.244,222.244,20.0
2024-10-07 19:45:12,222.233,222.263,222.233,222.243,50.0
2024-10-07 19:45:13,222.234,222.234,222.223,222.233,30.000000000000004
2024-10-07 19:45:14,222.243,222.244,222.243,222.244,20.0
2024-10-07 19:45:15,222.243,222.244,222.243,222.244,20.0
2024-10-07 19:45:16,222.244,222.244,222.244,222.244,10.0
2024-10-07 19:45:17,222.234,222.244,222.213,222.223,60.0
2024-10-07 19:45:18,222.224,222.224,222.223,222.223,30.000000000000004
2024-10-07 19:45:19,222.224,222.224,222.204,222.224,50.0
2024-10-07 19:45:20,222.204,222.204,222.203,222.203,20.0
2024-10-07 19:45:21,222.203,222.203,222.193,222.194,30.000000000000004
2024-10-07 19:45:22,222.193,222.204,222.193,222.204,30.000000000000004
2024-10-07 19:45:23,222.223,222.223,222.173,222.173,100.0
2024-10-07 19:45:24,222.173,222.184,222.173,222.184,60.0
2024-10-07 19:45:25,222.184,222.184,222.184,222.184,10.0
2024-10-07 19:45:26,222.173,222.173,222.164,222.164,20.0
2024-10-07 19:45:27,222.173,222.173,222.173,222.173,10.0
2024-10-07 19:45:28,222.163,222.174,222.163,222.174,20.0
2024-10-07 19:45:29,222.174,222.184,222.174,222.184,30.000000000000004
2024-10-07 19:45:30,222.194,222.194,222.194,222.194,10.0
2024-10-07 19:45:31,222.213,222.213,222.213,222.213,20.0
2024-10-07 19:45:34,222.193,222.203,222.193,222.194,70.00000000000001
2024-10-07 19:45:35,222.194,222.194,222.174,222.183,40.0
2024-10-07 19:45:36,222.193,222.203,222.193,222.203,30.000000000000004
2024-10-07 19:45:37,222.203,222.203,222.203,222.203,10.0
2024-10-07 19:45:38,222.194,222.204,222.194,222.204,20.0
2024-10-07 19:45:40,222.213,222.224,222.213,222.224,40.0
2024-10-07 19:45:41,222.233,222.234,222.224,222.224,40.0
2024-10-07 19:45:42,222.244,222.264,222.233,222.264,40.0
2024-10-07 19:45:43,222.274,222.274,222.263,222.263,40.0
2024-10-07 19:45:45,222.253,222.253,222.233,222.234,70.00000000000001
2024-10-07 19:45:46,222.234,222.244,222.233,222.243,50.0
2024-10-07 19:45:47,222.224,222.224,222.224,222.224,10.0
2024-10-07 19:45:49,222.204,222.224,222.203,222.224,40.0
2024-10-07 19:45:50,222.214,222.224,222.193,222.224,40.0
2024-10-07 19:45:51,222.204,222.223,222.204,222.223,40.0
2024-10-07 19:45:54,222.224,222.224,222.224,222.224,20.0
2024-10-07 19:45:55,222.204,222.224,222.204,222.223,30.000000000000004
2024-10-07 19:45:56,222.224,222.224,222.224,222.224,10.0
2024-10-07 19:45:57,222.203,222.203,222.203,222.203,10.0
2024-10-07 19:45:58,222.224,222.224,222.223,222.223,20.0
2024-10-07 19:46:00,222.224,222.224,222.224,222.224,10.0
2024-10-07 19:46:02,222.244,222.244,222.234,222.234,30.000000000000004
2024-10-07 19:46:03,222.224,222.224,222.184,222.184,70.00000000000001
2024-10-07 19:46:05,222.184,222.184,222.184,222.184,20.0
2024-10-07 19:46:06,222.174,222.203,222.174,222.174,30.000000000000004
2024-10-07 19:46:11,222.163,222.163,222.163,222.163,10.0
2024-10-07 19:46:15,222.154,222.154,222.153,222.154,30.000000000000004
2024-10-07 19:46:16,222.164,222.164,222.163,222.163,40.0
2024-10-07 19:46:18,222.164,222.164,222.164,222.164,30.000000000000004
2024-10-07 19:46:19,222.164,222.164,222.164,222.164,10.0
2024-10-07 19:46:20,222.154,222.154,222.154,222.154,10.0
2024-10-07 19:46:21,222.153,222.153,222.153,222.153,10.0
2024-10-07 19:46:26,222.163,222.163,222.163,222.163,10.0
2024-10-07 19:46:27,222.153,222.153,222.153,222.153,20.0
2024-10-07 19:46:30,222.143,222.164,222.143,222.143,30.000000000000004
2024-10-07 19:46:32,222.133,222.153,222.133,222.153,30.000000000000004
2024-10-07 19:46:33,222.154,222.154,222.134,222.154,30.000000000000004
2024-10-07 19:46:34,222.154,222.154,222.154,222.154,10.0
2024-10-07 19:46:35,222.163,222.164,222.163,222.164,30.000000000000004
2024-10-07 19:46:36,222.154,222.154,222.154,222.154,10.0
2024-10-07 19:46:38,222.154,222.164,222.154,222.163,30.000000000000004
2024-10-07 19:46:39,222.163,222.164,222.163,222.164,20.0
2024-10-07 19:46:40,222.163,222.164,222.163,222.163,30.000000000000004
2024-10-07 19:46:41,222.174,222.193,222.173,222.193,80.0
2024-10-07 19:46:42,222.194,222.194,222.194,222.194,30.000000000000004
2024-10-07 19:46:44,222.194,222.194,222.163,222.163,30.000000000000004
2024-10-07 19:46:46,222.173,222.173,222.173,222.173,10.0
2024-10-07 19:46:47,222.173,222.174,222.173,222.173,40.0
2024-10-07 19:46:48,222.193,222.204,222.193,222.194,60.0
2024-10-07 19:46:49,222.193,222.193,222.164,222.164,30.000000000000004
2024-10-07 19:46:50,222.163,222.163,222.163,222.163,10.0
2024-10-07 19:46:52,222.163,222.164,222.163,222.164,20.0
2024-10-07 19:46:55,222.164,222.164,222.153,222.153,20.0
2024-10-07 19:46:56,222.154,222.154,222.154,222.154,10.0
2024-10-07 19:46:58,222.144,222.154,222.144,222.154,20.0
2024-10-07 19:47:01,222.143,222.143,222.143,222.143,10.0
2024-10-07 19:47:02,222.163,222.163,222.163,222.163,10.0
2024-10-07 19:47:03,222.183,222.183,222.183,222.183,10.0
2024-10-07 19:47:04,222.174,222.174,222.174,222.174,10.0
2024-10-07 19:47:05,222.183,222.183,222.174,222.174,20.0
2024-10-07 19:47:06,222.173,222.173,222.173,222.173,20.0
2024-10-07 19:47:07,222.183,222.184,222.183,222.184,40.0
2024-10-07 19:47:08,222.184,222.184,222.173,222.173,30.000000000000004
2024-10-07 19:47:09,222.164,222.164,222.143,222.143,20.0
2024-10-07 19:47:10,222.133,222.143,222.133,222.143,20.0
2024-10-07 19:47:11,222.134,222.143,222.134,222.143,20.0
2024-10-07 19:47:12,222.143,222.144,222.143,222.144,20.0
2024-10-07 19:47:13,222.144,222.144,222.143,222.143,20.0
2024-10-07 19:47:14,222.144,222.144,222.143,222.143,30.000000000000004
2024-10-07 19:47:15,222.143,222.154,222.143,222.154,30.000000000000004
2024-10-07 19:47:16,222.144,222.144,222.144,222.144,10.0
2024-10-07 19:47:17,222.144,222.154,222.144,222.153,30.000000000000004
2024-10-07 19:47:18,222.153,222.154,222.153,222.153,40.0
2024-10-07 19:47:19,222.153,222.163,222.153,222.163,50.0
2024-10-07 19:47:20,222.164,222.164,222.153,222.153,20.0
2024-10-07 19:47:21,222.153,222.153,222.153,222.153,10.0
2024-10-07 19:47:22,222.154,222.154,222.154,222.154,10.0
2024-10-07 19:47:24,222.163,222.163,222.163,222.163,10.0
2024-10-07 19:47:26,222.164,222.164,222.164,222.164,10.0
2024-10-07 19:47:27,222.163,222.164,222.153,222.153,40.0
2024-10-07 19:47:28,222.143,222.153,222.143,222.153,20.0
2024-10-07 19:47:29,222.163,222.163,222.163,222.163,10.0
2024-10-07 19:47:30,222.154,222.154,222.154,222.154,10.0
2024-10-07 19:47:31,222.164,222.164,222.164,222.164,10.0
2024-10-07 19:47:32,222.144,222.144,222.124,222.124,30.000000000000004
2024-10-07 19:47:33,222.133,222.133,222.133,222.133,20.0
2024-10-07 19:47:37,222.154,222.154,222.124,222.124,40.0
2024-10-07 19:47:40,222.113,222.113,222.113,222.113,10.0
2024-10-07 19:47:41,222.124,222.124,222.124,222.124,10.0
2024-10-07 19:47:42,222.143,222.154,222.143,222.154,30.000000000000004
2024-10-07 19:47:43,222.144,222.144,222.133,222.133,20.0
2024-10-07 19:47:45,222.134,222.134,222.134,222.134,10.0
2024-10-07 19:47:50,222.133,222.134,222.133,222.134,20.0
2024-10-07 19:47:51,222.124,222.124,222.124,222.124,10.0
2024-10-07 19:47:52,222.134,222.134,222.124,222.133,60.0
2024-10-07 19:47:54,222.134,222.134,222.134,222.134,10.0
2024-10-07 19:47:55,222.124,222.134,222.124,222.134,30.000000000000004
2024-10-07 19:47:56,222.124,222.124,222.093,222.093,50.0
2024-10-07 19:47:57,222.104,222.113,222.104,222.113,20.0
2024-10-07 19:47:58,222.114,222.114,222.113,222.114,30.000000000000004
2024-10-07 19:47:59,222.103,222.103,222.103,222.103,10.0
2024-10-07 19:48:00,222.093,222.093,222.084,222.084,40.0
2024-10-07 19:48:01,222.074,222.074,222.074,222.074,10.0
2024-10-07 19:48:02,222.084,222.084,222.084,222.084,10.0
2024-10-07 19:48:03,222.083,222.083,222.073,222.073,30.000000000000004
2024-10-07 19:48:04,222.074,222.074,222.063,222.063,30.000000000000004
2024-10-07 19:48:05,222.074,222.074,222.053,222.053,20.0
2024-10-07 19:48:06,222.033,222.044,222.033,222.044,20.0
2024-10-07 19:48:10,222.033,222.043,222.033,222.043,20.0
2024-10-07 19:48:11,222.044,222.044,222.043,222.043,20.0
2024-10-07 19:48:12,222.054,222.054,222.044,222.044,20.0
2024-10-07 19:48:13,222.063,222.064,222.053,222.053,50.0
2024-10-07 19:48:14,222.063,222.063,222.063,222.063,10.0
2024-10-07 19:48:15,222.063,222.063,222.053,222.053,20.0
2024-10-07 19:48:16,222.064,222.064,222.063,222.063,20.0
2024-10-07 19:48:17,222.064,222.064,222.054,222.054,20.0
2024-10-07 19:48:18,222.053,222.053,222.053,222.053,10.0
2024-10-07 19:48:21,222.033,222.033,222.033,222.033,10.0
2024-10-07 19:48:22,222.033,222.053,222.033,222.044,30.000000000000004
2024-10-07 19:48:27,222.034,222.034,222.034,222.034,10.0
2024-10-07 19:48:28,222.054,222.054,222.044,222.044,20.0
2024-10-07 19:48:29,222.064,222.064,222.064,222.064,10.0
2024-10-07 19:48:31,222.064,222.064,222.064,222.064,10.0
2024-10-07 19:48:32,222.064,222.064,222.054,222.054,30.000000000000004
2024-10-07 19:48:34,222.053,222.053,222.053,222.053,10.0
2024-10-07 19:48:35,222.063,222.063,222.054,222.054,20.0
2024-10-07 19:48:38,222.064,222.064,222.064,222.064,10.0
2024-10-07 19:48:40,222.083,222.103,222.083,222.103,30.000000000000004
2024-10-07 19:48:41,222.094,222.094,222.084,222.084,30.000000000000004
2024-10-07 19:48:42,222.093,222.093,222.083,222.093,40.0
2024-10-07 19:48:43,222.094,222.094,222.083,222.083,20.0
2024-10-07 19:48:44,222.084,222.104,222.084,222.093,40.0
2024-10-07 19:48:45,222.083,222.094,222.083,222.094,30.000000000000004
2024-10-07 19:48:46,222.103,222.114,222.103,222.114,20.0
2024-10-07 19:48:47,222.093,222.104,222.093,222.104,20.0
2024-10-07 19:48:48,222.094,222.094,222.094,222.094,10.0
2024-10-07 19:48:49,222.083,222.083,222.083,222.083,10.0
2024-10-07 19:48:50,222.093,222.093,222.093,222.093,10.0
2024-10-07 19:48:51,222.104,222.104,222.104,222.104,10.0
2024-10-07 19:48:53,222.104,222.104,222.093,222.093,20.0
2024-10-07 19:48:54,222.104,222.104,222.094,222.103,30.000000000000004
2024-10-07 19:48:56,222.104,222.104,222.104,222.104,10.0
2024-10-07 19:48:57,222.103,222.103,222.103,222.103,10.0
2024-10-07 19:48:58,222.103,222.103,222.103,222.103,10.0
2024-10-07 19:48:59,222.103,222.103,222.094,222.094,20.0
2024-10-07 19:49:01,222.104,222.113,222.104,222.113,30.000000000000004
2024-10-07 19:49:02,222.113,222.113,222.094,222.094,40.0
2024-10-07 19:49:03,222.093,222.093,222.093,222.093,20.0
2024-10-07 19:49:04,222.084,222.084,222.084,222.084,10.0
2024-10-07 19:49:05,222.074,222.074,222.074,222.074,10.0
2024-10-07 19:49:06,222.083,222.084,222.083,222.083,40.0
2024-10-07 19:49:07,222.084,222.084,222.074,222.074,40.0
2024-10-07 19:49:08,222.083,222.083,222.083,222.083,10.0
2024-10-07 19:49:09,222.093,222.094,222.083,222.083,30.000000000000004
2024-10-07 19:49:10,222.093,222.103,222.093,222.103,30.000000000000004
2024-10-07 19:49:11,222.104,222.104,222.104,222.104,10.0
2024-10-07 19:49:12,222.114,222.114,222.103,222.103,20.0
2024-10-07 19:49:13,222.083,222.093,222.083,222.093,40.0
2024-10-07 19:49:14,222.104,222.104,222.094,222.094,20.0
2024-10-07 19:49:15,222.104,222.113,222.104,222.113,30.000000000000004
2024-10-07 19:49:17,222.114,222.114,222.114,222.114,10.0
2024-10-07 19:49:18,222.124,222.124,222.093,222.094,40.0
2024-10-07 19:49:19,222.104,222.124,222.104,222.124,60.0
2024-10-07 19:49:20,222.123,222.124,222.114,222.114,30.000000000000004
2024-10-07 19:49:21,222.103,222.113,222.103,222.113,20.0
2024-10-07 19:49:22,222.104,222.104,222.104,222.104,10.0
2024-10-07 19:49:23,222.123,222.123,222.113,222.113,30.000000000000004
2024-10-07 19:49:24,222.124,222.124,222.103,222.114,50.0
2024-10-07 19:49:25,222.103,222.114,222.093,222.093,40.0
2024-10-07 19:49:26,222.083,222.083,222.083,222.083,10.0
2024-10-07 19:49:28,222.093,222.094,222.093,222.094,20.0
2024-10-07 19:49:29,222.093,222.094,222.074,222.074,50.0
2024-10-07 19:49:30,222.073,222.084,222.073,222.073,50.0
2024-10-07 19:49:31,222.083,222.083,222.083,222.083,10.0
2024-10-07 19:49:32,222.084,222.084,222.084,222.084,10.0
2024-10-07 19:49:33,222.073,222.084,222.073,222.084,20.0
2024-10-07 19:49:34,222.084,222.084,222.084,222.084,10.0
2024-10-07 19:49:36,222.083,222.083,222.083,222.083,10.0
2024-10-07 19:49:38,222.083,222.084,222.083,222.084,20.0
2024-10-07 19:49:39,222.083,222.084,222.083,222.084,30.000000000000004
2024-10-07 19:49:41,222.113,222.113,222.113,222.113,20.0
2024-10-07 19:49:42,222.124,222.124,222.124,222.124,20.0
2024-10-07 19:49:44,222.134,222.134,222.134,222.134,20.0
2024-10-07 19:49:47,222.134,222.134,222.134,222.134,10.0
2024-10-07 19:49:49,222.133,222.134,222.133,222.133,30.000000000000004
2024-10-07 19:49:50,222.133,222.134,222.123,222.134,30.000000000000004
2024-10-07 19:49:51,222.124,222.124,222.124,222.124,10.0
2024-10-07 19:49:52,222.134,222.134,222.124,222.124,30.000000000000004
2024-10-07 19:49:53,222.114,222.114,222.114,222.114,10.0
2024-10-07 19:49:55,222.124,222.124,222.124,222.124,10.0
2024-10-07 19:49:56,222.103,222.103,222.094,222.094,20.0
2024-10-07 19:49:57,222.093,222.093,222.093,222.093,10.0
2024-10-07 19:49:58,222.093,222.093,222.093,222.093,10.0
2024-10-07 19:49:59,222.093,222.094,222.093,222.094,20.0
2024-10-07 19:50:00,222.094,222.303,222.093,222.253,120.0
2024-10-07 19:50:01,222.234,222.244,222.193,222.233,70.00000000000001
2024-10-07 19:50:02,222.273,222.304,222.254,222.294,70.00000000000001
2024-10-07 19:50:03,222.284,222.294,222.283,222.284,100.0
2024-10-07 19:50:04,222.304,222.324,222.294,222.323,90.0
2024-10-07 19:50:05,222.304,222.314,222.304,222.313,40.0
2024-10-07 19:50:06,222.304,222.314,222.304,222.313,60.0
2024-10-07 19:50:07,222.324,222.343,222.324,222.334,70.00000000000001
2024-10-07 19:50:08,222.343,222.343,222.334,222.334,20.0
2024-10-07 19:50:09,222.323,222.344,222.323,222.343,60.0
2024-10-07 19:50:10,222.343,222.403,222.343,222.403,50.0
2024-10-07 19:50:11,222.404,222.404,222.364,222.364,40.0
2024-10-07 19:50:12,222.353,222.404,222.353,222.403,50.0
2024-10-07 19:50:13,222.393,222.403,222.393,222.403,20.0
2024-10-07 19:50:14,222.403,222.403,222.393,222.393,50.0
2024-10-07 19:50:15,222.393,222.404,222.393,222.394,60.0
2024-10-07 19:50:16,222.404,222.423,222.404,222.413,60.0
2024-10-07 19:50:17,222.394,222.404,222.383,222.383,70.00000000000001
2024-10-07 19:50:18,222.373,222.374,222.373,222.373,50.0
2024-10-07 19:50:19,222.363,222.374,222.363,222.374,20.0
2024-10-07 19:50:20,222.364,222.374,222.353,222.374,80.0
2024-10-07 19:50:21,222.393,222.404,222.393,222.394,40.0
2024-10-07 19:50:22,222.383,222.384,222.364,222.364,50.0
2024-10-07 19:50:23,222.343,222.343,222.343,222.343,10.0
2024-10-07 19:50:24,222.344,222.344,222.343,222.343,50.0
2024-10-07 19:50:25,222.354,222.364,222.344,222.354,40.0
2024-10-07 19:50:26,222.363,222.364,222.363,222.364,20.0
2024-10-07 19:50:27,222.363,222.364,222.363,222.364,20.0
2024-10-07 19:50:28,222.354,222.364,222.354,222.364,20.0
2024-10-07 19:50:29,222.373,222.383,222.364,222.373,50.0
2024-10-07 19:50:30,222.383,222.393,222.364,222.364,50.0
2024-10-07 19:50:31,222.343,222.344,222.334,222.344,40.0
2024-10-07 19:50:32,222.354,222.364,222.353,222.364,30.000000000000004
2024-10-07 19:50:33,222.373,222.373,222.373,222.373,10.0
2024-10-07 19:50:34,222.383,222.383,222.373,222.373,30.000000000000004
2024-10-07 19:50:35,222.384,222.423,222.384,222.423,40.0
2024-10-07 19:50:36,222.423,222.423,222.403,222.403,50.0
2024-10-07 19:50:37,222.404,222.404,222.404,222.404,10.0
2024-10-07 19:50:38,222.394,222.434,222.393,222.424,60.0
2024-10-07 19:50:39,222.433,222.434,222.413,222.413,80.0
2024-10-07 19:50:40,222.414,222.414,222.414,222.414,20.0
2024-10-07 19:50:41,222.403,222.454,222.403,222.454,70.00000000000001
2024-10-07 19:50:42,222.484,222.494,222.483,222.494,50.0
2024-10-07 19:50:43,222.484,222.484,222.474,222.474,30.000000000000004
2024-10-07 19:50:44,222.494,222.494,222.494,222.494,20.0
2024-10-07 19:50:45,222.533,222.533,222.524,222.524,40.0
2024-10-07 19:50:46,222.533,222.533,222.503,222.503,50.0
2024-10-07 19:50:47,222.503,222.504,222.493,222.494,40.0
2024-10-07 19:50:48,222.503,222.513,222.503,222.513,40.0
2024-10-07 19:50:49,222.514,222.533,222.513,222.523,70.00000000000001
2024-10-07 19:50:50,222.533,222.533,222.533,222.533,10.0
2024-10-07 19:50:51,222.514,222.543,222.514,222.523,40.0
2024-10-07 19:50:52,222.534,222.534,222.534,222.534,10.0
2024-10-07 19:50:54,222.524,222.524,222.504,222.513,30.000000000000004
2024-10-07 19:50:55,222.503,222.513,222.493,222.494,60.0
2024-10-07 19:50:56,222.494,222.494,222.474,222.474,40.0
2024-10-07 19:50:57,222.474,222.494,222.474,222.494,30.000000000000004
2024-10-07 19:50:58,222.484,222.493,222.484,222.493,20.0
2024-10-07 19:50:59,222.473,222.473,222.443,222.443,50.0
2024-10-07 19:51:01,222.443,222.443,222.423,222.443,30.000000000000004
2024-10-07 19:51:02,222.433,222.433,222.423,222.424,30.000000000000004
2024-10-07 19:51:03,222.443,222.443,222.434,222.434,20.0
2024-10-07 19:51:04,222.423,222.464,222.423,222.464,40.0
2024-10-07 19:51:05,222.464,222.474,222.464,222.474,20.0
2024-10-07 19:51:06,222.453,222.473,222.453,222.473,30.000000000000004
2024-10-07 19:51:07,222.464,222.464,222.443,222.453,30.000000000000004
2024-10-07 19:51:08,222.463,222.463,222.463,222.463,10.0
2024-10-07 19:51:09,222.454,222.454,222.453,222.453,20.0
2024-10-07 19:51:10,222.453,222.514,222.453,222.514,50.0
2024-10-07 19:51:11,222.503,222.514,222.503,222.503,40.0
2024-10-07 19:51:12,222.503,222.504,222.494,222.504,40.0
2024-10-07 19:51:13,222.513,222.513,222.513,222.513,20.0
2024-10-07 19:51:14,222.514,222.524,222.514,222.523,30.000000000000004
2024-10-07 19:51:15,222.503,222.514,222.503,222.514,30.000000000000004
2024-10-07 19:51:16,222.524,222.524,222.524,222.524,20.0
2024-10-07 19:51:17,222.513,222.523,222.493,222.493,50.0
2024-10-07 19:51:18,222.494,222.513,222.494,222.513,60.0
2024-10-07 19:51:19,222.523,222.523,222.523,222.523,10.0
2024-10-07 19:51:20,222.503,222.503,222.503,222.503,10.0
2024-10-07 19:51:21,222.504,222.524,222.494,222.524,40.0
2024-10-07 19:51:22,222.513,222.524,222.513,222.524,20.0
2024-10-07 19:51:23,222.513,222.524,222.513,222.523,30.000000000000004
2024-10-07 19:51:24,222.554,222.554,222.543,222.543,20.0
2024-10-07 19:51:25,222.554,222.554,222.533,222.533,30.000000000000004
2024-10-07 19:51:26,222.544,222.554,222.544,222.554,20.0
2024-10-07 19:51:28,222.544,222.544,222.533,222.533,30.000000000000004
2024-10-07 19:51:29,222.483,222.483,222.463,222.463,30.000000000000004
2024-10-07 19:51:30,222.464,222.464,222.464,222.464,10.0
2024-10-07 19:51:31,222.443,222.463,222.443,222.454,40.0
2024-10-07 19:51:32,222.423,222.434,222.423,222.434,20.0
2024-10-07 19:51:33,222.424,222.424,222.424,222.424,10.0
2024-10-07 19:51:36,222.444,222.444,222.424,222.424,30.000000000000004
2024-10-07 19:51:37,222.413,222.413,222.403,222.403,20.0
2024-10-07 19:51:38,222.403,222.403,222.403,222.403,10.0
2024-10-07 19:51:39,222.413,222.413,222.393,222.413,30.000000000000004
2024-10-07 19:51:40,222.394,222.394,222.394,222.394,10.0
2024-10-07 19:51:41,222.393,222.443,222.393,222.443,60.0
2024-10-07 19:51:42,222.444,222.444,222.444,222.444,10.0
2024-10-07 19:51:43,222.443,222.443,222.443,222.443,10.0
2024-10-07 19:51:44,222.454,222.463,222.454,222.454,30.000000000000004
2024-10-07 19:51:45,222.464,222.464,222.464,222.464,20.0
2024-10-07 19:51:46,222.463,222.463,222.463,222.463,10.0
2024-10-07 19:51:47,222.464,222.484,222.464,222.484,30.000000000000004
2024-10-07 19:51:48,222.483,222.483,222.483,222.483,10.0
2024-10-07 19:51:49,222.484,222.484,222.484,222.484,20.0
2024-10-07 19:51:51,222.474,222.474,222.474,222.474,10.0
2024-10-07 19:51:52,222.463,222.463,222.463,222.463,10.0
2024-10-07 19:51:53,222.483,222.483,222.483,222.483,10.0
2024-10-07 19:51:54,222.484,222.484,222.473,222.474,40.0
2024-10-07 19:51:57,222.483,222.483,222.483,222.483,10.0
2024-10-07 19:51:58,222.504,222.514,222.504,222.514,20.0
2024-10-07 19:51:59,222.544,222.553,222.544,222.553,20.0
2024-10-07 19:52:00,222.533,222.534,222.533,222.534,20.0
2024-10-07 19:52:01,222.554,222.554,222.553,222.553,20.0
2024-10-07 19:52:02,222.563,222.573,222.563,222.573,20.0
2024-10-07 19:52:03,222.573,222.573,222.573,222.573,10.0
2024-10-07 19:52:04,222.573,222.583,222.573,222.583,20.0
2024-10-07 19:52:05,222.574,222.583,222.543,222.543,40.0
2024-10-07 19:52:06,222.564,222.564,222.564,222.564,20.0
2024-10-07 19:52:07,222.564,222.564,222.553,222.553,20.0
2024-10-07 19:52:08,222.533,222.543,222.533,222.543,20.0
2024-10-07 19:52:09,222.554,222.554,222.553,222.553,20.0
2024-10-07 19:52:10,222.563,222.574,222.563,222.574,20.0
2024-10-07 19:52:11,222.564,222.574,222.553,222.553,30.000000000000004
2024-10-07 19:52:13,222.563,222.563,222.563,222.563,10.0
2024-10-07 19:52:14,222.573,222.584,222.573,222.584,20.0
2024-10-07 19:52:15,222.563,222.563,222.563,222.563,10.0
2024-10-07 19:52:16,222.564,222.564,222.564,222.564,10.0
2024-10-07 19:52:17,222.553,222.553,222.534,222.543,30.000000000000004
2024-10-07 19:52:18,222.534,222.534,222.514,222.533,30.000000000000004
2024-10-07 19:52:19,222.514,222.514,222.503,222.504,50.0
2024-10-07 19:52:20,222.513,222.553,222.513,222.544,40.0
2024-10-07 19:52:21,222.524,222.544,222.524,222.544,30.000000000000004
2024-10-07 19:52:22,222.543,222.543,222.514,222.514,40.0
2024-10-07 19:52:23,222.544,222.544,222.523,222.533,50.0
2024-10-07 19:52:24,222.513,222.513,222.473,222.504,90.0
2024-10-07 19:52:25,222.494,222.494,222.473,222.473,60.0
2024-10-07 19:52:26,222.474,222.474,222.463,222.463,40.0
2024-10-07 19:52:27,222.454,222.454,222.413,222.413,40.0
2024-10-07 19:52:28,222.413,222.424,222.413,222.424,20.0
2024-10-07 19:52:29,222.393,222.393,222.354,222.383,70.00000000000001
2024-10-07 19:52:30,222.364,222.423,222.364,222.423,50.0
2024-10-07 19:52:32,222.414,222.414,222.393,222.404,30.000000000000004
2024-10-07 19:52:33,222.404,222.404,222.404,222.404,10.0
2024-10-07 19:52:34,222.394,222.414,222.394,222.403,30.000000000000004
2024-10-07 19:52:35,222.414,222.423,222.414,222.423,20.0
2024-10-07 19:52:36,222.444,222.474,222.434,222.434,40.0
2024-10-07 19:52:37,222.434,222.434,222.413,222.413,40.0
2024-10-07 19:52:38,222.393,222.424,222.393,222.424,40.0
2024-10-07 19:52:40,222.413,222.433,222.413,222.413,50.0
2024-10-07 19:52:41,222.424,222.433,222.424,222.433,20.0
2024-10-07 19:52:42,222.434,222.434,222.434,222.434,10.0
2024-10-07 19:52:45,222.413,222.434,222.413,222.434,30.000000000000004
2024-10-07 19:52:46,222.414,222.424,222.414,222.424,20.0
2024-10-07 19:52:47,222.434,222.434,222.434,222.434,10.0
2024-10-07 19:52:48,222.424,222.424,222.424,222.424,10.0
2024-10-07 19:52:50,222.423,222.434,222.423,222.434,40.0
2024-10-07 19:52:51,222.424,222.424,222.424,222.424,10.0
2024-10-07 19:52:52,222.444,222.444,222.444,222.444,10.0
2024-10-07 19:52:53,222.434,222.443,222.434,222.434,30.000000000000004
2024-10-07 19:52:54,222.433,222.433,222.433,222.433,10.0
2024-10-07 19:52:56,222.433,222.433,222.433,222.433,10.0
2024-10-07 19:52:57,222.483,222.483,222.483,222.483,10.0
2024-10-07 19:53:00,222.504,222.523,222.493,222.493,40.0
2024-10-07 19:53:01,222.484,222.484,222.473,222.473,20.0
2024-10-07 19:53:02,222.504,222.504,222.504,222.504,10.0
2024-10-07 19:53:03,222.473,222.473,222.454,222.454,20.0
2024-10-07 19:53:05,222.493,222.493,222.493,222.493,10.0
2024-10-07 19:53:06,222.494,222.503,222.484,222.484,40.0
2024-10-07 19:53:07,222.473,222.473,222.473,222.473,10.0
2024-10-07 19:53:08,222.494,222.494,222.493,222.493,20.0
2024-10-07 19:53:09,222.503,222.503,222.494,222.503,50.0
2024-10-07 19:53:10,222.494,222.494,222.494,222.494,10.0
2024-10-07 19:53:11,222.484,222.484,222.463,222.463,30.000000000000004
2024-10-07 19:53:12,222.473,222.473,222.463,222.463,20.0
2024-10-07 19:53:13,222.474,222.474,222.443,222.443,80.0
2024-10-07 19:53:14,222.454,222.454,222.454,222.454,10.0
2024-10-07 19:53:15,222.463,222.463,222.434,222.454,60.0
2024-10-07 19:53:16,222.444,222.444,222.444,222.444,10.0
2024-10-07 19:53:17,222.454,222.454,222.433,222.453,60.0
2024-10-07 19:53:18,222.454,222.454,222.444,222.444,20.0
2024-10-07 19:53:20,222.433,222.434,222.423,222.434,30.000000000000004
2024-10-07 19:53:21,222.413,222.434,222.413,222.433,30.000000000000004
2024-10-07 19:53:22,222.424,222.434,222.413,222.434,30.000000000000004
2024-10-07 19:53:23,222.433,222.434,222.433,222.434,20.0
2024-10-07 19:53:25,222.414,222.434,222.403,222.434,50.0
2024-10-07 19:53:26,222.424,222.433,222.424,222.424,30.000000000000004
2024-10-07 19:53:27,222.414,222.414,222.414,222.414,10.0
2024-10-07 19:53:28,222.404,222.414,222.404,222.414,20.0
2024-10-07 19:53:29,222.403,222.403,222.403,222.403,10.0
2024-10-07 19:53:30,222.394,222.403,222.384,222.394,50.0
2024-10-07 19:53:31,222.393,222.393,222.393,222.393,20.0
2024-10-07 19:53:33,222.414,222.414,222.414,222.414,10.0
2024-10-07 19:53:34,222.413,222.424,222.413,222.423,30.000000000000004
2024-10-07 19:53:35,222.434,222.453,222.434,222.453,20.0
2024-10-07 19:53:37,222.444,222.454,222.433,222.433,50.0
2024-10-07 19:53:38,222.424,222.434,222.424,222.433,30.000000000000004
2024-10-07 19:53:39,222.453,222.453,222.453,222.453,10.0
2024-10-07 19:53:40,222.483,222.493,222.483,222.493,20.0
2024-10-07 19:53:41,222.483,222.483,222.483,222.483,10.0
2024-10-07 19:53:42,222.493,222.493,222.483,222.483,20.0
2024-10-07 19:53:43,222.473,222.473,222.453,222.464,50.0
2024-10-07 19:53:44,222.463,222.463,222.463,222.463,10.0
2024-10-07 19:53:45,222.493,222.493,222.493,222.493,10.0
2024-10-07 19:53:46,222.483,222.493,222.483,222.493,30.000000000000004
2024-10-07 19:53:47,222.494,222.494,222.493,222.493,20.0
2024-10-07 19:53:48,222.473,222.494,222.473,222.494,20.0
2024-10-07 19:53:49,222.484,222.494,222.463,222.463,30.000000000000004
2024-10-07 19:53:50,222.463,222.463,222.453,222.453,30.000000000000004
2024-10-07 19:53:53,222.453,222.453,222.444,222.444,20.0
2024-10-07 19:53:54,222.444,222.444,222.444,222.444,10.0
2024-10-07 19:53:55,222.434,222.434,222.434,222.434,10.0
2024-10-07 19:53:56,222.414,222.424,222.413,222.423,40.0
2024-10-07 19:53:57,222.414,222.414,222.413,222.413,20.0
2024-10-07 19:53:58,222.413,222.414,222.403,222.414,30.000000000000004
2024-10-07 19:53:59,222.414,222.414,222.414,222.414,20.0
2024-10-07 19:54:00,222.373,222.433,222.373,222.433,70.00000000000001
2024-10-07 19:54:01,222.414,222.484,222.414,222.484,80.0
2024-10-07 19:54:02,222.463,222.464,222.443,222.464,50.0
2024-10-07 19:54:03,222.444,222.464,222.444,222.464,30.000000000000004
2024-10-07 19:54:05,222.473,222.483,222.473,222.473,40.0
2024-10-07 19:54:06,222.473,222.473,222.473,222.473,10.0
2024-10-07 19:54:07,222.454,222.454,222.454,222.454,10.0
2024-10-07 19:54:08,222.474,222.474,222.464,222.464,20.0
2024-10-07 19:54:09,222.503,222.503,222.484,222.484,20.0
2024-10-07 19:54:10,222.564,222.564,222.553,222.553,20.0
2024-10-07 19:54:11,222.543,222.554,222.543,222.554,20.0
2024-10-07 19:54:12,222.533,222.554,222.513,222.543,60.0
2024-10-07 19:54:13,222.514,222.534,222.514,222.523,30.000000000000004
2024-10-07 19:54:14,222.513,222.523,222.513,222.513,30.000000000000004
2024-10-07 19:54:15,222.514,222.514,222.514,222.514,10.0
2024-10-07 19:54:16,222.504,222.514,222.504,222.514,20.0
2024-10-07 19:54:18,222.504,222.514,222.503,222.503,30.000000000000004
2024-10-07 19:54:19,222.494,222.494,222.494,222.494,10.0
2024-10-07 19:54:20,222.504,222.514,222.504,222.514,20.0
2024-10-07 19:54:22,222.514,222.514,222.504,222.504,30.000000000000004
2024-10-07 19:54:23,222.514,222.514,222.514,222.514,10.0
2024-10-07 19:54:26,222.513,222.513,222.513,222.513,10.0
2024-10-07 19:54:28,222.503,222.503,222.494,222.494,30.000000000000004
2024-10-07 19:54:29,222.494,222.494,222.483,222.484,30.000000000000004
2024-10-07 19:54:30,222.483,222.483,222.483,222.483,10.0
2024-10-07 19:54:31,222.484,222.484,222.483,222.483,20.0
2024-10-07 19:54:32,222.473,222.473,222.453,222.453,30.000000000000004
2024-10-07 19:54:33,222.444,222.474,222.444,222.474,20.0
2024-10-07 19:54:34,222.483,222.483,222.463,222.463,20.0
2024-10-07 19:54:35,222.484,222.484,222.453,222.483,40.0
2024-10-07 19:54:36,222.453,222.463,222.453,222.463,30.000000000000004
2024-10-07 19:54:37,222.444,222.464,222.444,222.464,20.0
2024-10-07 19:54:38,222.444,222.444,222.444,222.444,10.0
2024-10-07 19:54:39,222.454,222.464,222.454,222.464,30.000000000000004
2024-10-07 19:54:40,222.423,222.444,222.214,222.223,110.0
2024-10-07 19:54:41,222.223,222.223,222.184,222.194,80.0
2024-10-07 19:54:42,222.194,222.194,222.163,222.174,80.0
2024-10-07 19:54:43,222.164,222.203,222.164,222.203,30.000000000000004
2024-10-07 19:54:45,222.183,222.214,222.183,222.214,50.0
2024-10-07 19:54:46,222.213,222.214,222.213,222.214,20.0
2024-10-07 19:54:47,222.214,222.214,222.214,222.214,10.0
2024-10-07 19:54:48,222.203,222.214,222.163,222.174,70.00000000000001
2024-10-07 19:54:49,222.163,222.174,222.163,222.173,70.00000000000001
2024-10-07 19:54:50,222.154,222.154,222.103,222.153,90.0
2024-10-07 19:54:51,222.144,222.144,222.113,222.113,70.00000000000001
2024-10-07 19:54:52,222.104,222.104,222.104,222.104,10.0
2024-10-07 19:54:53,222.103,222.103,222.084,222.084,30.000000000000004
2024-10-07 19:54:54,222.074,222.084,222.073,222.074,60.0
2024-10-07 19:54:55,222.034,222.083,222.033,222.073,100.0
2024-10-07 19:54:56,222.063,222.124,222.063,222.083,60.0
2024-10-07 19:54:57,222.103,222.104,222.093,222.104,40.0
2024-10-07 19:54:58,222.114,222.114,222.114,222.114,10.0
2024-10-07 19:54:59,222.114,222.114,222.114,222.114,10.0
2024-10-07 19:55:00,222.094,222.094,221.954,222.073,100.0
2024-10-07 19:55:01,222.064,222.103,222.063,222.064,100.0
2024-10-07 19:55:02,222.054,222.094,222.054,222.094,60.0
2024-10-07 19:55:03,222.124,222.124,222.093,222.104,60.0
2024-10-07 19:55:04,222.113,222.113,222.064,222.073,70.00000000000001
2024-10-07 19:55:05,222.064,222.084,222.064,222.074,60.0
2024-10-07 19:55:06,222.093,222.104,222.093,222.094,40.0
2024-10-07 19:55:07,222.083,222.094,222.063,222.063,60.0
2024-10-07 19:55:08,222.043,222.043,222.004,222.043,90.0
2024-10-07 19:55:09,222.053,222.073,222.053,222.064,70.00000000000001
2024-10-07 19:55:10,222.073,222.084,222.073,222.084,20.0
2024-10-07 19:55:11,222.083,222.093,222.083,222.093,20.0
2024-10-07 19:55:12,222.103,222.103,222.094,222.103,30.000000000000004
2024-10-07 19:55:13,222.084,222.084,222.053,222.053,40.0
2024-10-07 19:55:14,222.044,222.044,222.033,222.043,40.0
2024-10-07 19:55:15,222.023,222.034,222.023,222.023,60.0
2024-10-07 19:55:16,222.024,222.024,221.993,222.004,80.0
2024-10-07 19:55:17,221.974,221.974,221.954,221.954,40.0
2024-10-07 19:55:18,221.974,221.974,221.953,221.953,40.0
2024-10-07 19:55:19,221.943,221.943,221.933,221.934,40.0
2024-10-07 19:55:20,221.924,221.933,221.904,221.914,60.0
2024-10-07 19:55:21,221.913,221.953,221.913,221.953,40.0
2024-10-07 19:55:22,221.933,221.953,221.933,221.953,20.0
2024-10-07 19:55:23,221.934,221.934,221.934,221.934,10.0
2024-10-07 19:55:24,221.944,221.944,221.933,221.944,40.0
2024-10-07 19:55:25,221.933,221.933,221.933,221.933,10.0
2024-10-07 19:55:26,221.923,221.934,221.923,221.933,30.000000000000004
2024-10-07 19:55:27,221.914,221.914,221.894,221.903,40.0
2024-10-07 19:55:28,221.913,221.913,221.874,221.874,30.000000000000004
2024-10-07 19:55:29,221.874,221.874,221.874,221.874,10.0
2024-10-07 19:55:30,221.864,221.864,221.864,221.864,10.0
2024-10-07 19:55:31,221.854,221.854,221.854,221.854,20.0
2024-10-07 19:55:32,221.833,221.844,221.814,221.833,80.0
2024-10-07 19:55:33,221.844,221.844,221.833,221.833,20.0
2024-10-07 19:55:34,221.844,221.844,221.844,221.844,10.0
2024-10-07 19:55:35,221.824,221.824,221.783,221.783,40.0
2024-10-07 19:55:36,221.763,221.784,221.763,221.764,60.0
2024-10-07 19:55:37,221.784,221.803,221.783,221.803,50.0
2024-10-07 19:55:38,221.794,221.794,221.774,221.774,20.0
2024-10-07 19:55:39,221.794,221.823,221.794,221.823,30.000000000000004
2024-10-07 19:55:40,221.803,221.804,221.793,221.793,40.0
2024-10-07 19:55:41,221.783,221.793,221.783,221.783,100.0
2024-10-07 19:55:42,221.774,221.774,221.764,221.764,20.0
2024-10-07 19:55:43,221.763,221.764,221.763,221.764,40.0
2024-10-07 19:55:44,221.764,221.764,221.753,221.753,20.0
2024-10-07 19:55:45,221.773,221.774,221.753,221.753,60.0
2024-10-07 19:55:49,221.743,221.743,221.714,221.714,30.000000000000004
2024-10-07 19:55:50,221.704,221.714,221.693,221.714,40.0
2024-10-07 19:55:51,221.714,221.714,221.694,221.704,50.0
2024-10-07 19:55:52,221.674,221.683,221.673,221.674,90.0
2024-10-07 19:55:53,221.673,221.673,221.633,221.633,80.0
2024-10-07 19:55:54,221.613,221.613,221.594,221.603,70.00000000000001
2024-10-07 19:55:55,221.613,221.624,221.613,221.624,20.0
2024-10-07 19:55:56,221.614,221.623,221.603,221.603,30.000000000000004
2024-10-07 19:55:57,221.623,221.623,221.623,221.623,10.0
2024-10-07 19:55:58,221.623,221.624,221.594,221.594,100.0
2024-10-07 19:55:59,221.593,221.614,221.593,221.613,50.0
2024-10-07 19:56:00,221.613,221.613,221.583,221.583,30.000000000000004
2024-10-07 19:56:01,221.574,221.594,221.564,221.594,50.0
2024-10-07 19:56:02,221.594,221.594,221.583,221.583,30.000000000000004
2024-10-07 19:56:03,221.594,221.594,221.593,221.594,40.0
2024-10-07 19:56:04,221.584,221.594,221.573,221.573,40.0
2024-10-07 19:56:06,221.583,221.583,221.573,221.573,20.0
2024-10-07 19:56:07,221.583,221.603,221.583,221.593,40.0
2024-10-07 19:56:08,221.634,221.653,221.634,221.653,30.000000000000004
2024-10-07 19:56:09,221.653,221.663,221.653,221.663,30.000000000000004
2024-10-07 19:56:10,221.684,221.704,221.684,221.704,40.0
2024-10-07 19:56:11,221.694,221.694,221.663,221.663,30.000000000000004
2024-10-07 19:56:12,221.674,221.674,221.654,221.674,40.0
2024-10-07 19:56:13,221.664,221.674,221.653,221.653,30.000000000000004
2024-10-07 19:56:14,221.674,221.674,221.644,221.644,40.0
2024-10-07 19:56:15,221.664,221.664,221.664,221.664,10.0
2024-10-07 19:56:16,221.644,221.644,221.593,221.594,60.0
2024-10-07 19:56:17,221.583,221.593,221.583,221.593,20.0
2024-10-07 19:56:18,221.593,221.593,221.593,221.593,10.0
2024-10-07 19:56:19,221.604,221.604,221.604,221.604,20.0
2024-10-07 19:56:20,221.584,221.584,221.584,221.584,10.0
2024-10-07 19:56:21,221.594,221.594,221.574,221.583,30.000000000000004
2024-10-07 19:56:22,221.584,221.594,221.583,221.583,30.000000000000004
2024-10-07 19:56:25,221.584,221.584,221.583,221.584,60.0
2024-10-07 19:56:28,221.583,221.583,221.583,221.583,10.0
2024-10-07 19:56:29,221.584,221.584,221.584,221.584,10.0
2024-10-07 19:56:33,221.594,221.613,221.584,221.613,30.000000000000004
2024-10-07 19:56:34,221.603,221.604,221.543,221.543,30.000000000000004
2024-10-07 19:56:36,221.544,221.544,221.514,221.514,40.0
2024-10-07 19:56:37,221.503,221.503,221.433,221.434,60.0
2024-10-07 19:56:38,221.443,221.444,221.443,221.444,20.0
2024-10-07 19:56:39,221.474,221.483,221.474,221.474,40.0
2024-10-07 19:56:40,221.464,221.464,221.464,221.464,10.0
2024-10-07 19:56:42,221.444,221.454,221.444,221.453,50.0
2024-10-07 19:56:43,221.464,221.464,221.463,221.463,20.0
2024-10-07 19:56:44,221.444,221.444,221.434,221.434,20.0
2024-10-07 19:56:45,221.424,221.434,221.423,221.433,40.0
2024-10-07 19:56:46,221.443,221.444,221.413,221.423,50.0
2024-10-07 19:56:47,221.414,221.434,221.414,221.434,20.0
2024-10-07 19:56:48,221.424,221.424,221.403,221.403,20.0
2024-10-07 19:56:49,221.404,221.404,221.404,221.404,30.000000000000004
2024-10-07 19:56:50,221.393,221.393,221.383,221.383,20.0
2024-10-07 19:56:51,221.403,221.404,221.393,221.403,40.0
2024-10-07 19:56:52,221.403,221.404,221.403,221.404,20.0
2024-10-07 19:56:53,221.393,221.443,221.393,221.443,50.0
2024-10-07 19:56:54,221.453,221.473,221.453,221.473,30.000000000000004
2024-10-07 19:56:55,221.464,221.484,221.464,221.483,50.0
2024-10-07 19:56:56,221.473,221.473,221.473,221.473,20.0
2024-10-07 19:56:57,221.483,221.483,221.483,221.483,10.0
2024-10-07 19:56:58,221.483,221.494,221.483,221.494,20.0
2024-10-07 19:56:59,221.484,221.494,221.483,221.483,40.0
2024-10-07 19:57:00,221.493,221.493,221.483,221.483,20.0
2024-10-07 19:57:01,221.494,221.494,221.483,221.483,20.0
2024-10-07 19:57:02,221.494,221.494,221.494,221.494,20.0
2024-10-07 19:57:03,221.513,221.524,221.504,221.504,30.000000000000004
2024-10-07 19:57:04,221.523,221.534,221.523,221.534,20.0
2024-10-07 19:57:05,221.544,221.544,221.544,221.544,10.0
2024-10-07 19:57:06,221.544,221.544,221.544,221.544,10.0
2024-10-07 19:57:07,221.524,221.524,221.464,221.464,50.0
2024-10-07 19:57:08,221.494,221.504,221.493,221.494,40.0
2024-10-07 19:57:09,221.493,221.504,221.493,221.494,40.0
2024-10-07 19:57:10,221.484,221.484,221.483,221.484,30.000000000000004
2024-10-07 19:57:12,221.483,221.483,221.483,221.483,20.0
2024-10-07 19:57:13,221.494,221.504,221.494,221.504,30.000000000000004
2024-10-07 19:57:14,221.494,221.503,221.493,221.493,30.000000000000004
2024-10-07 19:57:15,221.503,221.503,221.484,221.484,20.0
2024-10-07 19:57:16,221.483,221.483,221.453,221.453,40.0
2024-10-07 19:57:17,221.453,221.453,221.433,221.443,30.000000000000004
2024-10-07 19:57:18,221.434,221.434,221.433,221.433,20.0
2024-10-07 19:57:20,221.413,221.424,221.413,221.424,20.0
2024-10-07 19:57:22,221.404,221.424,221.404,221.413,40.0
2024-10-07 19:57:23,221.384,221.393,221.384,221.393,40.0
2024-10-07 19:57:24,221.394,221.394,221.364,221.364,30.000000000000004
2024-10-07 19:57:25,221.363,221.364,221.363,221.364,20.0
2024-10-07 19:57:28,221.364,221.394,221.363,221.394,50.0
2024-10-07 19:57:29,221.384,221.394,221.384,221.394,20.0
2024-10-07 19:57:30,221.394,221.394,221.393,221.394,30.000000000000004
2024-10-07 19:57:31,221.383,221.383,221.383,221.383,10.0
2024-10-07 19:57:32,221.393,221.393,221.393,221.393,10.0
2024-10-07 19:57:33,221.423,221.454,221.423,221.454,30.000000000000004
2024-10-07 19:57:34,221.424,221.424,221.424,221.424,10.0
2024-10-07 19:57:36,221.454,221.454,221.433,221.433,20.0
2024-10-07 19:57:37,221.433,221.433,221.433,221.433,10.0
2024-10-07 19:57:38,221.433,221.434,221.403,221.434,40.0
2024-10-07 19:57:39,221.403,221.433,221.403,221.433,20.0
2024-10-07 19:57:40,221.403,221.403,221.403,221.403,10.0
2024-10-07 19:57:41,221.423,221.423,221.404,221.414,30.000000000000004
2024-10-07 19:57:42,221.404,221.414,221.393,221.393,50.0
2024-10-07 19:57:43,221.404,221.413,221.393,221.413,40.0
2024-10-07 19:57:44,221.423,221.423,221.404,221.404,30.000000000000004
2024-10-07 19:57:45,221.414,221.414,221.413,221.413,20.0
2024-10-07 19:57:46,221.424,221.424,221.414,221.414,20.0
2024-10-07 19:57:47,221.403,221.413,221.403,221.413,30.000000000000004
2024-10-07 19:57:48,221.404,221.404,221.404,221.404,10.0
2024-10-07 19:57:51,221.394,221.394,221.394,221.394,10.0
2024-10-07 19:57:52,221.414,221.473,221.414,221.473,80.0
2024-10-07 19:57:53,221.463,221.474,221.463,221.474,30.000000000000004
2024-10-07 19:57:54,221.454,221.454,221.454,221.454,10.0
2024-10-07 19:57:55,221.453,221.453,221.453,221.453,10.0
2024-10-07 19:57:56,221.453,221.454,221.453,221.453,50.0
2024-10-07 19:57:58,221.474,221.534,221.474,221.533,60.0
2024-10-07 19:57:59,221.523,221.534,221.513,221.533,50.0
2024-10-07 19:58:00,221.544,221.544,221.524,221.524,40.0
2024-10-07 19:58:01,221.533,221.534,221.533,221.534,20.0
2024-10-07 19:58:02,221.534,221.534,221.524,221.524,50.0
2024-10-07 19:58:03,221.523,221.534,221.523,221.534,40.0
2024-10-07 19:58:04,221.534,221.534,221.533,221.533,80.0
2024-10-07 19:58:05,221.524,221.533,221.524,221.533,20.0
2024-10-07 19:58:07,221.534,221.574,221.533,221.573,80.0
2024-10-07 19:58:08,221.574,221.574,221.574,221.574,20.0
2024-10-07 19:58:09,221.563,221.564,221.553,221.563,80.0
2024-10-07 19:58:10,221.563,221.574,221.563,221.574,70.00000000000001
2024-10-07 19:58:11,221.573,221.574,221.573,221.574,20.0
2024-10-07 19:58:12,221.564,221.564,221.553,221.554,40.0
2024-10-07 19:58:13,221.573,221.573,221.573,221.573,10.0
2024-10-07 19:58:14,221.563,221.563,221.563,221.563,10.0
2024-10-07 19:58:15,221.563,221.563,221.563,221.563,10.0
2024-10-07 19:58:16,221.553,221.553,221.543,221.543,20.0
2024-10-07 19:58:17,221.553,221.563,221.553,221.563,30.000000000000004
2024-10-07 19:58:18,221.563,221.563,221.553,221.563,40.0
2024-10-07 19:58:19,221.554,221.564,221.544,221.553,50.0
2024-10-07 19:58:20,221.553,221.553,221.553,221.553,10.0
2024-10-07 19:58:21,221.543,221.543,221.543,221.543,10.0
2024-10-07 19:58:22,221.564,221.564,221.534,221.534,60.0
2024-10-07 19:58:24,221.523,221.524,221.503,221.524,40.0
2024-10-07 19:58:25,221.513,221.544,221.513,221.533,70.00000000000001
2024-10-07 19:58:26,221.533,221.533,221.533,221.533,20.0
2024-10-07 19:58:27,221.534,221.534,221.534,221.534,10.0
2024-10-07 19:58:28,221.534,221.544,221.533,221.544,50.0
2024-10-07 19:58:29,221.543,221.573,221.543,221.573,60.0
2024-10-07 19:58:30,221.573,221.574,221.563,221.563,30.000000000000004
2024-10-07 19:58:31,221.564,221.564,221.564,221.564,10.0
2024-10-07 19:58:32,221.563,221.563,221.563,221.563,30.000000000000004
2024-10-07 19:58:33,221.563,221.563,221.563,221.563,10.0
2024-10-07 19:58:34,221.564,221.564,221.564,221.564,10.0
2024-10-07 19:58:35,221.554,221.564,221.554,221.564,20.0
2024-10-07 19:58:36,221.563,221.563,221.553,221.553,30.000000000000004
2024-10-07 19:58:37,221.544,221.544,221.544,221.544,20.0
2024-10-07 19:58:38,221.544,221.544,221.513,221.544,30.000000000000004
2024-10-07 19:58:39,221.544,221.544,221.533,221.533,20.0
2024-10-07 19:58:40,221.503,221.534,221.503,221.524,40.0
2024-10-07 19:58:41,221.523,221.534,221.523,221.534,30.000000000000004
2024-10-07 19:58:42,221.543,221.543,221.534,221.534,20.0
2024-10-07 19:58:43,221.534,221.534,221.523,221.533,40.0
2024-10-07 19:58:44,221.524,221.524,221.524,221.524,10.0
2024-10-07 19:58:46,221.544,221.544,221.533,221.533,40.0
2024-10-07 19:58:47,221.553,221.553,221.553,221.553,10.0
2024-10-07 19:58:48,221.543,221.603,221.543,221.603,30.000000000000004
2024-10-07 19:58:49,221.603,221.603,221.563,221.593,70.00000000000001
2024-10-07 19:58:50,221.563,221.594,221.563,221.594,30.000000000000004
2024-10-07 19:58:51,221.584,221.584,221.584,221.584,10.0
2024-10-07 19:58:52,221.563,221.563,221.563,221.563,10.0
2024-10-07 19:58:53,221.593,221.593,221.564,221.564,20.0
2024-10-07 19:58:54,221.554,221.604,221.543,221.604,50.0
2024-10-07 19:58:55,221.603,221.603,221.593,221.593,30.000000000000004
2024-10-07 19:58:56,221.593,221.593,221.593,221.593,10.0
2024-10-07 19:58:57,221.614,221.614,221.613,221.614,60.0
2024-10-07 19:58:58,221.633,221.654,221.633,221.654,30.000000000000004
2024-10-07 19:58:59,221.653,221.653,221.644,221.653,50.0
2024-10-07 19:59:00,221.654,221.654,221.603,221.604,90.0
2024-10-07 19:59:01,221.593,221.593,221.573,221.574,70.00000000000001
2024-10-07 19:59:02,221.574,221.603,221.574,221.603,50.0
2024-10-07 19:59:03,221.604,221.634,221.594,221.594,60.0
2024-10-07 19:59:04,221.584,221.584,221.543,221.584,60.0
2024-10-07 19:59:05,221.564,221.564,221.544,221.544,40.0
2024-10-07 19:59:06,221.534,221.564,221.534,221.564,60.0
2024-10-07 19:59:07,221.564,221.574,221.563,221.563,30.000000000000004
2024-10-07 19:59:08,221.574,221.574,221.534,221.534,90.0
2024-10-07 19:59:09,221.533,221.544,221.533,221.544,50.0
2024-10-07 19:59:10,221.543,221.554,221.513,221.554,50.0
2024-10-07 19:59:11,221.574,221.623,221.553,221.623,40.0
2024-10-07 19:59:12,221.604,221.614,221.573,221.614,90.0
2024-10-07 19:59:13,221.593,221.624,221.593,221.613,40.0
2024-10-07 19:59:14,221.593,221.664,221.593,221.633,60.0
2024-10-07 19:59:15,221.623,221.633,221.593,221.593,60.0
2024-10-07 19:59:16,221.593,221.604,221.564,221.604,80.0
2024-10-07 19:59:17,221.604,221.604,221.594,221.594,20.0
2024-10-07 19:59:18,221.604,221.623,221.604,221.623,40.0
2024-10-07 19:59:19,221.603,221.614,221.593,221.613,50.0
2024-10-07 19:59:20,221.574,221.574,221.513,221.523,60.0
2024-10-07 19:59:21,221.513,221.534,221.493,221.493,50.0
2024-10-07 19:59:22,221.524,221.524,221.513,221.524,70.00000000000001
2024-10-07 19:59:23,221.543,221.543,221.524,221.524,40.0
2024-10-07 19:59:24,221.514,221.524,221.503,221.503,40.0
2024-10-07 19:59:25,221.503,221.524,221.503,221.514,80.0
2024-10-07 19:59:26,221.493,221.504,221.493,221.494,30.000000000000004
2024-10-07 19:59:28,221.504,221.504,221.494,221.503,30.000000000000004
2024-10-07 19:59:29,221.514,221.514,221.504,221.513,30.000000000000004
2024-10-07 19:59:30,221.493,221.544,221.493,221.544,80.0
2024-10-07 19:59:31,221.574,221.604,221.573,221.573,60.0
2024-10-07 19:59:32,221.554,221.554,221.544,221.544,30.000000000000004
2024-10-07 19:59:33,221.574,221.593,221.544,221.593,30.000000000000004
2024-10-07 19:59:34,221.574,221.574,221.543,221.553,40.0
2024-10-07 19:59:35,221.564,221.623,221.553,221.623,100.0
2024-10-07 19:59:36,221.634,221.643,221.604,221.613,60.0
2024-10-07 19:59:37,221.633,221.664,221.603,221.664,100.0
2024-10-07 19:59:38,221.663,221.704,221.663,221.674,70.00000000000001
2024-10-07 19:59:39,221.663,221.663,221.653,221.653,20.0
2024-10-07 19:59:40,221.663,221.693,221.654,221.673,60.0
2024-10-07 19:59:41,221.684,221.743,221.684,221.733,80.0
2024-10-07 19:59:42,221.753,221.753,221.713,221.713,60.0
2024-10-07 19:59:43,221.704,221.753,221.704,221.753,70.00000000000001
2024-10-07 19:59:44,221.754,221.754,221.683,221.683,110.0
2024-10-07 19:59:45,221.634,221.634,221.613,221.613,40.0
2024-10-07 19:59:46,221.633,221.644,221.624,221.644,40.0
2024-10-07 19:59:47,221.703,221.804,221.663,221.804,100.0
2024-10-07 19:59:48,221.793,221.793,221.744,221.784,70.00000000000001
2024-10-07 19:59:49,221.744,221.764,221.714,221.754,60.0
2024-10-07 19:59:50,221.754,221.754,221.723,221.723,50.0
2024-10-07 19:59:51,221.713,221.783,221.713,221.774,70.00000000000001
2024-10-07 19:59:52,221.784,221.804,221.754,221.774,80.0
2024-10-07 19:59:53,221.734,221.744,221.693,221.733,80.0
2024-10-07 19:59:54,221.743,221.743,221.654,221.664,80.0
2024-10-07 19:59:55,221.654,221.714,221.654,221.714,20.0
2024-10-07 19:59:56,221.713,221.733,221.673,221.733,60.0
2024-10-07 19:59:57,221.754,221.794,221.733,221.794,110.0
2024-10-07 19:59:58,221.794,221.794,221.704,221.743,140.00000000000003
2024-10-07 19:59:59,221.784,221.824,221.753,221.784,110.0
