Datetime,Open,High,Low,Close,Adj Close,Volume,Higher
2024-09-05 09:30:00-04:00,222.5,223.5200042724609,222.3600006103516,223.3800048828125,223.3800048828125,3127006,True
2024-09-05 09:35:00-04:00,223.3800048828125,224.3300018310547,223.22999572753903,223.88999938964844,223.88999938964844,1374424,False
2024-09-05 09:40:00-04:00,223.88999938964844,224.0498962402344,222.82699584960935,223.13499450683597,223.13499450683597,692372,False
2024-09-05 09:45:00-04:00,223.1499938964844,223.5800018310547,222.8800048828125,223.3000030517578,223.3000030517578,542085,False
2024-09-05 09:50:00-04:00,223.30999755859372,224.27999877929688,223.3000030517578,224.22830200195312,224.22830200195312,596585,False
2024-09-05 09:55:00-04:00,224.2100067138672,224.8500061035156,224.19500732421875,224.7100067138672,224.7100067138672,823251,False
2024-09-05 10:00:00-04:00,224.7100067138672,225.22999572753903,224.7100067138672,224.7700042724609,224.7700042724609,1015771,False
2024-09-05 10:05:00-04:00,224.97000122070312,225.07000732421875,224.32009887695312,224.32009887695312,224.32009887695312,506972,False
2024-09-05 10:10:00-04:00,224.32000732421875,224.4394073486328,223.8800048828125,224.22000122070312,224.22000122070312,467491,False
2024-09-05 10:15:00-04:00,224.2350006103516,224.5800018310547,224.01010131835935,224.30999755859372,224.30999755859372,373866,False
2024-09-05 10:20:00-04:00,224.30499267578125,225.2749938964844,224.30499267578125,225.2749938964844,225.2749938964844,557694,False
2024-09-05 10:25:00-04:00,225.2899932861328,225.47999572753903,224.97000122070312,225.05999755859372,225.05999755859372,626791,False
2024-09-05 10:30:00-04:00,225.0800018310547,225.38999938964844,224.69000244140625,225.0299072265625,225.0299072265625,384986,False
2024-09-05 10:35:00-04:00,225.0200042724609,225.3000030517578,224.94000244140625,225.25999450683597,225.25999450683597,355052,False
2024-09-05 10:40:00-04:00,225.25,225.25,224.6100006103516,224.66000366210935,224.66000366210935,362254,False
2024-09-05 10:45:00-04:00,224.6300048828125,224.71240234375,223.94000244140625,224.08999633789065,224.08999633789065,375073,False
2024-09-05 10:50:00-04:00,224.0800018310547,224.14739990234372,223.8300018310547,224.05999755859372,224.05999755859372,342001,False
2024-09-05 10:55:00-04:00,224.0399932861328,224.1199951171875,223.6300048828125,223.6999969482422,223.6999969482422,365314,False
2024-09-05 11:00:00-04:00,223.6999969482422,223.82000732421875,222.9850006103516,223.5814971923828,223.5814971923828,556148,False
2024-09-05 11:05:00-04:00,223.58999633789065,223.8000030517578,223.4199981689453,223.6499938964844,223.6499938964844,376647,False
2024-09-05 11:10:00-04:00,223.6450042724609,223.8000030517578,223.47000122070312,223.6199951171875,223.6199951171875,325665,False
2024-09-05 11:15:00-04:00,223.6300048828125,223.8699951171875,223.25,223.3000030517578,223.3000030517578,292333,False
2024-09-05 11:20:00-04:00,223.30499267578125,223.44000244140625,222.7801055908203,223.05999755859372,223.05999755859372,416754,False
2024-09-05 11:25:00-04:00,223.05499267578125,223.08999633789065,222.3800048828125,222.47999572753903,222.47999572753903,458502,False
2024-09-05 11:30:00-04:00,222.4600067138672,222.6499938964844,222.0,222.33999633789065,222.33999633789065,495327,True
2024-09-05 11:35:00-04:00,222.3314971923828,222.5500030517578,222.30999755859372,222.47999572753903,222.47999572753903,215004,False
2024-09-05 11:40:00-04:00,222.3000030517578,222.5030059814453,222.25,222.30999755859372,222.30999755859372,299858,False
2024-09-05 11:45:00-04:00,222.33999633789065,222.4199981689453,221.99009704589844,222.1699981689453,222.1699981689453,289005,False
2024-09-05 11:50:00-04:00,222.19000244140625,222.6300048828125,221.97999572753903,222.22000122070312,222.22000122070312,295729,False
2024-09-05 11:55:00-04:00,222.22999572753903,222.31500244140625,221.88999938964844,221.97000122070312,221.97000122070312,260820,False
2024-09-05 12:00:00-04:00,221.97999572753903,222.5200042724609,221.95620727539065,222.3950042724609,222.3950042724609,247802,False
2024-09-05 12:05:00-04:00,222.38999938964844,222.7400054931641,222.32000732421875,222.6699981689453,222.6699981689453,194839,False
2024-09-05 12:10:00-04:00,222.6699981689453,222.67999267578125,222.1000061035156,222.2100067138672,222.2100067138672,203186,False
2024-09-05 12:15:00-04:00,222.21499633789065,222.3300018310547,221.97999572753903,222.28500366210935,222.28500366210935,251755,False
2024-09-05 12:20:00-04:00,222.2700042724609,222.58999633789065,222.22000122070312,222.5249938964844,222.5249938964844,224573,False
2024-09-05 12:25:00-04:00,222.5200042724609,222.8195953369141,222.5,222.79519653320312,222.79519653320312,194010,False
2024-09-05 12:30:00-04:00,222.7899932861328,222.9499969482422,222.66000366210935,222.6842041015625,222.6842041015625,213997,False
2024-09-05 12:35:00-04:00,222.6699981689453,222.7550048828125,222.625,222.6999969482422,222.6999969482422,122398,False
2024-09-05 12:40:00-04:00,222.7250061035156,223.1499938964844,222.69000244140625,223.0500030517578,223.0500030517578,250498,False
2024-09-05 12:45:00-04:00,223.08999633789065,223.1000061035156,222.75,222.75999450683597,222.75999450683597,303158,False
2024-09-05 12:50:00-04:00,222.75,222.97000122070312,222.6999969482422,222.8000030517578,222.8000030517578,232241,False
2024-09-05 12:55:00-04:00,222.8249969482422,223.13499450683597,222.79660034179688,222.8249969482422,222.8249969482422,192387,False
2024-09-05 13:00:00-04:00,222.8350067138672,222.9850006103516,222.7100982666016,222.7949981689453,222.7949981689453,174746,False
2024-09-05 13:05:00-04:00,222.7899932861328,222.7899932861328,222.5,222.6100006103516,222.6100006103516,215146,False
2024-09-05 13:10:00-04:00,222.60989379882807,222.9095001220703,222.6009979248047,222.85499572753903,222.85499572753903,203443,False
2024-09-05 13:15:00-04:00,222.85499572753903,222.8999938964844,222.58999633789065,222.88999938964844,222.88999938964844,196368,False
2024-09-05 13:20:00-04:00,222.88999938964844,222.94000244140625,222.77999877929688,222.91000366210935,222.91000366210935,142157,False
2024-09-05 13:25:00-04:00,222.90499877929688,222.92999267578125,222.33999633789065,222.38999938964844,222.38999938964844,178774,False
2024-09-05 13:30:00-04:00,222.397705078125,222.64990234375,222.37420654296875,222.59500122070312,222.59500122070312,202283,True
2024-09-05 13:35:00-04:00,222.6000061035156,223.05499267578125,222.58009338378903,222.8300018310547,222.8300018310547,240823,False
2024-09-05 13:40:00-04:00,222.8300018310547,223.2700042724609,222.8300018310547,223.2400054931641,223.2400054931641,285284,False
2024-09-05 13:45:00-04:00,223.2400054931641,223.72999572753903,223.22999572753903,223.5970001220703,223.5970001220703,286924,False
2024-09-05 13:50:00-04:00,223.6100006103516,223.6499938964844,223.3800048828125,223.42999267578125,223.42999267578125,161512,False
2024-09-05 13:55:00-04:00,223.42999267578125,223.63999938964844,223.3500061035156,223.60009765625,223.60009765625,259251,False
2024-09-05 14:00:00-04:00,223.6300048828125,223.75,223.33999633789065,223.52999877929688,223.52999877929688,242843,False
2024-09-05 14:05:00-04:00,223.5,223.67999267578125,223.4499969482422,223.5500030517578,223.5500030517578,170878,False
2024-09-05 14:10:00-04:00,223.55999755859372,223.6999969482422,223.3000030517578,223.32000732421875,223.32000732421875,231424,False
2024-09-05 14:15:00-04:00,223.3000030517578,223.7100067138672,223.2700042724609,223.5800018310547,223.5800018310547,258926,False
2024-09-05 14:20:00-04:00,223.5800018310547,223.6499938964844,223.3000946044922,223.375,223.375,194256,False
2024-09-05 14:25:00-04:00,223.3699951171875,223.4149932861328,223.1699981689453,223.33059692382807,223.33059692382807,255608,False
2024-09-05 14:30:00-04:00,223.33999633789065,223.6199951171875,223.3300018310547,223.55999755859372,223.55999755859372,142157,False
2024-09-05 14:35:00-04:00,223.5500030517578,223.8000030517578,223.47999572753903,223.68020629882807,223.68020629882807,228225,False
2024-09-05 14:40:00-04:00,223.68499755859372,223.69500732421875,223.4600067138672,223.52999877929688,223.52999877929688,182747,False
2024-09-05 14:45:00-04:00,223.52999877929688,223.67999267578125,223.44000244140625,223.6499938964844,223.6499938964844,182053,False
2024-09-05 14:50:00-04:00,223.63999938964844,223.8999938964844,223.3509979248047,223.4951019287109,223.4951019287109,266268,False
2024-09-05 14:55:00-04:00,223.4900054931641,223.5500030517578,223.28050231933597,223.32000732421875,223.32000732421875,174683,False
2024-09-05 15:00:00-04:00,223.3300018310547,223.3932037353516,223.07000732421875,223.33999633789065,223.33999633789065,197360,False
2024-09-05 15:05:00-04:00,223.33099365234372,223.3800048828125,223.08999633789065,223.13999938964844,223.13999938964844,162881,False
2024-09-05 15:10:00-04:00,223.139892578125,223.2449951171875,223.0200042724609,223.0399932861328,223.0399932861328,146867,False
2024-09-05 15:15:00-04:00,223.0475006103516,223.06500244140625,222.1100006103516,222.6649932861328,222.6649932861328,407264,False
2024-09-05 15:20:00-04:00,222.66000366210935,222.7899932861328,222.47999572753903,222.74009704589844,222.74009704589844,219632,False
2024-09-05 15:25:00-04:00,222.7400054931641,222.8800048828125,222.6100006103516,222.8300018310547,222.8300018310547,234927,False
2024-09-05 15:30:00-04:00,222.82000732421875,223.3699951171875,222.80999755859372,223.19000244140625,223.19000244140625,324710,True
2024-09-05 15:35:00-04:00,223.19000244140625,223.22999572753903,222.6100006103516,222.65499877929688,222.65499877929688,241086,False
2024-09-05 15:40:00-04:00,222.6300048828125,222.63999938964844,222.02999877929688,222.20989990234372,222.20989990234372,381139,False
2024-09-05 15:45:00-04:00,222.18499755859372,222.3999938964844,221.8999938964844,222.25950622558597,222.25950622558597,400678,False
2024-09-05 15:50:00-04:00,222.2400054931641,222.42999267578125,221.8101043701172,222.0399932861328,222.0399932861328,622215,False
2024-09-05 15:55:00-04:00,222.0399932861328,222.42999267578125,221.91000366210935,222.3999938964844,222.3999938964844,1456785,False
2024-09-06 09:30:00-04:00,224.0,224.6000061035156,223.6300048828125,224.4750061035156,224.4750061035156,2054664,False
2024-09-06 09:35:00-04:00,224.50999450683597,224.69000244140625,223.08120727539065,223.50999450683597,223.50999450683597,852450,False
2024-09-06 09:40:00-04:00,223.4803009033203,225.0200042724609,222.80999755859372,224.93499755859372,224.93499755859372,1232285,False
2024-09-06 09:45:00-04:00,224.92999267578125,225.2400054931641,224.58999633789065,224.75,224.75,1129526,False
2024-09-06 09:50:00-04:00,224.77999877929688,224.9900054931641,224.19000244140625,224.6000061035156,224.6000061035156,757529,False
2024-09-06 09:55:00-04:00,224.6300048828125,225.08999633789065,223.94000244140625,224.07000732421875,224.07000732421875,843985,False
2024-09-06 10:00:00-04:00,224.0449981689453,224.7400054931641,223.66000366210935,224.3249969482422,224.3249969482422,765305,False
2024-09-06 10:05:00-04:00,224.3249969482422,224.69000244140625,224.02999877929688,224.17999267578125,224.17999267578125,521349,False
2024-09-06 10:10:00-04:00,224.13999938964844,224.22000122070312,223.08999633789065,223.22000122070312,223.22000122070312,781928,False
2024-09-06 10:15:00-04:00,223.25,223.63999938964844,223.0800018310547,223.6150054931641,223.6150054931641,630409,False
2024-09-06 10:20:00-04:00,223.6199951171875,223.7400054931641,222.83999633789065,222.83999633789065,222.83999633789065,549556,False
2024-09-06 10:25:00-04:00,222.8350067138672,223.00999450683597,222.3800048828125,222.69000244140625,222.69000244140625,718053,False
2024-09-06 10:30:00-04:00,222.6699981689453,223.0200042724609,222.07000732421875,222.1000061035156,222.1000061035156,543307,False
2024-09-06 10:35:00-04:00,222.1000061035156,222.7700042724609,221.9499969482422,222.1649932861328,222.1649932861328,709221,False
2024-09-06 10:40:00-04:00,222.13999938964844,222.1750030517578,221.1000061035156,221.1519927978516,221.1519927978516,694761,False
2024-09-06 10:45:00-04:00,221.17999267578125,221.6100006103516,221.08999633789065,221.13999938964844,221.13999938964844,384108,False
2024-09-06 10:50:00-04:00,221.1199951171875,221.33999633789065,220.92999267578125,221.1100006103516,221.1100006103516,340205,False
2024-09-06 10:55:00-04:00,221.1300048828125,221.50999450683597,221.1100006103516,221.3999938964844,221.3999938964844,547995,False
2024-09-06 11:00:00-04:00,221.41000366210935,222.55709838867188,221.3800048828125,221.6100006103516,221.6100006103516,1003403,False
2024-09-06 11:05:00-04:00,221.57000732421875,221.88999938964844,221.2700042724609,221.47000122070312,221.47000122070312,419882,False
2024-09-06 11:10:00-04:00,221.4900054931641,221.8699951171875,221.33999633789065,221.7700042724609,221.7700042724609,330126,False
2024-09-06 11:15:00-04:00,221.75999450683597,221.8600006103516,220.8300018310547,220.97000122070312,220.97000122070312,444995,False
2024-09-06 11:20:00-04:00,221.0,221.7449951171875,220.94000244140625,221.55999755859372,221.55999755859372,440262,False
2024-09-06 11:25:00-04:00,221.5399932861328,221.55999755859372,221.2100982666016,221.25,221.25,294528,False
2024-09-06 11:30:00-04:00,221.25,222.0677947998047,221.25,221.67999267578125,221.67999267578125,444124,False
2024-09-06 11:35:00-04:00,221.6699981689453,221.69000244140625,221.22999572753903,221.3300018310547,221.3300018310547,237031,False
2024-09-06 11:40:00-04:00,221.3000030517578,221.63999938964844,221.16000366210935,221.50999450683597,221.50999450683597,253483,False
2024-09-06 11:45:00-04:00,221.1999969482422,221.35499572753903,221.02999877929688,221.2698974609375,221.2698974609375,272539,False
2024-09-06 11:50:00-04:00,221.25999450683597,221.3800048828125,220.82000732421875,221.2749938964844,221.2749938964844,852808,False
2024-09-06 11:55:00-04:00,221.2899932861328,221.4499969482422,220.9199981689453,220.96499633789065,220.96499633789065,249351,False
2024-09-06 12:00:00-04:00,220.9550018310547,221.09500122070312,220.66200256347656,220.8699951171875,220.8699951171875,299635,False
2024-09-06 12:05:00-04:00,220.8800048828125,221.17999267578125,220.6699981689453,220.90089416503903,220.90089416503903,400363,False
2024-09-06 12:10:00-04:00,220.91000366210935,221.3500061035156,220.7100067138672,221.1100006103516,221.1100006103516,288786,False
2024-09-06 12:15:00-04:00,221.08200073242188,221.16929626464844,220.8699951171875,221.0308990478516,221.0308990478516,156948,False
2024-09-06 12:20:00-04:00,221.0500030517578,221.2200927734375,220.8300018310547,221.0825042724609,221.0825042724609,198216,False
2024-09-06 12:25:00-04:00,221.0800018310547,221.24740600585935,220.67999267578125,220.68569946289065,220.68569946289065,239310,False
2024-09-06 12:30:00-04:00,220.6999969482422,221.13999938964844,220.5800018310547,221.1000061035156,221.1000061035156,361088,False
2024-09-06 12:35:00-04:00,221.1000061035156,221.25,220.58009338378903,220.63999938964844,220.63999938964844,260027,False
2024-09-06 12:40:00-04:00,220.6499938964844,220.8999938964844,220.6100006103516,220.83999633789065,220.83999633789065,273688,False
2024-09-06 12:45:00-04:00,220.83999633789065,220.98480224609372,220.6699981689453,220.7400054931641,220.7400054931641,258135,False
2024-09-06 12:50:00-04:00,220.72999572753903,220.8300018310547,220.4600067138672,220.55999755859372,220.55999755859372,302471,False
2024-09-06 12:55:00-04:00,220.5399932861328,220.94000244140625,220.5200042724609,220.67999267578125,220.67999267578125,275291,False
2024-09-06 13:00:00-04:00,220.67999267578125,220.92999267578125,220.6100006103516,220.8699951171875,220.8699951171875,217916,False
2024-09-06 13:05:00-04:00,220.860107421875,221.3300018310547,220.7700042724609,221.25,221.25,334589,False
2024-09-06 13:10:00-04:00,221.25059509277344,221.4949951171875,221.22000122070312,221.3999938964844,221.3999938964844,289544,False
2024-09-06 13:15:00-04:00,221.41000366210935,221.47999572753903,221.30999755859372,221.34500122070312,221.34500122070312,291803,False
2024-09-06 13:20:00-04:00,221.33999633789065,221.63999938964844,221.3300018310547,221.50010681152344,221.50010681152344,292926,False
2024-09-06 13:25:00-04:00,221.5,221.58140563964844,220.91000366210935,220.97999572753903,220.97999572753903,261670,False
2024-09-06 13:30:00-04:00,220.9499969482422,221.08999633789065,220.8000030517578,220.8600006103516,220.8600006103516,198424,False
2024-09-06 13:35:00-04:00,220.8650054931641,220.8999938964844,220.52999877929688,220.52999877929688,220.52999877929688,250577,False
2024-09-06 13:40:00-04:00,220.52999877929688,220.6100006103516,220.22000122070312,220.38999938964844,220.38999938964844,251915,False
2024-09-06 13:45:00-04:00,220.3800048828125,220.47999572753903,220.1000061035156,220.2400054931641,220.2400054931641,245612,False
2024-09-06 13:50:00-04:00,220.2552032470703,220.4199981689453,220.0800018310547,220.3800048828125,220.3800048828125,198498,False
2024-09-06 13:55:00-04:00,220.39990234375,220.67999267578125,220.19000244140625,220.26499938964844,220.26499938964844,353670,False
2024-09-06 14:00:00-04:00,220.3079071044922,220.5200042724609,219.9199981689453,219.97390747070312,219.97390747070312,315725,True
2024-09-06 14:05:00-04:00,219.9900054931641,220.1499938964844,219.80999755859372,220.07000732421875,220.07000732421875,240084,False
2024-09-06 14:10:00-04:00,220.07000732421875,220.3800048828125,220.0500030517578,220.1820068359375,220.1820068359375,257380,False
2024-09-06 14:15:00-04:00,220.2100067138672,220.4499053955078,220.13999938964844,220.3600006103516,220.3600006103516,188870,False
2024-09-06 14:20:00-04:00,220.33999633789065,220.50999450683597,219.9001007080078,219.9199981689453,219.9199981689453,260165,False
2024-09-06 14:25:00-04:00,219.91000366210935,220.18780517578125,219.7700042724609,220.18780517578125,220.18780517578125,239463,False
2024-09-06 14:30:00-04:00,220.19000244140625,220.19000244140625,219.8600006103516,219.9900054931641,219.9900054931641,243616,False
2024-09-06 14:35:00-04:00,220.0200042724609,220.0399932861328,219.82000732421875,219.96499633789065,219.96499633789065,331950,False
2024-09-06 14:40:00-04:00,219.9698944091797,220.3300018310547,219.9600067138672,220.32009887695312,220.32009887695312,290227,False
2024-09-06 14:45:00-04:00,220.32000732421875,220.3350067138672,219.91000366210935,220.19400024414065,220.19400024414065,199691,False
2024-09-06 14:50:00-04:00,220.1699981689453,220.32009887695312,219.97999572753903,220.30999755859372,220.30999755859372,206086,False
2024-09-06 14:55:00-04:00,220.30999755859372,220.67909240722656,220.2400054931641,220.5399932861328,220.5399932861328,447125,False
2024-09-06 15:00:00-04:00,220.5449981689453,220.91000366210935,220.4499969482422,220.84500122070312,220.84500122070312,314328,False
2024-09-06 15:05:00-04:00,220.8300018310547,221.02999877929688,220.66000366210935,220.76499938964844,220.76499938964844,349837,False
2024-09-06 15:10:00-04:00,220.7689971923828,221.1699981689453,220.7100067138672,220.91000366210935,220.91000366210935,464685,False
2024-09-06 15:15:00-04:00,220.91009521484372,221.0200042724609,220.75999450683597,220.93499755859372,220.93499755859372,356760,False
2024-09-06 15:20:00-04:00,220.9499969482422,221.08990478515625,220.82000732421875,221.0399932861328,221.0399932861328,336730,False
2024-09-06 15:25:00-04:00,221.0449981689453,221.47000122070312,221.0200042724609,221.05999755859372,221.05999755859372,383311,False
2024-09-06 15:30:00-04:00,221.0625,221.38780212402344,220.9499969482422,221.30999755859372,221.30999755859372,309142,False
2024-09-06 15:35:00-04:00,221.3300018310547,221.3800048828125,220.8500061035156,220.97999572753903,220.97999572753903,418585,False
2024-09-06 15:40:00-04:00,221.0,221.33999633789065,220.6999969482422,220.77999877929688,220.77999877929688,359493,False
2024-09-06 15:45:00-04:00,220.7700042724609,221.4199981689453,220.7400054931641,221.30999755859372,221.30999755859372,472915,False
2024-09-06 15:50:00-04:00,221.2899932861328,221.5500030517578,220.38999938964844,220.57989501953125,220.57989501953125,951974,False
2024-09-06 15:55:00-04:00,220.57000732421875,221.00999450683597,220.13999938964844,220.91000366210935,220.91000366210935,2086312,False
2024-09-09 09:30:00-04:00,220.8999938964844,221.0,219.8999938964844,220.6000061035156,220.6000061035156,2991916,False
2024-09-09 09:35:00-04:00,220.3999938964844,220.4199981689453,219.0301055908203,219.0449981689453,219.0449981689453,1323911,False
2024-09-09 09:40:00-04:00,218.6569976806641,219.0800018310547,217.82000732421875,218.0399932861328,218.0399932861328,1682785,False
2024-09-09 09:45:00-04:00,218.3950042724609,219.0800018310547,218.13999938964844,218.8950042724609,218.8950042724609,1311711,False
2024-09-09 09:50:00-04:00,219.0279998779297,219.18499755859372,218.6100006103516,218.9199981689453,218.9199981689453,981830,False
2024-09-09 09:55:00-04:00,219.07000732421875,219.6499938964844,218.8500061035156,219.22000122070312,219.22000122070312,1092695,False
2024-09-09 10:00:00-04:00,219.22000122070312,220.0,219.1300048828125,219.8300018310547,219.8300018310547,878341,False
2024-09-09 10:05:00-04:00,219.3800048828125,219.8600006103516,219.27999877929688,219.7899932861328,219.7899932861328,576422,False
2024-09-09 10:10:00-04:00,219.80999755859372,220.1300048828125,219.6999969482422,219.88999938964844,219.88999938964844,621448,False
2024-09-09 10:15:00-04:00,219.8800048828125,219.97999572753903,219.1000061035156,219.3128967285156,219.3128967285156,643464,False
2024-09-09 10:20:00-04:00,219.17999267578125,219.2700042724609,218.83999633789065,219.02999877929688,219.02999877929688,713798,False
2024-09-09 10:25:00-04:00,219.0399932861328,219.05990600585935,218.7400054931641,218.875,218.875,766414,False
2024-09-09 10:30:00-04:00,218.8800048828125,218.8800048828125,217.9604034423828,218.1499938964844,218.1499938964844,877257,True
2024-09-09 10:35:00-04:00,218.2550048828125,218.2799072265625,217.8500061035156,218.01010131835935,218.01010131835935,703973,False
2024-09-09 10:40:00-04:00,218.0,218.3999938964844,217.9900054931641,218.05999755859372,218.05999755859372,572186,False
2024-09-09 10:45:00-04:00,218.0500030517578,218.1100006103516,217.5500030517578,218.0323944091797,218.0323944091797,710214,False
2024-09-09 10:50:00-04:00,217.9850006103516,218.07000732421875,217.5,218.0500030517578,218.0500030517578,525199,False
2024-09-09 10:55:00-04:00,218.0399932861328,218.3495941162109,217.10499572753903,217.1999969482422,217.1999969482422,770095,False
2024-09-09 11:00:00-04:00,217.1999969482422,218.0800018310547,217.0500030517578,217.9900054931641,217.9900054931641,539503,False
2024-09-09 11:05:00-04:00,217.9900054931641,218.0699005126953,217.63999938964844,217.82000732421875,217.82000732421875,426888,False
2024-09-09 11:10:00-04:00,217.8300018310547,217.97999572753903,217.652099609375,217.875,217.875,306656,False
2024-09-09 11:15:00-04:00,217.8699951171875,218.4279937744141,217.82000732421875,218.4279937744141,218.4279937744141,375187,False
2024-09-09 11:20:00-04:00,218.4199981689453,218.69610595703125,218.2899932861328,218.6499938964844,218.6499938964844,445779,False
2024-09-09 11:25:00-04:00,218.63999938964844,219.00999450683597,218.6100006103516,218.9600067138672,218.9600067138672,434219,False
2024-09-09 11:30:00-04:00,218.97999572753903,219.4600067138672,218.92999267578125,219.3999938964844,219.3999938964844,439835,True
2024-09-09 11:35:00-04:00,219.3999938964844,219.6300048828125,219.13999938964844,219.55999755859372,219.55999755859372,491444,False
2024-09-09 11:40:00-04:00,219.55999755859372,219.75999450683597,219.30999755859372,219.5200042724609,219.5200042724609,415791,False
2024-09-09 11:45:00-04:00,219.52999877929688,219.75999450683597,219.3699951171875,219.6000061035156,219.6000061035156,294358,False
2024-09-09 11:50:00-04:00,219.6100006103516,219.6199951171875,219.2899932861328,219.57000732421875,219.57000732421875,266907,False
2024-09-09 11:55:00-04:00,219.55999755859372,219.91000366210935,219.4600067138672,219.91000366210935,219.91000366210935,295296,False
2024-09-09 12:00:00-04:00,219.88999938964844,220.5,219.8600006103516,220.38999938964844,220.38999938964844,586587,False
2024-09-09 12:05:00-04:00,220.3950042724609,220.3950042724609,219.94000244140625,220.0800018310547,220.0800018310547,362441,False
2024-09-09 12:10:00-04:00,220.0897979736328,220.2993927001953,219.75999450683597,219.77630615234372,219.77630615234372,327547,False
2024-09-09 12:15:00-04:00,219.75999450683597,220.13999938964844,219.64830017089844,220.11990356445312,220.11990356445312,307273,False
2024-09-09 12:20:00-04:00,220.1000061035156,220.1779937744141,219.7400054931641,219.82000732421875,219.82000732421875,323075,False
2024-09-09 12:25:00-04:00,219.82000732421875,220.24290466308597,219.81300354003903,220.2039031982422,220.2039031982422,257896,False
2024-09-09 12:30:00-04:00,220.2126007080078,220.3699951171875,220.0,220.16009521484372,220.16009521484372,281990,True
2024-09-09 12:35:00-04:00,220.16000366210935,220.16000366210935,219.80999755859372,220.09669494628903,220.09669494628903,310229,False
2024-09-09 12:40:00-04:00,220.10499572753903,220.33999633789065,220.0399932861328,220.19000244140625,220.19000244140625,252139,False
2024-09-09 12:45:00-04:00,220.18380737304688,220.35499572753903,220.18380737304688,220.25999450683597,220.25999450683597,224118,False
2024-09-09 12:50:00-04:00,220.27999877929688,220.6100006103516,220.27999877929688,220.38819885253903,220.38819885253903,287932,False
2024-09-09 12:55:00-04:00,220.38999938964844,220.4196929931641,219.94000244140625,220.1499938964844,220.1499938964844,1140951,False
2024-09-09 13:00:00-04:00,220.16000366210935,220.4199981689453,219.8999938964844,220.22959899902344,220.22959899902344,437617,False
2024-09-09 13:05:00-04:00,220.2100067138672,220.7700042724609,220.2100067138672,220.72000122070312,220.72000122070312,430261,False
2024-09-09 13:10:00-04:00,220.70550537109372,220.7299041748047,220.33999633789065,220.38999938964844,220.38999938964844,305037,False
2024-09-09 13:15:00-04:00,220.3800048828125,220.92999267578125,220.32000732421875,220.86770629882807,220.86770629882807,486688,False
2024-09-09 13:20:00-04:00,220.8600006103516,220.8600006103516,220.5200042724609,220.63999938964844,220.63999938964844,318012,False
2024-09-09 13:25:00-04:00,220.6499938964844,220.8600006103516,220.6100006103516,220.83999633789065,220.83999633789065,273015,False
2024-09-09 13:30:00-04:00,220.83799743652344,220.8500061035156,220.22999572753903,220.35499572753903,220.35499572753903,631236,False
2024-09-09 13:35:00-04:00,220.35389709472656,220.7700042724609,220.2899932861328,220.7241058349609,220.7241058349609,315356,False
2024-09-09 13:40:00-04:00,220.7200927734375,220.8500061035156,219.5,219.5399932861328,219.5399932861328,1099418,False
2024-09-09 13:45:00-04:00,219.56500244140625,220.3600006103516,219.41000366210935,220.0399932861328,220.0399932861328,832148,False
2024-09-09 13:50:00-04:00,220.0500030517578,220.1999969482422,218.8500061035156,219.0399932861328,219.0399932861328,910647,False
2024-09-09 13:55:00-04:00,219.02999877929688,219.5500030517578,218.4842987060547,219.16940307617188,219.16940307617188,1512362,False
2024-09-09 14:00:00-04:00,219.15499877929688,219.15499877929688,217.8500061035156,217.8600006103516,217.8600006103516,1105744,False
2024-09-09 14:05:00-04:00,217.88999938964844,218.22999572753903,217.50999450683597,218.11279296875,218.11279296875,1131551,False
2024-09-09 14:10:00-04:00,218.13999938964844,218.25,217.22000122070312,217.38999938964844,217.38999938964844,1394259,False
2024-09-09 14:15:00-04:00,217.3699951171875,218.16000366210935,217.25,217.9573974609375,217.9573974609375,1073810,False
2024-09-09 14:20:00-04:00,218.0,218.07000732421875,217.44000244140625,217.6300048828125,217.6300048828125,674526,False
2024-09-09 14:25:00-04:00,217.6300048828125,217.7899932861328,217.0800018310547,217.1699981689453,217.1699981689453,807588,False
2024-09-09 14:30:00-04:00,217.13999938964844,217.94000244140625,217.13999938964844,217.92999267578125,217.92999267578125,817766,True
2024-09-09 14:35:00-04:00,217.92539978027344,217.9499969482422,216.72000122070312,216.97000122070312,216.97000122070312,2105241,False
2024-09-09 14:40:00-04:00,216.9499969482422,217.7100067138672,216.8800048828125,217.3500061035156,217.3500061035156,1019185,False
2024-09-09 14:45:00-04:00,217.3721923828125,218.0,217.3500061035156,217.74009704589844,217.74009704589844,725491,False
2024-09-09 14:50:00-04:00,217.75,217.97999572753903,217.6699981689453,217.92010498046875,217.92010498046875,441601,False
2024-09-09 14:55:00-04:00,217.91000366210935,217.9900054931641,217.6499938964844,217.8800048828125,217.8800048828125,397667,False
2024-09-09 15:00:00-04:00,217.8600006103516,218.25,217.7819976806641,217.9900054931641,217.9900054931641,701359,False
2024-09-09 15:05:00-04:00,217.94000244140625,218.77999877929688,217.9261016845703,218.6800994873047,218.6800994873047,811599,False
2024-09-09 15:10:00-04:00,218.69700622558597,218.7700042724609,218.30999755859372,218.41079711914065,218.41079711914065,618205,False
2024-09-09 15:15:00-04:00,218.39810180664065,218.67999267578125,218.3699951171875,218.6000061035156,218.6000061035156,383034,False
2024-09-09 15:20:00-04:00,218.58999633789065,218.72390747070312,218.2628936767578,218.72390747070312,218.72390747070312,509723,False
2024-09-09 15:25:00-04:00,218.7100067138672,219.2725067138672,218.52999877929688,219.25999450683597,219.25999450683597,738644,False
2024-09-09 15:30:00-04:00,219.2700042724609,220.3600006103516,219.2700042724609,220.19009399414065,220.19009399414065,1156502,False
2024-09-09 15:35:00-04:00,220.1999969482422,220.6300048828125,220.07000732421875,220.27980041503903,220.27980041503903,1153027,False
2024-09-09 15:40:00-04:00,220.27999877929688,220.5500030517578,219.8784942626953,220.0200042724609,220.0200042724609,841918,False
2024-09-09 15:45:00-04:00,220.0249938964844,220.1100006103516,219.75999450683597,220.0200042724609,220.0200042724609,869344,False
2024-09-09 15:50:00-04:00,220.00999450683597,220.5659942626953,219.8999938964844,220.5659942626953,220.5659942626953,1485048,False
2024-09-09 15:55:00-04:00,220.55999755859372,221.0364990234375,220.44000244140625,220.9900054931641,220.9900054931641,2701090,False
2024-09-10 09:30:00-04:00,219.58999633789065,219.8500061035156,218.38999938964844,218.38999938964844,218.38999938964844,3461376,False
2024-09-10 09:35:00-04:00,218.39019775390625,218.82989501953125,217.2400054931641,217.30999755859372,217.30999755859372,1342069,False
2024-09-10 09:40:00-04:00,217.30499267578125,217.5489959716797,216.72999572753903,217.2998962402344,217.2998962402344,1329836,False
2024-09-10 09:45:00-04:00,217.2700042724609,217.8000030517578,216.83999633789065,217.13999938964844,217.13999938964844,1163858,False
2024-09-10 09:50:00-04:00,217.1201019287109,217.4499969482422,216.8500061035156,217.1499938964844,217.1499938964844,780975,False
2024-09-10 09:55:00-04:00,217.1750030517578,217.83999633789065,217.16000366210935,217.51499938964844,217.51499938964844,831632,False
2024-09-10 10:00:00-04:00,217.5,218.40499877929688,217.4600067138672,218.21499633789065,218.21499633789065,966576,True
2024-09-10 10:05:00-04:00,218.2100067138672,219.2700042724609,218.1699981689453,219.19000244140625,219.19000244140625,894578,False
2024-09-10 10:10:00-04:00,219.1501007080078,219.22000122070312,218.1499938964844,218.3999938964844,218.3999938964844,907022,False
2024-09-10 10:15:00-04:00,218.35369873046875,218.9994964599609,218.08999633789065,218.8500061035156,218.8500061035156,642103,False
2024-09-10 10:20:00-04:00,218.8500061035156,219.02999877929688,218.4199981689453,218.8600006103516,218.8600006103516,680810,False
2024-09-10 10:25:00-04:00,218.860107421875,219.9750061035156,218.860107421875,219.77999877929688,219.77999877929688,1106370,False
2024-09-10 10:30:00-04:00,219.76499938964844,219.9199981689453,219.1705017089844,219.52099609375,219.52099609375,707201,False
2024-09-10 10:35:00-04:00,219.52960205078125,219.8000030517578,219.25,219.65499877929688,219.65499877929688,547710,False
2024-09-10 10:40:00-04:00,219.6699981689453,219.75,218.97000122070312,219.0200042724609,219.0200042724609,594785,False
2024-09-10 10:45:00-04:00,218.94000244140625,219.05999755859372,218.63999938964844,218.91000366210935,218.91000366210935,502038,False
2024-09-10 10:50:00-04:00,218.9149932861328,219.17990112304688,218.22000122070312,219.1199951171875,219.1199951171875,557719,False
2024-09-10 10:55:00-04:00,219.1300048828125,219.47999572753903,218.92999267578125,219.15989685058597,219.15989685058597,566708,False
2024-09-10 11:00:00-04:00,219.13999938964844,219.3999938964844,218.94400024414065,219.1000061035156,219.1000061035156,338929,False
2024-09-10 11:05:00-04:00,219.08999633789065,219.47999572753903,218.9750061035156,219.4600067138672,219.4600067138672,319015,False
2024-09-10 11:10:00-04:00,219.4600067138672,219.77999877929688,219.3600006103516,219.7400054931641,219.7400054931641,435775,False
2024-09-10 11:15:00-04:00,219.72999572753903,219.92999267578125,219.52999877929688,219.77999877929688,219.77999877929688,541258,False
2024-09-10 11:20:00-04:00,219.8000030517578,219.9199981689453,219.67999267578125,219.91319274902344,219.91319274902344,284015,False
2024-09-10 11:25:00-04:00,219.8999938964844,220.22000122070312,219.8500061035156,219.9499969482422,219.9499969482422,675358,False
2024-09-10 11:30:00-04:00,219.9499969482422,220.41000366210935,219.9499969482422,220.02479553222656,220.02479553222656,435488,False
2024-09-10 11:35:00-04:00,220.00030517578125,220.0800018310547,219.7100067138672,219.7899932861328,219.7899932861328,357675,False
2024-09-10 11:40:00-04:00,219.80999755859372,220.09500122070312,219.63999938964844,219.8600006103516,219.8600006103516,359967,False
2024-09-10 11:45:00-04:00,219.83999633789065,219.83999633789065,219.16000366210935,219.3300018310547,219.3300018310547,451430,False
2024-09-10 11:50:00-04:00,219.3000030517578,219.30999755859372,218.41000366210935,218.5399932861328,218.5399932861328,582051,False
2024-09-10 11:55:00-04:00,218.5500030517578,218.71499633789065,218.25999450683597,218.33999633789065,218.33999633789065,322053,False
2024-09-10 12:00:00-04:00,218.32000732421875,218.5,218.0404052734375,218.1649932861328,218.1649932861328,427535,True
2024-09-10 12:05:00-04:00,218.16000366210935,218.8300018310547,218.1450042724609,218.63999938964844,218.63999938964844,464632,False
2024-09-10 12:10:00-04:00,218.6499938964844,218.8300018310547,218.4199981689453,218.4326019287109,218.4326019287109,380066,False
2024-09-10 12:15:00-04:00,218.44000244140625,218.6486053466797,218.22999572753903,218.47000122070312,218.47000122070312,291596,False
2024-09-10 12:20:00-04:00,218.47000122070312,218.62120056152344,218.3699951171875,218.50999450683597,218.50999450683597,220253,False
2024-09-10 12:25:00-04:00,218.5200042724609,218.61990356445312,218.3500061035156,218.5399932861328,218.5399932861328,263455,False
2024-09-10 12:30:00-04:00,218.5301055908203,218.91000366210935,218.4900054931641,218.8999938964844,218.8999938964844,273520,False
2024-09-10 12:35:00-04:00,218.8999938964844,219.00999450683597,218.80999755859372,218.9499969482422,218.9499969482422,209354,False
2024-09-10 12:40:00-04:00,218.9499969482422,219.4550018310547,218.9300994873047,219.4241943359375,219.4241943359375,296604,False
2024-09-10 12:45:00-04:00,219.42999267578125,219.47999572753903,219.2100067138672,219.30999755859372,219.30999755859372,217964,False
2024-09-10 12:50:00-04:00,219.2812042236328,219.92999267578125,219.25999450683597,219.85260009765625,219.85260009765625,530577,False
2024-09-10 12:55:00-04:00,219.8650054931641,219.94000244140625,219.5399932861328,219.5460968017578,219.5460968017578,209270,False
2024-09-10 13:00:00-04:00,219.55499267578125,219.88999938964844,219.5301055908203,219.8675994873047,219.8675994873047,200492,True
2024-09-10 13:05:00-04:00,219.86880493164065,219.97000122070312,219.77999877929688,219.84500122070312,219.84500122070312,223429,False
2024-09-10 13:10:00-04:00,219.8500061035156,220.57899475097656,219.8500061035156,220.53500366210935,220.53500366210935,500533,False
2024-09-10 13:15:00-04:00,220.52999877929688,220.6499938964844,220.3699951171875,220.4499969482422,220.4499969482422,382628,False
2024-09-10 13:20:00-04:00,220.4850006103516,220.5200042724609,220.2899932861328,220.4141998291016,220.4141998291016,387080,False
2024-09-10 13:25:00-04:00,220.4199981689453,220.47999572753903,220.1999969482422,220.2700042724609,220.2700042724609,254451,False
2024-09-10 13:30:00-04:00,220.2700042724609,220.47000122070312,220.19590759277344,220.41000366210935,220.41000366210935,273690,False
2024-09-10 13:35:00-04:00,220.41000366210935,220.51499938964844,220.2899932861328,220.4600067138672,220.4600067138672,204489,False
2024-09-10 13:40:00-04:00,220.4600067138672,220.67999267578125,220.4600067138672,220.6300048828125,220.6300048828125,236869,False
2024-09-10 13:45:00-04:00,220.6499938964844,220.77999877929688,220.50999450683597,220.74710083007807,220.74710083007807,314286,False
2024-09-10 13:50:00-04:00,220.72999572753903,220.80499267578125,220.66000366210935,220.75999450683597,220.75999450683597,216789,False
2024-09-10 13:55:00-04:00,220.7700042724609,220.94009399414065,220.75,220.80999755859372,220.80999755859372,302605,False
2024-09-10 14:00:00-04:00,220.80999755859372,221.47999572753903,220.80999755859372,221.4221954345703,221.4221954345703,747681,False
2024-09-10 14:05:00-04:00,221.41000366210935,221.4600067138672,221.07000732421875,221.10499572753903,221.10499572753903,523254,False
2024-09-10 14:10:00-04:00,221.10499572753903,221.28500366210935,221.08999633789065,221.1000061035156,221.1000061035156,257998,False
2024-09-10 14:15:00-04:00,221.1009979248047,221.27999877929688,220.8986968994141,220.9199981689453,220.9199981689453,298940,False
2024-09-10 14:20:00-04:00,220.91000366210935,220.9900054931641,220.72999572753903,220.88999938964844,220.88999938964844,287911,False
2024-09-10 14:25:00-04:00,220.88999938964844,220.97000122070312,220.6499938964844,220.80999755859372,220.80999755859372,313522,False
2024-09-10 14:30:00-04:00,220.8300018310547,221.0449981689453,220.69000244140625,220.75,220.75,313023,False
2024-09-10 14:35:00-04:00,220.7550048828125,220.83999633789065,220.5800018310547,220.77999877929688,220.77999877929688,252423,False
2024-09-10 14:40:00-04:00,220.7899932861328,220.8999938964844,220.67999267578125,220.78500366210935,220.78500366210935,193195,False
2024-09-10 14:45:00-04:00,220.77999877929688,220.77999877929688,220.3500061035156,220.4600067138672,220.4600067138672,1856132,False
2024-09-10 14:50:00-04:00,220.4600067138672,220.5200042724609,220.2100067138672,220.44500732421875,220.44500732421875,298982,False
2024-09-10 14:55:00-04:00,220.44000244140625,220.4499969482422,220.25,220.37559509277344,220.37559509277344,278416,False
2024-09-10 15:00:00-04:00,220.3699951171875,220.5,220.3000030517578,220.30499267578125,220.30499267578125,240487,True
2024-09-10 15:05:00-04:00,220.30999755859372,220.4499969482422,220.22000122070312,220.31500244140625,220.31500244140625,359011,False
2024-09-10 15:10:00-04:00,220.31170654296875,220.7400054931641,220.30499267578125,220.72740173339844,220.72740173339844,486467,False
2024-09-10 15:15:00-04:00,220.72000122070312,220.8500061035156,220.59500122070312,220.65499877929688,220.65499877929688,300332,False
2024-09-10 15:20:00-04:00,220.6649932861328,220.7700042724609,220.42999267578125,220.47999572753903,220.47999572753903,363810,False
2024-09-10 15:25:00-04:00,220.4900054931641,220.75999450683597,220.46499633789065,220.75,220.75,390117,False
2024-09-10 15:30:00-04:00,220.7449951171875,220.9900054931641,220.72630310058597,220.8699951171875,220.8699951171875,388821,False
2024-09-10 15:35:00-04:00,220.8699951171875,220.9199066162109,220.63999938964844,220.72999572753903,220.72999572753903,309935,False
2024-09-10 15:40:00-04:00,220.7250061035156,220.92999267578125,220.72219848632807,220.7749938964844,220.7749938964844,331092,False
2024-09-10 15:45:00-04:00,220.77999877929688,220.85499572753903,220.72000122070312,220.80999755859372,220.80999755859372,341934,False
2024-09-10 15:50:00-04:00,220.80999755859372,221.1100006103516,220.02999877929688,220.25,220.25,1124164,False
2024-09-10 15:55:00-04:00,220.25999450683597,220.3699951171875,219.67999267578125,220.1699981689453,220.1699981689453,2178251,False
2024-09-11 09:30:00-04:00,221.0,222.75,220.5,222.6000061035156,222.6000061035156,3227171,False
2024-09-11 09:35:00-04:00,221.97799682617188,222.2899932861328,221.1999969482422,221.25999450683597,221.25999450683597,877738,False
2024-09-11 09:40:00-04:00,221.30499267578125,221.67999267578125,220.75,220.7899932861328,220.7899932861328,771239,False
2024-09-11 09:45:00-04:00,220.7899932861328,221.1000061035156,220.1499938964844,220.7100067138672,220.7100067138672,677477,False
2024-09-11 09:50:00-04:00,220.5800018310547,220.9149932861328,220.3444976806641,220.50999450683597,220.50999450683597,586059,False
2024-09-11 09:55:00-04:00,220.55999755859372,220.9542999267578,220.2100067138672,220.5050048828125,220.5050048828125,438090,False
2024-09-11 10:00:00-04:00,220.5500030517578,221.00999450683597,219.7899932861328,220.7899932861328,220.7899932861328,829149,False
2024-09-11 10:05:00-04:00,220.7899932861328,220.92999267578125,220.1999969482422,220.5500030517578,220.5500030517578,418201,False
2024-09-11 10:10:00-04:00,220.42999267578125,220.5449981689453,219.67999267578125,219.7100067138672,219.7100067138672,444834,False
2024-09-11 10:15:00-04:00,219.72000122070312,219.7899932861328,219.3000030517578,219.5399932861328,219.5399932861328,601336,False
2024-09-11 10:20:00-04:00,219.55999755859372,219.6000061035156,219.1499938964844,219.5500030517578,219.5500030517578,495343,False
2024-09-11 10:25:00-04:00,219.30999755859372,219.52999877929688,219.25,219.25,219.25,345005,False
2024-09-11 10:30:00-04:00,219.2400054931641,219.33999633789065,218.50010681152344,218.5408935546875,218.5408935546875,549127,True
2024-09-11 10:35:00-04:00,218.5399932861328,218.92999267578125,218.38999938964844,218.6199951171875,218.6199951171875,534896,False
2024-09-11 10:40:00-04:00,218.8050994873047,218.97000122070312,218.41009521484372,218.5399932861328,218.5399932861328,438933,False
2024-09-11 10:45:00-04:00,218.5,218.63999938964844,218.2400054931641,218.34640502929688,218.34640502929688,406632,False
2024-09-11 10:50:00-04:00,218.3600006103516,218.3600006103516,218.125,218.17010498046875,218.17010498046875,352732,False
2024-09-11 10:55:00-04:00,218.0,218.58999633789065,217.968994140625,218.58999633789065,218.58999633789065,536075,False
2024-09-11 11:00:00-04:00,218.5399932861328,218.55999755859372,218.0399932861328,218.55999755859372,218.55999755859372,391950,False
2024-09-11 11:05:00-04:00,218.9600982666016,219.0200042724609,218.7209930419922,218.75999450683597,218.75999450683597,469148,False
2024-09-11 11:10:00-04:00,218.7700042724609,219.2100067138672,218.6000061035156,219.0500030517578,219.0500030517578,382243,False
2024-09-11 11:15:00-04:00,219.05999755859372,219.17999267578125,218.8600006103516,218.97000122070312,218.97000122070312,319845,False
2024-09-11 11:20:00-04:00,219.00999450683597,219.03469848632807,218.52999877929688,218.6999969482422,218.6999969482422,249566,False
2024-09-11 11:25:00-04:00,218.69500732421875,219.0,218.63999938964844,218.8999938964844,218.8999938964844,198147,False
2024-09-11 11:30:00-04:00,218.8999938964844,219.16000366210935,218.7899932861328,218.80999755859372,218.80999755859372,245479,True
2024-09-11 11:35:00-04:00,218.83009338378903,219.6199951171875,218.6699981689453,219.6000061035156,219.6000061035156,377783,False
2024-09-11 11:40:00-04:00,219.58999633789065,219.8500061035156,219.44000244140625,219.77999877929688,219.77999877929688,284414,False
2024-09-11 11:45:00-04:00,219.8300018310547,220.3500061035156,219.82000732421875,220.1907958984375,220.1907958984375,469646,False
2024-09-11 11:50:00-04:00,220.22000122070312,220.2550048828125,219.60459899902344,219.6199951171875,219.6199951171875,288609,False
2024-09-11 11:55:00-04:00,219.63999938964844,219.75,219.00999450683597,219.67999267578125,219.67999267578125,280697,False
2024-09-11 12:00:00-04:00,219.6999053955078,220.5,219.6499938964844,220.4550018310547,220.4550018310547,330728,False
2024-09-11 12:05:00-04:00,220.44009399414065,220.8000030517578,220.3999938964844,220.5500030517578,220.5500030517578,468088,False
2024-09-11 12:10:00-04:00,220.55999755859372,220.72999572753903,220.28500366210935,220.6739959716797,220.6739959716797,305014,False
2024-09-11 12:15:00-04:00,220.69000244140625,220.72000122070312,220.38999938964844,220.72000122070312,220.72000122070312,230890,False
2024-09-11 12:20:00-04:00,220.75,220.9499969482422,220.22999572753903,220.38999938964844,220.38999938964844,358161,False
2024-09-11 12:25:00-04:00,220.38999938964844,220.8800048828125,220.3800048828125,220.835205078125,220.835205078125,237942,False
2024-09-11 12:30:00-04:00,220.8600006103516,221.1000061035156,220.7899932861328,220.9499969482422,220.9499969482422,277137,True
2024-09-11 12:35:00-04:00,220.9600067138672,221.30999755859372,220.88999938964844,221.2796936035156,221.2796936035156,216232,False
2024-09-11 12:40:00-04:00,221.2899932861328,221.32989501953125,220.6199951171875,220.66000366210935,220.66000366210935,225697,False
2024-09-11 12:45:00-04:00,220.7050018310547,220.77999877929688,220.50999450683597,220.5800018310547,220.5800018310547,140460,False
2024-09-11 12:50:00-04:00,220.62989807128903,220.9409942626953,220.52999877929688,220.9199981689453,220.9199981689453,220103,False
2024-09-11 12:55:00-04:00,220.9499053955078,221.1000061035156,220.6699981689453,221.0727996826172,221.0727996826172,175609,False
2024-09-11 13:00:00-04:00,221.07000732421875,221.50999450683597,221.0,221.41000366210935,221.41000366210935,285796,False
2024-09-11 13:05:00-04:00,221.4199981689453,221.8500061035156,221.3802032470703,221.47999572753903,221.47999572753903,303834,False
2024-09-11 13:10:00-04:00,221.50999450683597,221.77999877929688,221.32000732421875,221.40890502929688,221.40890502929688,342720,False
2024-09-11 13:15:00-04:00,221.3999938964844,221.42999267578125,221.16000366210935,221.22999572753903,221.22999572753903,225538,False
2024-09-11 13:20:00-04:00,221.2449951171875,221.25,220.9900054931641,221.0200042724609,221.0200042724609,234089,False
2024-09-11 13:25:00-04:00,221.0200042724609,221.3300018310547,221.0,221.20970153808597,221.20970153808597,199094,False
2024-09-11 13:30:00-04:00,221.22000122070312,221.3699951171875,221.0500030517578,221.17999267578125,221.17999267578125,255110,True
2024-09-11 13:35:00-04:00,221.17999267578125,221.2100067138672,220.91000366210935,221.0500030517578,221.0500030517578,373037,False
2024-09-11 13:40:00-04:00,221.07000732421875,221.1649932861328,220.83999633789065,221.0800018310547,221.0800018310547,212271,False
2024-09-11 13:45:00-04:00,221.1000061035156,221.44009399414065,221.1000061035156,221.44009399414065,221.44009399414065,358934,False
2024-09-11 13:50:00-04:00,221.4600067138672,221.58999633789065,221.00999450683597,221.1000061035156,221.1000061035156,353023,False
2024-09-11 13:55:00-04:00,221.1100006103516,221.18499755859372,220.9199066162109,221.0800018310547,221.0800018310547,232677,False
2024-09-11 14:00:00-04:00,221.07000732421875,221.07000732421875,220.8600006103516,220.97999572753903,220.97999572753903,271610,False
2024-09-11 14:05:00-04:00,220.97999572753903,221.1000061035156,220.8999938964844,221.02999877929688,221.02999877929688,293467,False
2024-09-11 14:10:00-04:00,221.0399932861328,221.3999938964844,221.0399932861328,221.19119262695312,221.19119262695312,225990,False
2024-09-11 14:15:00-04:00,221.22000122070312,221.3800048828125,220.92999267578125,221.0249938964844,221.0249938964844,256616,False
2024-09-11 14:20:00-04:00,220.9900054931641,221.3000030517578,220.8999938964844,221.2700042724609,221.2700042724609,247748,False
2024-09-11 14:25:00-04:00,221.273193359375,221.6999969482422,221.19000244140625,221.6199951171875,221.6199951171875,415082,False
2024-09-11 14:30:00-04:00,221.6499938964844,221.7899932861328,221.33999633789065,221.3603057861328,221.3603057861328,363151,True
2024-09-11 14:35:00-04:00,221.3500061035156,221.41000366210935,221.1499938964844,221.32000732421875,221.32000732421875,359466,False
2024-09-11 14:40:00-04:00,221.33999633789065,221.77999877929688,221.3000030517578,221.51499938964844,221.51499938964844,365039,False
2024-09-11 14:45:00-04:00,221.5200042724609,221.6000061035156,221.22999572753903,221.4900054931641,221.4900054931641,257998,False
2024-09-11 14:50:00-04:00,221.5,221.57000732421875,221.27999877929688,221.3000030517578,221.3000030517578,239968,False
2024-09-11 14:55:00-04:00,221.3000030517578,221.6000061035156,221.3000030517578,221.4499969482422,221.4499969482422,265808,False
2024-09-11 15:00:00-04:00,221.44000244140625,221.50999450683597,221.33999633789065,221.4499969482422,221.4499969482422,228142,False
2024-09-11 15:05:00-04:00,221.4499969482422,221.57000732421875,221.33999633789065,221.44700622558597,221.44700622558597,338117,False
2024-09-11 15:10:00-04:00,221.44500732421875,221.4600067138672,221.2700042724609,221.3650054931641,221.3650054931641,393520,False
2024-09-11 15:15:00-04:00,221.3600006103516,221.5,221.1100006103516,221.1699981689453,221.1699981689453,478323,False
2024-09-11 15:20:00-04:00,221.1649932861328,221.75,221.1300048828125,221.7400054931641,221.7400054931641,500722,False
2024-09-11 15:25:00-04:00,221.7350006103516,221.97000122070312,221.7100067138672,221.97000122070312,221.97000122070312,495414,False
2024-09-11 15:30:00-04:00,221.9550018310547,222.0998992919922,221.67999267578125,221.875,221.875,534733,False
2024-09-11 15:35:00-04:00,221.875,221.97999572753903,221.67999267578125,221.8000030517578,221.8000030517578,375998,False
2024-09-11 15:40:00-04:00,221.80499267578125,222.1199951171875,221.72999572753903,222.08999633789065,222.08999633789065,531604,False
2024-09-11 15:45:00-04:00,222.05999755859372,222.38999938964844,221.97999572753903,222.35009765625,222.35009765625,640456,False
2024-09-11 15:50:00-04:00,222.3500061035156,222.67999267578125,222.2250061035156,222.6300048828125,222.6300048828125,1002165,False
2024-09-11 15:55:00-04:00,222.63999938964844,223.0,222.4499969482422,222.8600006103516,222.8600006103516,2446432,False
2024-09-12 09:30:00-04:00,222.0,222.0500030517578,221.5200042724609,221.6499938964844,221.6499938964844,1665132,False
2024-09-12 09:35:00-04:00,221.33999633789065,221.5200042724609,220.90499877929688,220.90499877929688,220.90499877929688,797290,False
2024-09-12 09:40:00-04:00,220.92999267578125,221.48989868164065,220.75,221.0500030517578,221.0500030517578,793717,False
2024-09-12 09:45:00-04:00,221.02999877929688,221.1499938964844,219.92999267578125,220.00999450683597,220.00999450683597,818270,False
2024-09-12 09:50:00-04:00,220.0050048828125,220.8999938964844,219.82000732421875,220.8500061035156,220.8500061035156,676722,False
2024-09-12 09:55:00-04:00,220.5399932861328,221.1000061035156,220.50999450683597,221.02999877929688,221.02999877929688,579565,False
2024-09-12 10:00:00-04:00,221.0399932861328,221.51499938964844,220.94000244140625,221.28179931640625,221.28179931640625,586471,True
2024-09-12 10:05:00-04:00,221.3300018310547,221.7100067138672,221.1499938964844,221.50010681152344,221.50010681152344,447452,False
2024-09-12 10:10:00-04:00,221.57000732421875,221.9499969482422,221.4600982666016,221.93499755859372,221.93499755859372,508122,False
2024-09-12 10:15:00-04:00,222.05999755859372,222.2998962402344,221.9900054931641,222.2400054931641,222.2400054931641,481563,False
2024-09-12 10:20:00-04:00,222.2400054931641,222.3600006103516,222.08999633789065,222.18499755859372,222.18499755859372,430492,False
2024-09-12 10:25:00-04:00,222.1999969482422,222.37939453125,221.97000122070312,222.07000732421875,222.07000732421875,411241,False
2024-09-12 10:30:00-04:00,222.0711975097656,222.3699951171875,221.9700927734375,222.27999877929688,222.27999877929688,298117,False
2024-09-12 10:35:00-04:00,222.27999877929688,222.2899932861328,221.08999633789065,221.52999877929688,221.52999877929688,441026,False
2024-09-12 10:40:00-04:00,221.75,221.88999938964844,221.4600067138672,221.84500122070312,221.84500122070312,285915,False
2024-09-12 10:45:00-04:00,221.9900054931641,222.1100006103516,221.8500061035156,222.04879760742188,222.04879760742188,307413,False
2024-09-12 10:50:00-04:00,222.17999267578125,222.17999267578125,221.92999267578125,222.0379943847656,222.0379943847656,315271,False
2024-09-12 10:55:00-04:00,222.0399932861328,222.2700042724609,221.5399932861328,221.8000030517578,221.8000030517578,327474,False
2024-09-12 11:00:00-04:00,221.80999755859372,222.3000030517578,221.67999267578125,222.17999267578125,222.17999267578125,327115,False
2024-09-12 11:05:00-04:00,222.16000366210935,222.8802032470703,222.1499938964844,222.8650054931641,222.8650054931641,570605,False
2024-09-12 11:10:00-04:00,222.8800048828125,223.0675048828125,222.72000122070312,222.72999572753903,222.72999572753903,541026,False
2024-09-12 11:15:00-04:00,222.72000122070312,222.77279663085935,221.9600067138672,222.1100006103516,222.1100006103516,422735,False
2024-09-12 11:20:00-04:00,222.1300048828125,222.1732940673828,221.7899932861328,221.9600982666016,221.9600982666016,257419,False
2024-09-12 11:25:00-04:00,221.97000122070312,222.22999572753903,221.69000244140625,221.8999938964844,221.8999938964844,274399,False
2024-09-12 11:30:00-04:00,221.8999938964844,222.38999938964844,221.77999877929688,222.2700042724609,222.2700042724609,371124,False
2024-09-12 11:35:00-04:00,222.22000122070312,222.5399932861328,222.05999755859372,222.1699981689453,222.1699981689453,268603,False
2024-09-12 11:40:00-04:00,222.1699981689453,222.30999755859372,221.88999938964844,221.97999572753903,221.97999572753903,176595,False
2024-09-12 11:45:00-04:00,221.97000122070312,222.07000732421875,221.7700042724609,221.94000244140625,221.94000244140625,181513,False
2024-09-12 11:50:00-04:00,221.9499969482422,222.1150054931641,221.8699951171875,222.07989501953125,222.07989501953125,133761,False
2024-09-12 11:55:00-04:00,222.08999633789065,222.1499938964844,221.88999938964844,221.9750061035156,221.9750061035156,145432,False
2024-09-12 12:00:00-04:00,221.97999572753903,222.1100006103516,221.9199981689453,222.1100006103516,222.1100006103516,135641,True
2024-09-12 12:05:00-04:00,222.1000061035156,222.1999969482422,221.84500122070312,222.0,222.0,162503,False
2024-09-12 12:10:00-04:00,222.00450134277344,222.09979248046875,221.92999267578125,221.97999572753903,221.97999572753903,128234,False
2024-09-12 12:15:00-04:00,221.97999572753903,222.0,221.6199951171875,221.7400054931641,221.7400054931641,263299,False
2024-09-12 12:20:00-04:00,221.7449951171875,221.8262939453125,221.6699981689453,221.80999755859372,221.80999755859372,181190,False
2024-09-12 12:25:00-04:00,221.80499267578125,222.0,221.8000030517578,221.92999267578125,221.92999267578125,141313,False
2024-09-12 12:30:00-04:00,221.9499969482422,221.97999572753903,221.75,221.90499877929688,221.90499877929688,126413,False
2024-09-12 12:35:00-04:00,221.91000366210935,221.9499969482422,221.7100067138672,221.75,221.75,154170,False
2024-09-12 12:40:00-04:00,221.75,221.98989868164065,221.7100067138672,221.8800048828125,221.8800048828125,155954,False
2024-09-12 12:45:00-04:00,221.8800048828125,221.9199981689453,221.81500244140625,221.91000366210935,221.91000366210935,115999,False
2024-09-12 12:50:00-04:00,221.91000366210935,222.28990173339844,221.90499877929688,222.27999877929688,222.27999877929688,297331,False
2024-09-12 12:55:00-04:00,222.28579711914065,222.53990173339844,222.1499938964844,222.5,222.5,225194,False
2024-09-12 13:00:00-04:00,222.4900054931641,222.6000061035156,222.42999267578125,222.50289916992188,222.50289916992188,209419,True
2024-09-12 13:05:00-04:00,222.50999450683597,222.76519775390625,222.47999572753903,222.72999572753903,222.72999572753903,189335,False
2024-09-12 13:10:00-04:00,222.72999572753903,222.83999633789065,222.7001037597656,222.7949981689453,222.7949981689453,200681,False
2024-09-12 13:15:00-04:00,222.8000030517578,222.94000244140625,222.7700042724609,222.8401031494141,222.8401031494141,241776,False
2024-09-12 13:20:00-04:00,222.84500122070312,222.9900054931641,222.5800018310547,222.97000122070312,222.97000122070312,258275,False
2024-09-12 13:25:00-04:00,222.97000122070312,223.0500030517578,222.6199951171875,222.6199951171875,222.6199951171875,275471,False
2024-09-12 13:30:00-04:00,222.6000061035156,222.83999633789065,222.5800018310547,222.8350067138672,222.8350067138672,163463,False
2024-09-12 13:35:00-04:00,222.8300018310547,223.1000061035156,222.8249969482422,223.05999755859372,223.05999755859372,390712,False
2024-09-12 13:40:00-04:00,223.0576019287109,223.22999572753903,222.8000030517578,222.82989501953125,222.82989501953125,299222,False
2024-09-12 13:45:00-04:00,222.8300018310547,223.0399932861328,222.82000732421875,223.00999450683597,223.00999450683597,209014,False
2024-09-12 13:50:00-04:00,223.0200042724609,223.1100006103516,223.0,223.1100006103516,223.1100006103516,210018,False
2024-09-12 13:55:00-04:00,223.1150054931641,223.16000366210935,222.8300018310547,223.0749969482422,223.0749969482422,229746,False
2024-09-12 14:00:00-04:00,223.08999633789065,223.1699981689453,223.00010681152344,223.06500244140625,223.06500244140625,219322,True
2024-09-12 14:05:00-04:00,223.0699005126953,223.15499877929688,222.9499969482422,223.07000732421875,223.07000732421875,253176,False
2024-09-12 14:10:00-04:00,223.05999755859372,223.05999755859372,222.7899932861328,222.81460571289065,222.81460571289065,274630,False
2024-09-12 14:15:00-04:00,222.82000732421875,223.0,222.6999969482422,222.8699951171875,222.8699951171875,251847,False
2024-09-12 14:20:00-04:00,222.88999938964844,223.1499938964844,222.8800048828125,223.08999633789065,223.08999633789065,225629,False
2024-09-12 14:25:00-04:00,223.08999633789065,223.1699981689453,223.04530334472656,223.14010620117188,223.14010620117188,202147,False
2024-09-12 14:30:00-04:00,223.13999938964844,223.22999572753903,222.8999938964844,223.22000122070312,223.22000122070312,265151,False
2024-09-12 14:35:00-04:00,223.2100067138672,223.5399932861328,223.1999969482422,223.51499938964844,223.51499938964844,311597,False
2024-09-12 14:40:00-04:00,223.50999450683597,223.5249938964844,223.3500061035156,223.3800048828125,223.3800048828125,198626,False
2024-09-12 14:45:00-04:00,223.3800048828125,223.52999877929688,223.2700042724609,223.34640502929688,223.34640502929688,253287,False
2024-09-12 14:50:00-04:00,223.33999633789065,223.3800048828125,222.16000366210935,222.88009643554688,222.88009643554688,546970,False
2024-09-12 14:55:00-04:00,222.8950042724609,223.3000030517578,222.75999450683597,223.19000244140625,223.19000244140625,539793,False
2024-09-12 15:00:00-04:00,223.17999267578125,223.27999877929688,222.9900054931641,223.1000061035156,223.1000061035156,246960,False
2024-09-12 15:05:00-04:00,223.1000061035156,223.4199981689453,223.1000061035156,223.40640258789065,223.40640258789065,260459,False
2024-09-12 15:10:00-04:00,223.40499877929688,223.5,223.214599609375,223.22000122070312,223.22000122070312,260670,False
2024-09-12 15:15:00-04:00,223.22000122070312,223.30499267578125,223.08999633789065,223.22000122070312,223.22000122070312,304531,False
2024-09-12 15:20:00-04:00,223.2100067138672,223.2100067138672,222.8600006103516,222.93389892578125,222.93389892578125,344673,False
2024-09-12 15:25:00-04:00,222.92999267578125,222.9900054931641,222.65499877929688,222.94000244140625,222.94000244140625,306795,False
2024-09-12 15:30:00-04:00,222.92999267578125,223.02999877929688,222.82000732421875,223.0,223.0,310761,False
2024-09-12 15:35:00-04:00,223.0,223.22000122070312,222.9250030517578,223.1100006103516,223.1100006103516,334371,False
2024-09-12 15:40:00-04:00,223.1000061035156,223.3489990234375,222.92999267578125,223.2550048828125,223.2550048828125,416053,False
2024-09-12 15:45:00-04:00,223.25,223.3000030517578,222.69000244140625,222.8249969482422,222.8249969482422,491718,False
2024-09-12 15:50:00-04:00,222.8000030517578,223.1000061035156,222.44000244140625,222.5800018310547,222.5800018310547,1272517,False
2024-09-12 15:55:00-04:00,222.55999755859372,222.91000366210935,222.5399932861328,222.8699951171875,222.8699951171875,2411037,False
2024-09-13 09:30:00-04:00,223.0,223.13999938964844,222.27999877929688,222.9199981689453,222.9199981689453,2719509,False
2024-09-13 09:35:00-04:00,222.94000244140625,222.97999572753903,222.33999633789065,222.42999267578125,222.42999267578125,814255,False
2024-09-13 09:40:00-04:00,222.43499755859372,222.8800048828125,222.3600006103516,222.5800018310547,222.5800018310547,556691,False
2024-09-13 09:45:00-04:00,222.47000122070312,222.6100006103516,222.3800048828125,222.5449981689453,222.5449981689453,537678,False
2024-09-13 09:50:00-04:00,222.5850067138672,223.1374053955078,222.5749969482422,222.8000030517578,222.8000030517578,877596,False
2024-09-13 09:55:00-04:00,222.8950042724609,223.13999938964844,222.5200042724609,222.5200042724609,222.5200042724609,616516,False
2024-09-13 10:00:00-04:00,222.5,223.1699981689453,222.19000244140625,223.14010620117188,223.14010620117188,797756,False
2024-09-13 10:05:00-04:00,223.15499877929688,223.38999938964844,223.05999755859372,223.3300018310547,223.3300018310547,486302,False
2024-09-13 10:10:00-04:00,223.3300018310547,223.38009643554688,222.91000366210935,223.0,223.0,542121,False
2024-09-13 10:15:00-04:00,223.1100006103516,223.125,222.57000732421875,222.69000244140625,222.69000244140625,438440,False
2024-09-13 10:20:00-04:00,222.6999969482422,223.0399932861328,222.63999938964844,223.0399932861328,223.0399932861328,487032,False
2024-09-13 10:25:00-04:00,223.00999450683597,223.08999633789065,222.3600006103516,222.3699951171875,222.3699951171875,714983,False
2024-09-13 10:30:00-04:00,222.3500061035156,222.3999938964844,221.91000366210935,222.3000030517578,222.3000030517578,501041,True
2024-09-13 10:35:00-04:00,222.08999633789065,222.3500061035156,222.08999633789065,222.33999633789065,222.33999633789065,338166,False
2024-09-13 10:40:00-04:00,222.3500061035156,222.75,222.30999755859372,222.7100067138672,222.7100067138672,407210,False
2024-09-13 10:45:00-04:00,222.69320678710935,223.05499267578125,222.69320678710935,223.0500030517578,223.0500030517578,404891,False
2024-09-13 10:50:00-04:00,223.05999755859372,223.08999633789065,222.67999267578125,222.98480224609372,222.98480224609372,352297,False
2024-09-13 10:55:00-04:00,222.9750061035156,223.1999053955078,222.94000244140625,223.16000366210935,223.16000366210935,306244,False
2024-09-13 11:00:00-04:00,223.17999267578125,223.42999267578125,223.14010620117188,223.3999938964844,223.3999938964844,398280,False
2024-09-13 11:05:00-04:00,223.4199981689453,223.75,223.38999938964844,223.55999755859372,223.55999755859372,673236,False
2024-09-13 11:10:00-04:00,223.5800018310547,223.72999572753903,223.5200042724609,223.59109497070312,223.59109497070312,312107,False
2024-09-13 11:15:00-04:00,223.59500122070312,223.6750030517578,223.3300018310547,223.3500061035156,223.3500061035156,292749,False
2024-09-13 11:20:00-04:00,223.3500061035156,223.6699981689453,223.22999572753903,223.32749938964844,223.32749938964844,276425,False
2024-09-13 11:25:00-04:00,223.3500061035156,223.58999633789065,223.3209991455078,223.5449981689453,223.5449981689453,230278,False
2024-09-13 11:30:00-04:00,223.5449981689453,223.69000244140625,223.4833984375,223.68499755859372,223.68499755859372,212038,False
2024-09-13 11:35:00-04:00,223.6999969482422,223.7100067138672,223.3426971435547,223.3699951171875,223.3699951171875,276657,False
2024-09-13 11:40:00-04:00,223.3800048828125,223.57000732421875,223.3350067138672,223.48399353027344,223.48399353027344,204116,False
2024-09-13 11:45:00-04:00,223.4900054931641,223.75,223.4900054931641,223.6999969482422,223.6999969482422,291148,False
2024-09-13 11:50:00-04:00,223.6999969482422,223.8000030517578,223.63999938964844,223.7700042724609,223.7700042724609,297178,False
2024-09-13 11:55:00-04:00,223.77999877929688,223.8489990234375,223.6800994873047,223.80999755859372,223.80999755859372,239598,False
2024-09-13 12:00:00-04:00,223.8000030517578,223.9900054931641,223.7700042724609,223.85110473632807,223.85110473632807,338565,False
2024-09-13 12:05:00-04:00,223.8500061035156,223.8600006103516,223.4199981689453,223.44500732421875,223.44500732421875,230522,False
2024-09-13 12:10:00-04:00,223.44000244140625,223.5200042724609,223.2449951171875,223.25999450683597,223.25999450683597,221631,False
2024-09-13 12:15:00-04:00,223.25999450683597,223.4600067138672,223.16140747070312,223.360107421875,223.360107421875,210753,False
2024-09-13 12:20:00-04:00,223.3600006103516,223.47000122070312,223.05499267578125,223.21499633789065,223.21499633789065,190250,False
2024-09-13 12:25:00-04:00,223.21499633789065,223.3300018310547,223.1999969482422,223.3101043701172,223.3101043701172,112889,False
2024-09-13 12:30:00-04:00,223.32000732421875,223.47000122070312,223.30999755859372,223.47000122070312,223.47000122070312,178358,False
2024-09-13 12:35:00-04:00,223.4600067138672,223.49989318847656,223.35499572753903,223.41000366210935,223.41000366210935,127518,False
2024-09-13 12:40:00-04:00,223.4199981689453,223.42999267578125,223.2400054931641,223.32000732421875,223.32000732421875,154009,False
2024-09-13 12:45:00-04:00,223.32000732421875,223.4900054931641,223.22000122070312,223.4550018310547,223.4550018310547,156694,False
2024-09-13 12:50:00-04:00,223.4600067138672,223.94500732421875,223.4499969482422,223.94000244140625,223.94000244140625,357937,False
2024-09-13 12:55:00-04:00,223.94000244140625,223.94000244140625,223.7998962402344,223.8800048828125,223.8800048828125,227363,False
2024-09-13 13:00:00-04:00,223.8800048828125,223.9600067138672,223.8600006103516,223.9199981689453,223.9199981689453,204474,False
2024-09-13 13:05:00-04:00,223.9250030517578,224.02999877929688,223.75,223.7998962402344,223.7998962402344,279468,False
2024-09-13 13:10:00-04:00,223.7899932861328,223.8417053222656,223.75999450683597,223.8000030517578,223.8000030517578,136672,False
2024-09-13 13:15:00-04:00,223.80999755859372,223.9600067138672,223.80999755859372,223.8600006103516,223.8600006103516,140761,False
2024-09-13 13:20:00-04:00,223.8600006103516,223.88999938964844,223.6199951171875,223.6712951660156,223.6712951660156,139783,False
2024-09-13 13:25:00-04:00,223.6750030517578,223.67999267578125,223.4199981689453,223.58380126953125,223.58380126953125,223797,False
2024-09-13 13:30:00-04:00,223.5800018310547,223.63999938964844,223.32000732421875,223.4600067138672,223.4600067138672,230939,False
2024-09-13 13:35:00-04:00,223.4499969482422,223.72000122070312,223.4010009765625,223.6999969482422,223.6999969482422,181134,False
2024-09-13 13:40:00-04:00,223.7100067138672,223.7400054931641,223.6300048828125,223.69000244140625,223.69000244140625,153150,False
2024-09-13 13:45:00-04:00,223.67999267578125,223.7100067138672,223.55999755859372,223.6699981689453,223.6699981689453,146589,False
2024-09-13 13:50:00-04:00,223.67999267578125,223.72000122070312,223.6499938964844,223.6999969482422,223.6999969482422,227615,False
2024-09-13 13:55:00-04:00,223.6999969482422,223.80599975585935,223.66000366210935,223.69000244140625,223.69000244140625,155852,False
2024-09-13 14:00:00-04:00,223.6999969482422,223.7467041015625,223.08999633789065,223.67999267578125,223.67999267578125,402758,False
2024-09-13 14:05:00-04:00,223.67999267578125,224.0200042724609,223.66000366210935,223.9499969482422,223.9499969482422,284319,False
2024-09-13 14:10:00-04:00,223.94000244140625,223.97999572753903,223.5399932861328,223.5500030517578,223.5500030517578,212516,False
2024-09-13 14:15:00-04:00,223.5399932861328,223.5800018310547,223.25999450683597,223.30999755859372,223.30999755859372,231365,False
2024-09-13 14:20:00-04:00,223.3000030517578,223.3699951171875,223.02999877929688,223.02999877929688,223.02999877929688,274319,False
2024-09-13 14:25:00-04:00,223.02999877929688,223.1475982666016,222.8500061035156,223.0,223.0,445037,False
2024-09-13 14:30:00-04:00,222.9949951171875,223.0500030517578,222.8500061035156,222.87049865722656,222.87049865722656,227065,False
2024-09-13 14:35:00-04:00,222.8800048828125,222.8999938964844,222.6999969482422,222.72999572753903,222.72999572753903,272615,False
2024-09-13 14:40:00-04:00,222.7301025390625,222.8999938964844,222.5500030517578,222.66000366210935,222.66000366210935,315462,False
2024-09-13 14:45:00-04:00,222.6551971435547,222.7400054931641,222.6100006103516,222.66000366210935,222.66000366210935,203928,False
2024-09-13 14:50:00-04:00,222.6499938964844,222.6999969482422,222.41000366210935,222.6499938964844,222.6499938964844,297917,False
2024-09-13 14:55:00-04:00,222.63999938964844,222.63999938964844,222.4499969482422,222.4700927734375,222.4700927734375,193544,False
2024-09-13 15:00:00-04:00,222.46499633789065,222.5399932861328,222.3800048828125,222.51499938964844,222.51499938964844,212651,False
2024-09-13 15:05:00-04:00,222.5189971923828,222.6071929931641,222.4199981689453,222.4900054931641,222.4900054931641,246993,False
2024-09-13 15:10:00-04:00,222.48989868164065,222.55999755859372,222.33120727539065,222.42579650878903,222.42579650878903,381447,False
2024-09-13 15:15:00-04:00,222.42019653320312,222.75,222.3800048828125,222.6000061035156,222.6000061035156,294385,False
2024-09-13 15:20:00-04:00,222.60499572753903,222.68499755859372,222.51499938964844,222.6699981689453,222.6699981689453,231014,False
2024-09-13 15:25:00-04:00,222.6649932861328,222.69000244140625,222.44000244140625,222.53399658203125,222.53399658203125,273720,False
2024-09-13 15:30:00-04:00,222.5399932861328,222.5780029296875,222.39010620117188,222.41000366210935,222.41000366210935,316716,False
2024-09-13 15:35:00-04:00,222.4199981689453,222.5500030517578,222.30999755859372,222.5,222.5,367240,False
2024-09-13 15:40:00-04:00,222.5050048828125,222.8000030517578,222.4600067138672,222.7700042724609,222.7700042724609,450176,False
2024-09-13 15:45:00-04:00,222.75999450683597,222.84300231933597,222.50030517578125,222.6100006103516,222.6100006103516,529138,False
2024-09-13 15:50:00-04:00,222.6199951171875,222.80999755859372,222.3500061035156,222.47000122070312,222.47000122070312,1021817,False
2024-09-13 15:55:00-04:00,222.47000122070312,222.6699981689453,222.3300018310547,222.4600067138672,222.4600067138672,1741180,False
2024-09-16 09:30:00-04:00,216.47000122070312,216.5200042724609,213.9199981689453,214.3699951171875,214.3699951171875,7649821,False
2024-09-16 09:35:00-04:00,214.33999633789065,215.0,214.08999633789065,214.80999755859372,214.80999755859372,2562004,False
2024-09-16 09:40:00-04:00,214.80999755859372,215.5,214.72999572753903,215.19000244140625,215.19000244140625,1630603,False
2024-09-16 09:45:00-04:00,215.08999633789065,215.5,214.77999877929688,215.5,215.5,1648940,False
2024-09-16 09:50:00-04:00,215.46499633789065,215.97000122070312,215.33999633789065,215.91000366210935,215.91000366210935,1047771,False
2024-09-16 09:55:00-04:00,215.94000244140625,216.00999450683597,215.16000366210935,215.19500732421875,215.19500732421875,1205351,False
2024-09-16 10:00:00-04:00,215.17999267578125,215.9499969482422,215.13999938964844,215.7749938964844,215.7749938964844,932420,False
2024-09-16 10:05:00-04:00,215.7749938964844,215.91400146484372,215.3300018310547,215.50999450683597,215.50999450683597,777455,False
2024-09-16 10:10:00-04:00,215.50999450683597,217.1999969482422,215.44000244140625,217.1649932861328,217.1649932861328,1609341,False
2024-09-16 10:15:00-04:00,217.16000366210935,217.1999969482422,216.66000366210935,216.8000030517578,216.8000030517578,942555,False
2024-09-16 10:20:00-04:00,216.80999755859372,216.83999633789065,216.22000122070312,216.48159790039065,216.48159790039065,814188,False
2024-09-16 10:25:00-04:00,216.4600067138672,216.7635955810547,216.25999450683597,216.66000366210935,216.66000366210935,569815,False
2024-09-16 10:30:00-04:00,216.64010620117188,216.9149932861328,216.1219940185547,216.1699981689453,216.1699981689453,747131,False
2024-09-16 10:35:00-04:00,216.1649932861328,216.6000061035156,215.91099548339844,216.0850067138672,216.0850067138672,790040,False
2024-09-16 10:40:00-04:00,216.0800018310547,216.09500122070312,215.63999938964844,215.7050018310547,215.7050018310547,669302,False
2024-09-16 10:45:00-04:00,215.7100982666016,215.71499633789065,215.0200042724609,215.50999450683597,215.50999450683597,940671,False
2024-09-16 10:50:00-04:00,215.51019287109372,215.8500061035156,215.22999572753903,215.3600006103516,215.3600006103516,594698,False
2024-09-16 10:55:00-04:00,215.3600006103516,215.55999755859372,215.2100982666016,215.3000030517578,215.3000030517578,522763,False
2024-09-16 11:00:00-04:00,215.2899932861328,215.3350067138672,214.83999633789065,215.08999633789065,215.08999633789065,886190,True
2024-09-16 11:05:00-04:00,215.1100006103516,215.63999938964844,215.0749969482422,215.44000244140625,215.44000244140625,728652,False
2024-09-16 11:10:00-04:00,215.4438934326172,215.94000244140625,215.25999450683597,215.75,215.75,614598,False
2024-09-16 11:15:00-04:00,215.69000244140625,216.07000732421875,215.55999755859372,216.05499267578125,216.05499267578125,544925,False
2024-09-16 11:20:00-04:00,216.0538024902344,216.3999938964844,215.8500061035156,216.39010620117188,216.39010620117188,593730,False
2024-09-16 11:25:00-04:00,216.3999938964844,216.5800018310547,216.13999938964844,216.55650329589844,216.55650329589844,529376,False
2024-09-16 11:30:00-04:00,216.5500030517578,216.5800018310547,216.3600006103516,216.4199981689453,216.4199981689453,435245,False
2024-09-16 11:35:00-04:00,216.41000366210935,216.4199981689453,215.85499572753903,216.06500244140625,216.06500244140625,615523,False
2024-09-16 11:40:00-04:00,216.0850067138672,216.0850067138672,215.5800018310547,215.5800018310547,215.5800018310547,334209,False
2024-09-16 11:45:00-04:00,215.5800018310547,215.71499633789065,215.5,215.66000366210935,215.66000366210935,367711,False
2024-09-16 11:50:00-04:00,215.6649932861328,216.12969970703125,215.5800018310547,216.1100006103516,216.1100006103516,324114,False
2024-09-16 11:55:00-04:00,216.1100006103516,216.1499938964844,215.83999633789065,215.9550018310547,215.9550018310547,310215,False
2024-09-16 12:00:00-04:00,215.97000122070312,216.0200042724609,215.7899932861328,215.8294982910156,215.8294982910156,293273,False
2024-09-16 12:05:00-04:00,215.82000732421875,216.0500030517578,215.7899932861328,215.92999267578125,215.92999267578125,295879,False
2024-09-16 12:10:00-04:00,215.9499969482422,216.0500030517578,215.3999938964844,215.4750061035156,215.4750061035156,375998,False
2024-09-16 12:15:00-04:00,215.4750061035156,215.4900054931641,214.97000122070312,215.1199951171875,215.1199951171875,671113,False
2024-09-16 12:20:00-04:00,215.1199951171875,215.25759887695312,214.91000366210935,215.2250061035156,215.2250061035156,484989,False
2024-09-16 12:25:00-04:00,215.22000122070312,215.47000122070312,215.22000122070312,215.3999938964844,215.3999938964844,344252,False
2024-09-16 12:30:00-04:00,215.38999938964844,215.4499969482422,214.92010498046875,215.1100006103516,215.1100006103516,423239,False
2024-09-16 12:35:00-04:00,215.10499572753903,215.3500061035156,215.0,215.25,215.25,339692,False
2024-09-16 12:40:00-04:00,215.2449951171875,215.2700042724609,215.0399932861328,215.1656036376953,215.1656036376953,271246,False
2024-09-16 12:45:00-04:00,215.16000366210935,215.33999633789065,215.1199951171875,215.2899932861328,215.2899932861328,318644,False
2024-09-16 12:50:00-04:00,215.28880310058597,215.6000061035156,215.25999450683597,215.53900146484372,215.53900146484372,352344,False
2024-09-16 12:55:00-04:00,215.52999877929688,215.7100067138672,215.50999450683597,215.58999633789065,215.58999633789065,297299,False
2024-09-16 13:00:00-04:00,215.58560180664065,215.7100067138672,215.5200042724609,215.58999633789065,215.58999633789065,258614,True
2024-09-16 13:05:00-04:00,215.58999633789065,215.85940551757807,215.5800018310547,215.72999572753903,215.72999572753903,304436,False
2024-09-16 13:10:00-04:00,215.72999572753903,215.82000732421875,215.6300048828125,215.72000122070312,215.72000122070312,263350,False
2024-09-16 13:15:00-04:00,215.7400054931641,215.83999633789065,215.61019897460935,215.80999755859372,215.80999755859372,287240,False
2024-09-16 13:20:00-04:00,215.8000030517578,215.97000122070312,215.6000061035156,215.9503936767578,215.9503936767578,278112,False
2024-09-16 13:25:00-04:00,215.9499969482422,215.97999572753903,215.68980407714844,215.96499633789065,215.96499633789065,353926,False
2024-09-16 13:30:00-04:00,215.9600067138672,216.0196075439453,215.7700042724609,215.8699951171875,215.8699951171875,290457,False
2024-09-16 13:35:00-04:00,215.8600006103516,216.05990600585935,215.75,215.875,215.875,383235,False
2024-09-16 13:40:00-04:00,215.87860107421875,216.1499938964844,215.75,216.05999755859372,216.05999755859372,384320,False
2024-09-16 13:45:00-04:00,216.1000061035156,216.3498992919922,216.08999633789065,216.2400054931641,216.2400054931641,278297,False
2024-09-16 13:50:00-04:00,216.22999572753903,216.3999938964844,216.17999267578125,216.1999969482422,216.1999969482422,255109,False
2024-09-16 13:55:00-04:00,216.19000244140625,216.2400054931641,216.0800018310547,216.22000122070312,216.22000122070312,357110,False
2024-09-16 14:00:00-04:00,216.21499633789065,216.2400054931641,216.1699981689453,216.17999267578125,216.17999267578125,261554,True
2024-09-16 14:05:00-04:00,216.17999267578125,216.33999633789065,216.1100006103516,216.33169555664065,216.33169555664065,323813,False
2024-09-16 14:10:00-04:00,216.33009338378903,216.4900054931641,216.2487945556641,216.2700042724609,216.2700042724609,316017,False
2024-09-16 14:15:00-04:00,216.26499938964844,216.3999938964844,216.22000122070312,216.2655029296875,216.2655029296875,232558,False
2024-09-16 14:20:00-04:00,216.2700042724609,216.5200042724609,216.25999450683597,216.4250030517578,216.4250030517578,280168,False
2024-09-16 14:25:00-04:00,216.4250030517578,216.50390625,216.2899932861328,216.42999267578125,216.42999267578125,244252,False
2024-09-16 14:30:00-04:00,216.4250030517578,216.44000244140625,216.3000030517578,216.31500244140625,216.31500244140625,246125,False
2024-09-16 14:35:00-04:00,216.30999755859372,216.44200134277344,216.30999755859372,216.3950042724609,216.3950042724609,236489,False
2024-09-16 14:40:00-04:00,216.3999938964844,216.4499969482422,216.281005859375,216.30999755859372,216.30999755859372,351536,False
2024-09-16 14:45:00-04:00,216.32000732421875,216.33999633789065,216.1000061035156,216.2749938964844,216.2749938964844,418221,False
2024-09-16 14:50:00-04:00,216.2700042724609,216.3699951171875,216.1100006103516,216.1199951171875,216.1199951171875,286104,False
2024-09-16 14:55:00-04:00,216.1199951171875,216.4497985839844,215.97999572753903,216.3999938964844,216.3999938964844,403600,False
2024-09-16 15:00:00-04:00,216.40499877929688,216.4499969482422,216.1649932861328,216.3300018310547,216.3300018310547,288090,False
2024-09-16 15:05:00-04:00,216.3300018310547,216.41000366210935,216.25,216.30999755859372,216.30999755859372,353326,False
2024-09-16 15:10:00-04:00,216.32000732421875,216.466796875,216.1300048828125,216.1602020263672,216.1602020263672,393716,False
2024-09-16 15:15:00-04:00,216.16000366210935,216.18690490722656,215.9199981689453,216.0249938964844,216.0249938964844,470333,False
2024-09-16 15:20:00-04:00,216.0249938964844,216.12989807128903,215.9199981689453,216.09500122070312,216.09500122070312,327044,False
2024-09-16 15:25:00-04:00,216.1100006103516,216.2899932861328,216.1100006103516,216.2250061035156,216.2250061035156,369583,False
2024-09-16 15:30:00-04:00,216.2250061035156,216.47999572753903,216.22000122070312,216.47999572753903,216.47999572753903,452829,False
2024-09-16 15:35:00-04:00,216.47999572753903,216.6999969482422,216.38999938964844,216.6199951171875,216.6199951171875,703643,False
2024-09-16 15:40:00-04:00,216.6300048828125,216.6999969482422,216.47999572753903,216.5249938964844,216.5249938964844,557336,False
2024-09-16 15:45:00-04:00,216.52999877929688,216.57000732421875,216.3699951171875,216.46499633789065,216.46499633789065,503883,False
2024-09-16 15:50:00-04:00,216.4600067138672,216.6000061035156,216.17999267578125,216.4987030029297,216.4987030029297,1028150,False
2024-09-16 15:55:00-04:00,216.4900054931641,216.6000061035156,216.19000244140625,216.3000030517578,216.3000030517578,1986383,False
2024-09-17 09:30:00-04:00,215.5,215.6699981689453,214.5449981689453,214.7198944091797,214.7198944091797,3234477,True
2024-09-17 09:35:00-04:00,214.75999450683597,215.7700042724609,214.5,215.57000732421875,215.57000732421875,1233781,False
2024-09-17 09:40:00-04:00,215.3999938964844,216.2899932861328,215.3699951171875,216.0749969482422,216.0749969482422,1229047,False
2024-09-17 09:45:00-04:00,216.05999755859372,216.55999755859372,215.88999938964844,216.0319976806641,216.0319976806641,910502,False
2024-09-17 09:50:00-04:00,216.0413055419922,216.25,215.6199951171875,215.66000366210935,215.66000366210935,690532,False
2024-09-17 09:55:00-04:00,215.6699981689453,216.22000122070312,215.5500030517578,216.22000122070312,216.22000122070312,704121,False
2024-09-17 10:00:00-04:00,216.2400054931641,216.4499053955078,216.02999877929688,216.38999938964844,216.38999938964844,606792,False
2024-09-17 10:05:00-04:00,216.3500061035156,216.35009765625,215.8800048828125,216.02999877929688,216.02999877929688,663342,False
2024-09-17 10:10:00-04:00,216.00999450683597,216.22999572753903,215.72000122070312,215.9799041748047,215.9799041748047,680469,False
2024-09-17 10:15:00-04:00,215.9499969482422,216.1300048828125,215.6199951171875,216.1300048828125,216.1300048828125,523079,False
2024-09-17 10:20:00-04:00,216.1199951171875,216.1300048828125,215.8000030517578,215.9499969482422,215.9499969482422,430913,False
2024-09-17 10:25:00-04:00,215.9499969482422,216.52999877929688,215.9499969482422,216.4199981689453,216.4199981689453,630447,False
2024-09-17 10:30:00-04:00,216.3999938964844,216.6999969482422,216.1000061035156,216.37989807128903,216.37989807128903,649869,False
2024-09-17 10:35:00-04:00,216.1999969482422,216.4949951171875,216.0,216.4199981689453,216.4199981689453,521619,False
2024-09-17 10:40:00-04:00,216.47000122070312,216.66000366210935,216.4501037597656,216.47000122070312,216.47000122070312,394096,False
2024-09-17 10:45:00-04:00,216.6374969482422,216.88999938964844,216.5802001953125,216.87399291992188,216.87399291992188,569202,False
2024-09-17 10:50:00-04:00,216.8800048828125,216.8999938964844,216.4600067138672,216.5800018310547,216.5800018310547,435863,False
2024-09-17 10:55:00-04:00,216.56500244140625,216.6499938964844,215.88999938964844,216.12989807128903,216.12989807128903,570206,False
2024-09-17 11:00:00-04:00,216.10499572753903,216.3000030517578,215.9600067138672,216.0850067138672,216.0850067138672,431866,False
2024-09-17 11:05:00-04:00,216.0850067138672,216.25999450683597,216.08009338378903,216.17999267578125,216.17999267578125,267895,False
2024-09-17 11:10:00-04:00,216.17999267578125,216.3600006103516,216.0200042724609,216.2899932861328,216.2899932861328,342294,False
2024-09-17 11:15:00-04:00,216.2949981689453,216.46499633789065,216.2949981689453,216.3800048828125,216.3800048828125,300437,False
2024-09-17 11:20:00-04:00,216.38999938964844,216.38999938964844,216.02999877929688,216.26499938964844,216.26499938964844,325741,False
2024-09-17 11:25:00-04:00,216.26499938964844,216.3000030517578,216.0500030517578,216.2050018310547,216.2050018310547,277531,False
2024-09-17 11:30:00-04:00,216.2100067138672,216.3271942138672,216.16000366210935,216.25,216.25,238211,False
2024-09-17 11:35:00-04:00,216.25999450683597,216.31719970703125,216.15249633789065,216.2550048828125,216.2550048828125,267996,False
2024-09-17 11:40:00-04:00,216.25979614257807,216.4199981689453,216.1100006103516,216.37989807128903,216.37989807128903,430127,False
2024-09-17 11:45:00-04:00,216.3650054931641,216.83999633789065,216.3650054931641,216.6000061035156,216.6000061035156,635173,False
2024-09-17 11:50:00-04:00,216.6284942626953,216.7400054931641,216.55999755859372,216.6100006103516,216.6100006103516,257939,False
2024-09-17 11:55:00-04:00,216.60499572753903,216.63999938964844,216.4199981689453,216.5901031494141,216.5901031494141,321863,False
2024-09-17 12:00:00-04:00,216.6000061035156,216.6300048828125,216.27999877929688,216.3350067138672,216.3350067138672,328153,False
2024-09-17 12:05:00-04:00,216.3600006103516,216.5800018310547,216.33999633789065,216.3800048828125,216.3800048828125,243965,False
2024-09-17 12:10:00-04:00,216.35499572753903,216.4499969482422,216.08999633789065,216.2700958251953,216.2700958251953,366363,False
2024-09-17 12:15:00-04:00,216.2700042724609,216.2749938964844,216.0,216.0399932861328,216.0399932861328,381897,False
2024-09-17 12:20:00-04:00,216.0399932861328,216.1100006103516,215.5800018310547,215.75,215.75,661304,False
2024-09-17 12:25:00-04:00,215.75999450683597,215.97000122070312,215.50999450683597,215.75999450683597,215.75999450683597,430378,False
2024-09-17 12:30:00-04:00,215.7700042724609,215.9499969482422,215.5,215.9149932861328,215.9149932861328,439712,False
2024-09-17 12:35:00-04:00,215.9219970703125,216.1750030517578,215.91000366210935,216.1226959228516,216.1226959228516,351203,False
2024-09-17 12:40:00-04:00,216.1300048828125,216.22999572753903,215.92999267578125,216.00999450683597,216.00999450683597,336407,False
2024-09-17 12:45:00-04:00,215.99710083007807,216.08999633789065,215.33999633789065,215.4199981689453,215.4199981689453,519860,False
2024-09-17 12:50:00-04:00,215.3999938964844,215.67019653320312,215.22999572753903,215.57000732421875,215.57000732421875,545576,False
2024-09-17 12:55:00-04:00,215.55999755859372,216.08990478515625,215.5399932861328,215.7949981689453,215.7949981689453,358036,False
2024-09-17 13:00:00-04:00,215.80999755859372,216.05999755859372,215.80999755859372,215.9199981689453,215.9199981689453,356889,False
2024-09-17 13:05:00-04:00,215.92999267578125,216.1100006103516,215.9149932861328,216.00999450683597,216.00999450683597,205647,False
2024-09-17 13:10:00-04:00,216.00999450683597,216.07000732421875,215.6300048828125,215.97999572753903,215.97999572753903,286674,False
2024-09-17 13:15:00-04:00,215.9900054931641,216.07139587402344,215.7801971435547,215.89419555664065,215.89419555664065,267041,False
2024-09-17 13:20:00-04:00,215.8950042724609,216.13999938964844,215.8699951171875,216.0500030517578,216.0500030517578,1042396,False
2024-09-17 13:25:00-04:00,216.0500030517578,216.21499633789065,216.00999450683597,216.1699981689453,216.1699981689453,219912,False
2024-09-17 13:30:00-04:00,216.16000366210935,216.38999938964844,215.82000732421875,215.8600006103516,215.8600006103516,267446,True
2024-09-17 13:35:00-04:00,215.85499572753903,215.9250030517578,215.7700042724609,215.77999877929688,215.77999877929688,169741,False
2024-09-17 13:40:00-04:00,215.7884979248047,215.79800415039065,215.2899932861328,215.3800048828125,215.3800048828125,348195,False
2024-09-17 13:45:00-04:00,215.3600006103516,215.67999267578125,215.05999755859372,215.67559814453125,215.67559814453125,354266,False
2024-09-17 13:50:00-04:00,215.6499938964844,216.0800018310547,215.6100006103516,216.06390380859372,216.06390380859372,382554,False
2024-09-17 13:55:00-04:00,216.05999755859372,216.16000366210935,215.99989318847656,216.13009643554688,216.13009643554688,232996,False
2024-09-17 14:00:00-04:00,216.13999938964844,216.24339294433597,216.05999755859372,216.21929931640625,216.21929931640625,208145,False
2024-09-17 14:05:00-04:00,216.22999572753903,216.3800048828125,216.16000366210935,216.27389526367188,216.27389526367188,295081,False
2024-09-17 14:10:00-04:00,216.2700042724609,216.38999938964844,216.05999755859372,216.1320037841797,216.1320037841797,208946,False
2024-09-17 14:15:00-04:00,216.13999938964844,216.2501983642578,216.05999755859372,216.06500244140625,216.06500244140625,183195,False
2024-09-17 14:20:00-04:00,216.05999755859372,216.30999755859372,215.92999267578125,216.2700042724609,216.2700042724609,366687,False
2024-09-17 14:25:00-04:00,216.25999450683597,216.3249969482422,215.8999938964844,216.1499938964844,216.1499938964844,187344,False
2024-09-17 14:30:00-04:00,216.13999938964844,216.16099548339844,215.99009704589844,216.12339782714844,216.12339782714844,184742,True
2024-09-17 14:35:00-04:00,216.1199951171875,216.1300048828125,215.8600006103516,215.9705047607422,215.9705047607422,263051,False
2024-09-17 14:40:00-04:00,215.97000122070312,216.02999877929688,215.88999938964844,215.9459991455078,215.9459991455078,287489,False
2024-09-17 14:45:00-04:00,215.94000244140625,216.00999450683597,215.3000030517578,215.6300048828125,215.6300048828125,406145,False
2024-09-17 14:50:00-04:00,215.63999938964844,215.72999572753903,215.5,215.71600341796875,215.71600341796875,252152,False
2024-09-17 14:55:00-04:00,215.7100982666016,215.8999938964844,215.66360473632807,215.83999633789065,215.83999633789065,220864,False
2024-09-17 15:00:00-04:00,215.82260131835935,216.0399932861328,215.7899932861328,215.7899932861328,215.7899932861328,294119,False
2024-09-17 15:05:00-04:00,215.7899932861328,216.0498962402344,215.7200927734375,216.01019287109372,216.01019287109372,283389,False
2024-09-17 15:10:00-04:00,216.00120544433597,216.2460021972656,215.97000122070312,216.2350006103516,216.2350006103516,346785,False
2024-09-17 15:15:00-04:00,216.22999572753903,216.3699951171875,216.1300048828125,216.3600006103516,216.3600006103516,413931,False
2024-09-17 15:20:00-04:00,216.3600006103516,216.39419555664065,216.1499938964844,216.16000366210935,216.16000366210935,481649,False
2024-09-17 15:25:00-04:00,216.19000244140625,216.6199951171875,216.1595001220703,216.6100006103516,216.6100006103516,493833,False
2024-09-17 15:30:00-04:00,216.6000061035156,216.7400054931641,216.3300018310547,216.47000122070312,216.47000122070312,503792,True
2024-09-17 15:35:00-04:00,216.47999572753903,216.5,216.17999267578125,216.4199981689453,216.4199981689453,492778,False
2024-09-17 15:40:00-04:00,216.4199981689453,216.5050048828125,216.1699981689453,216.4250030517578,216.4250030517578,430762,False
2024-09-17 15:45:00-04:00,216.4199981689453,216.50999450683597,216.30999755859372,216.42999267578125,216.42999267578125,637662,False
2024-09-17 15:50:00-04:00,216.42999267578125,216.7400054931641,216.30999755859372,216.6199951171875,216.6199951171875,1171748,False
2024-09-17 15:55:00-04:00,216.6100006103516,216.8500061035156,216.4600067138672,216.8500061035156,216.8500061035156,1496785,False
2024-09-18 09:30:00-04:00,218.25,219.16000366210935,218.1721954345703,218.50999450683597,218.50999450683597,2867859,False
2024-09-18 09:35:00-04:00,218.5050048828125,219.5299072265625,218.38499450683597,218.9900054931641,218.9900054931641,1488947,False
2024-09-18 09:40:00-04:00,219.25,219.44000244140625,218.9900054931641,219.07000732421875,219.07000732421875,872158,False
2024-09-18 09:45:00-04:00,219.05999755859372,219.1699981689453,218.63999938964844,218.79429626464844,218.79429626464844,717736,False
2024-09-18 09:50:00-04:00,218.78500366210935,219.3950042724609,218.4600067138672,219.1999969482422,219.1999969482422,848006,False
2024-09-18 09:55:00-04:00,219.17999267578125,219.3999938964844,218.9149932861328,219.1999969482422,219.1999969482422,563386,False
2024-09-18 10:00:00-04:00,219.2100067138672,219.4250030517578,218.97999572753903,219.3950042724609,219.3950042724609,585807,True
2024-09-18 10:05:00-04:00,219.38999938964844,219.8000030517578,219.29010009765625,219.63999938964844,219.63999938964844,831026,False
2024-09-18 10:10:00-04:00,219.6000061035156,219.9499969482422,219.1804962158203,219.91000366210935,219.91000366210935,730329,False
2024-09-18 10:15:00-04:00,219.9199981689453,219.9900054931641,219.44000244140625,219.67999267578125,219.67999267578125,636855,False
2024-09-18 10:20:00-04:00,219.69009399414065,219.78939819335935,219.21499633789065,219.72000122070312,219.72000122070312,526776,False
2024-09-18 10:25:00-04:00,219.6999969482422,220.7350006103516,219.6300048828125,220.7350006103516,220.7350006103516,1050885,False
2024-09-18 10:30:00-04:00,220.7301025390625,220.8699951171875,220.4600067138672,220.67999267578125,220.67999267578125,858875,False
2024-09-18 10:35:00-04:00,220.6999969482422,221.25,220.6999969482422,221.2449951171875,221.2449951171875,959657,False
2024-09-18 10:40:00-04:00,221.2400054931641,221.6100006103516,221.1100006103516,221.5399932861328,221.5399932861328,922478,False
2024-09-18 10:45:00-04:00,221.53500366210935,221.55999755859372,221.05999755859372,221.24989318847656,221.24989318847656,774656,False
2024-09-18 10:50:00-04:00,221.2350006103516,221.41000366210935,221.00999450683597,221.32000732421875,221.32000732421875,699917,False
2024-09-18 10:55:00-04:00,221.31500244140625,221.56939697265625,220.8600006103516,220.92999267578125,220.92999267578125,759207,False
2024-09-18 11:00:00-04:00,220.93499755859372,221.2400054931641,220.8600006103516,221.2400054931641,221.2400054931641,595419,False
2024-09-18 11:05:00-04:00,221.24740600585935,221.39990234375,221.1499938964844,221.17999267578125,221.17999267578125,587198,False
2024-09-18 11:10:00-04:00,221.1750030517578,221.1750030517578,220.72000122070312,220.91000366210935,220.91000366210935,504140,False
2024-09-18 11:15:00-04:00,220.9199981689453,220.94500732421875,220.63999938964844,220.6999969482422,220.6999969482422,348226,False
2024-09-18 11:20:00-04:00,220.6999969482422,220.6999969482422,220.25100708007807,220.3800048828125,220.3800048828125,663915,False
2024-09-18 11:25:00-04:00,220.3999938964844,220.7400054931641,220.30799865722656,220.6300048828125,220.6300048828125,482857,False
2024-09-18 11:30:00-04:00,220.63999938964844,220.65499877929688,220.02999877929688,220.07009887695312,220.07009887695312,517341,False
2024-09-18 11:35:00-04:00,220.07000732421875,220.17999267578125,219.8999938964844,220.00140380859372,220.00140380859372,570382,False
2024-09-18 11:40:00-04:00,219.9900054931641,220.0200042724609,219.75999450683597,219.83999633789065,219.83999633789065,405320,False
2024-09-18 11:45:00-04:00,219.8500061035156,219.9600067138672,219.7050018310547,219.7736053466797,219.7736053466797,439361,False
2024-09-18 11:50:00-04:00,219.77999877929688,219.91000366210935,219.55999755859372,219.8159942626953,219.8159942626953,379828,False
2024-09-18 11:55:00-04:00,219.82899475097656,220.0885009765625,219.5200042724609,219.6114959716797,219.6114959716797,403998,False
2024-09-18 12:00:00-04:00,219.6100006103516,219.92970275878903,219.5500030517578,219.6999969482422,219.6999969482422,251195,True
2024-09-18 12:05:00-04:00,219.7071075439453,219.9949951171875,219.68499755859372,219.97000122070312,219.97000122070312,261050,False
2024-09-18 12:10:00-04:00,219.9750061035156,220.3800048828125,219.97000122070312,220.32000732421875,220.32000732421875,393481,False
2024-09-18 12:15:00-04:00,220.32159423828125,220.55499267578125,220.32159423828125,220.3500061035156,220.3500061035156,359905,False
2024-09-18 12:20:00-04:00,220.34500122070312,220.6999969482422,220.34500122070312,220.6300048828125,220.6300048828125,368727,False
2024-09-18 12:25:00-04:00,220.6300048828125,220.86990356445312,220.6100006103516,220.80999755859372,220.80999755859372,379855,False
2024-09-18 12:30:00-04:00,220.8000030517578,220.8800048828125,220.6999969482422,220.7700042724609,220.7700042724609,232681,False
2024-09-18 12:35:00-04:00,220.7700042724609,221.0,220.72999572753903,220.8999938964844,220.8999938964844,244930,False
2024-09-18 12:40:00-04:00,220.9040985107422,220.9199981689453,220.25999450683597,220.8000030517578,220.8000030517578,650258,False
2024-09-18 12:45:00-04:00,220.7949981689453,221.1199951171875,220.72999572753903,221.0399932861328,221.0399932861328,390468,False
2024-09-18 12:50:00-04:00,221.0500030517578,221.2700042724609,221.00999450683597,221.1100006103516,221.1100006103516,407429,False
2024-09-18 12:55:00-04:00,221.08999633789065,221.3500061035156,221.07000732421875,221.28500366210935,221.28500366210935,369454,False
2024-09-18 13:00:00-04:00,221.28500366210935,221.33999633789065,221.05499267578125,221.12950134277344,221.12950134277344,428872,True
2024-09-18 13:05:00-04:00,221.125,221.1450042724609,220.8800048828125,221.00999450683597,221.00999450683597,353931,False
2024-09-18 13:10:00-04:00,221.0050048828125,221.0800018310547,220.9499969482422,221.00999450683597,221.00999450683597,269708,False
2024-09-18 13:15:00-04:00,221.0200042724609,221.25999450683597,220.90089416503903,221.2449951171875,221.2449951171875,252695,False
2024-09-18 13:20:00-04:00,221.25,221.32000732421875,221.0601043701172,221.0998992919922,221.0998992919922,284090,False
2024-09-18 13:25:00-04:00,221.1000061035156,221.22000122070312,221.02999877929688,221.2100982666016,221.2100982666016,778693,False
2024-09-18 13:30:00-04:00,221.22000122070312,221.5200042724609,221.22000122070312,221.2779998779297,221.2779998779297,415166,False
2024-09-18 13:35:00-04:00,221.2899932861328,221.3800048828125,220.8300018310547,220.84500122070312,220.84500122070312,330437,False
2024-09-18 13:40:00-04:00,220.8500061035156,220.88999938964844,220.66000366210935,220.88999938964844,220.88999938964844,343547,False
2024-09-18 13:45:00-04:00,220.8999938964844,220.9687042236328,220.5399932861328,220.57000732421875,220.57000732421875,354997,False
2024-09-18 13:50:00-04:00,220.57989501953125,220.7400054931641,220.3699951171875,220.6999969482422,220.6999969482422,336654,False
2024-09-18 13:55:00-04:00,220.69000244140625,220.9499969482422,220.6199951171875,220.6815948486328,220.6815948486328,313969,False
2024-09-18 14:00:00-04:00,220.6300048828125,222.6999969482422,219.92999267578125,221.3000030517578,221.3000030517578,1764847,False
2024-09-18 14:05:00-04:00,221.25999450683597,221.5,220.5200042724609,220.95989990234372,220.95989990234372,840088,False
2024-09-18 14:10:00-04:00,220.91470336914065,221.3000030517578,220.3000030517578,221.08999633789065,221.08999633789065,852678,False
2024-09-18 14:15:00-04:00,221.17999267578125,222.0,221.0399932861328,221.8699951171875,221.8699951171875,745773,False
2024-09-18 14:20:00-04:00,221.82000732421875,222.22999572753903,221.5800018310547,221.63999938964844,221.63999938964844,569809,False
2024-09-18 14:25:00-04:00,221.6499938964844,221.72000122070312,220.97000122070312,221.4073028564453,221.4073028564453,549144,False
2024-09-18 14:30:00-04:00,221.4958953857422,221.8500061035156,221.22999572753903,221.67999267578125,221.67999267578125,492001,False
2024-09-18 14:35:00-04:00,221.68499755859372,221.80999755859372,220.2100067138672,220.2899932861328,220.2899932861328,758431,False
2024-09-18 14:40:00-04:00,220.3249969482422,220.5399932861328,219.83999633789065,220.31500244140625,220.31500244140625,638050,False
2024-09-18 14:45:00-04:00,220.25,221.25,220.1999969482422,220.91000366210935,220.91000366210935,554193,False
2024-09-18 14:50:00-04:00,220.87820434570312,221.2198944091797,220.6100006103516,220.75999450683597,220.75999450683597,413643,False
2024-09-18 14:55:00-04:00,220.72000122070312,220.9759063720703,220.0500030517578,220.0500946044922,220.0500946044922,459388,False
2024-09-18 15:00:00-04:00,220.04800415039065,220.08999633789065,219.3500061035156,219.6385040283203,219.6385040283203,667827,True
2024-09-18 15:05:00-04:00,219.6000061035156,219.6000061035156,218.92999267578125,219.17999267578125,219.17999267578125,846180,False
2024-09-18 15:10:00-04:00,219.20199584960935,220.50689697265625,219.0,220.3999938964844,220.3999938964844,680488,False
2024-09-18 15:15:00-04:00,220.3500061035156,220.47999572753903,220.0500030517578,220.4499969482422,220.4499969482422,407383,False
2024-09-18 15:20:00-04:00,220.4900054931641,220.6300048828125,219.4499969482422,220.5850067138672,220.5850067138672,602111,False
2024-09-18 15:25:00-04:00,220.57000732421875,221.7700042724609,220.47999572753903,221.5,221.5,789433,False
2024-09-18 15:30:00-04:00,221.5399932861328,221.7700042724609,220.88999938964844,221.2400054931641,221.2400054931641,585940,False
2024-09-18 15:35:00-04:00,221.2250061035156,221.80999755859372,220.91000366210935,221.33999633789065,221.33999633789065,658133,False
2024-09-18 15:40:00-04:00,221.3500061035156,221.5500030517578,220.75,220.8000030517578,220.8000030517578,665641,False
2024-09-18 15:45:00-04:00,220.82000732421875,220.8500061035156,219.8800048828125,220.3000030517578,220.3000030517578,924891,False
2024-09-18 15:50:00-04:00,220.27999877929688,220.7400054931641,219.9900054931641,220.50999450683597,220.50999450683597,1006406,False
2024-09-18 15:55:00-04:00,220.5200042724609,221.0500030517578,220.5200042724609,220.69000244140625,220.69000244140625,2406695,False
2024-09-19 09:30:00-04:00,225.0,226.08999633789065,224.63999938964844,225.9499969482422,225.9499969482422,3919397,True
2024-09-19 09:35:00-04:00,225.9499969482422,226.6699066162109,225.3999938964844,226.41000366210935,226.41000366210935,1647815,False
2024-09-19 09:40:00-04:00,226.7899932861328,226.8600006103516,226.47000122070312,226.80999755859372,226.80999755859372,1442663,False
2024-09-19 09:45:00-04:00,227.21499633789065,227.22000122070312,226.8300018310547,227.0,227.0,1681375,False
2024-09-19 09:50:00-04:00,227.0,227.1100006103516,226.69000244140625,227.0399932861328,227.0399932861328,1262771,False
2024-09-19 09:55:00-04:00,227.21499633789065,227.4199981689453,226.9600067138672,227.30999755859372,227.30999755859372,1135676,False
2024-09-19 10:00:00-04:00,227.2899932861328,228.19000244140625,227.25,228.1300048828125,228.1300048828125,1445953,False
2024-09-19 10:05:00-04:00,228.1499938964844,228.44000244140625,227.94000244140625,228.1300048828125,228.1300048828125,1142615,False
2024-09-19 10:10:00-04:00,228.25999450683597,228.72999572753903,228.1699981689453,228.7100067138672,228.7100067138672,1224490,False
2024-09-19 10:15:00-04:00,228.6100006103516,228.77999877929688,228.4499969482422,228.4499969482422,228.4499969482422,948236,False
2024-09-19 10:20:00-04:00,228.4600067138672,229.0449981689453,228.42999267578125,229.0449981689453,229.0449981689453,1249657,False
2024-09-19 10:25:00-04:00,229.06500244140625,229.6000061035156,229.00999450683597,229.4949951171875,229.4949951171875,1139860,False
2024-09-19 10:30:00-04:00,229.58999633789065,229.7400054931641,229.44000244140625,229.5200042724609,229.5200042724609,930820,False
2024-09-19 10:35:00-04:00,229.30999755859372,229.4499969482422,229.1000061035156,229.2400054931641,229.2400054931641,975157,False
2024-09-19 10:40:00-04:00,229.1300048828125,229.1300048828125,228.72999572753903,228.9600067138672,228.9600067138672,809652,False
2024-09-19 10:45:00-04:00,228.7700042724609,228.82000732421875,228.52999877929688,228.82000732421875,228.82000732421875,700223,False
2024-09-19 10:50:00-04:00,228.81500244140625,228.88999938964844,228.3600006103516,228.3600006103516,228.3600006103516,569220,False
2024-09-19 10:55:00-04:00,228.3600006103516,228.46499633789065,227.76010131835935,227.9402008056641,227.9402008056641,804779,False
2024-09-19 11:00:00-04:00,227.94000244140625,228.01649475097656,227.75,227.9250030517578,227.9250030517578,675267,False
2024-09-19 11:05:00-04:00,227.9250030517578,228.3350067138672,227.66000366210935,227.98410034179688,227.98410034179688,868134,False
2024-09-19 11:10:00-04:00,227.97000122070312,228.4199981689453,227.9499969482422,228.2350006103516,228.2350006103516,527744,False
2024-09-19 11:15:00-04:00,228.2250061035156,228.48899841308597,228.02130126953125,228.4698944091797,228.4698944091797,657564,False
2024-09-19 11:20:00-04:00,228.47000122070312,228.69000244140625,228.42999267578125,228.6499938964844,228.6499938964844,462410,False
2024-09-19 11:25:00-04:00,228.6490020751953,228.75,228.27999877929688,228.4900054931641,228.4900054931641,865358,False
2024-09-19 11:30:00-04:00,228.48460388183597,228.69000244140625,228.0,228.2001037597656,228.2001037597656,557356,True
2024-09-19 11:35:00-04:00,228.2100067138672,228.75,228.1999969482422,228.71539306640625,228.71539306640625,1350125,False
2024-09-19 11:40:00-04:00,228.72000122070312,228.7400054931641,228.4550018310547,228.5200042724609,228.5200042724609,394323,False
2024-09-19 11:45:00-04:00,228.4900054931641,228.86990356445312,228.47999572753903,228.70989990234372,228.70989990234372,339461,False
2024-09-19 11:50:00-04:00,228.6999969482422,228.7350006103516,228.1699981689453,228.47999572753903,228.47999572753903,403681,False
2024-09-19 11:55:00-04:00,228.4750061035156,228.6000061035156,228.27999877929688,228.3699951171875,228.3699951171875,266629,False
2024-09-19 12:00:00-04:00,228.3699951171875,228.92990112304688,228.27999877929688,228.8780059814453,228.8780059814453,362462,False
2024-09-19 12:05:00-04:00,228.8800048828125,229.0,228.75999450683597,228.9750061035156,228.9750061035156,298509,False
2024-09-19 12:10:00-04:00,228.97000122070312,229.05499267578125,228.67010498046875,228.72999572753903,228.72999572753903,360064,False
2024-09-19 12:15:00-04:00,228.7250061035156,229.13999938964844,228.55999755859372,229.0200042724609,229.0200042724609,563406,False
2024-09-19 12:20:00-04:00,229.02999877929688,229.17999267578125,228.83999633789065,229.0,229.0,471125,False
2024-09-19 12:25:00-04:00,228.9900054931641,229.05999755859372,228.9199981689453,228.9949951171875,228.9949951171875,362453,False
2024-09-19 12:30:00-04:00,228.9900054931641,229.1450042724609,228.7899932861328,228.9626007080078,228.9626007080078,336603,True
2024-09-19 12:35:00-04:00,228.9584045410156,229.08999633789065,228.92999267578125,229.03500366210935,229.03500366210935,266945,False
2024-09-19 12:40:00-04:00,229.03500366210935,229.1699981689453,228.91000366210935,229.0500030517578,229.0500030517578,479262,False
2024-09-19 12:45:00-04:00,229.04010009765625,229.25,229.0200042724609,229.18499755859372,229.18499755859372,269052,False
2024-09-19 12:50:00-04:00,229.17999267578125,229.3000030517578,229.1199951171875,229.29969787597656,229.29969787597656,380573,False
2024-09-19 12:55:00-04:00,229.29209899902344,229.3300018310547,229.07000732421875,229.17999267578125,229.17999267578125,336713,False
2024-09-19 13:00:00-04:00,229.17999267578125,229.25,229.08999633789065,229.17340087890625,229.17340087890625,308855,False
2024-09-19 13:05:00-04:00,229.1685943603516,229.2350006103516,229.08999633789065,229.22000122070312,229.22000122070312,310230,False
2024-09-19 13:10:00-04:00,229.21499633789065,229.21499633789065,228.7207946777344,228.97000122070312,228.97000122070312,271072,False
2024-09-19 13:15:00-04:00,228.97000122070312,229.1499938964844,228.8699951171875,229.09500122070312,229.09500122070312,707396,False
2024-09-19 13:20:00-04:00,229.1000061035156,229.16000366210935,228.8999938964844,228.9738006591797,228.9738006591797,216900,False
2024-09-19 13:25:00-04:00,228.97999572753903,229.19610595703125,228.97999572753903,229.17010498046875,229.17010498046875,214754,False
2024-09-19 13:30:00-04:00,229.1768951416016,229.25999450683597,229.07000732421875,229.13999938964844,229.13999938964844,274650,False
2024-09-19 13:35:00-04:00,229.13999938964844,229.1999969482422,228.97000122070312,229.1499938964844,229.1499938964844,294856,False
2024-09-19 13:40:00-04:00,229.1499938964844,229.1999969482422,229.02999877929688,229.19500732421875,229.19500732421875,276586,False
2024-09-19 13:45:00-04:00,229.1968994140625,229.3500061035156,229.1499938964844,229.343994140625,229.343994140625,533206,False
2024-09-19 13:50:00-04:00,229.32000732421875,229.41000366210935,229.2700042724609,229.3699951171875,229.3699951171875,388341,False
2024-09-19 13:55:00-04:00,229.37130737304688,229.4557037353516,229.28500366210935,229.3800048828125,229.3800048828125,335988,False
2024-09-19 14:00:00-04:00,229.3800048828125,229.44000244140625,229.27999877929688,229.3999938964844,229.3999938964844,267048,False
2024-09-19 14:05:00-04:00,229.3999938964844,229.41000366210935,229.2700042724609,229.30999755859372,229.30999755859372,326265,False
2024-09-19 14:10:00-04:00,229.3000030517578,229.30999755859372,229.07960510253903,229.07960510253903,229.07960510253903,336936,False
2024-09-19 14:15:00-04:00,229.08399963378903,229.08999633789065,228.47999572753903,228.75999450683597,228.75999450683597,506133,False
2024-09-19 14:20:00-04:00,228.7700042724609,228.8600006103516,228.6499938964844,228.69590759277344,228.69590759277344,371214,False
2024-09-19 14:25:00-04:00,228.69000244140625,228.9199981689453,228.3999938964844,228.8699951171875,228.8699951171875,499218,False
2024-09-19 14:30:00-04:00,228.8699951171875,228.97999572753903,228.8000030517578,228.93429565429688,228.93429565429688,309045,True
2024-09-19 14:35:00-04:00,228.94000244140625,229.07000732421875,228.90440368652344,229.0449981689453,229.0449981689453,340793,False
2024-09-19 14:40:00-04:00,229.0500946044922,229.05999755859372,228.8699951171875,228.97999572753903,228.97999572753903,324246,False
2024-09-19 14:45:00-04:00,228.97999572753903,229.13999938964844,228.8800048828125,228.9199981689453,228.9199981689453,331739,False
2024-09-19 14:50:00-04:00,228.94000244140625,229.0200042724609,228.76010131835935,229.00999450683597,229.00999450683597,338923,False
2024-09-19 14:55:00-04:00,229.0,229.32989501953125,228.85009765625,229.32000732421875,229.32000732421875,354172,False
2024-09-19 15:00:00-04:00,229.32000732421875,229.42990112304688,229.1199951171875,229.3699951171875,229.3699951171875,395658,False
2024-09-19 15:05:00-04:00,229.3504943847656,229.41000366210935,229.1000061035156,229.1999969482422,229.1999969482422,356201,False
2024-09-19 15:10:00-04:00,229.1999969482422,229.3699951171875,229.16000366210935,229.197998046875,229.197998046875,377545,False
2024-09-19 15:15:00-04:00,229.1999969482422,229.30999755859372,228.8999938964844,229.05999755859372,229.05999755859372,452783,False
2024-09-19 15:20:00-04:00,229.07000732421875,229.4900054931641,228.83999633789065,229.44949340820312,229.44949340820312,482020,False
2024-09-19 15:25:00-04:00,229.44700622558597,229.4900054931641,229.30259704589844,229.4671936035156,229.4671936035156,752176,False
2024-09-19 15:30:00-04:00,229.4600067138672,229.4900054931641,229.0850067138672,229.4002990722656,229.4002990722656,537988,True
2024-09-19 15:35:00-04:00,229.4071044921875,229.52999877929688,229.2301025390625,229.4600067138672,229.4600067138672,616857,False
2024-09-19 15:40:00-04:00,229.47000122070312,229.58999633789065,229.13999938964844,229.1649932861328,229.1649932861328,632869,False
2024-09-19 15:45:00-04:00,229.15499877929688,229.47999572753903,229.08999633789065,229.3300018310547,229.3300018310547,676930,False
2024-09-19 15:50:00-04:00,229.32000732421875,229.40499877929688,228.6300048828125,229.2140045166016,229.2140045166016,1810796,False
2024-09-19 15:55:00-04:00,229.1999969482422,229.2449951171875,228.2899932861328,228.82000732421875,228.82000732421875,3101291,False
2024-09-20 09:30:00-04:00,230.1300048828125,230.9750061035156,230.00999450683597,230.9700927734375,230.9700927734375,14454934,False
2024-09-20 09:35:00-04:00,230.97000122070312,231.16000366210935,230.5200042724609,230.52999877929688,230.52999877929688,1637664,False
2024-09-20 09:40:00-04:00,230.52999877929688,230.72999572753903,229.3011016845703,229.65499877929688,229.65499877929688,1592889,False
2024-09-20 09:45:00-04:00,229.75010681152344,229.97999572753903,229.50999450683597,229.94200134277344,229.94200134277344,1089026,False
2024-09-20 09:50:00-04:00,230.3600006103516,230.38999938964844,229.94000244140625,230.0200042724609,230.0200042724609,2341109,False
2024-09-20 09:55:00-04:00,230.0200042724609,230.1000061035156,229.55999755859372,230.0,230.0,1548083,False
2024-09-20 10:00:00-04:00,230.0,230.22999572753903,229.77999877929688,230.0399932861328,230.0399932861328,763539,True
2024-09-20 10:05:00-04:00,230.0399932861328,230.3572998046875,229.9499969482422,230.13009643554688,230.13009643554688,731984,False
2024-09-20 10:10:00-04:00,230.1336975097656,230.3300018310547,229.6100006103516,229.80999755859372,229.80999755859372,808503,False
2024-09-20 10:15:00-04:00,229.80999755859372,230.07000732421875,229.5800018310547,229.72000122070312,229.72000122070312,2337023,False
2024-09-20 10:20:00-04:00,229.7100067138672,229.8267059326172,229.3699951171875,229.80999755859372,229.80999755859372,991611,False
2024-09-20 10:25:00-04:00,229.80999755859372,230.07000732421875,229.5399932861328,230.0345001220703,230.0345001220703,688166,False
2024-09-20 10:30:00-04:00,230.02999877929688,230.2700042724609,229.5800018310547,230.19009399414065,230.19009399414065,679372,False
2024-09-20 10:35:00-04:00,230.19000244140625,230.5800018310547,230.0500030517578,230.4750061035156,230.4750061035156,890474,False
2024-09-20 10:40:00-04:00,230.4600067138672,230.5800018310547,230.1199951171875,230.5039978027344,230.5039978027344,830544,False
2024-09-20 10:45:00-04:00,230.47000122070312,230.5500030517578,230.22999572753903,230.3500061035156,230.3500061035156,706659,False
2024-09-20 10:50:00-04:00,230.3500061035156,230.5,229.8999938964844,229.91000366210935,229.91000366210935,673494,False
2024-09-20 10:55:00-04:00,229.9199981689453,230.3800048828125,229.91000366210935,230.30499267578125,230.30499267578125,568689,False
2024-09-20 11:00:00-04:00,230.30499267578125,230.3800048828125,230.09800720214844,230.1999969482422,230.1999969482422,462647,True
2024-09-20 11:05:00-04:00,230.30999755859372,230.4850006103516,230.1699981689453,230.41000366210935,230.41000366210935,574779,False
2024-09-20 11:10:00-04:00,230.41000366210935,230.4199981689453,229.6199951171875,229.63999938964844,229.63999938964844,743819,False
2024-09-20 11:15:00-04:00,229.6419982910156,229.67999267578125,229.1999969482422,229.27999877929688,229.27999877929688,866902,False
2024-09-20 11:20:00-04:00,229.25,230.0,229.25,229.9727020263672,229.9727020263672,4793952,False
2024-09-20 11:25:00-04:00,229.97999572753903,230.2100067138672,229.72999572753903,229.7700042724609,229.7700042724609,705812,False
2024-09-20 11:30:00-04:00,229.75999450683597,230.3800048828125,229.7400054931641,230.3800048828125,230.3800048828125,1174922,False
2024-09-20 11:35:00-04:00,230.3800048828125,230.6999969482422,230.0399932861328,230.4900054931641,230.4900054931641,862682,False
2024-09-20 11:40:00-04:00,230.49290466308597,230.67990112304688,230.3000030517578,230.625,230.625,629110,False
2024-09-20 11:45:00-04:00,230.6300048828125,230.9499053955078,230.3999938964844,230.931396484375,230.931396484375,714598,False
2024-09-20 11:50:00-04:00,230.92999267578125,230.92999267578125,230.58999633789065,230.6999969482422,230.6999969482422,598253,False
2024-09-20 11:55:00-04:00,230.72000122070312,230.88999938964844,230.6499938964844,230.80999755859372,230.80999755859372,553768,False
2024-09-20 12:00:00-04:00,230.8000030517578,231.3094024658203,230.75,231.16000366210935,231.16000366210935,799024,True
2024-09-20 12:05:00-04:00,231.1699981689453,231.47999572753903,231.13999938964844,231.3500061035156,231.3500061035156,656533,False
2024-09-20 12:10:00-04:00,231.38999938964844,231.47000122070312,231.19000244140625,231.343994140625,231.343994140625,474541,False
2024-09-20 12:15:00-04:00,231.343994140625,231.42999267578125,231.1501007080078,231.38999938964844,231.38999938964844,437510,False
2024-09-20 12:20:00-04:00,231.38999938964844,231.57000732421875,231.27999877929688,231.46499633789065,231.46499633789065,540264,False
2024-09-20 12:25:00-04:00,231.46499633789065,231.7400054931641,231.3999938964844,231.72999572753903,231.72999572753903,473514,False
2024-09-20 12:30:00-04:00,231.72000122070312,231.75,231.55999755859372,231.6114044189453,231.6114044189453,453836,False
2024-09-20 12:35:00-04:00,231.6199951171875,231.7400054931641,231.33009338378903,231.6750030517578,231.6750030517578,531711,False
2024-09-20 12:40:00-04:00,231.6699981689453,231.6750030517578,231.4600067138672,231.52999877929688,231.52999877929688,467096,False
2024-09-20 12:45:00-04:00,231.52999877929688,231.83999633789065,231.4600067138672,231.8199005126953,231.8199005126953,583865,False
2024-09-20 12:50:00-04:00,231.8000030517578,231.8800048828125,231.55499267578125,231.63890075683597,231.63890075683597,450561,False
2024-09-20 12:55:00-04:00,231.63499450683597,231.9199981689453,231.62440490722656,231.84500122070312,231.84500122070312,486050,False
2024-09-20 13:00:00-04:00,231.84500122070312,231.8999938964844,231.3916015625,231.4850006103516,231.4850006103516,565154,False
2024-09-20 13:05:00-04:00,231.47999572753903,231.8000030517578,231.3500061035156,231.6750030517578,231.6750030517578,531355,False
2024-09-20 13:10:00-04:00,231.6750030517578,231.7400054931641,231.41000366210935,231.67100524902344,231.67100524902344,540446,False
2024-09-20 13:15:00-04:00,231.6851043701172,231.72000122070312,231.2400054931641,231.33999633789065,231.33999633789065,544980,False
2024-09-20 13:20:00-04:00,231.3300018310547,231.3800048828125,230.6100006103516,230.66000366210935,230.66000366210935,764981,False
2024-09-20 13:25:00-04:00,230.6499938964844,230.9199066162109,230.6199951171875,230.75,230.75,565848,False
2024-09-20 13:30:00-04:00,230.7400054931641,231.1999969482422,230.7400054931641,231.16400146484372,231.16400146484372,661431,False
2024-09-20 13:35:00-04:00,231.1649932861328,231.25999450683597,231.1499938964844,231.24270629882807,231.24270629882807,448576,False
2024-09-20 13:40:00-04:00,231.2449951171875,231.2449951171875,230.6539001464844,230.6649932861328,230.6649932861328,528193,False
2024-09-20 13:45:00-04:00,230.6499938964844,230.94000244140625,230.6499938964844,230.875,230.875,484750,False
2024-09-20 13:50:00-04:00,230.875,230.92930603027344,230.6100006103516,230.80499267578125,230.80499267578125,444023,False
2024-09-20 13:55:00-04:00,230.8000030517578,230.97999572753903,230.6300048828125,230.6649932861328,230.6649932861328,874446,False
2024-09-20 14:00:00-04:00,230.6649932861328,230.77999877929688,229.97000122070312,230.0800018310547,230.0800018310547,966045,True
2024-09-20 14:05:00-04:00,230.0800018310547,230.52999877929688,230.0800018310547,230.27999877929688,230.27999877929688,680677,False
2024-09-20 14:10:00-04:00,230.2700042724609,230.27999877929688,229.6000061035156,230.0800018310547,230.0800018310547,927463,False
2024-09-20 14:15:00-04:00,230.08050537109372,230.1999969482422,229.7449951171875,229.75999450683597,229.75999450683597,618924,False
2024-09-20 14:20:00-04:00,229.7400054931641,229.9949951171875,229.6699981689453,229.6800994873047,229.6800994873047,609772,False
2024-09-20 14:25:00-04:00,229.68499755859372,229.90989685058597,229.6000061035156,229.77720642089844,229.77720642089844,626180,False
2024-09-20 14:30:00-04:00,229.7700042724609,229.9199981689453,229.52999877929688,229.53500366210935,229.53500366210935,571025,False
2024-09-20 14:35:00-04:00,229.5399932861328,230.1699981689453,229.5,230.07000732421875,230.07000732421875,989745,False
2024-09-20 14:40:00-04:00,230.05999755859372,230.27999877929688,229.8800048828125,229.96099853515625,229.96099853515625,787747,False
2024-09-20 14:45:00-04:00,229.96600341796875,230.67999267578125,229.94000244140625,230.58999633789065,230.58999633789065,838301,False
2024-09-20 14:50:00-04:00,230.5800018310547,231.3000030517578,230.5800018310547,231.28500366210935,231.28500366210935,1141798,False
2024-09-20 14:55:00-04:00,231.3000030517578,231.6100006103516,231.1499938964844,231.47999572753903,231.47999572753903,1063957,False
2024-09-20 15:00:00-04:00,231.47799682617188,231.60980224609372,231.3000030517578,231.55880737304688,231.55880737304688,841825,False
2024-09-20 15:05:00-04:00,231.55499267578125,231.6000061035156,231.30999755859372,231.38009643554688,231.38009643554688,673531,False
2024-09-20 15:10:00-04:00,231.3999938964844,231.6100006103516,231.1999969482422,231.44500732421875,231.44500732421875,984746,False
2024-09-20 15:15:00-04:00,231.44500732421875,231.57000732421875,231.3999938964844,231.4900054931641,231.4900054931641,632136,False
2024-09-20 15:20:00-04:00,231.50999450683597,231.8999938964844,231.5,231.83999633789065,231.83999633789065,940264,False
2024-09-20 15:25:00-04:00,231.8500061035156,232.0,231.6000061035156,231.9750061035156,231.9750061035156,1081887,False
2024-09-20 15:30:00-04:00,231.9750061035156,232.25999450683597,231.8112030029297,232.23280334472656,232.23280334472656,1585045,False
2024-09-20 15:35:00-04:00,232.2400054931641,232.8600006103516,232.10499572753903,232.8300018310547,232.8300018310547,1602088,False
2024-09-20 15:40:00-04:00,232.8300018310547,233.08999633789065,232.6999969482422,232.91000366210935,232.91000366210935,2100731,False
2024-09-20 15:45:00-04:00,232.8999938964844,232.9199981689453,232.4199981689453,232.75999450683597,232.75999450683597,2351692,False
2024-09-20 15:50:00-04:00,232.75999450683597,232.82000732421875,230.92999267578125,232.0050048828125,232.0050048828125,6945237,False
2024-09-20 15:55:00-04:00,231.97000122070312,232.0500030517578,227.6199951171875,228.52999877929688,228.52999877929688,10957319,False
2024-09-23 09:30:00-04:00,227.33999633789065,227.52999877929688,225.8600006103516,226.69000244140625,226.69000244140625,4462853,True
2024-09-23 09:35:00-04:00,226.72000122070312,227.8000030517578,226.19000244140625,227.7700042724609,227.7700042724609,1492770,False
2024-09-23 09:40:00-04:00,227.77999877929688,227.83999633789065,227.1499938964844,227.30499267578125,227.30499267578125,1102477,False
2024-09-23 09:45:00-04:00,227.2899932861328,227.8000030517578,226.94039916992188,227.72999572753903,227.72999572753903,817375,False
2024-09-23 09:50:00-04:00,227.7400054931641,227.76499938964844,227.05999755859372,227.25999450683597,227.25999450683597,693242,False
2024-09-23 09:55:00-04:00,227.22999572753903,227.4600067138672,226.88999938964844,226.93499755859372,226.93499755859372,680951,False
2024-09-23 10:00:00-04:00,226.93499755859372,227.2393035888672,226.44000244140625,226.4499969482422,226.4499969482422,773613,False
2024-09-23 10:05:00-04:00,226.4499969482422,226.7899932861328,226.3600006103516,226.41000366210935,226.41000366210935,668466,False
2024-09-23 10:10:00-04:00,226.4199981689453,226.75999450683597,226.2899932861328,226.5,226.5,608478,False
2024-09-23 10:15:00-04:00,226.5200042724609,227.4499969482422,226.46499633789065,227.31500244140625,227.31500244140625,638859,False
2024-09-23 10:20:00-04:00,227.30999755859372,228.07000732421875,227.30999755859372,227.92950439453125,227.92950439453125,875257,False
2024-09-23 10:25:00-04:00,227.939697265625,228.02310180664065,227.6000061035156,228.00999450683597,228.00999450683597,557500,False
2024-09-23 10:30:00-04:00,228.00999450683597,228.13999938964844,227.72000122070312,227.77999877929688,227.77999877929688,529877,True
2024-09-23 10:35:00-04:00,227.78990173339844,228.08999633789065,227.6300048828125,227.7899932861328,227.7899932861328,518545,False
2024-09-23 10:40:00-04:00,227.75999450683597,228.38999938964844,227.75999450683597,228.3094940185547,228.3094940185547,583473,False
2024-09-23 10:45:00-04:00,228.30999755859372,229.125,228.22999572753903,228.97999572753903,228.97999572753903,754784,False
2024-09-23 10:50:00-04:00,228.98019409179688,229.4499969482422,228.8300018310547,229.21730041503903,229.21730041503903,630739,False
2024-09-23 10:55:00-04:00,229.21499633789065,229.22000122070312,228.6300048828125,228.7050018310547,228.7050018310547,1438375,False
2024-09-23 11:00:00-04:00,228.7001037597656,228.8800048828125,228.6199951171875,228.7079925537109,228.7079925537109,351769,False
2024-09-23 11:05:00-04:00,228.7050018310547,228.8300018310547,228.55999755859372,228.81509399414065,228.81509399414065,495107,False
2024-09-23 11:10:00-04:00,228.8249969482422,228.8300018310547,228.5749969482422,228.6699981689453,228.6699981689453,309870,False
2024-09-23 11:15:00-04:00,228.66000366210935,228.8000030517578,228.25999450683597,228.3699951171875,228.3699951171875,444182,False
2024-09-23 11:20:00-04:00,228.33999633789065,228.63999938964844,228.3365936279297,228.55999755859372,228.55999755859372,232911,False
2024-09-23 11:25:00-04:00,228.57699584960935,228.72999572753903,228.41700744628903,228.6533966064453,228.6533966064453,238268,False
2024-09-23 11:30:00-04:00,228.66000366210935,228.8999938964844,228.66000366210935,228.75999450683597,228.75999450683597,282126,False
2024-09-23 11:35:00-04:00,228.7700042724609,228.77999877929688,228.3800048828125,228.5,228.5,272516,False
2024-09-23 11:40:00-04:00,228.5,228.5,228.27999877929688,228.27999877929688,228.27999877929688,256403,False
2024-09-23 11:45:00-04:00,228.27999877929688,228.3999938964844,228.1000061035156,228.1499938964844,228.1499938964844,294375,False
2024-09-23 11:50:00-04:00,228.16000366210935,228.47000122070312,228.1499938964844,228.33999633789065,228.33999633789065,258768,False
2024-09-23 11:55:00-04:00,228.35499572753903,228.47999572753903,228.25,228.33999633789065,228.33999633789065,197491,False
2024-09-23 12:00:00-04:00,228.33889770507807,228.33889770507807,227.9600067138672,228.07000732421875,228.07000732421875,244046,False
2024-09-23 12:05:00-04:00,228.07000732421875,228.25,227.8500061035156,227.88999938964844,227.88999938964844,225733,False
2024-09-23 12:10:00-04:00,227.8686065673828,227.87989807128903,227.3500061035156,227.5126953125,227.5126953125,474005,False
2024-09-23 12:15:00-04:00,227.51499938964844,227.5200042724609,227.1300048828125,227.2698974609375,227.2698974609375,373178,False
2024-09-23 12:20:00-04:00,227.25999450683597,227.32000732421875,227.0,227.1999969482422,227.1999969482422,374513,False
2024-09-23 12:25:00-04:00,227.2100067138672,227.2100067138672,226.92999267578125,226.94000244140625,226.94000244140625,322614,False
2024-09-23 12:30:00-04:00,226.94000244140625,227.34750366210935,226.91000366210935,227.341796875,227.341796875,301571,False
2024-09-23 12:35:00-04:00,227.3500061035156,227.41000366210935,226.75,226.94940185546875,226.94940185546875,318430,False
2024-09-23 12:40:00-04:00,226.9600067138672,227.1150054931641,226.88999938964844,226.88999938964844,226.88999938964844,173622,False
2024-09-23 12:45:00-04:00,226.88999938964844,226.97999572753903,226.67999267578125,226.95899963378903,226.95899963378903,274980,False
2024-09-23 12:50:00-04:00,226.9600067138672,227.0498962402344,226.7100982666016,226.9678955078125,226.9678955078125,288775,False
2024-09-23 12:55:00-04:00,226.97999572753903,226.97999572753903,226.75,226.760498046875,226.760498046875,205008,False
2024-09-23 13:00:00-04:00,226.7700042724609,227.139892578125,226.6300048828125,227.0200042724609,227.0200042724609,474521,False
2024-09-23 13:05:00-04:00,227.0240020751953,227.0475006103516,226.75999450683597,226.9900054931641,226.9900054931641,311218,False
2024-09-23 13:10:00-04:00,227.0,227.07000732421875,226.8500061035156,226.8600006103516,226.8600006103516,205197,False
2024-09-23 13:15:00-04:00,226.8600006103516,226.9900054931641,226.73049926757807,226.9750061035156,226.9750061035156,230448,False
2024-09-23 13:20:00-04:00,226.9900054931641,227.0500030517578,226.6201019287109,226.7100067138672,226.7100067138672,272127,False
2024-09-23 13:25:00-04:00,226.7100067138672,226.8000030517578,226.65240478515625,226.7400054931641,226.7400054931641,172731,False
2024-09-23 13:30:00-04:00,226.74899291992188,226.9530029296875,226.7100067138672,226.92999267578125,226.92999267578125,186939,False
2024-09-23 13:35:00-04:00,226.94000244140625,226.97999572753903,226.50999450683597,226.57000732421875,226.57000732421875,356060,False
2024-09-23 13:40:00-04:00,226.5749969482422,226.72999572753903,226.5399932861328,226.55999755859372,226.55999755859372,247518,False
2024-09-23 13:45:00-04:00,226.55999755859372,226.7899932861328,226.5500030517578,226.72999572753903,226.72999572753903,218115,False
2024-09-23 13:50:00-04:00,226.7400054931641,227.08999633789065,226.7400054931641,227.0749969482422,227.0749969482422,343689,False
2024-09-23 13:55:00-04:00,227.0749969482422,227.13999938964844,226.9499969482422,227.1000061035156,227.1000061035156,236973,False
2024-09-23 14:00:00-04:00,227.0800018310547,227.17999267578125,226.8710021972656,226.94000244140625,226.94000244140625,241329,False
2024-09-23 14:05:00-04:00,226.92999267578125,227.0200042724609,226.75,226.9900054931641,226.9900054931641,189413,False
2024-09-23 14:10:00-04:00,226.97999572753903,227.00999450683597,226.75,226.76800537109372,226.76800537109372,207734,False
2024-09-23 14:15:00-04:00,226.75,226.8500061035156,226.6719970703125,226.77999877929688,226.77999877929688,187683,False
2024-09-23 14:20:00-04:00,226.77999877929688,226.8999938964844,226.67999267578125,226.82989501953125,226.82989501953125,200373,False
2024-09-23 14:25:00-04:00,226.82000732421875,226.8699951171875,226.6100006103516,226.67999267578125,226.67999267578125,305666,False
2024-09-23 14:30:00-04:00,226.69000244140625,226.75999450683597,226.625,226.69000244140625,226.69000244140625,183512,False
2024-09-23 14:35:00-04:00,226.69500732421875,226.74969482421875,226.6300048828125,226.71029663085935,226.71029663085935,162235,False
2024-09-23 14:40:00-04:00,226.7100067138672,226.72999572753903,226.5200042724609,226.61129760742188,226.61129760742188,187650,False
2024-09-23 14:45:00-04:00,226.6199951171875,226.67999267578125,226.4850006103516,226.6100006103516,226.6100006103516,235343,False
2024-09-23 14:50:00-04:00,226.6300048828125,226.7572021484375,226.6300048828125,226.6699981689453,226.6699981689453,220331,False
2024-09-23 14:55:00-04:00,226.6719970703125,226.75,226.63999938964844,226.67999267578125,226.67999267578125,208066,False
2024-09-23 15:00:00-04:00,226.67999267578125,226.7050018310547,226.5200042724609,226.6100006103516,226.6100006103516,231856,False
2024-09-23 15:05:00-04:00,226.6199951171875,226.67999267578125,226.3531036376953,226.3531036376953,226.3531036376953,342516,False
2024-09-23 15:10:00-04:00,226.3699951171875,226.40879821777344,225.8999938964844,226.00999450683597,226.00999450683597,606649,False
2024-09-23 15:15:00-04:00,226.00999450683597,226.389892578125,226.0,226.2899932861328,226.2899932861328,488147,False
2024-09-23 15:20:00-04:00,226.32989501953125,226.3699951171875,226.1000061035156,226.16000366210935,226.16000366210935,426918,False
2024-09-23 15:25:00-04:00,226.16000366210935,226.32000732421875,226.08999633789065,226.2899932861328,226.2899932861328,332390,False
2024-09-23 15:30:00-04:00,226.27999877929688,226.55990600585935,226.22000122070312,226.4900054931641,226.4900054931641,405691,True
2024-09-23 15:35:00-04:00,226.4900054931641,226.6999969482422,226.3999938964844,226.3999938964844,226.3999938964844,666746,False
2024-09-23 15:40:00-04:00,226.3999938964844,226.4600067138672,225.87440490722656,225.9900054931641,225.9900054931641,554686,False
2024-09-23 15:45:00-04:00,225.9900054931641,226.2899932861328,225.80999755859372,226.19639587402344,226.19639587402344,642434,False
2024-09-23 15:50:00-04:00,226.22000122070312,226.22000122070312,225.9900054931641,226.1300048828125,226.1300048828125,665691,False
2024-09-23 15:55:00-04:00,226.17999267578125,226.63999938964844,226.1199951171875,226.4499969482422,226.4499969482422,1462205,False
2024-09-24 09:30:00-04:00,228.6450042724609,229.3500061035156,227.7899932861328,227.8500061035156,227.8500061035156,2192682,False
2024-09-24 09:35:00-04:00,227.8600006103516,228.47000122070312,227.72000122070312,228.06500244140625,228.06500244140625,622899,False
2024-09-24 09:40:00-04:00,228.07000732421875,228.18850708007807,227.2700042724609,227.3300018310547,227.3300018310547,551332,False
2024-09-24 09:45:00-04:00,227.3300018310547,227.8300018310547,227.27999877929688,227.3300018310547,227.3300018310547,511647,False
2024-09-24 09:50:00-04:00,227.3300018310547,227.94000244140625,227.1699981689453,227.4850006103516,227.4850006103516,472985,False
2024-09-24 09:55:00-04:00,227.47999572753903,227.7100067138672,227.3699951171875,227.41000366210935,227.41000366210935,342607,False
2024-09-24 10:00:00-04:00,227.41000366210935,227.42999267578125,226.6000061035156,226.9600067138672,226.9600067138672,801976,True
2024-09-24 10:05:00-04:00,226.97000122070312,227.0200042724609,226.52999877929688,226.6499938964844,226.6499938964844,543886,False
2024-09-24 10:10:00-04:00,226.64990234375,227.0,226.42999267578125,226.47999572753903,226.47999572753903,454926,False
2024-09-24 10:15:00-04:00,226.47999572753903,226.8300018310547,226.32000732421875,226.3500061035156,226.3500061035156,399196,False
2024-09-24 10:20:00-04:00,226.3300018310547,226.55999755859372,226.07000732421875,226.32260131835935,226.32260131835935,371922,False
2024-09-24 10:25:00-04:00,226.32000732421875,226.44000244140625,226.0500030517578,226.07000732421875,226.07000732421875,319997,False
2024-09-24 10:30:00-04:00,226.07000732421875,226.3500061035156,226.00999450683597,226.2198944091797,226.2198944091797,394143,False
2024-09-24 10:35:00-04:00,226.2100067138672,226.32000732421875,225.8650054931641,225.8939971923828,225.8939971923828,552550,False
2024-09-24 10:40:00-04:00,225.8699951171875,226.25,225.7400054931641,225.9949951171875,225.9949951171875,478211,False
2024-09-24 10:45:00-04:00,225.97999572753903,226.47000122070312,225.9550018310547,226.4203948974609,226.4203948974609,406829,False
2024-09-24 10:50:00-04:00,226.42999267578125,227.07000732421875,226.42999267578125,226.92999267578125,226.92999267578125,481063,False
2024-09-24 10:55:00-04:00,226.92999267578125,227.3000030517578,226.7700042724609,227.18499755859372,227.18499755859372,327934,False
2024-09-24 11:00:00-04:00,227.18569946289065,227.33999633789065,227.13999938964844,227.30999755859372,227.30999755859372,368756,True
2024-09-24 11:05:00-04:00,227.31500244140625,227.4499969482422,227.16000366210935,227.2400054931641,227.2400054931641,333283,False
2024-09-24 11:10:00-04:00,227.25559997558597,227.47999572753903,227.2250061035156,227.3699951171875,227.3699951171875,233711,False
2024-09-24 11:15:00-04:00,227.3800048828125,227.47039794921875,227.0749969482422,227.1499938964844,227.1499938964844,222691,False
2024-09-24 11:20:00-04:00,227.16000366210935,227.20989990234372,226.97000122070312,227.1150054931641,227.1150054931641,196725,False
2024-09-24 11:25:00-04:00,227.1199951171875,227.19659423828125,226.92999267578125,227.01210021972656,227.01210021972656,159920,False
2024-09-24 11:30:00-04:00,227.0200042724609,227.1199951171875,226.8800048828125,226.91000366210935,226.91000366210935,182528,False
2024-09-24 11:35:00-04:00,226.90750122070312,226.9600067138672,226.72999572753903,226.8650054931641,226.8650054931641,227870,False
2024-09-24 11:40:00-04:00,226.8650054931641,226.9499969482422,226.6999969482422,226.85629272460935,226.85629272460935,176253,False
2024-09-24 11:45:00-04:00,226.8300018310547,227.17999267578125,226.80999755859372,227.14830017089844,227.14830017089844,256770,False
2024-09-24 11:50:00-04:00,227.13999938964844,227.57620239257807,227.1100006103516,227.5399932861328,227.5399932861328,267576,False
2024-09-24 11:55:00-04:00,227.55999755859372,227.6150054931641,227.4001007080078,227.4499969482422,227.4499969482422,226276,False
2024-09-24 12:00:00-04:00,227.46499633789065,227.6999969482422,227.4600067138672,227.63999938964844,227.63999938964844,207521,False
2024-09-24 12:05:00-04:00,227.63999938964844,227.72000122070312,227.5200042724609,227.625,227.625,172339,False
2024-09-24 12:10:00-04:00,227.6199951171875,227.7393951416016,227.53140258789065,227.72000122070312,227.72000122070312,143731,False
2024-09-24 12:15:00-04:00,227.7100067138672,227.7100067138672,227.44000244140625,227.5800018310547,227.5800018310547,670578,False
2024-09-24 12:20:00-04:00,227.6000061035156,227.69000244140625,227.55499267578125,227.64010620117188,227.64010620117188,177377,False
2024-09-24 12:25:00-04:00,227.6499938964844,227.67999267578125,227.5001983642578,227.5500030517578,227.5500030517578,175754,False
2024-09-24 12:30:00-04:00,227.5399932861328,227.67990112304688,227.47999572753903,227.61019897460935,227.61019897460935,152141,False
2024-09-24 12:35:00-04:00,227.6100006103516,227.75999450683597,227.5366973876953,227.5596923828125,227.5596923828125,242683,False
2024-09-24 12:40:00-04:00,227.54710388183597,227.6300048828125,227.3300018310547,227.43719482421875,227.43719482421875,143399,False
2024-09-24 12:45:00-04:00,227.44500732421875,227.5500030517578,227.33999633789065,227.35989379882807,227.35989379882807,169715,False
2024-09-24 12:50:00-04:00,227.3500061035156,227.3500061035156,227.07000732421875,227.0850067138672,227.0850067138672,160870,False
2024-09-24 12:55:00-04:00,227.0850067138672,227.14990234375,226.97000122070312,227.0,227.0,186933,False
2024-09-24 13:00:00-04:00,227.01950073242188,227.1898956298828,226.92999267578125,227.0200042724609,227.0200042724609,155879,True
2024-09-24 13:05:00-04:00,227.0200042724609,227.17999267578125,226.8500061035156,226.86599731445312,226.86599731445312,214690,False
2024-09-24 13:10:00-04:00,226.889892578125,227.0883026123047,226.80999755859372,227.0800018310547,227.0800018310547,180859,False
2024-09-24 13:15:00-04:00,227.0850067138672,227.2700042724609,227.02999877929688,227.2519989013672,227.2519989013672,156640,False
2024-09-24 13:20:00-04:00,227.2400054931641,227.2400054931641,227.0200042724609,227.13999938964844,227.13999938964844,122679,False
2024-09-24 13:25:00-04:00,227.1300048828125,227.2998962402344,227.1013946533203,227.2400054931641,227.2400054931641,262691,False
2024-09-24 13:30:00-04:00,227.24220275878903,227.47999572753903,227.1499938964844,227.2151031494141,227.2151031494141,181262,False
2024-09-24 13:35:00-04:00,227.2350006103516,227.3686981201172,227.1999969482422,227.3686981201172,227.3686981201172,99576,False
2024-09-24 13:40:00-04:00,227.3600006103516,227.3800048828125,227.21499633789065,227.29800415039065,227.29800415039065,196800,False
2024-09-24 13:45:00-04:00,227.3000030517578,227.3500061035156,227.1999969482422,227.25999450683597,227.25999450683597,149981,False
2024-09-24 13:50:00-04:00,227.2400054931641,227.3600006103516,227.19000244140625,227.31500244140625,227.31500244140625,201924,False
2024-09-24 13:55:00-04:00,227.31500244140625,227.42999267578125,227.2700042724609,227.2899932861328,227.2899932861328,129183,False
2024-09-24 14:00:00-04:00,227.32000732421875,227.38999938964844,227.22999572753903,227.2899932861328,227.2899932861328,129368,False
2024-09-24 14:05:00-04:00,227.27999877929688,227.37989807128903,227.08999633789065,227.2100067138672,227.2100067138672,157583,False
2024-09-24 14:10:00-04:00,227.19000244140625,227.2559967041016,226.8999938964844,227.1450042724609,227.1450042724609,177808,False
2024-09-24 14:15:00-04:00,227.14990234375,227.1598052978516,226.8699951171875,227.08999633789065,227.08999633789065,240411,False
2024-09-24 14:20:00-04:00,227.0800018310547,227.13999938964844,226.9499969482422,226.97999572753903,226.97999572753903,105294,False
2024-09-24 14:25:00-04:00,226.9900054931641,227.0050048828125,226.80999755859372,226.8791046142578,226.8791046142578,167298,False
2024-09-24 14:30:00-04:00,226.8699951171875,226.97999572753903,226.5399932861328,226.889892578125,226.889892578125,222841,False
2024-09-24 14:35:00-04:00,226.8699951171875,227.04440307617188,226.82000732421875,227.02999877929688,227.02999877929688,169907,False
2024-09-24 14:40:00-04:00,227.01499938964844,227.05880737304688,226.82000732421875,226.92999267578125,226.92999267578125,149260,False
2024-09-24 14:45:00-04:00,226.92999267578125,226.9499969482422,226.7100067138672,226.82000732421875,226.82000732421875,183440,False
2024-09-24 14:50:00-04:00,226.80999755859372,226.9850006103516,226.77999877929688,226.97000122070312,226.97000122070312,133256,False
2024-09-24 14:55:00-04:00,226.9600067138672,226.9850006103516,226.80999755859372,226.8699951171875,226.8699951171875,144124,False
2024-09-24 15:00:00-04:00,226.8600006103516,226.9499969482422,226.83999633789065,226.91650390625,226.91650390625,144328,False
2024-09-24 15:05:00-04:00,226.9199981689453,226.99989318847656,226.8999938964844,226.92999267578125,226.92999267578125,160085,False
2024-09-24 15:10:00-04:00,226.94000244140625,226.9750061035156,226.83999633789065,226.8950042724609,226.8950042724609,149701,False
2024-09-24 15:15:00-04:00,226.88999938964844,227.0249938964844,226.8650054931641,226.9405975341797,226.9405975341797,178013,False
2024-09-24 15:20:00-04:00,226.9499969482422,226.9900054931641,226.8699951171875,226.97000122070312,226.97000122070312,160968,False
2024-09-24 15:25:00-04:00,226.9600067138672,227.08999633789065,226.93600463867188,227.0260009765625,227.0260009765625,203633,False
2024-09-24 15:30:00-04:00,227.0399932861328,227.16000366210935,227.00999450683597,227.07000732421875,227.07000732421875,241062,False
2024-09-24 15:35:00-04:00,227.06320190429688,227.20509338378903,227.0200042724609,227.1300048828125,227.1300048828125,209789,False
2024-09-24 15:40:00-04:00,227.1300048828125,227.25,227.02999877929688,227.05999755859372,227.05999755859372,824786,False
2024-09-24 15:45:00-04:00,227.08990478515625,227.08990478515625,226.8404998779297,226.8800048828125,226.8800048828125,264959,False
2024-09-24 15:50:00-04:00,226.88999938964844,226.9199981689453,226.38999938964844,226.3999938964844,226.3999938964844,815106,False
2024-09-24 15:55:00-04:00,226.3999938964844,227.5,226.3699951171875,227.3600006103516,227.3600006103516,2301257,False
2024-09-25 09:30:00-04:00,225.25,225.7700042724609,224.6100006103516,225.2290954589844,225.2290954589844,2770216,True
2024-09-25 09:35:00-04:00,225.21499633789065,226.0500030517578,225.19000244140625,225.9980926513672,225.9980926513672,727095,False
2024-09-25 09:40:00-04:00,225.94000244140625,225.94000244140625,225.44000244140625,225.57000732421875,225.57000732421875,695678,False
2024-09-25 09:45:00-04:00,225.58999633789065,226.1499938964844,225.5500030517578,225.9579925537109,225.9579925537109,603131,False
2024-09-25 09:50:00-04:00,226.0399932861328,226.7400054931641,226.03500366210935,226.7400054931641,226.7400054931641,550794,False
2024-09-25 09:55:00-04:00,226.72999572753903,226.97000122070312,226.533203125,226.88999938964844,226.88999938964844,528483,False
2024-09-25 10:00:00-04:00,226.8950042724609,227.0500030517578,226.6100006103516,226.77999877929688,226.77999877929688,464455,False
2024-09-25 10:05:00-04:00,226.7749938964844,227.22000122070312,226.6699981689453,227.20399475097656,227.20399475097656,435124,False
2024-09-25 10:10:00-04:00,227.22000122070312,227.2899932861328,226.97999572753903,227.1300048828125,227.1300048828125,373365,False
2024-09-25 10:15:00-04:00,227.1100006103516,227.2100067138672,226.77999877929688,226.8699951171875,226.8699951171875,386028,False
2024-09-25 10:20:00-04:00,226.8401031494141,226.94760131835935,226.50999450683597,226.50999450683597,226.50999450683597,361449,False
2024-09-25 10:25:00-04:00,226.5200042724609,226.66000366210935,226.1300048828125,226.38499450683597,226.38499450683597,578318,False
2024-09-25 10:30:00-04:00,226.2700042724609,226.4750061035156,226.1999969482422,226.3650054931641,226.3650054931641,334068,False
2024-09-25 10:35:00-04:00,226.3500061035156,226.6000061035156,226.30999755859372,226.42999267578125,226.42999267578125,271910,False
2024-09-25 10:40:00-04:00,226.42999267578125,226.5189971923828,226.3000030517578,226.3999938964844,226.3999938964844,694818,False
2024-09-25 10:45:00-04:00,226.5399932861328,226.65499877929688,226.3600006103516,226.3800048828125,226.3800048828125,309442,False
2024-09-25 10:50:00-04:00,226.3699951171875,226.7998962402344,226.33099365234372,226.57000732421875,226.57000732421875,295581,False
2024-09-25 10:55:00-04:00,226.55999755859372,226.6000061035156,226.3710021972656,226.3710021972656,226.3710021972656,287880,False
2024-09-25 11:00:00-04:00,226.37989807128903,226.6087951660156,226.2100067138672,226.46499633789065,226.46499633789065,306547,False
2024-09-25 11:05:00-04:00,226.44000244140625,226.6499938964844,226.4199981689453,226.5410003662109,226.5410003662109,177488,False
2024-09-25 11:10:00-04:00,226.5399932861328,226.5399932861328,226.0200042724609,226.1110992431641,226.1110992431641,264626,False
2024-09-25 11:15:00-04:00,226.1100006103516,226.1300048828125,225.88999938964844,226.0,226.0,306641,False
2024-09-25 11:20:00-04:00,225.9850006103516,226.0,225.5500030517578,225.5500030517578,225.5500030517578,431985,False
2024-09-25 11:25:00-04:00,225.52999877929688,225.6499938964844,225.3800048828125,225.4499969482422,225.4499969482422,424744,False
2024-09-25 11:30:00-04:00,225.3999938964844,225.6999969482422,225.32000732421875,225.51829528808597,225.51829528808597,324570,True
2024-09-25 11:35:00-04:00,225.5050048828125,225.83999633789065,225.4900054931641,225.7700958251953,225.7700958251953,331304,False
2024-09-25 11:40:00-04:00,225.8820037841797,225.8820037841797,225.6699981689453,225.76400756835935,225.76400756835935,268775,False
2024-09-25 11:45:00-04:00,225.7698974609375,225.7698974609375,225.6300048828125,225.6699981689453,225.6699981689453,186438,False
2024-09-25 11:50:00-04:00,225.6699981689453,225.6768951416016,225.42999267578125,225.44000244140625,225.44000244140625,268462,False
2024-09-25 11:55:00-04:00,225.3600006103516,225.58999633789065,225.32000732421875,225.50999450683597,225.50999450683597,258290,False
2024-09-25 12:00:00-04:00,225.52999877929688,225.6000061035156,225.45599365234372,225.58999633789065,225.58999633789065,140641,False
2024-09-25 12:05:00-04:00,225.58999633789065,225.6004943847656,225.38999938964844,225.5850067138672,225.5850067138672,201628,False
2024-09-25 12:10:00-04:00,225.58999633789065,225.6150054931641,225.3999938964844,225.50010681152344,225.50010681152344,182132,False
2024-09-25 12:15:00-04:00,225.5200042724609,225.78500366210935,225.4588928222656,225.69000244140625,225.69000244140625,221520,False
2024-09-25 12:20:00-04:00,225.6999969482422,225.9398956298828,225.6999969482422,225.9199981689453,225.9199981689453,244731,False
2024-09-25 12:25:00-04:00,225.9250030517578,225.98989868164065,225.8000030517578,225.8701019287109,225.8701019287109,144823,False
2024-09-25 12:30:00-04:00,225.8600006103516,226.0200042724609,225.781005859375,225.9886932373047,225.9886932373047,185896,False
2024-09-25 12:35:00-04:00,225.99139404296875,225.99139404296875,225.75999450683597,225.78500366210935,225.78500366210935,136790,False
2024-09-25 12:40:00-04:00,225.7899932861328,225.8500061035156,225.6499938964844,225.69500732421875,225.69500732421875,152141,False
2024-09-25 12:45:00-04:00,225.69000244140625,225.77999877929688,225.5399932861328,225.6450042724609,225.6450042724609,169293,False
2024-09-25 12:50:00-04:00,225.6300048828125,225.8800048828125,225.5901031494141,225.8500061035156,225.8500061035156,164458,False
2024-09-25 12:55:00-04:00,225.8600006103516,225.8800048828125,225.77999877929688,225.7998962402344,225.7998962402344,640752,False
2024-09-25 13:00:00-04:00,225.8000030517578,225.88169860839844,225.27099609375,225.65989685058597,225.65989685058597,371043,False
2024-09-25 13:05:00-04:00,225.6499938964844,225.8000030517578,225.4499969482422,225.6300048828125,225.6300048828125,219890,False
2024-09-25 13:10:00-04:00,225.595703125,225.6999969482422,225.4199981689453,225.4199981689453,225.4199981689453,170272,False
2024-09-25 13:15:00-04:00,225.4199981689453,225.55999755859372,225.2700042724609,225.5498962402344,225.5498962402344,256948,False
2024-09-25 13:20:00-04:00,225.5399932861328,225.6300048828125,225.4900054931641,225.5850067138672,225.5850067138672,141148,False
2024-09-25 13:25:00-04:00,225.57000732421875,225.6300048828125,225.3500061035156,225.3600006103516,225.3600006103516,167381,False
2024-09-25 13:30:00-04:00,225.3500061035156,225.4499969482422,225.2250061035156,225.23880004882807,225.23880004882807,176409,False
2024-09-25 13:35:00-04:00,225.2350006103516,225.3999938964844,225.07000732421875,225.22999572753903,225.22999572753903,240568,False
2024-09-25 13:40:00-04:00,225.22000122070312,225.22000122070312,225.02999877929688,225.1100006103516,225.1100006103516,232337,False
2024-09-25 13:45:00-04:00,225.08999633789065,225.1100006103516,224.8800048828125,224.88999938964844,224.88999938964844,380186,False
2024-09-25 13:50:00-04:00,224.88999938964844,225.1529998779297,224.82000732421875,225.02999877929688,225.02999877929688,325341,False
2024-09-25 13:55:00-04:00,225.0200042724609,225.1898956298828,224.8699951171875,224.9600067138672,224.9600067138672,423512,False
2024-09-25 14:00:00-04:00,224.97000122070312,225.08999633789065,224.67999267578125,224.75999450683597,224.75999450683597,396227,False
2024-09-25 14:05:00-04:00,224.75,224.88999938964844,224.50999450683597,224.50999450683597,224.50999450683597,426548,False
2024-09-25 14:10:00-04:00,224.5102996826172,224.53500366210935,224.08999633789065,224.1499938964844,224.1499938964844,777716,False
2024-09-25 14:15:00-04:00,224.1501007080078,224.3999938964844,224.02999877929688,224.28500366210935,224.28500366210935,438699,False
2024-09-25 14:20:00-04:00,224.28610229492188,224.3500061035156,224.1100006103516,224.3300018310547,224.3300018310547,319292,False
2024-09-25 14:25:00-04:00,224.3350067138672,224.8999938964844,224.25999450683597,224.8999938964844,224.8999938964844,414128,False
2024-09-25 14:30:00-04:00,224.88999938964844,224.8999938964844,224.76499938964844,224.8500061035156,224.8500061035156,269364,True
2024-09-25 14:35:00-04:00,224.8574981689453,224.94000244140625,224.78050231933597,224.82000732421875,224.82000732421875,215927,False
2024-09-25 14:40:00-04:00,224.8300018310547,225.0,224.80999755859372,224.96499633789065,224.96499633789065,232845,False
2024-09-25 14:45:00-04:00,224.96499633789065,225.03819274902344,224.92999267578125,224.9801025390625,224.9801025390625,178727,False
2024-09-25 14:50:00-04:00,224.9900054931641,225.1000061035156,224.9250030517578,225.02239990234372,225.02239990234372,247519,False
2024-09-25 14:55:00-04:00,225.0249938964844,225.0299072265625,224.92999267578125,224.9355010986328,224.9355010986328,243339,False
2024-09-25 15:00:00-04:00,224.92999267578125,225.11459350585935,224.91000366210935,225.0868988037109,225.0868988037109,259891,False
2024-09-25 15:05:00-04:00,225.09500122070312,225.097900390625,224.97000122070312,224.97000122070312,224.97000122070312,194825,False
2024-09-25 15:10:00-04:00,224.97999572753903,225.1300048828125,224.97999572753903,225.0749969482422,225.0749969482422,210111,False
2024-09-25 15:15:00-04:00,225.0800018310547,225.139892578125,224.9900054931641,225.08999633789065,225.08999633789065,191453,False
2024-09-25 15:20:00-04:00,225.0941925048828,225.22999572753903,225.0500030517578,225.22000122070312,225.22000122070312,235014,False
2024-09-25 15:25:00-04:00,225.22999572753903,225.32000732421875,225.19000244140625,225.2599029541016,225.2599029541016,271089,False
2024-09-25 15:30:00-04:00,225.25,225.42999267578125,225.19000244140625,225.3650054931641,225.3650054931641,354191,True
2024-09-25 15:35:00-04:00,225.3699951171875,225.50999450683597,225.2899932861328,225.34939575195312,225.34939575195312,412130,False
2024-09-25 15:40:00-04:00,225.34500122070312,225.38999938964844,225.21490478515625,225.3249969482422,225.3249969482422,295151,False
2024-09-25 15:45:00-04:00,225.33999633789065,225.4900054931641,225.3300018310547,225.3600006103516,225.3600006103516,427263,False
2024-09-25 15:50:00-04:00,225.3600006103516,226.0800018310547,225.3600006103516,225.94500732421875,225.94500732421875,852215,False
2024-09-25 15:55:00-04:00,225.92999267578125,226.44000244140625,225.88999938964844,226.30999755859372,226.30999755859372,1711838,False
2024-09-26 09:30:00-04:00,227.0,227.0997009277344,226.4600067138672,226.6199951171875,226.6199951171875,2508864,False
2024-09-26 09:35:00-04:00,226.75,227.0,226.1300048828125,226.2698974609375,226.2698974609375,689074,False
2024-09-26 09:40:00-04:00,226.25,226.33999633789065,225.91000366210935,225.9499969482422,225.9499969482422,665431,False
2024-09-26 09:45:00-04:00,226.0,226.4600067138672,225.88999938964844,226.23989868164065,226.23989868164065,823140,False
2024-09-26 09:50:00-04:00,226.1499938964844,226.67999267578125,226.0399932861328,226.38499450683597,226.38499450683597,623631,False
2024-09-26 09:55:00-04:00,226.3800048828125,226.5800018310547,226.2100067138672,226.5200042724609,226.5200042724609,526097,False
2024-09-26 10:00:00-04:00,226.50999450683597,226.94000244140625,226.0500030517578,226.8999938964844,226.8999938964844,639478,True
2024-09-26 10:05:00-04:00,226.8699951171875,226.9499969482422,226.5399932861328,226.66000366210935,226.66000366210935,385427,False
2024-09-26 10:10:00-04:00,226.83999633789065,226.83999633789065,226.5800018310547,226.63999938964844,226.63999938964844,297755,False
2024-09-26 10:15:00-04:00,226.6300048828125,226.6999969482422,226.4633026123047,226.6000061035156,226.6000061035156,229490,False
2024-09-26 10:20:00-04:00,226.4700927734375,227.05999755859372,226.47000122070312,227.05999755859372,227.05999755859372,366847,False
2024-09-26 10:25:00-04:00,226.9900054931641,227.07000732421875,226.8500061035156,226.8999938964844,226.8999938964844,312814,False
2024-09-26 10:30:00-04:00,226.91000366210935,227.07000732421875,226.52999877929688,227.07000732421875,227.07000732421875,403321,False
2024-09-26 10:35:00-04:00,227.05499267578125,227.94000244140625,227.02999877929688,227.83999633789065,227.83999633789065,691903,False
2024-09-26 10:40:00-04:00,227.82009887695312,228.07000732421875,227.54200744628903,228.0066070556641,228.0066070556641,768747,False
2024-09-26 10:45:00-04:00,228.02999877929688,228.5,227.63999938964844,227.8500061035156,227.8500061035156,801014,False
2024-09-26 10:50:00-04:00,227.8800048828125,227.91619873046875,227.3999938964844,227.6699981689453,227.6699981689453,464597,False
2024-09-26 10:55:00-04:00,227.67999267578125,227.6999969482422,227.1501007080078,227.16000366210935,227.16000366210935,470946,False
2024-09-26 11:00:00-04:00,227.19000244140625,227.6300048828125,227.02999877929688,227.57000732421875,227.57000732421875,475162,False
2024-09-26 11:05:00-04:00,227.57000732421875,227.94000244140625,227.5500030517578,227.68800354003903,227.68800354003903,283712,False
2024-09-26 11:10:00-04:00,227.69000244140625,227.6999969482422,227.08999633789065,227.1499938964844,227.1499938964844,346849,False
2024-09-26 11:15:00-04:00,227.1450042724609,227.38949584960935,226.92999267578125,226.9499969482422,226.9499969482422,285019,False
2024-09-26 11:20:00-04:00,226.960205078125,227.30999755859372,226.9001007080078,227.16000366210935,227.16000366210935,369806,False
2024-09-26 11:25:00-04:00,227.1999969482422,227.39990234375,226.85009765625,227.3896942138672,227.3896942138672,289309,False
2024-09-26 11:30:00-04:00,227.38650512695312,227.44000244140625,226.67999267578125,226.73599243164065,226.73599243164065,317586,False
2024-09-26 11:35:00-04:00,226.7350006103516,227.0196990966797,226.7350006103516,226.9199981689453,226.9199981689453,676143,False
2024-09-26 11:40:00-04:00,226.8999938964844,227.414794921875,226.88999938964844,227.38999938964844,227.38999938964844,361231,False
2024-09-26 11:45:00-04:00,227.3800048828125,227.4499969482422,227.1499938964844,227.2100067138672,227.2100067138672,265684,False
2024-09-26 11:50:00-04:00,227.2400054931641,227.6499938964844,227.2400054931641,227.6300048828125,227.6300048828125,234719,False
2024-09-26 11:55:00-04:00,227.6201019287109,227.82000732421875,227.6100006103516,227.6999969482422,227.6999969482422,200808,False
2024-09-26 12:00:00-04:00,227.69000244140625,227.6999969482422,227.22999572753903,227.2998962402344,227.2998962402344,179629,False
2024-09-26 12:05:00-04:00,227.2946929931641,227.5019989013672,227.24009704589844,227.331298828125,227.331298828125,153820,False
2024-09-26 12:10:00-04:00,227.32000732421875,227.41000366210935,227.0870056152344,227.1199951171875,227.1199951171875,154624,False
2024-09-26 12:15:00-04:00,227.1499938964844,227.2550048828125,227.08030700683597,227.17010498046875,227.17010498046875,117599,False
2024-09-26 12:20:00-04:00,227.1501007080078,227.2400054931641,227.01400756835935,227.1699981689453,227.1699981689453,184509,False
2024-09-26 12:25:00-04:00,227.18499755859372,227.42849731445312,227.173095703125,227.30999755859372,227.30999755859372,146026,False
2024-09-26 12:30:00-04:00,227.31500244140625,227.3699951171875,227.19000244140625,227.19500732421875,227.19500732421875,108374,False
2024-09-26 12:35:00-04:00,227.19000244140625,227.32000732421875,227.1499938964844,227.3000030517578,227.3000030517578,110561,False
2024-09-26 12:40:00-04:00,227.281005859375,227.32000732421875,226.9980010986328,227.32000732421875,227.32000732421875,129087,False
2024-09-26 12:45:00-04:00,227.3249969482422,227.3999938964844,227.2400054931641,227.2400054931641,227.2400054931641,111175,False
2024-09-26 12:50:00-04:00,227.2350006103516,227.2400054931641,227.10369873046875,227.2064971923828,227.2064971923828,157143,False
2024-09-26 12:55:00-04:00,227.20260620117188,227.28729248046875,227.1000061035156,227.25669860839844,227.25669860839844,132424,False
2024-09-26 13:00:00-04:00,227.2400054931641,227.25,226.9739990234375,227.1539001464844,227.1539001464844,189327,False
2024-09-26 13:05:00-04:00,227.1499938964844,227.1999053955078,227.00999450683597,227.08999633789065,227.08999633789065,119379,False
2024-09-26 13:10:00-04:00,227.0885009765625,227.2899932861328,226.92999267578125,226.9499969482422,226.9499969482422,173681,False
2024-09-26 13:15:00-04:00,226.96060180664065,227.1100006103516,226.6699981689453,226.80999755859372,226.80999755859372,215322,False
2024-09-26 13:20:00-04:00,226.8105010986328,227.0200042724609,226.74009704589844,226.8000030517578,226.8000030517578,192875,False
2024-09-26 13:25:00-04:00,226.8000030517578,227.1999053955078,226.77999877929688,227.15499877929688,227.15499877929688,180019,False
2024-09-26 13:30:00-04:00,227.15499877929688,227.44000244140625,227.1499938964844,227.3999938964844,227.3999938964844,247698,False
2024-09-26 13:35:00-04:00,227.35299682617188,227.4199981689453,227.30999755859372,227.3950042724609,227.3950042724609,174624,False
2024-09-26 13:40:00-04:00,227.41000366210935,227.47999572753903,227.30999755859372,227.4499969482422,227.4499969482422,189745,False
2024-09-26 13:45:00-04:00,227.44000244140625,227.4900054931641,227.3350067138672,227.4600067138672,227.4600067138672,194802,False
2024-09-26 13:50:00-04:00,227.4499969482422,227.4900054931641,227.26499938964844,227.360107421875,227.360107421875,182523,False
2024-09-26 13:55:00-04:00,227.3800048828125,227.3800048828125,227.05499267578125,227.13499450683597,227.13499450683597,181966,False
2024-09-26 14:00:00-04:00,227.1499938964844,227.2550048828125,227.08999633789065,227.1147003173828,227.1147003173828,150379,True
2024-09-26 14:05:00-04:00,227.1100006103516,227.13999938964844,226.9709930419922,227.1300048828125,227.1300048828125,218575,False
2024-09-26 14:10:00-04:00,227.1199951171875,227.3699951171875,227.0800018310547,227.32009887695312,227.32009887695312,166462,False
2024-09-26 14:15:00-04:00,227.33999633789065,227.6000061035156,227.3300018310547,227.389892578125,227.389892578125,261276,False
2024-09-26 14:20:00-04:00,227.38999938964844,227.55999755859372,227.33999633789065,227.5200042724609,227.5200042724609,125498,False
2024-09-26 14:25:00-04:00,227.50999450683597,227.7100067138672,227.46499633789065,227.7050018310547,227.7050018310547,176818,False
2024-09-26 14:30:00-04:00,227.7100067138672,227.83999633789065,227.6300048828125,227.6699981689453,227.6699981689453,226522,False
2024-09-26 14:35:00-04:00,227.6699981689453,227.76780700683597,227.6000061035156,227.7100067138672,227.7100067138672,130394,False
2024-09-26 14:40:00-04:00,227.72000122070312,227.72000122070312,227.6199951171875,227.6363983154297,227.6363983154297,124603,False
2024-09-26 14:45:00-04:00,227.6201019287109,227.63999938964844,227.52999877929688,227.57000732421875,227.57000732421875,147713,False
2024-09-26 14:50:00-04:00,227.57000732421875,227.75,227.56500244140625,227.7400054931641,227.7400054931641,142538,False
2024-09-26 14:55:00-04:00,227.72999572753903,227.8414001464844,227.7100067138672,227.76499938964844,227.76499938964844,406922,False
2024-09-26 15:00:00-04:00,227.77999877929688,227.8000030517578,227.6100006103516,227.7700042724609,227.7700042724609,248130,True
2024-09-26 15:05:00-04:00,227.78500366210935,227.79330444335935,227.66009521484372,227.7100067138672,227.7100067138672,142314,False
2024-09-26 15:10:00-04:00,227.7100067138672,227.8650054931641,227.67999267578125,227.8000030517578,227.8000030517578,174857,False
2024-09-26 15:15:00-04:00,227.7899932861328,227.7899932861328,227.5532073974609,227.70989990234372,227.70989990234372,183702,False
2024-09-26 15:20:00-04:00,227.6999969482422,227.7017059326172,227.4620056152344,227.54949951171875,227.54949951171875,211782,False
2024-09-26 15:25:00-04:00,227.56500244140625,227.6295928955078,227.46499633789065,227.5749969482422,227.5749969482422,248466,False
2024-09-26 15:30:00-04:00,227.5800018310547,227.7899932861328,227.5749969482422,227.7100067138672,227.7100067138672,266861,False
2024-09-26 15:35:00-04:00,227.7198028564453,227.7350006103516,227.5800018310547,227.67999267578125,227.67999267578125,203712,False
2024-09-26 15:40:00-04:00,227.67999267578125,227.7281951904297,227.3300018310547,227.3699951171875,227.3699951171875,363342,False
2024-09-26 15:45:00-04:00,227.3699951171875,227.50999450683597,227.2700042724609,227.4900054931641,227.4900054931641,342579,False
2024-09-26 15:50:00-04:00,227.4900054931641,227.4900054931641,227.0500030517578,227.1100006103516,227.1100006103516,666513,False
2024-09-26 15:55:00-04:00,227.1300048828125,227.7400054931641,226.9900054931641,227.6199951171875,227.6199951171875,2091442,False
2024-09-27 09:30:00-04:00,229.0,229.2998962402344,228.6199951171875,229.0800018310547,229.0800018310547,1826791,False
2024-09-27 09:35:00-04:00,229.0800018310547,229.1199951171875,228.32000732421875,228.34719848632807,228.34719848632807,609154,False
2024-09-27 09:40:00-04:00,228.3500061035156,228.6000061035156,227.9900054931641,228.05990600585935,228.05990600585935,594691,False
2024-09-27 09:45:00-04:00,228.05999755859372,228.9611968994141,228.05999755859372,228.83099365234372,228.83099365234372,618780,False
2024-09-27 09:50:00-04:00,228.83999633789065,229.1999969482422,228.75999450683597,228.9900054931641,228.9900054931641,498925,False
2024-09-27 09:55:00-04:00,228.97999572753903,229.11599731445312,228.6000061035156,228.8000030517578,228.8000030517578,335293,False
2024-09-27 10:00:00-04:00,228.80999755859372,229.5200042724609,228.77999877929688,229.1150054931641,229.1150054931641,738564,False
2024-09-27 10:05:00-04:00,229.10679626464844,229.3999938964844,228.9600067138672,229.3000030517578,229.3000030517578,445375,False
2024-09-27 10:10:00-04:00,229.2899932861328,229.3329925537109,228.92999267578125,229.0399932861328,229.0399932861328,408957,False
2024-09-27 10:15:00-04:00,229.0399932861328,229.20989990234372,228.83999633789065,228.889892578125,228.889892578125,330135,False
2024-09-27 10:20:00-04:00,228.8919982910156,229.1602020263672,228.8500061035156,229.0,229.0,375354,False
2024-09-27 10:25:00-04:00,229.0,229.2698974609375,228.91229248046875,228.96499633789065,228.96499633789065,292997,False
2024-09-27 10:30:00-04:00,228.96499633789065,229.00999450683597,228.5,228.5498962402344,228.5498962402344,478859,False
2024-09-27 10:35:00-04:00,228.55999755859372,228.8719940185547,228.5399932861328,228.8300018310547,228.8300018310547,290754,False
2024-09-27 10:40:00-04:00,228.82000732421875,228.89990234375,228.5500030517578,228.57200622558597,228.57200622558597,249188,False
2024-09-27 10:45:00-04:00,228.57310485839844,228.92579650878903,228.55999755859372,228.88999938964844,228.88999938964844,260232,False
2024-09-27 10:50:00-04:00,228.91000366210935,229.07000732421875,228.69000244140625,228.8650054931641,228.8650054931641,283545,False
2024-09-27 10:55:00-04:00,228.8699951171875,228.8699951171875,228.6009979248047,228.63999938964844,228.63999938964844,246494,False
2024-09-27 11:00:00-04:00,228.63999938964844,228.63999938964844,228.5,228.55999755859372,228.55999755859372,230776,False
2024-09-27 11:05:00-04:00,228.2550048828125,228.3699951171875,228.0200042724609,228.19000244140625,228.19000244140625,476155,False
2024-09-27 11:10:00-04:00,228.19000244140625,228.4199981689453,227.9373016357422,228.1629943847656,228.1629943847656,351089,False
2024-09-27 11:15:00-04:00,228.16000366210935,228.22000122070312,227.9499969482422,227.9949951171875,227.9949951171875,319892,False
2024-09-27 11:20:00-04:00,227.9900054931641,228.1300048828125,227.83999633789065,227.9600067138672,227.9600067138672,667400,False
2024-09-27 11:25:00-04:00,227.97999572753903,228.2400054931641,227.92999267578125,228.1300048828125,228.1300048828125,216985,False
2024-09-27 11:30:00-04:00,228.1199951171875,228.1199951171875,227.6699981689453,227.75999450683597,227.75999450683597,301155,True
2024-09-27 11:35:00-04:00,227.7700042724609,227.9900054931641,227.76499938964844,227.9600067138672,227.9600067138672,144572,False
2024-09-27 11:40:00-04:00,227.96499633789065,228.25,227.8699951171875,228.1100006103516,228.1100006103516,200882,False
2024-09-27 11:45:00-04:00,228.1300048828125,228.1699981689453,227.69000244140625,227.69000244140625,227.69000244140625,188922,False
2024-09-27 11:50:00-04:00,227.69769287109372,227.69769287109372,227.3000030517578,227.6000061035156,227.6000061035156,451440,False
2024-09-27 11:55:00-04:00,227.66000366210935,227.7120056152344,227.3699951171875,227.50999450683597,227.50999450683597,836318,False
2024-09-27 12:00:00-04:00,227.50999450683597,227.8699951171875,227.44000244140625,227.7949981689453,227.7949981689453,190567,False
2024-09-27 12:05:00-04:00,227.8000030517578,227.9499969482422,227.57000732421875,227.6000061035156,227.6000061035156,174039,False
2024-09-27 12:10:00-04:00,227.6163024902344,227.7400054931641,227.4499969482422,227.69000244140625,227.69000244140625,224538,False
2024-09-27 12:15:00-04:00,227.7001037597656,227.97000122070312,227.64309692382807,227.8699951171875,227.8699951171875,228569,False
2024-09-27 12:20:00-04:00,227.8699951171875,227.94000244140625,227.7700042724609,227.91000366210935,227.91000366210935,154802,False
2024-09-27 12:25:00-04:00,227.9199981689453,228.25,227.8699951171875,228.1499938964844,228.1499938964844,243554,False
2024-09-27 12:30:00-04:00,228.13999938964844,228.22000122070312,228.052001953125,228.16000366210935,228.16000366210935,126609,False
2024-09-27 12:35:00-04:00,228.1678924560547,228.33999633789065,228.1499938964844,228.2449951171875,228.2449951171875,151473,False
2024-09-27 12:40:00-04:00,228.2400054931641,228.3300018310547,228.17999267578125,228.30990600585935,228.30990600585935,137410,False
2024-09-27 12:45:00-04:00,228.2899932861328,228.3000030517578,228.1699981689453,228.2100067138672,228.2100067138672,118092,False
2024-09-27 12:50:00-04:00,228.2100067138672,228.25,228.0200042724609,228.0458068847656,228.0458068847656,144421,False
2024-09-27 12:55:00-04:00,228.05999755859372,228.3282928466797,228.0500030517578,228.32000732421875,228.32000732421875,182023,False
2024-09-27 13:00:00-04:00,228.33999633789065,228.6199951171875,228.3300018310547,228.5500030517578,228.5500030517578,283494,False
2024-09-27 13:05:00-04:00,228.50999450683597,228.5290069580078,228.17999267578125,228.21090698242188,228.21090698242188,156150,False
2024-09-27 13:10:00-04:00,228.2100067138672,228.2899932861328,228.01829528808597,228.0500030517578,228.0500030517578,174354,False
2024-09-27 13:15:00-04:00,228.06500244140625,228.16000366210935,227.9600067138672,227.9900054931641,227.9900054931641,141685,False
2024-09-27 13:20:00-04:00,227.9900054931641,228.139404296875,227.9199981689453,228.1100006103516,228.1100006103516,167836,False
2024-09-27 13:25:00-04:00,228.1100006103516,228.12710571289065,227.97999572753903,227.9949951171875,227.9949951171875,130662,False
2024-09-27 13:30:00-04:00,227.9900054931641,228.1486968994141,227.92999267578125,227.9850006103516,227.9850006103516,143198,False
2024-09-27 13:35:00-04:00,227.9886932373047,227.9900054931641,227.80999755859372,227.87579345703125,227.87579345703125,140212,False
2024-09-27 13:40:00-04:00,227.86599731445312,228.07000732421875,227.84860229492188,228.05499267578125,228.05499267578125,143336,False
2024-09-27 13:45:00-04:00,228.07000732421875,228.0800018310547,227.8800048828125,227.90499877929688,227.90499877929688,98948,False
2024-09-27 13:50:00-04:00,227.8999938964844,228.1439971923828,227.8999938964844,228.125,228.125,105607,False
2024-09-27 13:55:00-04:00,228.1199951171875,228.38409423828125,228.08999633789065,228.3650054931641,228.3650054931641,230896,False
2024-09-27 14:00:00-04:00,228.3600006103516,228.5200042724609,228.19000244140625,228.22999572753903,228.22999572753903,194305,False
2024-09-27 14:05:00-04:00,228.2449951171875,228.3249969482422,228.08999633789065,228.08999633789065,228.08999633789065,146363,False
2024-09-27 14:10:00-04:00,228.09750366210935,228.09750366210935,227.8999938964844,227.9521026611328,227.9521026611328,246386,False
2024-09-27 14:15:00-04:00,227.9499969482422,228.0399932861328,227.8500061035156,227.93499755859372,227.93499755859372,158817,False
2024-09-27 14:20:00-04:00,227.9499969482422,228.13999938964844,227.9499969482422,228.06500244140625,228.06500244140625,204310,False
2024-09-27 14:25:00-04:00,228.0749969482422,228.1100006103516,227.8300018310547,227.8950042724609,227.8950042724609,196318,False
2024-09-27 14:30:00-04:00,227.8999938964844,227.931396484375,227.52999877929688,227.7205047607422,227.7205047607422,246973,True
2024-09-27 14:35:00-04:00,227.72999572753903,227.82200622558597,227.57000732421875,227.75999450683597,227.75999450683597,186188,False
2024-09-27 14:40:00-04:00,227.75999450683597,227.88999938964844,227.6199951171875,227.8000030517578,227.8000030517578,188003,False
2024-09-27 14:45:00-04:00,227.7899932861328,228.08990478515625,227.7899932861328,228.0200042724609,228.0200042724609,187538,False
2024-09-27 14:50:00-04:00,228.01499938964844,228.0655059814453,227.9199981689453,227.97999572753903,227.97999572753903,119079,False
2024-09-27 14:55:00-04:00,227.9777069091797,228.19000244140625,227.9499969482422,228.10659790039065,228.10659790039065,157407,False
2024-09-27 15:00:00-04:00,228.1100006103516,228.1199951171875,227.8600006103516,228.0500030517578,228.0500030517578,153494,False
2024-09-27 15:05:00-04:00,228.0399932861328,228.1199951171875,227.88999938964844,227.9499969482422,227.9499969482422,149853,False
2024-09-27 15:10:00-04:00,227.9499969482422,228.07000732421875,227.8782958984375,227.93499755859372,227.93499755859372,192007,False
2024-09-27 15:15:00-04:00,227.92999267578125,228.1300048828125,227.91000366210935,227.9199981689453,227.9199981689453,200649,False
2024-09-27 15:20:00-04:00,227.93499755859372,228.0500030517578,227.77999877929688,227.84500122070312,227.84500122070312,181230,False
2024-09-27 15:25:00-04:00,227.83999633789065,227.8800048828125,227.66409301757807,227.80999755859372,227.80999755859372,202735,False
2024-09-27 15:30:00-04:00,227.82000732421875,227.8800048828125,227.67999267578125,227.82000732421875,227.82000732421875,220716,True
2024-09-27 15:35:00-04:00,227.82000732421875,227.8500061035156,227.72999572753903,227.7400054931641,227.7400054931641,201279,False
2024-09-27 15:40:00-04:00,227.72999572753903,227.74989318847656,227.5500030517578,227.69000244140625,227.69000244140625,278917,False
2024-09-27 15:45:00-04:00,227.69000244140625,227.7400054931641,227.5500030517578,227.5749969482422,227.5749969482422,257451,False
2024-09-27 15:50:00-04:00,227.55999755859372,227.93499755859372,227.55999755859372,227.72999572753903,227.72999572753903,470465,False
2024-09-27 15:55:00-04:00,227.92999267578125,228.0,227.7100067138672,227.82000732421875,227.82000732421875,2274326,False
2024-09-30 09:30:00-04:00,231.0,232.34120178222656,230.94000244140625,232.29200744628903,232.29200744628903,5018142,False
2024-09-30 09:35:00-04:00,232.2899932861328,232.30999755859372,231.56500244140625,232.11590576171875,232.11590576171875,1291722,False
2024-09-30 09:40:00-04:00,232.110107421875,232.1999969482422,231.5399932861328,231.5399932861328,231.5399932861328,803458,False
2024-09-30 09:45:00-04:00,231.55499267578125,231.8999938964844,231.2700042724609,231.6226959228516,231.6226959228516,661990,False
2024-09-30 09:50:00-04:00,231.6300048828125,231.6750030517578,231.0399932861328,231.33999633789065,231.33999633789065,616018,False
2024-09-30 09:55:00-04:00,231.3249969482422,231.6000061035156,230.72000122070312,230.9250030517578,230.9250030517578,518412,False
2024-09-30 10:00:00-04:00,230.9250030517578,231.3300018310547,230.9250030517578,231.1199951171875,231.1199951171875,492989,True
2024-09-30 10:05:00-04:00,231.1009063720703,231.19000244140625,230.5399932861328,230.82000732421875,230.82000732421875,449720,False
2024-09-30 10:10:00-04:00,230.83990478515625,230.83990478515625,230.5399932861328,230.6320037841797,230.6320037841797,426023,False
2024-09-30 10:15:00-04:00,230.63999938964844,230.77999877929688,230.30999755859372,230.5966033935547,230.5966033935547,454535,False
2024-09-30 10:20:00-04:00,230.58999633789065,230.73989868164065,230.41000366210935,230.5399932861328,230.5399932861328,350428,False
2024-09-30 10:25:00-04:00,230.5399932861328,231.0,230.3800048828125,230.97999572753903,230.97999572753903,704080,False
2024-09-30 10:30:00-04:00,230.97000122070312,231.2250061035156,230.75,231.2250061035156,231.2250061035156,535767,False
2024-09-30 10:35:00-04:00,231.1999969482422,231.5,231.0399932861328,231.11050415039065,231.11050415039065,433784,False
2024-09-30 10:40:00-04:00,231.1199951171875,231.3500061035156,231.01010131835935,231.0901031494141,231.0901031494141,247605,False
2024-09-30 10:45:00-04:00,231.1199951171875,231.59559631347656,231.10009765625,231.4600067138672,231.4600067138672,381482,False
2024-09-30 10:50:00-04:00,231.4600067138672,231.67999267578125,231.4208984375,231.55999755859372,231.55999755859372,348856,False
2024-09-30 10:55:00-04:00,231.5500030517578,231.75999450683597,231.52999877929688,231.6100006103516,231.6100006103516,298173,False
2024-09-30 11:00:00-04:00,231.5449981689453,231.72999572753903,231.51150512695312,231.7075958251953,231.7075958251953,334346,True
2024-09-30 11:05:00-04:00,231.7050018310547,231.91000366210935,231.3800048828125,231.4499969482422,231.4499969482422,510703,False
2024-09-30 11:10:00-04:00,231.46499633789065,231.82000732421875,231.44000244140625,231.7899932861328,231.7899932861328,287648,False
2024-09-30 11:15:00-04:00,231.7949981689453,231.87559509277344,231.55999755859372,231.5800018310547,231.5800018310547,313358,False
2024-09-30 11:20:00-04:00,231.57000732421875,231.72999572753903,231.5200042724609,231.7100067138672,231.7100067138672,215383,False
2024-09-30 11:25:00-04:00,231.71499633789065,232.0498962402344,231.7100067138672,231.8999938964844,231.8999938964844,682189,False
2024-09-30 11:30:00-04:00,232.0200042724609,232.15499877929688,231.8412933349609,231.91000366210935,231.91000366210935,443515,False
2024-09-30 11:35:00-04:00,231.9398956298828,232.17990112304688,231.83999633789065,231.9801025390625,231.9801025390625,339903,False
2024-09-30 11:40:00-04:00,231.9900054931641,232.07000732421875,231.8300018310547,232.0500030517578,232.0500030517578,321668,False
2024-09-30 11:45:00-04:00,232.0500030517578,232.22000122070312,231.94000244140625,232.19000244140625,232.19000244140625,277168,False
2024-09-30 11:50:00-04:00,232.17999267578125,232.42999267578125,232.0800018310547,232.2700042724609,232.2700042724609,436489,False
2024-09-30 11:55:00-04:00,232.28500366210935,232.3600006103516,232.1300048828125,232.25,232.25,260861,False
2024-09-30 12:00:00-04:00,232.25,232.41000366210935,232.13999938964844,232.3249969482422,232.3249969482422,282663,False
2024-09-30 12:05:00-04:00,232.3300018310547,232.50999450683597,232.3137969970703,232.42999267578125,232.42999267578125,403635,False
2024-09-30 12:10:00-04:00,232.4550018310547,232.5200042724609,232.17999267578125,232.3300018310547,232.3300018310547,393456,False
2024-09-30 12:15:00-04:00,232.3500061035156,232.4199066162109,232.25999450683597,232.30999755859372,232.30999755859372,201321,False
2024-09-30 12:20:00-04:00,232.30499267578125,232.53829956054688,232.1100006103516,232.13499450683597,232.13499450683597,414430,False
2024-09-30 12:25:00-04:00,232.139892578125,232.2698974609375,232.0800018310547,232.1199951171875,232.1199951171875,172828,False
2024-09-30 12:30:00-04:00,232.1199951171875,232.13999938964844,231.82000732421875,231.8999938964844,231.8999938964844,286359,False
2024-09-30 12:35:00-04:00,231.88999938964844,232.19309997558597,231.88999938964844,232.0998992919922,232.0998992919922,215705,False
2024-09-30 12:40:00-04:00,232.0850067138672,232.1699981689453,231.99200439453125,232.1100006103516,232.1100006103516,177071,False
2024-09-30 12:45:00-04:00,232.1000061035156,232.16000366210935,231.9499969482422,232.13999938964844,232.13999938964844,148328,False
2024-09-30 12:50:00-04:00,232.12879943847656,232.1999969482422,231.9600067138672,232.0,232.0,159011,False
2024-09-30 12:55:00-04:00,231.9949951171875,232.00999450683597,231.7400054931641,231.7877960205078,231.7877960205078,233660,False
2024-09-30 13:00:00-04:00,231.77999877929688,232.03990173339844,231.77999877929688,231.781005859375,231.781005859375,174230,False
2024-09-30 13:05:00-04:00,231.77999877929688,231.8699951171875,231.6499938964844,231.656494140625,231.656494140625,184995,False
2024-09-30 13:10:00-04:00,231.6499938964844,231.80810546875,231.38999938964844,231.4550018310547,231.4550018310547,375361,False
2024-09-30 13:15:00-04:00,231.4550018310547,231.7100067138672,231.30999755859372,231.66259765625,231.66259765625,201650,False
2024-09-30 13:20:00-04:00,231.6649932861328,231.9600067138672,231.625,231.8500061035156,231.8500061035156,197783,False
2024-09-30 13:25:00-04:00,231.85989379882807,231.92909240722656,231.63999938964844,231.6450042724609,231.6450042724609,146613,False
2024-09-30 13:30:00-04:00,231.6499938964844,231.80999755859372,231.55999755859372,231.5850067138672,231.5850067138672,196262,False
2024-09-30 13:35:00-04:00,231.58990478515625,231.6499938964844,231.44500732421875,231.44500732421875,231.44500732421875,197325,False
2024-09-30 13:40:00-04:00,231.4600067138672,231.52999877929688,231.3202972412109,231.5,231.5,208986,False
2024-09-30 13:45:00-04:00,231.5,231.6499938964844,231.42999267578125,231.61419677734372,231.61419677734372,174499,False
2024-09-30 13:50:00-04:00,231.6199951171875,231.75999450683597,231.5500946044922,231.75,231.75,198639,False
2024-09-30 13:55:00-04:00,231.7550048828125,232.0,231.58999633789065,231.83999633789065,231.83999633789065,293888,False
2024-09-30 14:00:00-04:00,231.8249969482422,231.889892578125,231.63999938964844,231.6999969482422,231.6999969482422,171568,False
2024-09-30 14:05:00-04:00,231.6999969482422,231.7599029541016,231.5413055419922,231.72000122070312,231.72000122070312,190563,False
2024-09-30 14:10:00-04:00,231.6999969482422,231.72000122070312,231.44320678710935,231.50999450683597,231.50999450683597,260204,False
2024-09-30 14:15:00-04:00,231.5,231.55560302734372,231.0800018310547,231.0901031494141,231.0901031494141,318124,False
2024-09-30 14:20:00-04:00,231.08909606933597,231.1999969482422,230.5500030517578,230.8300018310547,230.8300018310547,536879,False
2024-09-30 14:25:00-04:00,230.83999633789065,231.1100006103516,230.63999938964844,231.00999450683597,231.00999450683597,358417,False
2024-09-30 14:30:00-04:00,231.0,231.4799041748047,230.77639770507807,231.3249969482422,231.3249969482422,324256,False
2024-09-30 14:35:00-04:00,231.3249969482422,231.7100067138672,231.25999450683597,231.6490020751953,231.6490020751953,315277,False
2024-09-30 14:40:00-04:00,231.66000366210935,231.80999755859372,231.5,231.8000946044922,231.8000946044922,280948,False
2024-09-30 14:45:00-04:00,231.82000732421875,231.91000366210935,231.6750030517578,231.7100067138672,231.7100067138672,273792,False
2024-09-30 14:50:00-04:00,231.7100067138672,231.8800048828125,231.57000732421875,231.8300018310547,231.8300018310547,230073,False
2024-09-30 14:55:00-04:00,231.81500244140625,231.8800048828125,231.7100067138672,231.7516021728516,231.7516021728516,162586,False
2024-09-30 15:00:00-04:00,231.7250061035156,231.7599029541016,231.4501037597656,231.6199951171875,231.6199951171875,274082,False
2024-09-30 15:05:00-04:00,231.625,231.8300018310547,231.4900054931641,231.6199951171875,231.6199951171875,370157,False
2024-09-30 15:10:00-04:00,231.6150054931641,231.6199951171875,231.32000732421875,231.4149932861328,231.4149932861328,273073,False
2024-09-30 15:15:00-04:00,231.4149932861328,231.4799041748047,231.3300018310547,231.34500122070312,231.34500122070312,266324,False
2024-09-30 15:20:00-04:00,231.3414001464844,231.41000366210935,231.17999267578125,231.2350006103516,231.2350006103516,325586,False
2024-09-30 15:25:00-04:00,231.22999572753903,231.30499267578125,231.0399932861328,231.22000122070312,231.22000122070312,289676,False
2024-09-30 15:30:00-04:00,231.2050018310547,231.34689331054688,231.16000366210935,231.23440551757807,231.23440551757807,315761,False
2024-09-30 15:35:00-04:00,231.2400054931641,231.33999633789065,231.1100006103516,231.28970336914065,231.28970336914065,360120,False
2024-09-30 15:40:00-04:00,231.28500366210935,231.42999267578125,231.17999267578125,231.38999938964844,231.38999938964844,456992,False
2024-09-30 15:45:00-04:00,231.38999938964844,231.67999267578125,231.32009887695312,231.4340057373047,231.4340057373047,601163,False
2024-09-30 15:50:00-04:00,231.42999267578125,232.47000122070312,231.42999267578125,232.19000244140625,232.19000244140625,2321975,False
2024-09-30 15:55:00-04:00,232.1999969482422,233.0,232.19000244140625,233.0,233.0,5021987,False
2024-10-01 09:30:00-04:00,228.5,228.7700042724609,227.25,227.6450042724609,227.6450042724609,6018177,False
2024-10-01 09:35:00-04:00,227.6100006103516,227.6699981689453,226.30999755859372,226.75999450683597,226.75999450683597,2130824,False
2024-10-01 09:40:00-04:00,226.7400054931641,226.92919921875,226.3999938964844,226.58999633789065,226.58999633789065,1194704,False
2024-10-01 09:45:00-04:00,226.80999755859372,226.90899658203125,226.1000061035156,226.1150054931641,226.1150054931641,1379218,False
2024-10-01 09:50:00-04:00,226.08999633789065,226.30999755859372,225.7700042724609,226.0099029541016,226.0099029541016,1287942,False
2024-10-01 09:55:00-04:00,226.0099029541016,226.1544952392578,225.6199951171875,226.125,226.125,1195642,False
2024-10-01 10:00:00-04:00,226.11480712890625,226.2899932861328,225.47999572753903,226.0050048828125,226.0050048828125,1191386,False
2024-10-01 10:05:00-04:00,225.9900054931641,226.2400054931641,225.4499969482422,225.4600067138672,225.4600067138672,952348,False
2024-10-01 10:10:00-04:00,225.1999969482422,225.65499877929688,225.1699981689453,225.3699951171875,225.3699951171875,998782,False
2024-10-01 10:15:00-04:00,225.3699951171875,225.3699951171875,224.75,225.05870056152344,225.05870056152344,963127,False
2024-10-01 10:20:00-04:00,225.0500030517578,225.3300018310547,224.97999572753903,225.1100006103516,225.1100006103516,794523,False
2024-10-01 10:25:00-04:00,225.25,225.2700042724609,224.66000366210935,224.9600067138672,224.9600067138672,679186,False
2024-10-01 10:30:00-04:00,224.6999969482422,225.01559448242188,224.5399932861328,224.76390075683597,224.76390075683597,576380,True
2024-10-01 10:35:00-04:00,224.72000122070312,225.0,224.63999938964844,224.92999267578125,224.92999267578125,592231,False
2024-10-01 10:40:00-04:00,224.92999267578125,225.47000122070312,224.8999938964844,225.2100067138672,225.2100067138672,776313,False
2024-10-01 10:45:00-04:00,225.2350006103516,225.32000732421875,224.9900054931641,225.01499938964844,225.01499938964844,504015,False
2024-10-01 10:50:00-04:00,224.94000244140625,225.1100006103516,224.8600006103516,225.03399658203125,225.03399658203125,437132,False
2024-10-01 10:55:00-04:00,225.0500030517578,225.3800048828125,225.02999877929688,225.32000732421875,225.32000732421875,445082,False
2024-10-01 11:00:00-04:00,225.1407928466797,225.1407928466797,224.860107421875,224.889892578125,224.889892578125,437570,False
2024-10-01 11:05:00-04:00,224.8249969482422,224.92999267578125,224.58999633789065,224.63999938964844,224.63999938964844,602841,False
2024-10-01 11:10:00-04:00,224.6300048828125,224.88999938964844,224.5200042724609,224.7899932861328,224.7899932861328,451839,False
2024-10-01 11:15:00-04:00,224.78500366210935,224.9600067138672,224.68359375,224.7100982666016,224.7100982666016,402294,False
2024-10-01 11:20:00-04:00,224.72999572753903,224.97799682617188,224.681396484375,224.94000244140625,224.94000244140625,1452914,False
2024-10-01 11:25:00-04:00,224.9499969482422,225.5,224.8699951171875,225.4750061035156,225.4750061035156,559939,False
2024-10-01 11:30:00-04:00,225.47000122070312,225.5,225.0500030517578,225.46319580078125,225.46319580078125,385088,False
2024-10-01 11:35:00-04:00,225.4550018310547,225.6199951171875,225.22999572753903,225.5885009765625,225.5885009765625,477944,False
2024-10-01 11:40:00-04:00,225.5850067138672,225.94000244140625,225.50999450683597,225.69009399414065,225.69009399414065,548737,False
2024-10-01 11:45:00-04:00,225.69000244140625,225.69000244140625,225.27999877929688,225.4750061035156,225.4750061035156,375097,False
2024-10-01 11:50:00-04:00,225.47999572753903,225.7700042724609,225.47999572753903,225.58990478515625,225.58990478515625,283203,False
2024-10-01 11:55:00-04:00,225.60499572753903,225.6699981689453,225.2100067138672,225.22000122070312,225.22000122070312,349591,False
2024-10-01 12:00:00-04:00,225.2100067138672,225.53990173339844,225.0749969482422,225.4398956298828,225.4398956298828,321028,False
2024-10-01 12:05:00-04:00,225.44000244140625,225.6725006103516,225.4300994873047,225.63909912109372,225.63909912109372,333009,False
2024-10-01 12:10:00-04:00,225.6199951171875,225.82000732421875,225.19000244140625,225.2899932861328,225.2899932861328,319234,False
2024-10-01 12:15:00-04:00,225.30999755859372,225.5117034912109,225.25689697265625,225.4600067138672,225.4600067138672,253559,False
2024-10-01 12:20:00-04:00,225.4586944580078,225.65139770507807,225.41000366210935,225.4243927001953,225.4243927001953,326919,False
2024-10-01 12:25:00-04:00,225.44000244140625,225.52999877929688,225.2050018310547,225.31300354003903,225.31300354003903,1262853,False
2024-10-01 12:30:00-04:00,225.3000030517578,225.3950042724609,224.7700042724609,225.0749969482422,225.0749969482422,501489,False
2024-10-01 12:35:00-04:00,225.05499267578125,225.2100067138672,224.6499938964844,224.72999572753903,224.72999572753903,388867,False
2024-10-01 12:40:00-04:00,224.72999572753903,224.92999267578125,224.42999267578125,224.5189971923828,224.5189971923828,379974,False
2024-10-01 12:45:00-04:00,224.5395050048828,224.6000061035156,224.26780700683597,224.44000244140625,224.44000244140625,385973,False
2024-10-01 12:50:00-04:00,224.4414978027344,224.9600067138672,224.42999267578125,224.7801055908203,224.7801055908203,394275,False
2024-10-01 12:55:00-04:00,224.8000030517578,225.0,224.5301055908203,224.75,224.75,326437,False
2024-10-01 13:00:00-04:00,224.75999450683597,224.7700042724609,224.6100006103516,224.6313018798828,224.6313018798828,289007,False
2024-10-01 13:05:00-04:00,224.63999938964844,224.66000366210935,224.2100067138672,224.3000030517578,224.3000030517578,313211,False
2024-10-01 13:10:00-04:00,224.30389404296875,224.6000061035156,224.2100067138672,224.22999572753903,224.22999572753903,299544,False
2024-10-01 13:15:00-04:00,224.2350006103516,224.2400054931641,223.9378967285156,224.00999450683597,224.00999450683597,558935,False
2024-10-01 13:20:00-04:00,224.01499938964844,224.1999969482422,223.9600067138672,224.0249938964844,224.0249938964844,352616,False
2024-10-01 13:25:00-04:00,224.02999877929688,224.02999877929688,223.7400054931641,223.92999267578125,223.92999267578125,438729,False
2024-10-01 13:30:00-04:00,223.92999267578125,224.6150054931641,223.83999633789065,224.5200042724609,224.5200042724609,558291,True
2024-10-01 13:35:00-04:00,224.4900054931641,224.5,224.22000122070312,224.32000732421875,224.32000732421875,285786,False
2024-10-01 13:40:00-04:00,224.3000030517578,224.63999938964844,224.25999450683597,224.54010009765625,224.54010009765625,320949,False
2024-10-01 13:45:00-04:00,224.5500030517578,224.66000366210935,224.3600006103516,224.41000366210935,224.41000366210935,294227,False
2024-10-01 13:50:00-04:00,224.38999938964844,224.6499938964844,224.3800048828125,224.6199951171875,224.6199951171875,255469,False
2024-10-01 13:55:00-04:00,224.6199951171875,225.16000366210935,224.6199951171875,225.1300048828125,225.1300048828125,521589,False
2024-10-01 14:00:00-04:00,225.1199951171875,225.42999267578125,225.06260681152344,225.1999969482422,225.1999969482422,426927,False
2024-10-01 14:05:00-04:00,225.19000244140625,225.3600006103516,225.1100006103516,225.2899932861328,225.2899932861328,313073,False
2024-10-01 14:10:00-04:00,225.2801055908203,225.57989501953125,225.1999969482422,225.4499969482422,225.4499969482422,301431,False
2024-10-01 14:15:00-04:00,225.4199981689453,225.63999938964844,225.3699951171875,225.47999572753903,225.47999572753903,340489,False
2024-10-01 14:20:00-04:00,225.48989868164065,225.5717010498047,225.17999267578125,225.3000030517578,225.3000030517578,283455,False
2024-10-01 14:25:00-04:00,225.3000030517578,225.48199462890625,225.2400054931641,225.4600067138672,225.4600067138672,214261,False
2024-10-01 14:30:00-04:00,225.44000244140625,225.7350006103516,225.41000366210935,225.5,225.5,324933,True
2024-10-01 14:35:00-04:00,225.5198974609375,225.5800018310547,225.2460021972656,225.5399932861328,225.5399932861328,284945,False
2024-10-01 14:40:00-04:00,225.5475006103516,225.6000061035156,225.29379272460935,225.46499633789065,225.46499633789065,347251,False
2024-10-01 14:45:00-04:00,225.4600982666016,225.56500244140625,225.3699951171875,225.44000244140625,225.44000244140625,228791,False
2024-10-01 14:50:00-04:00,225.44000244140625,225.6000061035156,225.3300018310547,225.44000244140625,225.44000244140625,313172,False
2024-10-01 14:55:00-04:00,225.44760131835935,225.6300048828125,225.41000366210935,225.60400390625,225.60400390625,320141,False
2024-10-01 15:00:00-04:00,225.6000061035156,225.66000366210935,225.51499938964844,225.6300048828125,225.6300048828125,231177,False
2024-10-01 15:05:00-04:00,225.6300048828125,225.9199981689453,225.57000732421875,225.8249053955078,225.8249053955078,360516,False
2024-10-01 15:10:00-04:00,225.82000732421875,225.8800048828125,225.7400054931641,225.8401031494141,225.8401031494141,292500,False
2024-10-01 15:15:00-04:00,225.84500122070312,226.0,225.75,225.97000122070312,225.97000122070312,440600,False
2024-10-01 15:20:00-04:00,225.97999572753903,226.1699981689453,225.91000366210935,226.05999755859372,226.05999755859372,546906,False
2024-10-01 15:25:00-04:00,226.07000732421875,226.1884002685547,226.02999877929688,226.1501007080078,226.1501007080078,511443,False
2024-10-01 15:30:00-04:00,226.1499938964844,226.22999572753903,226.0500030517578,226.1300048828125,226.1300048828125,460148,False
2024-10-01 15:35:00-04:00,226.13999938964844,226.2245941162109,225.92999267578125,226.02999877929688,226.02999877929688,623151,False
2024-10-01 15:40:00-04:00,226.02999877929688,226.33999633789065,226.02999877929688,226.1750030517578,226.1750030517578,624346,False
2024-10-01 15:45:00-04:00,226.17999267578125,226.25,225.87570190429688,225.94610595703125,225.94610595703125,498146,False
2024-10-01 15:50:00-04:00,225.9600067138672,226.30999755859372,225.88999938964844,225.9199981689453,225.9199981689453,837441,False
2024-10-01 15:55:00-04:00,225.92999267578125,226.2899932861328,225.8800048828125,226.25999450683597,226.25999450683597,2000874,False
2024-10-02 09:30:00-04:00,225.88999938964844,226.1100006103516,224.5,224.56500244140625,224.56500244140625,2063932,False
2024-10-02 09:35:00-04:00,224.5500030517578,224.6999969482422,223.8500061035156,224.2350006103516,224.2350006103516,1226793,False
2024-10-02 09:40:00-04:00,224.22000122070312,224.27999877929688,223.6300048828125,223.6501007080078,223.6501007080078,727602,False
2024-10-02 09:45:00-04:00,223.6499938964844,224.6199951171875,223.5500030517578,224.4499969482422,224.4499969482422,873827,False
2024-10-02 09:50:00-04:00,224.45199584960935,224.5200042724609,223.41000366210935,223.4499969482422,223.4499969482422,629397,False
2024-10-02 09:55:00-04:00,223.4550018310547,223.59800720214844,223.2100067138672,223.3600006103516,223.3600006103516,898081,False
2024-10-02 10:00:00-04:00,223.375,224.33999633789065,223.02999877929688,224.3000030517578,224.3000030517578,782030,True
2024-10-02 10:05:00-04:00,224.3350067138672,224.3999938964844,223.9900054931641,224.29640197753903,224.29640197753903,459621,False
2024-10-02 10:10:00-04:00,224.2801055908203,224.69000244140625,224.2801055908203,224.57000732421875,224.57000732421875,545526,False
2024-10-02 10:15:00-04:00,224.55999755859372,224.98399353027344,224.5,224.9080047607422,224.9080047607422,418350,False
2024-10-02 10:20:00-04:00,224.91000366210935,225.0,224.5500030517578,224.74009704589844,224.74009704589844,364502,False
2024-10-02 10:25:00-04:00,224.75999450683597,225.4199981689453,224.7400054931641,225.4199981689453,225.4199981689453,395515,False
2024-10-02 10:30:00-04:00,225.3999938964844,225.7400054931641,225.2700042724609,225.55999755859372,225.55999755859372,417516,False
2024-10-02 10:35:00-04:00,225.55499267578125,225.97000122070312,225.50050354003903,225.94500732421875,225.94500732421875,372191,False
2024-10-02 10:40:00-04:00,225.9405059814453,226.1699981689453,225.8773956298828,225.91400146484372,225.91400146484372,493638,False
2024-10-02 10:45:00-04:00,225.889892578125,226.38999938964844,225.8300018310547,226.3300018310547,226.3300018310547,467459,False
2024-10-02 10:50:00-04:00,226.3300018310547,226.3726043701172,225.6699981689453,225.77999877929688,225.77999877929688,506590,False
2024-10-02 10:55:00-04:00,225.77999877929688,226.0800018310547,225.72000122070312,226.0800018310547,226.0800018310547,431116,False
2024-10-02 11:00:00-04:00,226.0850067138672,226.32000732421875,225.91000366210935,226.2400054931641,226.2400054931641,401162,True
2024-10-02 11:05:00-04:00,226.2550048828125,226.33999633789065,225.94000244140625,226.2700042724609,226.2700042724609,293045,False
2024-10-02 11:10:00-04:00,226.28399658203125,226.3500061035156,226.0800018310547,226.1300048828125,226.1300048828125,217070,False
2024-10-02 11:15:00-04:00,226.33999633789065,226.6000061035156,226.2899932861328,226.57000732421875,226.57000732421875,451963,False
2024-10-02 11:20:00-04:00,226.56919860839844,226.5800018310547,226.1499938964844,226.2350006103516,226.2350006103516,302808,False
2024-10-02 11:25:00-04:00,226.2201995849609,226.25999450683597,226.0,226.2050018310547,226.2050018310547,232087,False
2024-10-02 11:30:00-04:00,226.22000122070312,226.67999267578125,226.1649932861328,226.6499938964844,226.6499938964844,509592,False
2024-10-02 11:35:00-04:00,226.64990234375,226.8500061035156,226.5800018310547,226.6499938964844,226.6499938964844,426834,False
2024-10-02 11:40:00-04:00,226.67999267578125,227.0500030517578,226.6000061035156,227.0399932861328,227.0399932861328,602645,False
2024-10-02 11:45:00-04:00,227.0399932861328,227.0399932861328,226.6499938964844,226.80999755859372,226.80999755859372,246446,False
2024-10-02 11:50:00-04:00,226.80499267578125,226.9499053955078,226.7700958251953,226.7899932861328,226.7899932861328,191296,False
2024-10-02 11:55:00-04:00,226.7911071777344,226.8500061035156,226.55499267578125,226.83999633789065,226.83999633789065,299051,False
2024-10-02 12:00:00-04:00,226.8500061035156,226.94000244140625,226.75999450683597,226.8300018310547,226.8300018310547,179396,True
2024-10-02 12:05:00-04:00,226.8300018310547,226.8999938964844,226.6499938964844,226.73019409179688,226.73019409179688,197292,False
2024-10-02 12:10:00-04:00,226.75,226.9199981689453,226.74009704589844,226.82000732421875,226.82000732421875,178340,False
2024-10-02 12:15:00-04:00,226.8300018310547,226.9499969482422,226.77999877929688,226.8000030517578,226.8000030517578,179437,False
2024-10-02 12:20:00-04:00,226.8000030517578,226.94000244140625,226.66000366210935,226.8916015625,226.8916015625,740801,False
2024-10-02 12:25:00-04:00,226.8999938964844,227.0,226.83999633789065,226.95199584960935,226.95199584960935,203582,False
2024-10-02 12:30:00-04:00,226.9499969482422,226.9499969482422,226.7100067138672,226.75,226.75,199029,False
2024-10-02 12:35:00-04:00,226.75,226.8800048828125,226.6699981689453,226.8699951171875,226.8699951171875,171463,False
2024-10-02 12:40:00-04:00,226.87989807128903,226.8939971923828,226.75999450683597,226.80999755859372,226.80999755859372,183400,False
2024-10-02 12:45:00-04:00,226.81500244140625,226.9499969482422,226.7250061035156,226.8600006103516,226.8600006103516,150285,False
2024-10-02 12:50:00-04:00,226.8650054931641,226.97999572753903,226.8101043701172,226.9199981689453,226.9199981689453,125880,False
2024-10-02 12:55:00-04:00,226.92999267578125,227.02999877929688,226.6199951171875,226.63499450683597,226.63499450683597,293542,False
2024-10-02 13:00:00-04:00,226.6300048828125,226.9600067138672,226.58999633789065,226.9550018310547,226.9550018310547,171906,True
2024-10-02 13:05:00-04:00,226.9499969482422,227.03939819335935,226.7899932861328,226.9250030517578,226.9250030517578,208513,False
2024-10-02 13:10:00-04:00,226.92999267578125,227.0200042724609,226.7100067138672,226.94000244140625,226.94000244140625,220605,False
2024-10-02 13:15:00-04:00,226.88999938964844,226.9199981689453,226.74400329589844,226.8600006103516,226.8600006103516,133314,False
2024-10-02 13:20:00-04:00,226.8600006103516,226.88499450683597,226.7404022216797,226.764404296875,226.764404296875,134792,False
2024-10-02 13:25:00-04:00,226.7700042724609,226.97999572753903,226.66000366210935,226.95989990234372,226.95989990234372,180299,False
2024-10-02 13:30:00-04:00,226.94000244140625,227.0200042724609,226.36990356445312,226.42999267578125,226.42999267578125,321773,False
2024-10-02 13:35:00-04:00,226.4199066162109,226.8498992919922,226.3500061035156,226.8000030517578,226.8000030517578,241672,False
2024-10-02 13:40:00-04:00,226.8000030517578,226.8500061035156,226.5800018310547,226.69000244140625,226.69000244140625,169804,False
2024-10-02 13:45:00-04:00,226.67999267578125,227.07000732421875,226.6699981689453,227.0399932861328,227.0399932861328,219066,False
2024-10-02 13:50:00-04:00,227.0301971435547,227.13999938964844,227.0,227.08380126953125,227.08380126953125,168251,False
2024-10-02 13:55:00-04:00,227.08999633789065,227.1300048828125,227.0200042724609,227.11599731445312,227.11599731445312,166617,False
2024-10-02 14:00:00-04:00,227.1100006103516,227.17999267578125,227.02999877929688,227.0800018310547,227.0800018310547,181419,False
2024-10-02 14:05:00-04:00,227.08999633789065,227.1300048828125,227.0166015625,227.08999633789065,227.08999633789065,180920,False
2024-10-02 14:10:00-04:00,227.0800018310547,227.1499938964844,227.0500030517578,227.07400512695312,227.07400512695312,180079,False
2024-10-02 14:15:00-04:00,227.0749969482422,227.125,227.0500030517578,227.08999633789065,227.08999633789065,157912,False
2024-10-02 14:20:00-04:00,227.10499572753903,227.139892578125,226.9199981689453,226.94000244140625,226.94000244140625,185699,False
2024-10-02 14:25:00-04:00,226.95249938964844,227.0500030517578,226.4600067138672,226.82000732421875,226.82000732421875,245123,False
2024-10-02 14:30:00-04:00,226.8000030517578,226.9199981689453,226.6499938964844,226.8800048828125,226.8800048828125,151585,False
2024-10-02 14:35:00-04:00,226.8699951171875,226.9199981689453,226.7400054931641,226.78500366210935,226.78500366210935,125856,False
2024-10-02 14:40:00-04:00,226.7899932861328,226.9199981689453,226.77999877929688,226.8300018310547,226.8300018310547,142156,False
2024-10-02 14:45:00-04:00,226.8300018310547,226.94000244140625,226.7700042724609,226.8999938964844,226.8999938964844,189567,False
2024-10-02 14:50:00-04:00,226.9199981689453,226.97000122070312,226.8300018310547,226.9228973388672,226.9228973388672,134851,False
2024-10-02 14:55:00-04:00,226.92999267578125,226.9600067138672,226.84030151367188,226.8999938964844,226.8999938964844,151604,False
2024-10-02 15:00:00-04:00,226.8999938964844,227.0500946044922,226.8600006103516,227.0399932861328,227.0399932861328,188126,False
2024-10-02 15:05:00-04:00,227.02999877929688,227.08999633789065,226.97000122070312,227.04800415039065,227.04800415039065,172823,False
2024-10-02 15:10:00-04:00,227.05999755859372,227.1300048828125,227.00070190429688,227.10499572753903,227.10499572753903,200172,False
2024-10-02 15:15:00-04:00,227.10499572753903,227.22000122070312,227.03500366210935,227.1699981689453,227.1699981689453,225494,False
2024-10-02 15:20:00-04:00,227.1699981689453,227.2698974609375,227.16000366210935,227.22999572753903,227.22999572753903,192602,False
2024-10-02 15:25:00-04:00,227.22000122070312,227.3300018310547,227.2001037597656,227.2400054931641,227.2400054931641,230520,False
2024-10-02 15:30:00-04:00,227.2250061035156,227.25999450683597,227.07000732421875,227.1150054931641,227.1150054931641,262150,False
2024-10-02 15:35:00-04:00,227.1199951171875,227.2700042724609,227.1199951171875,227.2400054931641,227.2400054931641,229817,False
2024-10-02 15:40:00-04:00,227.2418975830078,227.3300018310547,227.12109375,227.2519989013672,227.2519989013672,271180,False
2024-10-02 15:45:00-04:00,227.25,227.3699951171875,227.18499755859372,227.2400054931641,227.2400054931641,365475,False
2024-10-02 15:50:00-04:00,227.22000122070312,227.3000030517578,226.8907928466797,227.02999877929688,227.02999877929688,518513,False
2024-10-02 15:55:00-04:00,227.0200042724609,227.0749969482422,226.69009399414065,226.80999755859372,226.80999755859372,1146848,False
2024-10-03 09:30:00-04:00,225.2400054931641,225.8300018310547,224.88999938964844,225.7050018310547,225.7050018310547,1447185,False
2024-10-03 09:35:00-04:00,225.72999572753903,226.41000366210935,225.72000122070312,226.20599365234372,226.20599365234372,499887,False
2024-10-03 09:40:00-04:00,226.1499938964844,226.4900054931641,225.9550018310547,225.97999572753903,225.97999572753903,435341,False
2024-10-03 09:45:00-04:00,225.97999572753903,226.2700042724609,225.57009887695312,226.1100006103516,226.1100006103516,560358,False
2024-10-03 09:50:00-04:00,226.0800018310547,226.3999938964844,226.00999450683597,226.2530059814453,226.2530059814453,295248,False
2024-10-03 09:55:00-04:00,226.2700042724609,226.6999969482422,226.22000122070312,226.30499267578125,226.30499267578125,417843,False
2024-10-03 10:00:00-04:00,226.30999755859372,226.8000030517578,226.25,226.5249938964844,226.5249938964844,492499,False
2024-10-03 10:05:00-04:00,226.5301055908203,226.66700744628903,226.1800994873047,226.38999938964844,226.38999938964844,347591,False
2024-10-03 10:10:00-04:00,226.3999938964844,226.45970153808597,225.2100982666016,225.67999267578125,225.67999267578125,474496,False
2024-10-03 10:15:00-04:00,225.7050018310547,225.88499450683597,225.3101043701172,225.5,225.5,374738,False
2024-10-03 10:20:00-04:00,225.4900054931641,225.4900054931641,224.72000122070312,225.05999755859372,225.05999755859372,609660,False
2024-10-03 10:25:00-04:00,225.0399932861328,225.10499572753903,224.82000732421875,224.8350067138672,224.8350067138672,265835,False
2024-10-03 10:30:00-04:00,224.80999755859372,225.50999450683597,224.6199951171875,225.47000122070312,225.47000122070312,513550,False
2024-10-03 10:35:00-04:00,225.4600067138672,225.52999877929688,225.1699981689453,225.2700042724609,225.2700042724609,260260,False
2024-10-03 10:40:00-04:00,225.2700042724609,225.4600067138672,224.52999877929688,224.6499938964844,224.6499938964844,426844,False
2024-10-03 10:45:00-04:00,224.6479949951172,225.0500030517578,224.3999938964844,224.7227935791016,224.7227935791016,526310,False
2024-10-03 10:50:00-04:00,224.75,225.2700042724609,224.6750030517578,225.1157989501953,225.1157989501953,384487,False
2024-10-03 10:55:00-04:00,225.10499572753903,225.10499572753903,224.26499938964844,224.32000732421875,224.32000732421875,358386,False
2024-10-03 11:00:00-04:00,224.3663024902344,224.6499938964844,224.32000732421875,224.3600006103516,224.3600006103516,358837,False
2024-10-03 11:05:00-04:00,224.3500061035156,224.6499938964844,224.30160522460935,224.63999938964844,224.63999938964844,287949,False
2024-10-03 11:10:00-04:00,224.6300048828125,224.6313934326172,224.42759704589844,224.47999572753903,224.47999572753903,177346,False
2024-10-03 11:15:00-04:00,224.6699981689453,224.7698974609375,224.5207061767578,224.5399932861328,224.5399932861328,330101,False
2024-10-03 11:20:00-04:00,224.64990234375,225.0050048828125,224.6000061035156,224.9149932861328,224.9149932861328,279225,False
2024-10-03 11:25:00-04:00,224.9199981689453,224.97000122070312,224.57000732421875,224.87420654296875,224.87420654296875,246781,False
2024-10-03 11:30:00-04:00,224.88839721679688,225.04010009765625,224.8300018310547,225.0200042724609,225.0200042724609,299236,False
2024-10-03 11:35:00-04:00,225.0200042724609,225.0500030517578,224.94000244140625,225.0,225.0,240102,False
2024-10-03 11:40:00-04:00,225.0099029541016,225.2261962890625,224.9550018310547,225.1300048828125,225.1300048828125,258567,False
2024-10-03 11:45:00-04:00,225.17999267578125,225.24929809570312,225.04010009765625,225.05999755859372,225.05999755859372,243045,False
2024-10-03 11:50:00-04:00,225.05499267578125,225.25,225.0399932861328,225.1199951171875,225.1199951171875,197718,False
2024-10-03 11:55:00-04:00,225.1199951171875,225.1999969482422,225.00999450683597,225.13499450683597,225.13499450683597,159201,False
2024-10-03 12:00:00-04:00,225.14720153808597,225.22999572753903,225.02330017089844,225.02330017089844,225.02330017089844,168584,False
2024-10-03 12:05:00-04:00,225.0200042724609,225.34210205078125,225.00999450683597,225.25,225.25,1138974,False
2024-10-03 12:10:00-04:00,225.2449951171875,225.3699951171875,225.1815948486328,225.25999450683597,225.25999450683597,140688,False
2024-10-03 12:15:00-04:00,225.26010131835935,225.2698974609375,224.96310424804688,225.1100006103516,225.1100006103516,151783,False
2024-10-03 12:20:00-04:00,225.0850067138672,225.22000122070312,225.0200042724609,225.13009643554688,225.13009643554688,156806,False
2024-10-03 12:25:00-04:00,225.1300048828125,225.2700042724609,225.0711975097656,225.0711975097656,225.0711975097656,125351,False
2024-10-03 12:30:00-04:00,225.08999633789065,225.09629821777344,224.58999633789065,224.74110412597656,224.74110412597656,267736,False
2024-10-03 12:35:00-04:00,224.75999450683597,224.8600006103516,224.69000244140625,224.75999450683597,224.75999450683597,169587,False
2024-10-03 12:40:00-04:00,224.76499938964844,224.7740020751953,224.2259979248047,224.47999572753903,224.47999572753903,329476,False
2024-10-03 12:45:00-04:00,224.44000244140625,224.4499969482422,223.8800048828125,224.0,224.0,317786,False
2024-10-03 12:50:00-04:00,224.00010681152344,224.00010681152344,223.63999938964844,223.72000122070312,223.72000122070312,393430,False
2024-10-03 12:55:00-04:00,223.72000122070312,224.05999755859372,223.71499633789065,223.82000732421875,223.82000732421875,333850,False
2024-10-03 13:00:00-04:00,223.7899932861328,223.81350708007807,223.3238983154297,223.42999267578125,223.42999267578125,330007,False
2024-10-03 13:05:00-04:00,223.42999267578125,223.8500061035156,223.3699951171875,223.72000122070312,223.72000122070312,256161,False
2024-10-03 13:10:00-04:00,223.72000122070312,223.97999572753903,223.6000061035156,223.75,223.75,262692,False
2024-10-03 13:15:00-04:00,223.7176971435547,223.8199005126953,223.6000061035156,223.7449951171875,223.7449951171875,202865,False
2024-10-03 13:20:00-04:00,223.74139404296875,224.13999938964844,223.67999267578125,223.92999267578125,223.92999267578125,283710,False
2024-10-03 13:25:00-04:00,223.92999267578125,224.27999877929688,223.75,223.8350067138672,223.8350067138672,344900,False
2024-10-03 13:30:00-04:00,223.83999633789065,224.32000732421875,223.7949981689453,224.2400054931641,224.2400054931641,198524,False
2024-10-03 13:35:00-04:00,224.25999450683597,224.2899932861328,224.0500030517578,224.0699005126953,224.0699005126953,129442,False
2024-10-03 13:40:00-04:00,224.0500030517578,224.1999969482422,223.82000732421875,224.1699981689453,224.1699981689453,186322,False
2024-10-03 13:45:00-04:00,224.17999267578125,224.27999877929688,224.0200042724609,224.05499267578125,224.05499267578125,154807,False
2024-10-03 13:50:00-04:00,224.0399932861328,224.2400054931641,224.0,224.17909240722656,224.17909240722656,124106,False
2024-10-03 13:55:00-04:00,224.2198944091797,224.33999633789065,224.1750030517578,224.3000030517578,224.3000030517578,147715,False
2024-10-03 14:00:00-04:00,224.3000030517578,224.40989685058597,224.13999938964844,224.2100067138672,224.2100067138672,177334,False
2024-10-03 14:05:00-04:00,224.2100067138672,224.3800048828125,224.16000366210935,224.1699981689453,224.1699981689453,142922,False
2024-10-03 14:10:00-04:00,224.1699981689453,224.2400054931641,224.0,224.0500030517578,224.0500030517578,142036,False
2024-10-03 14:15:00-04:00,224.07000732421875,224.1499938964844,224.00999450683597,224.1300048828125,224.1300048828125,150729,False
2024-10-03 14:20:00-04:00,224.1195068359375,224.1499938964844,223.7001037597656,223.88400268554688,223.88400268554688,222733,False
2024-10-03 14:25:00-04:00,223.88999938964844,224.05990600585935,223.8401031494141,223.8401031494141,223.8401031494141,134635,False
2024-10-03 14:30:00-04:00,223.8350067138672,223.9600067138672,223.76010131835935,223.91000366210935,223.91000366210935,143234,True
2024-10-03 14:35:00-04:00,223.9199981689453,224.0200042724609,223.8300018310547,224.0198974609375,224.0198974609375,123964,False
2024-10-03 14:40:00-04:00,224.02999877929688,224.0399932861328,223.83999633789065,223.85989379882807,223.85989379882807,169632,False
2024-10-03 14:45:00-04:00,223.8498992919922,223.9600067138672,223.7707061767578,223.7998962402344,223.7998962402344,132950,False
2024-10-03 14:50:00-04:00,223.80499267578125,223.91000366210935,223.6800994873047,223.7350006103516,223.7350006103516,201830,False
2024-10-03 14:55:00-04:00,223.7449951171875,223.88999938964844,223.61019897460935,223.6300048828125,223.6300048828125,200492,False
2024-10-03 15:00:00-04:00,223.6100006103516,223.6985015869141,223.50010681152344,223.6750030517578,223.6750030517578,207256,False
2024-10-03 15:05:00-04:00,223.6699981689453,223.71499633789065,223.57000732421875,223.6781005859375,223.6781005859375,237466,False
2024-10-03 15:10:00-04:00,223.6750030517578,223.69000244140625,223.5500030517578,223.60989379882807,223.60989379882807,226012,False
2024-10-03 15:15:00-04:00,223.60659790039065,223.72830200195312,223.55999755859372,223.69500732421875,223.69500732421875,162520,False
2024-10-03 15:20:00-04:00,223.69200134277344,223.8719940185547,223.67999267578125,223.8699951171875,223.8699951171875,306225,False
2024-10-03 15:25:00-04:00,223.8600006103516,223.88999938964844,223.5399932861328,223.6999969482422,223.6999969482422,269082,False
2024-10-03 15:30:00-04:00,223.7100067138672,223.9600067138672,223.66000366210935,223.9575042724609,223.9575042724609,271046,True
2024-10-03 15:35:00-04:00,223.9600982666016,224.0800018310547,223.87109375,224.05999755859372,224.05999755859372,274260,False
2024-10-03 15:40:00-04:00,224.0518951416016,224.08999633789065,223.8500061035156,224.0800018310547,224.0800018310547,482388,False
2024-10-03 15:45:00-04:00,224.076904296875,224.66000366210935,223.9949951171875,224.6439971923828,224.6439971923828,916519,False
2024-10-03 15:50:00-04:00,224.63999938964844,225.25,224.6199951171875,225.1499938964844,225.1499938964844,1300990,False
2024-10-03 15:55:00-04:00,225.1499938964844,225.83999633789065,225.1499938964844,225.6699981689453,225.6699981689453,2464536,False
2024-10-04 09:30:00-04:00,227.88999938964844,228.0,226.80999755859372,227.0399932861328,227.0399932861328,1861966,False
2024-10-04 09:35:00-04:00,227.07000732421875,227.22000122070312,225.8105010986328,226.0299072265625,226.0299072265625,858852,False
2024-10-04 09:40:00-04:00,226.02999877929688,226.2100067138672,225.6000061035156,225.97000122070312,225.97000122070312,813339,False
2024-10-04 09:45:00-04:00,225.9600982666016,226.2550048828125,225.9499969482422,226.1999969482422,226.1999969482422,543326,False
2024-10-04 09:50:00-04:00,226.21910095214844,226.2400054931641,225.5800018310547,225.6300048828125,225.6300048828125,522056,False
2024-10-04 09:55:00-04:00,225.6199951171875,225.75,225.05999755859372,225.1898956298828,225.1898956298828,726055,False
2024-10-04 10:00:00-04:00,225.13999938964844,225.6300048828125,224.9499969482422,225.5699005126953,225.5699005126953,594347,False
2024-10-04 10:05:00-04:00,225.57000732421875,225.58999633789065,224.77999877929688,224.8294982910156,224.8294982910156,450331,False
2024-10-04 10:10:00-04:00,224.82000732421875,225.1000061035156,224.6000061035156,224.88499450683597,224.88499450683597,541890,False
2024-10-04 10:15:00-04:00,224.8800048828125,225.3300018310547,224.6999969482422,225.22999572753903,225.22999572753903,468875,False
2024-10-04 10:20:00-04:00,225.22999572753903,225.2400054931641,224.60960388183597,224.7350006103516,224.7350006103516,484412,False
2024-10-04 10:25:00-04:00,224.72000122070312,224.8500061035156,224.3800048828125,224.510498046875,224.510498046875,473024,False
2024-10-04 10:30:00-04:00,224.4900054931641,224.89529418945312,224.13999938964844,224.6300048828125,224.6300048828125,676550,False
2024-10-04 10:35:00-04:00,224.6300048828125,225.0399932861328,224.60499572753903,224.88999938964844,224.88999938964844,370799,False
2024-10-04 10:40:00-04:00,224.88999938964844,225.34500122070312,224.8802947998047,225.3000030517578,225.3000030517578,327309,False
2024-10-04 10:45:00-04:00,225.30499267578125,225.33990478515625,224.83999633789065,225.19009399414065,225.19009399414065,341213,False
2024-10-04 10:50:00-04:00,225.17999267578125,225.5399932861328,224.8600006103516,225.1000061035156,225.1000061035156,408248,False
2024-10-04 10:55:00-04:00,225.09500122070312,225.256103515625,224.8211975097656,225.1087951660156,225.1087951660156,296235,False
2024-10-04 11:00:00-04:00,225.1000061035156,225.3350067138672,225.1000061035156,225.13499450683597,225.13499450683597,261342,True
2024-10-04 11:05:00-04:00,225.13999938964844,225.3000030517578,225.0800018310547,225.1000061035156,225.1000061035156,243459,False
2024-10-04 11:10:00-04:00,225.08999633789065,225.2100067138672,225.0200042724609,225.0301055908203,225.0301055908203,99349,False
2024-10-04 11:15:00-04:00,224.6820068359375,225.0200042724609,224.52999877929688,224.87570190429688,224.87570190429688,472279,False
2024-10-04 11:20:00-04:00,224.87869262695312,224.8999938964844,224.50259399414065,224.6199951171875,224.6199951171875,271493,False
2024-10-04 11:25:00-04:00,224.6199951171875,224.6499938964844,224.32000732421875,224.55999755859372,224.55999755859372,403624,False
2024-10-04 11:30:00-04:00,224.52999877929688,224.63800048828125,224.3249969482422,224.6000061035156,224.6000061035156,238408,False
2024-10-04 11:35:00-04:00,224.6000061035156,224.6699981689453,224.50999450683597,224.57000732421875,224.57000732421875,222085,False
2024-10-04 11:40:00-04:00,224.57000732421875,225.0399932861328,224.57000732421875,224.8699951171875,224.8699951171875,260600,False
2024-10-04 11:45:00-04:00,224.8500061035156,224.8800048828125,224.6199951171875,224.67999267578125,224.67999267578125,152896,False
2024-10-04 11:50:00-04:00,224.69000244140625,225.33839416503903,224.6800994873047,225.2523956298828,225.2523956298828,284134,False
2024-10-04 11:55:00-04:00,225.2700042724609,225.52609252929688,225.1999969482422,225.47000122070312,225.47000122070312,278074,False
2024-10-04 12:00:00-04:00,225.5500030517578,225.57000732421875,225.2700042724609,225.32000732421875,225.32000732421875,324908,False
2024-10-04 12:05:00-04:00,225.30029296875,225.3600006103516,224.83999633789065,224.8701019287109,224.8701019287109,247571,False
2024-10-04 12:10:00-04:00,224.8699951171875,225.0800018310547,224.8000030517578,224.8600006103516,224.8600006103516,688817,False
2024-10-04 12:15:00-04:00,224.8500061035156,225.0,224.77999877929688,225.0,225.0,134955,False
2024-10-04 12:20:00-04:00,225.0200042724609,225.02999877929688,224.84500122070312,224.8500061035156,224.8500061035156,129204,False
2024-10-04 12:25:00-04:00,224.85499572753903,224.9499969482422,224.69500732421875,224.9499969482422,224.9499969482422,168026,False
2024-10-04 12:30:00-04:00,224.9571075439453,225.0500030517578,224.8675994873047,224.9499969482422,224.9499969482422,138895,False
2024-10-04 12:35:00-04:00,224.97999572753903,225.47999572753903,224.97999572753903,225.3800048828125,225.3800048828125,254288,False
2024-10-04 12:40:00-04:00,225.3999938964844,225.47999572753903,225.24009704589844,225.38999938964844,225.38999938964844,254423,False
2024-10-04 12:45:00-04:00,225.3650054931641,225.47000122070312,225.11900329589844,225.23199462890625,225.23199462890625,210454,False
2024-10-04 12:50:00-04:00,225.2400054931641,225.2550048828125,224.94000244140625,224.97000122070312,224.97000122070312,185359,False
2024-10-04 12:55:00-04:00,224.97000122070312,225.19000244140625,224.9600067138672,225.13999938964844,225.13999938964844,132208,False
2024-10-04 13:00:00-04:00,225.1499938964844,225.25,225.02999877929688,225.13999938964844,225.13999938964844,115496,False
2024-10-04 13:05:00-04:00,225.1499938964844,225.17379760742188,225.0399932861328,225.07989501953125,225.07989501953125,92190,False
2024-10-04 13:10:00-04:00,225.0800018310547,225.3000030517578,225.0399932861328,225.26400756835935,225.26400756835935,140814,False
2024-10-04 13:15:00-04:00,225.25149536132807,225.37879943847656,225.2400054931641,225.37879943847656,225.37879943847656,176596,False
2024-10-04 13:20:00-04:00,225.3701019287109,225.40989685058597,225.2700042724609,225.3052978515625,225.3052978515625,121138,False
2024-10-04 13:25:00-04:00,225.3332061767578,225.34500122070312,225.10009765625,225.10009765625,225.10009765625,157004,False
2024-10-04 13:30:00-04:00,225.1199951171875,225.22999572753903,224.97999572753903,225.01119995117188,225.01119995117188,182862,False
2024-10-04 13:35:00-04:00,225.00999450683597,225.0500030517578,224.5500030517578,224.8500061035156,224.8500061035156,297328,False
2024-10-04 13:40:00-04:00,224.8500061035156,225.33999633789065,224.80999755859372,225.3300018310547,225.3300018310547,254271,False
2024-10-04 13:45:00-04:00,225.30999755859372,225.3500061035156,225.0399932861328,225.08990478515625,225.08990478515625,201081,False
2024-10-04 13:50:00-04:00,225.0800018310547,225.1790008544922,224.91000366210935,224.97999572753903,224.97999572753903,172201,False
2024-10-04 13:55:00-04:00,224.9900054931641,224.9900054931641,224.8258056640625,224.8800048828125,224.8800048828125,163730,False
2024-10-04 14:00:00-04:00,224.88999938964844,225.0,224.7250061035156,224.75,224.75,226162,True
2024-10-04 14:05:00-04:00,224.74400329589844,224.9199981689453,224.6999969482422,224.8699951171875,224.8699951171875,171263,False
2024-10-04 14:10:00-04:00,224.8650054931641,224.8699951171875,224.7400054931641,224.80999755859372,224.80999755859372,172580,False
2024-10-04 14:15:00-04:00,224.78500366210935,225.0299072265625,224.63999938964844,225.02020263671875,225.02020263671875,229737,False
2024-10-04 14:20:00-04:00,225.0200042724609,225.19000244140625,225.01010131835935,225.05999755859372,225.05999755859372,199334,False
2024-10-04 14:25:00-04:00,225.07000732421875,225.1150054931641,224.9499969482422,225.08999633789065,225.08999633789065,160402,False
2024-10-04 14:30:00-04:00,225.08999633789065,225.22000122070312,225.0399932861328,225.19000244140625,225.19000244140625,200666,False
2024-10-04 14:35:00-04:00,225.19000244140625,225.2350006103516,225.0800018310547,225.1748046875,225.1748046875,180299,False
2024-10-04 14:40:00-04:00,225.1820068359375,225.2899932861328,225.1510009765625,225.22999572753903,225.22999572753903,181831,False
2024-10-04 14:45:00-04:00,225.2400054931641,225.32000732421875,225.22000122070312,225.2949981689453,225.2949981689453,173328,False
2024-10-04 14:50:00-04:00,225.30499267578125,225.5,225.3000030517578,225.3699951171875,225.3699951171875,320543,False
2024-10-04 14:55:00-04:00,225.375,225.5399932861328,225.2899932861328,225.52999877929688,225.52999877929688,260404,False
2024-10-04 15:00:00-04:00,225.52999877929688,225.52999877929688,225.2899932861328,225.42999267578125,225.42999267578125,207660,False
2024-10-04 15:05:00-04:00,225.4199981689453,225.58920288085935,225.4199981689453,225.5419006347656,225.5419006347656,193455,False
2024-10-04 15:10:00-04:00,225.5449981689453,225.5850067138672,225.3101043701172,225.36099243164065,225.36099243164065,325852,False
2024-10-04 15:15:00-04:00,225.3600006103516,225.57000732421875,225.32000732421875,225.52999877929688,225.52999877929688,226996,False
2024-10-04 15:20:00-04:00,225.5500030517578,225.8600006103516,225.5500030517578,225.8199005126953,225.8199005126953,386871,False
2024-10-04 15:25:00-04:00,225.82000732421875,226.19000244140625,225.8000030517578,226.0901031494141,226.0901031494141,471038,False
2024-10-04 15:30:00-04:00,226.09500122070312,226.32020568847656,226.05999755859372,226.28379821777344,226.28379821777344,399209,False
2024-10-04 15:35:00-04:00,226.28700256347656,226.2953948974609,225.92999267578125,226.1300048828125,226.1300048828125,373308,False
2024-10-04 15:40:00-04:00,226.13999938964844,226.3600006103516,226.1000061035156,226.3600006103516,226.3600006103516,361022,False
2024-10-04 15:45:00-04:00,226.30999755859372,226.33999633789065,226.05999755859372,226.27999877929688,226.27999877929688,411571,False
2024-10-04 15:50:00-04:00,226.25999450683597,226.57000732421875,226.1300048828125,226.52999877929688,226.52999877929688,626870,False
2024-10-04 15:55:00-04:00,226.52999877929688,226.97999572753903,226.47000122070312,226.77999877929688,226.77999877929688,2619928,False
